Portfolio Name;Datum;Performance [%] (Intervall);Performance (Intervall);Performance [%] (kumuliert);Performance (kumuliert);Benchmark Performance [%] (Intervall);Risiko freier Zins
ESG Muster ausgewogen;30.09.2020;0;0;0;0;0;-0,00498000
ESG Muster ausgewogen;01.10.2020;0,0043813681;6.775,00;0,0043813681;6.775,00;0,000687729;-0,00498000
ESG Muster ausgewogen;02.10.2020;-0,0069394058;-10.777,57;-0,0025884419;-4.002,56;-0,001832997;-0,00505000
ESG Muster ausgewogen;03.10.2020;0,0000067777;10,45;-0,0025816818;-3.992,11;0;-0,00505000
ESG Muster ausgewogen;04.10.2020;0,0000067776;10,45;-0,0025749217;-3.981,66;0;-0,00505000
ESG Muster ausgewogen;05.10.2020;0,0056825773;8.764,46;0,0030930235;4.782,81;0,005526183;-0,00509000
ESG Muster ausgewogen;06.10.2020;-0,0054083310;-8.388,88;-0,0023320357;-3.606,08;-0,000886135;-0,00505000
ESG Muster ausgewogen;07.10.2020;0,0054420635;8.395,55;0,0030973367;4.789,48;0,003653536;-0,00508000
ESG Muster ausgewogen;08.10.2020;0,0022623226;3.509,11;0,0053666665;8.298,59;0,004984085;-0,00506000
ESG Muster ausgewogen;09.10.2020;0,0039931638;6.207,85;0,0093812603;14.506,44;0,001340258;-0,00509000
ESG Muster ausgewogen;10.10.2020;0,0000015798;2,47;0,0093828549;14.508,91;0;-0,00509000
ESG Muster ausgewogen;11.10.2020;0,0000015798;2,47;0,0093844494;14.511,37;0;-0,00509000
ESG Muster ausgewogen;12.10.2020;0,0092424803;14.425,96;0,0187136653;28.937,34;0,004505664;-0,00511000
ESG Muster ausgewogen;13.10.2020;0,0017986202;2.833,29;0,0205459444;31.770,63;-0,001683841;-0,00508000
ESG Muster ausgewogen;14.10.2020;-0,0017579741;-2.774,24;0,0187518510;28.996,39;-0,000878972;-0,00511000
ESG Muster ausgewogen;15.10.2020;-0,0065895285;-10.380,60;0,0120387566;18.615,79;-0,006155720;-0,00507000
ESG Muster ausgewogen;16.10.2020;0,0047924909;7.499,95;0,0168889432;26.115,73;0,003956603;-0,00509000
ESG Muster ausgewogen;17.10.2020;0,0000015681;2,47;0,0168905378;26.118,20;0;-0,00509000
ESG Muster ausgewogen;18.10.2020;0,0000015681;2,47;0,0168921324;26.120,66;0;-0,00509000
ESG Muster ausgewogen;19.10.2020;-0,0100023280;-15.728,08;0,0067208437;10.392,58;-0,004276687;-0,00509000
ESG Muster ausgewogen;20.10.2020;-0,0024192091;-3.766,02;0,0042853755;6.626,57;-0,002648681;-0,00507000
ESG Muster ausgewogen;21.10.2020;-0,0019112335;-2.968,05;0,0023659516;3.658,52;-0,005066377;-0,00507000
ESG Muster ausgewogen;22.10.2020;-0,0012873367;-1.995,35;0,0010755692;1.663,18;0,000450387;-0,00511000
ESG Muster ausgewogen;23.10.2020;0,0006885996;1.065,94;0,0017649094;2.729,12;0,002086904;-0,00512000
ESG Muster ausgewogen;24.10.2020;0,0000015918;2,47;0,0017665040;2.731,58;0;-0,00512000
ESG Muster ausgewogen;25.10.2020;0,0000015918;2,47;0,0017680986;2.734,05;0;-0,00512000
ESG Muster ausgewogen;26.10.2020;-0,0164817563;-25.531,15;-0,0147427991;-22.797,10;-0,012495171;-0,00509000
ESG Muster ausgewogen;27.10.2020;0,0045721774;6.965,82;-0,0102380283;-15.831,28;-0,002710674;-0,00510000
ESG Muster ausgewogen;28.10.2020;-0,0227094159;-34.756,53;-0,0327149446;-50.587,81;-0,016403744;-0,00512000
ESG Muster ausgewogen;29.10.2020;0,0056193001;8.404,98;-0,0272794795;-42.182,84;0,003794270;-0,00515000
ESG Muster ausgewogen;30.10.2020;-0,0054945995;-8.264,64;-0,0326241893;-50.447,48;-0,002408189;-0,00523000
ESG Muster ausgewogen;31.10.2020;0,0000016484;2,47;-0,0326225947;-50.445,01;0;-0,00523000
ESG Muster ausgewogen;01.11.2020;0,0000016484;2,47;-0,0326210001;-50.442,55;0;-0,00523000
ESG Muster ausgewogen;02.11.2020;0,0081138810;12.137,38;-0,0247718020;-38.305,16;0,009083034;-0,00520000
ESG Muster ausgewogen;03.11.2020;0,0061130158;9.218,53;-0,0188102166;-29.086,64;0,009264735;-0,00520000
ESG Muster ausgewogen;04.11.2020;0,0255481857;38.762,59;0,0062574022;9.675,95;0,009874432;-0,00517000
ESG Muster ausgewogen;05.11.2020;0,0082449195;12.829,07;0,0145539135;22.505,03;0,006700279;-0,00517000
ESG Muster ausgewogen;06.11.2020;-0,0038401101;-6.024,47;0,0106579148;16.480,56;-0,001997746;-0,00513000
ESG Muster ausgewogen;07.11.2020;0,0000039970;6,25;0,0106619544;16.486,81;0;-0,00513000
ESG Muster ausgewogen;08.11.2020;0,0000039970;6,25;0,0106659941;16.493,05;0;-0,00513000
ESG Muster ausgewogen;09.11.2020;-0,0030935252;-4.834,61;0,0075394733;11.658,45;0,014283076;-0,00516000
ESG Muster ausgewogen;10.11.2020;-0,0091091854;-14.191,93;-0,0016383905;-2.533,48;0,000707548;-0,00510000
ESG Muster ausgewogen;11.11.2020;0,0099917767;15.425,18;0,0083370158;12.891,70;0,004805960;-0,00518000
ESG Muster ausgewogen;12.11.2020;-0,0036658312;-5.715,81;0,0046406224;7.175,89;-0,005371759;-0,00513000
ESG Muster ausgewogen;13.11.2020;0,0039554267;6.144,74;0,0086144048;13.320,64;0,002982711;-0,00514000
ESG Muster ausgewogen;14.11.2020;0,0000040051;6,25;0,0086184444;13.326,88;0;-0,00514000
ESG Muster ausgewogen;15.11.2020;0,0000040051;6,25;0,0086224841;13.333,13;0;-0,00514000
ESG Muster ausgewogen;16.11.2020;0,0022582274;3.522,05;0,0109001830;16.855,18;0,003792533;-0,00522000
ESG Muster ausgewogen;17.11.2020;-0,0032868832;-5.137,98;0,0075774721;11.717,21;-0,000669694;-0,00522000
ESG Muster ausgewogen;18.11.2020;-0,0052278171;-8.145,14;0,0023100414;3.572,07;0,000348477;-0,00527000
ESG Muster ausgewogen;19.11.2020;-0,0001875140;-290,63;0,0021220942;3.281,44;-0,001131334;-0,00527000
ESG Muster ausgewogen;20.11.2020;0,0007325937;1.135,23;0,0028562426;4.416,67;0,000393983;-0,00528000
ESG Muster ausgewogen;21.11.2020;0,0000040281;6,25;0,0028602822;4.422,92;0;-0,00528000
ESG Muster ausgewogen;22.11.2020;0,0000040281;6,25;0,0028643218;4.429,16;0;-0,00528000
ESG Muster ausgewogen;23.11.2020;-0,0007435826;-1.153,11;0,0021186093;3.276,05;0,001775984;-0,00523000
ESG Muster ausgewogen;24.11.2020;0,0027889030;4.321,68;0,0049134209;7.597,73;0,005291592;-0,00523000
ESG Muster ausgewogen;25.11.2020;0,0009352413;1.453,29;0,0058532574;9.051,02;-0,000311191;-0,00526000
ESG Muster ausgewogen;26.11.2020;0,0029335022;4.562,69;0,0088039301;13.613,70;0,000482703;-0,00528000
ESG Muster ausgewogen;27.11.2020;0,0000121191;18,90;0,0088161559;13.632,61;0,001305673;-0,00528000
ESG Muster ausgewogen;28.11.2020;0,0000040043;6,25;0,0088201955;13.638,86;0;-0,00528000
ESG Muster ausgewogen;29.11.2020;0,0000040043;6,25;0,0088242352;13.645,10;0;-0,00528000
ESG Muster ausgewogen;30.11.2020;0,0016765598;2.615,38;0,0105155893;16.260,48;-0,003045283;-0,00526000
ESG Muster ausgewogen;01.12.2020;-0,0020161002;-3.150,32;0,0084782887;13.110,16;0,001268893;-0,00526000
ESG Muster ausgewogen;02.12.2020;-0,0033813478;-5.272,98;0,0050682729;7.837,18;-0,002525540;-0,00524000
ESG Muster ausgewogen;03.12.2020;-0,0012700827;-1.973,91;0,0037917531;5.863,27;-0,001515120;-0,00527000
ESG Muster ausgewogen;04.12.2020;0,0033217104;5.155,91;0,0071260586;11.019,18;0,003417619;-0,00532000
ESG Muster ausgewogen;05.12.2020;0,0000040111;6,25;0,0071300982;11.025,42;0;-0,00532000
ESG Muster ausgewogen;06.12.2020;0,0000040110;6,25;0,0071341379;11.031,67;0;-0,00532000
ESG Muster ausgewogen;07.12.2020;0,0011664492;1.816,57;0,0083089086;12.848,24;-0,000054983;-0,00534000
ESG Muster ausgewogen;08.12.2020;0,0031482067;4.908,59;0,0114832735;17.756,83;0,002104936;-0,00536000
ESG Muster ausgewogen;09.12.2020;-0,0050910272;-7.962,76;0,0063337847;9.794,07;0,000275185;-0,00545000
ESG Muster ausgewogen;10.12.2020;-0,0022257025;-3.463,45;0,0040939850;6.330,62;-0,002550654;-0,00546000
ESG Muster ausgewogen;11.12.2020;-0,0001181528;-183,45;0,0039753485;6.147,17;-0,002199789;-0,00543000
ESG Muster ausgewogen;12.12.2020;0,0000040236;6,25;0,0039793881;6.153,41;0;-0,00543000
ESG Muster ausgewogen;13.12.2020;0,0000040236;6,25;0,0039834277;6.159,66;0;-0,00543000
ESG Muster ausgewogen;14.12.2020;0,0018359487;2.850,28;0,0058266899;9.009,93;0,001356012;-0,00543000
ESG Muster ausgewogen;15.12.2020;0,0040238902;6.258,48;0,0098740260;15.268,42;0,002912199;-0,00544000
ESG Muster ausgewogen;16.12.2020;0,0063708368;9.948,63;0,0163077686;25.217,05;0,002883917;-0,00540000
ESG Muster ausgewogen;17.12.2020;0,0061466438;9.659,69;0,0225546504;34.876,74;0,003114410;-0,00541000
ESG Muster ausgewogen;18.12.2020;-0,0018853794;-2.981,16;0,0206267470;31.895,58;-0,000579597;-0,00537000
ESG Muster ausgewogen;19.12.2020;0,0000039580;6,25;0,0206307866;31.901,82;0;-0,00537000
ESG Muster ausgewogen;20.12.2020;0,0000039580;6,25;0,0206348262;31.908,07;0;-0,00537000
ESG Muster ausgewogen;21.12.2020;-0,0054329723;-8.574,48;0,0150897455;23.333,59;-0,008498703;-0,00532000
ESG Muster ausgewogen;22.12.2020;0,0069365574;10.888,00;0,0221309737;34.221,60;0,003514195;-0,00539000
ESG Muster ausgewogen;23.12.2020;-0,0027169023;-4.294,18;0,0193539437;29.927,41;0,002007554;-0,00541000
ESG Muster ausgewogen;24.12.2020;0,0016968057;2.674,59;0,0210835893;32.602,00;0,001088882;-0,00542000
ESG Muster ausgewogen;25.12.2020;-0,0001461482;-230,76;0,0209343598;32.371,25;0,000043009;-0,00542000
ESG Muster ausgewogen;26.12.2020;0,0000039568;6,25;0,0209383994;32.377,49;0;-0,00542000
ESG Muster ausgewogen;27.12.2020;0,0000039568;6,25;0,0209424390;32.383,74;0;-0,00542000
ESG Muster ausgewogen;28.12.2020;0,0072229497;11.402,91;0,0283166549;43.786,65;0,004327149;-0,00542000
ESG Muster ausgewogen;29.12.2020;0,0000990312;157,47;0,0284184904;43.944,12;0,000585376;-0,00538000
ESG Muster ausgewogen;30.12.2020;-0,0020040142;-3.186,91;0,0263575251;40.757,20;-0,001708390;-0,00541000
ESG Muster ausgewogen;31.12.2020;0,0035920536;5.700,87;0,0300442564;46.458,07;0,002009991;-0,00545000
ESG Muster ausgewogen;01.01.2021;0,0000039218;6,25;0,0300482960;46.464,32;0;-0,00545000
ESG Muster ausgewogen;02.01.2021;0,0000039218;6,25;0,0300523356;46.470,57;0;-0,00545000
ESG Muster ausgewogen;03.01.2021;0,0000039218;6,25;0,0300563753;46.476,81;0;-0,00545000
ESG Muster ausgewogen;04.01.2021;-0,0004441919;-707,51;0,0295988325;45.769,30;-0,001470578;-0,00546000
ESG Muster ausgewogen;05.01.2021;-0,0015803577;-2.516,07;0,0279716981;43.253,23;-0,000625694;-0,00552000
ESG Muster ausgewogen;06.01.2021;-0,0069869983;-11.106,35;0,0207892616;32.146,88;0,005372986;-0,00556000
ESG Muster ausgewogen;07.01.2021;0,0107993932;17.046,50;0,0318131662;49.193,38;0,004899894;-0,00554000
ESG Muster ausgewogen;08.01.2021;0,0077220618;12.320,66;0,0397808912;61.514,04;0,003569964;-0,00550000
ESG Muster ausgewogen;09.01.2021;0,0000038851;6,25;0,0397849309;61.520,29;0;-0,00550000
ESG Muster ausgewogen;10.01.2021;0,0000038851;6,25;0,0397889705;61.526,53;0;-0,00550000
ESG Muster ausgewogen;11.01.2021;-0,0008807209;-1.416,07;0,0388732067;60.110,47;-0,002314968;-0,00545000
ESG Muster ausgewogen;12.01.2021;-0,0037434560;-6.013,61;0,0349842305;54.096,86;-0,000315790;-0,00549000
ESG Muster ausgewogen;13.01.2021;0,0068439435;10.953,17;0,0420676041;65.050,03;0,001316719;-0,00545000
ESG Muster ausgewogen;14.01.2021;-0,0012035890;-1.939,43;0,0408133830;63.110,60;0,001685211;-0,00550000
ESG Muster ausgewogen;15.01.2021;-0,0029567012;-4.758,61;0,0377360088;58.351,99;-0,004802268;-0,00552000
ESG Muster ausgewogen;16.01.2021;0,0000038927;6,25;0,0377400484;58.358,24;0;-0,00552000
ESG Muster ausgewogen;17.01.2021;0,0000038927;6,25;0,0377440881;58.364,49;0;-0,00552000
ESG Muster ausgewogen;18.01.2021;0,0019538635;3.135,34;0,0397716983;61.499,82;0,001186076;-0,00553000
ESG Muster ausgewogen;19.01.2021;0,0029913024;4.809,48;0,0428819699;66.309,30;-0,000128809;-0,00548000
ESG Muster ausgewogen;20.01.2021;0,0073325766;11.824,74;0,0505289819;78.134,04;0,005001302;-0,00543000
ESG Muster ausgewogen;21.01.2021;-0,0014423963;-2.343,11;0,0490137028;75.790,93;-0,001546275;-0,00543000
ESG Muster ausgewogen;22.01.2021;-0,0000267991;-43,47;0,0489855902;75.747,46;-0,002132348;-0,00540000
ESG Muster ausgewogen;23.01.2021;0,0000038510;6,25;0,0489896298;75.753,71;0;-0,00540000
ESG Muster ausgewogen;24.01.2021;0,0000038510;6,25;0,0489936695;75.759,95;0;-0,00540000
ESG Muster ausgewogen;25.01.2021;0,0020051239;3.252,47;0,0510970317;79.012,43;-0,002193275;-0,00543000
ESG Muster ausgewogen;26.01.2021;0,0006502822;1.056,93;0,0517805414;80.069,35;0,002649099;-0,00539000
ESG Muster ausgewogen;27.01.2021;-0,0123711216;-20.120,28;0,0387688364;59.949,08;-0,007765864;-0,00543000
ESG Muster ausgewogen;28.01.2021;0,0024032766;3.860,31;0,0412652852;63.809,39;0,002294240;-0,00544000
ESG Muster ausgewogen;29.01.2021;-0,0139800062;-22.509,64;0,0267083901;41.299,75;-0,009596064;-0,00548000
ESG Muster ausgewogen;30.01.2021;0,0000039346;6,25;0,0267124298;41.306,00;0;-0,00548000
ESG Muster ausgewogen;31.01.2021;0,0000039345;6,25;0,0267164694;41.312,24;0;-0,00548000
ESG Muster ausgewogen;01.02.2021;0,0170716647;27.103,55;0,0442442287;68.415,79;0,008550608;-0,00543000
ESG Muster ausgewogen;02.02.2021;0,0086819874;14.019,13;0,0533103439;82.434,92;0,007498614;-0,00540000
ESG Muster ausgewogen;03.02.2021;0,0031847484;5.187,18;0,0566648723;87.622,10;0,002936307;-0,00545000
ESG Muster ausgewogen;04.02.2021;0,0073339353;11.983,23;0,0644143841;99.605,33;0,003566169;-0,00543000
ESG Muster ausgewogen;05.02.2021;-0,0013364381;-2.199,68;0,0629918601;97.405,65;0,000597134;-0,00535000
ESG Muster ausgewogen;06.02.2021;0,0000038003;6,25;0,0629958997;97.411,90;0;-0,00535000
ESG Muster ausgewogen;07.02.2021;0,0000038002;6,25;0,0629999394;97.418,15;0;-0,00535000
ESG Muster ausgewogen;08.02.2021;0,0066834669;10.985,88;0,0701044643;108.404,02;0,001699549;-0,00536000
ESG Muster ausgewogen;09.02.2021;-0,0023195704;-3.838,25;0,0676222817;104.565,77;-0,001594074;-0,00540000
ESG Muster ausgewogen;10.02.2021;-0,0003733374;-616,34;0,0672236984;103.949,43;-0,001868893;-0,00541000
ESG Muster ausgewogen;11.02.2021;0,0047312385;7.807,82;0,0722729883;111.757,26;0,003410189;-0,00541000
ESG Muster ausgewogen;12.02.2021;0,0043232378;7.168,27;0,0769086794;118.925,53;0,000818972;-0,00547000
ESG Muster ausgewogen;13.02.2021;0,0000014807;2,47;0,0769102740;118.927,99;0;-0,00547000
ESG Muster ausgewogen;14.02.2021;0,0000014807;2,47;0,0769118686;118.930,46;0;-0,00547000
ESG Muster ausgewogen;15.02.2021;0,0000944800;157,33;0,0770136152;119.087,79;0,001320783;-0,00547000
ESG Muster ausgewogen;16.02.2021;0,0000017830;2,97;0,0770155355;119.090,76;-0,000554347;-0,00543000
ESG Muster ausgewogen;17.02.2021;-0,0045532783;-7.583,08;0,0721115840;111.507,68;-0,001809872;-0,00545000
ESG Muster ausgewogen;18.02.2021;-0,0073181789;-12.132,29;0,0642656796;99.375,39;-0,002823475;-0,00543000
ESG Muster ausgewogen;19.02.2021;-0,0025191131;-4.145,70;0,0615846740;95.229,69;0,000739091;-0,00543000
ESG Muster ausgewogen;20.02.2021;0,0000015021;2,47;0,0615862686;95.232,16;0;-0,00543000
ESG Muster ausgewogen;21.02.2021;0,0000015021;2,47;0,0615878632;95.234,62;0;-0,00543000
ESG Muster ausgewogen;22.02.2021;-0,0087910612;-14.431,02;0,0522553793;80.803,60;-0,002201535;-0,00543000
ESG Muster ausgewogen;23.02.2021;-0,0072584324;-11.760,94;0,0446515166;69.042,67;-0,003020323;-0,00540000
ESG Muster ausgewogen;24.02.2021;0,0030547528;4.913,73;0,0478313298;73.956,40;0,003714035;-0,00539000
ESG Muster ausgewogen;25.02.2021;-0,0151868393;-24.503,46;0,0319850115;49.452,94;-0,008200490;-0,00538000
ESG Muster ausgewogen;26.02.2021;-0,0009672176;-1.536,87;0,0309922375;47.916,07;-0,003255048;-0,00530000
ESG Muster ausgewogen;27.02.2021;0,0000015533;2,47;0,0309938323;47.918,53;0;-0,00530000
ESG Muster ausgewogen;28.02.2021;0,0000015533;2,47;0,0309954272;47.921,00;0;-0,00530000
ESG Muster ausgewogen;01.03.2021;0,0169630086;26.927,61;0,0484141779;74.848,61;0,012073486;-0,00533000
ESG Muster ausgewogen;02.03.2021;-0,0065946713;-10.646,17;0,0415295398;64.202,44;-0,000409182;-0,00540000
ESG Muster ausgewogen;03.03.2021;-0,0122131863;-19.586,44;0,0288610837;44.616,00;-0,002862931;-0,00546000
ESG Muster ausgewogen;04.03.2021;-0,0070312247;-11.138,35;0,0216567424;33.477,65;-0,003186846;-0,00541000
ESG Muster ausgewogen;05.03.2021;0,0017695084;2.783,42;0,0234581943;36.261,07;0,001912840;-0,00537000
ESG Muster ausgewogen;06.03.2021;0,0000015648;2,47;0,0234597895;36.263,53;0;-0,00537000
ESG Muster ausgewogen;07.03.2021;0,0000015648;2,47;0,0234613846;36.266,00;0;-0,00537000
ESG Muster ausgewogen;08.03.2021;0,0005345402;842,32;0,0240071608;37.108,31;0,008965745;-0,00537000
ESG Muster ausgewogen;09.03.2021;0,0140788697;22.197,01;0,0383688294;59.305,32;0,003788148;-0,00540000
ESG Muster ausgewogen;10.03.2021;0,0003626569;579,82;0,0387452985;59.885,14;0,002795747;-0,00543000
ESG Muster ausgewogen;11.03.2021;0,0084591578;13.529,54;0,0475004382;73.414,68;0,002345533;-0,00542000
ESG Muster ausgewogen;12.03.2021;-0,0033869991;-5.462,98;0,0439672787;67.951,71;-0,000816128;-0,00539000
ESG Muster ausgewogen;13.03.2021;0,0000015339;2,47;0,0439688741;67.954,17;0;-0,00539000
ESG Muster ausgewogen;14.03.2021;0,0000015339;2,47;0,0439704696;67.956,64;0;-0,00539000
ESG Muster ausgewogen;15.03.2021;0,0044027843;7.077,33;0,0485513615;75.033,97;0,001368137;-0,00538000
ESG Muster ausgewogen;16.03.2021;0,0071402101;11.528,19;0,0560125816;86.562,15;0,002134372;-0,00542000
ESG Muster ausgewogen;17.03.2021;-0,0043677426;-7.102,27;0,0514184865;79.459,89;-0,000950583;-0,00543000
ESG Muster ausgewogen;18.03.2021;-0,0016455688;-2.664,13;0,0496960841;76.795,76;0,001094379;-0,00540000
ESG Muster ausgewogen;19.03.2021;-0,0028146756;-4.549,38;0,0467535282;72.246,38;-0,003021004;-0,00539000
ESG Muster ausgewogen;20.03.2021;0,0000015299;2,47;0,0467551238;72.248,85;0;-0,00539000
ESG Muster ausgewogen;21.03.2021;0,0000015299;2,47;0,0467567195;72.251,31;0;-0,00539000
ESG Muster ausgewogen;22.03.2021;0,0053484393;8.620,41;0,0523369150;80.871,72;0,001510054;-0,00538000
ESG Muster ausgewogen;23.03.2021;0,0025313304;4.101,72;0,0549930210;84.973,45;0,000323478;-0,00538000
ESG Muster ausgewogen;24.03.2021;-0,0047340802;-7.690,44;0,0500173980;77.283,01;-0,000894397;-0,00535000
ESG Muster ausgewogen;25.03.2021;0,0005507481;890,45;0,0505951512;78.173,45;0,001653323;-0,00538000
ESG Muster ausgewogen;26.03.2021;0,0063125620;10.211,73;0,0572059740;88.385,18;0,005013188;-0,00537000
ESG Muster ausgewogen;27.03.2021;0,0000015147;2,47;0,0572075699;88.387,65;0;-0,00537000
ESG Muster ausgewogen;28.03.2021;0,0000015147;2,47;0,0572091658;88.390,12;0;-0,00537000
ESG Muster ausgewogen;29.03.2021;0,0001792059;291,73;0,0573995865;88.681,84;0,001085857;-0,00536000
ESG Muster ausgewogen;30.03.2021;0,0007838649;1.276,28;0,0582272654;89.958,13;0,002413468;-0,00540000
ESG Muster ausgewogen;31.03.2021;0,0049379576;8.046,25;0,0634370828;98.004,37;-0,000113500;-0,00538000
ESG Muster ausgewogen;01.04.2021;0,0084960446;13.912,40;0,0724443465;111.916,77;0,004641777;-0,00538000
ESG Muster ausgewogen;02.04.2021;0,0004008649;662,00;0,0728747760;112.578,77;0,000202548;-0,00538000
ESG Muster ausgewogen;03.04.2021;0,0000014925;2,47;0,0728763721;112.581,24;0;-0,00538000
ESG Muster ausgewogen;04.04.2021;0,0000014925;2,47;0,0728779682;112.583,70;0;-0,00538000
ESG Muster ausgewogen;05.04.2021;0,0034913542;5.768,05;0,0766137358;118.351,75;0,002217173;-0,00538000
ESG Muster ausgewogen;06.04.2021;0,0016685374;2.766,20;0,0784064067;121.117,95;0,000532169;-0,00538000
ESG Muster ausgewogen;07.04.2021;-0,0002680396;-445,11;0,0781202207;120.672,84;-0,001413844;-0,00543000
ESG Muster ausgewogen;08.04.2021;0,0056055960;9.306,32;0,0841469508;129.979,15;0,001575380;-0,00545000
ESG Muster ausgewogen;09.04.2021;0,0040452480;6.753,50;0,0885212430;136.732,65;0,001296063;-0,00544000
ESG Muster ausgewogen;10.04.2021;0,0000014710;2,47;0,0885228394;136.735,12;0;-0,00544000
ESG Muster ausgewogen;11.04.2021;0,0000014710;2,47;0,0885244357;136.737,58;0;-0,00544000
ESG Muster ausgewogen;12.04.2021;-0,0011516473;-1.930,45;0,0872767539;134.807,14;-0,000909954;-0,00538000
ESG Muster ausgewogen;13.04.2021;0,0050968771;8.533,79;0,0928038925;143.340,93;0,000756656;-0,00538000
ESG Muster ausgewogen;14.04.2021;-0,0065497673;-11.022,28;0,0856696829;132.318,64;-0,002102748;-0,00538000
ESG Muster ausgewogen;15.04.2021;0,0102316854;17.105,63;0,0967469447;149.424,27;0,003254887;-0,00537000
ESG Muster ausgewogen;16.04.2021;0,0033919322;5.728,75;0,1004583882;155.153,02;0,003820292;-0,00538000
ESG Muster ausgewogen;17.04.2021;0,0000014550;2,47;0,1004599847;155.155,49;0;-0,00538000
ESG Muster ausgewogen;18.04.2021;0,0000014550;2,47;0,1004615813;155.157,95;0;-0,00538000
ESG Muster ausgewogen;19.04.2021;-0,0070598402;-11.964,09;0,0927171552;143.193,87;-0,004004905;-0,00537000
ESG Muster ausgewogen;20.04.2021;-0,0074900093;-12.603,47;0,0845583508;130.590,40;-0,006007560;-0,00538000
ESG Muster ausgewogen;21.04.2021;0,0036523753;6.099,83;0,0885099691;136.690,23;0,003527892;-0,00535000
ESG Muster ausgewogen;22.04.2021;-0,0012357965;-2.071,44;0,0871705343;134.618,79;0,000852168;-0,00539000
ESG Muster ausgewogen;23.04.2021;0,0008491987;1.421,67;0,0880929804;136.040,46;0,000490941;-0,00539000
ESG Muster ausgewogen;24.04.2021;0,0000014716;2,47;0,0880945771;136.042,92;0;-0,00539000
ESG Muster ausgewogen;25.04.2021;0,0000014716;2,47;0,0880961738;136.045,39;0;-0,00539000
ESG Muster ausgewogen;26.04.2021;0,0011690469;1.958,80;0,0893664626;138.004,19;0,000250234;-0,00538000
ESG Muster ausgewogen;27.04.2021;-0,0007683449;-1.288,91;0,0885336357;136.715,28;-0,001071202;-0,00535000
ESG Muster ausgewogen;28.04.2021;-0,0034209696;-5.734,32;0,0848219497;130.980,97;-0,000888423;-0,00534000
ESG Muster ausgewogen;29.04.2021;-0,0030523900;-5.098,99;0,0815215299;125.881,98;-0,002610256;-0,00536000
ESG Muster ausgewogen;30.04.2021;-0,0008238275;-1.372,00;0,0806346174;124.509,98;-0,000811936;-0,00535000
ESG Muster ausgewogen;01.05.2021;0,0000014818;2,47;0,0806362143;124.512,45;0;-0,00535000
ESG Muster ausgewogen;02.05.2021;0,0000014818;2,47;0,0806378111;124.514,91;0;-0,00535000
ESG Muster ausgewogen;03.05.2021;0,0036268995;6.035,25;0,0845479869;130.550,16;0,002074420;-0,00535000
ESG Muster ausgewogen;04.05.2021;-0,0113249215;-18.913,30;0,0723005895;111.636,86;-0,006177440;-0,00535000
ESG Muster ausgewogen;05.05.2021;0,0088115145;14.549,11;0,0817247410;126.185,97;0,006654193;-0,00531000
ESG Muster ausgewogen;06.05.2021;0,0024874648;4.143,36;0,0844097878;130.329,33;0,000091042;-0,00532000
ESG Muster ausgewogen;07.05.2021;0,0035638147;5.951,00;0,0882656810;136.280,33;0,003352252;-0,00529000
ESG Muster ausgewogen;08.05.2021;0,0000014714;2,47;0,0882672780;136.282,79;0;-0,00529000
ESG Muster ausgewogen;09.05.2021;0,0000014714;2,47;0,0882688750;136.285,26;0;-0,00529000
ESG Muster ausgewogen;10.05.2021;-0,0032360574;-5.422,97;0,0847580923;130.862,29;-0,001457578;-0,00533000
ESG Muster ausgewogen;11.05.2021;-0,0080310372;-13.414,82;0,0760708311;117.447,46;-0,008836829;-0,00533000
ESG Muster ausgewogen;12.05.2021;-0,0072617601;-12.032,43;0,0682786347;105.415,03;-0,002799281;-0,00539000
ESG Muster ausgewogen;13.05.2021;0,0034006706;5.593,85;0,0719031091;111.008,88;0,001514694;-0,00541000
ESG Muster ausgewogen;14.05.2021;0,0090108612;14.872,60;0,0815378680;125.881,48;0,005935475;-0,00549000
ESG Muster ausgewogen;15.05.2021;0,0000014806;2,47;0,0815394651;125.883,95;0;-0,00549000
ESG Muster ausgewogen;16.05.2021;0,0000014806;2,47;0,0815410623;125.886,41;0;-0,00549000
ESG Muster ausgewogen;17.05.2021;-0,0000235365;-39,20;0,0815170754;125.847,22;-0,000851608;-0,00548000
ESG Muster ausgewogen;18.05.2021;-0,0037676784;-6.274,53;0,0774540871;119.572,68;-0,002122958;-0,00553000
ESG Muster ausgewogen;19.05.2021;-0,0022886703;-3.797,09;0,0749957509;115.775,59;-0,005678552;-0,00552000
ESG Muster ausgewogen;20.05.2021;0,0081842043;13.547,20;0,0837725853;129.322,79;0,006229288;-0,00545000
ESG Muster ausgewogen;21.05.2021;0,0034508190;5.758,84;0,0875044759;135.081,63;0,002266510;-0,00543000
ESG Muster ausgewogen;22.05.2021;0,0000014725;2,47;0,0875060732;135.084,09;0;-0,00543000
ESG Muster ausgewogen;23.05.2021;0,0000014724;2,47;0,0875076705;135.086,56;0;-0,00543000
ESG Muster ausgewogen;24.05.2021;0,0042272582;7.078,95;0,0920948346;142.165,51;0,001415189;-0,00542000
ESG Muster ausgewogen;25.05.2021;0,0028513379;4.795,03;0,0952025768;146.960,54;0,000868981;-0,00538000
ESG Muster ausgewogen;26.05.2021;0,0036829359;6.211,16;0,0992278035;153.171,70;0,001337869;-0,00537000
ESG Muster ausgewogen;27.05.2021;-0,0028599685;-4.841,02;0,0960931946;148.330,69;-0,001146940;-0,00540000
ESG Muster ausgewogen;28.05.2021;0,0053449710;9.021,46;0,1019391505;157.352,15;0,003311192;-0,00543000
ESG Muster ausgewogen;29.05.2021;0,0000014531;2,47;0,1019407480;157.354,61;0;-0,00543000
ESG Muster ausgewogen;30.05.2021;0,0000014531;2,47;0,1019423454;157.357,08;0;-0,00543000
ESG Muster ausgewogen;31.05.2021;-0,0021304869;-3.615,15;0,0996018224;153.741,93;-0,002819207;-0,00544000
ESG Muster ausgewogen;01.06.2021;0,0004521681;765,63;0,1000993507;154.507,56;0,002266193;-0,00545000
ESG Muster ausgewogen;02.06.2021;0,0028563707;4.838,74;0,1032357222;159.346,30;0,001762476;-0,00543000
ESG Muster ausgewogen;03.06.2021;-0,0005052684;-858,38;0,1026811196;158.487,92;0,001031477;-0,00542000
ESG Muster ausgewogen;04.06.2021;0,0073922995;12.552,11;0,1108149954;171.040,04;0,003122550;-0,00546000
ESG Muster ausgewogen;05.06.2021;0,0000014415;2,47;0,1108165929;171.042,50;0;-0,00546000
ESG Muster ausgewogen;06.06.2021;0,0000014415;2,47;0,1108181904;171.044,97;0;-0,00546000
ESG Muster ausgewogen;07.06.2021;0,0011872454;2.030,85;0,1121355732;173.075,82;0,000053232;-0,00546000
ESG Muster ausgewogen;08.06.2021;0,0018110361;3.101,56;0,1141466948;176.177,37;-0,000489113;-0,00543000
ESG Muster ausgewogen;09.06.2021;0,0018441811;3.164,04;0,1161983394;179.341,41;-0,000758887;-0,00542000
ESG Muster ausgewogen;10.06.2021;0,0023745923;4.081,57;0,1188445172;183.422,98;0,001386404;-0,00545000
ESG Muster ausgewogen;11.06.2021;0,0055426454;9.549,61;0,1250336817;192.972,59;0,003532278;-0,00548000
ESG Muster ausgewogen;12.06.2021;0,0000014232;2,47;0,1250352794;192.975,06;0;-0,00548000
ESG Muster ausgewogen;13.06.2021;0,0000014232;2,47;0,1250368770;192.977,52;0;-0,00548000
ESG Muster ausgewogen;14.06.2021;-0,0008924110;-1.546,09;0,1240368034;191.431,43;-0,000163562;-0,00546000
ESG Muster ausgewogen;15.06.2021;-0,0011384350;-1.970,56;0,1227616456;189.460,87;0,000303708;-0,00542000
ESG Muster ausgewogen;16.06.2021;0,0014647683;2.532,54;0,1244042739;191.993,41;-0,000693576;-0,00547000
ESG Muster ausgewogen;17.06.2021;0,0045811471;7.932,27;0,1295457903;199.925,68;0,002326280;-0,00543000
ESG Muster ausgewogen;18.06.2021;-0,0021132993;-3.675,95;0,1271655487;196.249,73;-0,005786226;-0,00544000
ESG Muster ausgewogen;19.06.2021;0,0000014206;2,47;0,1271671464;196.252,20;0;-0,00544000
ESG Muster ausgewogen;20.06.2021;0,0000014206;2,47;0,1271687442;196.254,66;0;-0,00544000
ESG Muster ausgewogen;21.06.2021;0,0020408193;3.542,38;0,1294658049;199.797,05;0,002997318;-0,00542000
ESG Muster ausgewogen;22.06.2021;0,0039024694;6.787,59;0,1338657871;206.584,64;0,002146037;-0,00540000
ESG Muster ausgewogen;23.06.2021;-0,0013518820;-2.360,51;0,1323378613;204.224,13;-0,003561962;-0,00538000
ESG Muster ausgewogen;24.06.2021;0,0045676833;7.964,83;0,1375008158;212.188,95;0,004306241;-0,00538000
ESG Muster ausgewogen;25.06.2021;-0,0003037309;-532,05;0,1371577448;211.656,91;0,000998005;-0,00538000
ESG Muster ausgewogen;26.06.2021;0,0000014081;2,47;0,1371593427;211.659,37;0;-0,00538000
ESG Muster ausgewogen;27.06.2021;0,0000014081;2,47;0,1371609405;211.661,84;0;-0,00538000
ESG Muster ausgewogen;28.06.2021;0,0042648852;7.468,55;0,1420024454;219.130,39;-0,000267175;-0,00543000
ESG Muster ausgewogen;29.06.2021;0,0029018933;5.103,39;0,1453113436;224.233,78;0,002291427;-0,00541000
ESG Muster ausgewogen;30.06.2021;-0,0000885226;-156,13;0,1452119102;224.077,64;-0,001802595;-0,00542000
ESG Muster ausgewogen;01.07.2021;0,0020129358;3.549,99;0,1475142100;227.627,63;0,002019955;-0,00540000
ESG Muster ausgewogen;02.07.2021;0,0062465611;11.038,53;0,1546695596;238.666,17;0,003278237;-0,00546000
ESG Muster ausgewogen;03.07.2021;0,0000013867;2,47;0,1546711575;238.668,63;0;-0,00546000
ESG Muster ausgewogen;04.07.2021;0,0000013867;2,47;0,1546727555;238.671,10;0;-0,00546000
ESG Muster ausgewogen;05.07.2021;0,0006240424;1.109,66;0,1553936913;239.780,76;-0,000161083;-0,00542000
ESG Muster ausgewogen;06.07.2021;0,0041257384;7.340,89;0,1601529180;247.121,65;-0,001676327;-0,00539000
ESG Muster ausgewogen;07.07.2021;0,0062554378;11.176,17;0,1673978033;258.297,82;0,004268282;-0,00547000
ESG Muster ausgewogen;08.07.2021;-0,0109524781;-19.690,45;0,1546385509;238.607,36;-0,007153304;-0,00546000
ESG Muster ausgewogen;09.07.2021;0,0044666529;7.942,23;0,1597876065;246.549,60;0,005763446;-0,00543000
ESG Muster ausgewogen;10.07.2021;0,0000013806;2,47;0,1597892045;246.552,06;0;-0,00543000
ESG Muster ausgewogen;11.07.2021;0,0000013806;2,47;0,1597908026;246.554,53;0;-0,00543000
ESG Muster ausgewogen;12.07.2021;0,0049321148;8.809,08;0,1655017579;255.363,60;0,002939210;-0,00543000
ESG Muster ausgewogen;13.07.2021;0,0033849829;6.075,62;0,1694412402;261.439,22;0,000788428;-0,00546000
ESG Muster ausgewogen;14.07.2021;-0,0012531828;-2.256,92;0,1679803360;259.182,30;0,000330089;-0,00546000
ESG Muster ausgewogen;15.07.2021;-0,0056902416;-10.235,00;0,1613486033;248.947,31;-0,003453181;-0,00548000
ESG Muster ausgewogen;16.07.2021;-0,0048416119;-8.659,02;0,1557381510;240.288,29;-0,002207197;-0,00548000
ESG Muster ausgewogen;17.07.2021;0,0000013854;2,47;0,1557397491;240.290,75;0;-0,00548000
ESG Muster ausgewogen;18.07.2021;0,0000013854;2,47;0,1557413473;240.293,22;0;-0,00548000
ESG Muster ausgewogen;19.07.2021;-0,0066584308;-11.850,70;0,1480621126;228.442,52;-0,009259958;-0,00548000
ESG Muster ausgewogen;20.07.2021;0,0039187405;6.928,15;0,1525540993;235.370,67;0,005012459;-0,00543000
ESG Muster ausgewogen;21.07.2021;0,0056210062;9.976,62;0,1590220316;245.347,29;0,005260648;-0,00546000
ESG Muster ausgewogen;22.07.2021;0,0078473868;14.006,47;0,1681020594;259.353,76;0,002376301;-0,00549000
ESG Muster ausgewogen;23.07.2021;0,0087960088;15.822,82;0,1783595532;275.176,58;0,005331282;-0,00544000
ESG Muster ausgewogen;24.07.2021;0,0000013588;2,47;0,1783611514;275.179,05;0;-0,00544000
ESG Muster ausgewogen;25.07.2021;0,0000013588;2,47;0,1783627497;275.181,51;0;-0,00544000
ESG Muster ausgewogen;26.07.2021;-0,0040832332;-7.409,81;0,1735617254;267.771,70;-0,001192478;-0,00544000
ESG Muster ausgewogen;27.07.2021;-0,0050736731;-9.169,56;0,1676199602;258.602,14;-0,002407924;-0,00543000
ESG Muster ausgewogen;28.07.2021;0,0029615840;5.325,26;0,1710733626;263.927,40;0,001369520;-0,00547000
ESG Muster ausgewogen;29.07.2021;-0,0024741036;-4.461,89;0,1681828852;259.465,51;0,001319783;-0,00544000
ESG Muster ausgewogen;30.07.2021;-0,0041597971;-7.483,37;0,1633338232;251.982,14;-0,002254755;-0,00544000
ESG Muster ausgewogen;31.07.2021;0,0000013764;2,47;0,1633354215;251.984,60;0;-0,00544000
ESG Muster ausgewogen;01.08.2021;0,0000013764;2,47;0,1633370198;251.987,07;0;-0,00544000
ESG Muster ausgewogen;02.08.2021;0,0043535852;7.799,44;0,1683942023;259.786,51;0,001065589;-0,00543000
ESG Muster ausgewogen;03.08.2021;0,0032187776;5.791,54;0,1721499289;265.578,04;0,001623899;-0,00545000
ESG Muster ausgewogen;04.08.2021;0,0046562869;8.405,01;0,1775998030;273.983,05;0,002032506;-0,00543000
ESG Muster ausgewogen;05.08.2021;0,0059266225;10.747,89;0,1845684684;284.730,94;0,002416391;-0,00540000
ESG Muster ausgewogen;06.08.2021;-0,0049434846;-9.018,11;0,1787244011;275.712,83;0,000618003;-0,00541000
ESG Muster ausgewogen;07.08.2021;0,0000013584;2,47;0,1787259995;275.715,30;0;-0,00541000
ESG Muster ausgewogen;08.08.2021;0,0000013584;2,47;0,1787275979;275.717,76;0;-0,00541000
ESG Muster ausgewogen;09.08.2021;0,0000195811;35,54;0,1787522805;275.753,31;0,000168022;-0,00543000
ESG Muster ausgewogen;10.08.2021;-0,0003571535;-648,33;0,1783336369;275.104,98;0,001002032;-0,00547000
ESG Muster ausgewogen;11.08.2021;0,0025795795;4.680,94;0,1813696417;279.785,93;0,001164780;-0,00549000
ESG Muster ausgewogen;12.08.2021;0,0046142684;8.394,72;0,1868131428;288.180,65;0,002647523;-0,00553000
ESG Muster ausgewogen;13.08.2021;0,0026599670;4.861,60;0,1899663580;293.042,24;0,000360133;-0,00552000
ESG Muster ausgewogen;14.08.2021;0,0000013455;2,47;0,1899679565;293.044,71;0;-0,00552000
ESG Muster ausgewogen;15.08.2021;0,0000013455;2,47;0,1899695549;293.047,18;0;-0,00552000
ESG Muster ausgewogen;16.08.2021;0,0012005992;2.200,17;0,1913975079;295.247,34;-0,000848549;-0,00550000
ESG Muster ausgewogen;17.08.2021;0,0010848717;1.990,48;0,1926895358;297.237,82;-0,000704211;-0,00550000
ESG Muster ausgewogen;18.08.2021;-0,0014508061;-2.664,77;0,1909637046;294.573,05;-0,000246826;-0,00548000
ESG Muster ausgewogen;19.08.2021;0,0006973313;1.278,96;0,1917944637;295.852,02;-0,003282068;-0,00550000
ESG Muster ausgewogen;20.08.2021;0,0055843083;10.249,23;0,1984405012;306.101,25;0,002521953;-0,00548000
ESG Muster ausgewogen;21.08.2021;0,0000013360;2,47;0,1984420997;306.103,71;0;-0,00548000
ESG Muster ausgewogen;22.08.2021;0,0000013360;2,47;0,1984436982;306.106,18;0;-0,00548000
ESG Muster ausgewogen;23.08.2021;0,0044906073;8.287,94;0,2038183501;314.394,12;0,001760278;-0,00549000
ESG Muster ausgewogen;24.08.2021;-0,0010998926;-2.039,10;0,2024981153;312.355,02;0,000549329;-0,00549000
ESG Muster ausgewogen;25.08.2021;-0,0022982605;-4.256,07;0,1997405802;308.098,95;-0,000976689;-0,00550000
ESG Muster ausgewogen;26.08.2021;-0,0018459316;-3.383,33;0,1975567970;304.715,63;-0,002647991;-0,00550000
ESG Muster ausgewogen;27.08.2021;0,0034606106;6.331,09;0,2016711883;311.046,72;0,002165692;-0,00550000
ESG Muster ausgewogen;28.08.2021;0,0000013431;2,47;0,2016727870;311.049,18;0;-0,00550000
ESG Muster ausgewogen;29.08.2021;0,0000013431;2,47;0,2016743857;311.051,65;0;-0,00550000
ESG Muster ausgewogen;30.08.2021;0,0040882476;7.505,24;0,2065504015;318.556,89;0,001437659;-0,00549000
ESG Muster ausgewogen;31.08.2021;-0,0024254736;-4.470,91;0,2036611693;314.085,98;-0,002656903;-0,00548000
ESG Muster ausgewogen;01.09.2021;-0,0004711319;-866,34;0,2031089861;313.219,64;-0,000600974;-0,00550000
ESG Muster ausgewogen;02.09.2021;0,0010622733;1.952,43;0,2043846040;315.172,07;0,000818522;-0,00551000
ESG Muster ausgewogen;03.09.2021;0,0005957175;1.096,08;0,2051049017;316.268,15;-0,001399651;-0,00548000
ESG Muster ausgewogen;04.09.2021;0,0000013393;2,47;0,2051065008;316.270,62;0;-0,00548000
ESG Muster ausgewogen;05.09.2021;0,0000013393;2,47;0,2051080999;316.273,08;0;-0,00548000
ESG Muster ausgewogen;06.09.2021;0,0039283378;7.232,19;0,2098079319;323.505,27;0,002994372;-0,00549000
ESG Muster ausgewogen;07.09.2021;-0,0030772795;-5.687,62;0,2061286515;317.817,65;-0,002632365;-0,00543000
ESG Muster ausgewogen;08.09.2021;-0,0048033801;-8.850,58;0,2003974463;308.967,07;-0,003244709;-0,00541000
ESG Muster ausgewogen;09.09.2021;0,0007284301;1.335,74;0,2012728424;310.302,81;-0,000417939;-0,00543000
ESG Muster ausgewogen;10.09.2021;-0,0006143969;-1.127,45;0,2005504621;309.175,35;-0,001600294;-0,00544000
ESG Muster ausgewogen;11.09.2021;0,0000013445;2,47;0,2005520615;309.177,82;0;-0,00544000
ESG Muster ausgewogen;12.09.2021;0,0000013445;2,47;0,2005536610;309.180,28;0;-0,00544000
ESG Muster ausgewogen;13.09.2021;-0,0003817940;-700,19;0,2001083102;308.480,10;0,002099434;-0,00544000
ESG Muster ausgewogen;14.09.2021;0,0023629684;4.331,88;0,2029272487;312.811,98;-0,000157144;-0,00548000
ESG Muster ausgewogen;15.09.2021;-0,0008641650;-1.587,96;0,2019058780;311.224,02;-0,000943382;-0,00543000
ESG Muster ausgewogen;16.09.2021;0,0013210524;2.425,43;0,2034881379;313.649,44;0,001073032;-0,00545000
ESG Muster ausgewogen;17.09.2021;-0,0066756347;-12.272,53;0,1955343825;301.376,92;-0,004467001;-0,00548000
ESG Muster ausgewogen;18.09.2021;0,0000013503;2,47;0,1955359823;301.379,38;0;-0,00548000
ESG Muster ausgewogen;19.09.2021;0,0000013503;2,47;0,1955375821;301.381,85;0;-0,00548000
ESG Muster ausgewogen;20.09.2021;-0,0094409898;-17.240,55;0,1843596737;284.141,30;-0,008959787;-0,00545000
ESG Muster ausgewogen;21.09.2021;0,0058728231;10.623,34;0,1912604730;294.764,63;0,003573305;-0,00546000
ESG Muster ausgewogen;22.09.2021;0,0044489961;8.095,04;0,1965212149;302.859,67;0,004185673;-0,00544000
ESG Muster ausgewogen;23.09.2021;0,0010928066;1.997,23;0,1978253860;304.856,90;0,003329284;-0,00543000
ESG Muster ausgewogen;24.09.2021;-0,0038247521;-6.997,82;0,1932923643;297.859,09;-0,001495634;-0,00543000
ESG Muster ausgewogen;25.09.2021;0,0000013529;2,47;0,1932939644;297.861,55;0;-0,00543000
ESG Muster ausgewogen;26.09.2021;0,0000013529;2,47;0,1932955645;297.864,02;0;-0,00543000
ESG Muster ausgewogen;27.09.2021;-0,0064589475;-11.772,21;0,1856636946;286.091,81;-0,000261680;-0,00542000
ESG Muster ausgewogen;28.09.2021;-0,0169947180;-30.774,85;0,1656985875;255.316,96;-0,010037746;-0,00543000
ESG Muster ausgewogen;29.09.2021;0,0036549564;6.506,09;0,1699278130;261.823,05;0,002728978;-0,00543000
ESG Muster ausgewogen;30.09.2021;0,0004351342;777,40;0,1704391560;262.600,45;-0,003148427;-0,00545000
ESG Muster ausgewogen;01.10.2021;-0,0010007301;-1.788,66;0,1692849346;260.811,79;0,000001712;-0,00547000
ESG Muster ausgewogen;02.10.2021;0,0000013809;2,47;0,1692865351;260.814,25;0;-0,00547000
ESG Muster ausgewogen;03.10.2021;0,0000013809;2,47;0,1692881355;260.816,72;0;-0,00547000
ESG Muster ausgewogen;04.10.2021;-0,0095348181;-17.025,11;0,1582438700;243.791,60;-0,004499221;-0,00548000
ESG Muster ausgewogen;05.10.2021;0,0079469748;14.054,61;0,1673731647;257.846,21;0,004379286;-0,00551000
ESG Muster ausgewogen;06.10.2021;0,0007841839;1.397,89;0,1682870713;259.244,10;-0,003200638;-0,00551000
ESG Muster ausgewogen;07.10.2021;0,0063748053;11.372,66;0,1756763204;270.616,75;0,006995526;-0,00547000
ESG Muster ausgewogen;08.10.2021;-0,0039229324;-7.043,13;0,1711106525;263.573,63;-0,001451901;-0,00548000
ESG Muster ausgewogen;09.10.2021;0,0000013788;2,47;0,1711122533;263.576,09;0;-0,00548000
ESG Muster ausgewogen;10.10.2021;0,0000013788;2,47;0,1711138540;263.578,56;0;-0,00548000
ESG Muster ausgewogen;11.10.2021;-0,0019033776;-3.403,88;0,1689104632;260.174,68;-0,000960321;-0,00551000
ESG Muster ausgewogen;12.10.2021;0,0000549480;98,08;0,1689804813;260.272,76;-0,001679871;-0,00552000
ESG Muster ausgewogen;13.10.2021;0,0061771341;11.026,36;0,1761458438;271.299,12;0,002323779;-0,00548000
ESG Muster ausgewogen;14.10.2021;0,0121765454;21.869,75;0,1903522145;293.168,87;0,007856786;-0,00551000
ESG Muster ausgewogen;15.10.2021;0,0013674530;2.485,93;0,1919733565;295.654,80;0,003181516;-0,00548000
ESG Muster ausgewogen;16.10.2021;0,0000013545;2,47;0,1919749576;295.657,27;0;-0,00548000
ESG Muster ausgewogen;17.10.2021;0,0000013545;2,47;0,1919765586;295.659,73;0;-0,00548000
ESG Muster ausgewogen;18.10.2021;-0,0001038168;-188,99;0,1918608383;295.470,74;-0,002217068;-0,00548000
ESG Muster ausgewogen;19.10.2021;0,0030479424;5.547,95;0,1954704135;301.018,69;0,001084933;-0,00548000
ESG Muster ausgewogen;20.10.2021;-0,0022150259;-4.044,14;0,1928512275;296.974,55;0,000948573;-0,00547000
ESG Muster ausgewogen;21.10.2021;0,0031844467;5.801,20;0,1966254639;302.775,76;-0,000500019;-0,00548000
ESG Muster ausgewogen;22.10.2021;0,0006573179;1.201,27;0,1974125702;303.977,03;0,001181226;-0,00549000
ESG Muster ausgewogen;23.10.2021;0,0000013483;2,47;0,1974141715;303.979,49;0;-0,00549000
ESG Muster ausgewogen;24.10.2021;0,0000013483;2,47;0,1974157729;303.981,96;0;-0,00549000
ESG Muster ausgewogen;25.10.2021;0,0030759266;5.625,06;0,2010759422;309.607,02;0,003224636;-0,00548000
ESG Muster ausgewogen;26.10.2021;0,0069522666;12.752,98;0,2093657434;322.360,01;0,003853539;-0,00550000
ESG Muster ausgewogen;27.10.2021;0,0056172706;10.375,75;0,2161120566;332.735,76;-0,000093824;-0,00556000
ESG Muster ausgewogen;28.10.2021;0,0002222202;412,77;0,2163875989;333.148,53;-0,000444520;-0,00557000
ESG Muster ausgewogen;29.10.2021;0,0046445324;8.629,10;0,2219999821;341.777,63;0,001163453;-0,00553000
ESG Muster ausgewogen;30.10.2021;0,0000013210;2,47;0,2220015837;341.780,09;0;-0,00553000
ESG Muster ausgewogen;31.10.2021;0,0000013210;2,47;0,2220031853;341.782,56;0;-0,00553000
ESG Muster ausgewogen;01.11.2021;-0,0001641403;-306,37;0,2218117074;341.476,19;0,003483396;-0,00558000
ESG Muster ausgewogen;02.11.2021;0,0083328371;15.551,01;0,2319209470;357.027,20;0,004953085;-0,00567000
ESG Muster ausgewogen;03.11.2021;0,0018926095;3.561,48;0,2342422831;360.588,68;0,001912751;-0,00573000
ESG Muster ausgewogen;04.11.2021;0,0166747520;31.437,66;0,2546729860;392.026,34;0,005005137;-0,00568000
ESG Muster ausgewogen;05.11.2021;-0,0046766424;-8.964,11;0,2488578229;383.062,23;0,000630559;-0,00567000
ESG Muster ausgewogen;06.11.2021;0,0000012924;2,47;0,2488594248;383.064,70;0;-0,00567000
ESG Muster ausgewogen;07.11.2021;0,0000012924;2,47;0,2488610267;383.067,16;0;-0,00567000
ESG Muster ausgewogen;08.11.2021;0,0033714275;6.432,09;0,2530479484;389.499,25;-0,000740913;-0,00572000
ESG Muster ausgewogen;09.11.2021;-0,0009179027;-1.757,10;0,2519146012;387.742,15;-0,000975376;-0,00565000
ESG Muster ausgewogen;10.11.2021;-0,0036525561;-6.985,51;0,2473841378;380.756,64;-0,000779373;-0,00569000
ESG Muster ausgewogen;11.11.2021;0,0050835996;9.686,86;0,2536860024;390.443,51;0,000611375;-0,00563000
ESG Muster ausgewogen;12.11.2021;0,0065975393;12.635,61;0,2619041848;403.079,11;0,003189551;-0,00562000
ESG Muster ausgewogen;13.11.2021;0,0000012790;2,47;0,2619057870;403.081,58;0;-0,00562000
ESG Muster ausgewogen;14.11.2021;0,0000012790;2,47;0,2619073891;403.084,05;0;-0,00562000
ESG Muster ausgewogen;15.11.2021;0,0038309478;7.385,46;0,2667145977;410.469,50;0,000592208;-0,00561000
ESG Muster ausgewogen;16.11.2021;0,0045584349;8.821,60;0,2724552590;419.291,10;0,003423765;-0,00558000
ESG Muster ausgewogen;17.11.2021;0,0009495804;1.846,03;0,2736633558;421.137,13;-0,000522983;-0,00567000
ESG Muster ausgewogen;18.11.2021;0,0053148208;10.342,07;0,2803925420;431.479,21;-0,000388657;-0,00564000
ESG Muster ausgewogen;19.11.2021;0,0078848110;15.424,55;0,2904249825;446.903,75;0,001086487;-0,00559000
ESG Muster ausgewogen;20.11.2021;0,0000012506;2,47;0,2904265849;446.906,22;0;-0,00559000
ESG Muster ausgewogen;21.11.2021;0,0000012506;2,47;0,2904281873;446.908,68;0;-0,00559000
ESG Muster ausgewogen;22.11.2021;-0,0057124396;-11.263,02;0,2831174662;435.645,67;-0,001030714;-0,00564000
ESG Muster ausgewogen;23.11.2021;-0,0116573221;-22.853,04;0,2682738883;412.792,63;-0,005096516;-0,00572000
ESG Muster ausgewogen;24.11.2021;0,0033639470;6.517,81;0,2725180445;419.310,44;0,000070293;-0,00583000
ESG Muster ausgewogen;25.11.2021;0,0008153953;1.585,18;0,2735564935;420.895,63;0,000394829;-0,00575000
ESG Muster ausgewogen;26.11.2021;-0,0162026608;-31.524,74;0,2530748790;389.370,89;-0,017030305;-0,00572000
ESG Muster ausgewogen;27.11.2021;0,0000012882;2,47;0,2530764817;389.373,35;0;-0,00572000
ESG Muster ausgewogen;28.11.2021;0,0000012882;2,47;0,2530780843;389.375,82;0;-0,00572000
ESG Muster ausgewogen;29.11.2021;0,0082012950;15.698,36;0,2632891626;405.074,18;0,003002024;-0,00570000
ESG Muster ausgewogen;30.11.2021;-0,0073713805;-14.225,51;0,2540503691;390.848,67;-0,006656172;-0,00573000
ESG Muster ausgewogen;01.12.2021;0,0009970887;1.910,03;0,2552993420;392.758,69;0,003475627;-0,00572000
ESG Muster ausgewogen;02.12.2021;-0,0027816870;-5.333,93;0,2518395176;387.424,77;0,000091960;-0,00565000
ESG Muster ausgewogen;03.12.2021;-0,0062331975;-11.919,00;0,2440987944;375.505,77;-0,002441173;-0,00563000
ESG Muster ausgewogen;04.12.2021;0,0000012976;2,47;0,2441003973;375.508,23;0;-0,00563000
ESG Muster ausgewogen;05.12.2021;0,0000012976;2,47;0,2441020002;375.510,70;0;-0,00563000
ESG Muster ausgewogen;06.12.2021;0,0024721273;4.697,70;0,2471628407;380.208,40;0,006088037;-0,00562000
ESG Muster ausgewogen;07.12.2021;0,0219593687;41.831,82;0,2743643500;422.040,22;0,012215724;-0,00565000
ESG Muster ausgewogen;08.12.2021;-0,0054639911;-10.637,28;0,2674567226;411.402,94;-0,004369000;-0,00574000
ESG Muster ausgewogen;09.12.2021;-0,0007586295;-1.468,83;0,2665093164;409.934,11;-0,000848223;-0,00585000
ESG Muster ausgewogen;10.12.2021;0,0015096415;2.920,69;0,2684156328;412.854,80;0,000683921;-0,00588000
ESG Muster ausgewogen;11.12.2021;0,0000012726;2,47;0,2684172359;412.857,27;0;-0,00588000
ESG Muster ausgewogen;12.12.2021;0,0000012726;2,47;0,2684188390;412.859,73;0;-0,00588000
ESG Muster ausgewogen;13.12.2021;-0,0021619947;-4.189,12;0,2657026791;408.670,62;-0,000734797;-0,00603000
ESG Muster ausgewogen;14.12.2021;-0,0086053363;-16.637,79;0,2548924270;392.032,83;-0,005346677;-0,00605000
ESG Muster ausgewogen;15.12.2021;0,0083585543;16.021,59;0,2653166336;408.054,42;0,003865799;-0,00602000
ESG Muster ausgewogen;16.12.2021;-0,0037243985;-7.198,56;0,2606432352;400.855,86;0,000693330;-0,00589000
ESG Muster ausgewogen;17.12.2021;-0,0018683939;-3.597,80;0,2583108734;397.258,06;-0,002897160;-0,00581000
ESG Muster ausgewogen;18.12.2021;0,0000012829;2,47;0,2583124767;397.260,52;0;-0,00581000
ESG Muster ausgewogen;19.12.2021;0,0000012829;2,47;0,2583140800;397.262,99;0;-0,00581000
ESG Muster ausgewogen;20.12.2021;-0,0036409701;-6.998,01;0,2537705536;390.264,97;-0,007967047;-0,00588000
ESG Muster ausgewogen;21.12.2021;0,0055792510;10.684,38;0,2607250621;400.949,36;0,006590233;-0,00588000
ESG Muster ausgewogen;22.12.2021;0,0051773878;9.970,12;0,2672154244;410.919,48;0,002971430;-0,00591000
ESG Muster ausgewogen;23.12.2021;0,0020214213;3.912,82;0,2697669956;414.832,30;0,004212039;-0,00588000
ESG Muster ausgewogen;24.12.2021;0,0001311927;254,46;0,2699395517;415.086,76;-0,000408508;-0,00587000
ESG Muster ausgewogen;25.12.2021;0,0000012711;2,47;0,2699411552;415.089,22;0;-0,00587000
ESG Muster ausgewogen;26.12.2021;0,0000012711;2,47;0,2699427587;415.091,69;0;-0,00587000
ESG Muster ausgewogen;27.12.2021;0,0062799951;12.182,24;0,2778723629;427.273,93;0,004307602;-0,00590000
ESG Muster ausgewogen;28.12.2021;0,0015135454;2.954,49;0,2798010254;430.228,41;0,002081752;-0,00583000
ESG Muster ausgewogen;29.12.2021;-0,0034485542;-6.741,87;0,2754235101;423.486,54;-0,002745481;-0,00571000
ESG Muster ausgewogen;30.12.2021;-0,0001051135;-204,79;0,2752973674;423.281,76;-0,000301720;-0,00573000
ESG Muster ausgewogen;31.12.2021;-0,0024723035;-4.816,14;0,2721719294;418.465,61;-0,001227077;-0,00572000
ESG Muster ausgewogen;01.01.2022;0,0000012689;2,47;0,2721735332;418.468,08;0;-0,00572000
ESG Muster ausgewogen;02.01.2022;0,0000012689;2,47;0,2721751369;418.470,55;0;-0,00572000
ESG Muster ausgewogen;03.01.2022;-0,0003968263;-771,12;0,2716804625;417.699,42;0,003452963;-0,00570000
ESG Muster ausgewogen;04.01.2022;-0,0044035916;-8.553,78;0,2661235903;409.145,64;0,002417187;-0,00565000
ESG Muster ausgewogen;05.01.2022;-0,0109019560;-21.083,31;0,2524165203;388.062,33;-0,002311226;-0,00576000
ESG Muster ausgewogen;06.01.2022;-0,0067753805;-12.960,07;0,2439926510;375.102,25;-0,004419182;-0,00574000
ESG Muster ausgewogen;07.01.2022;-0,0055726201;-10.587,19;0,2371118556;364.515,06;-0,003833249;-0,00576000
ESG Muster ausgewogen;08.01.2022;0,0000013051;2,47;0,2371134595;364.517,53;0;-0,00576000
ESG Muster ausgewogen;09.01.2022;0,0000013051;2,47;0,2371150635;364.519,99;0;-0,00576000
ESG Muster ausgewogen;10.01.2022;-0,0095941710;-18.126,04;0,2253298596;346.393,95;-0,003576653;-0,00570000
ESG Muster ausgewogen;11.01.2022;0,0046722450;8.742,47;0,2310224855;355.136,43;0,003490923;-0,00564000
ESG Muster ausgewogen;12.01.2022;0,0028565872;5.370,08;0,2345214993;360.506,50;0,001879421;-0,00563000
ESG Muster ausgewogen;13.01.2022;-0,0111147317;-20.954,19;0,2208954220;339.552,31;-0,002754113;-0,00563000
ESG Muster ausgewogen;14.01.2022;-0,0027855291;-5.193,09;0,2175222748;334.359,23;-0,003346616;-0,00568000
ESG Muster ausgewogen;15.01.2022;0,0000013263;2,47;0,2175238790;334.361,69;0;-0,00568000
ESG Muster ausgewogen;16.01.2022;0,0000013263;2,47;0,2175254831;334.364,16;0;-0,00568000
ESG Muster ausgewogen;17.01.2022;0,0024987367;4.645,45;0,2205529012;339.009,61;0,001001176;-0,00560000
ESG Muster ausgewogen;18.01.2022;-0,0092167398;-17.177,85;0,2093822932;321.831,77;-0,005029436;-0,00558000
ESG Muster ausgewogen;19.01.2022;-0,0013548580;-2.501,86;0,2077594800;319.329,90;-0,001814405;-0,00557000
ESG Muster ausgewogen;20.01.2022;0,0032170905;5.932,59;0,2116242391;325.262,49;0,000643293;-0,00553000
ESG Muster ausgewogen;21.01.2022;-0,0104340922;-19.303,27;0,1990696616;305.959,23;-0,008249457;-0,00552000
ESG Muster ausgewogen;22.01.2022;0,0000013469;2,47;0,1990712659;305.961,69;0;-0,00552000
ESG Muster ausgewogen;23.01.2022;0,0000013469;2,47;0,1990728702;305.964,16;0;-0,00552000
ESG Muster ausgewogen;24.01.2022;-0,0089288755;-16.346,27;0,1884416683;289.617,88;-0,009028607;-0,00543000
ESG Muster ausgewogen;25.01.2022;-0,0055159013;-10.007,91;0,1819341428;279.609,98;-0,000029104;-0,00548000
ESG Muster ausgewogen;26.01.2022;0,0052440255;9.462,14;0,1880951851;289.072,12;0,005742292;-0,00554000
ESG Muster ausgewogen;27.01.2022;0,0006861626;1.244,58;0,1889093093;290.316,70;0,000888361;-0,00547000
ESG Muster ausgewogen;28.01.2022;0,0043864034;7.961,64;0,1940943417;298.278,34;0,000164113;-0,00550000
ESG Muster ausgewogen;29.01.2022;0,0000013526;2,47;0,1940959462;298.280,81;0;-0,00550000
ESG Muster ausgewogen;30.01.2022;0,0000013526;2,47;0,1940975507;298.283,27;0;-0,00550000
ESG Muster ausgewogen;31.01.2022;0,0058478313;10.660,83;0,2010392328;308.944,10;0,003719130;-0,00552000
ESG Muster ausgewogen;01.02.2022;0,0023535555;4.315,72;0,2038521521;313.259,82;0,002593844;-0,00547000
ESG Muster ausgewogen;02.02.2022;0,0066612519;12.243,49;0,2118242410;325.503,31;0,002125291;-0,00547000
ESG Muster ausgewogen;03.02.2022;-0,0218827233;-40.488,72;0,1854799343;285.014,59;-0,013662113;-0,00551000
ESG Muster ausgewogen;04.02.2022;-0,0038449995;-6.958,57;0,1809554560;278.056,02;-0,008144682;-0,00548000
ESG Muster ausgewogen;05.02.2022;0,0000013677;2,47;0,1809570607;278.058,48;0;-0,00548000
ESG Muster ausgewogen;06.02.2022;0,0000013677;2,47;0,1809586654;278.060,95;0;-0,00548000
ESG Muster ausgewogen;07.02.2022;-0,0020095713;-3.622,89;0,1786048327;274.438,06;-0,000382085;-0,00530000
ESG Muster ausgewogen;08.02.2022;-0,0021821972;-3.926,20;0,1760534782;270.511,86;0,002323224;-0,00538000
ESG Muster ausgewogen;09.02.2022;0,0108044634;19.396,91;0,1886813725;289.908,77;0,009117464;-0,00523000
ESG Muster ausgewogen;10.02.2022;-0,0091884045;-16.673,88;0,1778333284;273.234,90;-0,005009402;-0,00528000
ESG Muster ausgewogen;11.02.2022;-0,0092699040;-16.667,21;0,1669891403;256.567,69;-0,004452898;-0,00523000
ESG Muster ausgewogen;12.02.2022;0,0000013842;2,47;0,1669907452;256.570,16;0;-0,00523000
ESG Muster ausgewogen;13.02.2022;0,0000013842;2,47;0,1669923500;256.572,62;0;-0,00523000
ESG Muster ausgewogen;14.02.2022;-0,0022880681;-4.075,80;0,1643430706;252.496,82;-0,004863162;-0,00516000
ESG Muster ausgewogen;15.02.2022;0,0089468559;15.900,83;0,1746961597;268.397,65;0,006765826;-0,00523000
ESG Muster ausgewogen;16.02.2022;-0,0004930156;-884,05;0,1741243981;267.513,59;0,000767273;-0,00524000
ESG Muster ausgewogen;17.02.2022;-0,0060066295;-10.765,50;0,1671206307;256.748,09;-0,005554928;-0,00529000
ESG Muster ausgewogen;18.02.2022;-0,0055021492;-9.802,10;0,1607436537;246.945,99;-0,004175791;-0,00528000
ESG Muster ausgewogen;19.02.2022;0,0000013917;2,47;0,1607452588;246.948,46;0;-0,00528000
ESG Muster ausgewogen;20.02.2022;0,0000013917;2,47;0,1607468638;246.950,92;0;-0,00528000
ESG Muster ausgewogen;21.02.2022;-0,0073913476;-13.095,30;0,1522259288;233.855,62;-0,006161902;-0,00527000
ESG Muster ausgewogen;22.02.2022;0,0002856043;502,27;0,1525560076;234.357,88;-0,005589887;-0,00528000
ESG Muster ausgewogen;23.02.2022;-0,0046525678;-8.184,40;0,1472313550;226.173,49;-0,004428614;-0,00529000
ESG Muster ausgewogen;24.02.2022;0,0081999508;14.357,54;0,1565808115;240.531,03;-0,005714104;-0,00530000
ESG Muster ausgewogen;25.02.2022;0,0050983295;9.000,02;0,1624429212;249.531,04;0,010794859;-0,00528000
ESG Muster ausgewogen;26.02.2022;0,0000013897;2,47;0,1624445264;249.533,51;0;-0,00528000
ESG Muster ausgewogen;27.02.2022;0,0000013897;2,47;0,1624461316;249.535,97;0;-0,00528000
ESG Muster ausgewogen;28.02.2022;0,0060162535;10.674,59;0,1693986185;260.210,57;-0,000841143;-0,00533000
ESG Muster ausgewogen;01.03.2022;0,0026498272;4.729,85;0,1724812284;264.940,42;-0,004926706;-0,00534000
ESG Muster ausgewogen;02.03.2022;0,0019382015;3.468,79;0,1747429517;268.409,21;0,004121577;-0,00532000
ESG Muster ausgewogen;03.03.2022;-0,0012304036;-2.206,32;0,1733099954;266.202,89;-0,006689171;-0,00526000
ESG Muster ausgewogen;04.03.2022;-0,0024555864;-4.397,85;0,1704501469;261.805,04;-0,009284321;-0,00520000
ESG Muster ausgewogen;05.03.2022;0,0000013802;2,47;0,1704517523;261.807,51;0;-0,00520000
ESG Muster ausgewogen;06.03.2022;0,0000013802;2,47;0,1704533576;261.809,97;0;-0,00520000
ESG Muster ausgewogen;07.03.2022;-0,0123288645;-22.026,33;0,1561160007;239.783,64;-0,013610530;-0,00498000
ESG Muster ausgewogen;08.03.2022;-0,0068267840;-12.046,13;0,1482760064;227.737,50;-0,004219389;-0,00499000
ESG Muster ausgewogen;09.03.2022;0,0128679752;22.551,05;0,1629617622;250.288,55;0,022002718;-0,00491000
ESG Muster ausgewogen;10.03.2022;-0,0078533571;-13.940,06;0,1538884128;236.348,49;-0,010167618;-0,00505000
ESG Muster ausgewogen;11.03.2022;-0,0002113480;-372,21;0,1536490085;235.976,28;0,001462132;-0,00502000
ESG Muster ausgewogen;12.03.2022;0,0000014004;2,47;0,1536506140;235.978,75;0;-0,00502000
ESG Muster ausgewogen;13.03.2022;0,0000014004;2,47;0,1536522195;235.981,22;0;-0,00502000
ESG Muster ausgewogen;14.03.2022;-0,0038391419;-6.759,72;0,1492536690;229.221,49;0,003239899;-0,00500000
ESG Muster ausgewogen;15.03.2022;0,0062685255;10.973,72;0,1564028910;240.195,22;0,005727943;-0,00502000
ESG Muster ausgewogen;16.03.2022;0,0150385525;26.491,62;0,1736571587;266.686,84;0,013443085;-0,00488000
ESG Muster ausgewogen;17.03.2022;0,0032044784;5.729,84;0,1773925722;272.416,68;-0,000694824;-0,00493000
ESG Muster ausgewogen;18.03.2022;0,0086287981;15.478,36;0,1874763489;287.895,03;0,004892642;-0,00487000
ESG Muster ausgewogen;19.03.2022;0,0000013628;2,47;0,1874779546;287.897,50;0;-0,00487000
ESG Muster ausgewogen;20.03.2022;0,0000013628;2,47;0,1874795603;287.899,96;0;-0,00487000
ESG Muster ausgewogen;21.03.2022;-0,0015738513;-2.847,55;0,1856297443;285.052,42;-0,002796305;-0,00494000
ESG Muster ausgewogen;22.03.2022;0,0025970038;4.691,33;0,1886893424;289.743,74;0,003703291;-0,00499000
ESG Muster ausgewogen;23.03.2022;-0,0029541039;-5.350,26;0,1852095398;284.393,48;-0,004889082;-0,00493000
ESG Muster ausgewogen;24.03.2022;0,0065828523;11.887,17;0,1929555932;296.280,66;0,000363815;-0,00483000
ESG Muster ausgewogen;25.03.2022;-0,0028599401;-5.198,42;0,1895745741;291.082,24;0,000523806;-0,00477000
ESG Muster ausgewogen;26.03.2022;0,0000013604;2,47;0,1895761800;291.084,71;0;-0,00477000
ESG Muster ausgewogen;27.03.2022;0,0000013604;2,47;0,1895777859;291.087,17;0;-0,00477000
ESG Muster ausgewogen;28.03.2022;0,0038816796;7.035,44;0,1941643740;298.122,61;0,002799388;-0,00477000
ESG Muster ausgewogen;29.03.2022;0,0050179563;9.130,21;0,2001154924;307.252,82;0,006232351;-0,00473000
ESG Muster ausgewogen;30.03.2022;-0,0062646711;-11.455,82;0,1926587566;295.797,00;-0,007270206;-0,00464000
ESG Muster ausgewogen;31.03.2022;-0,0004410049;-801,39;0,1921412639;294.995,62;-0,003556577;-0,00458000
ESG Muster ausgewogen;01.04.2022;-0,0016300764;-2.960,84;0,1902171623;292.034,78;0,002519645;-0,00461000
ESG Muster ausgewogen;02.04.2022;0,0000013597;2,47;0,1902187683;292.037,24;0;-0,00461000
ESG Muster ausgewogen;03.04.2022;0,0000013597;2,47;0,1902203744;292.039,71;0;-0,00461000
ESG Muster ausgewogen;04.04.2022;0,0090351467;16.384,56;0,2008970988;308.424,27;0,005185067;-0,00447000
ESG Muster ausgewogen;05.04.2022;-0,0046613988;-8.529,47;0,1953457629;299.894,80;-0,004380857;-0,00467000
ESG Muster ausgewogen;06.04.2022;-0,0109968005;-20.028,25;0,1823038928;279.866,54;-0,008455295;-0,00463000
ESG Muster ausgewogen;07.04.2022;0,0015199880;2.737,88;0,1840915099;282.604,43;-0,001264907;-0,00465000
ESG Muster ausgewogen;08.04.2022;-0,0038996839;-7.034,99;0,1795128918;275.569,44;0,002995127;-0,00449000
ESG Muster ausgewogen;09.04.2022;0,0000013722;2,47;0,1795144981;275.571,90;0;-0,00449000
ESG Muster ausgewogen;10.04.2022;0,0000013722;2,47;0,1795161043;275.574,37;0;-0,00449000
ESG Muster ausgewogen;11.04.2022;-0,0104342000;-18.749,84;0,1673057415;256.824,53;-0,008174596;-0,00435000
ESG Muster ausgewogen;12.04.2022;-0,0017102437;-3.041,17;0,1653282922;253.783,36;-0,001506410;-0,00433000
ESG Muster ausgewogen;13.04.2022;0,0038194310;6.780,13;0,1697490119;260.563,49;0,002461358;-0,00448000
ESG Muster ausgewogen;14.04.2022;-0,0027984205;-4.986,64;0,1665040506;255.576,85;0,000660054;-0,00452000
ESG Muster ausgewogen;15.04.2022;0,0006114499;1.086,52;0,1672155807;256.663,37;-0,000109114;-0,00452000
ESG Muster ausgewogen;16.04.2022;0,0000013868;2,47;0,1672171871;256.665,84;0;-0,00452000
ESG Muster ausgewogen;17.04.2022;0,0000013868;2,47;0,1672187935;256.668,31;0;-0,00452000
ESG Muster ausgewogen;18.04.2022;0,0017096638;3.039,87;0,1692029678;259.708,18;-0,000901985;-0,00452000
ESG Muster ausgewogen;19.04.2022;-0,0038763900;-6.904,21;0,1647083785;252.803,97;0,001037477;-0,00468000
ESG Muster ausgewogen;20.04.2022;0,0017832922;3.163,90;0,1667733550;255.967,86;0,003873030;-0,00475000
ESG Muster ausgewogen;21.04.2022;-0,0035432694;-6.297,64;0,1626736970;249.670,22;-0,001455232;-0,00463000
ESG Muster ausgewogen;22.04.2022;-0,0121918969;-21.592,53;0,1486081839;228.077,70;-0,012502023;-0,00427000
ESG Muster ausgewogen;23.04.2022;0,0000014094;2,47;0,1486097906;228.080,16;0;-0,00427000
ESG Muster ausgewogen;24.04.2022;0,0000014094;2,47;0,1486113972;228.082,63;0;-0,00427000
ESG Muster ausgewogen;25.04.2022;0,0004387632;767,60;0,1491147270;228.850,23;-0,000194477;-0,00415000
ESG Muster ausgewogen;26.04.2022;-0,0079817668;-13.969,97;0,1400151185;214.880,26;-0,006909827;-0,00430000
ESG Muster ausgewogen;27.04.2022;0,0023860247;4.142,77;0,1427175510;219.023,03;0,003751142;-0,00445000
ESG Muster ausgewogen;28.04.2022;0,0104510610;18.189,11;0,1545730087;237.212,14;0,005232416;-0,00438000
ESG Muster ausgewogen;29.04.2022;-0,0086887154;-15.279,95;0,1446192616;221.932,19;-0,005667289;-0,00429000
ESG Muster ausgewogen;30.04.2022;0,0000014144;2,47;0,1446208683;221.934,66;0;-0,00429000
ESG Muster ausgewogen;01.05.2022;0,0000014144;2,47;0,1446224751;221.937,12;0;-0,00429000
ESG Muster ausgewogen;02.05.2022;-0,0020533951;-3.579,73;0,1422927563;218.357,39;-0,004386223;-0,00416000
ESG Muster ausgewogen;03.05.2022;-0,0001726290;-300,33;0,1420999938;218.057,06;0,001731994;-0,00425000
ESG Muster ausgewogen;04.05.2022;0,0009769472;1.699,34;0,1432103516;219.756,41;0,002581405;-0,00427000
ESG Muster ausgewogen;05.05.2022;-0,0075314395;-13.113,30;0,1346674710;206.643,10;-0,010342003;-0,00421000
ESG Muster ausgewogen;06.05.2022;-0,0106748142;-18.446,38;0,1226486360;188.196,72;-0,011136233;-0,00426000
ESG Muster ausgewogen;07.05.2022;0,0000014423;2,47;0,1226502429;188.199,19;0;-0,00426000
ESG Muster ausgewogen;08.05.2022;0,0000014423;2,47;0,1226518499;188.201,65;0;-0,00426000
ESG Muster ausgewogen;09.05.2022;-0,0173822271;-29.716,43;0,1032876239;158.485,22;-0,011272485;-0,00402000
ESG Muster ausgewogen;10.05.2022;0,0072846739;12.237,31;0,1112651480;170.722,53;0,005487888;-0,00417000
ESG Muster ausgewogen;11.05.2022;0,0005426897;918,29;0,1118658806;171.640,82;0,003298814;-0,00414000
ESG Muster ausgewogen;12.05.2022;0,0007411245;1.254,74;0,1126859127;172.895,57;0,003275533;-0,00406000
ESG Muster ausgewogen;13.05.2022;0,0078642614;13.324,27;0,1213725222;186.219,83;0,008948367;-0,00403000
ESG Muster ausgewogen;14.05.2022;0,0000014440;2,47;0,1213741293;186.222,30;0;-0,00403000
ESG Muster ausgewogen;15.05.2022;0,0000014440;2,47;0,1213757364;186.224,77;0;-0,00403000
ESG Muster ausgewogen;16.05.2022;-0,0028383770;-4.846,84;0,1182190597;181.377,92;-0,002079473;-0,00403000
ESG Muster ausgewogen;17.05.2022;0,0024086692;4.101,39;0,1208946696;185.479,32;0,003152928;-0,00380000
ESG Muster ausgewogen;18.05.2022;-0,0106522096;-18.181,88;0,1090459408;167.297,44;-0,010191765;-0,00368000
ESG Muster ausgewogen;19.05.2022;-0,0050898111;-8.595,08;0,1034456218;158.702,36;-0,005324049;-0,00348000
ESG Muster ausgewogen;20.05.2022;0,0015038946;2.526,67;0,1050946126;161.229,04;0,002713393;-0,00348000
ESG Muster ausgewogen;21.05.2022;0,0000043787;7,37;0,1050994151;161.236,40;0;-0,00348000
ESG Muster ausgewogen;22.05.2022;0,0000043786;7,37;0,1051042175;161.243,77;0;-0,00348000
ESG Muster ausgewogen;23.05.2022;0,0024900512;4.189,83;0,1078373875;165.433,60;0,004118311;-0,00363000
ESG Muster ausgewogen;24.05.2022;-0,0069390547;-11.704,93;0,1002095020;153.728,68;-0,005954846;-0,00356000
ESG Muster ausgewogen;25.05.2022;0,0044410350;7.439,24;0,1050608621;161.167,92;0,004034890;-0,00351000
ESG Muster ausgewogen;26.05.2022;0,0022047718;3.709,65;0,1074811343;164.877,56;0,006332636;-0,00352000
ESG Muster ausgewogen;27.05.2022;0,0130026694;21.925,92;0,1217766223;186.803,48;0,010127685;-0,00368000
ESG Muster ausgewogen;28.05.2022;0,0000042683;7,29;0,1217813753;186.810,77;0;-0,00368000
ESG Muster ausgewogen;29.05.2022;0,0000042683;7,29;0,1217861284;186.818,06;0;-0,00368000
ESG Muster ausgewogen;30.05.2022;0,0019493991;3.329,97;0,1239592771;190.148,03;0,000029103;-0,00354000
ESG Muster ausgewogen;31.05.2022;-0,0056495247;-9.669,35;0,1176579593;180.478,68;-0,004980821;-0,00338000
ESG Muster ausgewogen;01.06.2022;-0,0018948076;-3.224,70;0,1155578764;177.253,98;-0,003099947;-0,00335000
ESG Muster ausgewogen;02.06.2022;0,0039143341;6.649,04;0,1198948552;183.903,02;0,003746714;-0,00327000
ESG Muster ausgewogen;03.06.2022;-0,0063652139;-10.854,52;0,1128203913;173.048,49;-0,004775297;-0,00328000
ESG Muster ausgewogen;04.06.2022;0,0000043054;7,30;0,1128251475;173.055,79;0;-0,00328000
ESG Muster ausgewogen;05.06.2022;0,0000043054;7,30;0,1128299037;173.063,08;0;-0,00328000
ESG Muster ausgewogen;06.06.2022;0,0024893967;4.218,15;0,1155821068;177.281,24;0,002924490;-0,00314000
ESG Muster ausgewogen;07.06.2022;0,0005959377;1.012,30;0,1162442414;178.293,54;0,000264536;-0,00298000
ESG Muster ausgewogen;08.06.2022;-0,0034194894;-5.812,03;0,1124569640;172.481,50;-0,005856382;-0,00302000
ESG Muster ausgewogen;09.06.2022;-0,0080556501;-13.645,20;0,1035622661;158.836,31;-0,010233032;-0,00282000
ESG Muster ausgewogen;10.06.2022;-0,0109797990;-18.448,50;0,0915353981;140.387,81;-0,015290822;-0,00298000
ESG Muster ausgewogen;11.06.2022;0,0000050965;8,47;0,0915409201;140.396,28;0;-0,00298000
ESG Muster ausgewogen;12.06.2022;0,0000050965;8,47;0,0915464422;140.404,75;0;-0,00298000
ESG Muster ausgewogen;13.06.2022;-0,0176567946;-29.341,89;0,0724163134;111.062,86;-0,016680599;-0,00281000
ESG Muster ausgewogen;14.06.2022;-0,0078111961;-12.751,37;0,0641031931;98.311,49;-0,006131996;-0,00243000
ESG Muster ausgewogen;15.06.2022;0,0093777200;15.189,06;0,0740084251;113.500,55;0,009299729;-0,00182000
ESG Muster ausgewogen;16.06.2022;-0,0154180149;-25.206,69;0,0575733432;88.293,86;-0,018844675;-0,00172000
ESG Muster ausgewogen;17.06.2022;0,0018927276;3.046,68;0,0595610400;91.340,54;0,003036750;-0,00169000
ESG Muster ausgewogen;18.06.2022;0,0000052574;8,48;0,0595665687;91.349,02;0;-0,00169000
ESG Muster ausgewogen;19.06.2022;0,0000052573;8,48;0,0595720975;91.357,50;0;-0,00169000
ESG Muster ausgewogen;20.06.2022;-0,0017156990;-2.766,98;0,0577688374;88.590,52;0,000548993;-0,00178000
ESG Muster ausgewogen;21.06.2022;0,0074538800;12.000,57;0,0655954233;100.591,09;0,004226027;-0,00163000
ESG Muster ausgewogen;22.06.2022;-0,0017766904;-2.881,75;0,0637173542;97.709,34;-0,000892186;-0,00172000
ESG Muster ausgewogen;23.06.2022;0,0047973665;7.767,39;0,0687837595;105.476,73;0,003070964;-0,00186000
ESG Muster ausgewogen;24.06.2022;0,0165461656;26.918,33;0,0863393137;132.395,06;0,011381238;-0,00218000
ESG Muster ausgewogen;25.06.2022;0,0000051109;8,45;0,0863448258;132.403,51;0;-0,00218000
ESG Muster ausgewogen;26.06.2022;0,0000051109;8,45;0,0863503378;132.411,96;0;-0,00218000
ESG Muster ausgewogen;27.06.2022;-0,0040389860;-6.679,66;0,0819957235;125.732,30;-0,002106302;-0,00218000
ESG Muster ausgewogen;28.06.2022;-0,0061934069;-10.201,27;0,0753443142;115.531,03;-0,004294911;-0,00211000
ESG Muster ausgewogen;29.06.2022;0,0030025646;4.914,95;0,0785509789;120.445,97;-0,001358124;-0,00191000
ESG Muster ausgewogen;30.06.2022;-0,0081242011;-13.338,57;0,0698531906;107.107,41;-0,003394217;-0,00195000
ESG Muster ausgewogen;01.07.2022;0,0039326371;6.404,27;0,0740311819;113.511,68;0,006721968;-0,00176000
ESG Muster ausgewogen;02.07.2022;0,0000052065;8,51;0,0740367334;113.520,19;0;-0,00176000
ESG Muster ausgewogen;03.07.2022;0,0000052065;8,51;0,0740422849;113.528,70;0;-0,00176000
ESG Muster ausgewogen;04.07.2022;0,0030628310;5.007,47;0,0773094149;118.536,17;-0,003876202;-0,00165000
ESG Muster ausgewogen;05.07.2022;0,0078373010;12.852,56;0,0856933141;131.388,72;0,000907725;-0,00145000
ESG Muster ausgewogen;06.07.2022;0,0090132381;14.896,85;0,0954108211;146.285,57;0,007426498;-0,00152000
ESG Muster ausgewogen;07.07.2022;0,0088844071;14.816,27;0,1050760909;161.101,84;0,006944559;-0,00141000
ESG Muster ausgewogen;08.07.2022;0,0029233811;4.918,55;0,1082859420;166.020,39;0,003654702;-0,00087000
ESG Muster ausgewogen;09.07.2022;0,0000051149;8,63;0,1082915715;166.029,02;0;-0,00087000
ESG Muster ausgewogen;10.07.2022;0,0000051149;8,63;0,1082972010;166.037,65;0;-0,00087000
ESG Muster ausgewogen;11.07.2022;0,0011201652;1.890,19;0,1095318872;167.927,84;-0,002283254;-0,00070000
ESG Muster ausgewogen;12.07.2022;-0,0039802955;-6.723,97;0,1051478803;161.203,88;0,001858754;-0,00058000
ESG Muster ausgewogen;13.07.2022;-0,0033439885;-5.626,56;0,1014795346;155.577,32;-0,007275455;-0,00052000
ESG Muster ausgewogen;14.07.2022;-0,0042759525;-7.170,61;0,0968038938;148.406,71;-0,005599335;0,00002000
ESG Muster ausgewogen;15.07.2022;0,0046873325;7.826,87;0,1019109289;156.233,58;0,010236583;0,00072000
ESG Muster ausgewogen;16.07.2022;0,0000051736;8,68;0,1019165905;156.242,26;0;0,00072000
ESG Muster ausgewogen;17.07.2022;0,0000051736;8,68;0,1019222520;156.250,94;0;0,00072000
ESG Muster ausgewogen;18.07.2022;-0,0051762051;-8.683,79;0,0962593930;147.567,15;-0,002945208;0,00047000
ESG Muster ausgewogen;19.07.2022;0,0065602621;10.948,77;0,1034030450;158.515,91;0,009470175;0,00042000
ESG Muster ausgewogen;20.07.2022;0,0052700352;8.853,14;0,1091798798;167.369,05;0,002742093;0,00125000
ESG Muster ausgewogen;21.07.2022;0,0072909821;12.312,68;0,1172136909;179.681,73;0,002852791;0,00145000
ESG Muster ausgewogen;22.07.2022;-0,0034344663;-5.842,26;0,1134043604;173.839,47;0,003002658;0,00200000
ESG Muster ausgewogen;23.07.2022;0,0000050834;8,62;0,1134099821;173.848,09;0;0,00200000
ESG Muster ausgewogen;24.07.2022;0,0000050834;8,62;0,1134156037;173.856,71;0;0,00200000
ESG Muster ausgewogen;25.07.2022;-0,0026617900;-4.512,38;0,1104737061;169.344,33;0,000141780;0,00233000
ESG Muster ausgewogen;26.07.2022;0,0045056218;7.617,79;0,1154450856;176.962,12;-0,001356147;0,00212000
ESG Muster ausgewogen;27.07.2022;0,0069978515;11.884,78;0,1232003253;188.846,90;0,006348531;0,00238000
ESG Muster ausgewogen;28.07.2022;0,0129471981;22.142,71;0,1376479966;210.989,61;0,009332616;0,00267000
ESG Muster ausgewogen;29.07.2022;0,0083728357;14.504,89;0,1471131760;225.494,50;0,005145821;0,00232000
ESG Muster ausgewogen;30.07.2022;0,0000049308;8,61;0,1471187955;225.503,12;0;0,00232000
ESG Muster ausgewogen;31.07.2022;0,0000020310;3,55;0,1471211102;225.506,67;0;0,00232000
ESG Muster ausgewogen;01.08.2022;-0,0003996109;-698,08;0,1466679672;224.808,59;-0,000055213;0,00246000
ESG Muster ausgewogen;02.08.2022;-0,0019566003;-3.416,60;0,1444411721;221.391,98;-0,001749848;0,00260000
ESG Muster ausgewogen;03.08.2022;0,0061274366;10.678,76;0,1514105751;232.070,74;0,004390367;0,00252000
ESG Muster ausgewogen;04.08.2022;0,0019416102;3.404,53;0,1536341641;235.475,27;0,002010795;0,00269000
ESG Muster ausgewogen;05.08.2022;-0,0027355887;-4.806,05;0,1505007977;230.669,22;-0,004973524;0,00277000
ESG Muster ausgewogen;06.08.2022;0,0000049266;8,63;0,1505064294;230.677,85;0;0,00277000
ESG Muster ausgewogen;07.08.2022;0,0000049266;8,63;0,1505120612;230.686,49;0;0,00277000
ESG Muster ausgewogen;08.08.2022;0,0035103284;6.150,35;0,1545272301;236.836,83;0,001607518;0,00301000
ESG Muster ausgewogen;09.08.2022;-0,0053883263;-9.473,87;0,1483481328;227.362,96;-0,005986662;0,00321000
ESG Muster ausgewogen;10.08.2022;0,0061529489;10.759,96;0,1553710631;238.122,92;0,006934002;0,00325000
ESG Muster ausgewogen;11.08.2022;-0,0029970361;-5.273,31;0,1519326095;232.849,61;-0,001966155;0,00321000
ESG Muster ausgewogen;12.08.2022;0,0063296325;11.103,66;0,1591800537;243.953,27;0,006297611;0,00333000
ESG Muster ausgewogen;13.08.2022;0,0000048681;8,59;0,1591856612;243.961,86;0;0,00333000
ESG Muster ausgewogen;14.08.2022;0,0000048681;8,59;0,1591912687;243.970,46;0;0,00333000
ESG Muster ausgewogen;15.08.2022;0,0090877431;16.043,10;0,1696619624;260.013,56;0,004347010;0,00339000
ESG Muster ausgewogen;16.08.2022;-0,0016271945;-2.898,68;0,1677730344;257.114,87;0,000372310;0,00333000
ESG Muster ausgewogen;17.08.2022;-0,0067993471;-12.092,64;0,1598846943;245.022,23;-0,010045512;0,00351000
ESG Muster ausgewogen;18.08.2022;0,0015392137;2.718,88;0,1616612345;247.741,11;0,001756348;0,00391000
ESG Muster ausgewogen;19.08.2022;-0,0056922877;-10.070,38;0,1550921812;237.670,74;-0,007458712;0,00430000
ESG Muster ausgewogen;20.08.2022;0,0000049480;8,70;0,1550978609;237.679,44;0;0,00430000
ESG Muster ausgewogen;21.08.2022;0,0000049480;8,70;0,1551035407;237.688,14;0;0,00430000
ESG Muster ausgewogen;22.08.2022;-0,0068060485;-11.972,34;0,1472931404;225.715,81;-0,010706999;0,00453000
ESG Muster ausgewogen;23.08.2022;-0,0048906015;-8.544,38;0,1417194884;217.171,43;-0,002564406;0,00468000
ESG Muster ausgewogen;24.08.2022;-0,0017453429;-3.034,38;0,1397413754;214.137,05;-0,000251417;0,00493000
ESG Muster ausgewogen;25.08.2022;0,0074722594;12.968,27;0,1482063442;227.105,33;0,005402841;0,00518000
ESG Muster ausgewogen;26.08.2022;-0,0153978631;-26.923,02;0,1306385714;200.182,31;-0,015400524;0,00542000
ESG Muster ausgewogen;27.08.2022;0,0000050789;8,74;0,1306442775;200.191,05;0;0,00542000
ESG Muster ausgewogen;28.08.2022;0,0000050789;8,74;0,1306499837;200.199,79;0;0,00542000
ESG Muster ausgewogen;29.08.2022;-0,0101713277;-17.510,81;0,1192241778;182.688,99;-0,005719721;0,00582000
ESG Muster ausgewogen;30.08.2022;-0,0065279915;-11.124,18;0,1119660550;171.564,81;-0,001686750;0,00620000
ESG Muster ausgewogen;31.08.2022;-0,0052500965;-8.888,15;0,1061670106;162.676,65;-0,006675288;0,00654000
ESG Muster ausgewogen;01.09.2022;-0,0015179377;-2.556,30;0,1045001839;160.120,35;-0,003504403;0,00712000
ESG Muster ausgewogen;02.09.2022;0,0005155445;866,89;0,1050674316;160.987,24;0,007364014;0,00763000
ESG Muster ausgewogen;03.09.2022;0,0000037350;6,28;0,1050715326;160.993,53;0;0,00763000
ESG Muster ausgewogen;04.09.2022;0,0000052007;8,75;0,1050772429;161.002,28;0;0,00763000
ESG Muster ausgewogen;05.09.2022;-0,0041778863;-7.028,82;0,1004913336;153.973,45;-0,005256207;0,00783000
ESG Muster ausgewogen;06.09.2022;-0,0016235426;-2.720,02;0,0987174884;151.253,44;0,001218841;0,00816000
ESG Muster ausgewogen;07.09.2022;0,0045715185;7.646,50;0,1037095211;158.899,94;0,003203259;0,00822000
ESG Muster ausgewogen;08.09.2022;0,0008559085;1.438,17;0,1046496294;160.338,11;-0,001711350;0,00836000
ESG Muster ausgewogen;09.09.2022;0,0042645804;7.171,84;0,1093320699;167.509,95;0,006995438;0,00934000
ESG Muster ausgewogen;10.09.2022;0,0000051529;8,70;0,1093377501;167.518,65;0;0,00934000
ESG Muster ausgewogen;11.09.2022;0,0000051529;8,70;0,1093434302;167.527,36;0;0,00934000
ESG Muster ausgewogen;12.09.2022;0,0053404416;9.019,54;0,1152319828;176.546,90;0,008079164;0,00988000
ESG Muster ausgewogen;13.09.2022;-0,0083266439;-14.138,08;0,1060055307;162.408,82;-0,013084308;0,01000000
ESG Muster ausgewogen;14.09.2022;-0,0010969408;-1.847,02;0,1048013987;160.561,80;-0,003588912;0,01013000
ESG Muster ausgewogen;15.09.2022;-0,0055842241;-9.392,37;0,0986721854;151.169,43;-0,005257497;0,01030000
ESG Muster ausgewogen;16.09.2022;-0,0090169834;-15.081,40;0,0888293739;136.088,03;-0,008209387;0,01063000
ESG Muster ausgewogen;17.09.2022;0,0000083831;13,89;0,0888384435;136.101,92;0;0,01063000
ESG Muster ausgewogen;18.09.2022;0,0000083830;13,89;0,0888475131;136.115,82;0;0,01063000
ESG Muster ausgewogen;19.09.2022;-0,0029167814;-4.834,57;0,0856929818;131.281,25;0,002038082;0,01066000
ESG Muster ausgewogen;20.09.2022;-0,0044618815;-7.374,00;0,0808807396;123.907,25;-0,008419014;0,01100000
ESG Muster ausgewogen;21.09.2022;0,0016654087;2.715,10;0,0826557059;126.622,34;0,000684194;0,01118000
ESG Muster ausgewogen;22.09.2022;-0,0062324127;-10.177,55;0,0760145283;116.444,79;-0,008356206;0,01120000
ESG Muster ausgewogen;23.09.2022;-0,0015834666;-2.569,69;0,0743394417;113.875,10;-0,008572079;0,01153000
ESG Muster ausgewogen;24.09.2022;0,0000085523;13,86;0,0743484878;113.888,96;0;0,01153000
ESG Muster ausgewogen;25.09.2022;0,0000085523;13,86;0,0743575339;113.902,82;0;0,01153000
ESG Muster ausgewogen;26.09.2022;-0,0043785517;-7.094,50;0,0697283729;106.808,32;-0,004317172;0,01168000
ESG Muster ausgewogen;27.09.2022;-0,0004470965;-721,25;0,0692597263;106.087,07;-0,003533219;0,01228000
ESG Muster ausgewogen;28.09.2022;0,0039995488;6.449,14;0,0734724354;112.536,22;0,005585542;0,01193000
ESG Muster ausgewogen;29.09.2022;-0,0112927374;-18.282,00;0,0615384656;94.254,21;-0,011999540;0,01160000
ESG Muster ausgewogen;30.09.2022;0,0006935489;1.110,12;0,0622652272;95.364,33;0,002383564;0,01173000
ESG Muster ausgewogen;01.10.2022;0,0000086144;13,80;0,0622742363;95.378,13;0;0,01173000
ESG Muster ausgewogen;02.10.2022;0,0000086144;13,80;0,0622832453;95.391,93;0;0,01173000
ESG Muster ausgewogen;03.10.2022;0,0106113640;16.996,99;0,0733832215;112.388,92;0,010669895;0,01185000
ESG Muster ausgewogen;04.10.2022;0,0081599461;13.209,07;0,0820105242;125.597,99;0,015772608;0,01173000
ESG Muster ausgewogen;05.10.2022;-0,0030297442;-4.944,48;0,0787844355;120.653,51;-0,005270689;0,01200000
ESG Muster ausgewogen;06.10.2022;-0,0006845420;-1.113,77;0,0780595911;119.539,74;-0,005134130;0,01248000
ESG Muster ausgewogen;07.10.2022;-0,0076386029;-12.419,76;0,0699516404;107.119,98;-0,011122400;0,01288000
ESG Muster ausgewogen;08.10.2022;0,0000085776;13,84;0,0699606781;107.133,82;0;0,01288000
ESG Muster ausgewogen;09.10.2022;0,0000085775;13,84;0,0699697159;107.147,66;0;0,01288000
ESG Muster ausgewogen;10.10.2022;-0,0033549921;-5.413,38;0,0664367172;101.734,28;-0,001637018;0,01319000
ESG Muster ausgewogen;11.10.2022;-0,0018276012;-2.938,99;0,0645194171;98.795,29;-0,002691319;0,01340000
ESG Muster ausgewogen;12.10.2022;-0,0015080474;-2.420,68;0,0629404915;96.374,61;-0,002458210;0,01363000
ESG Muster ausgewogen;13.10.2022;0,0007958742;1.275,59;0,0637755040;97.650,20;0,006669226;0,01378000
ESG Muster ausgewogen;14.10.2022;0,0010299793;1.652,12;0,0648564779;99.302,32;-0,002523677;0,01403000
ESG Muster ausgewogen;15.10.2022;0,0000086241;13,85;0,0648655220;99.316,17;0;0,01403000
ESG Muster ausgewogen;16.10.2022;0,0000086240;13,85;0,0648745662;99.330,02;0;0,01403000
ESG Muster ausgewogen;17.10.2022;0,0014097826;2.263,70;0,0663550499;101.593,72;0,009130321;0,01458000
ESG Muster ausgewogen;18.10.2022;0,0026113304;4.198,95;0,0690996450;105.792,67;0,004666213;0,01456000
ESG Muster ausgewogen;19.10.2022;-0,0043515933;-7.015,52;0,0645193196;98.777,15;-0,003990986;0,01462000
ESG Muster ausgewogen;20.10.2022;-0,0021305408;-3.419,85;0,0622874034;95.357,29;-0,002781701;0,01502000
ESG Muster ausgewogen;21.10.2022;-0,0006195157;-992,30;0,0616410719;94.364,99;0,003206321;0,01543000
ESG Muster ausgewogen;22.10.2022;0,0000092511;14,81;0,0616507452;94.379,80;0;0,01543000
ESG Muster ausgewogen;23.10.2022;0,0000092510;14,81;0,0616604185;94.394,61;0;0,01543000
ESG Muster ausgewogen;24.10.2022;0,0053912164;8.630,13;0,0672997888;103.024,74;0,006652580;0,01558000
ESG Muster ausgewogen;25.10.2022;0,0057932090;9.323,62;0,0733925187;112.348,36;0,008170294;0,01577000
ESG Muster ausgewogen;26.10.2022;-0,0016159501;-2.615,79;0,0716858513;109.732,57;0,000837537;0,01578000
ESG Muster ausgewogen;27.10.2022;-0,0000827454;-133,73;0,0716005975;109.598,85;0,004418794;0,01605000
ESG Muster ausgewogen;28.10.2022;0,0054050066;8.734,38;0,0773090078;118.333,23;0,002919282;0,01641000
ESG Muster ausgewogen;29.10.2022;0,0000115308;18,73;0,0773212472;118.351,96;0;0,01641000
ESG Muster ausgewogen;30.10.2022;0,0000115307;18,73;0,0773334866;118.370,70;0;0,01641000
ESG Muster ausgewogen;31.10.2022;-0,0003412447;-554,44;0,0769735112;117.816,26;-0,000380301;0,01704000
ESG Muster ausgewogen;01.11.2022;-0,0007136809;-1.159,16;0,0762184099;116.657,10;0,002355264;0,01737000
ESG Muster ausgewogen;02.11.2022;-0,0018514427;-3.004,96;0,0742572583;113.652,14;-0,006642844;0,01726000
ESG Muster ausgewogen;03.11.2022;-0,0027627477;-4.475,74;0,0713349889;109.176,40;-0,005929890;0,01732000
ESG Muster ausgewogen;04.11.2022;0,0016565651;2.676,28;0,0730857496;111.852,67;0,007330078;0,01734000
ESG Muster ausgewogen;05.11.2022;0,0000136753;22,13;0,0731002095;111.874,80;0;0,01734000
ESG Muster ausgewogen;06.11.2022;0,0000136751;22,13;0,0731146694;111.896,93;0;0,01734000
ESG Muster ausgewogen;07.11.2022;0,0000238932;38,67;0,0731420315;111.935,60;0,001732410;0,01742000
ESG Muster ausgewogen;08.11.2022;0,0066472666;10.757,38;0,0801735127;122.692,98;0,004291867;0,01791000
ESG Muster ausgewogen;09.11.2022;0,0017345287;2.825,68;0,0820222804;125.518,65;-0,002044029;0,01802000
ESG Muster ausgewogen;10.11.2022;0,0154815086;25.264,26;0,0985344352;150.782,92;0,022677745;0,01798000
ESG Muster ausgewogen;11.11.2022;-0,0023164801;-3.838,79;0,0960285584;146.944,13;-0,000887822;0,01762000
ESG Muster ausgewogen;12.11.2022;0,0000132661;21,93;0,0960428918;146.966,06;0;0,01762000
ESG Muster ausgewogen;13.11.2022;0,0000132659;21,93;0,0960572252;146.988,00;0;0,01762000
ESG Muster ausgewogen;14.11.2022;0,0005967454;986,64;0,0967047219;147.974,64;0,000510562;0,01791000
ESG Muster ausgewogen;15.11.2022;0,0018851446;3.118,70;0,0987456322;151.093,34;0,003159919;0,01795000
ESG Muster ausgewogen;16.11.2022;-0,0016388127;-2.716,29;0,0969731383;148.377,05;-0,004026759;0,01803000
ESG Muster ausgewogen;17.11.2022;-0,0049109774;-8.126,48;0,0916645602;140.250,57;0,000059267;0,01802000
ESG Muster ausgewogen;18.11.2022;0,0030570783;5.033,88;0,0949572258;145.284,45;0,004212911;0,01821000
ESG Muster ausgewogen;19.11.2022;0,0000132898;21,95;0,0949715725;145.306,40;0;0,01821000
ESG Muster ausgewogen;20.11.2022;0,0000132896;21,95;0,0949859191;145.328,35;0;0,01821000
ESG Muster ausgewogen;21.11.2022;0,0031952051;5.277,55;0,0984380234;150.605,90;0,001025401;0,01817000
ESG Muster ausgewogen;22.11.2022;-0,0003048822;-505,19;0,0981105318;150.100,71;0,003065247;0,01863000
ESG Muster ausgewogen;23.11.2022;0,0001426514;236,30;0,0982676838;150.337,01;0,000968433;0,01898000
ESG Muster ausgewogen;24.11.2022;0,0053765340;8.907,40;0,1040928483;159.244,41;0,004468714;0,01908000
ESG Muster ausgewogen;25.11.2022;-0,0021324589;-3.551,88;0,1017738786;155.692,53;-0,002692839;0,01922000
ESG Muster ausgewogen;26.11.2022;0,0000125641;20,88;0,1017875292;155.713,42;0;0,01922000
ESG Muster ausgewogen;27.11.2022;0,0000132151;21,96;0,1018018872;155.735,38;0;0,01922000
ESG Muster ausgewogen;28.11.2022;-0,0040051457;-6.657,02;0,0974529433;149.078,36;-0,004973990;0,01954000
ESG Muster ausgewogen;29.11.2022;0,0000140086;23,19;0,0974707429;149.101,55;0,001993961;0,01984000
ESG Muster ausgewogen;30.11.2022;0,0066474770;11.004,78;0,1046676182;160.106,34;0,006896181;0,01973000
ESG Muster ausgewogen;01.12.2022;0,0074171643;12.360,61;0,1127512515;172.466,94;0,002953122;0,01972000
ESG Muster ausgewogen;02.12.2022;-0,0024103088;-4.046,54;0,1101087528;168.420,40;-0,000508514;0,01975000
ESG Muster ausgewogen;03.12.2022;0,0000131052;21,95;0,1101231022;168.442,35;0;0,01975000
ESG Muster ausgewogen;04.12.2022;0,0000131050;21,95;0,1101374515;168.464,30;0;0,01975000
ESG Muster ausgewogen;05.12.2022;-0,0044973857;-7.532,42;0,1052157640;160.931,88;-0,006261847;0,01975000
ESG Muster ausgewogen;06.12.2022;-0,0013238631;-2.207,29;0,1037754176;158.724,58;-0,002686001;0,01993000
ESG Muster ausgewogen;07.12.2022;-0,0024375034;-4.058,70;0,1011244885;154.665,88;-0,001678125;0,01977000
ESG Muster ausgewogen;08.12.2022;-0,0047784559;-7.937,24;0,0959374557;146.728,64;0,000099832;0,01990000
ESG Muster ausgewogen;09.12.2022;0,0029672268;4.905,15;0,0991472637;151.633,79;-0,001319279;0,02005000
ESG Muster ausgewogen;10.12.2022;0,0000132403;21,95;0,0991616176;151.655,75;0;0,02005000
ESG Muster ausgewogen;11.12.2022;0,0000132401;21,95;0,0991759715;151.677,70;0;0,02005000
ESG Muster ausgewogen;12.12.2022;0,0009084763;1.506,31;0,1001635139;153.184,01;0,000418532;0,02052000
ESG Muster ausgewogen;13.12.2022;0,0046320909;7.687,25;0,1051927849;160.871,26;0,005028883;0,02046000
ESG Muster ausgewogen;14.12.2022;0,0006036372;1.006,42;0,1058536329;161.877,68;-0,001549767;0,02081000
ESG Muster ausgewogen;15.12.2022;-0,0177781191;-29.658,50;0,0864618541;132.219,18;-0,019148302;0,02062000
ESG Muster ausgewogen;16.12.2022;-0,0056281452;-9.222,28;0,0804332279;122.996,90;-0,006487840;0,02047000
ESG Muster ausgewogen;17.12.2022;0,0000142516;23,22;0,0804484133;123.020,12;0;0,02047000
ESG Muster ausgewogen;18.12.2022;0,0000142514;23,22;0,0804635987;123.043,34;0;0,02047000
ESG Muster ausgewogen;19.12.2022;-0,0028763642;-4.686,82;0,0774006739;118.356,53;-0,000608064;0,02063000
ESG Muster ausgewogen;20.12.2022;-0,0034158388;-5.549,84;0,0737731854;112.806,69;-0,003987088;0,02081000
ESG Muster ausgewogen;21.12.2022;0,0075691913;12.255,94;0,0817904057;125.062,63;0,007567951;0,02102000
ESG Muster ausgewogen;22.12.2022;-0,0059518344;-9.710,08;0,0754419818;115.352,54;-0,007010431;0,02125000
ESG Muster ausgewogen;23.12.2022;-0,0017999726;-2.919,08;0,0735347416;112.433,47;0,000259491;0,02141000
ESG Muster ausgewogen;24.12.2022;0,0000161542;26,15;0,0735518450;112.459,62;0;0,02141000
ESG Muster ausgewogen;25.12.2022;0,0000161540;26,15;0,0735689483;112.485,77;0;0,02141000
ESG Muster ausgewogen;26.12.2022;-0,0002874543;-465,35;0,0732664537;112.020,42;0,000058856;0,02141000
ESG Muster ausgewogen;27.12.2022;-0,0000630906;-102,11;0,0732015216;111.918,31;-0,002831713;0,02128000
ESG Muster ausgewogen;28.12.2022;-0,0024846498;-4.020,91;0,0705733768;107.897,41;-0,002117677;0,02202000
ESG Muster ausgewogen;29.12.2022;0,0043821100;7.073,94;0,0752021794;114.971,35;0,006074697;0,02184000
ESG Muster ausgewogen;30.12.2022;-0,0026371805;-4.275,80;0,0724072128;110.695,55;-0,005705356;0,02132000
ESG Muster ausgewogen;31.12.2022;0,0000054428;8,80;0,0724129699;110.704,36;0;0,02132000
ESG Muster ausgewogen;01.01.2023;0,0000161467;26,11;0,0724300491;110.730,47;0;0,02132000
ESG Muster ausgewogen;02.01.2023;0,0036980029;5.980,08;0,0763435916;116.710,55;0,005479171;0,02162000
ESG Muster ausgewogen;03.01.2023;0,0076912207;12.483,55;0,0845115283;129.194,10;0,006245835;0,02172000
ESG Muster ausgewogen;04.01.2023;0,0063514034;10.388,20;0,0913091638;139.582,30;0,009803090;0,02170000
ESG Muster ausgewogen;05.01.2023;-0,0055004589;-9.053,55;0,0853887990;130.528,74;-0,002468074;0,02178000
ESG Muster ausgewogen;06.01.2023;0,0050950090;8.340,07;0,0908469080;138.868,81;0,008499319;0,02254000
ESG Muster ausgewogen;07.01.2023;0,0000158863;26,14;0,0908640066;138.894,95;0;0,02254000
ESG Muster ausgewogen;08.01.2023;0,0000158861;26,14;0,0908811052;138.921,09;0;0,02254000
ESG Muster ausgewogen;09.01.2023;0,0025899101;4.261,18;0,0936710352;143.182,27;0,001536091;0,02270000
ESG Muster ausgewogen;10.01.2023;-0,0024788279;-4.088,98;0,0909982119;139.093,29;-0,000753899;0,02284000
ESG Muster ausgewogen;11.01.2023;0,0094345207;15.524,26;0,1011570228;154.617,55;0,007640792;0,02298000
ESG Muster ausgewogen;12.01.2023;0,0048212772;8.008,13;0,1063988482;162.625,68;0,003626231;0,02288000
ESG Muster ausgewogen;13.01.2023;0,0021250004;3.546,64;0,1087218886;166.172,32;0,001858461;0,02328000
ESG Muster ausgewogen;14.01.2023;0,0000178374;29,83;0,1087414082;166.202,15;0;0,02328000
ESG Muster ausgewogen;15.01.2023;0,0000178371;29,83;0,1087609278;166.231,99;0;0,02328000
ESG Muster ausgewogen;16.01.2023;0,0024195946;4.047,04;0,1114114817;170.279,03;0,001792655;0,02334000
ESG Muster ausgewogen;17.01.2023;0,0009139008;1.532,30;0,1124167486;171.811,33;0,003969483;0,02335000
ESG Muster ausgewogen;18.01.2023;-0,0015236694;-2.557,01;0,1107463405;169.254,32;-0,001542422;0,02342000
ESG Muster ausgewogen;19.01.2023;-0,0084780770;-14.206,16;0,1014533981;155.048,16;-0,008085237;0,02393000
ESG Muster ausgewogen;20.01.2023;-0,0010309548;-1.712,86;0,1003350028;153.335,30;0,002874455;0,02417000
ESG Muster ausgewogen;21.01.2023;0,0000165126;27,41;0,1003529360;153.362,71;0;0,02417000
ESG Muster ausgewogen;22.01.2023;0,0000165123;27,41;0,1003708693;153.390,11;0;0,02417000
ESG Muster ausgewogen;23.01.2023;0,0033896550;5.626,05;0,1040547448;159.016,17;0,002776651;0,02449000
ESG Muster ausgewogen;24.01.2023;0,0004554317;758,47;0,1045535358;159.774,64;-0,000035049;0,02501000
ESG Muster ausgewogen;25.01.2023;-0,0029083699;-4.845,80;0,1013849258;154.928,84;-0,000133054;0,02458000
ESG Muster ausgewogen;26.01.2023;0,0035228539;5.852,55;0,1052172865;160.781,39;0,003319190;0,02468000
ESG Muster ausgewogen;27.01.2023;0,0037320667;6.221,96;0,1092915703;167.003,35;0,001890962;0,02492000
ESG Muster ausgewogen;28.01.2023;0,0000159899;26,76;0,1093090810;167.030,11;0;0,02492000
ESG Muster ausgewogen;29.01.2023;0,0000159897;26,76;0,1093265917;167.056,87;0;0,02492000
ESG Muster ausgewogen;30.01.2023;-0,0034697558;-5.806,42;0,1055291732;161.250,45;-0,005188042;0,02482000
ESG Muster ausgewogen;31.01.2023;0,0023270833;3.880,72;0,1080713925;165.131,17;0,003305304;0,02512000
ESG Muster ausgewogen;01.02.2023;-0,0025890608;-4.327,65;0,1052415696;160.803,52;0,001645020;0,02483000
ESG Muster ausgewogen;02.02.2023;0,0150682456;25.121,54;0,1216857525;185.925,06;0,015312631;0,02540000
ESG Muster ausgewogen;03.02.2023;-0,0029900333;-5.060,05;0,1183767349;180.865,01;-0,003169328;0,02545000
ESG Muster ausgewogen;04.02.2023;0,0000163572;27,60;0,1183947983;180.892,61;0;0,02545000
ESG Muster ausgewogen;05.02.2023;0,0000185973;31,38;0,1184153358;180.923,99;0;0,02545000
ESG Muster ausgewogen;06.02.2023;-0,0017966794;-3.031,55;0,1164338517;177.892,44;-0,003692294;0,02565000
ESG Muster ausgewogen;07.02.2023;0,0011425734;1.924,41;0,1176961029;179.816,85;0,002781296;0,02602000
ESG Muster ausgewogen;08.02.2023;-0,0039334012;-6.632,49;0,1133575016;173.184,36;-0,002555744;0,02608000
ESG Muster ausgewogen;09.02.2023;-0,0019100516;-3.208,06;0,1112602033;169.976,30;0,000932100;0,02607000
ESG Muster ausgewogen;10.02.2023;-0,0013787413;-2.311,26;0,1097498228;167.665,04;-0,005540351;0,02621000
ESG Muster ausgewogen;11.02.2023;0,0000188452;31,55;0,1097704732;167.696,59;0;0,02621000
ESG Muster ausgewogen;12.02.2023;0,0000188449;31,55;0,1097911237;167.728,13;0;0,02621000
ESG Muster ausgewogen;13.02.2023;-0,0003483201;-583,13;0,1094118934;167.145,01;0,002314854;0,02654000
ESG Muster ausgewogen;14.02.2023;-0,0032252071;-5.397,47;0,1058811346;161.747,54;-0,001247663;0,02660000
ESG Muster ausgewogen;15.02.2023;0,0026151876;4.362,47;0,1087392786;166.110,01;0,002057031;0,02682000
ESG Muster ausgewogen;16.02.2023;-0,0015004073;-2.509,42;0,1070989541;163.600,59;-0,002409236;0,02703000
ESG Muster ausgewogen;17.02.2023;-0,0010836370;-1.809,65;0,1059166500;161.790,94;-0,001290177;0,02667000
ESG Muster ausgewogen;18.02.2023;0,0000189071;31,54;0,1059372979;161.822,48;0;0,02667000
ESG Muster ausgewogen;19.02.2023;0,0000189068;31,54;0,1059579458;161.854,02;0;0,02667000
ESG Muster ausgewogen;20.02.2023;0,0004791729;799,37;0,1064836228;162.653,39;-0,000158451;0,02654000
ESG Muster ausgewogen;21.02.2023;-0,0045508497;-7.595,52;0,1015133418;155.057,87;-0,007453614;0,02682000
ESG Muster ausgewogen;22.02.2023;0,0001869526;310,61;0,1017189386;155.368,48;0,000572082;0,02683000
ESG Muster ausgewogen;23.02.2023;0,0002906355;482,96;0,1020373783;155.851,44;0,003464025;0,02693000
ESG Muster ausgewogen;24.02.2023;-0,0052901381;-8.793,44;0,0962823462;147.058,00;-0,007948634;0,02698000
ESG Muster ausgewogen;25.02.2023;0,0000191721;31,70;0,0963031008;147.089,70;0;0,02698000
ESG Muster ausgewogen;26.02.2023;0,0000191717;31,70;0,0963238555;147.121,40;0;0,02698000
ESG Muster ausgewogen;27.02.2023;-0,0002758241;-456,08;0,0960273525;146.665,33;0,002269788;0,02716000
ESG Muster ausgewogen;28.02.2023;-0,0033647195;-5.562,04;0,0923876909;141.103,29;-0,002918318;0,02744000
ESG Muster ausgewogen;01.03.2023;-0,0036040826;-5.937,67;0,0885019131;135.165,62;-0,004520978;0,02783000
ESG Muster ausgewogen;02.03.2023;0,0042049234;6.902,58;0,0930235043;142.068,20;0,002791219;0,02801000
ESG Muster ausgewogen;03.03.2023;0,0058242510;9.600,98;0,0993121852;151.669,18;0,007467657;0,02849000
ESG Muster ausgewogen;04.03.2023;0,0000185350;30,73;0,0993323083;151.699,91;0;0,02849000
ESG Muster ausgewogen;05.03.2023;0,0000185346;30,73;0,0993524314;151.730,64;0;0,02849000
ESG Muster ausgewogen;06.03.2023;-0,0014952329;-2.479,26;0,0977311276;149.251,38;-0,000168366;0,02875000
ESG Muster ausgewogen;07.03.2023;-0,0012821125;-2.110,02;0,0963525243;147.141,37;-0,002959156;0,02920000
ESG Muster ausgewogen;08.03.2023;-0,0006903936;-1.134,75;0,0956124788;146.006,62;0,002571321;0,02944000
ESG Muster ausgewogen;09.03.2023;-0,0015152108;-2.488,72;0,0939857021;143.517,90;-0,003481920;0,02948000
ESG Muster ausgewogen;10.03.2023;-0,0029471812;-4.833,38;0,0908233159;138.684,53;-0,004769814;0,02978000
ESG Muster ausgewogen;11.03.2023;0,0000184145;30,11;0,0908430352;138.714,64;0;0,02978000
ESG Muster ausgewogen;12.03.2023;0,0000184142;30,11;0,0908627545;138.744,75;0;0,02978000
ESG Muster ausgewogen;13.03.2023;-0,0028860937;-4.719,42;0,0877747956;134.025,33;-0,005105830;0,02957000
ESG Muster ausgewogen;14.03.2023;0,0025994273;4.238,38;0,0905533896;138.263,72;0,002167038;0,02753000
ESG Muster ausgewogen;15.03.2023;0,0034555255;5.648,90;0,0942559719;143.912,62;0,000917490;0,02815000
ESG Muster ausgewogen;16.03.2023;0,0028699425;4.707,84;0,0973424015;148.620,46;0,002346834;0,02646000
ESG Muster ausgewogen;17.03.2023;-0,0016557723;-2.723,91;0,0955612645;145.896,54;-0,002127205;0,02750000
ESG Muster ausgewogen;18.03.2023;0,0000184044;30,23;0,0955810630;145.926,77;0;0,02750000
ESG Muster ausgewogen;19.03.2023;0,0000184040;30,23;0,0956008614;145.957,00;0;0,02750000
ESG Muster ausgewogen;20.03.2023;0,0011219167;1.842,68;0,0968107874;147.799,68;0,001827920;0,02892000
ESG Muster ausgewogen;21.03.2023;0,0018371698;3.020,82;0,0987925030;150.820,50;0,003694403;0,02908000
ESG Muster ausgewogen;22.03.2023;-0,0004341047;-715,10;0,0983270988;150.105,40;-0,003533852;0,03002000
ESG Muster ausgewogen;23.03.2023;0,0050684565;8.345,66;0,1037971204;158.451,06;0,002854838;0,02990000
ESG Muster ausgewogen;24.03.2023;-0,0000353145;-58,44;0,1037619942;158.392,61;-0,000157676;0,03025000
ESG Muster ausgewogen;25.03.2023;0,0000198726;32,89;0,1037835380;158.425,50;0;0,03025000
ESG Muster ausgewogen;26.03.2023;0,0000198722;32,89;0,1038050818;158.458,39;0;0,03025000
ESG Muster ausgewogen;27.03.2023;-0,0006073962;-1.005,20;0,1031497091;157.453,18;0,000875093;0,03012000
ESG Muster ausgewogen;28.03.2023;-0,0033396247;-5.523,52;0,0995341864;151.929,66;-0,002720198;0,02990000
ESG Muster ausgewogen;29.03.2023;0,0033023646;5.443,66;0,1031036163;157.373,31;0,005786346;0,03015000
ESG Muster ausgewogen;30.03.2023;0,0031371416;5.188,38;0,1065060006;162.561,69;0,002358774;0,03052000
ESG Muster ausgewogen;31.03.2023;0,0066202466;10.983,28;0,1137053534;173.544,97;0,007360222;0,03038000
ESG Muster ausgewogen;01.04.2023;0,0000196710;32,85;0,1137268772;173.577,82;0;0,03038000
ESG Muster ausgewogen;02.04.2023;0,0000196706;32,85;0,1137484010;173.610,67;0;0,03038000
ESG Muster ausgewogen;03.04.2023;-0,0006980118;-1.165,74;0,1129879911;172.444,93;0,000733622;0,03053000
ESG Muster ausgewogen;04.04.2023;-0,0012487256;-2.084,03;0,1116258347;170.360,90;-0,001932828;0,03052000
ESG Muster ausgewogen;05.04.2023;0,0000620377;103,41;0,1116969084;170.464,30;0,000865919;0,03055000
ESG Muster ausgewogen;06.04.2023;0,0010054310;1.676,00;0,1127984494;172.140,30;0,001055057;0,03075000
ESG Muster ausgewogen;07.04.2023;0,0002052260;342,44;0,1130261807;172.482,75;0,000019215;0,03075000
ESG Muster ausgewogen;08.04.2023;0,0000230319;38,44;0,1130513696;172.521,19;0;0,03075000
ESG Muster ausgewogen;09.04.2023;0,0000230314;38,44;0,1130765586;172.559,62;0;0,03075000
ESG Muster ausgewogen;10.04.2023;-0,0004521975;-754,74;0,1125853020;171.804,89;0,001481235;0,03075000
ESG Muster ausgewogen;11.04.2023;-0,0011972981;-1.997,44;0,1112796299;169.807,45;-0,002513364;0,03108000
ESG Muster ausgewogen;12.04.2023;-0,0054383955;-9.061,94;0,1053441669;160.745,51;-0,002559127;0,03126000
ESG Muster ausgewogen;13.04.2023;0,0044726624;7.412,22;0,1102049606;168.157,73;0,002355985;0,03177000
ESG Muster ausgewogen;14.04.2023;-0,0003182887;-529,84;0,1098609193;167.627,89;0,001044560;0,03175000
ESG Muster ausgewogen;15.04.2023;0,0000204248;33,99;0,1098831953;167.661,88;0;0,03175000
ESG Muster ausgewogen;16.04.2023;0,0000204244;33,99;0,1099054712;167.695,87;0;0,03175000
ESG Muster ausgewogen;17.04.2023;0,0024455845;4.069,89;0,1125760815;171.765,76;0,000577063;0,03219000
ESG Muster ausgewogen;18.04.2023;0,0003414118;569,56;0,1129526393;172.335,32;0,001690935;0,03200000
ESG Muster ausgewogen;19.04.2023;-0,0026449771;-4.413,98;0,1100627835;167.921,34;-0,001469393;0,03205000
ESG Muster ausgewogen;20.04.2023;0,0000714262;118,88;0,1101438695;168.040,22;-0,002109428;0,03211000
ESG Muster ausgewogen;21.04.2023;0,0004219739;702,38;0,1106074253;168.742,60;0,001069442;0,03261000
ESG Muster ausgewogen;22.04.2023;0,0000204142;33,99;0,1106297078;168.776,60;0;0,03261000
ESG Muster ausgewogen;23.04.2023;0,0000204138;33,99;0,1106519904;168.810,59;0;0,03261000
ESG Muster ausgewogen;24.04.2023;-0,0012819958;-2.134,90;0,1092557289;166.675,69;-0,001327919;0,03288000
ESG Muster ausgewogen;25.04.2023;0,0010423699;1.733,63;0,1103952631;168.409,32;0,000095997;0,03268000
ESG Muster ausgewogen;26.04.2023;-0,0047873804;-7.970,47;0,1051734695;160.438,85;-0,002537183;0,03242000
ESG Muster ausgewogen;27.04.2023;0,0069154404;11.458,34;0,1126880140;171.897,19;0,001705832;0,03250000
ESG Muster ausgewogen;28.04.2023;0,0038149003;6.364,70;0,1168637225;178.261,89;0,005738314;0,03265000
ESG Muster ausgewogen;29.04.2023;0,0000202897;33,98;0,1168859989;178.295,87;0;0,03265000
ESG Muster ausgewogen;30.04.2023;0,0000202893;33,98;0,1169082754;178.329,85;0;0,03265000
ESG Muster ausgewogen;01.05.2023;0,0007506410;1.257,18;0,1177357650;179.587,03;0,001205442;0,03265000
ESG Muster ausgewogen;02.05.2023;-0,0013888515;-2.327,81;0,1162129338;177.259,22;-0,004633216;0,03274000
ESG Muster ausgewogen;03.05.2023;0,0018853921;3.155,66;0,1182851255;180.414,88;-0,000654432;0,03275000
ESG Muster ausgewogen;04.05.2023;0,0027576244;4.624,25;0,1213203015;185.039,13;-0,000352357;0,03281000
ESG Muster ausgewogen;05.05.2023;0,0002670761;449,09;0,1216181323;185.488,22;0,004342463;0,03280000
ESG Muster ausgewogen;06.05.2023;0,0000202896;34,13;0,1216405078;185.522,35;0;0,03280000
ESG Muster ausgewogen;07.05.2023;0,0000202892;34,13;0,1216628834;185.556,47;0;0,03280000
ESG Muster ausgewogen;08.05.2023;0,0034214376;5.754,99;0,1254397080;191.311,46;-0,000833191;0,03312000
ESG Muster ausgewogen;09.05.2023;-0,0000155737;-26,29;0,1254259427;191.285,18;-0,000462551;0,03270000
ESG Muster ausgewogen;10.05.2023;-0,0002505075;-422,80;0,1251521651;190.862,38;0,000643271;0,03301000
ESG Muster ausgewogen;11.05.2023;0,0082049141;13.844,51;0,1342339727;204.706,89;0,000627334;0,03323000
ESG Muster ausgewogen;12.05.2023;0,0034295840;5.834,37;0,1380635729;210.541,26;-0,000166295;0,03348000
ESG Muster ausgewogen;13.05.2023;0,0000208014;35,51;0,1380868578;210.576,77;0;0,03348000
ESG Muster ausgewogen;14.05.2023;0,0000208010;35,51;0,1381101427;210.612,28;0;0,03348000
ESG Muster ausgewogen;15.05.2023;0,0012520677;2.137,40;0,1395155670;212.749,68;0,000063314;0,03358000
ESG Muster ausgewogen;16.05.2023;-0,0008300881;-1.418,81;0,1385889256;211.330,86;-0,003194104;0,03382000
ESG Muster ausgewogen;17.05.2023;-0,0011865308;-2.026,37;0,1372637798;209.304,49;0,002496472;0,03388000
ESG Muster ausgewogen;18.05.2023;0,0030473257;5.198,09;0,1406765447;214.502,58;0,004160454;0,03383000
ESG Muster ausgewogen;19.05.2023;0,0040644052;6.954,13;0,1452411774;221.456,71;0,001831429;0,03415000
ESG Muster ausgewogen;20.05.2023;0,0000206811;35,53;0,1452644789;221.492,24;0;0,03415000
ESG Muster ausgewogen;21.05.2023;0,0000206807;35,53;0,1452877803;221.527,77;0;0,03415000
ESG Muster ausgewogen;22.05.2023;0,0010116476;1.738,02;0,1464315975;223.265,79;-0,000642941;0,03412000
ESG Muster ausgewogen;23.05.2023;-0,0042126596;-7.244,71;0,1416838725;216.021,08;-0,003534592;0,03422000
ESG Muster ausgewogen;24.05.2023;-0,0067917490;-11.630,89;0,1340589985;204.390,19;-0,007619297;0,03415000
ESG Muster ausgewogen;25.05.2023;0,0014114151;2.400,64;0,1356371935;206.790,83;0,001155620;0,03457000
ESG Muster ausgewogen;26.05.2023;0,0035163755;5.989,35;0,1395694132;212.780,17;0,004860877;0,03462000
ESG Muster ausgewogen;27.05.2023;0,0000208067;35,56;0,1395927408;212.815,74;0;0,03462000
ESG Muster ausgewogen;28.05.2023;0,0000208062;35,56;0,1396160684;212.851,30;0;0,03462000
ESG Muster ausgewogen;29.05.2023;0,0003244952;554,67;0,1399836133;213.405,97;0,001625797;0,03483000
ESG Muster ausgewogen;30.05.2023;-0,0014121428;-2.414,61;0,1384034192;210.991,36;0,000317907;0,03474000
ESG Muster ausgewogen;31.05.2023;-0,0016940080;-2.892,47;0,1365096573;208.098,89;-0,002999110;0,03463000
ESG Muster ausgewogen;01.06.2023;0,0028906093;4.927,28;0,1397455553;213.026,17;0,004197213;0,03462000
ESG Muster ausgewogen;02.06.2023;0,0055774671;9.534,72;0,1460041862;222.560,89;0,005987164;0,03490000
ESG Muster ausgewogen;03.06.2023;0,0000190245;32,70;0,1460256406;222.593,60;0;0,03490000
ESG Muster ausgewogen;04.06.2023;0,0000190242;32,70;0,1460470950;222.626,30;0;0,03490000
ESG Muster ausgewogen;05.06.2023;0,0014843655;2.551,78;0,1477249830;225.178,08;-0,002328568;0,03493000
ESG Muster ausgewogen;06.06.2023;0,0030586105;5.265,89;0,1511835436;230.443,97;0,001803133;0,03476000
ESG Muster ausgewogen;07.06.2023;-0,0072243406;-12.475,90;0,1430024115;217.968,07;-0,003470236;0,03459000
ESG Muster ausgewogen;08.06.2023;-0,0000740065;-126,88;0,1429228803;217.841,19;0,000859506;0,03486000
ESG Muster ausgewogen;09.06.2023;0,0018868430;3.234,66;0,1450488548;221.075,85;0,000235461;0,03469000
ESG Muster ausgewogen;10.06.2023;0,0000190302;32,69;0,1450702999;221.108,54;0;0,03469000
ESG Muster ausgewogen;11.06.2023;0,0000190299;32,69;0,1450917450;221.141,22;0;0,03469000
ESG Muster ausgewogen;12.06.2023;0,0030109266;5.171,64;0,1484887129;226.312,86;0,004766352;0,03478000
ESG Muster ausgewogen;13.06.2023;0,0005258583;905,95;0,1490869620;227.218,80;0,002091376;0,03526000
ESG Muster ausgewogen;14.06.2023;0,0014322478;2.468,77;0,1507106837;229.687,57;0,000952821;0,03522000
ESG Muster ausgewogen;15.06.2023;-0,0026489280;-4.572,50;0,1477141974;225.115,07;-0,001526929;0,03547000
ESG Muster ausgewogen;16.06.2023;0,0003811269;656,15;0,1481485249;225.771,22;0,000512534;0,03572000
ESG Muster ausgewogen;17.06.2023;0,0000215234;37,07;0,1481728490;225.808,29;0;0,03572000
ESG Muster ausgewogen;18.06.2023;0,0000215230;37,07;0,1481971731;225.845,36;0;0,03572000
ESG Muster ausgewogen;19.06.2023;-0,0062313814;-10.732,48;0,1411582367;215.112,88;-0,004450019;0,03551000
ESG Muster ausgewogen;20.06.2023;-0,0016505021;-2.824,99;0,1393079995;212.287,89;-0,000556818;0,03587000
ESG Muster ausgewogen;21.06.2023;-0,0081806934;-13.978,92;0,1301380180;198.308,97;-0,004576064;0,03568000
ESG Muster ausgewogen;22.06.2023;0,0007856500;1.331,51;0,1310151157;199.640,48;-0,001758698;0,03600000
ESG Muster ausgewogen;23.06.2023;0,0017689095;3.000,29;0,1329874179;202.640,77;-0,000235348;0,03610000
ESG Muster ausgewogen;24.06.2023;0,0000217661;36,98;0,1330116890;202.677,75;0;0,03610000
ESG Muster ausgewogen;25.06.2023;0,0000217656;36,98;0,1330359600;202.714,73;0;0,03610000
ESG Muster ausgewogen;26.06.2023;-0,0034567579;-5.873,71;0,1291844527;196.841,02;-0,000848828;0,03577000
ESG Muster ausgewogen;27.06.2023;-0,0022394491;-3.792,11;0,1266989075;193.048,91;0,000279101;0,03554000
ESG Muster ausgewogen;28.06.2023;0,0070434160;11.900,07;0,1345123360;204.948,98;0,004211514;0,03598000
ESG Muster ausgewogen;29.06.2023;-0,0011783436;-2.004,87;0,1331998140;202.944,11;-0,000649111;0,03587000
ESG Muster ausgewogen;30.06.2023;0,0040481619;6.879,55;0,1377185403;209.823,66;0,005516658;0,03577000
ESG Muster ausgewogen;01.07.2023;0,0000216696;36,97;0,1377428089;209.860,64;0;0,03577000
ESG Muster ausgewogen;02.07.2023;0,0000216691;36,97;0,1377670775;209.897,61;0;0,03577000
ESG Muster ausgewogen;03.07.2023;-0,0007619080;-1.300,10;0,1369171396;208.597,51;-0,001284126;0,03597000
ESG Muster ausgewogen;04.07.2023;-0,0019105592;-3.257,65;0,1347822410;205.339,85;0,000032128;0,03613000
ESG Muster ausgewogen;05.07.2023;-0,0018837929;-3.205,88;0,1326812133;202.133,97;-0,001748593;0,03589000
ESG Muster ausgewogen;06.07.2023;-0,0120286639;-20.432,08;0,1192724788;181.701,89;-0,012758716;0,03612000
ESG Muster ausgewogen;07.07.2023;-0,0026015579;-4.365,89;0,1164094777;177.336,00;-0,000263678;0,03640000
ESG Muster ausgewogen;08.07.2023;0,0000220750;36,95;0,1164337326;177.372,95;0;0,03640000
ESG Muster ausgewogen;09.07.2023;0,0000220745;36,95;0,1164579875;177.409,90;0;0,03640000
ESG Muster ausgewogen;10.07.2023;-0,0018419975;-3.083,30;0,1144367949;174.326,60;0,000606971;0,03661000
ESG Muster ausgewogen;11.07.2023;0,0039848727;6.657,96;0,1188103093;180.984,56;0,003436724;0,03672000
ESG Muster ausgewogen;12.07.2023;0,0053822038;9.028,47;0,1247402248;190.013,02;0,006511982;0,03657000
ESG Muster ausgewogen;13.07.2023;0,0046263603;7.802,33;0,1298654653;197.815,35;0,005289262;0,03663000
ESG Muster ausgewogen;14.07.2023;0,0004370506;740,49;0,1303547471;198.555,85;-0,001627071;0,03660000
ESG Muster ausgewogen;15.07.2023;0,0000199666;33,84;0,1303769663;198.589,69;0;0,03660000
ESG Muster ausgewogen;16.07.2023;0,0000199662;33,84;0,1303991854;198.623,54;0;0,03660000
ESG Muster ausgewogen;17.07.2023;-0,0017970140;-3.046,13;0,1284024524;195.577,41;-0,000019703;0,03685000
ESG Muster ausgewogen;18.07.2023;0,0057629624;9.751,27;0,1348076955;205.328,68;0,005847052;0,03705000
ESG Muster ausgewogen;19.07.2023;0,0015643591;2.662,24;0,1365588519;207.990,92;0,000403524;0,03646000
ESG Muster ausgewogen;20.07.2023;0,0001359013;231,64;0,1367142047;208.222,56;-0,001080480;0,03698000
ESG Muster ausgewogen;21.07.2023;0,0023464792;4.000,05;0,1393438695;212.222,62;0,001054177;0,03721000
ESG Muster ausgewogen;22.07.2023;0,0000198340;33,89;0,1393661217;212.256,51;0;0,03721000
ESG Muster ausgewogen;23.07.2023;0,0000198336;33,89;0,1393883740;212.290,40;0;0,03721000
ESG Muster ausgewogen;24.07.2023;0,0044850647;7.663,95;0,1444239040;219.954,35;0,002983225;0,03716000
ESG Muster ausgewogen;25.07.2023;0,0037244685;6.392,81;0,1486250018;226.347,16;0,002320392;0,03705000
ESG Muster ausgewogen;26.07.2023;-0,0024039275;-4.141,56;0,1459090055;222.205,61;-0,003324014;0,03714000
ESG Muster ausgewogen;27.07.2023;0,0064647637;11.110,91;0,1532084794;233.316,52;0,006232611;0,03714000
ESG Muster ausgewogen;28.07.2023;0,0002667359;461,40;0,1535150689;233.777,91;0,002668642;0,03725000
ESG Muster ausgewogen;29.07.2023;0,0000196135;33,94;0,1535373540;233.811,85;0;0,03725000
ESG Muster ausgewogen;30.07.2023;0,0000196132;33,94;0,1535596391;233.845,79;0;0,03725000
ESG Muster ausgewogen;31.07.2023;0,0001892607;327,48;0,1537782933;234.173,27;0,000186557;0,03715000
ESG Muster ausgewogen;01.08.2023;-0,0034051759;-5.893,18;0,1499118274;228.280,09;-0,004394321;0,03723000
ESG Muster ausgewogen;02.08.2023;-0,0074418189;-12.835,37;0,1414861263;215.444,72;-0,005884041;0,03733000
ESG Muster ausgewogen;03.08.2023;-0,0030883103;-5.286,96;0,1380173021;210.157,76;-0,003149279;0,03722000
ESG Muster ausgewogen;04.08.2023;-0,0028960589;-4.942,53;0,1347745125;205.215,23;-0,001583305;0,03743000
ESG Muster ausgewogen;05.08.2023;0,0000202058;34,38;0,1347970941;205.249,62;0;0,03743000
ESG Muster ausgewogen;06.08.2023;0,0000202054;34,38;0,1348196758;205.284,00;0;0,03743000
ESG Muster ausgewogen;07.08.2023;0,0023693158;4.032,02;0,1374708741;209.316,02;0,002296377;0,03754000
ESG Muster ausgewogen;08.08.2023;0,0004776184;809,84;0,1380071738;210.125,86;-0,000506552;0,03765000
ESG Muster ausgewogen;09.08.2023;-0,0007143731;-1.211,85;0,1372156456;208.914,01;-0,001492296;0,03759000
ESG Muster ausgewogen;10.08.2023;0,0006541990;1.108,98;0,1379484317;210.022,98;0,002463549;0,03788000
ESG Muster ausgewogen;11.08.2023;-0,0031005496;-5.259,39;0,1344982146;204.763,60;-0,004744402;0,03781000
ESG Muster ausgewogen;12.08.2023;0,0000197615;33,42;0,1345201645;204.797,01;0;0,03781000
ESG Muster ausgewogen;13.08.2023;0,0000197611;33,42;0,1345421144;204.830,43;0;0,03781000
ESG Muster ausgewogen;14.08.2023;0,0002164579;366,05;0,1347868334;205.196,48;0,002382002;0,03799000
ESG Muster ausgewogen;15.08.2023;-0,0053743904;-9.090,51;0,1288196546;196.105,96;-0,005675246;0,03787000
ESG Muster ausgewogen;16.08.2023;-0,0012149141;-2.043,92;0,1274810545;194.062,04;0,000093101;0,03798000
ESG Muster ausgewogen;17.08.2023;-0,0051839544;-8.710,68;0,1217627700;185.351,36;-0,003801175;0,03815000
ESG Muster ausgewogen;18.08.2023;-0,0023805557;-3.979,35;0,1191523637;181.372,01;-0,000932822;0,03816000
ESG Muster ausgewogen;19.08.2023;0,0000200576;33,45;0,1191743377;181.405,46;0;0,03816000
ESG Muster ausgewogen;20.08.2023;0,0000200572;33,45;0,1191963117;181.438,91;0;0,03816000
ESG Muster ausgewogen;21.08.2023;-0,0015310935;-2.553,39;0,1175225440;178.885,52;-0,000184186;0,03806000
ESG Muster ausgewogen;22.08.2023;0,0054287504;9.039,62;0,1234651729;187.925,14;0,003076380;0,03808000
ESG Muster ausgewogen;23.08.2023;0,0076042787;12.730,92;0,1318333883;200.656,06;0,005616657;0,03826000
ESG Muster ausgewogen;24.08.2023;-0,0019655451;-3.315,70;0,1296589692;197.340,37;-0,003661783;0,03784000
ESG Muster ausgewogen;25.08.2023;-0,0010172027;-1.712,56;0,1285377521;195.627,81;0,000670485;0,03788000
ESG Muster ausgewogen;26.08.2023;0,0000199046;33,48;0,1285597483;195.661,29;0;0,03788000
ESG Muster ausgewogen;27.08.2023;0,0000199042;33,48;0,1285817446;195.694,77;0;0,03788000
ESG Muster ausgewogen;28.08.2023;0,0043622465;7.337,07;0,1334067150;203.031,84;0,003152699;0,03771000
ESG Muster ausgewogen;29.08.2023;0,0064287884;10.860,06;0,1405469025;213.891,90;0,006746533;0,03783000
ESG Muster ausgewogen;30.08.2023;-0,0054861879;-9.327,32;0,1344221233;204.564,58;-0,002009887;0,03803000
ESG Muster ausgewogen;31.08.2023;0,0049667435;8.397,86;0,1399447661;212.962,44;0,004194117;0,03795000
ESG Muster ausgewogen;01.09.2023;0,0005153028;875,61;0,1405244623;213.838,05;-0,001283991;0,03770000
ESG Muster ausgewogen;02.09.2023;0,0000182985;31,11;0,1405449057;213.869,16;0;0,03770000
ESG Muster ausgewogen;03.09.2023;0,0000182981;31,11;0,1405653492;213.900,27;0;0,03770000
ESG Muster ausgewogen;04.09.2023;-0,0010632442;-1.807,68;0,1393816833;212.092,59;-0,000713703;0,03798000
ESG Muster ausgewogen;05.09.2023;-0,0023585094;-4.005,57;0,1367534966;208.087,02;-0,001078567;0,03802000
ESG Muster ausgewogen;06.09.2023;-0,0052604127;-8.912,93;0,1308999511;199.174,09;-0,003283694;0,03795000
ESG Muster ausgewogen;07.09.2023;0,0000043320;7,30;0,1309087169;199.181,39;-0,000767430;0,03799000
ESG Muster ausgewogen;08.09.2023;-0,0002503667;-421,98;0,1306353283;198.759,42;0,001037237;0,03800000
ESG Muster ausgewogen;09.09.2023;0,0000200426;33,77;0,1306575250;198.793,19;0;0,03800000
ESG Muster ausgewogen;10.09.2023;0,0000200422;33,77;0,1306797218;198.826,96;0;0,03800000
ESG Muster ausgewogen;11.09.2023;0,0013778113;2.321,72;0,1322096685;201.148,69;0,002541859;0,03822000
ESG Muster ausgewogen;12.09.2023;-0,0044812214;-7.561,62;0,1272434415;193.587,06;-0,001479595;0,03824000
ESG Muster ausgewogen;13.09.2023;-0,0009281226;-1.559,10;0,1262224431;192.027,96;-0,002210251;0,03845000
ESG Muster ausgewogen;14.09.2023;0,0109073362;18.305,58;0,1382590728;210.333,55;0,007923953;0,03867000
ESG Muster ausgewogen;15.09.2023;0,0015756847;2.673,29;0,1400204892;213.006,83;-0,002058617;0,03878000
ESG Muster ausgewogen;16.09.2023;0,0000198852;33,79;0,1400427012;213.040,62;0;0,03878000
ESG Muster ausgewogen;17.09.2023;0,0000198848;33,79;0,1400649133;213.074,41;0;0,03878000
ESG Muster ausgewogen;18.09.2023;-0,0058694862;-9.974,18;0,1335123374;203.100,23;-0,004906027;0,03903000
ESG Muster ausgewogen;19.09.2023;-0,0035267068;-5.957,86;0,1295996594;197.142,37;-0,002465460;0,03934000
ESG Muster ausgewogen;20.09.2023;0,0009053825;1.524,12;0,1306054683;198.666,49;0,000870046;0,03934000
ESG Muster ausgewogen;21.09.2023;-0,0071183014;-11.993,77;0,1227242617;186.672,72;-0,006253220;0,03955000
ESG Muster ausgewogen;22.09.2023;-0,0016294887;-2.726,01;0,1209356607;183.946,71;-0,000613173;0,03958000
ESG Muster ausgewogen;23.09.2023;0,0000202408;33,81;0,1209578866;183.980,51;0;0,03958000
ESG Muster ausgewogen;24.09.2023;0,0000202404;33,81;0,1209801125;184.014,32;0;0,03958000
ESG Muster ausgewogen;25.09.2023;0,0001715403;286,52;0,1211720447;184.300,84;-0,000931625;0,03977000
ESG Muster ausgewogen;26.09.2023;-0,0071975840;-12.023,96;0,1132699894;172.276,88;-0,006006364;0,03941000
ESG Muster ausgewogen;27.09.2023;0,0006627192;1.099,14;0,1139959939;173.376,02;-0,000152302;0,03972000
ESG Muster ausgewogen;28.09.2023;-0,0034138741;-5.665,77;0,1102739274;167.710,26;-0,001038319;0,03955000
ESG Muster ausgewogen;29.09.2023;0,0029556201;4.888,49;0,1134915396;172.598,74;0,004334421;0,03952000
ESG Muster ausgewogen;30.09.2023;0,0000206381;34,24;0,1135140511;172.632,98;0;0,03952000
ESG Muster ausgewogen;01.10.2023;0,0000206377;34,24;0,1135365626;172.667,22;0;0,03952000
ESG Muster ausgewogen;02.10.2023;-0,0017521897;-2.906,74;0,1116284850;169.760,47;-0,002106051;0,03951000
ESG Muster ausgewogen;03.10.2023;-0,0069565108;-11.520,08;0,1040562995;158.240,39;-0,006062460;0,03964000
ESG Muster ausgewogen;04.10.2023;-0,0044917373;-7.386,63;0,0992018330;150.853,76;0,001212990;0,03962000
ESG Muster ausgewogen;05.10.2023;-0,0037122403;-6.077,34;0,0952081025;144.776,42;0,000149621;0,03972000
ESG Muster ausgewogen;06.10.2023;0,0039792507;6.490,28;0,0994791069;151.266,70;0,005332648;0,03983000
ESG Muster ausgewogen;07.10.2023;0,0000209023;34,23;0,0995016165;151.300,93;0;0,03983000
ESG Muster ausgewogen;08.10.2023;0,0000209019;34,23;0,0995241262;151.335,15;0;0,03983000
ESG Muster ausgewogen;09.10.2023;0,0031024552;5.080,55;0,1028682464;156.415,70;0,001198195;0,03980000
ESG Muster ausgewogen;10.10.2023;0,0058490745;9.608,10;0,1091902209;166.023,80;0,005834361;0,03988000
ESG Muster ausgewogen;11.10.2023;0,0040687106;6.722,64;0,1136147926;172.746,43;0,001055130;0,03952000
ESG Muster ausgewogen;12.10.2023;-0,0002940169;-487,77;0,1132972072;172.258,66;-0,001205365;0,03965000
ESG Muster ausgewogen;13.10.2023;-0,0035790010;-5.935,82;0,1093962311;166.322,84;-0,003824646;0,03985000
ESG Muster ausgewogen;14.10.2023;0,0000207673;34,32;0,1094188042;166.357,16;0;0,03985000
ESG Muster ausgewogen;15.10.2023;0,0000207668;34,32;0,1094413773;166.391,48;0;0,03985000
ESG Muster ausgewogen;16.10.2023;-0,0012692016;-2.097,54;0,1080648115;164.293,94;0,001206187;0,03975000
ESG Muster ausgewogen;17.10.2023;-0,0020556068;-3.392,88;0,1058361245;160.901,06;-0,002801439;0,03972000
ESG Muster ausgewogen;18.10.2023;-0,0034574476;-5.694,95;0,1020930230;155.206,11;-0,005772375;0,03993000
ESG Muster ausgewogen;19.10.2023;-0,0037146139;-6.097,39;0,0980849766;149.108,72;-0,005545926;0,04002000
ESG Muster ausgewogen;20.10.2023;-0,0055171259;-9.022,50;0,0921524819;140.086,22;-0,005711411;0,03969000
ESG Muster ausgewogen;21.10.2023;0,0000210779;34,28;0,0921750322;140.120,50;0;0,03969000
ESG Muster ausgewogen;22.10.2023;0,0000210775;34,28;0,0921975824;140.154,78;0;0,03969000
ESG Muster ausgewogen;23.10.2023;-0,0039826171;-6.477,36;0,0879390575;133.677,42;-0,001222314;0,03956000
ESG Muster ausgewogen;24.10.2023;0,0057012843;9.235,69;0,0940173317;142.913,11;0,004152397;0,03941000
ESG Muster ausgewogen;25.10.2023;-0,0057410532;-9.353,13;0,0878666897;133.559,98;-0,002868508;0,03938000
ESG Muster ausgewogen;26.10.2023;-0,0054874870;-8.888,71;0,0820212464;124.671,27;-0,004545047;0,03952000
ESG Muster ausgewogen;27.10.2023;-0,0005598285;-901,84;0,0814301780;123.769,43;-0,001719554;0,03948000
ESG Muster ausgewogen;28.10.2023;0,0000213002;34,29;0,0814527405;123.803,72;0;0,03948000
ESG Muster ausgewogen;29.10.2023;0,0000212998;34,29;0,0814753031;123.838,02;0;0,03948000
ESG Muster ausgewogen;30.10.2023;0,0014282161;2.299,56;0,0829905159;126.137,58;0,001993558;0,03968000
ESG Muster ausgewogen;31.10.2023;0,0022206565;3.580,57;0,0853486519;129.718,14;0,004779925;0,03972000
ESG Muster ausgewogen;01.11.2023;0,0046408815;7.499,53;0,0902854846;137.217,68;0,006198293;0,03953000
ESG Muster ausgewogen;02.11.2023;0,0081814440;13.282,34;0,0990276148;150.500,02;0,008331688;0,03974000
ESG Muster ausgewogen;03.11.2023;0,0031033856;5.079,48;0,1023726623;155.579,49;0,002402563;0,03956000
ESG Muster ausgewogen;04.11.2023;0,0000208410;34,22;0,1023951777;155.613,71;0;0,03956000
ESG Muster ausgewogen;05.11.2023;0,0000208406;34,22;0,1024176931;155.647,93;0;0,03956000
ESG Muster ausgewogen;06.11.2023;0,0003231076;530,51;0,1027695761;156.178,44;-0,001963773;0,03963000
ESG Muster ausgewogen;07.11.2023;0,0015258634;2.506,13;0,1044215148;158.684,57;0,002325453;0,03966000
ESG Muster ausgewogen;08.11.2023;-0,0002016979;-331,78;0,1042060160;158.352,79;0,002073079;0,03973000
ESG Muster ausgewogen;09.11.2023;0,0061761096;10.157,27;0,1108931348;168.510,06;0,001188773;0,03987000
ESG Muster ausgewogen;10.11.2023;-0,0028192837;-4.665,25;0,1078259388;163.844,81;-0,000583580;0,03992000
ESG Muster ausgewogen;11.11.2023;0,0000223976;36,96;0,1078502610;163.881,77;0;0,03992000
ESG Muster ausgewogen;12.11.2023;0,0000223971;36,96;0,1078745831;163.918,72;0;0,03992000
ESG Muster ausgewogen;13.11.2023;0,0007852462;1.295,79;0,1087302697;165.214,51;0,001580630;0,04002000
ESG Muster ausgewogen;14.11.2023;0,0051972972;8.583,17;0,1143820629;173.797,69;0,009494516;0,03997000
ESG Muster ausgewogen;15.11.2023;0,0012697975;2.107,93;0,1157724648;175.905,61;0,003113318;0,03994000
ESG Muster ausgewogen;16.11.2023;0,0027116013;4.507,11;0,1187420013;180.412,73;0,001199204;0,04002000
ESG Muster ausgewogen;17.11.2023;-0,0013398963;-2.233,16;0,1172753339;178.179,57;0,002087320;0,03984000
ESG Muster ausgewogen;18.11.2023;0,0000221440;36,86;0,1172995927;178.216,42;0;0,03984000
ESG Muster ausgewogen;19.11.2023;0,0000221435;36,86;0,1173238516;178.253,28;0;0,03984000
ESG Muster ausgewogen;20.11.2023;0,0013424460;2.234,51;0,1187977370;180.487,79;0,001134152;0,03962000
ESG Muster ausgewogen;21.11.2023;0,0021000346;3.500,21;0,1211048063;183.988,01;0,000513161;0,03973000
ESG Muster ausgewogen;22.11.2023;0,0013554774;2.263,97;0,1225982494;186.251,98;0,002899567;0,03962000
ESG Muster ausgewogen;23.11.2023;-0,0014009146;-2.343,04;0,1210591699;183.908,94;-0,001363412;0,03956000
ESG Muster ausgewogen;24.11.2023;-0,0007799584;-1.302,66;0,1202048560;182.606,29;0,000077997;0,03935000
ESG Muster ausgewogen;25.11.2023;0,0000196754;32,84;0,1202264707;182.639,12;0;0,03935000
ESG Muster ausgewogen;26.11.2023;0,0000196750;32,84;0,1202480854;182.671,96;0;0,03935000
ESG Muster ausgewogen;27.11.2023;0,0011114286;1.854,89;0,1214723049;184.526,85;0,001273689;0,03951000
ESG Muster ausgewogen;28.11.2023;-0,0012051279;-2.013,50;0,1201499854;182.513,35;0,001132932;0,03955000
ESG Muster ausgewogen;29.11.2023;0,0036980337;6.171,16;0,1242157570;188.684,50;0,005735120;0,03975000
ESG Muster ausgewogen;30.11.2023;0,0042146646;7.059,30;0,1288664374;195.743,80;0,002071993;0,03964000
ESG Muster ausgewogen;01.12.2023;0,0062211415;10.463,94;0,1357588303;206.207,75;0,008578009;0,03960000
ESG Muster ausgewogen;02.12.2023;0,0000193332;32,72;0,1357803722;206.240,47;0;0,03960000
ESG Muster ausgewogen;03.12.2023;0,0000193328;32,72;0,1358019141;206.273,19;0;0,03960000
ESG Muster ausgewogen;04.12.2023;-0,0006503790;-1.100,78;0,1350807119;205.172,41;0,000197828;0,03962000
ESG Muster ausgewogen;05.12.2023;0,0043632849;7.380,17;0,1399432724;212.552,58;0,003606797;0,03958000
ESG Muster ausgewogen;06.12.2023;-0,0033061468;-5.616,50;0,1362489255;206.936,08;0,002504462;0,03950000
ESG Muster ausgewogen;07.12.2023;0,0042673475;7.225,43;0,1410098623;214.161,51;0,001473360;0,03969000
ESG Muster ausgewogen;08.12.2023;0,0002898397;492,85;0,1413380039;214.654,35;0,000591642;0,03950000
ESG Muster ausgewogen;09.12.2023;0,0000200582;34,12;0,1413604682;214.688,47;0;0,03950000
ESG Muster ausgewogen;10.12.2023;0,0000200578;34,12;0,1413829325;214.722,59;0;0,03950000
ESG Muster ausgewogen;11.12.2023;-0,0008988638;-1.528,95;0,1403798100;213.193,64;0,001999449;0,03958000
ESG Muster ausgewogen;12.12.2023;-0,0051543210;-8.759,50;0,1346154660;204.434,15;0,000489092;0,03928000
ESG Muster ausgewogen;13.12.2023;0,0012812547;2.166,20;0,1360453389;206.600,35;0,003056980;0,03925000
ESG Muster ausgewogen;14.12.2023;0,0017461329;2.955,95;0,1379953340;209.556,29;0,000703032;0,03932000
ESG Muster ausgewogen;15.12.2023;0,0073369622;12.442,09;0,1461923191;221.998,39;0,003454027;0,03920000
ESG Muster ausgewogen;16.12.2023;0,0000199706;34,11;0,1462147847;222.032,50;0;0,03920000
ESG Muster ausgewogen;17.12.2023;0,0000199702;34,11;0,1462372502;222.066,62;0;0,03920000
ESG Muster ausgewogen;18.12.2023;-0,0009537519;-1.629,31;0,1451679831;220.437,30;-0,001499352;0,03938000
ESG Muster ausgewogen;19.12.2023;0,0015732251;2.685,01;0,1469399025;223.122,31;0,002297193;0,03923000
ESG Muster ausgewogen;20.12.2023;0,0008684883;1.484,57;0,1479213209;224.606,89;-0,000751955;0,03916000
ESG Muster ausgewogen;21.12.2023;0,0014425468;2.468,00;0,1495504581;227.074,88;0,001552196;0,03916000
ESG Muster ausgewogen;22.12.2023;0,0029971425;5.135,09;0,1529362476;232.209,97;0,000241619;0,03931000
ESG Muster ausgewogen;23.12.2023;0,0000198313;34,08;0,1529586926;232.244,05;0;0,03931000
ESG Muster ausgewogen;24.12.2023;0,0000198309;34,08;0,1529811376;232.278,13;0;0,03931000
ESG Muster ausgewogen;25.12.2023;-0,0001480926;-254,50;0,1528173511;232.023,63;0,000031966;0,03931000
ESG Muster ausgewogen;26.12.2023;-0,0004647928;-798,64;0,1522951516;231.224,99;0,000506065;0,03931000
ESG Muster ausgewogen;27.12.2023;0,0006284811;1.079,40;0,1530099130;232.304,39;0,001010168;0,03925000
ESG Muster ausgewogen;28.12.2023;0,0015024503;2.582,05;0,1547144600;234.886,44;-0,000736881;0,03893000
ESG Muster ausgewogen;29.12.2023;0,0001189601;204,75;0,1548531686;235.091,18;0,000074864;0,03909000
ESG Muster ausgewogen;30.12.2023;0,0000197921;34,07;0,1548756096;235.125,25;0;0,03909000
ESG Muster ausgewogen;31.12.2023;0,0000136221;23,45;0,1548910552;235.148,70;0;0,03909000
ESG Muster ausgewogen;01.01.2024;-0,0003802420;-654,55;0,1544637350;234.494,15;0,000002877;0,03909000
ESG Muster ausgewogen;02.01.2024;-0,0005491823;-945,00;0,1538450544;233.549,15;-0,000387795;0,03905000
ESG Muster ausgewogen;03.01.2024;-0,0051553551;-8.866,19;0,1480083065;224.682,95;-0,005106388;0,03929000
ESG Muster ausgewogen;04.01.2024;-0,0033074358;-5.658,81;0,1442841540;219.024,14;-0,002523584;0,03922000
ESG Muster ausgewogen;05.01.2024;0,0003483720;594,07;0,1446790557;219.618,21;-0,001468612;0,03936000
ESG Muster ausgewogen;06.01.2024;0,0000199938;34,11;0,1447015244;219.652,32;0;0,03936000
ESG Muster ausgewogen;07.01.2024;0,0000199934;34,11;0,1447239931;219.686,43;0;0,03936000
ESG Muster ausgewogen;08.01.2024;0,0038732122;6.607,47;0,1490804812;226.293,89;0,004961511;0,03925000
ESG Muster ausgewogen;09.01.2024;0,0026544012;4.545,79;0,1520789239;230.839,68;-0,000895446;0,03928000
ESG Muster ausgewogen;10.01.2024;0,0008475690;1.455,36;0,1530414539;232.295,04;-0,000399527;0,03936000
ESG Muster ausgewogen;11.01.2024;-0,0006052405;-1.040,14;0,1523598942;231.254,90;-0,001594514;0,03942000
ESG Muster ausgewogen;12.01.2024;0,0061980094;10.645,13;0,1593771980;241.900,03;0,003699099;0,03932000
ESG Muster ausgewogen;13.01.2024;0,0000199209;34,43;0,1593998800;241.934,46;0;0,03932000
ESG Muster ausgewogen;14.01.2024;0,0000199205;34,43;0,1594225620;241.968,89;0;0,03932000
ESG Muster ausgewogen;15.01.2024;-0,0019171206;-3.313,21;0,1572434414;238.655,68;-0,001948002;0,03928000
ESG Muster ausgewogen;16.01.2024;-0,0010531344;-1.816,56;0,1560503303;236.839,12;-0,000906685;0,03894000
ESG Muster ausgewogen;17.01.2024;-0,0080799024;-13.922,42;0,1468805610;222.916,69;-0,006163937;0,03903000
ESG Muster ausgewogen;18.01.2024;0,0035304006;6.034,06;0,1508600481;228.950,75;0,003472514;0,03970000
ESG Muster ausgewogen;19.01.2024;0,0019266368;3.304,58;0,1530411681;232.255,33;0,001371734;0,03958000
ESG Muster ausgewogen;20.01.2024;0,0000200864;34,52;0,1530639136;232.289,84;0;0,03958000
ESG Muster ausgewogen;21.01.2024;0,0000200860;34,52;0,1530866592;232.324,36;0;0,03958000
ESG Muster ausgewogen;22.01.2024;0,0049440667;8.496,76;0,1586892728;240.821,13;0,004050573;0,03945000
ESG Muster ausgewogen;23.01.2024;0,0015144809;2.615,62;0,1604166695;243.436,75;0,000371261;0,03948000
ESG Muster ausgewogen;24.01.2024;-0,0001965178;-339,91;0,1601964936;243.096,83;0,003138377;0,03929000
ESG Muster ausgewogen;25.01.2024;0,0060095792;10.392,67;0,1670490483;253.489,50;0,004345884;0,03925000
ESG Muster ausgewogen;26.01.2024;0,0039616120;6.892,19;0,1715950547;260.381,69;0,001187003;0,03887000
ESG Muster ausgewogen;27.01.2024;0,0000197750;34,54;0,1716178169;260.416,23;0;0,03887000
ESG Muster ausgewogen;28.01.2024;0,0000197746;34,54;0,1716405790;260.450,77;0;0,03887000
ESG Muster ausgewogen;29.01.2024;0,0047452162;8.288,49;0,1771069968;268.739,26;0,005033597;0,03912000
ESG Muster ausgewogen;30.01.2024;-0,0009367772;-1.644,04;0,1760276840;267.095,22;-0,001304109;0,03897000
ESG Muster ausgewogen;31.01.2024;-0,0040980505;-7.185,31;0,1712962772;259.909,91;-0,001083935;0,03905000
ESG Muster ausgewogen;01.02.2024;0,0011230802;1.961,08;0,1725928042;261.870,99;0,002323217;0,03884000
ESG Muster ausgewogen;02.02.2024;0,0017481048;3.055,91;0,1746109711;264.926,90;-0,000471965;0,03900000
ESG Muster ausgewogen;03.02.2024;0,0000165316;28,95;0,1746300517;264.955,85;0;0,03900000
ESG Muster ausgewogen;04.02.2024;0,0000165313;28,95;0,1746491323;264.984,80;0;0,03900000
ESG Muster ausgewogen;05.02.2024;-0,0011371626;-1.991,44;0,1733406452;262.993,35;-0,000981775;0,03922000
ESG Muster ausgewogen;06.02.2024;-0,0001225343;-214,34;0,1732034133;262.779,01;0,002356335;0,03932000
ESG Muster ausgewogen;07.02.2024;-0,0000584630;-102,25;0,1731400478;262.676,76;-0,000469008;0,03895000
ESG Muster ausgewogen;08.02.2024;-0,0005734720;-1.002,96;0,1724829656;261.673,79;-0,000316113;0,03898000
ESG Muster ausgewogen;09.02.2024;0,0007424346;1.297,72;0,1733423811;262.971,52;-0,001063892;0,03891000
ESG Muster ausgewogen;10.02.2024;0,0000198753;34,77;0,1733652979;263.006,28;0;0,03891000
ESG Muster ausgewogen;11.02.2024;0,0000198749;34,77;0,1733882148;263.041,05;0;0,03891000
ESG Muster ausgewogen;12.02.2024;-0,0004007927;-701,10;0,1729300693;262.339,94;0,002901835;0,03912000
ESG Muster ausgewogen;13.02.2024;-0,0050721795;-8.869,18;0,1670875113;253.470,76;-0,004943447;0,03901000
ESG Muster ausgewogen;14.02.2024;0,0022636158;3.938,07;0,1696873864;257.408,83;0,003584391;0,03922000
ESG Muster ausgewogen;15.02.2024;0,0021211789;3.698,62;0,1721295216;261.107,45;0,002490659;0,03915000
ESG Muster ausgewogen;16.02.2024;0,0010302866;1.800,28;0,1733202927;262.907,73;-0,000510790;0,03933000
ESG Muster ausgewogen;17.02.2024;0,0000198779;34,77;0,1733432144;262.942,50;0;0,03933000
ESG Muster ausgewogen;18.02.2024;0,0000198775;34,77;0,1733661361;262.977,27;0;0,03933000
ESG Muster ausgewogen;19.02.2024;0,0001683993;294,57;0,1735642989;263.271,84;-0,000168815;0,03932000
ESG Muster ausgewogen;20.02.2024;-0,0017636871;-3.085,62;0,1715339941;260.186,23;-0,002340987;0,03943000
ESG Muster ausgewogen;21.02.2024;-0,0003766481;-657,79;0,1711042242;259.528,43;-0,000259674;0,03946000
ESG Muster ausgewogen;22.02.2024;0,0078846139;13.764,82;0,1801833096;273.293,25;0,008933423;0,03945000
ESG Muster ausgewogen;23.02.2024;0,0021432155;3.771,09;0,1826737437;277.064,34;0,001870020;0,03933000
ESG Muster ausgewogen;24.02.2024;0,0000197077;34,75;0,1826966557;277.099,09;0;0,03933000
ESG Muster ausgewogen;25.02.2024;0,0000197073;34,75;0,1827195677;277.133,84;0;0,03933000
ESG Muster ausgewogen;26.02.2024;-0,0063320111;-11.165,79;0,1753617188;265.968,05;-0,002655783;0,03952000
ESG Muster ausgewogen;27.02.2024;0,0014596447;2.557,62;0,1770520404;268.525,67;0,001751352;0,03952000
ESG Muster ausgewogen;28.02.2024;-0,0019376192;-3.400,09;0,1748141295;265.125,58;-0,000726351;0,03942000
ESG Muster ausgewogen;29.02.2024;0,0063531585;11.126,79;0,1821548210;276.252,37;0,003305764;0,03937000
ESG Muster ausgewogen;01.03.2024;0,0040380898;7.117,16;0,1868519090;283.369,53;0,003775515;0,03938000
ESG Muster ausgewogen;02.03.2024;0,0000208235;36,85;0,1868762075;283.406,38;0;0,03938000
ESG Muster ausgewogen;03.03.2024;0,0000208231;36,85;0,1869005060;283.443,23;0;0,03938000
ESG Muster ausgewogen;04.03.2024;-0,0003452985;-611,07;0,1865017399;282.832,15;-0,001448873;0,03932000
ESG Muster ausgewogen;05.03.2024;-0,0022765836;-4.027,47;0,1838500968;278.804,68;-0,000412472;0,03926000
ESG Muster ausgewogen;06.03.2024;-0,0004831026;-852,70;0,1832918861;277.951,98;-0,000112283;0,03942000
ESG Muster ausgewogen;07.03.2024;0,0049463637;8.726,40;0,1890506016;286.678,38;0,004996423;0,03929000
ESG Muster ausgewogen;08.03.2024;0,0006705633;1.188,86;0,1898388085;287.867,24;-0,000390812;0,03940000
ESG Muster ausgewogen;09.03.2024;0,0000210762;37,39;0,1898634671;287.904,63;0;0,03940000
ESG Muster ausgewogen;10.03.2024;0,0000210757;37,39;0,1898881256;287.942,03;0;0,03940000
ESG Muster ausgewogen;11.03.2024;-0,0001370856;-243,22;0,1897319297;287.698,81;-0,001369391;0,03928000
ESG Muster ausgewogen;12.03.2024;0,0037852150;6.714,79;0,1941644935;294.413,60;0,006205209;0,03929000
ESG Muster ausgewogen;13.03.2024;-0,0007570823;-1.348,11;0,1932796767;293.065,49;-0,001904985;0,03940000
ESG Muster ausgewogen;14.03.2024;0,0042033668;7.479,13;0,1982165958;300.544,62;-0,001590729;0,03928000
ESG Muster ausgewogen;15.03.2024;-0,0037588008;-6.716,22;0,1937913333;293.828,40;-0,003108143;0,03928000
ESG Muster ausgewogen;16.03.2024;0,0000237233;42,23;0,1938191852;293.870,63;0;0,03928000
ESG Muster ausgewogen;17.03.2024;0,0000237227;42,23;0,1938470372;293.912,86;0;0,03928000
ESG Muster ausgewogen;18.03.2024;0,0029932760;5.328,53;0,1973657294;299.241,39;0,001404747;0,03928000
ESG Muster ausgewogen;19.03.2024;0,0010182667;1.818,11;0,1985692056;301.059,50;0,003846032;0,03935000
ESG Muster ausgewogen;20.03.2024;0,0005840515;1.043,88;0,1992620581;302.103,38;0,001249269;0,03922000
ESG Muster ausgewogen;21.03.2024;0,0068692701;12.284,71;0,2073693416;314.388,09;0,004517090;0,03926000
ESG Muster ausgewogen;22.03.2024;0,0052564181;9.464,93;0,2136170084;323.853,02;0,002447945;0,03903000
ESG Muster ausgewogen;23.03.2024;0,0000229490;41,54;0,2136444087;323.894,56;0;0,03903000
ESG Muster ausgewogen;24.03.2024;0,0000229485;41,54;0,2136718091;323.936,10;0;0,03903000
ESG Muster ausgewogen;25.03.2024;-0,0029377504;-5.317,89;0,2101686218;318.618,21;-0,001778616;0,03886000
ESG Muster ausgewogen;26.03.2024;0,0013110238;2.366,23;0,2117340191;320.984,44;0,001628178;0,03902000
ESG Muster ausgewogen;27.03.2024;0,0030671461;5.543,06;0,2153950839;326.527,50;0,004169209;0,03908000
ESG Muster ausgewogen;28.03.2024;0,0039049964;7.078,90;0,2200694407;333.606,41;0,001007243;0,03892000
ESG Muster ausgewogen;29.03.2024;-0,0000116680;-21,23;0,2200601545;333.585,17;0,000083939;0,03892000
ESG Muster ausgewogen;30.03.2024;0,0000228547;41,59;0,2200875919;333.626,76;0;0,03892000
ESG Muster ausgewogen;31.03.2024;0,0000171880;31,28;0,2201082268;333.658,04;0;0,03892000
ESG Muster ausgewogen;01.04.2024;0,0017595957;3.202,31;0,2222254898;336.860,35;0,000428161;0,03892000
ESG Muster ausgewogen;02.04.2024;-0,0077215055;-14.077,18;0,2129433735;322.783,17;-0,005976158;0,03883000
ESG Muster ausgewogen;03.04.2024;-0,0011718629;-2.119,94;0,2115493344;320.663,23;-0,000001050;0,03857000
ESG Muster ausgewogen;04.04.2024;-0,0013731645;-2.481,19;0,2099168950;318.182,03;-0,001178180;0,03891000
ESG Muster ausgewogen;05.04.2024;-0,0005830340;-1.052,05;0,2092272595;317.129,98;-0,001848800;0,03885000
ESG Muster ausgewogen;06.04.2024;0,0000230633;41,59;0,2092546998;317.171,58;0;0,03885000
ESG Muster ausgewogen;07.04.2024;0,0000230627;41,59;0,2092821402;317.213,17;0;0,03885000
ESG Muster ausgewogen;08.04.2024;0,0012741427;2.297,87;0,2108026323;319.511,04;0,000882152;0,03902000
ESG Muster ausgewogen;09.04.2024;0,0029344618;5.298,95;0,2143032280;324.809,99;-0,000963891;0,03916000
ESG Muster ausgewogen;10.04.2024;-0,0002286072;-414,02;0,2140345775;324.395,97;-0,000786516;0,03912000
ESG Muster ausgewogen;11.04.2024;0,0014608447;2.645,08;0,2157843248;327.041,05;-0,002097975;0,03906000
ESG Muster ausgewogen;12.04.2024;0,0046154957;8.369,25;0,2213110725;335.410,30;0,000604918;0,03923000
ESG Muster ausgewogen;13.04.2024;0,0000228318;41,59;0,2213385158;335.451,89;0;0,03923000
ESG Muster ausgewogen;14.04.2024;0,0000228313;41,59;0,2213659590;335.493,48;0;0,03923000
ESG Muster ausgewogen;15.04.2024;-0,0068150347;-12.415,27;0,2131785580;323.078,21;-0,002878268;0,03888000
ESG Muster ausgewogen;16.04.2024;-0,0050049029;-9.055,53;0,2072077272;314.022,68;-0,006550001;0,03904000
ESG Muster ausgewogen;17.04.2024;-0,0032433775;-5.838,98;0,2033591241;308.183,71;-0,001044202;0,03895000
ESG Muster ausgewogen;18.04.2024;0,0016164422;2.900,60;0,2052773995;311.084,31;-0,000193256;0,03897000
ESG Muster ausgewogen;19.04.2024;-0,0044745950;-8.042,36;0,1999745849;303.041,95;-0,004483506;0,03892000
ESG Muster ausgewogen;20.04.2024;0,0000233343;41,75;0,2000021366;303.083,70;0;0,03892000
ESG Muster ausgewogen;21.04.2024;0,0000233337;41,75;0,2000296883;303.125,46;0;0,03892000
ESG Muster ausgewogen;22.04.2024;0,0037197723;6.656,08;0,2044262129;309.781,54;0,005247835;0,03891000
ESG Muster ausgewogen;23.04.2024;0,0041668950;7.483,89;0,2093691956;317.265,43;0,005276818;0,03882000
ESG Muster ausgewogen;24.04.2024;0,0000246283;44,42;0,2094028294;317.309,85;-0,001971037;0,03879000
ESG Muster ausgewogen;25.04.2024;-0,0052492625;-9.467,38;0,2031591906;307.842,47;-0,004309498;0,03864000
ESG Muster ausgewogen;26.04.2024;0,0096915441;17.387,56;0,2146384411;325.230,03;0,007264528;0,03865000
ESG Muster ausgewogen;27.04.2024;0,0000259086;46,93;0,2146694150;325.276,96;0;0,03865000
ESG Muster ausgewogen;28.04.2024;0,0000259079;46,93;0,2147003888;325.323,90;0;0,03865000
ESG Muster ausgewogen;29.04.2024;-0,0014435686;-2.615,14;0,2129788740;322.708,76;0,000536780;0,03835000
ESG Muster ausgewogen;30.04.2024;-0,0049866555;-9.020,67;0,2070297161;313.688,09;-0,006730847;0,03825000
ESG Muster ausgewogen;01.05.2024;-0,0007930983;-1.427,53;0,2060917746;312.260,56;-0,000646854;0,03825000
ESG Muster ausgewogen;02.05.2024;0,0053323006;9.590,22;0,2124256414;321.850,77;0,001619374;0,03853000
ESG Muster ausgewogen;03.05.2024;0,0061561608;11.044,12;0,2197215566;332.894,90;0,003460751;0,03827000
ESG Muster ausgewogen;04.05.2024;0,0000260602;47,04;0,2197526044;332.941,94;0;0,03827000
ESG Muster ausgewogen;05.05.2024;0,0000260596;47,04;0,2197836522;332.988,98;0;0,03827000
ESG Muster ausgewogen;06.05.2024;0,0033829576;6.106,69;0,2238210296;339.095,67;0,005047706;0,03824000
ESG Muster ausgewogen;07.05.2024;0,0045218869;8.190,22;0,2292339198;347.285,89;0,005068446;0,03788000
ESG Muster ausgewogen;08.05.2024;0,0011028827;2.006,62;0,2305653697;349.292,51;-0,000478263;0,03814000
ESG Muster ausgewogen;09.05.2024;0,0015564899;2.835,05;0,2324437418;352.127,56;0,000158508;0,03806000
ESG Muster ausgewogen;10.05.2024;0,0046640862;8.508,56;0,2380674806;360.636,12;0,002362578;0,03818000
ESG Muster ausgewogen;11.05.2024;0,0000243427;44,61;0,2380969323;360.680,74;0;0,03818000
ESG Muster ausgewogen;12.05.2024;0,0000243421;44,61;0,2381263839;360.725,35;0;0,03818000
ESG Muster ausgewogen;13.05.2024;-0,0029329608;-5.375,74;0,2345847009;355.349,62;-0,000949044;0,03828000
ESG Muster ausgewogen;14.05.2024;0,0025981675;4.748,14;0,2377262834;360.097,75;0,000017814;0,03824000
ESG Muster ausgewogen;15.05.2024;0,0082275344;15.074,84;0,2476856351;375.172,59;0,006558772;0,03816000
ESG Muster ausgewogen;16.05.2024;0,0008117218;1.499,51;0,2486829846;376.672,10;-0,002934191;0,03826000
ESG Muster ausgewogen;17.05.2024;-0,0011457682;-2.118,32;0,2472917810;374.553,78;-0,002407572;0,03830000
ESG Muster ausgewogen;18.05.2024;0,0000243196;44,91;0,2473214325;374.598,69;0;0,03830000
ESG Muster ausgewogen;19.05.2024;0,0000243190;44,91;0,2473510841;374.643,60;0;0,03830000
ESG Muster ausgewogen;20.05.2024;0,0031700949;5.854,49;0,2512238309;380.498,10;0,000765453;0,03822000
ESG Muster ausgewogen;21.05.2024;0,0014275678;2.644,77;0,2529775106;383.142,87;0,000354367;0,03823000
ESG Muster ausgewogen;22.05.2024;0,0026419733;4.901,62;0,2562214488;388.044,49;-0,001692493;0,03819000
ESG Muster ausgewogen;23.05.2024;-0,0041648640;-7.747,43;0,2511132869;380.297,06;-0,002552437;0,03801000
ESG Muster ausgewogen;24.05.2024;0,0028641348;5.305,64;0,2546241169;385.602,70;0,001394822;0,03808000
ESG Muster ausgewogen;25.05.2024;0,0000244347;45,39;0,2546540914;385.648,09;0;0,03808000
ESG Muster ausgewogen;26.05.2024;0,0000244341;45,39;0,2546840660;385.693,49;0;0,03808000
ESG Muster ausgewogen;27.05.2024;0,0023534990;4.372,42;0,2575788373;390.065,91;0,001869485;0,03800000
ESG Muster ausgewogen;28.05.2024;-0,0028624642;-5.330,51;0,2540662738;384.735,39;-0,001117963;0,03785000
ESG Muster ausgewogen;29.05.2024;-0,0035237299;-6.543,14;0,2497526846;378.192,25;-0,005330269;0,03794000
ESG Muster ausgewogen;30.05.2024;-0,0029143682;-5.392,56;0,2461986779;372.799,69;-0,001764612;0,03788000
ESG Muster ausgewogen;31.05.2024;0,0002441581;450,46;0,2465033203;373.250,15;0,002602012;0,03785000
ESG Muster ausgewogen;01.06.2024;0,0000246482;45,49;0,2465333602;373.295,63;0;0,03785000
ESG Muster ausgewogen;02.06.2024;0,0000246476;45,49;0,2465634000;373.341,12;0;0,03785000
ESG Muster ausgewogen;03.06.2024;0,0032045322;5.913,92;0,2504763513;379.255,04;0,003014937;0,03782000
ESG Muster ausgewogen;04.06.2024;0,0006869319;1.271,79;0,2513235609;380.526,82;-0,001415061;0,03772000
ESG Muster ausgewogen;05.06.2024;0,0077591377;14.375,13;0,2608253190;394.901,95;0,005225321;0,03752000
ESG Muster ausgewogen;06.06.2024;0,0006023557;1.124,63;0,2615756466;396.026,58;0,000000925;0,03755000
ESG Muster ausgewogen;07.06.2024;-0,0024655727;-4.606,11;0,2585407392;391.420,47;-0,001754187;0,03759000
ESG Muster ausgewogen;08.06.2024;0,0000254381;47,41;0,2585720515;391.467,87;0;0,03759000
ESG Muster ausgewogen;09.06.2024;0,0000254374;47,41;0,2586033637;391.515,28;0;0,03759000
ESG Muster ausgewogen;10.06.2024;0,0014786743;2.755,75;0,2604310564;394.271,03;0,000693637;0,03743000
ESG Muster ausgewogen;11.06.2024;0,0020838352;3.889,30;0,2630076171;398.160,33;-0,000791496;0,03739000
ESG Muster ausgewogen;12.06.2024;0,0061043862;11.417,06;0,2705569675;409.577,39;0,004668289;0,03720000
ESG Muster ausgewogen;13.06.2024;-0,0019529768;-3.674,96;0,2681370213;405.902,43;-0,002912424;0,03719000
ESG Muster ausgewogen;14.06.2024;-0,0026778958;-5.029,21;0,2648222822;400.873,22;0,001130693;0,03715000
ESG Muster ausgewogen;15.06.2024;0,0000247683;46,39;0,2648529291;400.919,61;0;0,03715000
ESG Muster ausgewogen;16.06.2024;0,0000247677;46,39;0,2648835759;400.966,00;0;0,03715000
ESG Muster ausgewogen;17.06.2024;-0,0029767918;-5.575,86;0,2612075026;395.390,14;-0,000601520;0,03711000
ESG Muster ausgewogen;18.06.2024;0,0015121249;2.823,95;0,2630805461;398.214,09;0,001853340;0,03717000
ESG Muster ausgewogen;19.06.2024;-0,0010381174;-1.941,65;0,2618051942;396.272,43;-0,001139126;0,03712000
ESG Muster ausgewogen;20.06.2024;0,0042910608;8.017,49;0,2671096448;404.289,93;0,002059373;0,03700000
ESG Muster ausgewogen;21.06.2024;-0,0010723123;-2.012,12;0,2657877425;402.277,80;-0,000364762;0,03686000
ESG Muster ausgewogen;22.06.2024;0,0000245718;46,06;0,2658181734;402.323,86;0;0,03686000
ESG Muster ausgewogen;23.06.2024;0,0000245712;46,06;0,2658486042;402.369,92;0;0,03686000
ESG Muster ausgewogen;24.06.2024;0,0001784219;334,45;0,2660770580;402.704,37;0,000739482;0,03682000
ESG Muster ausgewogen;25.06.2024;-0,0001203472;-225,63;0,2659354349;402.478,74;0,001783474;0,03698000
ESG Muster ausgewogen;26.06.2024;-0,0012812445;-2.401,85;0,2643558253;400.076,89;-0,000659496;0,03722000
ESG Muster ausgewogen;27.06.2024;-0,0007724091;-1.446,12;0,2634076403;398.630,77;-0,000092348;0,03695000
ESG Muster ausgewogen;28.06.2024;-0,0037228068;-6.964,54;0,2588128222;391.666,23;-0,001015661;0,03711000
ESG Muster ausgewogen;29.06.2024;0,0000270521;50,42;0,2588461397;391.716,65;0;0,03711000
ESG Muster ausgewogen;30.06.2024;0,0000270514;50,42;0,2588794573;391.767,07;0;0,03711000
ESG Muster ausgewogen;01.07.2024;-0,0010742356;-2.002,28;0,2575635170;389.764,79;-0,001254813;0,03709000
ESG Muster ausgewogen;02.07.2024;-0,0002289827;-426,35;0,2572889239;389.338,45;-0,000964232;0,03714000
ESG Muster ausgewogen;03.07.2024;0,0061095312;11.372,79;0,2648118113;400.711,24;0,003995887;0,03705000
ESG Muster ausgewogen;04.07.2024;0,0009190583;1.721,26;0,2659566703;402.432,50;0,000985159;0,03708000
ESG Muster ausgewogen;05.07.2024;0,0027276118;5.113,12;0,2693432241;407.545,62;0,001660457;0,03712000
ESG Muster ausgewogen;06.07.2024;0,0000268236;50,42;0,2693765462;407.596,04;0;0,03712000
ESG Muster ausgewogen;07.07.2024;0,0000268229;50,42;0,2694098684;407.646,46;0;0,03712000
ESG Muster ausgewogen;08.07.2024;-0,0007209842;-1.355,30;0,2685215584;406.291,16;0,000698433;0,03699000
ESG Muster ausgewogen;09.07.2024;-0,0031619281;-5.939,48;0,2646033751;400.351,68;-0,002871733;0,03708000
ESG Muster ausgewogen;10.07.2024;0,0070820875;13.261,18;0,2733755523;413.612,86;0,005279040;0,03704000
ESG Muster ausgewogen;11.07.2024;0,0030736096;5.796,08;0,2772140358;419.408,94;0,001302641;0,03685000
ESG Muster ausgewogen;12.07.2024;0,0010382386;1.963,88;0,2785197010;421.372,83;0,003636715;0,03664000
ESG Muster ausgewogen;13.07.2024;0,0000266277;50,42;0,2785530277;421.423,25;0;0,03664000
ESG Muster ausgewogen;14.07.2024;0,0000266270;50,42;0,2785863545;421.473,67;0;0,03664000
ESG Muster ausgewogen;15.07.2024;-0,0034242037;-6.484,13;0,2743079400;414.989,53;-0,001808973;0,03662000
ESG Muster ausgewogen;16.07.2024;0,0014638658;2.762,51;0,2761414733;417.752,04;0,000947201;0,03674000
ESG Muster ausgewogen;17.07.2024;-0,0034411085;-6.503,34;0,2718500341;411.248,71;-0,004364118;0,03678000
ESG Muster ausgewogen;18.07.2024;-0,0017788675;-3.350,31;0,2696426702;407.898,40;-0,001233713;0,03688000
ESG Muster ausgewogen;19.07.2024;-0,0048507636;-9.119,64;0,2636212283;398.778,75;-0,005818646;0,03698000
ESG Muster ausgewogen;20.07.2024;0,0000269493;50,42;0,2636545596;398.829,17;0;0,03698000
ESG Muster ausgewogen;21.07.2024;0,0000269486;50,42;0,2636878908;398.879,59;0;0,03698000
ESG Muster ausgewogen;22.07.2024;0,0034401322;6.436,57;0,2679501573;405.316,17;0,005884105;0,03705000
ESG Muster ausgewogen;23.07.2024;0,0035967324;6.752,72;0,2724216503;412.068,89;0,001797693;0,03685000
ESG Muster ausgewogen;24.07.2024;-0,0064407125;-12.135,68;0,2644057780;399.933,21;-0,007233015;0,03698000
ESG Muster ausgewogen;25.07.2024;-0,0063308346;-11.851,82;0,2565771343;388.081,40;-0,002859231;0,03686000
ESG Muster ausgewogen;26.07.2024;0,0052450064;9.756,90;0,2630348793;397.838,29;0,004049128;0,03655000
ESG Muster ausgewogen;27.07.2024;0,0000277699;51,93;0,2630692129;397.890,22;0;0,03655000
ESG Muster ausgewogen;28.07.2024;0,0000277692;51,93;0,2631035465;397.942,15;0;0,03655000
ESG Muster ausgewogen;29.07.2024;0,0035234162;6.589,09;0,2674671432;404.531,25;0,001133867;0,03636000
ESG Muster ausgewogen;30.07.2024;-0,0002185227;-410,10;0,2672031248;404.121,15;0,000245451;0,03631000
ESG Muster ausgewogen;31.07.2024;0,0080093828;15.027,73;0,2771467730;419.148,88;0,005284313;0,03647000
ESG Muster ausgewogen;01.08.2024;-0,0036711108;-6.943,15;0,2725631144;412.205,73;-0,007420387;0,03638000
ESG Muster ausgewogen;02.08.2024;-0,0129347521;-24.373,60;0,2564533381;387.832,13;-0,011883196;0,03623000
ESG Muster ausgewogen;03.08.2024;0,0000279193;51,93;0,2564876762;387.884,06;0;0,03623000
ESG Muster ausgewogen;04.08.2024;0,0000279186;51,93;0,2565220144;387.935,99;0;0,03623000
ESG Muster ausgewogen;05.08.2024;-0,0200426584;-37.280,96;0,2318761799;350.655,03;-0,014217742;0,03584000
ESG Muster ausgewogen;06.08.2024;0,0050795236;9.258,95;0,2380050965;359.913,98;0,003401653;0,03523000
ESG Muster ausgewogen;07.08.2024;0,0030716537;5.627,45;0,2417328077;365.541,43;0,000545240;0,03569000
ESG Muster ausgewogen;08.08.2024;0,0051485360;9.461,39;0,2479961587;375.002,82;0,005844116;0,03577000
ESG Muster ausgewogen;09.08.2024;0,0022357427;4.129,75;0,2507338191;379.132,57;0,002375823;0,03557000
ESG Muster ausgewogen;10.08.2024;0,0000280505;51,93;0,2507681618;379.184,50;0;0,03557000
ESG Muster ausgewogen;11.08.2024;0,0000280498;51,93;0,2508025045;379.236,43;0;0,03557000
ESG Muster ausgewogen;12.08.2024;0,0022859802;4.232,22;0,2536080688;383.468,65;-0,000664552;0,03548000
ESG Muster ausgewogen;13.08.2024;0,0053990321;9.964,39;0,2602065637;393.433,04;0,006286424;0,03542000
ESG Muster ausgewogen;14.08.2024;-0,0010801874;-2.004,35;0,2588893976;391.428,70;0,001354592;0,03542000
ESG Muster ausgewogen;15.08.2024;0,0046701090;8.656,27;0,2646232503;400.084,97;0,006675673;0,03549000
ESG Muster ausgewogen;16.08.2024;0,0028185855;5.248,78;0,2681036119;405.333,75;0,002829804;0,03560000
ESG Muster ausgewogen;17.08.2024;0,0000272857;50,95;0,2681373153;405.384,71;0;0,03560000
ESG Muster ausgewogen;18.08.2024;0,0000272849;50,95;0,2681710188;405.435,66;0;0,03560000
ESG Muster ausgewogen;19.08.2024;0,0015877433;2.965,20;0,2701410901;408.400,86;0,002767409;0,03551000
ESG Muster ausgewogen;20.08.2024;0,0014607737;2.732,41;0,2719572847;411.133,27;-0,000871048;0,03538000
ESG Muster ausgewogen;21.08.2024;0,0000841079;157,56;0,2720703059;411.290,83;0,002822776;0,03542000
ESG Muster ausgewogen;22.08.2024;-0,0018724917;-3.507,95;0,2697584968;407.782,88;-0,001744253;0,03541000
ESG Muster ausgewogen;23.08.2024;0,0039593306;7.403,56;0,2746649885;415.186,44;0,004625741;0,03525000
ESG Muster ausgewogen;24.08.2024;0,0000271425;50,95;0,2746986974;415.237,40;0;0,03525000
ESG Muster ausgewogen;25.08.2024;0,0000271417;50,95;0,2747324063;415.288,35;0;0,03525000
ESG Muster ausgewogen;26.08.2024;0,0017682228;3.319,68;0,2769374319;418.608,03;-0,001168274;0,03523000
ESG Muster ausgewogen;27.08.2024;-0,0003024191;-568,77;0,2765700312;418.039,26;0,001136444;0,03515000
ESG Muster ausgewogen;28.08.2024;0,0012178990;2.289,84;0,2780938754;420.329,10;0,001233733;0,03505000
ESG Muster ausgewogen;29.08.2024;0,0026350818;4.960,41;0,2813847271;425.289,51;0,002182620;0,03505000
ESG Muster ausgewogen;30.08.2024;0,0016742599;3.160,01;0,2834845375;428.449,53;0,002537226;0,03490000
ESG Muster ausgewogen;31.08.2024;0,0000165624;31,31;0,2835052554;428.480,84;0;0,03490000
ESG Muster ausgewogen;01.09.2024;0,0000269516;50,95;0,2835389697;428.531,79;0;0,03490000
ESG Muster ausgewogen;02.09.2024;-0,0004390690;-830,13;0,2829987289;427.701,67;-0,000697639;0,03469000
ESG Muster ausgewogen;03.09.2024;-0,0027679040;-5.230,84;0,2795465062;422.470,82;-0,005413206;0,03458000
ESG Muster ausgewogen;04.09.2024;-0,0044069485;-8.305,29;0,2740596367;414.165,53;-0,002918040;0,03449000
ESG Muster ausgewogen;05.09.2024;-0,0024722394;-4.638,63;0,2709987691;409.526,90;-0,000374246;0,03470000
ESG Muster ausgewogen;06.09.2024;-0,0027873449;-5.216,93;0,2675549979;404.309,97;-0,007217688;0,03468000
ESG Muster ausgewogen;07.09.2024;0,0000273511;51,05;0,2675887799;404.361,02;0;0,03468000
ESG Muster ausgewogen;08.09.2024;0,0000273504;51,05;0,2676225619;404.412,07;0;0,03468000
ESG Muster ausgewogen;09.09.2024;0,0033356023;6.226,01;0,2717512406;410.638,08;0,005728814;0,03462000
ESG Muster ausgewogen;10.09.2024;0,0010161208;1.902,95;0,2730191668;412.541,03;-0,001239581;0,03460000
ESG Muster ausgewogen;11.09.2024;0,0028526166;5.347,69;0,2765669531;417.888,72;0,004842994;0,03467000
ESG Muster ausgewogen;12.09.2024;0,0037075656;6.970,26;0,2811888253;424.858,97;0,002875932;0,03481000
ESG Muster ausgewogen;13.09.2024;0,0034526340;6.515,05;0,2855096856;431.374,02;0,003796307;0,03472000
ESG Muster ausgewogen;14.09.2024;0,0000269914;51,11;0,2855435121;431.425,13;0;0,03472000
ESG Muster ausgewogen;15.09.2024;0,0000269907;51,11;0,2855773386;431.476,24;0;0,03472000
ESG Muster ausgewogen;16.09.2024;-0,0003135353;-593,71;0,2851932974;430.882,53;-0,000167772;0,03488000
ESG Muster ausgewogen;17.09.2024;-0,0009221783;-1.745,69;0,2840467188;429.136,84;0,001081351;0,03480000
ESG Muster ausgewogen;18.09.2024;-0,0010306930;-1.949,31;0,2827652714;427.187,54;-0,001787069;0,03458000
ESG Muster ausgewogen;19.09.2024;0,0037877768;7.156,28;0,2875111079;434.343,81;0,007916856;0,03455000
ESG Muster ausgewogen;20.09.2024;-0,0004338442;-822,77;0,2869753802;433.521,04;-0,006601623;0,03436000
ESG Muster ausgewogen;21.09.2024;0,0000262345;49,73;0,2870083006;433.570,77;0;0,03436000
ESG Muster ausgewogen;22.09.2024;0,0000262339;49,73;0,2870412209;433.620,51;0;0,03436000
ESG Muster ausgewogen;23.09.2024;0,0048538657;9.201,67;0,2931414697;442.822,17;0,003704274;0,03431000
ESG Muster ausgewogen;24.09.2024;0,0014199295;2.704,88;0,2949411730;445.527,06;0,003923818;0,03402000
ESG Muster ausgewogen;25.09.2024;0,0012202152;2.327,74;0,2964912911;447.854,80;-0,001510889;0,03352000
ESG Muster ausgewogen;26.09.2024;0,0045037088;8.601,97;0,3021953155;456.456,77;0,006972640;0,03345000
ESG Muster ausgewogen;27.09.2024;0,0032199857;6.177,79;0,3062947047;462.634,56;0,004489136;0,03326000
ESG Muster ausgewogen;28.09.2024;0,0000258472;49,75;0,3063276421;462.684,31;0;0,03326000
ESG Muster ausgewogen;29.09.2024;0,0000258465;49,75;0,3063605796;462.734,06;0;0,03326000
ESG Muster ausgewogen;30.09.2024;-0,0038336823;-7.379,28;0,3014842524;455.354,78;-0,001772040;0,03279000
ESG Muster ausgewogen;01.10.2024;0,0026020733;4.989,41;0,3047970012;460.344,19;-0,000369908;0,03252000
ESG Muster ausgewogen;02.10.2024;-0,0032193013;-6.188,99;0,3007084135;454.155,20;-0,001237363;0,03246000
ESG Muster ausgewogen;03.10.2024;-0,0007937356;-1.521,02;0,2997104455;452.634,18;-0,002291549;0,03238000
ESG Muster ausgewogen;04.10.2024;0,0017280454;3.308,78;0,3019105338;455.942,96;0,002057984;0,03250000
ESG Muster ausgewogen;05.10.2024;0,0000260958;50,05;0,3019436775;455.993,02;0;0,03250000
ESG Muster ausgewogen;06.10.2024;0,0000260951;50,05;0,3019768213;456.043,07;0;0,03250000
ESG Muster ausgewogen;07.10.2024;-0,0009425891;-1.808,04;0,3007887327;454.235,03;-0,002246051;0,03268000
ESG Muster ausgewogen;08.10.2024;-0,0011372291;-2.179,33;0,2993546801;452.055,70;0,000556834;0,03265000
ESG Muster ausgewogen;09.10.2024;0,0043366554;8.301,12;0,3048609695;460.356,82;0,004422894;0,03223000
ESG Muster ausgewogen;10.10.2024;-0,0012382249;-2.380,46;0,3032937247;457.976,36;-0,000221963;0,03184000
ESG Muster ausgewogen;11.10.2024;0,0034716003;6.665,81;0,3077174159;464.642,16;0,002215786;0,03179000
ESG Muster ausgewogen;12.10.2024;0,0000259780;50,05;0,3077505647;464.692,22;0;0,03179000
ESG Muster ausgewogen;13.10.2024;0,0000259773;50,05;0,3077837134;464.742,27;0;0,03179000
ESG Muster ausgewogen;14.10.2024;0,0027573042;5.312,95;0,3113116722;470.055,22;0,003924297;0,03205000
ESG Muster ausgewogen;15.10.2024;-0,0014012870;-2.707,53;0,3095278042;467.347,68;-0,001018171;0,03215000
ESG Muster ausgewogen;16.10.2024;0,0027434182;5.293,34;0,3130430045;472.641,02;0,001301343;0,03208000
ESG Muster ausgewogen;17.10.2024;0,0034085720;6.594,77;0,3174203995;479.235,79;0,002579178;0,03219000
ESG Muster ausgewogen;18.10.2024;0,0006421414;1.246,62;0,3182556031;480.482,42;0,002372190;0,03201000
ESG Muster ausgewogen;19.10.2024;0,0000257662;50,05;0,3182887568;480.532,47;0;0,03201000
ESG Muster ausgewogen;20.10.2024;0,0000257655;50,05;0,3183219105;480.582,52;0;0,03201000
ESG Muster ausgewogen;21.10.2024;-0,0019932086;-3.872,21;0,3157664997;476.710,31;-0,004818956;0,03138000
ESG Muster ausgewogen;22.10.2024;-0,0010085823;-1.955,47;0,3144805803;474.754,84;-0,002048193;0,03098000
ESG Muster ausgewogen;23.10.2024;-0,0052514941;-10.171,49;0,3077520643;464.583,36;-0,002309244;0,03086000
ESG Muster ausgewogen;24.10.2024;0,0033631458;6.479,78;0,3120536923;471.063,14;0,003075762;0,03072000
ESG Muster ausgewogen;25.10.2024;0,0008197015;1.584,63;0,3131126906;472.647,77;-0,001093115;0,03059000
ESG Muster ausgewogen;26.10.2024;0,0000258705;50,05;0,3131458493;472.697,83;0;0,03059000
ESG Muster ausgewogen;27.10.2024;0,0000258698;50,05;0,3131790079;472.747,88;0;0,03059000
ESG Muster ausgewogen;28.10.2024;0,0035485945;6.866,06;0,3177369191;479.613,94;0,001480288;0,03052000
ESG Muster ausgewogen;29.10.2024;0,0003653566;709,43;0,3182162839;480.323,37;-0,001533516;0,03056000
ESG Muster ausgewogen;30.10.2024;-0,0034333561;-6.669,10;0,3138072112;473.654,27;-0,006680411;0,03056000
ESG Muster ausgewogen;31.10.2024;-0,0107349974;-20.780,53;0,3000484283;452.873,74;-0,007614676;0,03062000
ESG Muster ausgewogen;01.11.2024;0,0037970759;7.271,38;0,3048749678;460.145,11;0,003704014;0,03085000
ESG Muster ausgewogen;02.11.2024;0,0000260388;50,05;0,3049081313;460.195,17;0;0,03085000
ESG Muster ausgewogen;03.11.2024;0,0000260381;50,05;0,3049412949;460.245,22;0;0,03085000
ESG Muster ausgewogen;04.11.2024;-0,0028225438;-5.425,96;0,3013550753;454.819,26;-0,002206499;0,03075000
ESG Muster ausgewogen;05.11.2024;0,0022383072;4.290,70;0,3042069013;459.109,96;0,002977785;0,03057000
ESG Muster ausgewogen;06.11.2024;0,0064306359;12.354,73;0,3124022713;471.464,69;0,006488565;0,03049000
ESG Muster ausgewogen;07.11.2024;0,0018307193;3.539,85;0,3147570101;475.004,54;0,003799472;0,03032000
ESG Muster ausgewogen;08.11.2024;0,0039970600;7.742,80;0,3198969938;482.747,34;0,000834874;0,03032000
ESG Muster ausgewogen;09.11.2024;0,0000257362;50,05;0,3199301622;482.797,40;0;0,03032000
ESG Muster ausgewogen;10.11.2024;0,0000257355;50,05;0,3199633305;482.847,45;0;0,03032000
ESG Muster ausgewogen;11.11.2024;0,0031982138;6.220,42;0,3240947480;489.067,87;0,007644105;0,03040000
ESG Muster ausgewogen;12.11.2024;-0,0075298358;-14.692,12;0,3143676925;474.375,75;-0,005342266;0,03034000
ESG Muster ausgewogen;13.11.2024;-0,0014917984;-2.888,86;0,3124622779;471.486,89;-0,001404332;0,03023000
ESG Muster ausgewogen;14.11.2024;0,0040069675;7.747,90;0,3176061000;479.234,79;0,003771135;0,03005000
ESG Muster ausgewogen;15.11.2024;-0,0042083157;-8.169,83;0,3122006444;471.064,95;-0,002171590;0,02998000
ESG Muster ausgewogen;16.11.2024;0,0000237402;45,89;0,3122310610;471.110,85;0;0,02998000
ESG Muster ausgewogen;17.11.2024;0,0000237396;45,89;0,3122614775;471.156,74;0;0,02998000
ESG Muster ausgewogen;18.11.2024;0,0003910671;756,04;0,3127715339;471.912,78;-0,001591609;0,03004000
ESG Muster ausgewogen;19.11.2024;-0,0003967178;-767,27;0,3122719661;471.145,52;-0,000038761;0,03013000
ESG Muster ausgewogen;20.11.2024;0,0019506826;3.771,19;0,3147804939;474.916,70;-0,000418244;0,03000000
ESG Muster ausgewogen;21.11.2024;0,0032080938;6.214,20;0,3189084499;481.130,90;0,003365697;0,03005000
ESG Muster ausgewogen;22.11.2024;0,0093867961;18.240,90;0,3310085240;499.371,80;0,007042267;0,03022000
ESG Muster ausgewogen;23.11.2024;0,0000211479;41,48;0,3310360199;499.413,28;0;0,03022000
ESG Muster ausgewogen;24.11.2024;0,0000211474;41,48;0,3310635158;499.454,76;0;0,03022000
ESG Muster ausgewogen;25.11.2024;-0,0007829185;-1.535,75;0,3300549390;497.919,01;0,001469695;0,02985000
ESG Muster ausgewogen;26.11.2024;-0,0000739468;-144,94;0,3299682412;497.774,07;-0,001045357;0,02898000
ESG Muster ausgewogen;27.11.2024;-0,0024514949;-4.804,67;0,3267925554;492.969,40;-0,002356489;0,02912000
ESG Muster ausgewogen;28.11.2024;0,0024264343;4.743,90;0,3299466571;497.713,30;0,002908775;0,02939000
ESG Muster ausgewogen;29.11.2024;0,0030902601;6.056,39;0,3339710329;503.769,69;0,004476495;0,02934000
ESG Muster ausgewogen;30.11.2024;0,0000211202;41,52;0,3339985583;503.811,21;0;0,02934000
ESG Muster ausgewogen;01.12.2024;0,0000211198;41,52;0,3340260838;503.852,73;0;0,02934000
ESG Muster ausgewogen;02.12.2024;0,0063811985;12.545,26;0,3423525475;516.397,99;0,007895057;0,02924000
ESG Muster ausgewogen;03.12.2024;-0,0009741203;-1.927,31;0,3410844160;514.470,68;-0,000315492;0,02879000
ESG Muster ausgewogen;04.12.2024;0,0007587983;1.499,83;0,3420883942;515.970,51;0,003482624;0,02877000
ESG Muster ausgewogen;05.12.2024;-0,0036820736;-7.283,47;0,3372689153;508.687,04;0,000035299;0,02881000
ESG Muster ausgewogen;06.12.2024;0,0005875281;1.157,90;0,3380460962;509.844,94;0,000841743;0,02868000
ESG Muster ausgewogen;07.12.2024;0,0000206897;40,80;0,3380731476;509.885,74;0;0,02868000
ESG Muster ausgewogen;08.12.2024;0,0000206892;40,80;0,3381001991;509.926,54;0;0,02868000
ESG Muster ausgewogen;09.12.2024;0,0005618458;1.107,99;0,3388443089;511.034,53;-0,001817885;0,02862000
ESG Muster ausgewogen;10.12.2024;0,0019707161;3.888,53;0,3414321480;514.923,05;0,001322546;0,02872000
ESG Muster ausgewogen;11.12.2024;0,0051661821;10.213,76;0,3482143318;525.136,82;0,004072233;0,02888000
ESG Muster ausgewogen;12.12.2024;-0,0039995616;-7.948,16;0,3429535059;517.188,66;-0,002551485;0,02886000
ESG Muster ausgewogen;13.12.2024;-0,0056728199;-11.228,26;0,3355172357;505.960,40;-0,003142349;0,02843000
ESG Muster ausgewogen;14.12.2024;0,0000207572;40,85;0,3355443258;506.001,25;0;0,02843000
ESG Muster ausgewogen;15.12.2024;0,0000207568;40,85;0,3355714159;506.042,10;0;0,02843000
ESG Muster ausgewogen;16.12.2024;-0,0010923185;-2.149,86;0,3341550399;503.892,24;-0,001014917;0,02863000
ESG Muster ausgewogen;17.12.2024;-0,0013913887;-2.735,49;0,3323502003;501.156,76;-0,001371219;0,02865000
ESG Muster ausgewogen;18.12.2024;-0,0033156665;-6.509,57;0,3280423306;494.647,19;-0,006027492;0,02852000
ESG Muster ausgewogen;19.12.2024;-0,0084036264;-16.443,94;0,3171457058;478.203,25;-0,004461289;0,02839000
ESG Muster ausgewogen;20.12.2024;0,0016616347;3.224,11;0,3192927276;481.427,35;0,000836642;0,02772000
ESG Muster ausgewogen;21.12.2024;0,0000210320;40,88;0,3193198378;481.468,23;0;0,02772000
ESG Muster ausgewogen;22.12.2024;0,0000210315;40,88;0,3193469480;481.509,11;0;0,02772000
ESG Muster ausgewogen;23.12.2024;0,0020448226;3.974,38;0,3219916809;485.483,48;0,000868089;0,02731000
ESG Muster ausgewogen;24.12.2024;0,0021519097;4.191,07;0,3247802641;489.674,55;0,002055559;0,02715000
ESG Muster ausgewogen;25.12.2024;-0,0001736578;-338,94;0,3245643384;489.335,61;0,000017174;0,02715000
ESG Muster ausgewogen;26.12.2024;-0,0008513801;-1.661,43;0,3234711881;487.674,18;-0,000606427;0,02715000
ESG Muster ausgewogen;27.12.2024;0,0006453349;1.258,27;0,3243146340;488.932,45;-0,001694947;0,02683000
ESG Muster ausgewogen;28.12.2024;0,0000209511;40,88;0,3243417480;488.973,32;0;0,02683000
ESG Muster ausgewogen;29.12.2024;0,0000209506;40,88;0,3243688619;489.014,20;0;0,02683000
ESG Muster ausgewogen;30.12.2024;-0,0033870786;-6.608,64;0,3199939801;482.405,55;-0,001133960;0,02678000
ESG Muster ausgewogen;31.12.2024;0,0008119211;1.578,80;0,3210499693;483.984,36;-0,000371813;0,02714000
ESG Muster ausgewogen;01.01.2025;-0,0000314254;-61,16;0,3210181076;483.923,20;0,000000448;0,02714000
ESG Muster ausgewogen;02.01.2025;0,0093464384;18.188,57;0,3330928031;502.111,77;0,002238968;0,02736000
ESG Muster ausgewogen;03.01.2025;-0,0015637787;-3.071,62;0,3310640852;499.040,15;-0,000293997;0,02731000
ESG Muster ausgewogen;04.01.2025;0,0000208431;40,88;0,3310912028;499.081,02;0;0,02731000
ESG Muster ausgewogen;05.01.2025;0,0000208426;40,88;0,3311183204;499.121,90;0;0,02731000
ESG Muster ausgewogen;06.01.2025;-0,0022310521;-4.375,63;0,3282243732;494.746,27;0,002607199;0,02757000
ESG Muster ausgewogen;07.01.2025;0,0030675138;6.002,71;0,3322156383;500.748,98;-0,000479406;0,02785000
ESG Muster ausgewogen;08.01.2025;-0,0005907276;-1.159,52;0,3314552793;499.589,46;0,000007424;0,02782000
ESG Muster ausgewogen;09.01.2025;0,0019493064;3.823,97;0,3340012775;503.413,43;-0,000346905;0,02789000
ESG Muster ausgewogen;10.01.2025;-0,0047544646;-9.345,06;0,3278098637;494.068,37;-0,005468567;0,02766000
ESG Muster ausgewogen;11.01.2025;0,0000162415;31,77;0,3278309437;494.100,15;0;0,02766000
ESG Muster ausgewogen;12.01.2025;0,0000162412;31,77;0,3278520237;494.131,92;0;0,02766000
ESG Muster ausgewogen;13.01.2025;-0,0004756961;-930,58;0,3272433424;493.201,34;-0,000696633;0,02785000
ESG Muster ausgewogen;14.01.2025;-0,0030702779;-6.003,38;0,3232686774;487.197,96;-0,000972156;0,02761000
ESG Muster ausgewogen;15.01.2025;0,0084631368;16.497,34;0,3342240060;503.695,30;0,010443055;0,02748000
ESG Muster ausgewogen;16.01.2025;0,0030301924;5.956,80;0,3381855999;509.652,10;0,001134140;0,02744000
ESG Muster ausgewogen;17.01.2025;0,0044812752;8.836,05;0,3440580021;518.488,15;0,005323580;0,02704000
ESG Muster ausgewogen;18.01.2025;0,0000207912;41,18;0,3440853278;518.529,33;0;0,02704000
ESG Muster ausgewogen;19.01.2025;0,0000207908;41,18;0,3441126535;518.570,51;0;0,02704000
ESG Muster ausgewogen;20.01.2025;-0,0050980966;-10.097,75;0,3374209388;508.472,76;-0,000366158;0,02677000
ESG Muster ausgewogen;21.01.2025;0,0040572549;7.995,20;0,3427355956;516.467,96;0,002972055;0,02681000
ESG Muster ausgewogen;22.01.2025;0,0024537837;4.855,03;0,3459666000;521.322,98;0,003950516;0,02671000
ESG Muster ausgewogen;23.01.2025;0,0018305919;3.630,87;0,3483853507;524.953,86;0,002727916;0,02673000
ESG Muster ausgewogen;24.01.2025;-0,0041674685;-8.281,07;0,3428986503;516.672,79;-0,003665389;0,02641000
ESG Muster ausgewogen;25.01.2025;0,0000208103;41,18;0,3429259796;516.713,97;0;0,02641000
ESG Muster ausgewogen;26.01.2025;0,0000208099;41,18;0,3429533089;516.755,15;0;0,02641000
ESG Muster ausgewogen;27.01.2025;-0,0042415881;-8.393,57;0,3373916373;508.361,58;-0,004368741;0,02641000
ESG Muster ausgewogen;28.01.2025;0,0029113962;5.736,85;0,3412080466;514.098,43;0,004811854;0,02615000
ESG Muster ausgewogen;29.01.2025;0,0037007348;7.313,46;0,3460710649;521.411,89;0,001079404;0,02612000
ESG Muster ausgewogen;30.01.2025;0,0079207072;15.710,98;0,3565080588;537.122,86;0,003536034;0,02606000
ESG Muster ausgewogen;31.01.2025;0,0030178035;6.033,32;0,3605220021;543.156,18;0,000760717;0,02589000
ESG Muster ausgewogen;01.02.2025;0,0000205355;41,18;0,3605493350;543.197,36;0;0,02589000
ESG Muster ausgewogen;02.02.2025;0,0000205350;41,18;0,3605766679;543.238,54;0;0,02589000
ESG Muster ausgewogen;03.02.2025;-0,0016980004;-3.405,10;0,3583258537;539.833,44;-0,003240382;0,02562000
ESG Muster ausgewogen;04.02.2025;0,0011269637;2.256,13;0,3598327634;542.089,57;0,000775746;0,02541000
ESG Muster ausgewogen;05.02.2025;0,0006447734;1.292,26;0,3606999141;543.381,83;0,002005061;0,02529000
ESG Muster ausgewogen;06.02.2025;0,0023666466;4.746,31;0,3638599725;548.128,15;0,006987141;0,02535000
ESG Muster ausgewogen;07.02.2025;-0,0010066559;-2.023,63;0,3625260197;546.104,52;-0,003092725;0,02527000
ESG Muster ausgewogen;08.02.2025;0,0000197768;39,72;0,3625523850;546.144,24;0;0,02527000
ESG Muster ausgewogen;09.02.2025;0,0000197765;39,72;0,3625787503;546.183,95;0;0,02527000
ESG Muster ausgewogen;10.02.2025;0,0046769456;9.392,73;0,3688235429;555.576,68;0,004024669;0,02526000
ESG Muster ausgewogen;11.02.2025;-0,0008360285;-1.686,85;0,3677131931;553.889,83;-0,001474097;0,02539000
ESG Muster ausgewogen;12.02.2025;-0,0046948292;-9.464,82;0,3614390428;544.425,01;-0,001506494;0,02553000
ESG Muster ausgewogen;13.02.2025;0,0018946612;3.801,72;0,3639723238;548.226,73;0,008990131;0,02556000
ESG Muster ausgewogen;14.02.2025;-0,0036503136;-7.279,84;0,3591517384;540.946,89;-0,003657178;0,02522000
ESG Muster ausgewogen;15.02.2025;0,0000194272;38,60;0,3591773677;540.985,49;0;0,02522000
ESG Muster ausgewogen;16.02.2025;0,0000194268;38,60;0,3592029970;541.024,10;0;0,02522000
ESG Muster ausgewogen;17.02.2025;0,0018381004;3.652,49;0,3616406278;544.676,59;0,002545316;0,02510000
ESG Muster ausgewogen;18.02.2025;0,0036937910;7.353,43;0,3665357479;552.030,02;0,001937192;0,02516000
ESG Muster ausgewogen;19.02.2025;0,0010290769;2.056,21;0,3679138241;554.086,23;-0,005051274;0,02529000
ESG Muster ausgewogen;20.02.2025;-0,0018123424;-3.624,98;0,3655195273;550.461,25;-0,002030144;0,02534000
ESG Muster ausgewogen;21.02.2025;-0,0027170996;-5.424,80;0,3619298812;545.036,45;-0,001213984;0,02521000
ESG Muster ausgewogen;22.02.2025;0,0000203488;40,52;0,3619567862;545.076,97;0;0,02521000
ESG Muster ausgewogen;23.02.2025;0,0000203484;40,52;0,3619836912;545.117,48;0;0,02521000
ESG Muster ausgewogen;24.02.2025;-0,0038272996;-7.620,90;0,3569354082;537.496,58;-0,000115349;0,02521000
ESG Muster ausgewogen;25.02.2025;-0,0066084966;-13.108,45;0,3482425147;524.388,14;-0,001865392;0,02530000
ESG Muster ausgewogen;26.02.2025;0,0021566026;4.249,51;0,3510766968;528.637,65;0,005192511;0,02499000
ESG Muster ausgewogen;27.02.2025;0,0006720314;1.327,07;0,3519701465;529.964,72;-0,003707970;0,02485000
ESG Muster ausgewogen;28.02.2025;0,0024444296;4.830,30;0,3551903452;534.795,02;0,003154242;0,02464000
ESG Muster ausgewogen;01.03.2025;0,0000295714;58,58;0,3552292499;534.853,59;0;0,02464000
ESG Muster ausgewogen;02.03.2025;0,0000204127;40,44;0,3552561061;534.894,03;0;0,02464000
ESG Muster ausgewogen;03.03.2025;-0,0044532256;-8.821,72;0,3494090527;526.072,31;-0,001711282;0,02464000
ESG Muster ausgewogen;04.03.2025;-0,0084709443;-16.705,98;0,3383247952;509.366,34;-0,011421458;0,02491000
ESG Muster ausgewogen;05.03.2025;-0,0041519933;-8.118,99;0,3329434901;501.247,35;0,001265201;0,02504000
ESG Muster ausgewogen;06.03.2025;-0,0032062360;-6.243,58;0,3288075416;495.003,76;-0,001562489;0,02511000
ESG Muster ausgewogen;07.03.2025;-0,0005979174;-1.160,61;0,3280477879;493.843,16;-0,002656888;0,02529000
ESG Muster ausgewogen;08.03.2025;0,0000208443;40,44;0,3280746487;493.883,59;0;0,02529000
ESG Muster ausgewogen;09.03.2025;0,0000208438;40,44;0,3281015095;493.924,03;0;0,02529000
ESG Muster ausgewogen;10.03.2025;-0,0077809488;-15.095,06;0,3180850615;478.828,97;-0,008087532;0,02547000
ESG Muster ausgewogen;11.03.2025;-0,0095941327;-18.467,81;0,3058273227;460.361,16;-0,009175667;0,02553000
ESG Muster ausgewogen;12.03.2025;0,0039411525;7.513,57;0,3108292806;467.874,73;0,004962182;0,02527000
ESG Muster ausgewogen;13.03.2025;-0,0003149781;-602,85;0,3104392900;467.271,87;-0,001874228;0,02501000
ESG Muster ausgewogen;14.03.2025;0,0049272266;9.427,51;0,3167133056;476.699,38;0,007804804;0,02478000
ESG Muster ausgewogen;15.03.2025;0,0000210341;40,44;0,3167401761;476.739,83;0;0,02478000
ESG Muster ausgewogen;16.03.2025;0,0000210337;40,44;0,3167670465;476.780,27;0;0,02478000
ESG Muster ausgewogen;17.03.2025;0,0045061682;8.664,72;0,3225346668;485.444,99;0,003360376;0,02456000
ESG Muster ausgewogen;18.03.2025;0,0007848276;1.515,91;0,3235527540;486.960,91;0,000151386;0,02426000
ESG Muster ausgewogen;19.03.2025;0,0051813484;10.015,75;0,3302186497;496.976,65;0,002555365;0,02411000
ESG Muster ausgewogen;20.03.2025;-0,0029226973;-5.678,96;0,3264561958;491.297,69;-0,002994483;0,02387000
ESG Muster ausgewogen;21.03.2025;-0,0001071816;-207,65;0,3263291539;491.090,04;-0,000193754;0,02386000
ESG Muster ausgewogen;22.03.2025;0,0000209410;40,57;0,3263561102;491.130,61;0;0,02386000
ESG Muster ausgewogen;23.03.2025;0,0000209406;40,57;0,3263830665;491.171,18;0;0,02386000
ESG Muster ausgewogen;24.03.2025;0,0011154176;2.160,84;0,3278299144;493.332,02;0,002727948;0,02367000
ESG Muster ausgewogen;25.03.2025;0,0028282356;5.485,11;0,3314859620;498.817,13;0,002316887;0,02365000
ESG Muster ausgewogen;26.03.2025;-0,0029750986;-5.786,25;0,3276516673;493.030,87;-0,004761903;0,02369000
ESG Muster ausgewogen;27.03.2025;-0,0015949122;-3.092,71;0,3256071981;489.938,16;-0,002357346;0,02355000
ESG Muster ausgewogen;28.03.2025;-0,0039774139;-7.700,34;0,3205002959;482.237,82;-0,005795515;0,02328000
ESG Muster ausgewogen;29.03.2025;0,0000210372;40,57;0,3205272567;482.278,39;0;0,02328000
ESG Muster ausgewogen;30.03.2025;0,0000210367;40,57;0,3205542175;482.318,96;0;0,02328000
ESG Muster ausgewogen;31.03.2025;-0,0030403250;-5.862,95;0,3166681449;476.456,00;-0,003868071;0,02336000
ESG Muster ausgewogen;01.04.2025;0,0058026451;11.155,78;0,3240933762;487.611,79;0,005447510;0,02324000
ESG Muster ausgewogen;02.04.2025;-0,0024141944;-4.668,30;0,3210011832;482.943,48;-0,000896682;0,02356000
ESG Muster ausgewogen;03.04.2025;-0,0177814457;-34.300,79;0,2982120997;448.642,69;-0,019834388;0,02349000
ESG Muster ausgewogen;04.04.2025;-0,0278736799;-52.812,84;0,2631161616;395.829,86;-0,022344939;0,02323000
ESG Muster ausgewogen;05.04.2025;0,0000215425;39,68;0,2631425372;395.869,54;0;0,02323000
ESG Muster ausgewogen;06.04.2025;0,0000215420;39,68;0,2631689128;395.909,22;0;0,02323000
ESG Muster ausgewogen;07.04.2025;-0,0155443807;-28.632,55;0,2441443078;367.276,67;-0,013348670;0,02362000
ESG Muster ausgewogen;08.04.2025;0,0094819395;17.194,12;0,2555823607;384.470,78;0,004689176;0,02293000
ESG Muster ausgewogen;09.04.2025;0,0101785283;18.632,29;0,2679772276;403.103,08;0,006723422;0,02301000
ESG Muster ausgewogen;10.04.2025;0,0023231080;4.295,85;0,2708419139;407.398,92;0,003275172;0,02265000
ESG Muster ausgewogen;11.04.2025;0,0022025675;4.082,41;0,2735648719;411.481,33;0,000380724;0,02279000
ESG Muster ausgewogen;12.04.2025;0,0000213610;39,68;0,2735912519;411.521,01;0;0,02279000
ESG Muster ausgewogen;13.04.2025;0,0000213605;39,68;0,2736176319;411.560,69;0;0,02279000
ESG Muster ausgewogen;14.04.2025;0,0070124626;13.026,62;0,2822873243;424.587,31;0,009819965;0,02252000
ESG Muster ausgewogen;15.04.2025;0,0063082201;11.800,57;0,2901423972;436.387,88;0,005293794;0,02263000
ESG Muster ausgewogen;16.04.2025;-0,0028656992;-5.394,58;0,2865650080;430.993,30;-0,004152074;0,02236000
ESG Muster ausgewogen;17.04.2025;-0,0053540489;-10.049,93;0,2798919539;420.943,37;0,002979127;0,02183000
ESG Muster ausgewogen;18.04.2025;-0,0003692979;-689,49;0,2794425619;420.253,88;0,000172372;0,02183000
ESG Muster ausgewogen;19.04.2025;0,0000213121;39,78;0,2794690100;420.293,66;0;0,02183000
ESG Muster ausgewogen;20.04.2025;0,0000213116;39,78;0,2794954582;420.333,43;0;0,02183000
ESG Muster ausgewogen;21.04.2025;-0,0055334183;-10.327,63;0,2726370502;410.005,80;-0,007122139;0,02183000
ESG Muster ausgewogen;22.04.2025;0,0082782203;15.365,07;0,2828633317;425.370,87;0,008347232;0,02191000
ESG Muster ausgewogen;23.04.2025;0,0048368987;9.052,01;0,2888920597;434.422,88;0,011112801;0,02158000
ESG Muster ausgewogen;24.04.2025;0,0067863180;12.761,68;0,2973881768;447.184,55;0,006617951;0,02161000
ESG Muster ausgewogen;25.04.2025;0,0004884889;924,84;0,2980127970;448.109,39;0,003042477;0,02174000
ESG Muster ausgewogen;26.04.2025;0,0000209987;39,78;0,2980392494;448.149,16;0;0,02174000
ESG Muster ausgewogen;27.04.2025;0,0000209982;39,78;0,2980657018;448.188,94;0;0,02174000
ESG Muster ausgewogen;28.04.2025;0,0002654401;502,81;0,2984096744;448.691,75;-0,000384965;0,02186000
ESG Muster ausgewogen;29.04.2025;-0,0005320510;-1.008,11;0,2977487534;447.683,64;0,001897733;0,02176000
ESG Muster ausgewogen;30.04.2025;0,0044225276;8.375,21;0,3033287066;456.058,85;0,001887134;0,02156000
ESG Muster ausgewogen;01.05.2025;0,0021019705;3.998,24;0,3059977415;460.057,09;0,002481081;0,02156000
ESG Muster ausgewogen;02.05.2025;0,0063613139;12.125,52;0,3140728054;472.182,61;0,005644895;0,02142000
ESG Muster ausgewogen;03.05.2025;0,0000177403;34,03;0,3140954408;472.216,64;0;0,02142000
ESG Muster ausgewogen;04.05.2025;0,0000177400;34,03;0,3141180762;472.250,67;0;0,02142000
ESG Muster ausgewogen;05.05.2025;0,0024334179;4.668,10;0,3172331645;476.918,77;0,002036332;0,02151000
ESG Muster ausgewogen;06.05.2025;-0,0009242587;-1.777,35;0,3160609685;475.141,42;-0,002468019;0,02143000
ESG Muster ausgewogen;07.05.2025;0,0002566212;493,03;0,3163989660;475.634,45;0,000466715;0,02150000
ESG Muster ausgewogen;08.05.2025;0,0024046854;4.621,11;0,3194831194;480.255,56;0,003635212;0,02138000
ESG Muster ausgewogen;09.05.2025;0,0013513255;2.603,10;0,3212249566;482.858,67;0,000786184;0,02124000
ESG Muster ausgewogen;10.05.2025;0,0000176751;34,09;0,3212476380;482.892,76;0;0,02124000
ESG Muster ausgewogen;11.05.2025;0,0000176748;34,09;0,3212703194;482.926,85;0;0,02124000
ESG Muster ausgewogen;12.05.2025;0,0123859614;23.892,58;0,3371756645;506.819,43;0,008298360;0,02139000
ESG Muster ausgewogen;13.05.2025;0,0004784041;934,27;0,3378078658;507.753,71;0,000771166;0,02143000
ESG Muster ausgewogen;14.05.2025;-0,0037374331;-7.302,32;0,3329601248;500.451,39;-0,000857049;0,02142000
ESG Muster ausgewogen;15.05.2025;0,0017683848;3.442,21;0,3352608314;503.893,60;0,003231791;0,02127000
ESG Muster ausgewogen;16.05.2025;0,0025352010;4.943,57;0,3385606101;508.837,17;0,002924485;0,02101000
ESG Muster ausgewogen;17.05.2025;0,0000174891;34,19;0,3385833586;508.871,36;0;0,02101000
ESG Muster ausgewogen;18.05.2025;0,0000174888;34,19;0,3386061072;508.905,55;0;0,02101000
ESG Muster ausgewogen;19.05.2025;-0,0007179141;-1.403,51;0,3376828422;507.502,04;0,000557610;0,02075000
ESG Muster ausgewogen;20.05.2025;0,0031531293;6.159,89;0,3417922116;513.661,93;0,000512446;0,02060000
ESG Muster ausgewogen;21.05.2025;-0,0054857443;-10.750,63;0,3346491559;502.911,30;-0,003991795;0,02046000
ESG Muster ausgewogen;22.05.2025;0,0000183553;35,77;0,3346833926;502.947,08;0,000029671;0,02049000
ESG Muster ausgewogen;23.05.2025;-0,0036321258;-7.079,10;0,3299829098;495.867,97;-0,005417594;0,02040000
ESG Muster ausgewogen;24.05.2025;0,0000157517;30,59;0,3300032657;495.898,56;0;0,02040000
ESG Muster ausgewogen;25.05.2025;0,0000177619;34,49;0,3300262197;495.933,05;0;0,02040000
ESG Muster ausgewogen;26.05.2025;0,0016731863;3.249,35;0,3321988674;499.182,40;0,003706478;0,02039000
ESG Muster ausgewogen;27.05.2025;0,0057577990;11.200,42;0,3396631238;510.382,82;0,007589561;0,02021000
ESG Muster ausgewogen;28.05.2025;-0,0012780160;-2.500,39;0,3380095664;507.882,43;-0,003069786;0,02011000
ESG Muster ausgewogen;29.05.2025;-0,0015727711;-3.073,13;0,3359747008;504.809,30;-0,000539015;0,01996000
ESG Muster ausgewogen;30.05.2025;-0,0009090642;-1.773,48;0,3348046986;503.035,82;0,000432357;0,01995000
ESG Muster ausgewogen;31.05.2025;0,0000160923;31,37;0,3348255747;503.067,18;0;0,01995000
ESG Muster ausgewogen;01.06.2025;0,0000180570;35,20;0,3348489999;503.102,38;0;0,01995000
ESG Muster ausgewogen;02.06.2025;-0,0031127730;-6.067,36;0,3308209552;497.035,02;-0,001515488;0,01979000
ESG Muster ausgewogen;03.06.2025;0,0019775162;3.842,54;0,3333887631;500.877,56;0,002809412;0,01971000
ESG Muster ausgewogen;04.06.2025;0,0021576077;4.200,77;0,3361951596;505.078,33;0,000902319;0,01960000
ESG Muster ausgewogen;05.06.2025;-0,0012366129;-2.412,83;0,3345993735;502.665,50;-0,002891673;0,01954000
ESG Muster ausgewogen;06.06.2025;0,0034221294;6.668,85;0,3390488778;509.334,35;0,003683891;0,01959000
ESG Muster ausgewogen;07.06.2025;0,0000179991;35,20;0,3390723066;509.369,55;0;0,01959000
ESG Muster ausgewogen;08.06.2025;0,0000179988;35,20;0,3390957354;509.404,74;0;0,01959000
ESG Muster ausgewogen;09.06.2025;-0,0033336067;-6.518,81;0,3347665895;502.885,93;-0,000617264;0,01955000
ESG Muster ausgewogen;10.06.2025;0,0006105484;1.189,94;0,3355689619;504.075,87;0,001725839;0,01954000
ESG Muster ausgewogen;11.06.2025;-0,0037652474;-7.342,81;0,3306908470;496.733,06;-0,002638790;0,01953000
ESG Muster ausgewogen;12.06.2025;-0,0029499640;-5.731,22;0,3268853370;491.001,84;-0,002661982;0,01975000
ESG Muster ausgewogen;13.06.2025;-0,0024275046;-4.702,27;0,3237646269;486.299,57;-0,006631984;0,02004000
ESG Muster ausgewogen;14.06.2025;0,0000179686;34,72;0,3237877439;486.334,29;0;0,02004000
ESG Muster ausgewogen;15.06.2025;0,0000179683;34,72;0,3238108609;486.369,01;0;0,02004000
ESG Muster ausgewogen;16.06.2025;0,0034704745;6.706,51;0,3282858219;493.075,52;0,003873901;0,02001000
ESG Muster ausgewogen;17.06.2025;-0,0068515057;-13.286,12;0,3194496990;479.789,40;-0,003787783;0,02023000
ESG Muster ausgewogen;18.06.2025;-0,0008765270;-1.688,07;0,3183353815;478.101,32;-0,000882333;0,02014000
ESG Muster ausgewogen;19.06.2025;-0,0029986468;-5.769,93;0,3145030646;472.331,39;-0,002997450;0,02036000
ESG Muster ausgewogen;20.06.2025;-0,0025906275;-4.969,88;0,3112032324;467.361,51;0,000448986;0,02034000
ESG Muster ausgewogen;21.06.2025;0,0000181620;34,75;0,3112263726;467.396,26;0;0,02034000
ESG Muster ausgewogen;22.06.2025;0,0000181616;34,75;0,3112495129;467.431,01;0;0,02034000
ESG Muster ausgewogen;23.06.2025;0,0008438489;1.614,71;0,3123341027;469.045,72;0,001310234;0,02031000
ESG Muster ausgewogen;24.06.2025;0,0045576240;8.728,41;0,3181558461;477.774,13;0,006306963;0,01997000
ESG Muster ausgewogen;25.06.2025;-0,0024831093;-4.777,14;0,3149841380;472.997,00;-0,002497699;0,01993000
ESG Muster ausgewogen;26.06.2025;0,0015437755;2.962,62;0,3169665349;475.959,62;0,000663688;0,01980000
ESG Muster ausgewogen;27.06.2025;0,0030463598;5.855,22;0,3208754252;481.814,84;0,005899967;0,01939000
ESG Muster ausgewogen;28.06.2025;0,0000180258;34,75;0,3208985689;481.849,59;0;0,01939000
ESG Muster ausgewogen;29.06.2025;0,0000180255;34,75;0,3209217126;481.884,34;0;0,01939000
ESG Muster ausgewogen;30.06.2025;-0,0002143364;-413,23;0,3206560821;481.471,11;-0,000614135;0,01944000
ESG Muster ausgewogen;01.07.2025;0,0015417057;2.971,71;0,3226448355;484.442,82;-0,002586085;0,01961000
ESG Muster ausgewogen;02.07.2025;0,0017249396;3.330,03;0,3248723434;487.772,86;0,001878791;0,01958000
ESG Muster ausgewogen;03.07.2025;0,0063859102;12.349,40;0,3331073333;500.122,25;0,004320078;0,01937000
ESG Muster ausgewogen;04.07.2025;-0,0008609094;-1.675,50;0,3320012091;498.446,75;-0,001857573;0,01979000
ESG Muster ausgewogen;05.07.2025;0,0000178716;34,75;0,3320243563;498.481,50;0;0,01979000
ESG Muster ausgewogen;06.07.2025;0,0000178713;34,75;0,3320475034;498.516,25;0;0,01979000
ESG Muster ausgewogen;07.07.2025;-0,0016974629;-3.300,88;0,3298586515;495.215,38;0,001016138;0,01944000
ESG Muster ausgewogen;08.07.2025;-0,0048167282;-9.350,68;0,3236398121;485.864,70;0,001029122;0,01948000
ESG Muster ausgewogen;09.07.2025;0,0049259141;9.516,58;0,3299886540;495.381,28;0,004641535;0,01969000
ESG Muster ausgewogen;10.07.2025;0,0015489426;3.007,21;0,3320016330;498.388,49;0,000408019;0,02001000
ESG Muster ausgewogen;11.07.2025;-0,0031306648;-6.087,47;0,3279561120;492.301,02;-0,004069366;0,02026000
ESG Muster ausgewogen;12.07.2025;0,0000177562;34,42;0,3279790404;492.335,43;0;0,02026000
ESG Muster ausgewogen;13.07.2025;0,0000177559;34,42;0,3280019688;492.369,85;0;0,02026000
ESG Muster ausgewogen;14.07.2025;0,0009126295;1.769,08;0,3291901513;494.138,94;-0,000727449;0,02041000
ESG Muster ausgewogen;15.07.2025;0,0017737018;3.441,37;0,3314924772;497.580,30;0,000554221;0,02042000
ESG Muster ausgewogen;16.07.2025;-0,0022890301;-4.449,09;0,3285380740;493.131,21;0,000683245;0,02021000
ESG Muster ausgewogen;17.07.2025;0,0071905559;13.943,99;0,3378378382;507.075,20;0,005204420;0,02024000
ESG Muster ausgewogen;18.07.2025;0,0002214752;432,57;0,3381359126;507.507,78;-0,002267548;0,01995000
ESG Muster ausgewogen;19.07.2025;0,0000176180;34,42;0,3381588444;507.542,20;0;0,01995000
ESG Muster ausgewogen;20.07.2025;0,0000176177;34,42;0,3381817762;507.576,61;0;0,01995000
ESG Muster ausgewogen;21.07.2025;0,0024118921;4.712,00;0,3413311810;512.288,62;0,001228788;0,01971000
ESG Muster ausgewogen;22.07.2025;-0,0016064952;-3.146,11;0,3392448452;509.142,51;-0,001635172;0,01944000
ESG Muster ausgewogen;23.07.2025;0,0021700226;4.242,87;0,3420818384;513.385,38;0,005767064;0,01939000
ESG Muster ausgewogen;24.07.2025;0,0023718157;4.647,49;0,3451885926;518.032,87;-0,000537011;0,01948000
ESG Muster ausgewogen;25.07.2025;-0,0024573753;-4.826,56;0,3419823471;513.206,31;-0,000173680;0,01971000
ESG Muster ausgewogen;26.07.2025;0,0000175668;34,42;0,3420052822;513.240,73;0;0,01971000
ESG Muster ausgewogen;27.07.2025;0,0000175664;34,42;0,3420282173;513.275,15;0;0,01971000
ESG Muster ausgewogen;28.07.2025;0,0040357061;7.907,37;0,3473074535;521.182,52;0,000195993;0,02016000
ESG Muster ausgewogen;29.07.2025;0,0027937642;5.496,06;0,3509800744;526.678,58;0,003524705;0,02026000
ESG Muster ausgewogen;30.07.2025;0,0037943365;7.485,30;0,3559785645;534.163,89;0,000073066;0,02017000
ESG Muster ausgewogen;31.07.2025;-0,0055236976;-10.938,26;0,3486991078;523.225,63;-0,002630618;0,02008000
ESG Muster ausgewogen;01.08.2025;-0,0100262409;-19.744,71;0,3355500632;503.480,92;-0,011244103;0,01994000
ESG Muster ausgewogen;02.08.2025;0,0000176607;34,43;0,3355730099;503.515,35;0;0,01994000
ESG Muster ausgewogen;03.08.2025;0,0000176604;34,43;0,3355959565;503.549,78;0;0,01994000
ESG Muster ausgewogen;04.08.2025;0,0090771116;17.696,99;0,3474002675;521.246,77;0,007854439;0,01994000
ESG Muster ausgewogen;05.08.2025;-0,0011477331;-2.257,96;0,3459052927;518.988,80;-0,000345715;0,01973000
ESG Muster ausgewogen;06.08.2025;-0,0016010989;-3.146,27;0,3438181472;515.842,54;0,000117713;0,01984000
ESG Muster ausgewogen;07.08.2025;0,0002149114;421,64;0,3441090066;516.264,18;0,003996634;0,02003000
ESG Muster ausgewogen;08.08.2025;0,0027331358;5.363,35;0,3476937909;521.627,52;0,000327642;0,02019000
ESG Muster ausgewogen;09.08.2025;0,0000174979;34,43;0,3477167409;521.661,95;0;0,02019000
ESG Muster ausgewogen;10.08.2025;0,0000174975;34,43;0,3477396908;521.696,39;0;0,02019000
ESG Muster ausgewogen;11.08.2025;-0,0008159855;-1.605,68;0,3466792911;520.090,71;0,000733922;0,02029000
ESG Muster ausgewogen;12.08.2025;0,0004840161;943,91;0,3473212739;521.034,62;0,000895045;0,02029000
ESG Muster ausgewogen;13.08.2025;0,0005420751;1.057,65;0,3480391033;522.092,27;0,002487598;0,02036000
ESG Muster ausgewogen;14.08.2025;0,0019568545;3.820,11;0,3505985567;525.912,39;0,002078867;0,02034000
ESG Muster ausgewogen;15.08.2025;-0,0003977078;-777,91;0,3500927996;525.134,47;-0,002444263;0,02026000
ESG Muster ausgewogen;16.08.2025;0,0000172119;33,65;0,3501152351;525.168,13;0;0,02026000
ESG Muster ausgewogen;17.08.2025;0,0000172116;33,65;0,3501376705;525.201,78;0;0,02026000
ESG Muster ausgewogen;18.08.2025;0,0037836346;7.398,06;0,3550827577;532.599,84;0,000339986;0,02028000
ESG Muster ausgewogen;19.08.2025;-0,0004250316;-834,20;0,3545395591;531.765,64;0,001327735;0,02034000
ESG Muster ausgewogen;20.08.2025;0,0006732616;1.320,83;0,3554331604;533.086,48;-0,000201431;0,02034000
ESG Muster ausgewogen;21.08.2025;-0,0025124117;-4.932,28;0,3521574190;528.154,20;-0,001176002;0,02026000
ESG Muster ausgewogen;22.08.2025;0,0030522503;5.977,01;0,3561556733;534.131,21;0,003073377;0,02017000
ESG Muster ausgewogen;23.08.2025;0,0000164844;32,38;0,3561772633;534.163,59;0;0,02017000
ESG Muster ausgewogen;24.08.2025;0,0000164842;32,38;0,3561988534;534.195,97;0;0,02017000
ESG Muster ausgewogen;25.08.2025;0,0001434709;281,82;0,3563997155;534.477,79;-0,002367273;0,02021000
ESG Muster ausgewogen;26.08.2025;-0,0023364737;-4.590,13;0,3533517479;529.887,65;0,000052210;0,02022000
ESG Muster ausgewogen;27.08.2025;0,0008662124;1.697,75;0,3544967181;531.585,40;0,000298064;0,02032000
ESG Muster ausgewogen;28.08.2025;0,0010498181;2.059,39;0,3558829277;533.644,79;-0,001473126;0,02047000
ESG Muster ausgewogen;29.08.2025;-0,0033141337;-6.508,04;0,3515554692;527.136,75;-0,004257295;0,02061000
ESG Muster ausgewogen;30.08.2025;0,0000172137;33,69;0,3515779382;527.170,44;0;0,02061000
ESG Muster ausgewogen;31.08.2025;0,0000153745;30,09;0,3515980068;527.200,53;0;0,02061000
ESG Muster ausgewogen;01.09.2025;0,0003153786;617,28;0,3520223751;527.817,82;-0,000192954;0,02074000
ESG Muster ausgewogen;02.09.2025;-0,0023027156;-4.508,48;0,3490280604;523.309,34;-0,008204986;0,02075000
ESG Muster ausgewogen;03.09.2025;0,0062460855;12.201,02;0,3571785333;535.510,36;0,002236308;0,02076000
ESG Muster ausgewogen;04.09.2025;0,0048891845;9.610,12;0,3636014128;545.120,49;0,004844381;0,02078000
ESG Muster ausgewogen;05.09.2025;-0,0002445261;-482,99;0,3632922740;544.637,50;-0,002558072;0,02053000
ESG Muster ausgewogen;06.09.2025;0,0000171055;33,78;0,3633148053;544.671,28;0;0,02053000
ESG Muster ausgewogen;07.09.2025;0,0000171052;33,78;0,3633373367;544.705,06;0;0,02053000
ESG Muster ausgewogen;08.09.2025;0,0022838993;4.510,21;0,3663589110;549.215,26;0,002761433;0,02034000
ESG Muster ausgewogen;09.09.2025;0,0011836864;2.342,86;0,3679348838;551.558,13;-0,000483750;0,02029000
ESG Muster ausgewogen;10.09.2025;0,0016601575;3.289,83;0,3701426758;554.847,95;-0,000443034;0,02029000
ESG Muster ausgewogen;11.09.2025;0,0015955728;3.167,09;0,3722687250;558.015,05;0,002046808;0,02014000
ESG Muster ausgewogen;12.09.2025;0,0002283690;454,02;0,3725848662;558.469,07;-0,001126156;0,02000000
ESG Muster ausgewogen;13.09.2025;0,0000169890;33,78;0,3726074049;558.502,85;0;0,02000000
ESG Muster ausgewogen;14.09.2025;0,0000169887;33,78;0,3726299437;558.536,63;0;0,02000000
ESG Muster ausgewogen;15.09.2025;0,0049573388;9.858,24;0,3792203724;568.394,87;0,001860942;0,02033000
ESG Muster ausgewogen;16.09.2025;-0,0092183176;-18.422,56;0,3669422647;549.972,31;-0,006875787;0,02015000
ESG Muster ausgewogen;17.09.2025;0,0015886948;3.145,70;0,3690541436;553.118,01;0,000119918;0,02024000
ESG Muster ausgewogen;18.09.2025;0,0028334686;5.619,32;0,3728166764;558.737,33;0,005427852;0,02029000
ESG Muster ausgewogen;19.09.2025;0,0028209574;5.610,36;0,3765734757;564.347,69;-0,000472216;0,02016000
ESG Muster ausgewogen;20.09.2025;0,0000169670;33,84;0,3765960557;564.381,53;0;0,02016000
ESG Muster ausgewogen;21.09.2025;0,0000169667;33,84;0,3766186358;564.415,37;0;0,02016000
ESG Muster ausgewogen;22.09.2025;0,0003783240;754,56;0,3771354281;565.169,94;-0,000597897;0,02004000
ESG Muster ausgewogen;23.09.2025;-0,0012198000;-2.433,80;0,3755245774;562.736,13;-0,000519269;0,01996000
ESG Muster ausgewogen;24.09.2025;0,0007830358;1.560,44;0,3765791250;564.296,58;0,000367707;0,01993000
ESG Muster ausgewogen;25.09.2025;0,0006037380;1.204,08;0,3773959002;565.500,66;-0,002538055;0,01980000
ESG Muster ausgewogen;26.09.2025;0,0043859028;8.752,41;0,3832503904;574.253,07;0,004098898;0,02000000
ESG Muster ausgewogen;27.09.2025;0,0000168831;33,84;0,3832729744;574.286,91;0;0,02000000
ESG Muster ausgewogen;28.09.2025;0,0000168828;33,84;0,3832955584;574.320,75;0;0,02000000
ESG Muster ausgewogen;29.09.2025;0,0017372710;3.482,18;0,3856330208;577.802,94;0,000876597;0,02016000
ESG Muster ausgewogen;30.09.2025;0,0014727640;2.957,13;0,3876201894;580.760,07;0,002168390;0,02032000
ESG Muster ausgewogen;01.10.2025;0,0055080254;11.075,75;0,3950263192;591.835,82;0,004762861;0,02017000
ESG Muster ausgewogen;02.10.2025;0,0011155510;2.255,55;0,3965456153;594.091,37;0,003902355;0,02000000
ESG Muster ausgewogen;03.10.2025;0,0030097471;6.092,24;0,4006260084;600.183,60;-0,000183928;0,02020000
ESG Muster ausgewogen;04.10.2025;0,0000166675;33,84;0,4006485964;600.217,44;0;0,02020000
ESG Muster ausgewogen;05.10.2025;0,0000166672;33,84;0,4006711843;600.251,28;0;0,02020000
ESG Muster ausgewogen;06.10.2025;0,0047010032;9.544,58;0,4070563826;609.795,87;0,002845607;0,02026000
ESG Muster ausgewogen;07.10.2025;-0,0002527891;-515,66;0,4067262667;609.280,21;-0,001070462;0,02029000
ESG Muster ausgewogen;08.10.2025;0,0071006542;14.480,78;0,4164073545;623.760,98;0,004314867;0,02019000
ESG Muster ausgewogen;09.10.2025;0,0012901586;2.649,78;0,4181907355;626.410,76;0,000037947;0,02025000
ESG Muster ausgewogen;10.10.2025;-0,0114493253;-23.545,41;0,4024857533;602.865,35;-0,008240508;0,02009000
ESG Muster ausgewogen;11.10.2025;0,0000166455;33,84;0,4025083451;602.899,19;0;0,02009000
ESG Muster ausgewogen;12.10.2025;0,0000166452;33,84;0,4025309370;602.933,03;0;0,02009000
ESG Muster ausgewogen;13.10.2025;0,0113069660;22.987,19;0,4178920739;625.920,22;0,005370464;0,02026000
ESG Muster ausgewogen;14.10.2025;-0,0029632143;-6.092,36;0,4138387830;619.827,86;-0,002357451;0,02021000
ESG Muster ausgewogen;15.10.2025;0,0062108467;12.731,65;0,4223538019;632.559,51;0,001627135;0,02016000
ESG Muster ausgewogen;16.10.2025;0,0001084724;223,74;0,4225176867;632.783,25;-0,000703427;0,02004000
ESG Muster ausgewogen;17.10.2025;-0,0020508469;-4.230,61;0,4197072296;628.552,63;-0,003068568;0,02010000
ESG Muster ausgewogen;18.10.2025;0,0000176184;36,27;0,4197314482;628.588,90;0;0,02010000
ESG Muster ausgewogen;19.10.2025;0,0000176181;36,27;0,4197556668;628.625,17;0;0,02010000
ESG Muster ausgewogen;20.10.2025;0,0075306491;15.503,37;0,4301225393;644.128,54;0,006236229;0,02015000
ESG Muster ausgewogen;21.10.2025;-0,0042561497;-8.828,13;0,4242419658;635.300,41;0,001488619;0,02038000
ESG Muster ausgewogen;22.10.2025;-0,0021389243;-4.417,69;0,4213062838;630.882,72;-0,002827731;0,02066000
ESG Muster ausgewogen;23.10.2025;0,0064896341;13.374,88;0,4302527411;644.257,60;0,000913493;0,02065000
ESG Muster ausgewogen;24.10.2025;0,0058050168;12.041,55;0,4383093223;656.299,16;0,001758550;0,02072000
ESG Muster ausgewogen;25.10.2025;0,0000173841;36,27;0,4383335450;656.335,43;0;0,02072000
ESG Muster ausgewogen;26.10.2025;0,0000173838;36,27;0,4383577678;656.371,70;0;0,02072000
ESG Muster ausgewogen;27.10.2025;0,0026662650;5.563,03;0,4420880463;661.934,72;0,004032144;0,02084000
ESG Muster ausgewogen;28.10.2025;-0,0027134457;-5.676,56;0,4383116867;656.258,16;0,000522427;0,02074000
ESG Muster ausgewogen;29.10.2025;0,0020135278;4.200,90;0,4411323794;660.459,06;-0,000970796;0,02066000
ESG Muster ausgewogen;30.10.2025;-0,0028145210;-5.883,86;0,4372172243;654.575,20;-0,000642472;0,02050000
ESG Muster ausgewogen;31.10.2025;0,0038038227;7.929,65;0,4425286962;662.504,85;-0,001070600;0,02040000
ESG Muster ausgewogen;01.11.2025;0,0000173325;36,27;0,4425529231;662.541,12;0;0,02040000
ESG Muster ausgewogen;02.11.2025;0,0000173322;36,27;0,4425771499;662.577,39;0;0,02040000
ESG Muster ausgewogen;03.11.2025;0,0006864899;1.436,59;0,4435516867;664.013,97;0,001679946;0,02023000
ESG Muster ausgewogen;04.11.2025;-0,0057698346;-12.082,56;0,4354953665;651.931,41;-0,003871597;0,02014000
ESG Muster ausgewogen;05.11.2025;0,0052870435;11.007,67;0,4428634634;662.939,08;0,001665687;0,01990000
ESG Muster ausgewogen;06.11.2025;-0,0078690105;-16.469,97;0,4318755131;646.469,11;-0,006212438;0,01998000
ESG Muster ausgewogen;07.11.2025;-0,0030296005;-6.291,11;0,4276870514;640.178,00;-0,003495397;0,02009000
ESG Muster ausgewogen;08.11.2025;0,0000175258;36,28;0,4277112911;640.214,28;0;0,02009000
ESG Muster ausgewogen;09.11.2025;0,0000175255;36,28;0,4277355308;640.250,57;0;0,02009000
ESG Muster ausgewogen;10.11.2025;0,0131734419;27.273,35;0,4459711031;667.523,92;0,009385298;0,02005000
ESG Muster ausgewogen;11.11.2025;-0,0012565314;-2.635,70;0,4442250380;664.888,22;0,002391454;0,02032000
ESG Muster ausgewogen;12.11.2025;0,0035394489;7.415,03;0,4491941495;672.303,24;0,004532874;0,02048000
ESG Muster ausgewogen;13.11.2025;-0,0109521305;-23.025,55;0,4338242578;649.277,69;-0,008609660;0,02064000
ESG Muster ausgewogen;14.11.2025;-0,0043652964;-9.077,00;0,4277735558;640.200,69;-0,001133209;0,02069000
ESG Muster ausgewogen;15.11.2025;0,0000160527;33,23;0,4277957620;640.233,92;0;0,02069000
ESG Muster ausgewogen;16.11.2025;0,0000160524;33,23;0,4278179681;640.267,15;0;0,02069000
ESG Muster ausgewogen;17.11.2025;-0,0018909526;-3.914,92;0,4252161911;636.352,23;-0,004486616;0,02048000
ESG Muster ausgewogen;18.11.2025;-0,0081083088;-16.755,25;0,4140339139;619.596,97;-0,008061046;0,02051000
ESG Muster ausgewogen;19.11.2025;0,0047478006;9.731,45;0,4205506968;629.328,42;0,002957772;0,02066000
ESG Muster ausgewogen;20.11.2025;-0,0054632293;-11.251,01;0,4130458336;618.077,41;-0,001901139;0,02054000
ESG Muster ausgewogen;21.11.2025;0,0058967688;12.077,50;0,4211308332;630.154,91;0,001076251;0,02047000
ESG Muster ausgewogen;22.11.2025;0,0000161309;33,23;0,4211530431;630.188,15;0;0,02047000
ESG Muster ausgewogen;23.11.2025;0,0000161307;33,23;0,4211752529;630.221,38;0;0,02047000
ESG Muster ausgewogen;24.11.2025;0,0085430293;17.601,20;0,4329523617;647.822,58;0,005023873;0,02059000
ESG Muster ausgewogen;25.11.2025;0,0055604142;11.553,99;0,4406886250;659.376,56;0,004880476;0,02066000
ESG Muster ausgewogen;26.11.2025;0,0050061790;10.460,18;0,4476943169;669.836,75;0,004655065;0,02069000
ESG Muster ausgewogen;27.11.2025;0,0002155145;452,56;0,4480115008;670.289,31;0,001265366;0,02061000
ESG Muster ausgewogen;28.11.2025;0,0045798330;9.619,33;0,4544558180;679.908,64;0,001294775;0,02060000
ESG Muster ausgewogen;29.11.2025;0,0000157597;33,25;0,4544780443;679.941,89;0;0,02060000
ESG Muster ausgewogen;30.11.2025;0,0000157594;33,25;0,4545002706;679.975,15;0;0,02060000
ESG Muster ausgewogen;01.12.2025;-0,0050576092;-10.671,82;0,4473817915;669.303,32;-0,004028880;0,02060000
ESG Muster ausgewogen;02.12.2025;-0,0013245034;-2.780,64;0,4455376957;666.522,69;0,001766629;0,02043000
ESG Muster ausgewogen;03.12.2025;-0,0013298419;-2.788,15;0,4436884377;663.734,54;-0,001384298;0,02029000
ESG Muster ausgewogen;04.12.2025;0,0034190566;7.158,86;0,4484885598;670.893,40;0,003410938;0,02055000
ESG Muster ausgewogen;05.12.2025;0,0067226607;14.124,12;0,4579453588;685.017,52;0,001763639;0,02075000
ESG Muster ausgewogen;06.12.2025;0,0000157216;33,25;0,4579675888;685.050,77;0;0,02075000
ESG Muster ausgewogen;07.12.2025;0,0000157213;33,25;0,4579898187;685.084,02;0;0,02075000
ESG Muster ausgewogen;08.12.2025;-0,0065602630;-13.876,02;0,4487280569;671.208,01;-0,002976617;0,02069000
ESG Muster ausgewogen;09.12.2025;-0,0020569884;-4.322,32;0,4458528895;666.885,68;0,001051091;0,02088000
ESG Muster ausgewogen;10.12.2025;0,0063287589;13.271,18;0,4547401993;680.156,86;0,000505015;0,02082000
ESG Muster ausgewogen;11.12.2025;0,0031130177;6.569,20;0,4591470997;686.726,06;0,001415664;0,02100000
ESG Muster ausgewogen;12.12.2025;-0,0057874440;-12.250,88;0,4509706926;674.475,18;-0,002813144;0,02082000
ESG Muster ausgewogen;13.12.2025;0,0000161537;34,00;0,4509934233;674.509,17;0;0,02082000
ESG Muster ausgewogen;14.12.2025;0,0000161534;34,00;0,4510161540;674.543,17;0;0,02082000
ESG Muster ausgewogen;15.12.2025;0,0007113653;1.497,15;0,4520317728;676.040,32;0,001259229;0,02072000
ESG Muster ausgewogen;16.12.2025;-0,0001590416;-334,96;0,4518223594;675.705,36;-0,001265613;0,02057000
ESG Muster ausgewogen;17.12.2025;-0,0033374491;-7.027,94;0,4471373848;668.677,42;-0,004414059;0,02049000
ESG Muster ausgewogen;18.12.2025;0,0079521428;16.689,60;0,4583122654;685.367,02;0,005400402;0,02035000
ESG Muster ausgewogen;19.12.2025;0,0052743448;11.157,59;0,4657884049;696.524,61;0,002312385;0,02002000
ESG Muster ausgewogen;20.12.2025;0,0000159879;34,00;0,4658111417;696.558,61;0;0,02002000
ESG Muster ausgewogen;21.12.2025;0,0000159877;34,00;0,4658338786;696.592,61;0;0,02002000
ESG Muster ausgewogen;22.12.2025;0,0047419849;10.084,64;0,4725929400;706.677,25;0,000894676;0,02022000
ESG Muster ausgewogen;23.12.2025;0,0002738190;585,08;0,4729993469;707.262,33;0,002238169;0,02018000
ESG Muster ausgewogen;24.12.2025;0,0013338107;2.850,81;0,4749210650;710.113,14;0,000327815;0,02018000
ESG Muster ausgewogen;25.12.2025;-0,0000841561;-180,11;0,4748157524;709.933,03;0,000048677;0,02018000
ESG Muster ausgewogen;26.12.2025;-0,0002462370;-526,95;0,4744784310;709.406,08;0,000118373;0,02018000
ESG Muster ausgewogen;27.12.2025;0,0000158917;34,00;0,4745011715;709.440,08;0;0,02018000
ESG Muster ausgewogen;28.12.2025;0,0000158914;34,00;0,4745239120;709.474,08;0;0,02018000
ESG Muster ausgewogen;29.12.2025;-0,0028428066;-6.082,33;0,4704707737;703.391,74;0,000576170;0,02020000
ESG Muster ausgewogen;30.12.2025;0,0019768152;4.217,48;0,4733067070;707.609,22;0,000691329;0,02016000
ESG Muster ausgewogen;31.12.2025;-0,0025652447;-5.483,69;0,4696536621;702.125,53;-0,001228998;0,02026000
ESG Muster ausgewogen;01.01.2026;-0,0001475032;-314,51;0,4694581546;701.811,02;0,000000681;0,02026000
ESG Muster ausgewogen;02.01.2026;0,0002121088;452,19;0,4697754926;702.263,21;-0,000368081;0,02029000
ESG Muster ausgewogen;03.01.2026;0,0000159449;34,00;0,4697982367;702.297,21;0;0,02029000
ESG Muster ausgewogen;04.01.2026;0,0000159446;34,00;0,4698209808;702.331,21;0;0,02029000
ESG Muster ausgewogen;05.01.2026;0,0097256855;20.739,14;0,4837096009;723.070,36;0,005384626;0,02034000
ESG Muster ausgewogen;06.01.2026;0,0066958515;14.417,16;0,4933697514;737.487,52;0,003279675;0,02026000
ESG Muster ausgewogen;07.01.2026;-0,0038235964;-8.287,90;0,4878406160;729.199,62;0,001368128;0,02032000
ESG Muster ausgewogen;08.01.2026;-0,0002540948;-548,66;0,4874888852;728.650,96;-0,000679576;0,02031000
ESG Muster ausgewogen;09.01.2026;0,0021653960;4.674,50;0,4906316702;733.325,46;0,002721189;0,02019000
ESG Muster ausgewogen;10.01.2026;0,0000114957;24,87;0,4906483093;733.350,33;0;0,02019000
ESG Muster ausgewogen;11.01.2026;0,0000114956;24,87;0,4906649485;733.375,20;0;0,02019000
ESG Muster ausgewogen;12.01.2026;0,0029238116;6.325,53;0,4949125637;739.700,73;0,001498634;0,02020000
ESG Muster ausgewogen;13.01.2026;-0,0014114756;-3.062,59;0,4928789046;736.638,14;-0,000192404;0,02016000
ESG Muster ausgewogen;14.01.2026;-0,0034375143;-7.448,12;0,4879106810;729.190,02;-0,001344991;0,02016000
ESG Muster ausgewogen;15.01.2026;0,0027782447;5.998,97;0,4919400331;735.189,00;0,001994715;0,02026000
ESG Muster ausgewogen;16.01.2026;-0,0019047730;-4.124,34;0,4891955466;731.064,66;-0,000919327;0,02033000
ESG Muster ausgewogen;17.01.2026;0,0000158073;34,16;0,4892184062;731.098,82;0;0,02033000
ESG Muster ausgewogen;18.01.2026;0,0000158071;34,16;0,4892412658;731.132,98;0;0,02033000
ESG Muster ausgewogen;19.01.2026;-0,0015865733;-3.428,92;0,4869619476;727.704,06;-0,004823970;0,02029000
ESG Muster ausgewogen;20.01.2026;-0,0112694180;-24.316,95;0,4707042681;703.387,11;-0,008241427;0,02027000
ESG Muster ausgewogen;21.01.2026;0,0040015172;8.537,10;0,4764320552;711.924,21;0,001829009;0,02034000
ESG Muster ausgewogen;22.01.2026;0,0039525618;8.466,40;0,4821128603;720.390,61;0,006078832;0,02030000
ESG Muster ausgewogen;23.01.2026;0,0010195460;2.192,50;0,4835951366;722.583,11;-0,001396425;0,02038000
ESG Muster ausgewogen;24.01.2026;0,0000158696;34,16;0,4836179998;722.617,27;0;0,02038000
ESG Muster ausgewogen;25.01.2026;0,0000158694;34,16;0,4836408629;722.651,43;0;0,02038000
ESG Muster ausgewogen;26.01.2026;0,0024690046;5.315,10;0,4872131012;727.966,53;-0,000502520;0,02038000
ESG Muster ausgewogen;27.01.2026;-0,0041903847;-9.043,04;0,4811756357;718.923,49;-0,000063970;0,02039000
ESG Muster ausgewogen;28.01.2026;0,0115192078;24.754,79;0,4977593684;743.678,29;0,000605990;0,02026000
ESG Muster ausgewogen;29.01.2026;-0,0057390651;-12.475,33;0,4894244370;731.202,96;-0,000679903;0,02020000
ESG Muster ausgewogen;30.01.2026;-0,0041206350;-8.905,85;0,4834782447;722.297,11;-0,001033678;0,02031000
ESG Muster ausgewogen;31.01.2026;0,0000139807;30,09;0,4834983870;722.327,20;0;0,02031000
ESG Muster ausgewogen;01.02.2026;0,0000159906;34,42;0,4835214253;722.361,62;0;0,02031000
ESG Muster ausgewogen;02.02.2026;0,0016995997;3.658,29;0,4859850608;726.019,91;0,004736960;0,02022000
ESG Muster ausgewogen;03.02.2026;0,0060221528;12.984,35;0,4946917227;739.004,26;-0,002327929;0,02029000
ESG Muster ausgewogen;04.02.2026;0,0001215210;263,59;0,4948833185;739.267,85;-0,000334230;0,02040000
ESG Muster ausgewogen;05.02.2026;-0,0053765642;-11.663,63;0,4870903007;727.604,22;-0,003697639;0,02020000
ESG Muster ausgewogen;06.02.2026;0,0050165922;10.824,21;0,4943515945;738.428,43;0,006250996;0,01999000
ESG Muster ausgewogen;07.02.2026;0,0000159238;34,53;0,4943747116;738.462,96;0;0,01999000
ESG Muster ausgewogen;08.02.2026;0,0000159235;34,53;0,4943978288;738.497,49;0;0,01999000
ESG Muster ausgewogen;09.02.2026;0,0044789371;9.712,91;0,5009155478;748.210,41;0,000861497;0,01982000
ESG Muster ausgewogen;10.02.2026;-0,0019363874;-4.218,01;0,4981068157;743.992,40;0,002143476;0,01981000
ESG Muster ausgewogen;11.02.2026;0,0036342375;7.901,09;0,5034119376;751.893,48;0,000703480;0,01994000
ESG Muster ausgewogen;12.02.2026;-0,0070734063;-15.314,05;0,4931777563;736.579,44;-0,002717229;0,01984000
ESG Muster ausgewogen;13.02.2026;0,0025747914;5.535,04;0,4969028309;742.114,47;0,000906126;0,01999000
ESG Muster ausgewogen;14.02.2026;0,0000160218;34,53;0,4969259519;742.149,00;0;0,01999000
ESG Muster ausgewogen;15.02.2026;0,0000160215;34,53;0,4969490729;742.183,53;0;0,01999000
ESG Muster ausgewogen;16.02.2026;0,0009234185;1.990,25;0,4983008090;744.173,79;-0,000826725;0,01999000
ESG Muster ausgewogen;17.02.2026;-0,0019020669;-4.103,32;0,4955721902;740.070,46;0,002346403;0,02011000
ESG Muster ausgewogen;18.02.2026;0,0090342469;19.452,49;0,5086175811;759.522,95;0,001434658;0,02006000
ESG Muster ausgewogen;19.02.2026;0,0008000502;1.738,23;0,5098010611;761.261,18;0,000508934;0,02024000
ESG Muster ausgewogen;20.02.2026;0,0085809521;18.658,29;0,5223160600;779.919,47;0,001292823;0,02024000
ESG Muster ausgewogen;21.02.2026;0,0000153698;33,71;0,5223386335;779.953,18;0;0,02024000
ESG Muster ausgewogen;22.02.2026;0,0000153696;33,71;0,5223612070;779.986,89;0;0,02024000
ESG Muster ausgewogen;23.02.2026;-0,0022509684;-4.936,62;0,5190748942;775.050,26;0,000492107;0,02034000
ESG Muster ausgewogen;24.02.2026;0,0017601708;3.851,56;0,5216742426;778.901,82;0,002089347;0,02041000
ESG Muster ausgewogen;25.02.2026;0,0018416259;4.036,89;0,5243978918;782.938,71;0,003137489;0,02011000
ESG Muster ausgewogen;26.02.2026;-0,0026901884;-5.907,82;0,5204606812;777.030,89;-0,000617402;0,02013000
ESG Muster ausgewogen;27.02.2026;0,0030267960;6.629,15;0,5249208146;783.660,04;0,000597965;0,02013000
ESG Muster ausgewogen;28.02.2026;0,0000164957;36,24;0,5249450877;783.696,28;0;0,02013000
ESG Muster ausgewogen;01.03.2026;0,0000220906;48,53;0,5249775940;783.744,81;0;0,02013000
ESG Muster ausgewogen;02.03.2026;-0,0023853106;-5.240,21;0,5214872533;778.504,60;-0,007045963;0,02026000
ESG Muster ausgewogen;03.03.2026;-0,0159400003;-34.934,56;0,4981048853;743.570,04;-0,013132564;0,02035000
ESG Muster ausgewogen;04.03.2026;0,0040192617;8.668,32;0,5039306511;752.238,35;0,006274018;0,02056000
ESG Muster ausgewogen;05.03.2026;-0,0062132711;-13.453,98;0,4949363602;738.784,37;-0,007466957;0,02046000
ESG Muster ausgewogen;06.03.2026;-0,0067357702;-14.494,76;0,4852440883;724.289,61;-0,007610768;0,02049000
ESG Muster ausgewogen;07.03.2026;0,0000169539;36,24;0,4852683659;724.325,85;0;0,02049000
ESG Muster ausgewogen;08.03.2026;0,0000169536;36,24;0,4852926436;724.362,09;0;0,02049000
ESG Muster ausgewogen;09.03.2026;-0,0025354061;-5.419,40;0,4816799666;718.942,69;-0,003145626;0,02078000
ESG Muster ausgewogen;10.03.2026;0,0101574895;21.656,44;0,4962080478;740.599,14;0,008150643;0,02138000
ESG Muster ausgewogen;11.03.2026;-0,0013331963;-2.871,34;0,4943027442;737.727,80;-0,004457538;0,02122000
ESG Muster ausgewogen;12.03.2026;-0,0039356975;-8.465,10;0,4886491178;729.262,70;-0,004711428;0,02150000
ESG Muster ausgewogen;13.03.2026;-0,0018027670;-3.862,22;0,4860793585;725.400,47;-0,002955109;0,02157000
ESG Muster ausgewogen;14.03.2026;0,0000169477;36,24;0,4861036444;725.436,72;0;0,02157000
ESG Muster ausgewogen;15.03.2026;0,0000169474;36,24;0,4861279303;725.472,96;0;0,02157000
ESG Muster ausgewogen;16.03.2026;-0,0003833518;-819,83;0,4855966882;724.653,12;0,003180104;0,02157000
ESG Muster ausgewogen;17.03.2026;0,0045608640;9.750,11;0,4921486620;734.403,24;0,002532871;0,02148000
ESG Muster ausgewogen;18.03.2026;-0,0070258381;-15.088,18;0,4820554940;719.315,06;-0,005119686;0,02121000
ESG Muster ausgewogen;19.03.2026;-0,0192005063;-40.943,91;0,4546334545;678.371,15;-0,010991560;0,02108000
ESG Muster ausgewogen;20.03.2026;-0,0109033032;-22.804,21;0,4393667443;655.566,94;-0,010526336;0,02111000
ESG Muster ausgewogen;21.03.2026;0,0000175606;36,33;0,4393910913;655.603,27;0;0,02111000
ESG Muster ausgewogen;22.03.2026;0,0000175603;36,33;0,4394154383;655.639,60;0;0,02111000
ESG Muster ausgewogen;23.03.2026;-0,0046762724;-9.674,10;0,4329478120;645.965,50;0,004703490;0,02129000
ESG Muster ausgewogen;24.03.2026;0,0005300671;1.091,46;0,4336953901;647.056,95;-0,000954160;0,02178000
ESG Muster ausgewogen;25.03.2026;0,0110818436;22.830,60;0,4490143866;669.887,55;0,007469956;0,02135000
ESG Muster ausgewogen;26.03.2026;-0,0143136059;-29.815,41;0,4290454530;640.072,15;-0,009317698;0,02135000
ESG Muster ausgewogen;27.03.2026;-0,0050786104;-10.427,38;0,4220714492;629.644,77;-0,007568213;0,02127000
ESG Muster ausgewogen;28.03.2026;0,0000177834;36,33;0,4220958007;629.681,09;0;0,02127000
ESG Muster ausgewogen;29.03.2026;0,0000177831;36,33;0,4221201522;629.717,42;0;0,02127000
ESG Muster ausgewogen;30.03.2026;0,0045336754;9.261,58;0,4283442554;638.979,00;0,004483042;0,02122000
ESG Muster ausgewogen;31.03.2026;0,0081835165;16.793,42;0,4396180033;655.772,42;0,006521870;0,02079000
ESG Muster ausgewogen;01.04.2026;0,0153813596;31.822,44;0,4609681111;687.594,86;0,009380677;0,02075000
ESG Muster ausgewogen;02.04.2026;-0,0043610456;-9.161,33;0,4548429658;678.433,53;-0,001329927;0,02103000
ESG Muster ausgewogen;03.04.2026;0,0005519786;1.154,49;0,4556336524;679.588,02;0,000112865;0,02103000
ESG Muster ausgewogen;04.04.2026;0,0000173590;36,33;0,4556580084;679.624,35;0;0,02103000
ESG Muster ausgewogen;05.04.2026;0,0000173587;36,33;0,4556823644;679.660,68;0;0,02103000
ESG Muster ausgewogen;06.04.2026;0,0001256612;262,98;0,4558753456;679.923,66;0,000777322;0,02103000
ESG Muster ausgewogen;07.04.2026;-0,0023925688;-5.007,76;0,4525342604;674.915,90;-0,005525788;0,02170000
ESG Muster ausgewogen;08.04.2026;0,0219243678;45.778,95;0,4832468790;720.694,85;0,023421345;0,02162000
ESG Muster ausgewogen;09.04.2026;-0,0024704006;-5.271,39;0,4797297249;715.423,46;-0,003314366;0,02150000
ESG Muster ausgewogen;10.04.2026;-0,0006367596;-1.355,37;0,4788382831;714.068,09;-0,000177908;0,02198000
ESG Muster ausgewogen;11.04.2026;0,0000171167;36,41;0,4788626992;714.104,50;0;0,02198000
ESG Muster ausgewogen;12.04.2026;0,0000171164;36,41;0,4788871154;714.140,91;0;0,02198000
ESG Muster ausgewogen;13.04.2026;-0,0032718733;-6.960,14;0,4742370164;707.180,77;-0,000103651;0,02204000
ESG Muster ausgewogen;14.04.2026;0,0085388390;18.104,94;0,4863958659;725.285,71;0,007178777;0,02243000
ESG Muster ausgewogen;15.04.2026;0,0011006079;2.353,55;0,4879918890;727.639,26;0,002077992;0,02240000
ESG Muster ausgewogen;16.04.2026;-0,0006878112;-1.472,44;0,4870220060;726.166,82;0,002404678;0,02238000
ESG Muster ausgewogen;17.04.2026;0,0079937417;17.100,94;0,4985091810;743.267,76;0,010872380;0,02204000
ESG Muster ausgewogen;18.04.2026;0,0000168958;36,43;0,4985336172;743.304,19;0;0,02204000
ESG Muster ausgewogen;19.04.2026;0,0000168955;36,43;0,4985580535;743.340,63;0;0,02204000
ESG Muster ausgewogen;20.04.2026;-0,0049817844;-10.743,04;0,4913704228;732.597,59;-0,003450620;0,02194000
ESG Muster ausgewogen;21.04.2026;-0,0044492604;-9.546,87;0,4849845764;723.050,71;-0,003148456;0,02168000
ESG Muster ausgewogen;22.04.2026;0,0034961216;7.468,33;0,4900115626;730.519,04;0,000578828;0,02161000
ESG Muster ausgewogen;23.04.2026;0,0005218428;1.118,64;0,4907795455;731.637,68;-0,002071162;0,02165000
ESG Muster ausgewogen;24.04.2026;-0,0013444315;-2.883,49;0,4888628507;728.754,20;0,002228504;0,02163000
ESG Muster ausgewogen;25.04.2026;0,0000170103;36,43;0,4888872914;728.790,63;0;0,02163000
ESG Muster ausgewogen;26.04.2026;0,0000170100;36,43;0,4889117320;728.827,07;0;0,02163000
ESG Muster ausgewogen;27.04.2026;0,0003160627;676,99;0,4893834013;729.504,06;-0,001052440;0,02170000
ESG Muster ausgewogen;28.04.2026;-0,0042355929;-9.075,30;0,4833125807;720.428,76;-0,002551060;0,02150000
ESG Muster ausgewogen;29.04.2026;-0,0043336272;-9.246,02;0,4771267660;711.182,74;-0,002722585;0,02149000
ESG Muster ausgewogen;30.04.2026;0,0132865071;28.224,62;0,4960801324;739.407,35;0,006721705;0,02199000
ESG Muster ausgewogen;01.05.2026;0,0034340568;7.391,91;0,5010573380;746.799,27;-0,000314322;0,02199000
ESG Muster ausgewogen;02.05.2026;0,0000169189;36,54;0,5010818566;746.835,81;0;0,02199000
ESG Muster ausgewogen;03.05.2026;0,0000169186;36,54;0,5011063751;746.872,35;0;0,02199000
ESG Muster ausgewogen;04.05.2026;-0,0067361353;-14.550,03;0,4913616666;732.322,33;-0,005431049;0,02200000
ESG Muster ausgewogen;05.05.2026;0,0069824382;14.980,45;0,5014308198;747.302,77;0,005221010;0,02218000
ESG Muster ausgewogen;06.05.2026;0,0119930788;25.910,17;0,5188346308;773.212,94;0,011599806;0,02240000
ESG Muster ausgewogen;07.05.2026;-0,0039865755;-8.716,00;0,5130042790;764.496,94;-0,001670172;0,02248000
ESG Muster ausgewogen;08.05.2026;-0,0039086293;-8.511,51;0,5073107103;755.985,43;-0,002652402;0,02234000
ESG Muster ausgewogen;09.05.2026;0,0000168752;36,60;0,5073352738;756.022,03;0;0,02234000
ESG Muster ausgewogen;10.05.2026;0,0000168749;36,60;0,5073598373;756.058,64;0;0,02234000
ESG Muster ausgewogen;11.05.2026;0,0023515981;5.101,05;0,5108009937;761.159,68;-0,000416162;0,02254000
ESG Muster ausgewogen;12.05.2026;-0,0029028480;-6.311,62;0,5065832605;754.848,07;-0,005998205;0,02252000
ESG Muster ausgewogen;13.05.2026;0,0089896960;19.489,41;0,5196810448;774.337,48;0,005083841;0,02283000
ESG Muster ausgewogen;14.05.2026;0,0056279658;12.310,96;0,5279618839;786.648,44;0,005574667;0,02239000
ESG Muster ausgewogen;15.05.2026;-0,0107823197;-23.718,65;0,5120610315;762.929,79;-0,007855097;0,02232000
ESG Muster ausgewogen;16.05.2026;0,0000147924;32,19;0,5120826361;762.961,98;0;0,02232000
ESG Muster ausgewogen;17.05.2026;0,0000147922;32,19;0,5121042407;762.994,17;0;0,02232000
ESG Muster ausgewogen;18.05.2026;0,0003365730;732,42;0,5126138245;763.726,59;0,002679655;0,02219000
ESG Muster ausgewogen;19.05.2026;-0,0025967410;-5.652,72;0,5088375591;758.073,87;-0,000904076;0,02201000
ESG Muster ausgewogen;20.05.2026;0,0072839658;15.814,93;0,5194711149;773.888,80;0,008117238;0,02181000
ESG Muster ausgewogen;21.05.2026;0,0027053189;5.916,57;0,5234609036;779.805,37;-0,000152818;0,02195000
ESG Muster ausgewogen;22.05.2026;0,0040284433;8.834,09;0,5294094649;788.639,46;0,005165881;0,02204000
ESG Muster ausgewogen;23.05.2026;0,0000092716;20,41;0,5294231686;788.659,87;0;0,02204000
ESG Muster ausgewogen;24.05.2026;0,0000128564;28,31;0,5294421710;788.688,18;0;0,02204000
ESG Muster ausgewogen;25.05.2026;0,0034904157;7.685,24;0,5346198787;796.373,42;0,005083258;0,02204000
ESG Muster ausgewogen;26.05.2026;0,0019889419;4.394,56;0,5375887535;800.767,98;0,001016604;0,02190000
ESG Muster ausgewogen;27.05.2026;-0,0027734405;-6.140,10;0,5334852098;794.627,88;0,000123846;0,02229000
ESG Muster ausgewogen;28.05.2026;0,0024733153;5.460,47;0,5371698369;800.088,35;0,000187989;0,02231000
ESG Muster ausgewogen;29.05.2026;0,0035982960;7.963,79;0,5425354568;808.052,14;-0,000116188;0,02268000
ESG Muster ausgewogen;30.05.2026;0,0000145961;32,42;0,5425572243;808.084,56;0;0,02268000
ESG Muster ausgewogen;31.05.2026;0,0000135475;30,09;0,5425774283;808.114,66;0;0,02268000
ESG Muster ausgewogen;01.06.2026;-0,0046056975;-10.230,35;0,5357272150;797.884,30;-0,000425526;0,02245000
ESG Muster ausgewogen;02.06.2026;-0,0001757503;-388,59;0,5354848352;797.495,72;0,002491016;0,02276000
ESG Muster ausgewogen;03.06.2026;-0,0031319830;-6.923,62;0,5308542590;790.572,09;-0,006067763;0,02299000
ESG Muster ausgewogen;04.06.2026;0,0043866904;9.666,93;0,5373639680;800.239,03;0,002884406;0,02311000
ESG Muster ausgewogen;05.06.2026;-0,0104652189;-23.163,33;0,5218276790;777.075,70;-0,007323995;0,02312000
ESG Muster ausgewogen;06.06.2026;0,0000148025;32,42;0,5218494503;777.108,12;0;0,02312000
ESG Muster ausgewogen;07.06.2026;0,0000148023;32,42;0,5218712216;777.140,54;0;0,02312000
ESG Muster ausgewogen;08.06.2026;-0,0054463110;-11.928,86;0,5138783522;765.211,68;-0,001039210;0,02351000
ESG Muster ausgewogen;09.06.2026;-0,0035011792;-7.626,74;0,5087740984;757.584,94;-0,001448731;0,02373000
ESG Muster ausgewogen;10.06.2026;-0,0130210291;-28.264,86;0,4898089761;729.320,07;-0,005980601;0,02397000
ESG Muster ausgewogen;11.06.2026;0,0070394093;15.081,54;0,4999548314;744.401,61;0,004803688;0,02401000
ESG Muster ausgewogen;12.06.2026;0,0103196957;22.265,01;0,5149260824;766.666,62;0,007574361;0,02380000
ESG Muster ausgewogen;13.06.2026;0,0000148758;32,43;0,5149478612;766.699,05;0;0,02380000
ESG Muster ausgewogen;14.06.2026;0,0000148756;32,43;0,5149696399;766.731,47;0;0,02380000
ESG Muster ausgewogen;15.06.2026;0,0121534930;26.492,86;0,5327815956;793.224,33;0,007681935;0,02407000
ESG Muster ausgewogen;16.06.2026;-0,0016438654;-3.626,94;0,5303636177;789.597,39;-0,000626720;0,02408000
ESG Muster ausgewogen;17.06.2026;0,0011868056;2.614,20;0,5321376977;792.211,59;-0,002600584;0,02417000
ESG Muster ausgewogen;18.06.2026;0,0025254214;5.569,40;0,5358969835;797.780,99;0,004496666;0,02386000
ESG Muster ausgewogen;19.06.2026;-0,0031808441;-7.032,54;0,5311910519;790.748,45;-0,001851454;0,02330000
ESG Muster ausgewogen;20.06.2026;0,0000148666;32,76;0,5312130614;790.781,21;0;0,02330000
ESG Muster ausgewogen;21.06.2026;0,0000148664;32,76;0,5312350709;790.813,98;0;0,02330000
ESG Muster ausgewogen;22.06.2026;0,0007803499;1.719,84;0,5324084760;792.533,82;0,002685502;0,02313000
ESG Muster ausgewogen;23.06.2026;-0,0088803062;-19.586,92;0,5192679933;772.946,90;-0,004479430;0,02324000
ESG Muster ausgewogen;24.06.2026;-0,0025513562;-5.577,45;0,5155385186;767.369,46;0,001426370;0,02303000
ESG Muster ausgewogen;25.06.2026;0,0029682344;6.472,22;0,5199043137;773.841,67;0,002341705;0,02293000
ESG Muster ausgewogen;26.06.2026;-0,0049351417;-10.792,99;0,5126703903;763.048,69;-0,003714594;0,02291000
ESG Muster ausgewogen;27.06.2026;0,0000160145;34,85;0,5126938053;763.083,54;0;0,02291000
ESG Muster ausgewogen;28.06.2026;0,0000160143;34,85;0,5127172202;763.118,39;0;0,02291000
ESG Muster ausgewogen;29.06.2026;0,0011126757;2.421,45;0,5143614854;765.539,84;0,000970992;0,02317000
ESG Muster ausgewogen;30.06.2026;0,0060306352;13.138,73;0,5232069517;778.678,57;0,004805944;0,02324000
ESG Muster ausgewogen;01.07.2026;0,0011335853;2.484,60;0,5248940631;781.163,16;0,000255781;0,02312000
ESG Muster ausgewogen;02.07.2026;0,0020497165;4.497,67;0,5279339713;785.660,83;0,004056108;0,02335000
ESG Muster ausgewogen;03.07.2026;0,0051308318;11.281,59;0,5355327532;796.942,42;0,001573401;0,02321000
ESG Muster ausgewogen;04.07.2026;0,0000157091;34,72;0,5355560832;796.977,14;0;0,02321000
ESG Muster ausgewogen;05.07.2026;0,0000157088;34,72;0,5355794132;797.011,86;0;0,02321000
ESG Muster ausgewogen;06.07.2026;0,0019518110;4.313,77;0,5384962554;801.325,63;0,002052895;0,02321000
ESG Muster ausgewogen;07.07.2026;-0,0044396777;-9.831,44;0,5319072737;791.494,18;-0,004530897;0,02313000
ESG Muster ausgewogen;08.07.2026;-0,0113628065;-25.050,65;0,5150897324;766.443,54;-0,009876710;0,02353000
ESG Muster ausgewogen;09.07.2026;0,0050359083;10.976,10;0,5224836946;777.419,64;0,004095266;0,02378000
ESG Muster ausgewogen;10.07.2026;0,0006943791;1.521,07;0,5235234306;778.940,71;0,001905958;0,02412000
ESG Muster ausgewogen;11.07.2026;0,0000158381;34,72;0,5235467645;778.975,42;0;0,02412000
ESG Muster ausgewogen;12.07.2026;0,0000158378;34,72;0,5235700984;779.010,14;0;0,02412000
ESG Muster ausgewogen;13.07.2026;-0,0049084113;-10.759,90;0,5163556128;768.250,25;-0,001453743;0,02431000
ESG Muster ausgewogen;14.07.2026;0,0004563815;995,54;0,5170419381;769.245,78;0,000143280;0,02452000
ESG Muster ausgewogen;15.07.2026;0,0009481084;2.069,12;0,5184499107;771.314,91;0,000437871;0,02490000
ESG Muster ausgewogen;16.07.2026;-0,0058950550;-12.877,39;0,5098111183;758.437,52;-0,002297870;0,02485000
ESG Muster ausgewogen;17.07.2026;-0,0050332890;-10.930,10;0,5024807155;747.507,42;-0,004153297;0,02483000
ESG Muster ausgewogen;18.07.2026;0,0000160685;34,72;0,5025040533;747.542,14;0;0,02483000
ESG Muster ausgewogen;19.07.2026;0,0000160682;34,72;0,5025273910;747.576,86;0;0,02483000
ESG Muster ausgewogen;20.07.2026;-0,0002566825;-554,61;0,5021711987;747.022,25;0,000026792;0,02493000
ESG Muster ausgewogen;21.07.2026;0,0047096235;10.173,48;0,5090269490;757.195,72;0,002147029;0,02475000
ESG Muster ausgewogen;22.07.2026;0,0004531519;983,48;0,5097049290;758.179,21;-0,000241884;0,02456000
ESG Muster ausgewogen;23.07.2026;-0,0081197339;-17.630,40;0,4978688670;740.548,80;-0,007949420;0,02472000
ESG Muster ausgewogen;24.07.2026;0,0016764487;3.610,52;0,5003126879;744.159,32;0,004408428;0,02488000
ESG Muster ausgewogen;25.07.2026;0,0000160934;34,72;0,5003360295;744.194,04;0;0,02488000
ESG Muster ausgewogen;26.07.2026;0,0000160932;34,72;0,5003593712;744.228,76;0;0,02488000
ESG Muster ausgewogen;27.07.2026;0,0036291607;7.829,38;0,5056398458;752.058,14;0,004352877;0,02454000
ESG Muster ausgewogen;28.07.2026;-0,0016489775;-3.570,34;0,5032558922;748.487,80;0,002337898;0,02445000
ESG Muster ausgewogen;29.07.2026;-0,0100607537;-21.747,44;0,4886497357;726.740,36;-0,004061857;0,02459000
ESG Muster ausgewogen;30.07.2026;0,0086576677;18.526,23;0,5011229278;745.266,59;0,003482683;0,02472000
ESG Muster ausgewogen;31.07.2026;0,0074237669;16.023,39;0,5119139276;761.289,98;0,001760832;0,02484000
ESG Muster ausgewogen;01.08.2026;0,0000159666;34,72;0,5119372730;761.324,70;0;0,02484000
ESG Muster ausgewogen;02.08.2026;0,0000159664;34,72;0,5119606185;761.359,42;0;0,02484000
ESG Muster ausgewogen;03.08.2026;0,0124734113;27.123,23;0,5302164068;788.482,64;0,008005302;0,02461000
ESG Muster ausgewogen;04.08.2026;0,0091719495;20.193,02;0,5438129881;808.675,67;0,004966813;0,02498000
ESG Muster ausgewogen;05.08.2026;-0,0000982643;-218,32;0,5436838942;808.457,34;-0,001169101;0,02494000
ESG Muster ausgewogen;06.08.2026;0,0015301627;3.399,38;0,5459877375;811.856,73;0,000859593;0,02477000
ESG Muster ausgewogen;07.08.2026;0,0032023091;7.125,08;0,5507973836;818.981,80;0,002243117;0,02474000
ESG Muster ausgewogen;08.08.2026;0,0000155540;34,72;0,5508207328;819.016,52;0;0,02474000
ESG Muster ausgewogen;09.08.2026;0,0000155537;34,72;0,5508440821;819.051,24;0;0,02474000
ESG Muster ausgewogen;10.08.2026;-0,0001027915;-229,45;0,5507076520;818.821,79;-0,000969269;0,02475000
ESG Muster ausgewogen;11.08.2026;-0,0003682981;-815,65;0,5501811047;818.006,14;0,000447553;0,02490000
ESG Muster ausgewogen;12.08.2026;0,0000284429;62,97;0,5502454593;818.069,10;-0,000040907;0,02505000
ESG Muster ausgewogen;13.08.2026;-0,0002464660;-545,65;0,5499004079;817.523,45;0,001644334;0,02511000
ESG Muster ausgewogen;14.08.2026;-0,0033560799;-7.428,19;0,5449256317;810.095,26;-0,000673104;0,02508000
ESG Muster ausgewogen;15.08.2026;0,0000152016;33,53;0,5449481887;810.128,80;0;0,02508000
ESG Muster ausgewogen;16.08.2026;0,0000152013;33,53;0,5449707456;810.162,33;0;0,02508000
ESG Muster ausgewogen;17.08.2026;-0,0032006801;-7.060,68;0,5402427722;803.101,65;-0,002909737;0,02501000
ESG Muster ausgewogen;18.08.2026;-0,0060518097;-13.307,52;0,5313120065;789.794,14;-0,004463922;0,02500000
ESG Muster ausgewogen;19.08.2026;-0,0020497611;-4.480,01;0,5283191994;785.314,13;-0,001532193;0,02492000
ESG Muster ausgewogen;20.08.2026;-0,0039800197;-8.681,00;0,5224998044;776.633,13;-0,002016180;0,02507000
ESG Muster ausgewogen;21.08.2026;0,0050181224;10.901,69;0,5298551934;787.534,82;0,003821892;0,02507000
ESG Muster ausgewogen;22.08.2026;0,0000153586;33,53;0,5298777548;787.568,35;0;0,02507000
ESG Muster ausgewogen;23.08.2026;0,0000153584;33,53;0,5299003162;787.601,89;0;0,02507000
ESG Muster ausgewogen;24.08.2026;0,0000153582;33,53;0,5299438557;787.635,42;0;0,02507000
