Portfolio Name;Datum;Performance [%] (Intervall);Performance (Intervall);Performance [%] (kumuliert);Performance (kumuliert);Benchmark Performance [%] (Intervall);Risiko freier Zins
ESG Muster defensiv;30.09.2020;0;0;0;0;0;-0,00498000
ESG Muster defensiv;01.10.2020;0,0026132599;3.844,49;0,0026132599;3.844,49;0,000543709;-0,00498000
ESG Muster defensiv;02.10.2020;-0,0009377593;-1.383,19;0,0016730500;2.461,31;-0,000078885;-0,00505000
ESG Muster defensiv;03.10.2020;0,0000284620;41,94;0,0017015596;2.503,25;0;-0,00505000
ESG Muster defensiv;04.10.2020;0,0000284612;41,94;0,0017300693;2.545,19;0;-0,00505000
ESG Muster defensiv;05.10.2020;0,0012264525;1.807,42;0,0029586437;4.352,61;0,001133329;-0,00509000
ESG Muster defensiv;06.10.2020;-0,0003388767;-500,01;0,0026187644;3.852,59;-0,000016645;-0,00505000
ESG Muster defensiv;07.10.2020;0,0007524394;1.109,85;0,0033731743;4.962,44;0,000701711;-0,00508000
ESG Muster defensiv;08.10.2020;0,0029476428;4.351,05;0,0063307600;9.313,49;0,002053590;-0,00506000
ESG Muster defensiv;09.10.2020;0,0017794634;2.634,43;0,0081214887;11.947,92;0,000877105;-0,00509000
ESG Muster defensiv;10.10.2020;0,0000282449;41,89;0,0081499630;11.989,81;0;-0,00509000
ESG Muster defensiv;11.10.2020;0,0000282441;41,89;0,0081784373;12.031,70;0;-0,00509000
ESG Muster defensiv;12.10.2020;0,0040530370;6.011,39;0,0122646217;18.043,09;0,001506994;-0,00511000
ESG Muster defensiv;13.10.2020;0,0003803832;566,46;0,0126496702;18.609,55;0,000005548;-0,00508000
ESG Muster defensiv;14.10.2020;0,0012983697;1.934,26;0,0139644638;20.543,81;0,000261666;-0,00511000
ESG Muster defensiv;15.10.2020;-0,0025872804;-3.859,43;0,0113410534;16.684,38;-0,000855513;-0,00507000
ESG Muster defensiv;16.10.2020;0,0008133869;1.210,18;0,0121636649;17.894,56;0,001381728;-0,00509000
ESG Muster defensiv;17.10.2020;0,0000281663;41,94;0,0121921739;17.936,50;0;-0,00509000
ESG Muster defensiv;18.10.2020;0,0000281656;41,94;0,0122206828;17.978,45;0;-0,00509000
ESG Muster defensiv;19.10.2020;-0,0018691575;-2.783,41;0,0103286830;15.195,03;-0,000737888;-0,00509000
ESG Muster defensiv;20.10.2020;-0,0022987829;-3.416,78;0,0080061567;11.778,25;-0,001025236;-0,00507000
ESG Muster defensiv;21.10.2020;-0,0010945612;-1.623,15;0,0069028322;10.155,09;-0,001368798;-0,00507000
ESG Muster defensiv;22.10.2020;-0,0018026057;-2.670,21;0,0050877834;7.484,89;-0,000752189;-0,00511000
ESG Muster defensiv;23.10.2020;-0,0000934914;-138,24;0,0049938164;7.346,65;0,000532186;-0,00512000
ESG Muster defensiv;24.10.2020;0,0000283216;41,87;0,0050222795;7.388,52;0;-0,00512000
ESG Muster defensiv;25.10.2020;0,0000283208;41,87;0,0050507425;7.430,40;0;-0,00512000
ESG Muster defensiv;26.10.2020;-0,0004052826;-599,24;0,0046434129;6.831,15;-0,003221663;-0,00509000
ESG Muster defensiv;27.10.2020;0,0013166200;1.945,94;0,0059661465;8.777,09;0,000412195;-0,00510000
ESG Muster defensiv;28.10.2020;-0,0048935922;-7.242,16;0,0010433584;1.534,94;-0,004284770;-0,00512000
ESG Muster defensiv;29.10.2020;-0,0000009682;-1,43;0,0010423892;1.533,51;0,001359128;-0,00515000
ESG Muster defensiv;30.10.2020;-0,0018057529;-2.659,30;-0,0007652461;-1.125,79;-0,001087775;-0,00523000
ESG Muster defensiv;31.10.2020;0,0000236477;34,76;-0,0007416165;-1.091,03;0;-0,00523000
ESG Muster defensiv;01.11.2020;0,0000275077;40,44;-0,0007141292;-1.050,59;0;-0,00523000
ESG Muster defensiv;02.11.2020;0,0037942171;5.577,87;0,0030773783;4.527,28;0,002393075;-0,00520000
ESG Muster defensiv;03.11.2020;0,0010988515;1.621,55;0,0041796114;6.148,83;0,002378136;-0,00520000
ESG Muster defensiv;04.11.2020;0,0070363496;10.394,78;0,0112453702;16.543,62;0,002980818;-0,00517000
ESG Muster defensiv;05.11.2020;0,0045993233;6.842,38;0,0158964146;23.386,00;0,002006108;-0,00517000
ESG Muster defensiv;06.11.2020;-0,0012928542;-1.932,22;0,0145830087;21.453,78;-0,000688165;-0,00513000
ESG Muster defensiv;07.11.2020;0,0000280527;41,87;0,0146114704;21.495,65;0;-0,00513000
ESG Muster defensiv;08.11.2020;0,0000280519;41,87;0,0146399322;21.537,52;0;-0,00513000
ESG Muster defensiv;09.11.2020;-0,0031673951;-4.727,93;0,0114261667;16.809,59;0,001824331;-0,00516000
ESG Muster defensiv;10.11.2020;0,0003197801;475,82;0,0117496007;17.285,41;-0,000285503;-0,00510000
ESG Muster defensiv;11.11.2020;0,0029003708;4.317,01;0,0146840497;21.602,43;0,001702326;-0,00518000
ESG Muster defensiv;12.11.2020;0,0001736634;259,24;0,0148602631;21.861,66;-0,000877471;-0,00513000
ESG Muster defensiv;13.11.2020;0,0017012623;2.540,00;0,0165868066;24.401,66;0,001053793;-0,00514000
ESG Muster defensiv;14.11.2020;0,0000280100;41,89;0,0166152812;24.443,56;0;-0,00514000
ESG Muster defensiv;15.11.2020;0,0000280092;41,89;0,0166437558;24.485,45;0;-0,00514000
ESG Muster defensiv;16.11.2020;0,0019495672;2.915,84;0,0186257711;27.401,29;0,001163872;-0,00522000
ESG Muster defensiv;17.11.2020;-0,0004703951;-704,91;0,0181466146;26.696,37;0,000209525;-0,00522000
ESG Muster defensiv;18.11.2020;-0,0001453995;-217,79;0,0179985765;26.478,59;0,000103323;-0,00527000
ESG Muster defensiv;19.11.2020;-0,0001323322;-198,18;0,0178638626;26.280,40;-0,000088079;-0,00527000
ESG Muster defensiv;20.11.2020;0,0028909965;4.329,06;0,0208065035;30.609,47;0,000669724;-0,00528000
ESG Muster defensiv;21.11.2020;0,0000250213;37,58;0,0208320454;30.647,04;0;-0,00528000
ESG Muster defensiv;22.11.2020;0,0000250207;37,58;0,0208575874;30.684,62;0;-0,00528000
ESG Muster defensiv;23.11.2020;-0,0021264245;-3.193,54;0,0186868108;27.491,08;0,000429701;-0,00523000
ESG Muster defensiv;24.11.2020;-0,0010248053;-1.535,81;0,0176428552;25.955,27;0,001304577;-0,00523000
ESG Muster defensiv;25.11.2020;-0,0007694211;-1.151,90;0,0168598593;24.803,37;0,000065872;-0,00526000
ESG Muster defensiv;26.11.2020;0,0009846474;1.472,99;0,0178611078;26.276,35;0,000302294;-0,00528000
ESG Muster defensiv;27.11.2020;-0,0012577847;-1.883,44;0,0165808576;24.392,91;0,000342910;-0,00528000
ESG Muster defensiv;28.11.2020;0,0000250921;37,53;0,0166063658;24.430,44;0;-0,00528000
ESG Muster defensiv;29.11.2020;0,0000250915;37,53;0,0166318739;24.467,97;0;-0,00528000
ESG Muster defensiv;30.11.2020;-0,0005138760;-768,56;0,0161094512;23.699,40;-0,001206220;-0,00526000
ESG Muster defensiv;01.12.2020;-0,0012590166;-1.882,04;0,0148301525;21.817,36;-0,000844121;-0,00526000
ESG Muster defensiv;02.12.2020;-0,0016110978;-2.405,31;0,0131951619;19.412,05;-0,000636635;-0,00524000
ESG Muster defensiv;03.12.2020;-0,0003894730;-580,53;0,0128005498;18.831,52;0,000586725;-0,00527000
ESG Muster defensiv;04.12.2020;0,0046350623;6.906,15;0,0174949435;25.737,67;0,000985956;-0,00532000
ESG Muster defensiv;05.12.2020;0,0000163719;24,51;0,0175116018;25.762,18;0;-0,00532000
ESG Muster defensiv;06.12.2020;0,0000163716;24,51;0,0175282601;25.786,68;0;-0,00532000
ESG Muster defensiv;07.12.2020;0,0029077151;4.352,66;0,0204869424;30.139,35;0,001078168;-0,00534000
ESG Muster defensiv;08.12.2020;0,0015316083;2.299,39;0,0220499287;32.438,73;0,001279205;-0,00536000
ESG Muster defensiv;09.12.2020;-0,0009587564;-1.441,57;0,0210700318;30.997,16;-0,000030938;-0,00545000
ESG Muster defensiv;10.12.2020;-0,0013553669;-2.035,96;0,0196861073;28.961,20;-0,000983886;-0,00546000
ESG Muster defensiv;11.12.2020;0,0007960794;1.194,21;0,0204978584;30.155,40;0,000387303;-0,00543000
ESG Muster defensiv;12.12.2020;0,0000189675;28,48;0,0205172147;30.183,88;0;-0,00543000
ESG Muster defensiv;13.12.2020;0,0000189672;28,48;0,0205365710;30.212,36;0;-0,00543000
ESG Muster defensiv;14.12.2020;-0,0009925352;-1.490,15;0,0195236526;28.722,20;-0,000127903;-0,00543000
ESG Muster defensiv;15.12.2020;0,0015257977;2.288,50;0,0210792395;31.010,70;0,000355859;-0,00544000
ESG Muster defensiv;16.12.2020;0,0001153954;173,34;0,0211970673;31.184,05;-0,000680810;-0,00540000
ESG Muster defensiv;17.12.2020;0,0011151554;1.675,33;0,0223358607;32.859,38;0,001007850;-0,00541000
ESG Muster defensiv;18.12.2020;-0,0004741077;-713,06;0,0218511634;32.146,32;-0,000253593;-0,00537000
ESG Muster defensiv;19.12.2020;0,0000189424;28,48;0,0218705197;32.174,79;0;-0,00537000
ESG Muster defensiv;20.12.2020;0,0000189420;28,48;0,0218898761;32.203,27;0;-0,00537000
ESG Muster defensiv;21.12.2020;-0,0022062691;-3.316,80;0,0196353120;28.886,47;-0,001918932;-0,00532000
ESG Muster defensiv;22.12.2020;0,0019574092;2.936,18;0,0216311556;31.822,65;0,000855683;-0,00539000
ESG Muster defensiv;23.12.2020;-0,0004975575;-747,81;0,0211228353;31.074,84;-0,001021458;-0,00541000
ESG Muster defensiv;24.12.2020;0,0005187334;779,25;0,0216525258;31.854,09;0,000272221;-0,00542000
ESG Muster defensiv;25.12.2020;-0,0000471366;-70,85;0,0216043686;31.783,25;0,000010752;-0,00542000
ESG Muster defensiv;26.12.2020;0,0000189470;28,48;0,0216237249;31.811,72;0;-0,00542000
ESG Muster defensiv;27.12.2020;0,0000189466;28,48;0,0216430812;31.840,20;0;-0,00542000
ESG Muster defensiv;28.12.2020;0,0024124458;3.625,88;0,0241077398;35.466,08;0,001522213;-0,00542000
ESG Muster defensiv;29.12.2020;0,0024239379;3.651,94;0,0265901133;39.118,02;0,000940239;-0,00538000
ESG Muster defensiv;30.12.2020;-0,0020665495;-3.121,04;0,0244686140;35.996,98;-0,000670061;-0,00541000
ESG Muster defensiv;31.12.2020;0,0010972788;1.653,76;0,0255927417;37.650,74;0,000502498;-0,00545000
ESG Muster defensiv;01.01.2021;0,0000188733;28,48;0,0256120980;37.679,21;0;-0,00545000
ESG Muster defensiv;02.01.2021;0,0000188729;28,48;0,0256314544;37.707,69;0;-0,00545000
ESG Muster defensiv;03.01.2021;0,0000188726;28,48;0,0256508107;37.736,17;0;-0,00545000
ESG Muster defensiv;04.01.2021;0,0038108547;5.750,14;0,0295594169;43.486,31;0,000508737;-0,00546000
ESG Muster defensiv;05.01.2021;-0,0012318813;-1.865,85;0,0282911219;41.620,46;-0,000249082;-0,00552000
ESG Muster defensiv;06.01.2021;-0,0032504575;-4.917,19;0,0249487053;36.703,26;0,000615916;-0,00556000
ESG Muster defensiv;07.01.2021;0,0026955045;4.064,42;0,0277114591;40.767,69;0,001254646;-0,00554000
ESG Muster defensiv;08.01.2021;0,0012398178;1.874,50;0,0289856341;42.642,19;0,001056134;-0,00550000
ESG Muster defensiv;09.01.2021;0,0000188111;28,48;0,0290049904;42.670,66;0;-0,00550000
ESG Muster defensiv;10.01.2021;0,0000188107;28,48;0,0290243467;42.699,14;0;-0,00550000
ESG Muster defensiv;11.01.2021;-0,0000712187;-107,81;0,0289510609;42.591,33;-0,001133899;-0,00545000
ESG Muster defensiv;12.01.2021;-0,0024906411;-3.770,18;0,0263883132;38.821,14;-0,001179454;-0,00549000
ESG Muster defensiv;13.01.2021;0,0034396235;5.193,73;0,0299187026;44.014,87;0,001444790;-0,00545000
ESG Muster defensiv;14.01.2021;0,0008876787;1.344,98;0,0308329395;45.359,85;0,001414210;-0,00550000
ESG Muster defensiv;15.01.2021;-0,0015303000;-2.320,71;0,0292554559;43.039,14;-0,001542294;-0,00552000
ESG Muster defensiv;16.01.2021;0,0000188061;28,48;0,0292748122;43.067,61;0;-0,00552000
ESG Muster defensiv;17.01.2021;0,0000188058;28,48;0,0292941685;43.096,09;0;-0,00552000
ESG Muster defensiv;18.01.2021;0,0007821307;1.184,34;0,0300992110;44.280,43;-0,000217945;-0,00553000
ESG Muster defensiv;19.01.2021;0,0003922548;594,43;0,0305032723;44.874,86;-0,000061816;-0,00548000
ESG Muster defensiv;20.01.2021;0,0032126896;4.870,51;0,0338139594;49.745,37;0,001582404;-0,00543000
ESG Muster defensiv;21.01.2021;-0,0008092495;-1.230,78;0,0329773460;48.514,59;-0,001297309;-0,00543000
ESG Muster defensiv;22.01.2021;-0,0018845164;-2.863,83;0,0310306833;45.650,76;0,000016462;-0,00540000
ESG Muster defensiv;23.01.2021;0,0000187738;28,48;0,0310500396;45.679,24;0;-0,00540000
ESG Muster defensiv;24.01.2021;0,0000187734;28,48;0,0310693959;45.707,71;0;-0,00540000
ESG Muster defensiv;25.01.2021;0,0017174021;2.605,05;0,0328401567;48.312,77;0,000428558;-0,00543000
ESG Muster defensiv;26.01.2021;-0,0009164423;-1.392,50;0,0318936182;46.920,27;0,000237434;-0,00539000
ESG Muster defensiv;27.01.2021;-0,0016013029;-2.430,89;0,0302412440;44.489,38;-0,001614636;-0,00543000
ESG Muster defensiv;28.01.2021;-0,0013410375;-2.032,53;0,0288596518;42.456,85;0,000422513;-0,00544000
ESG Muster defensiv;29.01.2021;-0,0043167936;-6.533,92;0,0244182770;35.922,92;-0,003093196;-0,00548000
ESG Muster defensiv;30.01.2021;0,0000188949;28,48;0,0244376333;35.951,40;0;-0,00548000
ESG Muster defensiv;31.01.2021;0,0000188946;28,48;0,0244569896;35.979,88;0;-0,00548000
ESG Muster defensiv;01.02.2021;0,0049485732;7.458,14;0,0295265901;43.438,01;0,002185983;-0,00543000
ESG Muster defensiv;02.02.2021;0,0014747200;2.233,59;0,0310448536;45.671,61;0,001373888;-0,00540000
ESG Muster defensiv;03.02.2021;0,0007368614;1.117,69;0,0318045907;46.789,29;0,000583616;-0,00545000
ESG Muster defensiv;04.02.2021;-0,0003258908;-494,68;0,0314683351;46.294,61;0,000556933;-0,00543000
ESG Muster defensiv;05.02.2021;-0,0000074712;-11,34;0,0314606288;46.283,27;0,000139847;-0,00535000
ESG Muster defensiv;06.02.2021;0,0000187659;28,48;0,0314799851;46.311,75;0;-0,00535000
ESG Muster defensiv;07.02.2021;0,0000187656;28,48;0,0314993414;46.340,23;0;-0,00535000
ESG Muster defensiv;08.02.2021;0,0022124599;3.357,38;0,0337814924;49.697,61;0,000511624;-0,00536000
ESG Muster defensiv;09.02.2021;-0,0011350713;-1.726,27;0,0326080767;47.971,34;-0,000235740;-0,00540000
ESG Muster defensiv;10.02.2021;-0,0003652736;-554,89;0,0322308921;47.416,45;-0,000467524;-0,00541000
ESG Muster defensiv;11.02.2021;0,0007418698;1.126,58;0,0329966731;48.543,02;0,001360908;-0,00541000
ESG Muster defensiv;12.02.2021;-0,0005441673;-826,97;0,0324345501;47.716,06;-0,000591136;-0,00547000
ESG Muster defensiv;13.02.2021;0,0000187482;28,48;0,0324539064;47.744,53;0;-0,00547000
ESG Muster defensiv;14.02.2021;0,0000187479;28,48;0,0324732627;47.773,01;0;-0,00547000
ESG Muster defensiv;15.02.2021;-0,0000331432;-50,34;0,0324390433;47.722,67;-0,000768602;-0,00547000
ESG Muster defensiv;16.02.2021;-0,0019640396;-2.983,12;0,0304112921;44.739,54;-0,000652357;-0,00543000
ESG Muster defensiv;17.02.2021;-0,0010454357;-1.584,76;0,0293340634;43.154,78;-0,000124610;-0,00545000
ESG Muster defensiv;18.02.2021;-0,0017822552;-2.698,88;0,0274995273;40.455,90;-0,001389840;-0,00543000
ESG Muster defensiv;19.02.2021;-0,0010602196;-1.602,63;0,0264101522;38.853,27;-0,000302430;-0,00543000
ESG Muster defensiv;20.02.2021;0,0000186496;28,16;0,0264292943;38.881,43;0;-0,00543000
ESG Muster defensiv;21.02.2021;0,0000186493;28,16;0,0264484365;38.909,59;0;-0,00543000
ESG Muster defensiv;22.02.2021;-0,0015085347;-2.277,98;0,0249000034;36.631,62;0,000112607;-0,00543000
ESG Muster defensiv;23.02.2021;-0,0016886972;-2.533,62;0,0231789264;34.098,00;-0,001388318;-0,00540000
ESG Muster defensiv;24.02.2021;-0,0012738851;-1.908,03;0,0218829398;32.189,96;0,000520647;-0,00539000
ESG Muster defensiv;25.02.2021;-0,0053016970;-7.930,80;0,0164923062;24.259,17;-0,004169516;-0,00538000
ESG Muster defensiv;26.02.2021;-0,0035134438;-5.227,89;0,0129387827;19.031,28;-0,000504841;-0,00530000
ESG Muster defensiv;27.02.2021;0,0000189925;28,16;0,0129579285;19.059,44;0;-0,00530000
ESG Muster defensiv;28.02.2021;0,0000189922;28,16;0,0129770743;19.087,60;0;-0,00530000
ESG Muster defensiv;01.03.2021;0,0073141147;10.845,34;0,0203514035;29.932,94;0,005537457;-0,00533000
ESG Muster defensiv;02.03.2021;-0,0017973954;-2.684,66;0,0185269212;27.248,27;0,000161366;-0,00540000
ESG Muster defensiv;03.03.2021;-0,0033517760;-4.997,35;0,0151297294;22.250,92;-0,001574580;-0,00546000
ESG Muster defensiv;04.03.2021;-0,0012029291;-1.787,50;0,0139148933;20.463,42;-0,000483579;-0,00541000
ESG Muster defensiv;05.03.2021;-0,0009733371;-1.444,60;0,0129331245;19.018,82;-0,000022338;-0,00537000
ESG Muster defensiv;06.03.2021;0,0000189927;28,16;0,0129522745;19.046,98;0;-0,00537000
ESG Muster defensiv;07.03.2021;0,0000189923;28,16;0,0129714244;19.075,14;0;-0,00537000
ESG Muster defensiv;08.03.2021;0,0009603284;1.423,96;0,0139403149;20.499,10;0,001824087;-0,00537000
ESG Muster defensiv;09.03.2021;0,0048809972;7.244,41;0,0188676044;27.743,51;0,001418529;-0,00540000
ESG Muster defensiv;10.03.2021;0,0003372293;502,96;0,0192104183;28.246,47;0,000750528;-0,00543000
ESG Muster defensiv;11.03.2021;0,0016861706;2.515,69;0,0209221556;30.762,16;0,001200309;-0,00542000
ESG Muster defensiv;12.03.2021;-0,0024640047;-3.682,38;0,0184183787;27.079,78;-0,000768171;-0,00539000
ESG Muster defensiv;13.03.2021;0,0000188900;28,16;0,0184375324;27.107,94;0;-0,00539000
ESG Muster defensiv;14.03.2021;0,0000188896;28,16;0,0184566862;27.136,10;0;-0,00539000
ESG Muster defensiv;15.03.2021;0,0034638029;5.163,99;0,0219698159;32.300,09;0,001504394;-0,00538000
ESG Muster defensiv;16.03.2021;0,0027405565;4.099,89;0,0247593935;36.399,99;0,000492389;-0,00542000
ESG Muster defensiv;17.03.2021;-0,0020180786;-3.027,34;0,0227010184;33.372,65;-0,001243601;-0,00543000
ESG Muster defensiv;18.03.2021;0,0002965027;443,89;0,0230037898;33.816,54;-0,000224419;-0,00540000
ESG Muster defensiv;19.03.2021;-0,0000224542;-33,63;0,0229817275;33.782,91;0,000169078;-0,00539000
ESG Muster defensiv;20.03.2021;0,0000135180;20,24;0,0229954985;33.803,16;0;-0,00539000
ESG Muster defensiv;21.03.2021;0,0000135179;20,24;0,0230092694;33.823,40;0;-0,00539000
ESG Muster defensiv;22.03.2021;0,0004740300;709,87;0,0234929969;34.533,27;0,000870632;-0,00538000
ESG Muster defensiv;23.03.2021;0,0006029479;903,36;0,0241083780;35.436,64;0,000730357;-0,00538000
ESG Muster defensiv;24.03.2021;-0,0003076788;-461,25;0,0237953759;34.975,38;0,000144495;-0,00535000
ESG Muster defensiv;25.03.2021;0,0015282659;2.290,39;0,0253544717;37.265,77;0,000847387;-0,00538000
ESG Muster defensiv;26.03.2021;0,0018431502;2.766,52;0,0272376135;40.032,29;0,000776517;-0,00537000
ESG Muster defensiv;27.03.2021;0,0000134619;20,24;0,0272513868;40.052,53;0;-0,00537000
ESG Muster defensiv;28.03.2021;0,0000134617;20,24;0,0272651600;40.072,77;0;-0,00537000
ESG Muster defensiv;29.03.2021;-0,0015754587;-2.369,14;0,0256540382;37.703,63;-0,000437841;-0,00536000
ESG Muster defensiv;30.03.2021;-0,0005453075;-818,73;0,0250977557;36.884,90;-0,000742030;-0,00540000
ESG Muster defensiv;31.03.2021;0,0021233103;3.186,22;0,0272666203;40.071,12;0,000432371;-0,00538000
ESG Muster defensiv;01.04.2021;0,0037153051;5.587,00;0,0310692758;45.658,12;0,002368425;-0,00538000
ESG Muster defensiv;02.04.2021;0,0001973938;297,94;0,0312729598;45.956,06;0,000050637;-0,00538000
ESG Muster defensiv;03.04.2021;0,0000134090;20,24;0,0312867352;45.976,30;0;-0,00538000
ESG Muster defensiv;04.04.2021;0,0000134089;20,24;0,0313005106;45.996,55;0;-0,00538000
ESG Muster defensiv;05.04.2021;-0,0007074270;-1.068,01;0,0305746443;44.928,54;0,000554293;-0,00538000
ESG Muster defensiv;06.04.2021;0,0018740856;2.827,31;0,0324996310;47.755,85;0,000188195;-0,00538000
ESG Muster defensiv;07.04.2021;-0,0004099381;-619,61;0,0320788907;47.136,25;-0,000268551;-0,00543000
ESG Muster defensiv;08.04.2021;0,0017647148;2.666,21;0,0338943601;49.802,46;0,000725423;-0,00545000
ESG Muster defensiv;09.04.2021;-0,0003097387;-468,79;0,0335762511;49.333,66;-0,000786390;-0,00544000
ESG Muster defensiv;10.04.2021;0,0000133791;20,24;0,0335900284;49.353,91;0;-0,00544000
ESG Muster defensiv;11.04.2021;0,0000133789;20,24;0,0336038058;49.374,15;0;-0,00544000
ESG Muster defensiv;12.04.2021;-0,0015291701;-2.313,76;0,0320299559;47.060,39;-0,000082323;-0,00538000
ESG Muster defensiv;13.04.2021;0,0009956803;1.504,24;0,0330546630;48.564,63;0,000028507;-0,00538000
ESG Muster defensiv;14.04.2021;-0,0018628391;-2.817,12;0,0311380742;45.747,51;-0,001298525;-0,00538000
ESG Muster defensiv;15.04.2021;0,0044718203;6.750,01;0,0357334196;52.497,53;0,001609988;-0,00537000
ESG Muster defensiv;16.04.2021;0,0013860965;2.101,61;0,0371648860;54.599,13;0,000397192;-0,00538000
ESG Muster defensiv;17.04.2021;0,0000133327;20,24;0,0371786652;54.619,38;0;-0,00538000
ESG Muster defensiv;18.04.2021;0,0000133325;20,24;0,0371924445;54.639,62;0;-0,00538000
ESG Muster defensiv;19.04.2021;-0,0023501941;-3.568,41;0,0347643686;51.071,21;-0,001770396;-0,00537000
ESG Muster defensiv;20.04.2021;-0,0030568311;-4.630,42;0,0316132221;46.440,78;-0,001032592;-0,00538000
ESG Muster defensiv;21.04.2021;0,0018664634;2.818,64;0,0335327659;49.259,42;0,001132717;-0,00535000
ESG Muster defensiv;22.04.2021;0,0015770046;2.385,96;0,0351578439;51.645,38;0,000141465;-0,00539000
ESG Muster defensiv;23.04.2021;-0,0014751154;-2.235,32;0,0336369560;49.410,06;0,000028137;-0,00539000
ESG Muster defensiv;24.04.2021;0,0000111604;16,89;0,0336484522;49.426,94;0;-0,00539000
ESG Muster defensiv;25.04.2021;0,0000133783;20,24;0,0336622331;49.447,19;0;-0,00539000
ESG Muster defensiv;26.04.2021;0,0010061178;1.522,41;0,0346994801;50.969,60;0,000084046;-0,00538000
ESG Muster defensiv;27.04.2021;-0,0006912349;-1.047,00;0,0339875009;49.922,60;-0,000352965;-0,00535000
ESG Muster defensiv;28.04.2021;-0,0014346697;-2.171,56;0,0325098535;47.751,04;-0,000675117;-0,00534000
ESG Muster defensiv;29.04.2021;-0,0016218303;-2.451,33;0,0308416502;45.299,71;-0,001538773;-0,00536000
ESG Muster defensiv;30.04.2021;0,0002645306;399,18;0,0311141325;45.698,89;0,000208594;-0,00535000
ESG Muster defensiv;01.05.2021;0,0000134113;20,24;0,0311279151;45.719,13;0;-0,00535000
ESG Muster defensiv;02.05.2021;0,0000134111;20,24;0,0311416976;45.739,38;0;-0,00535000
ESG Muster defensiv;03.05.2021;0,0014556827;2.197,28;0,0326384476;47.936,65;0,000764402;-0,00535000
ESG Muster defensiv;04.05.2021;-0,0017438290;-2.636,05;0,0308443336;45.300,60;-0,000661065;-0,00535000
ESG Muster defensiv;05.05.2021;0,0026542829;4.005,34;0,0335722256;49.305,94;0,001493721;-0,00531000
ESG Muster defensiv;06.05.2021;0,0016093398;2.434,95;0,0352309364;51.740,89;0,000093696;-0,00532000
ESG Muster defensiv;07.05.2021;0,0005807853;880,15;0,0358310038;52.621,04;0,000535901;-0,00529000
ESG Muster defensiv;08.05.2021;0,0000133501;20,24;0,0358447879;52.641,29;0;-0,00529000
ESG Muster defensiv;09.05.2021;0,0000133499;20,24;0,0358585720;52.661,53;0;-0,00529000
ESG Muster defensiv;10.05.2021;-0,0003393535;-514,59;0,0355089249;52.146,94;-0,000529493;-0,00533000
ESG Muster defensiv;11.05.2021;-0,0050632072;-7.675,09;0,0302832823;44.471,86;-0,003729763;-0,00533000
ESG Muster defensiv;12.05.2021;-0,0020328571;-3.065,91;0,0281961149;41.405,94;-0,001767335;-0,00539000
ESG Muster defensiv;13.05.2021;-0,0005390832;-811,38;0,0276441502;40.594,56;0,000007864;-0,00541000
ESG Muster defensiv;14.05.2021;0,0022793106;3.428,77;0,0299796813;44.023,33;0,001546749;-0,00549000
ESG Muster defensiv;15.05.2021;0,0000134262;20,24;0,0299934668;44.043,58;0;-0,00549000
ESG Muster defensiv;16.05.2021;0,0000134261;20,24;0,0300072523;44.063,82;0;-0,00549000
ESG Muster defensiv;17.05.2021;0,0007326530;1.104,67;0,0307601377;45.168,49;-0,000286900;-0,00548000
ESG Muster defensiv;18.05.2021;-0,0007716184;-1.164,28;0,0299678402;44.004,22;-0,000568176;-0,00553000
ESG Muster defensiv;19.05.2021;-0,0006568560;-990,35;0,0292939552;43.013,87;-0,001490495;-0,00552000
ESG Muster defensiv;20.05.2021;0,0014317258;2.157,21;0,0307636789;45.171,08;0,001164324;-0,00545000
ESG Muster defensiv;21.05.2021;0,0015859384;2.392,99;0,0323940296;47.564,07;0,001340191;-0,00543000
ESG Muster defensiv;22.05.2021;0,0000133948;20,24;0,0324078164;47.584,31;0;-0,00543000
ESG Muster defensiv;23.05.2021;0,0000133946;20,24;0,0324216033;47.604,55;0;-0,00543000
ESG Muster defensiv;24.05.2021;0,0006935607;1.048,19;0,0331360990;48.652,74;0,000353797;-0,00542000
ESG Muster defensiv;25.05.2021;0,0023194949;3.507,91;0,0355258990;52.160,65;0,001392529;-0,00538000
ESG Muster defensiv;26.05.2021;0,0025170079;3.815,45;0,0381252441;55.976,11;0,001216084;-0,00537000
ESG Muster defensiv;27.05.2021;-0,0008691231;-1.320,79;0,0372263228;54.655,31;-0,001063541;-0,00540000
ESG Muster defensiv;28.05.2021;0,0018718495;2.842,15;0,0391628351;57.497,46;0,001211374;-0,00543000
ESG Muster defensiv;29.05.2021;0,0000133073;20,24;0,0391766231;57.517,70;0;-0,00543000
ESG Muster defensiv;30.05.2021;0,0000133071;20,24;0,0391904112;57.537,95;0;-0,00543000
ESG Muster defensiv;31.05.2021;-0,0003819535;-581,05;0,0387953286;56.956,90;-0,000813551;-0,00544000
ESG Muster defensiv;01.06.2021;-0,0007827138;-1.190,25;0,0379852699;55.766,66;0,000640468;-0,00545000
ESG Muster defensiv;02.06.2021;0,0021483634;3.264,38;0,0402094830;59.031,04;0,001009117;-0,00543000
ESG Muster defensiv;03.06.2021;-0,0009700881;-1.477,19;0,0392039467;57.553,85;0,000134892;-0,00542000
ESG Muster defensiv;04.06.2021;0,0029240625;4.448,26;0,0422346781;62.002,11;0,001522167;-0,00546000
ESG Muster defensiv;05.06.2021;0,0000132680;20,24;0,0422484674;62.022,36;0;-0,00546000
ESG Muster defensiv;06.06.2021;0,0000132678;20,24;0,0422622566;62.042,60;0;-0,00546000
ESG Muster defensiv;07.06.2021;0,0003452132;526,71;0,0426217473;62.569,31;-0,000281956;-0,00546000
ESG Muster defensiv;08.06.2021;0,0009870925;1.506,58;0,0436487314;64.075,89;0,000287675;-0,00543000
ESG Muster defensiv;09.06.2021;0,0002844264;434,54;0,0439454552;64.510,43;0,000706095;-0,00542000
ESG Muster defensiv;10.06.2021;0,0013046626;1.993,81;0,0453043935;66.504,24;0,000299978;-0,00545000
ESG Muster defensiv;11.06.2021;0,0021878564;3.347,88;0,0475858125;69.852,12;0,001372793;-0,00548000
ESG Muster defensiv;12.06.2021;0,0000132001;20,24;0,0475996029;69.872,37;0;-0,00548000
ESG Muster defensiv;13.06.2021;0,0000131999;20,24;0,0476133933;69.892,61;0;-0,00548000
ESG Muster defensiv;14.06.2021;-0,0007316117;-1.122,00;0,0468497804;68.770,61;-0,000307262;-0,00546000
ESG Muster defensiv;15.06.2021;-0,0007037209;-1.078,44;0,0461158132;67.692,17;-0,000347829;-0,00542000
ESG Muster defensiv;16.06.2021;0,0012100328;1.853,04;0,0473789407;69.545,22;0,000056735;-0,00547000
ESG Muster defensiv;17.06.2021;-0,0013635122;-2.090,61;0,0459553726;67.454,61;-0,000068056;-0,00543000
ESG Muster defensiv;18.06.2021;0,0004728852;724,06;0,0464493591;68.178,67;-0,001473015;-0,00544000
ESG Muster defensiv;19.06.2021;0,0000132145;20,24;0,0464631506;68.198,91;0;-0,00544000
ESG Muster defensiv;20.06.2021;0,0000132143;20,24;0,0464769420;68.219,16;0;-0,00544000
ESG Muster defensiv;21.06.2021;-0,0012848800;-1.968,34;0,0451366029;66.250,81;-0,000260613;-0,00542000
ESG Muster defensiv;22.06.2021;0,0005717175;874,70;0,0457332099;67.125,52;0,000230675;-0,00540000
ESG Muster defensiv;23.06.2021;0,0001317876;201,74;0,0458713275;67.327,26;-0,000398225;-0,00538000
ESG Muster defensiv;24.06.2021;0,0008207761;1.256,64;0,0467281704;68.583,90;0,001170210;-0,00538000
ESG Muster defensiv;25.06.2021;-0,0001133296;-173,65;0,0466105187;68.410,25;-0,000429327;-0,00538000
ESG Muster defensiv;26.06.2021;0,0000106979;16,39;0,0466216861;68.426,64;0;-0,00538000
ESG Muster defensiv;27.06.2021;0,0000132124;20,24;0,0466354785;68.446,88;0;-0,00538000
ESG Muster defensiv;28.06.2021;0,0011907019;1.824,34;0,0478791456;70.271,22;0,000585950;-0,00543000
ESG Muster defensiv;29.06.2021;0,0004224218;647,99;0,0483213235;70.919,21;0,000385328;-0,00541000
ESG Muster defensiv;30.06.2021;0,0007079453;1.086,43;0,0490622493;72.005,64;0,000223762;-0,00542000
ESG Muster defensiv;01.07.2021;-0,0001956376;-300,44;0,0488582047;71.705,19;0,000528394;-0,00540000
ESG Muster defensiv;02.07.2021;0,0027318075;4.194,45;0,0517169041;75.899,65;0,001459087;-0,00546000
ESG Muster defensiv;03.07.2021;0,0000131483;20,24;0,0517306975;75.919,89;0;-0,00546000
ESG Muster defensiv;04.07.2021;0,0000131481;20,24;0,0517444909;75.940,13;0;-0,00546000
ESG Muster defensiv;05.07.2021;0,0004263565;656,44;0,0521924776;76.596,57;-0,000546678;-0,00542000
ESG Muster defensiv;06.07.2021;0,0025824182;3.977,71;0,0549035948;80.574,28;0,000877770;-0,00539000
ESG Muster defensiv;07.07.2021;0,0022373574;3.455,11;0,0572586708;84.029,39;0,001670086;-0,00547000
ESG Muster defensiv;08.07.2021;-0,0035256910;-5.456,84;0,0535410057;78.572,55;-0,001285234;-0,00546000
ESG Muster defensiv;09.07.2021;0,0007945820;1.225,47;0,0543767652;79.798,02;0,000939422;-0,00543000
ESG Muster defensiv;10.07.2021;0,0000131150;20,24;0,0543905595;79.818,26;0;-0,00543000
ESG Muster defensiv;11.07.2021;0,0000131149;20,24;0,0544043538;79.838,51;0;-0,00543000
ESG Muster defensiv;12.07.2021;0,0019503393;3.010,44;0,0564564765;82.848,94;0,000951307;-0,00543000
ESG Muster defensiv;13.07.2021;0,0025279543;3.909,63;0,0591213919;86.758,57;0,000238030;-0,00546000
ESG Muster defensiv;14.07.2021;0,0000792039;122,80;0,0592058151;86.881,37;0,000463636;-0,00546000
ESG Muster defensiv;15.07.2021;-0,0009777995;-1.516,17;0,0581733349;85.365,21;-0,000654979;-0,00548000
ESG Muster defensiv;16.07.2021;-0,0015052966;-2.331,81;0,0565849798;83.033,39;-0,000169133;-0,00548000
ESG Muster defensiv;17.07.2021;0,0000130876;20,24;0,0565987750;83.053,64;0;-0,00548000
ESG Muster defensiv;18.07.2021;0,0000130874;20,24;0,0566125702;83.073,88;0;-0,00548000
ESG Muster defensiv;19.07.2021;-0,0018815775;-2.910,39;0,0546298820;80.163,49;-0,001548181;-0,00548000
ESG Muster defensiv;20.07.2021;0,0019974425;3.083,79;0,0567321104;83.247,28;0,002124365;-0,00543000
ESG Muster defensiv;21.07.2021;0,0009348467;1.446,17;0,0577183435;84.693,45;0,001135190;-0,00546000
ESG Muster defensiv;22.07.2021;0,0026559451;4.112,47;0,0605216927;88.805,92;0,001031103;-0,00549000
ESG Muster defensiv;23.07.2021;0,0017894415;2.778,13;0,0624157333;91.584,05;0,001404285;-0,00544000
ESG Muster defensiv;24.07.2021;0,0000130157;20,24;0,0624295293;91.604,29;0;-0,00544000
ESG Muster defensiv;25.07.2021;0,0000130155;20,24;0,0624433253;91.624,54;0;-0,00544000
ESG Muster defensiv;26.07.2021;-0,0008565780;-1.332,26;0,0615360820;90.292,27;-0,000181860;-0,00544000
ESG Muster defensiv;27.07.2021;-0,0013163910;-2.045,67;0,0601426029;88.246,60;0,000079578;-0,00543000
ESG Muster defensiv;28.07.2021;0,0005522519;857,07;0,0607274100;89.103,67;0,000822152;-0,00547000
ESG Muster defensiv;29.07.2021;0,0017246637;2.678,08;0,0625533215;91.781,75;0,000333071;-0,00544000
ESG Muster defensiv;30.07.2021;-0,0012238912;-1.903,75;0,0612565143;89.878,00;-0,000356650;-0,00544000
ESG Muster defensiv;31.07.2021;0,0000130300;20,24;0,0612703111;89.898,24;0;-0,00544000
ESG Muster defensiv;01.08.2021;0,0000130298;20,24;0,0612841078;89.918,49;0;-0,00544000
ESG Muster defensiv;02.08.2021;0,0022971907;3.568,98;0,0637172536;93.487,46;0,000686159;-0,00543000
ESG Muster defensiv;03.08.2021;0,0009907781;1.542,84;0,0647694959;95.030,30;0,000610214;-0,00545000
ESG Muster defensiv;04.08.2021;0,0010557346;1.645,61;0,0658918061;96.675,91;0,000623883;-0,00543000
ESG Muster defensiv;05.08.2021;0,0005333995;832,31;0,0664597997;97.508,22;0,000918061;-0,00540000
ESG Muster defensiv;06.08.2021;-0,0023380345;-3.650,18;0,0639725876;93.858,04;-0,001053991;-0,00541000
ESG Muster defensiv;07.08.2021;0,0000129967;20,24;0,0639863851;93.878,29;0;-0,00541000
ESG Muster defensiv;08.08.2021;0,0000129965;20,24;0,0640001826;93.898,53;0;-0,00541000
ESG Muster defensiv;09.08.2021;-0,0012296209;-1.915,27;0,0626954208;91.983,26;-0,000138812;-0,00543000
ESG Muster defensiv;10.08.2021;-0,0003643755;-566,86;0,0623097058;91.416,41;0,000288942;-0,00547000
ESG Muster defensiv;11.08.2021;0,0013101279;2.037,41;0,0636990722;93.453,82;0,000147779;-0,00549000
ESG Muster defensiv;12.08.2021;0,0009114457;1.419,27;0,0646671243;94.873,09;0,000505314;-0,00553000
ESG Muster defensiv;13.08.2021;0,0010105336;1.575,00;0,0657413398;96.448,09;0,000042773;-0,00552000
ESG Muster defensiv;14.08.2021;0,0000129751;20,24;0,0657551380;96.468,33;0;-0,00552000
ESG Muster defensiv;15.08.2021;0,0000129749;20,24;0,0657689362;96.488,57;0;-0,00552000
ESG Muster defensiv;16.08.2021;-0,0000659804;-102,94;0,0656994314;96.385,63;0,000011916;-0,00550000
ESG Muster defensiv;17.08.2021;0,0002133772;332,89;0,0659269980;96.718,52;-0,000159629;-0,00550000
ESG Muster defensiv;18.08.2021;-0,0002083562;-325,12;0,0657060325;96.393,39;0,000170130;-0,00548000
ESG Muster defensiv;19.08.2021;-0,0015752958;-2.457,62;0,0640314382;93.935,77;-0,000792773;-0,00550000
ESG Muster defensiv;20.08.2021;0,0004405143;686,16;0,0644997918;94.621,94;0,000776491;-0,00548000
ESG Muster defensiv;21.08.2021;0,0000129903;20,24;0,0645135907;94.642,18;0;-0,00548000
ESG Muster defensiv;22.08.2021;0,0000129901;20,24;0,0645273896;94.662,42;0;-0,00548000
ESG Muster defensiv;23.08.2021;0,0019675027;3.066,10;0,0666180633;97.728,52;0,000181672;-0,00549000
ESG Muster defensiv;24.08.2021;0,0003292432;514,09;0,0669691436;98.242,61;0,000052903;-0,00549000
ESG Muster defensiv;25.08.2021;-0,0022968528;-3.587,57;0,0645242138;94.655,04;-0,001387052;-0,00550000
ESG Muster defensiv;26.08.2021;-0,0002885263;-440,22;0,0642307867;94.214,83;-0,000859384;-0,00550000
ESG Muster defensiv;27.08.2021;0,0009256261;1.411,86;0,0652000186;95.626,68;0,000508186;-0,00550000
ESG Muster defensiv;28.08.2021;0,0000132593;20,24;0,0652138208;95.646,93;0;-0,00550000
ESG Muster defensiv;29.08.2021;0,0000132592;20,24;0,0652276229;95.667,17;0;-0,00550000
ESG Muster defensiv;30.08.2021;0,0006904576;1.054,16;0,0659530891;96.721,33;0,000740294;-0,00549000
ESG Muster defensiv;31.08.2021;-0,0009709181;-1.483,37;0,0649481614;95.237,95;-0,001801677;-0,00548000
ESG Muster defensiv;01.09.2021;0,0000946640;144,49;0,0650532182;95.382,44;-0,000324251;-0,00550000
ESG Muster defensiv;02.09.2021;0,0005829709;889,88;0,0656666721;96.272,32;0,000567995;-0,00551000
ESG Muster defensiv;03.09.2021;-0,0000574129;-87,69;0,0656133309;96.184,64;-0,000881189;-0,00548000
ESG Muster defensiv;04.09.2021;0,0000132545;20,24;0,0656271400;96.204,88;0;-0,00548000
ESG Muster defensiv;05.09.2021;0,0000132543;20,24;0,0656409490;96.225,12;0;-0,00548000
ESG Muster defensiv;06.09.2021;0,0012394426;1.893,01;0,0669388341;98.118,13;0,000745919;-0,00549000
ESG Muster defensiv;07.09.2021;-0,0023942812;-3.661,34;0,0644472248;94.456,79;-0,001953565;-0,00543000
ESG Muster defensiv;08.09.2021;-0,0002085157;-318,10;0,0642363710;94.138,70;-0,000862076;-0,00541000
ESG Muster defensiv;09.09.2021;0,0004343179;662,43;0,0646945636;94.801,13;0,000757946;-0,00543000
ESG Muster defensiv;10.09.2021;-0,0002832286;-432,17;0,0644057380;94.368,95;-0,000879196;-0,00544000
ESG Muster defensiv;11.09.2021;0,0000132703;20,24;0,0644195537;94.389,20;0;-0,00544000
ESG Muster defensiv;12.09.2021;0,0000132701;20,24;0,0644333694;94.409,44;0;-0,00544000
ESG Muster defensiv;13.09.2021;0,0001565645;238,84;0,0646024436;94.648,28;0,000471312;-0,00544000
ESG Muster defensiv;14.09.2021;0,0008317915;1.269,09;0,0654747679;95.917,37;0,000082290;-0,00548000
ESG Muster defensiv;15.09.2021;-0,0014595898;-2.228,79;0,0639592714;93.688,57;-0,000598402;-0,00543000
ESG Muster defensiv;16.09.2021;-0,0014674708;-2.237,56;0,0624374652;91.451,02;0,000015608;-0,00545000
ESG Muster defensiv;17.09.2021;-0,0011745490;-1.788,29;0,0612220968;89.662,73;-0,001683955;-0,00548000
ESG Muster defensiv;18.09.2021;0,0000133113;20,24;0,0612359189;89.682,97;0;-0,00548000
ESG Muster defensiv;19.09.2021;0,0000133112;20,24;0,0612497410;89.703,21;0;-0,00548000
ESG Muster defensiv;20.09.2021;-0,0010725915;-1.631,18;0,0601413945;88.072,03;-0,001449138;-0,00545000
ESG Muster defensiv;21.09.2021;0,0015614149;2.372,03;0,0617667091;90.444,06;0,001081260;-0,00546000
ESG Muster defensiv;22.09.2021;0,0010047565;1.528,76;0,0628163293;91.972,82;0,000850715;-0,00544000
ESG Muster defensiv;23.09.2021;-0,0023202441;-3.533,86;0,0604080748;88.438,96;-0,000919415;-0,00543000
ESG Muster defensiv;24.09.2021;-0,0008088657;-1.229,09;0,0595737636;87.209,87;-0,000914522;-0,00543000
ESG Muster defensiv;25.09.2021;0,0000133328;20,24;0,0595875919;87.230,12;0;-0,00543000
ESG Muster defensiv;26.09.2021;0,0000133327;20,24;0,0596014201;87.250,36;0;-0,00543000
ESG Muster defensiv;27.09.2021;-0,0009102309;-1.382,03;0,0586624385;85.868,33;-0,000406153;-0,00542000
ESG Muster defensiv;28.09.2021;-0,0059648144;-9.048,33;0,0524854383;76.819,99;-0,003121950;-0,00543000
ESG Muster defensiv;29.09.2021;0,0012471554;1.880,59;0,0537749074;78.700,58;0,001280404;-0,00543000
ESG Muster defensiv;30.09.2021;0,0007292262;1.100,97;0,0545318165;79.801,56;-0,001261712;-0,00545000
ESG Muster defensiv;01.10.2021;-0,0000134092;-20,26;0,0545225670;79.781,30;0,000750371;-0,00547000
ESG Muster defensiv;02.10.2021;0,0000133984;20,24;0,0545364012;79.801,54;0;-0,00547000
ESG Muster defensiv;03.10.2021;0,0000133982;20,24;0,0545502354;79.821,78;0;-0,00547000
ESG Muster defensiv;04.10.2021;-0,0021735467;-3.284,02;0,0523103089;76.537,76;-0,001193781;-0,00548000
ESG Muster defensiv;05.10.2021;0,0003609089;544,11;0,0526865612;77.081,88;0,000465560;-0,00551000
ESG Muster defensiv;06.10.2021;-0,0005817802;-877,42;0,0520911238;76.204,45;-0,001149836;-0,00551000
ESG Muster defensiv;07.10.2021;0,0025189811;3.796,83;0,0546909967;80.001,28;0,002051434;-0,00547000
ESG Muster defensiv;08.10.2021;-0,0018958409;-2.864,78;0,0527368414;77.136,51;-0,001288092;-0,00548000
ESG Muster defensiv;09.10.2021;0,0000134219;20,24;0,0527506813;77.156,75;0;-0,00548000
ESG Muster defensiv;10.10.2021;0,0000134217;20,24;0,0527645212;77.176,99;0;-0,00548000
ESG Muster defensiv;11.10.2021;-0,0000046045;-6,94;0,0527640247;77.170,05;-0,001225989;-0,00551000
ESG Muster defensiv;12.10.2021;-0,0005646748;-851,67;0,0521858787;76.318,38;-0,001511386;-0,00552000
ESG Muster defensiv;13.10.2021;0,0027478412;4.142,10;0,0550225808;80.460,48;0,000961524;-0,00548000
ESG Muster defensiv;14.10.2021;0,0043811365;6.622,28;0,0595558935;87.082,75;0,003297629;-0,00551000
ESG Muster defensiv;15.10.2021;-0,0002404997;-365,12;0,0593108298;86.717,64;0,000759004;-0,00548000
ESG Muster defensiv;16.10.2021;0,0000133372;20,24;0,0593246752;86.737,88;0;-0,00548000
ESG Muster defensiv;17.10.2021;0,0000133370;20,24;0,0593385205;86.758,12;0;-0,00548000
ESG Muster defensiv;18.10.2021;-0,0015557735;-2.361,66;0,0577277135;84.396,46;-0,002185914;-0,00548000
ESG Muster defensiv;19.10.2021;0,0004661217;706,47;0,0582154111;85.102,93;-0,000631298;-0,00548000
ESG Muster defensiv;20.10.2021;0,0009642135;1.462,08;0,0592200705;86.565,01;0,000954195;-0,00547000
ESG Muster defensiv;21.10.2021;-0,0003708793;-562,92;0,0588394183;86.002,09;-0,001312659;-0,00548000
ESG Muster defensiv;22.10.2021;0,0010442727;1.584,42;0,0599279162;87.586,50;-0,000093778;-0,00549000
ESG Muster defensiv;23.10.2021;0,0000152898;23,22;0,0599438055;87.609,73;0;-0,00549000
ESG Muster defensiv;24.10.2021;0,0000152896;23,22;0,0599596947;87.632,95;0;-0,00549000
ESG Muster defensiv;25.10.2021;0,0026433360;4.014,90;0,0627114178;91.647,84;0,001885272;-0,00548000
ESG Muster defensiv;26.10.2021;0,0010673611;1.625,47;0,0638283967;93.273,32;0,001040794;-0,00550000
ESG Muster defensiv;27.10.2021;0,0012027206;1.833,57;0,0650879181;95.106,88;0,000784395;-0,00556000
ESG Muster defensiv;28.10.2021;-0,0012595193;-1.922,47;0,0637769025;93.184,42;-0,001116384;-0,00557000
ESG Muster defensiv;29.10.2021;-0,0000006180;-0,94;0,0637808796;93.183,48;-0,002045011;-0,00553000
ESG Muster defensiv;30.10.2021;0,0000152337;23,22;0,0637967747;93.206,70;0;-0,00553000
ESG Muster defensiv;31.10.2021;0,0000152334;23,22;0,0638126698;93.229,92;0;-0,00553000
ESG Muster defensiv;01.11.2021;0,0008837717;1.347,28;0,0647394984;94.577,21;0,001449772;-0,00558000
ESG Muster defensiv;02.11.2021;0,0035334925;5.391,47;0,0684349293;99.968,67;0,004333484;-0,00567000
ESG Muster defensiv;03.11.2021;-0,0011492596;-1.759,76;0,0672350338;98.208,92;0,000353651;-0,00573000
ESG Muster defensiv;04.11.2021;0,0073621633;11.260,06;0,0749490944;109.468,98;0,003835701;-0,00568000
ESG Muster defensiv;05.11.2021;0,0030247897;4.660,33;0,0781453044;114.129,31;0,001425469;-0,00567000
ESG Muster defensiv;06.11.2021;0,0000150272;23,22;0,0781612052;114.152,53;0;-0,00567000
ESG Muster defensiv;07.11.2021;0,0000150270;23,22;0,0781771059;114.175,75;0;-0,00567000
ESG Muster defensiv;08.11.2021;0,0005221392;806,92;0,0787350852;114.982,68;-0,000548894;-0,00572000
ESG Muster defensiv;09.11.2021;0,0011159182;1.725,46;0,0799221211;116.708,13;0,000382459;-0,00565000
ESG Muster defensiv;10.11.2021;0,0001761794;272,72;0,0801143707;116.980,85;-0,001498269;-0,00569000
ESG Muster defensiv;11.11.2021;0,0014926670;2.310,98;0,0817026094;119.291,83;-0,000624896;-0,00563000
ESG Muster defensiv;12.11.2021;0,0022941974;3.557,23;0,0841446356;122.849,06;0,001680029;-0,00562000
ESG Muster defensiv;13.11.2021;0,0000149429;23,22;0,0841605417;122.872,28;0;-0,00562000
ESG Muster defensiv;14.11.2021;0,0000149427;23,22;0,0841764479;122.895,51;0;-0,00562000
ESG Muster defensiv;15.11.2021;0,0007963885;1.237,70;0,0850299115;124.133,20;-0,000399114;-0,00561000
ESG Muster defensiv;16.11.2021;0,0011949723;1.858,63;0,0863088112;125.991,83;0,000787490;-0,00558000
ESG Muster defensiv;17.11.2021;0,0004110452;640,09;0,0867530466;126.631,93;-0,000697073;-0,00567000
ESG Muster defensiv;18.11.2021;-0,0002989278;-465,69;0,0864397003;126.166,24;0,000556994;-0,00564000
ESG Muster defensiv;19.11.2021;0,0032978134;5.136,04;0,0899644149;131.302,28;0,002184737;-0,00559000
ESG Muster defensiv;20.11.2021;0,0000148620;23,22;0,0899803263;131.325,50;0;-0,00559000
ESG Muster defensiv;21.11.2021;0,0000148618;23,22;0,0899962377;131.348,72;0;-0,00559000
ESG Muster defensiv;22.11.2021;-0,0032515288;-5.080,81;0,0865206392;126.267,91;-0,001086052;-0,00564000
ESG Muster defensiv;23.11.2021;-0,0067346251;-10.489,24;0,0793383743;115.778,67;-0,003063109;-0,00572000
ESG Muster defensiv;24.11.2021;0,0012214123;1.889,55;0,0806383738;117.668,22;-0,000407602;-0,00583000
ESG Muster defensiv;25.11.2021;0,0007615837;1.179,62;0,0814519602;118.847,85;0,000245524;-0,00575000
ESG Muster defensiv;26.11.2021;-0,0073275614;-11.358,38;0,0736721969;107.489,47;-0,002970876;-0,00572000
ESG Muster defensiv;27.11.2021;0,0000150920;23,22;0,0736881134;107.512,69;0;-0,00572000
ESG Muster defensiv;28.11.2021;0,0000150918;23,22;0,0737040299;107.535,91;0;-0,00572000
ESG Muster defensiv;29.11.2021;0,0013660220;2.102,00;0,0751494448;109.637,92;0,000279579;-0,00570000
ESG Muster defensiv;30.11.2021;-0,0032177981;-4.958,24;0,0717553840;104.679,68;-0,001356962;-0,00573000
ESG Muster defensiv;01.12.2021;0,0028377308;4.358,53;0,0747476881;109.038,21;0,000150336;-0,00572000
ESG Muster defensiv;02.12.2021;-0,0015533241;-2.392,55;0,0731120544;106.645,66;0,001604399;-0,00565000
ESG Muster defensiv;03.12.2021;0,0005647417;868,51;0,0737119832;107.514,17;-0,000652169;-0,00563000
ESG Muster defensiv;04.12.2021;0,0000103913;15,99;0,0737229458;107.530,16;0;-0,00563000
ESG Muster defensiv;05.12.2021;0,0000103912;15,99;0,0737339084;107.546,15;0;-0,00563000
ESG Muster defensiv;06.12.2021;0,0016398787;2.523,43;0,0754685662;110.069,57;0,001991604;-0,00562000
ESG Muster defensiv;07.12.2021;0,0064423284;9.929,63;0,0822817353;119.999,20;0,002715195;-0,00565000
ESG Muster defensiv;08.12.2021;-0,0036688708;-5.691,30;0,0783839986;114.307,90;-0,002668142;-0,00574000
ESG Muster defensiv;09.12.2021;0,0008699237;1.344,51;0,0793106983;115.652,41;0,001036384;-0,00585000
ESG Muster defensiv;10.12.2021;-0,0002228138;-344,67;0,0790790243;115.307,74;0,000101614;-0,00588000
ESG Muster defensiv;11.12.2021;0,0000103390;15,99;0,0790899902;115.323,73;0;-0,00588000
ESG Muster defensiv;12.12.2021;0,0000103389;15,99;0,0791009561;115.339,72;0;-0,00588000
ESG Muster defensiv;13.12.2021;0,0011527536;1.782,83;0,0803283671;117.122,55;0,000519484;-0,00603000
ESG Muster defensiv;14.12.2021;-0,0033682278;-5.215,24;0,0767559924;111.907,31;-0,001868464;-0,00605000
ESG Muster defensiv;15.12.2021;0,0006709151;1.035,32;0,0774706156;112.942,63;0,000791640;-0,00602000
ESG Muster defensiv;16.12.2021;0,0015667533;2.419,36;0,0791346970;115.361,98;0,000021318;-0,00589000
ESG Muster defensiv;17.12.2021;0,0008718497;1.348,41;0,0800642612;116.710,39;0,000200741;-0,00581000
ESG Muster defensiv;18.12.2021;0,0000103296;15,99;0,0800752302;116.726,38;0;-0,00581000
ESG Muster defensiv;19.12.2021;0,0000103295;15,99;0,0800861993;116.742,37;0;-0,00581000
ESG Muster defensiv;20.12.2021;-0,0042797804;-6.625,03;0,0755456881;110.117,34;-0,001617415;-0,00588000
ESG Muster defensiv;21.12.2021;0,0013809285;2.128,51;0,0770103138;112.245,84;0,000024161;-0,00588000
ESG Muster defensiv;22.12.2021;0,0007789051;1.202,23;0,0778395366;113.448,07;0,000064700;-0,00591000
ESG Muster defensiv;23.12.2021;0,0018114125;2.798,07;0,0797638321;116.246,14;-0,000151304;-0,00588000
ESG Muster defensiv;24.12.2021;0,0000486377;75,27;0,0798199229;116.321,41;-0,000102127;-0,00587000
ESG Muster defensiv;25.12.2021;0,0000103322;15,99;0,0798308951;116.337,40;0;-0,00587000
ESG Muster defensiv;26.12.2021;0,0000103321;15,99;0,0798418672;116.353,39;0;-0,00587000
ESG Muster defensiv;27.12.2021;0,0008213048;1.271,05;0,0807185300;117.624,44;0,001110868;-0,00590000
ESG Muster defensiv;28.12.2021;0,0014484138;2.243,40;0,0822625647;119.867,84;-0,000288339;-0,00583000
ESG Muster defensiv;29.12.2021;-0,0029379092;-4.557,02;0,0791395141;115.310,82;-0,001425707;-0,00571000
ESG Muster defensiv;30.12.2021;0,0005099518;788,67;0,0796851188;116.099,48;-0,000633248;-0,00573000
ESG Muster defensiv;31.12.2021;-0,0006884533;-1.065,27;0,0789582324;115.034,21;-0,000306769;-0,00572000
ESG Muster defensiv;01.01.2022;0,0000103408;15,99;0,0789692076;115.050,20;0;-0,00572000
ESG Muster defensiv;02.01.2022;0,0000103407;15,99;0,0789801827;115.066,19;0;-0,00572000
ESG Muster defensiv;03.01.2022;0,0002028111;313,61;0,0791996927;115.379,80;-0,000369091;-0,00570000
ESG Muster defensiv;04.01.2022;0,0004606229;712,41;0,0796929621;116.092,21;0,000730594;-0,00565000
ESG Muster defensiv;05.01.2022;-0,0015974010;-2.471,71;0,0780003616;113.620,50;-0,000456196;-0,00576000
ESG Muster defensiv;06.01.2022;-0,0055338673;-8.549,06;0,0721352425;105.071,43;-0,002223996;-0,00574000
ESG Muster defensiv;07.01.2022;-0,0031157301;-4.786,74;0,0688525880;100.284,70;-0,001680887;-0,00576000
ESG Muster defensiv;08.01.2022;0,0000104404;15,99;0,0688635661;100.300,69;0;-0,00576000
ESG Muster defensiv;09.01.2022;0,0000104403;15,99;0,0688745442;100.316,68;0;-0,00576000
ESG Muster defensiv;10.01.2022;-0,0014200954;-2.174,96;0,0673847910;98.141,72;-0,001121249;-0,00570000
ESG Muster defensiv;11.01.2022;0,0024784946;3.790,57;0,0699910470;101.932,29;0,000284376;-0,00564000
ESG Muster defensiv;12.01.2022;0,0004522596;693,39;0,0704707883;102.625,68;0,001277058;-0,00563000
ESG Muster defensiv;13.01.2022;-0,0011600572;-1.779,37;0,0692524762;100.846,31;-0,000130467;-0,00563000
ESG Muster defensiv;14.01.2022;-0,0016046702;-2.458,50;0,0675676331;98.387,81;-0,002058780;-0,00568000
ESG Muster defensiv;15.01.2022;0,0000104533;15,99;0,0675786140;98.403,80;0;-0,00568000
ESG Muster defensiv;16.01.2022;0,0000104532;15,99;0,0675895949;98.419,79;0;-0,00568000
ESG Muster defensiv;17.01.2022;-0,0002097003;-320,77;0,0673727144;98.099,02;-0,000758329;-0,00560000
ESG Muster defensiv;18.01.2022;-0,0026661938;-4.077,52;0,0645755924;94.021,50;-0,001407938;-0,00558000
ESG Muster defensiv;19.01.2022;-0,0014678117;-2.238,80;0,0630410983;91.782,70;-0,000732812;-0,00557000
ESG Muster defensiv;20.01.2022;0,0013759965;2.095,68;0,0644837219;93.878,38;0,000764650;-0,00553000
ESG Muster defensiv;21.01.2022;-0,0028293131;-4.315,04;0,0615228213;89.563,34;-0,001019449;-0,00552000
ESG Muster defensiv;22.01.2022;0,0000105140;15,99;0,0615338049;89.579,33;0;-0,00552000
ESG Muster defensiv;23.01.2022;0,0000105139;15,99;0,0615447886;89.595,31;0;-0,00552000
ESG Muster defensiv;24.01.2022;-0,0026779883;-4.072,78;0,0587499997;85.522,53;-0,001283094;-0,00543000
ESG Muster defensiv;25.01.2022;-0,0008783328;-1.332,22;0,0578376492;84.190,31;-0,000370825;-0,00548000
ESG Muster defensiv;26.01.2022;0,0005472968;829,39;0,0584102669;85.019,70;0,001254256;-0,00554000
ESG Muster defensiv;27.01.2022;-0,0018931933;-2.870,58;0,0564408482;82.149,12;-0,001080660;-0,00547000
ESG Muster defensiv;28.01.2022;-0,0008788161;-1.329,99;0,0555297384;80.819,13;-0,000871379;-0,00550000
ESG Muster defensiv;29.01.2022;0,0000105748;15,99;0,0555407248;80.835,12;0;-0,00550000
ESG Muster defensiv;30.01.2022;0,0000105747;15,99;0,0555517111;80.851,11;0;-0,00550000
ESG Muster defensiv;31.01.2022;0,0013421015;2.029,38;0,0569487908;82.880,49;-0,001476204;-0,00552000
ESG Muster defensiv;01.02.2022;0,0006147706;930,84;0,0575911212;83.811,33;-0,000179002;-0,00547000
ESG Muster defensiv;02.02.2022;0,0012407246;1.879,76;0,0588855836;85.691,09;0,000033745;-0,00547000
ESG Muster defensiv;03.02.2022;-0,0110744686;-16.799,22;0,0473436409;68.891,87;-0,008488057;-0,00551000
ESG Muster defensiv;04.02.2022;-0,0063730639;-9.560,45;0,0407754455;59.331,42;-0,006309215;-0,00548000
ESG Muster defensiv;05.02.2022;0,0000107272;15,99;0,0407864344;59.347,41;0;-0,00548000
ESG Muster defensiv;06.02.2022;0,0000107271;15,99;0,0407974233;59.363,40;0;-0,00548000
ESG Muster defensiv;07.02.2022;-0,0002265901;-337,76;0,0405671832;59.025,65;-0,001793493;-0,00530000
ESG Muster defensiv;08.02.2022;0,0014193955;2.115,28;0,0420229123;61.140,92;0,000488659;-0,00538000
ESG Muster defensiv;09.02.2022;0,0048376392;7.219,61;0,0469871944;68.360,53;0,004259847;-0,00523000
ESG Muster defensiv;10.02.2022;-0,0041798431;-6.268,10;0,0426808005;62.092,43;-0,003264771;-0,00528000
ESG Muster defensiv;11.02.2022;-0,0015095909;-2.254,32;0,0411331009;59.838,11;-0,001289531;-0,00523000
ESG Muster defensiv;12.02.2022;0,0000107236;15,99;0,0411440923;59.854,10;0;-0,00523000
ESG Muster defensiv;13.02.2022;0,0000107235;15,99;0,0411550838;59.870,09;0;-0,00523000
ESG Muster defensiv;14.02.2022;-0,0002606632;-388,68;0,0408897492;59.481,41;-0,000711580;-0,00516000
ESG Muster defensiv;15.02.2022;-0,0001824508;-271,98;0,0407046042;59.209,43;0,000572789;-0,00523000
ESG Muster defensiv;16.02.2022;0,0018441154;2.748,56;0,0425960558;61.957,99;0,001588472;-0,00524000
ESG Muster defensiv;17.02.2022;0,0011708895;1.748,37;0,0438000037;63.706,36;-0,000081365;-0,00529000
ESG Muster defensiv;18.02.2022;-0,0008455461;-1.264,05;0,0429328288;62.442,31;0,000351811;-0,00528000
ESG Muster defensiv;19.02.2022;0,0000107049;15,99;0,0429438227;62.458,30;0;-0,00528000
ESG Muster defensiv;20.02.2022;0,0000107048;15,99;0,0429548166;62.474,29;0;-0,00528000
ESG Muster defensiv;21.02.2022;-0,0017932525;-2.678,61;0,0411149169;59.795,68;-0,002204675;-0,00527000
ESG Muster defensiv;22.02.2022;-0,0026986233;-4.023,75;0,0383499021;55.771,93;-0,003903974;-0,00528000
ESG Muster defensiv;23.02.2022;-0,0013570516;-2.017,95;0,0369639214;53.753,98;-0,001307927;-0,00529000
ESG Muster defensiv;24.02.2022;0,0015323758;2.275,57;0,0385303820;56.029,55;-0,000927809;-0,00530000
ESG Muster defensiv;25.02.2022;-0,0005293635;-787,31;0,0379905988;55.242,25;0,001522886;-0,00528000
ESG Muster defensiv;26.02.2022;0,0000107567;15,99;0,0380015951;55.258,23;0;-0,00528000
ESG Muster defensiv;27.02.2022;0,0000107566;15,99;0,0380125914;55.274,22;0;-0,00528000
ESG Muster defensiv;28.02.2022;0,0048561195;7.218,70;0,0429787928;62.492,92;0,002251716;-0,00533000
ESG Muster defensiv;01.03.2022;0,0078544785;11.732,51;0,0510498587;74.225,43;0,007257921;-0,00534000
ESG Muster defensiv;02.03.2022;-0,0025940247;-3.905,22;0,0483660193;70.320,21;-0,002360204;-0,00532000
ESG Muster defensiv;03.03.2022;-0,0003286631;-493,51;0,0480286051;69.826,70;-0,002329775;-0,00526000
ESG Muster defensiv;04.03.2022;0,0040976732;6.150,89;0,0522615293;75.977,59;0,001800698;-0,00520000
ESG Muster defensiv;05.03.2022;0,0000106088;15,99;0,0522725279;75.993,58;0;-0,00520000
ESG Muster defensiv;06.03.2022;0,0000106086;15,99;0,0522835265;76.009,57;0;-0,00520000
ESG Muster defensiv;07.03.2022;-0,0059418046;-8.955,79;0,0461251628;67.053,78;-0,007693142;-0,00498000
ESG Muster defensiv;08.03.2022;-0,0023870856;-3.576,56;0,0436667145;63.477,22;-0,005022788;-0,00499000
ESG Muster defensiv;09.03.2022;-0,0047589140;-7.113,24;0,0387750309;56.363,98;0,003097220;-0,00491000
ESG Muster defensiv;10.03.2022;-0,0027200724;-4.046,39;0,0359928277;52.317,58;-0,006017090;-0,00505000
ESG Muster defensiv;11.03.2022;0,0009827996;1.458,04;0,0369974202;53.775,63;-0,000645154;-0,00502000
ESG Muster defensiv;12.03.2022;0,0000107674;15,99;0,0370084210;53.791,62;0;-0,00502000
ESG Muster defensiv;13.03.2022;0,0000107673;15,99;0,0370194219;53.807,61;0;-0,00502000
ESG Muster defensiv;14.03.2022;-0,0065101088;-9.667,83;0,0303692214;44.139,77;-0,001670968;-0,00500000
ESG Muster defensiv;15.03.2022;0,0002038462;295,84;0,0305753356;44.435,61;0,004416823;-0,00502000
ESG Muster defensiv;16.03.2022;0,0025791029;3.743,79;0,0331541409;48.179,40;0,000751890;-0,00488000
ESG Muster defensiv;17.03.2022;0,0027223773;3.961,96;0,0358835037;52.141,36;-0,000645987;-0,00493000
ESG Muster defensiv;18.03.2022;0,0032665873;4.766,90;0,0391673113;56.908,27;0,002570292;-0,00487000
ESG Muster defensiv;19.03.2022;0,0000109215;15,99;0,0391783163;56.924,26;0;-0,00487000
ESG Muster defensiv;20.03.2022;0,0000109214;15,99;0,0391893213;56.940,24;0;-0,00487000
ESG Muster defensiv;21.03.2022;-0,0010093921;-1.477,84;0,0381753337;55.462,40;-0,002541383;-0,00494000
ESG Muster defensiv;22.03.2022;-0,0006769003;-990,04;0,0374969473;54.472,36;-0,001691383;-0,00499000
ESG Muster defensiv;23.03.2022;0,0034029604;4.973,85;0,0409241096;59.446,20;-0,000419444;-0,00493000
ESG Muster defensiv;24.03.2022;0,0013132993;1.926,08;0,0422534916;61.372,29;-0,001557783;-0,00483000
ESG Muster defensiv;25.03.2022;-0,0018584000;-2.729,10;0,0403778193;58.643,18;-0,001489010;-0,00477000
ESG Muster defensiv;26.03.2022;0,0000109086;15,99;0,0403888288;58.659,17;0;-0,00477000
ESG Muster defensiv;27.03.2022;0,0000109085;15,99;0,0403998382;58.675,16;0;-0,00477000
ESG Muster defensiv;28.03.2022;-0,0015465182;-2.266,93;0,0388420990;56.408,24;-0,000625896;-0,00477000
ESG Muster defensiv;29.03.2022;-0,0014057436;-2.057,39;0,0374283912;54.350,85;-0,000375939;-0,00473000
ESG Muster defensiv;30.03.2022;-0,0006287811;-918,96;0,0367984742;53.431,88;-0,003285420;-0,00464000
ESG Muster defensiv;31.03.2022;0,0038085055;5.562,64;0,0406326662;58.994,52;0,003068432;-0,00458000
ESG Muster defensiv;01.04.2022;-0,0025420052;-3.726,95;0,0380687115;55.267,57;-0,000266474;-0,00461000
ESG Muster defensiv;02.04.2022;0,0000109338;15,99;0,0380797253;55.283,56;0;-0,00461000
ESG Muster defensiv;03.04.2022;0,0000109336;15,99;0,0380907392;55.299,55;0;-0,00461000
ESG Muster defensiv;04.04.2022;0,0057934210;8.472,59;0,0439301581;63.772,14;0,003150505;-0,00447000
ESG Muster defensiv;05.04.2022;-0,0032108672;-4.722,94;0,0406798757;59.049,20;-0,004132379;-0,00467000
ESG Muster defensiv;06.04.2022;-0,0049236116;-7.219,00;0,0357093657;51.830,20;-0,002883656;-0,00463000
ESG Muster defensiv;07.04.2022;-0,0005443068;-794,13;0,0351649432;51.036,07;-0,001731407;-0,00465000
ESG Muster defensiv;08.04.2022;0,0003901180;568,86;0,0355596301;51.604,94;-0,000207510;-0,00449000
ESG Muster defensiv;09.04.2022;0,0000109612;15,99;0,0355706482;51.620,93;0;-0,00449000
ESG Muster defensiv;10.04.2022;0,0000109611;15,99;0,0355816663;51.636,91;0;-0,00449000
ESG Muster defensiv;11.04.2022;-0,0052108230;-7.601,48;0,0303459955;44.035,43;-0,005570838;-0,00435000
ESG Muster defensiv;12.04.2022;0,0015201462;2.206,01;0,0318686392;46.241,45;0,000941288;-0,00433000
ESG Muster defensiv;13.04.2022;0,0007095409;1.031,24;0,0325818106;47.272,69;0,001226253;-0,00448000
ESG Muster defensiv;14.04.2022;0,0000986519;143,48;0,0326831598;47.416,17;-0,000690998;-0,00452000
ESG Muster defensiv;15.04.2022;0,0002502533;364,01;0,0329365298;47.780,18;-0,000027278;-0,00452000
ESG Muster defensiv;16.04.2022;0,0000109900;15,99;0,0329475521;47.796,17;0;-0,00452000
ESG Muster defensiv;17.04.2022;0,0000109899;15,99;0,0329585744;47.812,16;0;-0,00452000
ESG Muster defensiv;18.04.2022;0,0002801169;407,56;0,0332419941;48.219,72;-0,000225496;-0,00452000
ESG Muster defensiv;19.04.2022;-0,0045357625;-6.601,21;0,0286933358;41.618,50;-0,001746950;-0,00468000
ESG Muster defensiv;20.04.2022;0,0011633238;1.685,39;0,0298575056;43.303,89;0,002052608;-0,00475000
ESG Muster defensiv;21.04.2022;-0,0027128105;-3.934,81;0,0271464948;39.369,08;-0,003479802;-0,00463000
ESG Muster defensiv;22.04.2022;-0,0043876451;-6.346,82;0,0227717846;33.022,27;-0,005425795;-0,00427000
ESG Muster defensiv;23.04.2022;0,0000087723;12,63;0,0227804966;33.034,90;0;-0,00427000
ESG Muster defensiv;24.04.2022;0,0000087722;12,63;0,0227892086;33.047,54;0;-0,00427000
ESG Muster defensiv;25.04.2022;-0,0003929806;-565,97;0,0224005497;32.481,57;0,003523821;-0,00415000
ESG Muster defensiv;26.04.2022;0,0005442668;783,54;0,0229425711;33.265,11;-0,000540746;-0,00430000
ESG Muster defensiv;27.04.2022;0,0003211531;462,59;0,0232632910;33.727,70;0,000957492;-0,00445000
ESG Muster defensiv;28.04.2022;0,0018538306;2.671,14;0,0251074798;36.398,85;-0,001817580;-0,00438000
ESG Muster defensiv;29.04.2022;-0,0019363634;-2.795,24;0,0231810122;33.603,61;-0,003237636;-0,00429000
ESG Muster defensiv;30.04.2022;0,0000110982;15,99;0,0231920425;33.619,60;0;-0,00429000
ESG Muster defensiv;01.05.2022;0,0000110980;15,99;0,0232030728;33.635,59;0;-0,00429000
ESG Muster defensiv;02.05.2022;-0,0038480680;-5.544,24;0,0193798236;28.091,35;-0,000596708;-0,00416000
ESG Muster defensiv;03.05.2022;-0,0004815870;-691,19;0,0189043133;27.400,15;-0,000016020;-0,00425000
ESG Muster defensiv;04.05.2022;-0,0018517419;-2.656,42;0,0170727584;24.743,74;-0,001171710;-0,00427000
ESG Muster defensiv;05.05.2022;-0,0013106323;-1.876,69;0,0157789796;22.867,05;-0,003099859;-0,00421000
ESG Muster defensiv;06.05.2022;-0,0060166334;-8.603,89;0,0098427097;14.263,16;-0,007731751;-0,00426000
ESG Muster defensiv;07.05.2022;0,0000112492;15,99;0,0098537438;14.279,15;0;-0,00426000
ESG Muster defensiv;08.05.2022;0,0000112490;15,99;0,0098647780;14.295,14;0;-0,00426000
ESG Muster defensiv;09.05.2022;-0,0060272172;-8.567,36;0,0039528921;5.727,77;-0,001165508;-0,00402000
ESG Muster defensiv;10.05.2022;0,0005765408;814,58;0,0045153686;6.542,36;0,004256478;-0,00417000
ESG Muster defensiv;11.05.2022;0,0023262266;3.288,57;0,0067855222;9.830,93;0,001198465;-0,00414000
ESG Muster defensiv;12.05.2022;0,0043095229;6.106,51;0,0110011247;15.937,44;0,005348444;-0,00406000
ESG Muster defensiv;13.05.2022;0,0008256334;1.174,95;0,0118129589;17.112,39;0,000553152;-0,00403000
ESG Muster defensiv;14.05.2022;0,0000112267;15,99;0,0118239968;17.128,38;0;-0,00403000
ESG Muster defensiv;15.05.2022;0,0000112265;15,99;0,0118350348;17.144,37;0;-0,00403000
ESG Muster defensiv;16.05.2022;-0,0005381295;-766,46;0,0113067035;16.377,91;-0,000248497;-0,00403000
ESG Muster defensiv;17.05.2022;-0,0020255116;-2.883,37;0,0093167569;13.494,54;-0,002716715;-0,00380000
ESG Muster defensiv;18.05.2022;-0,0058855360;-8.361,26;0,0035443035;5.133,28;-0,002628357;-0,00368000
ESG Muster defensiv;19.05.2022;-0,0029493755;-4.165,36;0,0006683548;967,93;-0,000255818;-0,00348000
ESG Muster defensiv;20.05.2022;0,0002547697;358,75;0,0009161304;1.326,67;0,001187592;-0,00348000
ESG Muster defensiv;21.05.2022;0,0000182480;25,70;0,0009338787;1.352,37;0;-0,00348000
ESG Muster defensiv;22.05.2022;0,0000182476;25,70;0,0009516270;1.378,08;0;-0,00348000
ESG Muster defensiv;23.05.2022;-0,0038418208;-5.411,31;-0,0027853275;-4.033,24;-0,000839721;-0,00363000
ESG Muster defensiv;24.05.2022;-0,0014012388;-1.966,10;-0,0041433773;-5.999,34;0,000186339;-0,00356000
ESG Muster defensiv;25.05.2022;0,0027484928;3.851,05;-0,0014837874;-2.148,29;0,001348335;-0,00351000
ESG Muster defensiv;26.05.2022;0,0007510140;1.055,18;-0,0007550433;-1.093,11;0,001169846;-0,00352000
ESG Muster defensiv;27.05.2022;0,0061057048;8.584,97;0,0051751816;7.491,86;0,003236807;-0,00368000
ESG Muster defensiv;28.05.2022;0,0000180788;25,58;0,0051928482;7.517,44;0;-0,00368000
ESG Muster defensiv;29.05.2022;0,0000180785;25,58;0,0052105147;7.543,01;0;-0,00368000
ESG Muster defensiv;30.05.2022;-0,0013356556;-1.889,54;0,0039055199;5.653,47;-0,002549330;-0,00354000
ESG Muster defensiv;31.05.2022;-0,0035813015;-5.059,68;0,0004102278;593,79;-0,003725134;-0,00338000
ESG Muster defensiv;01.06.2022;-0,0006172321;-868,91;-0,0001900786;-275,11;-0,002147545;-0,00335000
ESG Muster defensiv;02.06.2022;-0,0020370659;-2.865,90;-0,0021702864;-3.141,01;-0,001388239;-0,00327000
ESG Muster defensiv;03.06.2022;-0,0023320288;-3.274,19;-0,0044328736;-6.415,20;-0,002788041;-0,00328000
ESG Muster defensiv;04.06.2022;0,0000182632;25,58;-0,0044151966;-6.389,62;0;-0,00328000
ESG Muster defensiv;05.06.2022;0,0000182629;25,58;-0,0043975196;-6.364,04;0;-0,00328000
ESG Muster defensiv;06.06.2022;-0,0000725465;-101,62;-0,0044680222;-6.465,66;-0,000677984;-0,00314000
ESG Muster defensiv;07.06.2022;0,0005184818;726,23;-0,0039664189;-5.739,43;0,001087268;-0,00298000
ESG Muster defensiv;08.06.2022;-0,0023915754;-3.351,58;-0,0062830295;-9.091,01;-0,003455698;-0,00302000
ESG Muster defensiv;09.06.2022;-0,0044181571;-6.176,85;-0,0105526629;-15.267,86;-0,007077823;-0,00282000
ESG Muster defensiv;10.06.2022;-0,0046137355;-6.421,78;-0,0149921239;-21.689,64;-0,008158518;-0,00298000
ESG Muster defensiv;11.06.2022;0,0000185743;25,73;-0,0149743363;-21.663,90;0;-0,00298000
ESG Muster defensiv;12.06.2022;0,0000185740;25,73;-0,0149565486;-21.638,17;0;-0,00298000
ESG Muster defensiv;13.06.2022;-0,0119318458;-16.531,72;-0,0263850911;-38.169,89;-0,011577860;-0,00281000
ESG Muster defensiv;14.06.2022;-0,0065266760;-8.934,89;-0,0325633747;-47.104,79;-0,005373130;-0,00243000
ESG Muster defensiv;15.06.2022;0,0031571987;4.293,93;-0,0295968042;-42.810,85;0,006530039;-0,00182000
ESG Muster defensiv;16.06.2022;-0,0087704292;-11.965,85;-0,0378715661;-54.776,70;-0,008864341;-0,00172000
ESG Muster defensiv;17.06.2022;0,0014463577;1.956,02;-0,0365214296;-52.820,68;0,001969716;-0,00169000
ESG Muster defensiv;18.06.2022;0,0000190129;25,75;-0,0365036256;-52.794,93;0;-0,00169000
ESG Muster defensiv;19.06.2022;0,0000190125;25,75;-0,0364858217;-52.769,18;0;-0,00169000
ESG Muster defensiv;20.06.2022;0,0003353963;454,25;-0,0361739249;-52.314,93;-0,001130501;-0,00178000
ESG Muster defensiv;21.06.2022;0,0001201745;162,82;-0,0360635119;-52.152,11;0,000350836;-0,00163000
ESG Muster defensiv;22.06.2022;0,0000999465;135,43;-0,0359720171;-52.016,68;0,003912134;-0,00172000
ESG Muster defensiv;23.06.2022;0,0052860702;7.163,33;-0,0310200799;-44.853,35;0,008777747;-0,00186000
ESG Muster defensiv;24.06.2022;0,0033393163;4.549,14;-0,0278755986;-40.304,21;0,002931028;-0,00218000
ESG Muster defensiv;25.06.2022;0,0000159881;21,85;-0,0278604841;-40.282,35;0;-0,00218000
ESG Muster defensiv;26.06.2022;0,0000159879;21,85;-0,0278453697;-40.260,50;0;-0,00218000
ESG Muster defensiv;27.06.2022;-0,0025447728;-3.478,42;-0,0302529407;-43.738,92;-0,004282668;-0,00218000
ESG Muster defensiv;28.06.2022;-0,0031064791;-4.235,41;-0,0331844031;-47.974,33;-0,004563871;-0,00211000
ESG Muster defensiv;29.06.2022;0,0025020691;3.400,75;-0,0308338694;-44.573,58;0,003745396;-0,00191000
ESG Muster defensiv;30.06.2022;-0,0005535241;-754,22;-0,0313574313;-45.327,80;0,003389756;-0,00195000
ESG Muster defensiv;01.07.2022;0,0047163042;6.422,77;-0,0269157702;-38.905,03;0,008598823;-0,00176000
ESG Muster defensiv;02.07.2022;0,0000188599;25,81;-0,0268979175;-38.879,23;0;-0,00176000
ESG Muster defensiv;03.07.2022;0,0000188596;25,81;-0,0268800647;-38.853,42;0;-0,00176000
ESG Muster defensiv;04.07.2022;-0,0003764291;-515,07;-0,0272379800;-39.368,49;-0,005986139;-0,00165000
ESG Muster defensiv;05.07.2022;0,0046609197;6.375,12;-0,0228285214;-32.993,36;0,006674462;-0,00145000
ESG Muster defensiv;06.07.2022;0,0055139557;7.577,04;-0,0175868795;-25.416,32;0,004312459;-0,00152000
ESG Muster defensiv;07.07.2022;0,0026521224;3.664,53;-0,0150520604;-21.751,79;-0,002143668;-0,00141000
ESG Muster defensiv;08.07.2022;0,0023107301;3.201,28;-0,0128375292;-18.550,51;0,001531640;-0,00087000
ESG Muster defensiv;09.07.2022;0,0000187254;26,00;-0,0128195349;-18.524,51;0;-0,00087000
ESG Muster defensiv;10.07.2022;0,0000187251;26,00;-0,0128015406;-18.498,51;0;-0,00087000
ESG Muster defensiv;11.07.2022;0,0029343374;4.074,77;-0,0099822357;-14.423,73;0,003218675;-0,00070000
ESG Muster defensiv;12.07.2022;0,0022799399;3.175,33;-0,0077851208;-11.248,40;0,004066789;-0,00058000
ESG Muster defensiv;13.07.2022;-0,0023586071;-3.292,38;-0,0100643756;-14.540,78;-0,004490153;-0,00052000
ESG Muster defensiv;14.07.2022;-0,0036059496;-5.021,68;-0,0135408790;-19.562,47;-0,003365446;0,00002000
ESG Muster defensiv;15.07.2022;0,0032217932;4.470,52;-0,0104470243;-15.091,94;0,004889491;0,00072000
ESG Muster defensiv;16.07.2022;0,0000187365;26,08;-0,0104289695;-15.065,86;0;0,00072000
ESG Muster defensiv;17.07.2022;0,0000187361;26,08;-0,0104109147;-15.039,78;0;0,00072000
ESG Muster defensiv;18.07.2022;-0,0024281339;-3.380,23;-0,0127515030;-18.420,01;-0,003300700;0,00047000
ESG Muster defensiv;19.07.2022;-0,0008268379;-1.148,26;-0,0135471458;-19.568,27;-0,000455345;0,00042000
ESG Muster defensiv;20.07.2022;0,0048664541;6.752,61;-0,0088727921;-12.815,66;0,002144381;0,00125000
ESG Muster defensiv;21.07.2022;0,0036848665;5.137,94;-0,0053158835;-7.677,72;0,001125541;0,00145000
ESG Muster defensiv;22.07.2022;0,0060203216;8.425,28;0,0005176191;747,56;0,009065220;0,00200000
ESG Muster defensiv;23.07.2022;0,0000189297;26,65;0,0005360727;774,21;0;0,00200000
ESG Muster defensiv;24.07.2022;0,0000189293;26,65;0,0005545263;800,86;0;0,00200000
ESG Muster defensiv;25.07.2022;-0,0018315963;-2.578,80;-0,0012311407;-1.777,94;0,001258633;0,00233000
ESG Muster defensiv;26.07.2022;0,0063183245;8.879,60;0,0049178318;7.101,66;0,002182838;0,00212000
ESG Muster defensiv;27.07.2022;-0,0016702747;-2.362,19;0,0032822144;4.739,47;0,001396664;0,00238000
ESG Muster defensiv;28.07.2022;0,0079947448;11.287,70;0,0110998556;16.027,17;0,007947700;0,00267000
ESG Muster defensiv;29.07.2022;0,0047117569;6.705,67;0,0157448059;22.732,84;0,000594801;0,00232000
ESG Muster defensiv;30.07.2022;0,0000186340;26,64;0,0157632599;22.759,48;0;0,00232000
ESG Muster defensiv;31.07.2022;0,0000127630;18,25;0,0157758999;22.777,73;0;0,00232000
ESG Muster defensiv;01.08.2022;0,0031075586;4.443,59;0,0188545380;27.221,32;0,002171371;0,00246000
ESG Muster defensiv;02.08.2022;-0,0010263978;-1.472,24;0,0178357543;25.749,08;-0,001363165;0,00260000
ESG Muster defensiv;03.08.2022;-0,0025597619;-3.667,88;0,0152959092;22.081,20;-0,002132488;0,00252000
ESG Muster defensiv;04.08.2022;0,0043414204;6.204,90;0,0195951428;28.286,10;0,002719256;0,00269000
ESG Muster defensiv;05.08.2022;-0,0069874097;-10.029,98;0,0126475504;18.256,11;-0,005641770;0,00277000
ESG Muster defensiv;06.08.2022;0,0000187136;26,67;0,0126660301;18.282,79;0;0,00277000
ESG Muster defensiv;07.08.2022;0,0000187132;26,67;0,0126845097;18.309,46;0;0,00277000
ESG Muster defensiv;08.08.2022;0,0066983315;9.548,20;0,0193003616;27.857,67;0,001762562;0,00301000
ESG Muster defensiv;09.08.2022;-0,0024953410;-3.580,84;0,0168203580;24.276,83;-0,002883819;0,00321000
ESG Muster defensiv;10.08.2022;-0,0002460060;-352,14;0,0165772317;23.924,69;0,003647143;0,00325000
ESG Muster defensiv;11.08.2022;-0,0021322676;-3.051,44;0,0144636597;20.873,26;-0,002626512;0,00321000
ESG Muster defensiv;12.08.2022;0,0046981874;6.709,12;0,0191135775;27.582,38;0,000800743;0,00333000
ESG Muster defensiv;13.08.2022;0,0000185482;26,61;0,0191320185;27.608,99;0;0,00333000
ESG Muster defensiv;14.08.2022;0,0000185479;26,61;0,0191504594;27.635,60;0;0,00333000
ESG Muster defensiv;15.08.2022;0,0052763240;7.570,40;0,0243977117;35.206,00;0,003849862;0,00339000
ESG Muster defensiv;16.08.2022;-0,0004315138;-622,40;0,0239676093;34.583,60;-0,002195984;0,00333000
ESG Muster defensiv;17.08.2022;-0,0072078081;-10.391,74;0,0167666271;24.191,86;-0,007595410;0,00351000
ESG Muster defensiv;18.08.2022;0,0021273910;3.045,03;0,0188779910;27.236,88;-0,000712823;0,00391000
ESG Muster defensiv;19.08.2022;-0,0034939965;-5.011,74;0,0154051044;22.225,14;-0,006676597;0,00430000
ESG Muster defensiv;20.08.2022;0,0000187453;26,79;0,0154236764;22.251,93;0;0,00430000
ESG Muster defensiv;21.08.2022;0,0000187450;26,79;0,0154422485;22.278,73;0;0,00430000
ESG Muster defensiv;22.08.2022;-0,0030257208;-4.325,05;0,0124450083;17.953,67;-0,005650266;0,00453000
ESG Muster defensiv;23.08.2022;-0,0016758939;-2.388,32;0,0107900233;15.565,35;-0,001425703;0,00468000
ESG Muster defensiv;24.08.2022;-0,0051991548;-7.396,92;0,0056627005;8.168,43;-0,001567524;0,00493000
ESG Muster defensiv;25.08.2022;0,0054073147;7.653,08;0,0109686779;15.821,51;0,003471931;0,00518000
ESG Muster defensiv;26.08.2022;-0,0038445591;-5.470,70;0,0071763229;10.350,80;-0,007115611;0,00542000
ESG Muster defensiv;27.08.2022;0,0000189489;26,86;0,0071949453;10.377,66;0;0,00542000
ESG Muster defensiv;28.08.2022;0,0000189486;26,86;0,0072135678;10.404,52;0;0,00542000
ESG Muster defensiv;29.08.2022;-0,0061694982;-8.745,60;0,0011502040;1.658,92;-0,005422437;0,00582000
ESG Muster defensiv;30.08.2022;-0,0070895679;-9.987,85;-0,0057751006;-8.328,93;-0,002007235;0,00620000
ESG Muster defensiv;31.08.2022;-0,0044366338;-6.206,06;-0,0100787387;-14.534,99;-0,003948657;0,00654000
ESG Muster defensiv;01.09.2022;-0,0018898155;-2.631,79;-0,0119042282;-17.166,78;-0,001900015;0,00712000
ESG Muster defensiv;02.09.2022;0,0006746739;937,79;-0,0112544675;-16.228,99;0,005313766;0,00763000
ESG Muster defensiv;03.09.2022;0,0000174220;24,23;-0,0112376626;-16.204,76;0;0,00763000
ESG Muster defensiv;04.09.2022;0,0000193176;26,87;-0,0112190291;-16.177,89;0;0,00763000
ESG Muster defensiv;05.09.2022;-0,0013319438;-1.852,70;-0,0125044371;-18.030,59;-0,003398831;0,00783000
ESG Muster defensiv;06.09.2022;-0,0025580478;-3.553,44;-0,0149695057;-21.584,02;-0,000212436;0,00816000
ESG Muster defensiv;07.09.2022;-0,0009312303;-1.290,28;-0,0158651314;-22.874,30;0,001803353;0,00822000
ESG Muster defensiv;08.09.2022;0,0007710985;1.067,41;-0,0151255145;-21.806,89;-0,005557076;0,00836000
ESG Muster defensiv;09.09.2022;0,0015620282;2.163,95;-0,0136252206;-19.642,94;0,002607751;0,00934000
ESG Muster defensiv;10.09.2022;0,0000193095;26,79;-0,0136066364;-19.616,15;0;0,00934000
ESG Muster defensiv;11.09.2022;0,0000193092;26,79;-0,0135880522;-19.589,36;0;0,00934000
ESG Muster defensiv;12.09.2022;0,0035749616;4.960,48;-0,0101477216;-14.628,88;0,004353238;0,00988000
ESG Muster defensiv;13.09.2022;-0,0044600316;-6.210,69;-0,0144566152;-20.839,57;-0,006731451;0,01000000
ESG Muster defensiv;14.09.2022;0,0006213870;861,44;-0,0138596768;-19.978,14;-0,001184463;0,01013000
ESG Muster defensiv;15.09.2022;-0,0048421042;-6.716,83;-0,0185202907;-26.694,97;-0,003098294;0,01030000
ESG Muster defensiv;16.09.2022;-0,0041919808;-5.786,84;-0,0225361011;-32.481,81;-0,004545648;0,01063000
ESG Muster defensiv;17.09.2022;0,0000208381;28,65;-0,0225162267;-32.453,17;0;0,01063000
ESG Muster defensiv;18.09.2022;0,0000208377;28,65;-0,0224963522;-32.424,52;0;0,01063000
ESG Muster defensiv;19.09.2022;-0,0028549982;-3.924,84;-0,0252205987;-36.349,36;0,000136650;0,01066000
ESG Muster defensiv;20.09.2022;-0,0023013206;-3.154,65;-0,0274106815;-39.504,02;-0,007124855;0,01100000
ESG Muster defensiv;21.09.2022;0,0018212129;2.462,82;-0,0257035129;-37.041,20;0,000059064;0,01118000
ESG Muster defensiv;22.09.2022;-0,0039360087;-5.332,35;-0,0294056669;-42.373,54;-0,005907700;0,01120000
ESG Muster defensiv;23.09.2022;0,0030593823;4.128,41;-0,0265424537;-38.245,13;-0,004292000;0,01153000
ESG Muster defensiv;24.09.2022;0,0000210945;28,55;-0,0265226380;-38.216,57;0;0,01153000
ESG Muster defensiv;25.09.2022;0,0000210940;28,55;-0,0265028223;-38.188,02;0;0,01153000
ESG Muster defensiv;26.09.2022;-0,0067160167;-9.090,89;-0,0328141353;-47.278,91;-0,003502262;0,01168000
ESG Muster defensiv;27.09.2022;-0,0005463617;-734,60;-0,0333261685;-48.013,50;-0,003869975;0,01228000
ESG Muster defensiv;28.09.2022;-0,0009271344;-1.245,87;-0,0341931602;-49.259,37;0,003251884;0,01193000
ESG Muster defensiv;29.09.2022;-0,0091760546;-12.319,23;-0,0427472773;-61.578,61;-0,004286461;0,01160000
ESG Muster defensiv;30.09.2022;0,0014195624;1.888,33;-0,0414390997;-59.690,27;0,003510731;0,01173000
ESG Muster defensiv;01.10.2022;0,0000213608;28,45;-0,0414193453;-59.661,82;0;0,01173000
ESG Muster defensiv;02.10.2022;0,0000213604;28,45;-0,0413995908;-59.633,36;0;0,01173000
ESG Muster defensiv;03.10.2022;0,0099316984;13.230,68;-0,0322164615;-46.402,68;0,009309817;0,01185000
ESG Muster defensiv;04.10.2022;0,0027710891;3.728,22;-0,0296299394;-42.674,46;0,006660875;0,01173000
ESG Muster defensiv;05.10.2022;-0,0043207001;-5.829,17;-0,0336794348;-48.503,63;-0,006066738;0,01200000
ESG Muster defensiv;06.10.2022;-0,0000443716;-59,60;-0,0337229748;-48.563,24;-0,004572149;0,01248000
ESG Muster defensiv;07.10.2022;-0,0031224822;-4.194,24;-0,0366378390;-52.757,47;-0,005782937;0,01288000
ESG Muster defensiv;08.10.2022;0,0000212940;28,51;-0,0366180375;-52.728,96;0;0,01288000
ESG Muster defensiv;09.10.2022;0,0000212935;28,51;-0,0365982360;-52.700,44;0;0,01288000
ESG Muster defensiv;10.10.2022;-0,0045624390;-6.109,56;-0,0408436579;-58.810,01;-0,003515819;0,01319000
ESG Muster defensiv;11.10.2022;-0,0017230427;-2.296,80;-0,0424414687;-61.106,81;0,000544000;0,01340000
ESG Muster defensiv;12.10.2022;-0,0029514461;-3.927,47;-0,0451721176;-65.034,28;-0,001802399;0,01363000
ESG Muster defensiv;13.10.2022;-0,0010079590;-1.337,33;-0,0461038988;-66.371,60;0,000611812;0,01378000
ESG Muster defensiv;14.10.2022;-0,0007851003;-1.040,59;-0,0468296535;-67.412,20;-0,000534126;0,01403000
ESG Muster defensiv;15.10.2022;0,0000215392;28,53;-0,0468098370;-67.383,67;0;0,01403000
ESG Muster defensiv;16.10.2022;0,0000215387;28,53;-0,0467900205;-67.355,15;0;0,01403000
ESG Muster defensiv;17.10.2022;-0,0022373098;-2.963,20;-0,0488515199;-70.318,34;0,003404973;0,01458000
ESG Muster defensiv;18.10.2022;-0,0002210289;-292,09;-0,0490574774;-70.610,43;0,002112481;0,01456000
ESG Muster defensiv;19.10.2022;-0,0014756123;-1.949,56;-0,0504150742;-72.559,99;-0,005104310;0,01462000
ESG Muster defensiv;20.10.2022;-0,0016870958;-2.225,69;-0,0519646888;-74.785,68;-0,001884462;0,01502000
ESG Muster defensiv;21.10.2022;-0,0022949009;-3.022,42;-0,0540681246;-77.808,10;0,000368057;0,01543000
ESG Muster defensiv;22.10.2022;0,0000222422;29,23;-0,0540478156;-77.778,87;0;0,01543000
ESG Muster defensiv;23.10.2022;0,0000222417;29,23;-0,0540275067;-77.749,64;0;0,01543000
ESG Muster defensiv;24.10.2022;0,0035259406;4.633,27;-0,0508109957;-73.116,38;0,004257344;0,01558000
ESG Muster defensiv;25.10.2022;0,0039922209;5.264,48;-0,0471554033;-67.851,90;0,006377080;0,01577000
ESG Muster defensiv;26.10.2022;0,0025535433;3.380,76;-0,0448085738;-64.471,14;0,001676075;0,01578000
ESG Muster defensiv;27.10.2022;0,0039287535;5.214,75;-0,0411867180;-59.256,39;0,006244725;0,01605000
ESG Muster defensiv;28.10.2022;-0,0018506010;-2.466,01;-0,0429033221;-61.722,40;-0,002616504;0,01641000
ESG Muster defensiv;29.10.2022;0,0000219061;29,14;-0,0428830690;-61.693,26;0;0,01641000
ESG Muster defensiv;30.10.2022;0,0000219056;29,14;-0,0428628159;-61.664,12;0;0,01641000
ESG Muster defensiv;31.10.2022;0,0007084550;942,34;-0,0422103237;-60.721,78;-0,001263592;0,01704000
ESG Muster defensiv;01.11.2022;0,0026675348;3.550,70;-0,0397444541;-57.171,08;0,002213007;0,01737000
ESG Muster defensiv;02.11.2022;0,0006450702;860,93;-0,0391482792;-56.310,15;-0,002385445;0,01726000
ESG Muster defensiv;03.11.2022;-0,0017678075;-2.360,89;-0,0407920508;-58.671,04;-0,005528917;0,01732000
ESG Muster defensiv;04.11.2022;-0,0019277885;-2.569,99;-0,0425813985;-61.241,03;0,001056262;0,01734000
ESG Muster defensiv;05.11.2022;0,0000227462;30,27;-0,0425603549;-61.210,77;0;0,01734000
ESG Muster defensiv;06.11.2022;0,0000227457;30,27;-0,0425393113;-61.180,50;0;0,01734000
ESG Muster defensiv;07.11.2022;-0,0034301160;-4.564,18;-0,0457155167;-65.744,68;-0,000092524;0,01742000
ESG Muster defensiv;08.11.2022;0,0041685162;5.527,69;-0,0418743014;-60.217,00;0,001903610;0,01791000
ESG Muster defensiv;09.11.2022;0,0038737707;5.158,25;-0,0382895443;-55.058,75;0,002362960;0,01802000
ESG Muster defensiv;10.11.2022;0,0081077108;10.837,92;-0,0307543155;-44.220,83;0,012236947;0,01798000
ESG Muster defensiv;11.11.2022;-0,0034299245;-4.622,10;-0,0339708231;-48.842,93;-0,004256274;0,01762000
ESG Muster defensiv;12.11.2022;0,0000222934;29,94;-0,0339500001;-48.812,99;0;0,01762000
ESG Muster defensiv;13.11.2022;0,0000222929;29,94;-0,0339291771;-48.783,05;0;0,01762000
ESG Muster defensiv;14.11.2022;0,0001144675;153,73;-0,0338242112;-48.629,32;0,000718365;0,01791000
ESG Muster defensiv;15.11.2022;0,0029752186;3.996,23;-0,0310464166;-44.633,09;0,002523104;0,01795000
ESG Muster defensiv;16.11.2022;-0,0019178064;-2.583,61;-0,0328454389;-47.216,70;0,001361650;0,01803000
ESG Muster defensiv;17.11.2022;-0,0027423519;-3.687,32;-0,0354124845;-50.904,02;-0,000720533;0,01802000
ESG Muster defensiv;18.11.2022;0,0017452624;2.340,22;-0,0337863889;-48.563,80;0,002108227;0,01821000
ESG Muster defensiv;19.11.2022;0,0000223100;29,97;-0,0337655400;-48.533,83;0;0,01821000
ESG Muster defensiv;20.11.2022;0,0000223095;29,97;-0,0337446912;-48.503,87;0;0,01821000
ESG Muster defensiv;21.11.2022;0,0042322468;5.685,16;-0,0297911512;-42.818,70;0,001251007;0,01817000
ESG Muster defensiv;22.11.2022;0,0013278539;1.791,25;-0,0285465031;-41.027,45;0,001103954;0,01863000
ESG Muster defensiv;23.11.2022;0,0006560505;886,18;-0,0279314868;-40.141,28;0,001081612;0,01898000
ESG Muster defensiv;24.11.2022;0,0033313884;4.502,90;-0,0247996286;-35.638,37;0,004281041;0,01908000
ESG Muster defensiv;25.11.2022;-0,0027386237;-3.714,02;-0,0273856320;-39.352,39;-0,004484406;0,01922000
ESG Muster defensiv;26.11.2022;0,0000216153;29,23;-0,0273652881;-39.323,16;0;0,01922000
ESG Muster defensiv;27.11.2022;0,0000221112;29,90;-0,0273444771;-39.293,25;0;0,01922000
ESG Muster defensiv;28.11.2022;-0,0020209770;-2.733,39;-0,0292482948;-42.026,64;-0,000991726;0,01954000
ESG Muster defensiv;29.11.2022;0,0031937352;4.310,82;-0,0262496544;-37.715,82;0,003647541;0,01984000
ESG Muster defensiv;30.11.2022;0,0008249545;1.117,06;-0,0254736106;-36.598,76;0,000298176;0,01973000
ESG Muster defensiv;01.12.2022;0,0071013911;9.623,82;-0,0187762405;-26.974,94;0,006426968;0,01972000
ESG Muster defensiv;02.12.2022;-0,0014652521;-1.999,81;-0,0201693460;-28.974,76;-0,001719991;0,01975000
ESG Muster defensiv;03.12.2022;0,0000219046;29,85;-0,0201485659;-28.944,90;0;0,01975000
ESG Muster defensiv;04.12.2022;0,0000219042;29,85;-0,0201277858;-28.915,05;0;0,01975000
ESG Muster defensiv;05.12.2022;-0,0033360958;-4.546,72;-0,0232940366;-33.461,77;-0,001597733;0,01975000
ESG Muster defensiv;06.12.2022;0,0015906600;2.160,66;-0,0217911120;-31.301,11;0,001746423;0,01993000
ESG Muster defensiv;07.12.2022;0,0008962664;1.219,37;-0,0209433560;-30.081,74;0,000439239;0,01977000
ESG Muster defensiv;08.12.2022;-0,0034341059;-4.676,29;-0,0242003706;-34.758,03;-0,000547445;0,01990000
ESG Muster defensiv;09.12.2022;0,0004241342;575,57;-0,0238009178;-34.182,46;-0,004105871;0,02005000
ESG Muster defensiv;10.12.2022;0,0000220231;29,90;-0,0237800994;-34.152,56;0;0,02005000
ESG Muster defensiv;11.12.2022;0,0000220226;29,90;-0,0237592810;-34.122,66;0;0,02005000
ESG Muster defensiv;12.12.2022;-0,0000604136;-82,02;-0,0238176768;-34.204,69;-0,000411430;0,02052000
ESG Muster defensiv;13.12.2022;0,0026848055;3.644,88;-0,0212807881;-30.559,80;0,002849530;0,02046000
ESG Muster defensiv;14.12.2022;-0,0027854365;-3.791,65;-0,0239224431;-34.351,45;-0,000115455;0,02081000
ESG Muster defensiv;15.12.2022;-0,0094378072;-12.811,34;-0,0328460500;-47.162,80;-0,011759119;0,02062000
ESG Muster defensiv;16.12.2022;-0,0032770397;-4.406,43;-0,0359167751;-51.569,23;-0,005079895;0,02047000
ESG Muster defensiv;17.12.2022;0,0000230419;30,88;-0,0358952669;-51.538,35;0;0,02047000
ESG Muster defensiv;18.12.2022;0,0000230413;30,88;-0,0358737587;-51.507,47;0;0,02047000
ESG Muster defensiv;19.12.2022;-0,0010957132;-1.468,58;-0,0368985448;-52.976,05;-0,000174004;0,02063000
ESG Muster defensiv;20.12.2022;-0,0011652549;-1.560,07;-0,0379871635;-54.536,12;-0,004171156;0,02081000
ESG Muster defensiv;21.12.2022;0,0042982121;5.747,85;-0,0339852871;-48.788,27;0,001836329;0,02102000
ESG Muster defensiv;22.12.2022;-0,0053035890;-7.122,79;-0,0389489729;-55.911,06;-0,003166915;0,02125000
ESG Muster defensiv;23.12.2022;-0,0022480045;-3.003,09;-0,0410431406;-58.914,14;-0,001320452;0,02141000
ESG Muster defensiv;24.12.2022;0,0000245456;32,72;-0,0410203483;-58.881,43;0;0,02141000
ESG Muster defensiv;25.12.2022;0,0000245450;32,72;-0,0409975559;-58.848,71;0;0,02141000
ESG Muster defensiv;26.12.2022;-0,0003063539;-408,36;-0,0412841926;-59.257,06;0,000014714;0,02141000
ESG Muster defensiv;27.12.2022;0,0004959596;660,89;-0,0408258751;-58.596,18;-0,004124031;0,02128000
ESG Muster defensiv;28.12.2022;-0,0029990696;-3.998,37;-0,0436139306;-62.594,55;0,000178426;0,02202000
ESG Muster defensiv;29.12.2022;0,0024044966;3.196,07;-0,0413891431;-59.398,48;0,002979576;0,02184000
ESG Muster defensiv;30.12.2022;-0,0016031413;-2.136,03;-0,0428797434;-61.534,51;-0,003789717;0,02132000
ESG Muster defensiv;31.12.2022;0,0000144914;19,28;-0,0428663102;-61.515,23;0;0,02132000
ESG Muster defensiv;01.01.2023;0,0000245437;32,65;-0,0428435582;-61.482,58;0;0,02132000
ESG Muster defensiv;02.01.2023;0,0032504338;4.324,11;-0,0398323836;-57.158,47;0,004239608;0,02162000
ESG Muster defensiv;03.01.2023;0,0056237852;7.505,74;-0,0346035778;-49.652,73;0,003094456;0,02172000
ESG Muster defensiv;04.01.2023;0,0029566809;3.968,30;-0,0318396409;-45.684,42;0,006285378;0,02170000
ESG Muster defensiv;05.01.2023;-0,0004647736;-625,64;-0,0322773164;-46.310,06;-0,002006817;0,02178000
ESG Muster defensiv;06.01.2023;0,0031839031;4.283,91;-0,0292929850;-42.026,15;0,005605560;0,02254000
ESG Muster defensiv;07.01.2023;0,0000242217;32,69;-0,0292701969;-41.993,46;0;0,02254000
ESG Muster defensiv;08.01.2023;0,0000242211;32,69;-0,0292474087;-41.960,76;0;0,02254000
ESG Muster defensiv;09.01.2023;-0,0009880088;-1.333,65;-0,0301785105;-43.294,42;0,000089636;0,02270000
ESG Muster defensiv;10.01.2023;-0,0008469965;-1.142,18;-0,0309762269;-44.436,60;-0,002395403;0,02284000
ESG Muster defensiv;11.01.2023;0,0029732889;4.006,10;-0,0281850313;-40.430,49;0,005194606;0,02298000
ESG Muster defensiv;12.01.2023;0,0064427039;8.706,48;-0,0221166481;-31.724,02;0,003215648;0,02288000
ESG Muster defensiv;13.01.2023;-0,0007522772;-1.023,15;-0,0228310841;-32.747,17;0,001332213;0,02328000
ESG Muster defensiv;14.01.2023;0,0000293417;39,88;-0,0228032822;-32.707,29;0;0,02328000
ESG Muster defensiv;15.01.2023;0,0000293408;39,88;-0,0227754804;-32.667,42;0;0,02328000
ESG Muster defensiv;16.01.2023;0,0005655174;768,61;-0,0222407114;-31.898,80;0,000599624;0,02334000
ESG Muster defensiv;17.01.2023;0,0020840964;2.834,17;-0,0202656550;-29.064,64;0,004635198;0,02335000
ESG Muster defensiv;18.01.2023;0,0018057145;2.460,71;-0,0185508085;-26.603,93;0,001523088;0,02342000
ESG Muster defensiv;19.01.2023;-0,0029008443;-3.960,22;-0,0213133023;-30.564,15;-0,004096339;0,02393000
ESG Muster defensiv;20.01.2023;-0,0036160120;-4.922,25;-0,0247469449;-35.486,40;-0,002224750;0,02417000
ESG Muster defensiv;21.01.2023;0,0000287020;38,93;-0,0247197972;-35.447,47;0;0,02417000
ESG Muster defensiv;22.01.2023;0,0000287012;38,93;-0,0246926495;-35.408,54;0;0,02417000
ESG Muster defensiv;23.01.2023;-0,0006112631;-829,11;-0,0252720754;-36.237,65;0,000185898;0,02449000
ESG Muster defensiv;24.01.2023;0,0028893959;3.916,76;-0,0225416307;-32.320,89;0,001168481;0,02501000
ESG Muster defensiv;25.01.2023;-0,0007404666;-1.006,65;-0,0232448266;-33.327,54;0,000862828;0,02458000
ESG Muster defensiv;26.01.2023;-0,0004034073;-548,02;-0,0236281916;-33.875,56;-0,000387039;0,02468000
ESG Muster defensiv;27.01.2023;0,0024112773;3.274,33;-0,0213453722;-30.601,23;-0,000229284;0,02492000
ESG Muster defensiv;28.01.2023;0,0000265129;36,09;-0,0213201987;-30.565,14;0;0,02492000
ESG Muster defensiv;29.01.2023;0,0000265122;36,09;-0,0212950252;-30.529,05;0;0,02492000
ESG Muster defensiv;30.01.2023;-0,0039609222;-5.391,89;-0,0250572507;-35.920,94;-0,003751602;0,02482000
ESG Muster defensiv;31.01.2023;0,0013773176;1.867,48;-0,0237556971;-34.053,46;0,001694623;0,02512000
ESG Muster defensiv;01.02.2023;-0,0015609548;-2.119,38;-0,0252353811;-36.172,84;0,000155629;0,02483000
ESG Muster defensiv;02.02.2023;0,0089144739;12.084,71;-0,0168054838;-24.088,13;0,013534271;0,02540000
ESG Muster defensiv;03.02.2023;-0,0036058735;-4.931,80;-0,0202471933;-29.019,93;-0,004450382;0,02545000
ESG Muster defensiv;04.02.2023;0,0000270302;36,84;-0,0202214927;-28.983,10;0;0,02545000
ESG Muster defensiv;05.02.2023;0,0000292851;39,91;-0,0201936473;-28.943,19;0;0,02545000
ESG Muster defensiv;06.02.2023;0,0008320906;1.134,02;-0,0194033575;-27.809,16;-0,003899036;0,02565000
ESG Muster defensiv;07.02.2023;-0,0001048638;-143,03;-0,0195040744;-27.952,20;0,000116996;0,02602000
ESG Muster defensiv;08.02.2023;-0,0014135357;-1.927,85;-0,0208502383;-29.880,05;-0,002780135;0,02608000
ESG Muster defensiv;09.02.2023;0,0001235985;168,33;-0,0207337465;-29.711,72;0,001802506;0,02607000
ESG Muster defensiv;10.02.2023;-0,0009536010;-1.298,89;-0,0216411601;-31.010,60;-0,003991924;0,02621000
ESG Muster defensiv;11.02.2023;0,0000304626;41,45;-0,0216122314;-30.969,15;0;0,02621000
ESG Muster defensiv;12.02.2023;0,0000304617;41,45;-0,0215833027;-30.927,70;0;0,02621000
ESG Muster defensiv;13.02.2023;-0,0027908269;-3.797,96;-0,0242348859;-34.725,66;-0,000187155;0,02654000
ESG Muster defensiv;14.02.2023;-0,0039498006;-5.360,18;-0,0279770249;-40.085,84;-0,002489808;0,02660000
ESG Muster defensiv;15.02.2023;-0,0003763754;-508,75;-0,0283334054;-40.594,59;-0,000526845;0,02682000
ESG Muster defensiv;16.02.2023;-0,0007304144;-986,94;-0,0290235862;-41.581,53;-0,001220401;0,02703000
ESG Muster defensiv;17.02.2023;-0,0003526843;-476,20;-0,0293573176;-42.057,73;0,000187856;0,02667000
ESG Muster defensiv;18.02.2023;0,0000307363;41,49;-0,0293283593;-42.016,24;0;0,02667000
ESG Muster defensiv;19.02.2023;0,0000307354;41,49;-0,0292994010;-41.974,76;0;0,02667000
ESG Muster defensiv;20.02.2023;-0,0001462404;-197,40;-0,0294385366;-42.172,16;-0,000163768;0,02654000
ESG Muster defensiv;21.02.2023;-0,0036363938;-4.907,78;-0,0328659419;-47.079,94;-0,004690349;0,02682000
ESG Muster defensiv;22.02.2023;0,0014603524;1.963,77;-0,0314964914;-45.116,17;0,000823498;0,02683000
ESG Muster defensiv;23.02.2023;0,0001648732;222,03;-0,0313429060;-44.894,14;0,001820791;0,02693000
ESG Muster defensiv;24.02.2023;-0,0028254749;-3.805,65;-0,0340013618;-48.699,79;-0,004728569;0,02698000
ESG Muster defensiv;25.02.2023;0,0000297149;39,91;-0,0339734972;-48.659,88;0;0,02698000
ESG Muster defensiv;26.02.2023;0,0000297141;39,91;-0,0339456326;-48.619,97;0;0,02698000
ESG Muster defensiv;27.02.2023;-0,0011223298;-1.507,49;-0,0349997131;-50.127,46;-0,000421404;0,02716000
ESG Muster defensiv;28.02.2023;-0,0026601333;-3.569,03;-0,0374933433;-53.696,49;-0,003226091;0,02744000
ESG Muster defensiv;01.03.2023;-0,0035146636;-4.702,99;-0,0407790072;-58.399,48;-0,003871011;0,02783000
ESG Muster defensiv;02.03.2023;0,0019706724;2.627,70;-0,0389458837;-55.771,78;0,000374652;0,02801000
ESG Muster defensiv;03.03.2023;0,0033976527;4.539,36;-0,0357776008;-51.232,42;0,001326675;0,02849000
ESG Muster defensiv;04.03.2023;0,0000307686;41,25;-0,0357487961;-51.191,17;0;0,02849000
ESG Muster defensiv;05.03.2023;0,0000307677;41,25;-0,0357199914;-51.149,92;0;0,02849000
ESG Muster defensiv;06.03.2023;-0,0007198569;-965,08;-0,0363955551;-52.115,00;-0,000272362;0,02875000
ESG Muster defensiv;07.03.2023;0,0010260726;1.367,76;-0,0354421778;-50.747,24;-0,000016605;0,02920000
ESG Muster defensiv;08.03.2023;0,0008111049;1.082,32;-0,0346880627;-49.664,92;0,001629608;0,02944000
ESG Muster defensiv;09.03.2023;0,0004078839;544,71;-0,0343093706;-49.120,21;-0,000467952;0,02948000
ESG Muster defensiv;10.03.2023;0,0021826376;2.916,01;-0,0322742524;-46.204,20;0,005460093;0,02978000
ESG Muster defensiv;11.03.2023;0,0000304917;40,83;-0,0322457350;-46.163,38;0;0,02978000
ESG Muster defensiv;12.03.2023;0,0000304908;40,83;-0,0322172176;-46.122,55;0;0,02978000
ESG Muster defensiv;13.03.2023;0,0014483663;1.939,36;-0,0308641188;-44.183,19;0,006383861;0,02957000
ESG Muster defensiv;14.03.2023;-0,0025587441;-3.431,12;-0,0332626108;-47.614,31;-0,007306166;0,02753000
ESG Muster defensiv;15.03.2023;0,0111888404;14.965,16;-0,0228093399;-32.649,15;0,011846138;0,02815000
ESG Muster defensiv;16.03.2023;-0,0043122639;-5.832,22;-0,0268851987;-38.481,37;-0,003762944;0,02646000
ESG Muster defensiv;17.03.2023;0,0016495944;2.221,41;-0,0253344732;-36.259,96;0,003977301;0,02750000
ESG Muster defensiv;18.03.2023;0,0000302509;40,80;-0,0253059636;-36.219,15;0;0,02750000
ESG Muster defensiv;19.03.2023;0,0000302500;40,80;-0,0252774541;-36.178,35;0;0,02750000
ESG Muster defensiv;20.03.2023;0,0015701115;2.117,99;-0,0237988274;-34.060,36;-0,000178473;0,02892000
ESG Muster defensiv;21.03.2023;-0,0049652089;-6.708,30;-0,0284875098;-40.768,66;-0,002924246;0,02908000
ESG Muster defensiv;22.03.2023;-0,0005861155;-787,95;-0,0290395417;-41.556,61;-0,002736876;0,03002000
ESG Muster defensiv;23.03.2023;0,0045076941;6.056,38;-0,0248086065;-35.500,23;0,006284604;0,02990000
ESG Muster defensiv;24.03.2023;0,0024990468;3.372,77;-0,0224527288;-32.127,46;0,002634781;0,03025000
ESG Muster defensiv;25.03.2023;0,0000315570;42,70;-0,0224228899;-32.084,76;0;0,03025000
ESG Muster defensiv;26.03.2023;0,0000315560;42,70;-0,0223930509;-32.042,07;0;0,03025000
ESG Muster defensiv;27.03.2023;-0,0032719836;-4.427,25;-0,0254883585;-36.469,32;-0,003022003;0,03012000
ESG Muster defensiv;28.03.2023;-0,0019930004;-2.687,86;-0,0273682504;-39.157,18;-0,003359876;0,02990000
ESG Muster defensiv;29.03.2023;0,0017191725;2.313,95;-0,0257522212;-36.843,24;0,000974906;0,03015000
ESG Muster defensiv;30.03.2023;0,0000475190;64,07;-0,0257086967;-36.779,17;-0,000965136;0,03052000
ESG Muster defensiv;31.03.2023;0,0046858546;6.318,14;-0,0212933477;-30.461,03;0,003796191;0,03038000
ESG Muster defensiv;01.04.2023;0,0000315300;42,71;-0,0212634901;-30.418,32;0;0,03038000
ESG Muster defensiv;02.04.2023;0,0000315290;42,71;-0,0212336326;-30.375,61;0;0,03038000
ESG Muster defensiv;03.04.2023;0,0013107518;1.775,74;-0,0199933021;-28.599,87;0,002995284;0,03053000
ESG Muster defensiv;04.04.2023;0,0001946696;264,07;-0,0198096565;-28.335,80;-0,000125021;0,03052000
ESG Muster defensiv;05.04.2023;0,0032065103;4.350,55;-0,0167689837;-23.985,25;0,003373435;0,03055000
ESG Muster defensiv;06.04.2023;-0,0017871288;-2.432,53;-0,0184705435;-26.417,78;0,000122788;0,03075000
ESG Muster defensiv;07.04.2023;0,0002005407;272,48;-0,0182809148;-26.145,30;0,000004804;0,03075000
ESG Muster defensiv;08.04.2023;0,0000348229;47,32;-0,0182478261;-26.097,98;0;0,03075000
ESG Muster defensiv;09.04.2023;0,0000348216;47,32;-0,0182147373;-26.050,66;0;0,03075000
ESG Muster defensiv;10.04.2023;0,0005605831;761,87;-0,0176828797;-25.288,78;0,000370309;0,03075000
ESG Muster defensiv;11.04.2023;-0,0018995604;-2.583,08;-0,0194900016;-27.871,87;-0,005082509;0,03108000
ESG Muster defensiv;12.04.2023;-0,0018397186;-2.496,96;-0,0212370640;-30.368,83;-0,002860546;0,03126000
ESG Muster defensiv;13.04.2023;0,0007403033;1.002,93;-0,0205366866;-29.365,90;0,001082648;0,03177000
ESG Muster defensiv;14.04.2023;-0,0014686053;-1.991,07;-0,0219301555;-31.356,97;-0,001633636;0,03175000
ESG Muster defensiv;15.04.2023;0,0000359740;48,70;-0,0218960959;-31.308,27;0;0,03175000
ESG Muster defensiv;16.04.2023;0,0000359727;48,70;-0,0218620362;-31.259,57;0;0,03175000
ESG Muster defensiv;17.04.2023;0,0023831577;3.226,47;-0,0196064638;-28.033,10;-0,001069854;0,03219000
ESG Muster defensiv;18.04.2023;0,0000571570;77,57;-0,0195531330;-27.955,53;0,001330461;0,03200000
ESG Muster defensiv;19.04.2023;-0,0021404203;-2.904,91;-0,0215859442;-30.860,44;-0,002241854;0,03205000
ESG Muster defensiv;20.04.2023;0,0008725206;1.181,62;-0,0207604071;-29.678,82;0,001222106;0,03211000
ESG Muster defensiv;21.04.2023;-0,0015125186;-2.050,13;-0,0221955150;-31.728,95;-0,000683792;0,03261000
ESG Muster defensiv;22.04.2023;0,0000359902;48,71;-0,0221614414;-31.680,24;0;0,03261000
ESG Muster defensiv;23.04.2023;0,0000359889;48,71;-0,0221273678;-31.631,53;0;0,03261000
ESG Muster defensiv;24.04.2023;-0,0008932953;-1.209,07;-0,0229742204;-32.840,60;-0,000241893;0,03288000
ESG Muster defensiv;25.04.2023;0,0028680691;3.878,44;-0,0202619317;-28.962,16;0,004030316;0,03268000
ESG Muster defensiv;26.04.2023;-0,0041517066;-5.630,38;-0,0242020622;-34.592,54;-0,000069779;0,03242000
ESG Muster defensiv;27.04.2023;-0,0001369700;-184,98;-0,0243326029;-34.777,52;-0,002055644;0,03250000
ESG Muster defensiv;28.04.2023;0,0029341033;3.962,05;-0,0215614878;-30.815,47;0,005670673;0,03265000
ESG Muster defensiv;29.04.2023;0,0000359487;48,69;-0,0215274227;-30.766,79;0;0,03265000
ESG Muster defensiv;30.04.2023;0,0000359474;48,69;-0,0214933576;-30.718,10;0;0,03265000
ESG Muster defensiv;01.05.2023;0,0005482261;742,52;-0,0209747801;-29.975,58;0,000301361;0,03265000
ESG Muster defensiv;02.05.2023;0,0014332779;1.942,30;-0,0196165922;-28.033,28;0,001403546;0,03274000
ESG Muster defensiv;03.05.2023;-0,0000016641;-2,26;-0,0196190661;-28.035,54;-0,000338411;0,03275000
ESG Muster defensiv;04.05.2023;0,0029625480;4.020,43;-0,0168063598;-24.015,11;0,003012047;0,03281000
ESG Muster defensiv;05.05.2023;-0,0015527147;-2.113,41;-0,0182862041;-26.128,52;-0,001547155;0,03280000
ESG Muster defensiv;06.05.2023;0,0000358263;48,69;-0,0182521297;-26.079,83;0;0,03280000
ESG Muster defensiv;07.05.2023;0,0000358250;48,69;-0,0182180554;-26.031,14;0;0,03280000
ESG Muster defensiv;08.05.2023;0,0011755650;1.597,70;-0,0171006678;-24.433,44;-0,001369401;0,03312000
ESG Muster defensiv;09.05.2023;-0,0000697293;-94,88;-0,0171678460;-24.528,32;-0,000401174;0,03270000
ESG Muster defensiv;10.05.2023;-0,0001081123;-147,10;-0,0172715773;-24.675,42;0,001693322;0,03301000
ESG Muster defensiv;11.05.2023;0,0031066695;4.226,46;-0,0143139064;-20.448,96;0,002286996;0,03323000
ESG Muster defensiv;12.05.2023;0,0017326487;2.364,50;-0,0126593650;-18.084,46;-0,001373873;0,03348000
ESG Muster defensiv;13.05.2023;0,0000365234;49,93;-0,0126244141;-18.034,53;0;0,03348000
ESG Muster defensiv;14.05.2023;0,0000365221;49,93;-0,0125894633;-17.984,61;0;0,03348000
ESG Muster defensiv;15.05.2023;-0,0003427779;-468,62;-0,0129180815;-18.453,23;-0,000980213;0,03358000
ESG Muster defensiv;16.05.2023;-0,0026660589;-3.643,62;-0,0154694630;-22.096,85;-0,002337078;0,03382000
ESG Muster defensiv;17.05.2023;-0,0008844893;-1.205,58;-0,0163141826;-23.302,43;-0,000241268;0,03388000
ESG Muster defensiv;18.05.2023;-0,0006040212;-822,57;-0,0168908129;-24.125,00;-0,002225900;0,03383000
ESG Muster defensiv;19.05.2023;0,0014123898;1.922,26;-0,0155456522;-22.202,74;0,000885022;0,03415000
ESG Muster defensiv;20.05.2023;0,0000366586;49,96;-0,0155106699;-22.152,78;0;0,03415000
ESG Muster defensiv;21.05.2023;0,0000366572;49,96;-0,0154756877;-22.102,81;0;0,03415000
ESG Muster defensiv;22.05.2023;0,0004172747;568,75;-0,0150781261;-21.534,06;-0,000448784;0,03412000
ESG Muster defensiv;23.05.2023;-0,0014802730;-2.018,48;-0,0164921864;-23.552,54;-0,001351959;0,03422000
ESG Muster defensiv;24.05.2023;-0,0018637211;-2.537,59;-0,0182698754;-26.090,13;-0,001879026;0,03415000
ESG Muster defensiv;25.05.2023;-0,0014863760;-2.020,03;-0,0196852794;-28.110,16;-0,001024527;0,03457000
ESG Muster defensiv;26.05.2023;-0,0000226158;-30,69;-0,0197076259;-28.140,85;-0,000624515;0,03462000
ESG Muster defensiv;27.05.2023;0,0000368619;50,02;-0,0196725953;-28.090,83;0;0,03462000
ESG Muster defensiv;28.05.2023;0,0000368605;50,02;-0,0196375646;-28.040,81;0;0,03462000
ESG Muster defensiv;29.05.2023;0,0016317197;2.214,38;-0,0180875733;-25.826,43;0,003428258;0,03483000
ESG Muster defensiv;30.05.2023;0,0015061837;2.047,35;-0,0166544286;-23.779,08;0,003277633;0,03474000
ESG Muster defensiv;31.05.2023;0,0026237566;3.571,83;-0,0141533928;-20.207,25;0,002399883;0,03463000
ESG Muster defensiv;01.06.2023;0,0007928603;1.082,19;-0,0133959913;-19.125,07;0,001628503;0,03462000
ESG Muster defensiv;02.06.2023;0,0015399578;2.103,58;-0,0119230682;-17.021,49;-0,000401425;0,03490000
ESG Muster defensiv;03.06.2023;0,0000348906;47,73;-0,0118896320;-16.973,76;0;0,03490000
ESG Muster defensiv;04.06.2023;0,0000348894;47,73;-0,0118561958;-16.926,02;0;0,03490000
ESG Muster defensiv;05.06.2023;-0,0000317245;-43,41;-0,0118871068;-16.969,43;-0,002726083;0,03493000
ESG Muster defensiv;06.06.2023;0,0021639584;2.960,62;-0,0098136025;-14.008,80;0,000866496;0,03476000
ESG Muster defensiv;07.06.2023;-0,0036999851;-5.073,10;-0,0133680320;-19.081,90;-0,002736421;0,03459000
ESG Muster defensiv;08.06.2023;-0,0011147645;-1.522,81;-0,0144354654;-20.604,71;0,001016265;0,03486000
ESG Muster defensiv;09.06.2023;0,0020267759;2.765,57;-0,0124984601;-17.839,14;0,001031411;0,03469000
ESG Muster defensiv;10.06.2023;0,0000348890;47,70;-0,0124650383;-17.791,44;0;0,03469000
ESG Muster defensiv;11.06.2023;0,0000348878;47,70;-0,0124316165;-17.743,74;0;0,03469000
ESG Muster defensiv;12.06.2023;0,0009649961;1.319,51;-0,0115076221;-16.424,22;0,001848629;0,03478000
ESG Muster defensiv;13.06.2023;-0,0003644704;-498,85;-0,0118576380;-16.923,07;-0,001255294;0,03526000
ESG Muster defensiv;14.06.2023;-0,0009235772;-1.263,64;-0,0127435745;-18.186,71;-0,000909054;0,03522000
ESG Muster defensiv;15.06.2023;-0,0042732337;-5.841,23;-0,0168372759;-24.027,94;-0,003394115;0,03547000
ESG Muster defensiv;16.06.2023;0,0017158509;2.335,43;-0,0152013820;-21.692,51;0,001125074;0,03572000
ESG Muster defensiv;17.06.2023;0,0000343795;46,87;-0,0151685342;-21.645,63;0;0,03572000
ESG Muster defensiv;18.06.2023;0,0000343784;46,87;-0,0151356864;-21.598,76;0;0,03572000
ESG Muster defensiv;19.06.2023;-0,0032597352;-4.444,72;-0,0182511567;-26.043,48;-0,002495961;0,03551000
ESG Muster defensiv;20.06.2023;0,0006399873;869,79;-0,0176423391;-25.173,69;0,003028261;0,03587000
ESG Muster defensiv;21.06.2023;-0,0023067750;-3.137,09;-0,0198417097;-28.310,78;-0,002144499;0,03568000
ESG Muster defensiv;22.06.2023;-0,0024075516;-3.266,59;-0,0221320220;-31.577,38;-0,003018828;0,03600000
ESG Muster defensiv;23.06.2023;0,0023617619;3.196,75;-0,0198922927;-28.380,63;0,004508917;0,03610000
ESG Muster defensiv;24.06.2023;0,0000323445;43,88;-0,0198615346;-28.336,74;0;0,03610000
ESG Muster defensiv;25.06.2023;0,0000323434;43,88;-0,0198307764;-28.292,86;0;0,03610000
ESG Muster defensiv;26.06.2023;0,0007617045;1.033,50;-0,0191071643;-27.259,36;0,001075803;0,03577000
ESG Muster defensiv;27.06.2023;-0,0035984469;-4.886,20;-0,0225330113;-32.145,55;-0,002253243;0,03554000
ESG Muster defensiv;28.06.2023;0,0035450372;4.796,35;-0,0191717014;-27.349,20;0,002444832;0,03598000
ESG Muster defensiv;29.06.2023;-0,0008966721;-1.217,48;-0,0200259606;-28.566,68;-0,002767875;0,03587000
ESG Muster defensiv;30.06.2023;0,0010715618;1.453,63;-0,0190076963;-27.113,05;0,001406757;0,03577000
ESG Muster defensiv;01.07.2023;0,0000352269;47,84;-0,0189741590;-27.065,21;0;0,03577000
ESG Muster defensiv;02.07.2023;0,0000352256;47,84;-0,0189406217;-27.017,37;0;0,03577000
ESG Muster defensiv;03.07.2023;0,0009181295;1.246,92;-0,0180671958;-25.770,45;-0,001600659;0,03597000
ESG Muster defensiv;04.07.2023;0,0002670704;363,04;-0,0178133897;-25.407,41;0,000440220;0,03613000
ESG Muster defensiv;05.07.2023;-0,0003874198;-526,78;-0,0181834499;-25.934,19;-0,000040236;0,03589000
ESG Muster defensiv;06.07.2023;-0,0088381068;-12.012,64;-0,0266070367;-37.946,84;-0,008061838;0,03612000
ESG Muster defensiv;07.07.2023;-0,0003558949;-479,45;-0,0269442875;-38.426,29;0,000767878;0,03640000
ESG Muster defensiv;08.07.2023;0,0000354915;47,80;-0,0269107731;-38.378,49;0;0,03640000
ESG Muster defensiv;09.07.2023;0,0000354902;47,80;-0,0268772586;-38.330,70;0;0,03640000
ESG Muster defensiv;10.07.2023;-0,0011490845;-1.547,58;-0,0279635227;-39.878,27;-0,000094782;0,03661000
ESG Muster defensiv;11.07.2023;0,0010447388;1.405,43;-0,0269790759;-38.472,84;0,000761926;0,03672000
ESG Muster defensiv;12.07.2023;0,0024979422;3.363,85;-0,0246211501;-35.108,99;0,005159435;0,03657000
ESG Muster defensiv;13.07.2023;0,0030260388;4.085,19;-0,0217571558;-31.023,80;0,004481476;0,03663000
ESG Muster defensiv;14.07.2023;-0,0008458943;-1.145,42;-0,0225613352;-32.169,23;-0,000825826;0,03660000
ESG Muster defensiv;15.07.2023;0,0000351935;47,62;-0,0225279411;-32.121,61;0;0,03660000
ESG Muster defensiv;16.07.2023;0,0000351923;47,62;-0,0224945471;-32.074,00;0;0,03660000
ESG Muster defensiv;17.07.2023;-0,0006542340;-885,21;-0,0231162809;-32.959,21;0,000493448;0,03685000
ESG Muster defensiv;18.07.2023;0,0055842772;7.550,85;-0,0178211113;-25.408,36;0,005367727;0,03705000
ESG Muster defensiv;19.07.2023;0,0002538953;345,22;-0,0175796609;-25.063,13;-0,000658213;0,03646000
ESG Muster defensiv;20.07.2023;-0,0002885150;-392,40;-0,0178555894;-25.455,53;-0,002503665;0,03698000
ESG Muster defensiv;21.07.2023;0,0003512377;477,57;-0,0175212845;-24.977,96;0,001094093;0,03721000
ESG Muster defensiv;22.07.2023;0,0000350590;47,69;-0,0174878347;-24.930,28;0;0,03721000
ESG Muster defensiv;23.07.2023;0,0000350578;47,69;-0,0174543848;-24.882,59;0;0,03721000
ESG Muster defensiv;24.07.2023;0,0029338223;3.990,70;-0,0146555971;-20.891,89;0,002635415;0,03716000
ESG Muster defensiv;25.07.2023;0,0008599353;1.173,15;-0,0138331706;-19.718,74;0,000015897;0,03705000
ESG Muster defensiv;26.07.2023;-0,0024372831;-3.327,87;-0,0161683763;-23.046,62;-0,002771788;0,03714000
ESG Muster defensiv;27.07.2023;0,0029594271;4.030,96;-0,0133409633;-19.015,65;0,002674567;0,03714000
ESG Muster defensiv;28.07.2023;-0,0010151845;-1.386,85;-0,0143144947;-20.402,50;0,001296911;0,03725000
ESG Muster defensiv;29.07.2023;0,0000414390;56,55;-0,0142748171;-20.345,95;0;0,03725000
ESG Muster defensiv;30.07.2023;0,0000414373;56,55;-0,0142351395;-20.289,40;0;0,03725000
ESG Muster defensiv;31.07.2023;0,0016055378;2.191,29;-0,0126982051;-18.098,11;0,000685466;0,03715000
ESG Muster defensiv;01.08.2023;-0,0015008275;-2.051,67;-0,0141382579;-20.149,78;-0,002540565;0,03723000
ESG Muster defensiv;02.08.2023;-0,0026089013;-3.561,08;-0,0166375496;-23.710,85;-0,000432454;0,03733000
ESG Muster defensiv;03.08.2023;-0,0025470481;-3.467,58;-0,0190714204;-27.178,43;-0,001627550;0,03722000
ESG Muster defensiv;04.08.2023;-0,0022059055;-2.995,49;-0,0211741940;-30.173,93;-0,000450440;0,03743000
ESG Muster defensiv;05.08.2023;0,0000375448;50,87;-0,0211384957;-30.123,05;0;0,03743000
ESG Muster defensiv;06.08.2023;0,0000375434;50,87;-0,0211027974;-30.072,18;0;0,03743000
ESG Muster defensiv;07.08.2023;0,0010037817;1.360,17;-0,0201490710;-28.712,01;0,000760160;0,03754000
ESG Muster defensiv;08.08.2023;0,0024517834;3.308,98;-0,0178277304;-25.403,03;0,003241028;0,03765000
ESG Muster defensiv;09.08.2023;-0,0004176617;-565,07;-0,0182250919;-25.968,10;-0,001339901;0,03759000
ESG Muster defensiv;10.08.2023;-0,0011650069;-1.575,52;-0,0193316759;-27.543,61;-0,000457653;0,03788000
ESG Muster defensiv;11.08.2023;-0,0019699730;-2.661,02;-0,0212002566;-30.204,63;-0,003801710;0,03781000
ESG Muster defensiv;12.08.2023;0,0000372789;50,26;-0,0211649821;-30.154,38;0;0,03781000
ESG Muster defensiv;13.08.2023;0,0000372775;50,26;-0,0211297075;-30.104,12;0;0,03781000
ESG Muster defensiv;14.08.2023;-0,0004724231;-636,93;-0,0215777035;-30.741,05;-0,000110611;0,03799000
ESG Muster defensiv;15.08.2023;-0,0026055516;-3.511,22;-0,0240433381;-34.252,28;-0,002922211;0,03787000
ESG Muster defensiv;16.08.2023;-0,0006937981;-932,52;-0,0246989897;-35.184,80;0,001021738;0,03798000
ESG Muster defensiv;17.08.2023;-0,0029694505;-3.988,41;-0,0274999608;-39.173,21;-0,002144013;0,03815000
ESG Muster defensiv;18.08.2023;0,0009323017;1.248,50;-0,0266246479;-37.924,71;0,001812358;0,03816000
ESG Muster defensiv;19.08.2023;0,0000375841;50,38;-0,0265892805;-37.874,33;0;0,03816000
ESG Muster defensiv;20.08.2023;0,0000375827;50,38;-0,0265539131;-37.823,95;0;0,03816000
ESG Muster defensiv;21.08.2023;-0,0026796733;-3.592,13;-0,0290769788;-41.416,08;-0,002393622;0,03806000
ESG Muster defensiv;22.08.2023;0,0030514487;4.079,54;-0,0262139836;-37.336,55;0,001999243;0,03808000
ESG Muster defensiv;23.08.2023;0,0056232788;7.540,80;-0,0209204826;-29.795,74;0,005705670;0,03826000
ESG Muster defensiv;24.08.2023;0,0012885417;1.737,65;-0,0197012684;-28.058,10;-0,000614110;0,03784000
ESG Muster defensiv;25.08.2023;-0,0021719085;-2.932,68;-0,0217614003;-30.990,77;-0,001544455;0,03788000
ESG Muster defensiv;26.08.2023;0,0000374259;50,43;-0,0217259920;-30.940,35;0;0,03788000
ESG Muster defensiv;27.08.2023;0,0000374245;50,43;-0,0216905837;-30.889,92;0;0,03788000
ESG Muster defensiv;28.08.2023;0,0015498101;2.088,28;-0,0202250714;-28.801,64;0,000162074;0,03771000
ESG Muster defensiv;29.08.2023;0,0031005246;4.184,26;-0,0172875358;-24.617,38;0,003576037;0,03783000
ESG Muster defensiv;30.08.2023;-0,0016757332;-2.268,47;-0,0188813618;-26.885,85;-0,001099482;0,03803000
ESG Muster defensiv;31.08.2023;0,0040937206;5.532,45;-0,0149966707;-21.353,40;0,004275653;0,03795000
ESG Muster defensiv;01.09.2023;0,0004833827;655,94;-0,0145366081;-20.697,46;-0,001871072;0,03770000
ESG Muster defensiv;02.09.2023;0,0000352674;47,88;-0,0145029800;-20.649,58;0;0,03770000
ESG Muster defensiv;03.09.2023;0,0000352661;47,88;-0,0144693518;-20.601,70;0;0,03770000
ESG Muster defensiv;04.09.2023;-0,0008185906;-1.111,43;-0,0152505873;-21.713,12;-0,001706912;0,03798000
ESG Muster defensiv;05.09.2023;0,0000874210;118,60;-0,0151679220;-21.594,53;-0,000908491;0,03802000
ESG Muster defensiv;06.09.2023;-0,0032104008;-4.355,68;-0,0182280934;-25.950,20;-0,002842432;0,03795000
ESG Muster defensiv;07.09.2023;0,0009839389;1.330,66;-0,0172941200;-24.619,54;0,000740602;0,03799000
ESG Muster defensiv;08.09.2023;0,0001799913;243,66;-0,0171236716;-24.375,88;0,001282169;0,03800000
ESG Muster defensiv;09.09.2023;0,0000374169;50,66;-0,0170880832;-24.325,22;0;0,03800000
ESG Muster defensiv;10.09.2023;0,0000374155;50,66;-0,0170524947;-24.274,56;0;0,03800000
ESG Muster defensiv;11.09.2023;-0,0006895653;-933,71;-0,0177091446;-25.208,27;-0,000112263;0,03822000
ESG Muster defensiv;12.09.2023;-0,0007753447;-1.049,14;-0,0184469388;-26.257,41;-0,000652437;0,03824000
ESG Muster defensiv;13.09.2023;-0,0007643877;-1.033,51;-0,0191738119;-27.290,92;-0,001722974;0,03845000
ESG Muster defensiv;14.09.2023;0,0058858911;7.952,09;-0,0135874608;-19.338,83;0,004383721;0,03867000
ESG Muster defensiv;15.09.2023;0,0000146861;19,96;-0,0135739934;-19.318,88;-0,002283910;0,03878000
ESG Muster defensiv;16.09.2023;0,0000372998;50,69;-0,0135383765;-19.268,18;0;0,03878000
ESG Muster defensiv;17.09.2023;0,0000372984;50,69;-0,0135027595;-19.217,49;0;0,03878000
ESG Muster defensiv;18.09.2023;-0,0028845904;-3.920,49;-0,0162580737;-23.137,99;-0,002843497;0,03903000
ESG Muster defensiv;19.09.2023;-0,0012278091;-1.663,92;-0,0174279496;-24.801,91;-0,001304629;0,03934000
ESG Muster defensiv;20.09.2023;0,0015703440;2.125,51;-0,0159350305;-22.676,40;0,001225829;0,03934000
ESG Muster defensiv;21.09.2023;-0,0041527958;-5.629,77;-0,0198919549;-28.306,17;-0,002324453;0,03955000
ESG Muster defensiv;22.09.2023;-0,0000424260;-57,28;-0,0199330105;-28.363,44;0,000211607;0,03958000
ESG Muster defensiv;23.09.2023;0,0000375548;50,70;-0,0198973816;-28.312,74;0;0,03958000
ESG Muster defensiv;24.09.2023;0,0000375534;50,70;-0,0198617526;-28.262,05;0;0,03958000
ESG Muster defensiv;25.09.2023;0,0007639267;1.031,36;-0,0191377165;-27.230,69;-0,000711293;0,03977000
ESG Muster defensiv;26.09.2023;-0,0031994840;-4.322,83;-0,0221766924;-31.553,52;-0,001942709;0,03941000
ESG Muster defensiv;27.09.2023;-0,0001762982;-237,43;-0,0223444640;-31.790,96;-0,000845738;0,03972000
ESG Muster defensiv;28.09.2023;-0,0067568286;-9.098,36;-0,0287404487;-40.889,32;-0,004575090;0,03955000
ESG Muster defensiv;29.09.2023;0,0036186806;4.839,78;-0,0253396524;-36.049,53;0,006313502;0,03952000
ESG Muster defensiv;30.09.2023;0,0000381339;51,19;-0,0253036728;-35.998,35;0;0,03952000
ESG Muster defensiv;01.10.2023;0,0000381324;51,19;-0,0252676931;-35.947,16;0;0,03952000
ESG Muster defensiv;02.10.2023;-0,0017824072;-2.392,68;-0,0269506087;-38.339,84;-0,002340839;0,03951000
ESG Muster defensiv;03.10.2023;-0,0031786367;-4.259,35;-0,0299458675;-42.599,19;-0,002251824;0,03964000
ESG Muster defensiv;04.10.2023;-0,0037966624;-5.071,33;-0,0335121787;-47.670,53;-0,000375141;0,03962000
ESG Muster defensiv;05.10.2023;0,0011364935;1.512,29;-0,0324503265;-46.158,24;0,002322430;0,03972000
ESG Muster defensiv;06.10.2023;0,0013862623;1.846,74;-0,0311532487;-44.311,49;0,001083172;0,03983000
ESG Muster defensiv;07.10.2023;0,0000383606;51,17;-0,0311172708;-44.260,32;0;0,03983000
ESG Muster defensiv;08.10.2023;0,0000383591;51,17;-0,0310812930;-44.209,14;0;0,03983000
ESG Muster defensiv;09.10.2023;0,0032886541;4.387,47;-0,0279977739;-39.821,67;0,004089454;0,03980000
ESG Muster defensiv;10.10.2023;0,0032901694;4.403,93;-0,0249024388;-35.417,74;0,001187050;0,03988000
ESG Muster defensiv;11.10.2023;0,0022691981;3.047,34;-0,0227607226;-32.370,40;0,001143144;0,03952000
ESG Muster defensiv;12.10.2023;0,0018114042;2.438,08;-0,0210472441;-29.932,31;-0,001819999;0,03965000
ESG Muster defensiv;13.10.2023;0,0018434174;2.485,67;-0,0193001703;-27.446,64;0,000085654;0,03985000
ESG Muster defensiv;14.10.2023;0,0000358910;48,48;-0,0192660764;-27.398,16;0;0,03985000
ESG Muster defensiv;15.10.2023;0,0000358897;48,48;-0,0192319825;-27.349,68;0;0,03985000
ESG Muster defensiv;16.10.2023;-0,0022432061;-3.030,54;-0,0213638499;-30.380,21;-0,000797409;0,03975000
ESG Muster defensiv;17.10.2023;-0,0024707452;-3.330,45;-0,0237067929;-33.710,66;-0,003698392;0,03972000
ESG Muster defensiv;18.10.2023;-0,0010940484;-1.471,08;-0,0247422772;-35.181,74;-0,002648162;0,03993000
ESG Muster defensiv;19.10.2023;-0,0033681125;-4.523,89;-0,0279248683;-39.705,63;-0,002054891;0,04002000
ESG Muster defensiv;20.10.2023;-0,0015504808;-2.075,52;-0,0293857032;-41.781,15;0,000873648;0,03969000
ESG Muster defensiv;21.10.2023;0,0000362268;48,42;-0,0293516489;-41.732,73;0;0,03969000
ESG Muster defensiv;22.10.2023;0,0000362255;48,42;-0,0293175946;-41.684,31;0;0,03969000
ESG Muster defensiv;23.10.2023;-0,0025005666;-3.342,38;-0,0316695866;-45.026,69;-0,000328153;0,03956000
ESG Muster defensiv;24.10.2023;0,0039892977;5.318,96;-0,0279295573;-39.707,73;0,003104829;0,03941000
ESG Muster defensiv;25.10.2023;0,0008729040;1.168,49;-0,0271086993;-38.539,24;-0,001611338;0,03938000
ESG Muster defensiv;26.10.2023;0,0003985371;533,96;-0,0267341276;-38.005,28;0,000467784;0,03952000
ESG Muster defensiv;27.10.2023;-0,0006417786;-860,19;-0,0273402532;-38.865,48;0,000592114;0,03948000
ESG Muster defensiv;28.10.2023;0,0000361653;48,44;-0,0273061761;-38.817,03;0;0,03948000
ESG Muster defensiv;29.10.2023;0,0000361639;48,44;-0,0272720990;-38.768,59;0;0,03948000
ESG Muster defensiv;30.10.2023;0,0005900775;790,45;-0,0267170636;-37.978,14;0,001327200;0,03968000
ESG Muster defensiv;31.10.2023;0,0011379045;1.525,20;-0,0256450788;-36.452,95;0,002268171;0,03972000
ESG Muster defensiv;01.11.2023;0,0029504208;3.959,11;-0,0228606574;-32.493,83;0,003141623;0,03953000
ESG Muster defensiv;02.11.2023;0,0040283319;5.421,49;-0,0190471476;-27.072,35;0,003440680;0,03974000
ESG Muster defensiv;03.11.2023;0,0012271722;1.658,23;-0,0178811455;-25.414,11;0,002138479;0,03956000
ESG Muster defensiv;04.11.2023;0,0000357535;48,37;-0,0178471116;-25.365,74;0;0,03956000
ESG Muster defensiv;05.11.2023;0,0000357522;48,37;-0,0178130778;-25.317,37;0;0,03956000
ESG Muster defensiv;06.11.2023;-0,0011759969;-1.591,14;-0,0189332999;-26.908,51;-0,002440564;0,03963000
ESG Muster defensiv;07.11.2023;0,0013081520;1.767,87;-0,0176900560;-25.140,65;0,001870049;0,03966000
ESG Muster defensiv;08.11.2023;-0,0016970735;-2.296,47;-0,0193066698;-27.437,11;0,001213262;0,03973000
ESG Muster defensiv;09.11.2023;0,0013496893;1.823,29;-0,0180243443;-25.613,82;0,000091737;0,03987000
ESG Muster defensiv;10.11.2023;-0,0029640415;-4.009,52;-0,0208465979;-29.623,34;-0,002032685;0,03992000
ESG Muster defensiv;11.11.2023;0,0000358893;48,40;-0,0208125347;-29.574,94;0;0,03992000
ESG Muster defensiv;12.11.2023;0,0000358881;48,40;-0,0207784715;-29.526,53;0;0,03992000
ESG Muster defensiv;13.11.2023;-0,0001324490;-178,65;-0,0209049625;-29.705,18;0,000156728;0,04002000
ESG Muster defensiv;14.11.2023;0,0039431471;5.317,84;-0,0171631751;-24.387,34;0,006471746;0,03997000
ESG Muster defensiv;15.11.2023;0,0022768486;3.082,73;-0,0149941805;-21.304,61;0,000999879;0,03994000
ESG Muster defensiv;16.11.2023;0,0013557336;1.839,77;-0,0136998532;-19.464,84;0,002188500;0,04002000
ESG Muster defensiv;17.11.2023;-0,0004536138;-616,40;-0,0141342096;-20.081,24;0,000121777;0,03984000
ESG Muster defensiv;18.11.2023;0,0000355138;48,24;-0,0141002581;-20.033,00;0;0,03984000
ESG Muster defensiv;19.11.2023;0,0000355126;48,24;-0,0140663066;-19.984,77;0;0,03984000
ESG Muster defensiv;20.11.2023;-0,0007794798;-1.058,81;-0,0148120891;-21.043,57;-0,001123255;0,03962000
ESG Muster defensiv;21.11.2023;0,0019471600;2.642,86;-0,0129523113;-18.400,71;0,001789343;0,03973000
ESG Muster defensiv;22.11.2023;0,0008737320;1.188,22;-0,0121163622;-17.212,49;0,000442167;0,03962000
ESG Muster defensiv;23.11.2023;-0,0007654034;-1.041,81;-0,0128501852;-18.254,30;-0,001956068;0,03956000
ESG Muster defensiv;24.11.2023;-0,0011849413;-1.611,61;-0,0139851928;-19.865,92;-0,000709765;0,03935000
ESG Muster defensiv;25.11.2023;0,0000412587;56,05;-0,0139457357;-19.809,87;0;0,03935000
ESG Muster defensiv;26.11.2023;0,0000412570;56,05;-0,0139062786;-19.753,82;0;0,03935000
ESG Muster defensiv;27.11.2023;0,0013851593;1.881,85;-0,0125819493;-17.871,97;0,003725168;0,03951000
ESG Muster defensiv;28.11.2023;0,0017042488;2.318,57;-0,0109500625;-15.553,40;0,002738524;0,03955000
ESG Muster defensiv;29.11.2023;0,0041127325;5.604,75;-0,0070044011;-9.948,65;0,004814444;0,03975000
ESG Muster defensiv;30.11.2023;0,0024704507;3.380,53;-0,0046244882;-6.568,12;-0,000273082;0,03964000
ESG Muster defensiv;01.12.2023;0,0054727466;7.507,33;0,0006612967;939,20;0,006287432;0,03960000
ESG Muster defensiv;02.12.2023;0,0000404351;55,77;0,0007005655;994,97;0;0,03960000
ESG Muster defensiv;03.12.2023;0,0000404335;55,77;0,0007398342;1.050,74;0;0,03960000
ESG Muster defensiv;04.12.2023;0,0006255776;862,91;0,0013474635;1.913,66;0,001153667;0,03962000
ESG Muster defensiv;05.12.2023;0,0021088401;2.910,72;0,0033971124;4.824,38;0,003562489;0,03958000
ESG Muster defensiv;06.12.2023;0,0040003397;5.533,10;0,0072935369;10.357,48;0,001710885;0,03950000
ESG Muster defensiv;07.12.2023;-0,0000319011;-44,30;0,0072625981;10.313,18;0,001162596;0,03969000
ESG Muster defensiv;08.12.2023;-0,0020711836;-2.876,14;0,0052373870;7.437,03;-0,002833653;0,03950000
ESG Muster defensiv;09.12.2023;0,0000387903;53,75;0,0052752425;7.490,79;0;0,03950000
ESG Muster defensiv;10.12.2023;0,0000410659;56,91;0,0053153204;7.547,70;0;0,03950000
ESG Muster defensiv;11.12.2023;0,0002325391;322,27;0,0055424691;7.869,97;0,000658722;0,03958000
ESG Muster defensiv;12.12.2023;-0,0006795690;-942,02;0,0048792172;6.927,95;0,000846172;0,03928000
ESG Muster defensiv;13.12.2023;0,0020718264;2.870,02;0,0069007581;9.797,97;0,002644013;0,03925000
ESG Muster defensiv;14.12.2023;0,0043729399;6.070,22;0,0111764312;15.868,19;0,003940448;0,03932000
ESG Muster defensiv;15.12.2023;0,0044331252;6.180,67;0,0155302015;22.048,86;0,003668176;0,03920000
ESG Muster defensiv;16.12.2023;0,0000406596;56,94;0,0155703067;22.105,80;0;0,03920000
ESG Muster defensiv;17.12.2023;0,0000406579;56,94;0,0156104119;22.162,74;0;0,03920000
ESG Muster defensiv;18.12.2023;-0,0031150875;-4.362,67;0,0125379852;17.800,07;-0,001503605;0,03938000
ESG Muster defensiv;19.12.2023;0,0018576542;2.593,53;0,0143653133;20.393,60;0,002176417;0,03923000
ESG Muster defensiv;20.12.2023;0,0021423619;2.996,58;0,0164766838;23.390,18;0,001354316;0,03916000
ESG Muster defensiv;21.12.2023;0,0001152461;161,54;0,0165910525;23.551,73;0,001464121;0,03916000
ESG Muster defensiv;22.12.2023;0,0029200243;4.093,54;0,0194754247;27.645,27;0,000407993;0,03931000
ESG Muster defensiv;23.12.2023;0,0000404398;56,86;0,0195154795;27.702,12;0;0,03931000
ESG Muster defensiv;24.12.2023;0,0000404382;56,86;0,0195555342;27.758,98;0;0,03931000
ESG Muster defensiv;25.12.2023;0,0000005514;0,78;0,0195567531;27.759,76;0,000007992;0,03931000
ESG Muster defensiv;26.12.2023;-0,0004212822;-592,36;0,0191400907;27.167,39;0,000126516;0,03931000
ESG Muster defensiv;27.12.2023;0,0005784876;813,07;0,0197135897;27.980,46;0,002276412;0,03925000
ESG Muster defensiv;28.12.2023;0,0008861052;1.246,14;0,0205922608;29.226,60;-0,000241571;0,03893000
ESG Muster defensiv;29.12.2023;-0,0010584294;-1.489,80;0,0195432523;27.736,80;-0,002234804;0,03909000
ESG Muster defensiv;30.12.2023;0,0000404251;56,84;0,0195833019;27.793,64;0;0,03909000
ESG Muster defensiv;31.12.2023;0,0000311913;43,86;0,0196142048;27.837,50;0;0,03909000
ESG Muster defensiv;01.01.2024;-0,0001463641;-205,81;0,0194698516;27.631,68;0,000000719;0,03909000
ESG Muster defensiv;02.01.2024;0,0002937899;413,06;0,0197615714;28.044,74;-0,001420060;0,03905000
ESG Muster defensiv;03.01.2024;-0,0025388813;-3.570,63;0,0172461319;24.474,11;-0,001285313;0,03929000
ESG Muster defensiv;04.01.2024;-0,0040303799;-5.653,85;0,0132624921;18.820,27;-0,003569416;0,03922000
ESG Muster defensiv;05.01.2024;-0,0013622465;-1.903,27;0,0119216757;16.917,00;-0,001759182;0,03936000
ESG Muster defensiv;06.01.2024;0,0000407834;56,90;0,0119617762;16.973,90;0;0,03936000
ESG Muster defensiv;07.01.2024;0,0000407818;56,90;0,0120018767;17.030,80;0;0,03936000
ESG Muster defensiv;08.01.2024;0,0005285054;737,46;0,0125219956;17.768,26;0,001354036;0,03925000
ESG Muster defensiv;09.01.2024;0,0003731073;520,90;0,0128895236;18.289,16;-0,001633295;0,03928000
ESG Muster defensiv;10.01.2024;-0,0015129061;-2.112,96;0,0114007693;16.176,20;-0,000891578;0,03936000
ESG Muster defensiv;11.01.2024;0,0005559537;775,28;0,0119475771;16.951,48;0,000072607;0,03942000
ESG Muster defensiv;12.01.2024;0,0059989698;8.370,27;0,0178476258;25.321,75;0,003470682;0,03932000
ESG Muster defensiv;13.01.2024;0,0000407472;57,19;0,0178879388;25.378,95;0;0,03932000
ESG Muster defensiv;14.01.2024;0,0000407455;57,19;0,0179282517;25.436,14;0;0,03932000
ESG Muster defensiv;15.01.2024;-0,0009873522;-1.386,02;0,0169519047;24.050,13;-0,001714520;0,03928000
ESG Muster defensiv;16.01.2024;-0,0007905549;-1.108,66;0,0161709928;22.941,47;-0,001032284;0,03894000
ESG Muster defensiv;17.01.2024;-0,0058112893;-8.143,22;0,0104313442;14.798,25;-0,004680829;0,03903000
ESG Muster defensiv;18.01.2024;0,0010133316;1.411,70;0,0114268372;16.209,96;0,000865490;0,03970000
ESG Muster defensiv;19.01.2024;0,0016121401;2.248,20;0,0130120823;18.458,16;0,000040188;0,03958000
ESG Muster defensiv;20.01.2024;0,0000409746;57,23;0,0130524287;18.515,39;0;0,03958000
ESG Muster defensiv;21.01.2024;0,0000409729;57,23;0,0130927751;18.572,62;0;0,03958000
ESG Muster defensiv;22.01.2024;0,0031772660;4.438,34;0,0162221189;23.010,97;0,002886758;0,03945000
ESG Muster defensiv;23.01.2024;0,0004083392;572,22;0,0166260663;23.583,19;-0,000887524;0,03948000
ESG Muster defensiv;24.01.2024;-0,0008801472;-1.233,89;0,0157566910;22.349,30;0,000988062;0,03929000
ESG Muster defensiv;25.01.2024;0,0031501841;4.412,41;0,0188681413;26.761,71;0,003741203;0,03925000
ESG Muster defensiv;26.01.2024;0,0001497173;210,37;0,0190170780;26.972,07;0,000118875;0,03887000
ESG Muster defensiv;27.01.2024;0,0000407512;57,27;0,0190574556;27.029,34;0;0,03887000
ESG Muster defensiv;28.01.2024;0,0000407496;57,27;0,0190978333;27.086,61;0;0,03887000
ESG Muster defensiv;29.01.2024;0,0041758778;5.868,86;0,0232365208;32.955,47;0,003867465;0,03912000
ESG Muster defensiv;30.01.2024;-0,0001408210;-198,74;0,0230971404;32.756,73;-0,001787611;0,03897000
ESG Muster defensiv;31.01.2024;0,0035380061;4.992,45;0,0266182310;37.749,18;0,003852367;0,03905000
ESG Muster defensiv;01.02.2024;-0,0005768561;-816,88;0,0260430638;36.932,30;0,000809758;0,03884000
ESG Muster defensiv;02.02.2024;-0,0006534597;-924,82;0,0253917383;36.007,48;-0,004323520;0,03900000
ESG Muster defensiv;03.02.2024;0,0000372289;52,65;0,0254288690;36.060,14;0;0,03900000
ESG Muster defensiv;04.02.2024;0,0000372275;52,65;0,0254659998;36.112,79;0;0,03900000
ESG Muster defensiv;05.02.2024;-0,0021708912;-3.070,61;0,0233014172;33.042,18;-0,003032391;0,03922000
ESG Muster defensiv;06.02.2024;0,0001690246;238,56;0,0234704001;33.280,74;0,001481451;0,03932000
ESG Muster defensiv;07.02.2024;0,0010212997;1.441,68;0,0244878921;34.722,42;0,000041448;0,03895000
ESG Muster defensiv;08.02.2024;-0,0013097170;-1.850,70;0,0231834277;32.871,72;-0,002159969;0,03898000
ESG Muster defensiv;09.02.2024;-0,0015548298;-2.194,18;0,0216366245;30.677,53;-0,001747994;0,03891000
ESG Muster defensiv;10.02.2024;0,0000407944;57,48;0,0216771645;30.735,01;0;0,03891000
ESG Muster defensiv;11.02.2024;0,0000407928;57,48;0,0217177046;30.792,49;0;0,03891000
ESG Muster defensiv;12.02.2024;0,0012082923;1.702,64;0,0229192882;32.495,13;0,001474236;0,03912000
ESG Muster defensiv;13.02.2024;-0,0013694296;-1.932,03;0,0215572816;30.563,10;-0,002359347;0,03901000
ESG Muster defensiv;14.02.2024;0,0004396269;619,39;0,0219948545;31.182,49;0,002020228;0,03922000
ESG Muster defensiv;15.02.2024;0,0011388791;1.605,27;0,0231278746;32.787,76;0,001080447;0,03915000
ESG Muster defensiv;16.02.2024;-0,0000692297;-97,69;0,0230596903;32.690,07;-0,002185981;0,03933000
ESG Muster defensiv;17.02.2024;0,0000407935;57,56;0,0231002939;32.747,63;0;0,03933000
ESG Muster defensiv;18.02.2024;0,0000407919;57,56;0,0231408974;32.805,19;0;0,03933000
ESG Muster defensiv;19.02.2024;0,0004276263;603,44;0,0235673060;33.408,63;0,000062000;0,03932000
ESG Muster defensiv;20.02.2024;-0,0001388344;-196,00;0,0234297776;33.212,63;0,000744611;0,03943000
ESG Muster defensiv;21.02.2024;-0,0020789799;-2.934,58;0,0213602545;30.278,05;-0,001676187;0,03946000
ESG Muster defensiv;22.02.2024;0,0028503643;4.015,06;0,0241935105;34.293,11;0,001765919;0,03945000
ESG Muster defensiv;23.02.2024;0,0021910076;3.095,08;0,0263778823;37.388,19;0,002373435;0,03933000
ESG Muster defensiv;24.02.2024;0,0000406363;57,53;0,0264184703;37.445,71;0;0,03933000
ESG Muster defensiv;25.02.2024;0,0000406347;57,53;0,0264590583;37.503,24;0;0,03933000
ESG Muster defensiv;26.02.2024;-0,0022227705;-3.147,08;0,0242395019;34.356,16;-0,002161821;0,03952000
ESG Muster defensiv;27.02.2024;0,0004373494;617,84;0,0246761738;34.974,00;-0,000062286;0,03952000
ESG Muster defensiv;28.02.2024;-0,0011814094;-1.669,70;0,0234988340;33.304,31;-0,000660203;0,03942000
ESG Muster defensiv;29.02.2024;0,0019836527;2.800,20;0,0254753827;36.104,51;0,001889924;0,03937000
ESG Muster defensiv;01.03.2024;0,0031767494;4.493,32;0,0286467530;40.597,82;0,001684196;0,03938000
ESG Muster defensiv;02.03.2024;0,0000417475;59,24;0,0286885518;40.657,06;0;0,03938000
ESG Muster defensiv;03.03.2024;0,0000417457;59,24;0,0287303506;40.716,30;0;0,03938000
ESG Muster defensiv;04.03.2024;0,0015020342;2.131,46;0,0302352870;42.847,76;-0,000323975;0,03932000
ESG Muster defensiv;05.03.2024;0,0003514122;499,42;0,0305886373;43.347,18;0,002524475;0,03926000
ESG Muster defensiv;06.03.2024;0,0012587960;1.789,61;0,0318524755;45.136,79;-0,000696978;0,03942000
ESG Muster defensiv;07.03.2024;0,0035414908;5.041,21;0,0354110738;50.177,99;0,002591706;0,03929000
ESG Muster defensiv;08.03.2024;0,0025118529;3.588,21;0,0379444625;53.766,20;0,002293527;0,03940000
ESG Muster defensiv;09.03.2024;0,0000416407;59,63;0,0379865477;53.825,84;0;0,03940000
ESG Muster defensiv;10.03.2024;0,0000416390;59,63;0,0380286330;53.885,47;0;0,03940000
ESG Muster defensiv;11.03.2024;-0,0012513712;-1.792,24;0,0367649121;52.093,23;-0,001270980;0,03928000
ESG Muster defensiv;12.03.2024;-0,0004828280;-690,65;0,0362785834;51.402,58;0,000717855;0,03929000
ESG Muster defensiv;13.03.2024;-0,0004713085;-673,85;0,0358040826;50.728,74;-0,001127629;0,03940000
ESG Muster defensiv;14.03.2024;-0,0020172643;-2.882,80;0,0337704381;47.845,94;-0,002164784;0,03928000
ESG Muster defensiv;15.03.2024;-0,0020354730;-2.902,95;0,0317224438;44.942,99;-0,001511392;0,03928000
ESG Muster defensiv;16.03.2024;0,0000419147;59,66;0,0317645514;45.002,65;0;0,03928000
ESG Muster defensiv;17.03.2024;0,0000419130;59,66;0,0318066590;45.062,30;0;0,03928000
ESG Muster defensiv;18.03.2024;0,0008762735;1.247,28;0,0326880206;46.309,59;0,000030448;0,03928000
ESG Muster defensiv;19.03.2024;0,0012566951;1.790,34;0,0339527667;48.099,93;0,002073957;0,03935000
ESG Muster defensiv;20.03.2024;-0,0005808924;-828,60;0,0333688693;47.271,32;0,000153034;0,03922000
ESG Muster defensiv;21.03.2024;0,0050478064;7.196,18;0,0384498051;54.467,50;0,002682006;0,03926000
ESG Muster defensiv;22.03.2024;0,0030285990;4.339,38;0,0415143049;58.806,88;0,002988143;0,03903000
ESG Muster defensiv;23.03.2024;0,0000415301;59,68;0,0415564388;58.866,57;0;0,03903000
ESG Muster defensiv;24.03.2024;0,0000415284;59,68;0,0415985727;58.926,25;0;0,03903000
ESG Muster defensiv;25.03.2024;-0,0024722080;-3.553,21;0,0390913736;55.373,05;-0,002222411;0,03886000
ESG Muster defensiv;26.03.2024;0,0008806897;1.262,65;0,0399839448;56.635,70;0,001057705;0,03902000
ESG Muster defensiv;27.03.2024;0,0035598648;5.108,30;0,0435916146;61.743,99;0,003121087;0,03908000
ESG Muster defensiv;28.03.2024;0,0023722771;3.416,26;0,0460048739;65.160,26;0,000254660;0,03892000
ESG Muster defensiv;29.03.2024;0,0000348208;50,26;0,0460417174;65.210,52;0,000020985;0,03892000
ESG Muster defensiv;30.03.2024;0,0000392921;56,72;0,0460817643;65.267,24;0;0,03892000
ESG Muster defensiv;31.03.2024;0,0000326876;47,19;0,0461150812;65.314,43;0;0,03892000
ESG Muster defensiv;01.04.2024;0,0006038829;871,79;0,0467319827;66.186,22;0,000107040;0,03892000
ESG Muster defensiv;02.04.2024;-0,0035542812;-5.134,23;0,0431081306;61.051,99;-0,003489224;0,03883000
ESG Muster defensiv;03.04.2024;-0,0001428716;-205,65;0,0429641826;60.846,35;0,000266149;0,03857000
ESG Muster defensiv;04.04.2024;0,0016875377;2.428,67;0,0446803945;63.275,02;0,001238792;0,03891000
ESG Muster defensiv;05.04.2024;-0,0005272243;-760,05;0,0441449856;62.514,97;-0,001609604;0,03885000
ESG Muster defensiv;06.04.2024;0,0000415002;59,80;0,0441872102;62.574,76;0;0,03885000
ESG Muster defensiv;07.04.2024;0,0000414985;59,80;0,0442294348;62.634,56;0;0,03885000
ESG Muster defensiv;08.04.2024;-0,0003542914;-510,52;0,0438702043;62.124,03;-0,001207883;0,03902000
ESG Muster defensiv;09.04.2024;0,0029142086;4.197,79;0,0468359245;66.321,83;0,001727133;0,03916000
ESG Muster defensiv;10.04.2024;0,0004529618;654,37;0,0472994071;66.976,20;-0,002299983;0,03912000
ESG Muster defensiv;11.04.2024;-0,0011991046;-1.733,08;0,0460768176;65.243,12;-0,001910859;0,03906000
ESG Muster defensiv;12.04.2024;0,0058087935;8.385,44;0,0520003868;73.628,56;0,004293658;0,03923000
ESG Muster defensiv;13.04.2024;0,0000412334;59,87;0,0520426697;73.688,43;0;0,03923000
ESG Muster defensiv;14.04.2024;0,0000412317;59,87;0,0520849527;73.748,30;0;0,03923000
ESG Muster defensiv;15.04.2024;-0,0055278573;-8.026,90;0,0464172648;65.721,40;-0,003433297;0,03888000
ESG Muster defensiv;16.04.2024;-0,0027450961;-3.964,07;0,0436188002;61.757,33;-0,003623071;0,03904000
ESG Muster defensiv;17.04.2024;-0,0011350309;-1.634,55;0,0424655459;60.122,78;0,000081608;0,03895000
ESG Muster defensiv;18.04.2024;0,0000063813;9,18;0,0424732432;60.131,96;-0,000777009;0,03897000
ESG Muster defensiv;19.04.2024;-0,0024030106;-3.456,65;0,0400328370;56.675,31;-0,002083479;0,03892000
ESG Muster defensiv;20.04.2024;0,0000417167;59,86;0,0400751221;56.735,18;0;0,03892000
ESG Muster defensiv;21.04.2024;0,0000417150;59,86;0,0401174072;56.795,04;0;0,03892000
ESG Muster defensiv;22.04.2024;0,0001676602;240,61;0,0402885123;57.035,66;0,002607959;0,03891000
ESG Muster defensiv;23.04.2024;0,0000621091;89,15;0,0403526311;57.124,80;0,001457541;0,03882000
ESG Muster defensiv;24.04.2024;-0,0008204301;-1.177,69;0,0395218353;55.947,11;-0,002735766;0,03879000
ESG Muster defensiv;25.04.2024;-0,0035555667;-5.099,68;0,0359203637;50.847,43;-0,002720638;0,03864000
ESG Muster defensiv;26.04.2024;0,0035816807;5.118,87;0,0395376245;55.966,30;0,003306373;0,03865000
ESG Muster defensiv;27.04.2024;0,0000417271;59,85;0,0395799052;56.026,15;0;0,03865000
ESG Muster defensiv;28.04.2024;0,0000417254;59,85;0,0396221860;56.086,00;0;0,03865000
ESG Muster defensiv;29.04.2024;0,0016248190;2.330,67;0,0412698611;58.416,67;0,002070246;0,03835000
ESG Muster defensiv;30.04.2024;-0,0027328476;-3.926,42;0,0384970292;54.490,25;-0,004221863;0,03825000
ESG Muster defensiv;01.05.2024;-0,0008618131;-1.234,83;0,0376256868;53.255,43;-0,000161714;0,03825000
ESG Muster defensiv;02.05.2024;0,0020441554;2.926,39;0,0396943324;56.181,82;0,001486447;0,03853000
ESG Muster defensiv;03.05.2024;0,0014453599;2.060,34;0,0411514575;58.242,15;0,003124431;0,03827000
ESG Muster defensiv;04.05.2024;0,0000419067;59,82;0,0411937263;58.301,97;0;0,03827000
ESG Muster defensiv;05.05.2024;0,0000419049;59,82;0,0412359951;58.361,80;0;0,03827000
ESG Muster defensiv;06.05.2024;0,0028840040;4.117,38;0,0441466960;62.479,18;0,002458246;0,03824000
ESG Muster defensiv;07.05.2024;0,0030045245;4.301,82;0,0471879171;66.781,00;0,002770949;0,03788000
ESG Muster defensiv;08.05.2024;-0,0013765066;-1.976,78;0,0457926939;64.804,22;-0,001318162;0,03814000
ESG Muster defensiv;09.05.2024;-0,0006939081;-995,14;0,0450910519;63.809,09;-0,000600711;0,03806000
ESG Muster defensiv;10.05.2024;0,0024715983;3.542,07;0,0475957127;67.351,16;-0,000202917;0,03818000
ESG Muster defensiv;11.05.2024;0,0000426770;61,31;0,0476390407;67.412,47;0;0,03818000
ESG Muster defensiv;12.05.2024;0,0000426752;61,31;0,0476823687;67.473,78;0;0,03818000
ESG Muster defensiv;13.05.2024;-0,0017828399;-2.561,54;0,0458737539;64.912,24;0,000349602;0,03828000
ESG Muster defensiv;14.05.2024;0,0006938023;995,06;0,0465785614;65.907,30;-0,001065168;0,03824000
ESG Muster defensiv;15.05.2024;0,0038247968;5.489,38;0,0504597846;71.396,68;0,005328814;0,03816000
ESG Muster defensiv;16.05.2024;0,0005357348;771,83;0,0510070172;72.168,52;-0,001138906;0,03826000
ESG Muster defensiv;17.05.2024;-0,0005855574;-844,06;0,0504121679;71.324,45;-0,002893074;0,03830000
ESG Muster defensiv;18.05.2024;0,0000425337;61,28;0,0504554772;71.385,73;0;0,03830000
ESG Muster defensiv;19.05.2024;0,0000425319;61,28;0,0504987865;71.447,00;0;0,03830000
ESG Muster defensiv;20.05.2024;0,0014242783;2.052,03;0,0519509228;73.499,03;-0,000403104;0,03822000
ESG Muster defensiv;21.05.2024;0,0004540196;655,06;0,0524157103;74.154,09;0,001115120;0,03823000
ESG Muster defensiv;22.05.2024;-0,0026522576;-3.828,41;0,0497112818;70.325,67;-0,001312046;0,03819000
ESG Muster defensiv;23.05.2024;-0,0032417416;-4.666,90;0,0464139467;65.658,78;-0,003463491;0,03801000
ESG Muster defensiv;24.05.2024;-0,0002988610;-428,85;0,0461123440;65.229,92;0,001268528;0,03808000
ESG Muster defensiv;25.05.2024;0,0000429253;61,58;0,0461558745;65.291,50;0;0,03808000
ESG Muster defensiv;26.05.2024;0,0000429235;61,58;0,0461994050;65.353,08;0;0,03808000
ESG Muster defensiv;27.05.2024;0,0019582041;2.809,34;0,0481870061;68.162,42;0,001676789;0,03800000
ESG Muster defensiv;28.05.2024;-0,0009469084;-1.361,15;0,0472263356;66.801,28;-0,000660728;0,03785000
ESG Muster defensiv;29.05.2024;-0,0034825599;-5.001,31;0,0436920325;61.799,97;-0,003714613;0,03794000
ESG Muster defensiv;30.05.2024;-0,0007344674;-1.051,10;0,0429503502;60.748,87;-0,000257552;0,03788000
ESG Muster defensiv;31.05.2024;0,0003257271;465,81;0,0432811239;61.214,68;0,001171381;0,03785000
ESG Muster defensiv;01.06.2024;0,0000430465;61,58;0,0433246623;61.276,25;0;0,03785000
ESG Muster defensiv;02.06.2024;0,0000430446;61,58;0,0433682008;61.337,83;0;0,03785000
ESG Muster defensiv;03.06.2024;0,0027739994;3.968,59;0,0461756817;65.306,42;0,002927412;0,03782000
ESG Muster defensiv;04.06.2024;0,0013847168;1.986,52;0,0475818562;67.292,95;0,001228397;0,03772000
ESG Muster defensiv;05.06.2024;0,0029330141;4.213,55;0,0505628694;71.506,50;0,001961837;0,03752000
ESG Muster defensiv;06.06.2024;0,0000807258;116,31;0,0506467871;71.622,81;-0,001410167;0,03755000
ESG Muster defensiv;07.06.2024;-0,0027095004;-3.904,18;0,0478875932;67.718,62;-0,002828115;0,03759000
ESG Muster defensiv;08.06.2024;0,0000428630;61,60;0,0479311505;67.780,22;0;0,03759000
ESG Muster defensiv;09.06.2024;0,0000428612;61,60;0,0479747077;67.841,81;0;0,03759000
ESG Muster defensiv;10.06.2024;0,0003835660;551,24;0,0483661111;68.393,05;-0,000814252;0,03743000
ESG Muster defensiv;11.06.2024;0,0009688365;1.392,89;0,0493527542;69.785,94;0,001592370;0,03739000
ESG Muster defensiv;12.06.2024;0,0019136825;2.753,95;0,0513020379;72.539,90;0,003953106;0,03720000
ESG Muster defensiv;13.06.2024;0,0011463161;1.652,81;0,0524726594;74.192,70;0,000303147;0,03719000
ESG Muster defensiv;14.06.2024;0,0029398687;4.243,68;0,0554758062;78.436,38;0,004640460;0,03715000
ESG Muster defensiv;15.06.2024;0,0000422309;61,14;0,0555190482;78.497,52;0;0,03715000
ESG Muster defensiv;16.06.2024;0,0000422291;61,14;0,0555622902;78.558,66;0;0,03715000
ESG Muster defensiv;17.06.2024;-0,0035071983;-5.077,93;0,0519725091;73.480,73;-0,001992706;0,03711000
ESG Muster defensiv;18.06.2024;0,0021903448;3.160,19;0,0542094552;76.640,92;0,000952632;0,03717000
ESG Muster defensiv;19.06.2024;-0,0000522974;-75,62;0,0541577256;76.565,30;-0,000109431;0,03712000
ESG Muster defensiv;20.06.2024;0,0017157559;2.480,75;0,0559142726;79.046,06;-0,000469283;0,03700000
ESG Muster defensiv;21.06.2024;-0,0008710232;-1.261,54;0,0550236810;77.784,51;0,001454112;0,03686000
ESG Muster defensiv;22.06.2024;0,0000422536;61,14;0,0550669338;77.845,66;0;0,03686000
ESG Muster defensiv;23.06.2024;0,0000422518;61,14;0,0551101866;77.906,80;0;0,03686000
ESG Muster defensiv;24.06.2024;-0,0004248760;-614,88;0,0546769896;77.291,92;-0,000186580;0,03682000
ESG Muster defensiv;25.06.2024;0,0020264012;2.931,38;0,0567524981;80.223,30;0,000702201;0,03698000
ESG Muster defensiv;26.06.2024;-0,0010525244;-1.525,66;0,0556749865;78.697,64;-0,000991935;0,03722000
ESG Muster defensiv;27.06.2024;-0,0000893826;-129,43;0,0555852052;78.568,21;0,000272092;0,03695000
ESG Muster defensiv;28.06.2024;-0,0004450321;-644,35;0,0551311072;77.923,86;-0,000932580;0,03711000
ESG Muster defensiv;29.06.2024;0,0000427079;61,81;0,0551748363;77.985,67;0;0,03711000
ESG Muster defensiv;30.06.2024;0,0000427061;61,81;0,0552185654;78.047,48;0;0,03711000
ESG Muster defensiv;01.07.2024;-0,0016267769;-2.354,51;0,0535544581;75.692,97;-0,003213625;0,03709000
ESG Muster defensiv;02.07.2024;-0,0000470595;-68,00;0,0535080508;75.624,96;-0,000019395;0,03714000
ESG Muster defensiv;03.07.2024;0,0033189008;4.795,56;0,0569029371;80.420,53;0,002681616;0,03705000
ESG Muster defensiv;04.07.2024;0,0001250417;181,28;0,0570330115;80.601,81;-0,000653648;0,03708000
ESG Muster defensiv;05.07.2024;0,0017786464;2.578,86;0,0588596530;83.180,67;0,002049976;0,03712000
ESG Muster defensiv;06.07.2024;0,0000428211;62,20;0,0589036642;83.242,87;0;0,03712000
ESG Muster defensiv;07.07.2024;0,0000428193;62,20;0,0589476755;83.305,06;0;0,03712000
ESG Muster defensiv;08.07.2024;0,0003918496;569,20;0,0593523262;83.874,27;0,000914938;0,03699000
ESG Muster defensiv;09.07.2024;-0,0015513104;-2.254,33;0,0577589094;81.619,94;-0,001689824;0,03708000
ESG Muster defensiv;10.07.2024;0,0038084378;5.525,74;0,0616711791;87.145,68;0,002359141;0,03704000
ESG Muster defensiv;11.07.2024;0,0043411713;6.322,68;0,0661476880;93.468,36;0,002960508;0,03685000
ESG Muster defensiv;12.07.2024;-0,0009979926;-1.459,83;0,0651166040;92.008,53;0,000352585;0,03664000
ESG Muster defensiv;13.07.2024;0,0000427749;62,51;0,0651608418;92.071,04;0;0,03664000
ESG Muster defensiv;14.07.2024;0,0000427730;62,51;0,0652050797;92.133,55;0;0,03664000
ESG Muster defensiv;15.07.2024;0,0000028360;4,14;0,0652100533;92.137,69;0,000393530;0,03662000
ESG Muster defensiv;16.07.2024;0,0023696869;3.463,15;0,0676631966;95.600,84;0,001408434;0,03674000
ESG Muster defensiv;17.07.2024;-0,0017796585;-2.607,02;0,0658200799;92.993,82;-0,000995760;0,03678000
ESG Muster defensiv;18.07.2024;-0,0004388401;-641,71;0,0653679148;92.352,10;0,000617090;0,03688000
ESG Muster defensiv;19.07.2024;-0,0042245629;-6.174,84;0,0609991803;86.177,26;-0,002626609;0,03698000
ESG Muster defensiv;20.07.2024;0,0000429535;62,52;0,0610434326;86.239,78;0;0,03698000
ESG Muster defensiv;21.07.2024;0,0000429517;62,52;0,0610876849;86.302,30;0;0,03698000
ESG Muster defensiv;22.07.2024;-0,0007342302;-1.068,75;0,0603330582;85.233,55;0,000648902;0,03705000
ESG Muster defensiv;23.07.2024;0,0036113074;5.252,77;0,0640532423;90.486,32;0,001926744;0,03685000
ESG Muster defensiv;24.07.2024;-0,0003177683;-463,87;0,0637268427;90.022,44;-0,000689349;0,03698000
ESG Muster defensiv;25.07.2024;-0,0052003645;-7.589,01;0,0583563819;82.433,43;0,000445672;0,03686000
ESG Muster defensiv;26.07.2024;0,0023433070;3.401,86;0,0607664978;85.835,29;0,001505967;0,03655000
ESG Muster defensiv;27.07.2024;0,0000429707;62,53;0,0608107642;85.897,82;0;0,03655000
ESG Muster defensiv;28.07.2024;0,0000429689;62,53;0,0608550306;85.960,35;0;0,03655000
ESG Muster defensiv;29.07.2024;0,0028350015;4.125,67;0,0637777244;90.086,01;0,001341121;0,03636000
ESG Muster defensiv;30.07.2024;0,0003927440;573,17;0,0641854703;90.659,18;0,001079697;0,03631000
ESG Muster defensiv;31.07.2024;0,0067181482;9.808,23;0,0711317353;100.467,41;0,002593867;0,03647000
ESG Muster defensiv;01.08.2024;0,0000219524;32,26;0,0711567489;100.499,67;0,000194811;0,03638000
ESG Muster defensiv;02.08.2024;-0,0083700864;-12.302,36;0,0624482163;88.197,32;-0,000317747;0,03623000
ESG Muster defensiv;03.08.2024;0,0000428870;62,51;0,0624924750;88.259,82;0;0,03623000
ESG Muster defensiv;04.08.2024;0,0000428851;62,51;0,0625367336;88.322,33;0;0,03623000
ESG Muster defensiv;05.08.2024;-0,0116735639;-17.015,66;0,0504903116;71.306,68;-0,004579716;0,03584000
ESG Muster defensiv;06.08.2024;0,0048268499;6.953,60;0,0554156428;78.260,27;0,000168259;0,03523000
ESG Muster defensiv;07.08.2024;-0,0006774357;-980,63;0,0547229204;77.279,64;-0,001587725;0,03569000
ESG Muster defensiv;08.08.2024;0,0021073886;3.048,51;0,0568833334;80.328,15;0,001756328;0,03577000
ESG Muster defensiv;09.08.2024;0,0025548480;3.703,58;0,0595077697;84.031,73;0,001708639;0,03557000
ESG Muster defensiv;10.08.2024;0,0000430091;62,51;0,0595520342;84.094,24;0;0,03557000
ESG Muster defensiv;11.08.2024;0,0000430073;62,51;0,0595962988;84.156,74;0;0,03557000
ESG Muster defensiv;12.08.2024;0,0010248290;1.489,55;0,0606529570;85.646,29;-0,000542842;0,03548000
ESG Muster defensiv;13.08.2024;0,0039944124;5.781,93;0,0647498835;91.428,22;0,003535856;0,03542000
ESG Muster defensiv;14.08.2024;-0,0007607769;-1.105,63;0,0639691237;90.322,59;0,000476337;0,03542000
ESG Muster defensiv;15.08.2024;0,0021317232;3.095,65;0,0661638751;93.418,24;-0,001112363;0,03549000
ESG Muster defensiv;16.08.2024;0,0033552802;4.882,86;0,0696246212;98.301,10;0,001264349;0,03560000
ESG Muster defensiv;17.08.2024;0,0000423323;61,81;0,0696684013;98.362,91;0;0,03560000
ESG Muster defensiv;18.08.2024;0,0000423305;61,81;0,0697121814;98.424,72;0;0,03560000
ESG Muster defensiv;19.08.2024;-0,0003148058;-459,71;0,0693890080;97.965,02;0,000514512;0,03551000
ESG Muster defensiv;20.08.2024;0,0015153613;2.212,16;0,0709583659;100.177,18;0,001175776;0,03538000
ESG Muster defensiv;21.08.2024;0,0005277797;771,63;0,0715074263;100.948,81;0,001534281;0,03542000
ESG Muster defensiv;22.08.2024;-0,0019425284;-2.841,54;0,0694970253;98.107,26;-0,001550629;0,03541000
ESG Muster defensiv;23.08.2024;0,0024323620;3.551,16;0,0720150907;101.658,43;0,002194455;0,03525000
ESG Muster defensiv;24.08.2024;0,0000421953;61,75;0,0720588371;101.720,18;0;0,03525000
ESG Muster defensiv;25.08.2024;0,0000421935;61,75;0,0721025835;101.781,94;0;0,03525000
ESG Muster defensiv;26.08.2024;0,0001981938;290,08;0,0723105843;102.072,02;-0,000844433;0,03523000
ESG Muster defensiv;27.08.2024;-0,0006350141;-929,62;0,0716544958;101.142,40;-0,000546028;0,03515000
ESG Muster defensiv;28.08.2024;0,0008541008;1.249,55;0,0725422441;102.391,95;0,000923916;0,03505000
ESG Muster defensiv;29.08.2024;0,0018421756;2.697,41;0,0744558550;105.089,36;0,000585784;0,03505000
ESG Muster defensiv;30.08.2024;0,0006798359;997,28;0,0751650140;106.086,64;0,000398448;0,03490000
ESG Muster defensiv;31.08.2024;0,0000349512;51,31;0,0752013658;106.137,95;0;0,03490000
ESG Muster defensiv;01.09.2024;0,0000421010;61,80;0,0752451555;106.199,75;0;0,03490000
ESG Muster defensiv;02.09.2024;-0,0019070678;-2.799,69;0,0732640218;103.400,07;-0,001606534;0,03469000
ESG Muster defensiv;03.09.2024;-0,0000380473;-55,75;0,0732270278;103.344,32;0,000450533;0,03458000
ESG Muster defensiv;04.09.2024;-0,0019616593;-2.874,23;0,0711928593;100.470,09;0,001290457;0,03449000
ESG Muster defensiv;05.09.2024;-0,0007845520;-1.147,27;0,0703823052;99.322,82;0,000285569;0,03470000
ESG Muster defensiv;06.09.2024;-0,0000977690;-142,86;0,0702834652;99.179,96;-0,000011355;0,03468000
ESG Muster defensiv;07.09.2024;0,0000423614;61,89;0,0703273244;99.241,85;0;0,03468000
ESG Muster defensiv;08.09.2024;0,0000423596;61,89;0,0703711837;99.303,74;0;0,03468000
ESG Muster defensiv;09.09.2024;0,0010928248;1.596,79;0,0715051743;100.900,54;0,001723223;0,03462000
ESG Muster defensiv;10.09.2024;0,0020807565;3.043,64;0,0736646113;103.944,18;0,000435837;0,03460000
ESG Muster defensiv;11.09.2024;0,0009465051;1.387,39;0,0746503722;105.331,57;0,002939282;0,03467000
ESG Muster defensiv;12.09.2024;0,0027517358;4.037,32;0,0775143103;109.368,89;-0,001331414;0,03481000
ESG Muster defensiv;13.09.2024;0,0014565574;2.142,93;0,0790357567;111.511,82;0,001108505;0,03472000
ESG Muster defensiv;14.09.2024;0,0000420094;61,90;0,0790796261;111.573,71;0;0,03472000
ESG Muster defensiv;15.09.2024;0,0000420077;61,90;0,0791234955;111.635,61;0;0,03472000
ESG Muster defensiv;16.09.2024;-0,0003437176;-506,47;0,0787671806;111.129,14;0,001107578;0,03488000
ESG Muster defensiv;17.09.2024;-0,0011537683;-1.699,49;0,0775652079;109.429,65;-0,000369370;0,03480000
ESG Muster defensiv;18.09.2024;-0,0013037853;-1.918,24;0,0762080861;107.511,41;-0,001713413;0,03458000
ESG Muster defensiv;19.09.2024;0,0036504959;5.363,93;0,0800129143;112.875,34;0,003121260;0,03455000
ESG Muster defensiv;20.09.2024;-0,0004320565;-637,17;0,0795639079;112.238,17;-0,002694109;0,03436000
ESG Muster defensiv;21.09.2024;0,0000416453;61,39;0,0796074258;112.299,56;0;0,03436000
ESG Muster defensiv;22.09.2024;0,0000416436;61,39;0,0796509437;112.360,95;0;0,03436000
ESG Muster defensiv;23.09.2024;0,0032370870;4.772,18;0,0830366329;117.133,12;0,003328621;0,03431000
ESG Muster defensiv;24.09.2024;0,0020422010;3.020,40;0,0851806512;120.153,52;0,002521778;0,03402000
ESG Muster defensiv;25.09.2024;-0,0003252976;-482,09;0,0848416962;119.671,43;-0,001476770;0,03352000
ESG Muster defensiv;26.09.2024;0,0035142909;5.206,53;0,0885358247;124.877,95;0,002240557;0,03345000
ESG Muster defensiv;27.09.2024;0,0029847593;4.437,55;0,0916849862;129.315,50;0,002026080;0,03326000
ESG Muster defensiv;28.09.2024;0,0000411682;61,39;0,0917285111;129.376,89;0;0,03326000
ESG Muster defensiv;29.09.2024;0,0000411665;61,39;0,0917720360;129.438,28;0;0,03326000
ESG Muster defensiv;30.09.2024;-0,0029937744;-4.464,60;0,0886095468;124.973,67;0,000064749;0,03279000
ESG Muster defensiv;01.10.2024;0,0050198347;7.463,65;0,0939045610;132.437,32;0,002619246;0,03252000
ESG Muster defensiv;02.10.2024;-0,0031564260;-4.716,63;0,0905632160;127.720,69;-0,001907610;0,03246000
ESG Muster defensiv;03.10.2024;-0,0001344114;-200,22;0,0904242171;127.520,47;-0,001412260;0,03238000
ESG Muster defensiv;04.10.2024;0,0000172486;25,69;0,0904453976;127.546,16;-0,002523378;0,03250000
ESG Muster defensiv;05.10.2024;0,0000412624;61,46;0,0904889775;127.607,62;0;0,03250000
ESG Muster defensiv;06.10.2024;0,0000412607;61,46;0,0905325574;127.669,08;0;0,03250000
ESG Muster defensiv;07.10.2024;-0,0000480899;-71,63;0,0904847222;127.597,45;-0,001925706;0,03268000
ESG Muster defensiv;08.10.2024;-0,0021442278;-3.193,73;0,0882227928;124.403,71;0,000324894;0,03265000
ESG Muster defensiv;09.10.2024;0,0020414600;3.034,14;0,0903774476;127.437,86;0,000991963;0,03223000
ESG Muster defensiv;10.10.2024;0,0009777641;1.456,18;0,0914131269;128.894,04;-0,000113580;0,03184000
ESG Muster defensiv;11.10.2024;0,0015579763;2.322,56;0,0930633320;131.216,59;0,000350686;0,03179000
ESG Muster defensiv;12.10.2024;0,0000411701;61,47;0,0931069286;131.278,06;0;0,03179000
ESG Muster defensiv;13.10.2024;0,0000411684;61,47;0,0931505253;131.339,53;0;0,03179000
ESG Muster defensiv;14.10.2024;0,0010198172;1.522,79;0,0942335932;132.862,32;0,001180274;0,03205000
ESG Muster defensiv;15.10.2024;0,0018718103;2.797,83;0,0962210894;135.660,16;0,001746745;0,03215000
ESG Muster defensiv;16.10.2024;0,0012675343;1.898,16;0,0975705641;137.558,31;0,001901609;0,03208000
ESG Muster defensiv;17.10.2024;0,0019428817;2.913,19;0,0996401093;140.471,50;0,000535121;0,03219000
ESG Muster defensiv;18.10.2024;0,0013914079;2.090,35;0,1011261042;142.561,85;0,001993411;0,03201000
ESG Muster defensiv;19.10.2024;0,0000408766;61,50;0,1011697260;142.623,35;0;0,03201000
ESG Muster defensiv;20.10.2024;0,0000408749;61,50;0,1012133478;142.684,84;0;0,03201000
ESG Muster defensiv;21.10.2024;-0,0018479250;-2.780,28;0,0992443436;139.904,56;-0,003916796;0,03138000
ESG Muster defensiv;22.10.2024;-0,0009171949;-1.377,41;0,0982703977;138.527,15;-0,001279823;0,03098000
ESG Muster defensiv;23.10.2024;-0,0024346240;-3.652,87;0,0956821296;134.874,28;-0,000177922;0,03086000
ESG Muster defensiv;24.10.2024;0,0020665411;3.093,06;0,0978795237;137.967,34;0,003043928;0,03072000
ESG Muster defensiv;25.10.2024;-0,0007299520;-1.094,80;0,0971059232;136.872,54;-0,001626685;0,03059000
ESG Muster defensiv;26.10.2024;0,0000410494;61,52;0,0971495707;136.934,06;0;0,03059000
ESG Muster defensiv;27.10.2024;0,0000410477;61,52;0,0971932183;136.995,58;0;0,03059000
ESG Muster defensiv;28.10.2024;0,0008320139;1.247,07;0,0980810853;138.242,65;0,000556564;0,03052000
ESG Muster defensiv;29.10.2024;0,0000724725;108,72;0,0981613344;138.351,36;-0,001934271;0,03056000
ESG Muster defensiv;30.10.2024;-0,0037605793;-5.641,66;0,0941615209;132.709,71;-0,004067342;0,03056000
ESG Muster defensiv;31.10.2024;-0,0050723867;-7.581,03;0,0887853642;125.128,68;-0,003412754;0,03062000
ESG Muster defensiv;01.11.2024;0,0007055035;1.049,07;0,0895325645;126.177,76;0,001549580;0,03085000
ESG Muster defensiv;02.11.2024;0,0000413726;61,56;0,0895762487;126.239,32;0;0,03085000
ESG Muster defensiv;03.11.2024;0,0000413709;61,56;0,0896199329;126.300,88;0;0,03085000
ESG Muster defensiv;04.11.2024;-0,0010213434;-1.519,92;0,0885442256;124.780,96;-0,000323688;0,03075000
ESG Muster defensiv;05.11.2024;-0,0001866005;-277,41;0,0883501573;124.503,56;0,000058337;0,03057000
ESG Muster defensiv;06.11.2024;0,0051291928;7.623,84;0,0937631241;132.127,39;0,004215503;0,03049000
ESG Muster defensiv;07.11.2024;0,0003322723;496,41;0,0941183473;132.623,80;0,000237551;0,03032000
ESG Muster defensiv;08.11.2024;0,0037130019;5.549,01;0,0980593510;138.172,81;0,001537796;0,03032000
ESG Muster defensiv;09.11.2024;0,0000410708;61,61;0,0981030729;138.234,42;0;0,03032000
ESG Muster defensiv;10.11.2024;0,0000410691;61,61;0,0981467949;138.296,03;0;0,03032000
ESG Muster defensiv;11.11.2024;0,0002019748;302,99;0,0983648969;138.599,02;0,003855455;0,03040000
ESG Muster defensiv;12.11.2024;-0,0020761142;-3.115,12;0,0961570671;135.483,90;-0,001602426;0,03034000
ESG Muster defensiv;13.11.2024;-0,0012276879;-1.838,27;0,0948553431;133.645,63;-0,001601480;0,03023000
ESG Muster defensiv;14.11.2024;0,0004477066;669,55;0,0953335165;134.315,18;0,002183186;0,03005000
ESG Muster defensiv;15.11.2024;-0,0024384418;-3.648,33;0,0927468985;130.666,85;-0,000504788;0,02998000
ESG Muster defensiv;16.11.2024;0,0000417717;62,35;0,0927911509;130.729,20;0;0,02998000
ESG Muster defensiv;17.11.2024;0,0000417699;62,35;0,0928354033;130.791,54;0;0,02998000
ESG Muster defensiv;18.11.2024;-0,0003344681;-499,24;0,0924839036;130.292,30;-0,001531391;0,03004000
ESG Muster defensiv;19.11.2024;0,0011619466;1.733,80;0,0937174812;132.026,10;0,001125848;0,03013000
ESG Muster defensiv;20.11.2024;0,0018142514;2.710,28;0,0956442978;134.736,38;-0,000725026;0,03000000
ESG Muster defensiv;21.11.2024;0,0029980689;4.486,89;0,0988324164;139.223,27;0,001942680;0,03005000
ESG Muster defensiv;22.11.2024;0,0065670801;9.857,72;0,1058335093;149.080,99;0,003748121;0,03022000
ESG Muster defensiv;23.11.2024;0,0000412680;62,35;0,1058777744;149.143,34;0;0,03022000
ESG Muster defensiv;24.11.2024;0,0000412663;62,35;0,1059220395;149.205,70;0;0,03022000
ESG Muster defensiv;25.11.2024;-0,0022711308;-3.431,82;0,1034889403;145.773,87;0,001593863;0,02985000
ESG Muster defensiv;26.11.2024;-0,0004078904;-614,95;0,1030555255;145.158,93;-0,000613579;0,02898000
ESG Muster defensiv;27.11.2024;-0,0008231152;-1.240,45;0,1021779913;143.918,48;0,000259494;0,02912000
ESG Muster defensiv;28.11.2024;0,0021475058;3.233,66;0,1044769862;147.152,14;0,002205102;0,02939000
ESG Muster defensiv;29.11.2024;0,0034622350;5.224,55;0,1081896719;152.376,69;0,002681496;0,02934000
ESG Muster defensiv;30.11.2024;0,0000411518;62,31;0,1082339154;152.439,00;0;0,02934000
ESG Muster defensiv;01.12.2024;0,0000411501;62,31;0,1082781590;152.501,32;0;0,02934000
ESG Muster defensiv;02.12.2024;0,0046211238;6.998,04;0,1132503123;159.499,36;0,004199586;0,02924000
ESG Muster defensiv;03.12.2024;0,0006193388;942,24;0,1139227892;160.441,59;-0,000720536;0,02879000
ESG Muster defensiv;04.12.2024;0,0003320702;505,51;0,1142851909;160.947,10;0,000654658;0,02877000
ESG Muster defensiv;05.12.2024;-0,0028046398;-4.270,92;0,1112558619;156.676,18;-0,001481011;0,02881000
ESG Muster defensiv;06.12.2024;0,0006774942;1.028,80;0,1119897907;157.704,98;0,000492616;0,02868000
ESG Muster defensiv;07.12.2024;0,0000407175;61,87;0,1120337280;157.766,86;0;0,02868000
ESG Muster defensiv;08.12.2024;0,0000407159;61,87;0,1120776653;157.828,73;0;0,02868000
ESG Muster defensiv;09.12.2024;0,0017072510;2.594,49;0,1139234983;160.423,22;0,000125932;0,02862000
ESG Muster defensiv;10.12.2024;0,0013101284;1.994,38;0,1153432643;162.417,60;0,000799011;0,02872000
ESG Muster defensiv;11.12.2024;0,0015356308;2.340,72;0,1170090755;164.758,32;0,001306922;0,02888000
ESG Muster defensiv;12.12.2024;-0,0023403231;-3.572,78;0,1144751686;161.185,55;-0,002177861;0,02886000
ESG Muster defensiv;13.12.2024;-0,0051012907;-7.769,49;0,1089604785;153.416,06;-0,002817541;0,02843000
ESG Muster defensiv;14.12.2024;0,0000408502;61,90;0,1090044410;153.477,96;0;0,02843000
ESG Muster defensiv;15.12.2024;0,0000408485;61,90;0,1090484036;153.539,86;0;0,02843000
ESG Muster defensiv;16.12.2024;-0,0010704526;-1.622,16;0,1078995182;151.917,70;0,000169755;0,02863000
ESG Muster defensiv;17.12.2024;-0,0005476051;-828,95;0,1073139528;151.088,75;-0,000326840;0,02865000
ESG Muster defensiv;18.12.2024;-0,0003428039;-518,64;0,1069487554;150.570,10;-0,001883312;0,02852000
ESG Muster defensiv;19.12.2024;-0,0059745872;-9.036,13;0,1005334451;141.533,97;-0,003071278;0,02839000
ESG Muster defensiv;20.12.2024;0,0009112361;1.369,95;0,1015095431;142.903,91;0,001310515;0,02772000
ESG Muster defensiv;21.12.2024;0,0000411536;61,93;0,1015535315;142.965,84;0;0,02772000
ESG Muster defensiv;22.12.2024;0,0000411519;61,93;0,1015975199;143.027,77;0;0,02772000
ESG Muster defensiv;23.12.2024;-0,0002263537;-340,64;0,1013585522;142.687,13;-0,000905293;0,02731000
ESG Muster defensiv;24.12.2024;0,0007439125;1.119,25;0,1021566336;143.806,38;0,000513890;0,02715000
ESG Muster defensiv;25.12.2024;-0,0000753518;-113,45;0,1020790469;143.692,92;0,000004294;0,02715000
ESG Muster defensiv;26.12.2024;-0,0002764766;-416,25;0,1017863390;143.276,68;-0,000151607;0,02715000
ESG Muster defensiv;27.12.2024;0,0000500851;75,38;0,1018428847;143.352,06;-0,001976086;0,02683000
ESG Muster defensiv;28.12.2024;0,0000411433;61,93;0,1018868817;143.413,99;0;0,02683000
ESG Muster defensiv;29.12.2024;0,0000411416;61,93;0,1019308787;143.475,92;0;0,02683000
ESG Muster defensiv;30.12.2024;-0,0010323368;-1.554,01;0,1008298044;141.921,91;0,001017960;0,02678000
ESG Muster defensiv;31.12.2024;0,0008103318;1.218,56;0,1016985189;143.140,47;-0,000092953;0,02714000
ESG Muster defensiv;01.01.2025;0,0000664223;99,97;0,1017725155;143.240,43;0,000000112;0,02714000
ESG Muster defensiv;02.01.2025;0,0064548921;9.715,25;0,1086783813;152.955,68;0,000543868;0,02736000
ESG Muster defensiv;03.01.2025;-0,0029632333;-4.488,75;0,1054920988;148.466,93;-0,002445031;0,02731000
ESG Muster defensiv;04.01.2025;0,0000410355;61,98;0,1055361361;148.528,91;0;0,02731000
ESG Muster defensiv;05.01.2025;0,0000410338;61,98;0,1055801733;148.590,89;0;0,02731000
ESG Muster defensiv;06.01.2025;-0,0044957008;-6.790,53;0,1007581420;141.800,36;-0,000782708;0,02757000
ESG Muster defensiv;07.01.2025;0,0016965498;2.551,03;0,1025737868;144.351,39;-0,000128622;0,02785000
ESG Muster defensiv;08.01.2025;0,0002595249;390,90;0,1028545314;144.742,29;-0,000542089;0,02782000
ESG Muster defensiv;09.01.2025;-0,0002100869;-316,52;0,1026325796;144.425,78;-0,000922141;0,02789000
ESG Muster defensiv;10.01.2025;0,0014713694;2.216,30;0,1042105447;146.642,08;-0,002904358;0,02766000
ESG Muster defensiv;11.01.2025;0,0000362776;54,72;0,1042494346;146.696,80;0;0,02766000
ESG Muster defensiv;12.01.2025;0,0000362763;54,72;0,1042883245;146.751,52;0;0,02766000
ESG Muster defensiv;13.01.2025;-0,0016526274;-2.493,17;0,1025195174;144.258,36;-0,001174968;0,02785000
ESG Muster defensiv;14.01.2025;-0,0034111744;-5.137,63;0,0988712240;139.120,73;-0,001066917;0,02761000
ESG Muster defensiv;15.01.2025;0,0059977825;9.002,54;0,1052722321;148.123,27;0,005552868;0,02748000
ESG Muster defensiv;16.01.2025;0,0035032960;5.289,91;0,1090349327;153.413,19;0,000865292;0,02744000
ESG Muster defensiv;17.01.2025;0,0020982354;3.179,40;0,1112977991;156.592,58;0,002153167;0,02704000
ESG Muster defensiv;18.01.2025;0,0000412986;62,71;0,1113423700;156.655,29;0;0,02704000
ESG Muster defensiv;19.01.2025;0,0000412969;62,71;0,1113869410;156.718,00;0;0,02704000
ESG Muster defensiv;20.01.2025;-0,0024085075;-3.657,50;0,1087904864;153.060,50;0,000360696;0,02677000
ESG Muster defensiv;21.01.2025;0,0028250561;4.279,73;0,1118355683;157.340,23;0,001026150;0,02681000
ESG Muster defensiv;22.01.2025;0,0022663947;3.443,10;0,1142861366;160.783,33;0,000879445;0,02671000
ESG Muster defensiv;23.01.2025;0,0001630879;248,32;0,1144658986;161.031,66;-0,000046695;0,02673000
ESG Muster defensiv;24.01.2025;-0,0023794063;-3.623,57;0,1118933316;157.408,08;-0,002079308;0,02641000
ESG Muster defensiv;25.01.2025;0,0000412168;62,62;0,1119378445;157.470,70;0;0,02641000
ESG Muster defensiv;26.01.2025;0,0000412151;62,62;0,1119823574;157.533,32;0;0,02641000
ESG Muster defensiv;27.01.2025;-0,0016002096;-2.431,34;0,1102571598;155.101,98;0,000183285;0,02641000
ESG Muster defensiv;28.01.2025;0,0023248858;3.526,76;0,1127674086;158.628,74;0,000785727;0,02615000
ESG Muster defensiv;29.01.2025;0,0006512520;990,22;0,1134745454;159.618,96;0,000337268;0,02612000
ESG Muster defensiv;30.01.2025;0,0055663311;8.469,04;0,1194986296;168.088,00;0,003079544;0,02606000
ESG Muster defensiv;31.01.2025;0,0029594805;4.527,85;0,1227210554;172.615,85;0,002909184;0,02589000
ESG Muster defensiv;01.02.2025;0,0000403752;61,95;0,1227651020;172.677,80;0;0,02589000
ESG Muster defensiv;02.02.2025;0,0000403736;61,95;0,1228091487;172.739,76;0;0,02589000
ESG Muster defensiv;03.02.2025;0,0010815201;1.659,70;0,1239925884;174.399,45;0,001489311;0,02562000
ESG Muster defensiv;04.02.2025;0,0006870724;1.055,52;0,1247465243;175.454,97;-0,000025631;0,02541000
ESG Muster defensiv;05.02.2025;0,0030960505;4.759,60;0,1281341284;180.214,57;0,001598853;0,02529000
ESG Muster defensiv;06.02.2025;0,0013780703;2.125,08;0,1296487005;182.339,66;0,001453487;0,02535000
ESG Muster defensiv;07.02.2025;-0,0000343149;-52,99;0,1296146353;182.286,67;-0,001056838;0,02527000
ESG Muster defensiv;08.02.2025;0,0000395991;61,15;0,1296581135;182.347,81;0;0,02527000
ESG Muster defensiv;09.02.2025;0,0000395975;61,15;0,1297015918;182.408,96;0;0,02527000
ESG Muster defensiv;10.02.2025;0,0035316671;5.453,84;0,1335832492;187.862,80;0,002078811;0,02526000
ESG Muster defensiv;11.02.2025;-0,0029951133;-4.641,59;0,1302863804;183.221,21;-0,002607029;0,02539000
ESG Muster defensiv;12.02.2025;-0,0029230334;-4.516,32;0,1270784037;178.704,89;-0,002180532;0,02553000
ESG Muster defensiv;13.02.2025;0,0037531981;5.782,04;0,1311936850;184.486,93;0,004461608;0,02556000
ESG Muster defensiv;14.02.2025;-0,0027084066;-4.158,99;0,1282405125;180.327,93;-0,000842007;0,02522000
ESG Muster defensiv;15.02.2025;0,0000432675;66,26;0,1282876342;180.394,20;0;0,02522000
ESG Muster defensiv;16.02.2025;0,0000432657;66,26;0,1283347558;180.460,46;0;0,02522000
ESG Muster defensiv;17.02.2025;-0,0004791231;-733,81;0,1278172879;179.726,65;-0,000568653;0,02510000
ESG Muster defensiv;18.02.2025;0,0034399132;5.265,91;0,1315667778;184.992,56;0,000392738;0,02516000
ESG Muster defensiv;19.02.2025;-0,0013249572;-2.035,26;0,1301237455;182.957,30;-0,002818244;0,02529000
ESG Muster defensiv;20.02.2025;-0,0006511647;-998,92;0,1294176976;181.958,38;-0,000000678;0,02534000
ESG Muster defensiv;21.02.2025;0,0016329987;2.503,48;0,1312027615;184.461,86;0,001926375;0,02521000
ESG Muster defensiv;22.02.2025;0,0000418990;64,34;0,1312485237;184.526,20;0;0,02521000
ESG Muster defensiv;23.02.2025;0,0000418973;64,34;0,1312942860;184.590,54;0;0,02521000
ESG Muster defensiv;24.02.2025;-0,0009429697;-1.448,11;0,1302687099;183.142,43;0,000506237;0,02521000
ESG Muster defensiv;25.02.2025;-0,0025808752;-3.959,69;0,1274565169;179.182,74;-0,000255899;0,02530000
ESG Muster defensiv;26.02.2025;0,0020095098;3.075,12;0,1296483036;182.257,86;0,001834867;0,02499000
ESG Muster defensiv;27.02.2025;-0,0002202516;-337,72;0,1294124386;181.920,14;0,000121657;0,02485000
ESG Muster defensiv;28.02.2025;-0,0005543956;-849,90;0,1288121921;181.070,24;0,001557038;0,02464000
ESG Muster defensiv;01.03.2025;0,0000501842;76,89;0,1288668916;181.147,13;0;0,02464000
ESG Muster defensiv;02.03.2025;0,0000420599;64,45;0,1289127383;181.211,57;0;0,02464000
ESG Muster defensiv;03.03.2025;-0,0041564940;-6.369,04;0,1243860313;174.842,53;-0,003061898;0,02464000
ESG Muster defensiv;04.03.2025;-0,0038752378;-5.913,39;0,1201831834;168.929,14;-0,001292056;0,02491000
ESG Muster defensiv;05.03.2025;-0,0098395071;-14.956,34;0,1095463026;153.972,80;-0,008795289;0,02504000
ESG Muster defensiv;06.03.2025;-0,0049222500;-7.408,34;0,1042790171;146.564,46;-0,003904386;0,02511000
ESG Muster defensiv;07.03.2025;0,0011917514;1.784,84;0,1055524452;148.349,30;0,001787768;0,02529000
ESG Muster defensiv;08.03.2025;0,0000429799;64,45;0,1055982995;148.413,75;0;0,02529000
ESG Muster defensiv;09.03.2025;0,0000429781;64,45;0,1056441538;148.478,19;0;0,02529000
ESG Muster defensiv;10.03.2025;-0,0017983639;-2.696,79;0,1037288191;145.781,41;-0,001091000;0,02547000
ESG Muster defensiv;11.03.2025;-0,0069684524;-10.430,95;0,0963100286;135.350,46;-0,003791430;0,02553000
ESG Muster defensiv;12.03.2025;0,0009994885;1.485,69;0,0973704279;136.836,15;0,000669850;0,02527000
ESG Muster defensiv;13.03.2025;0,0005193274;772,73;0,0979235414;137.608,87;0,000322291;0,02501000
ESG Muster defensiv;14.03.2025;0,0016926055;2.519,80;0,0997199564;140.128,67;0,001414797;0,02478000
ESG Muster defensiv;15.03.2025;0,0000432169;64,45;0,0997658183;140.193,12;0;0,02478000
ESG Muster defensiv;16.03.2025;0,0000432150;64,45;0,0998116803;140.257,56;0;0,02478000
ESG Muster defensiv;17.03.2025;0,0037289434;5.561,19;0,1037726327;145.818,75;0,002688332;0,02456000
ESG Muster defensiv;18.03.2025;0,0002365032;354,03;0,1040280164;146.172,78;-0,000061952;0,02426000
ESG Muster defensiv;19.03.2025;0,0029138804;4.362,87;0,1071365159;150.535,65;0,001087517;0,02411000
ESG Muster defensiv;20.03.2025;0,0015040806;2.258,58;0,1087475357;152.794,23;-0,000119617;0,02387000
ESG Muster defensiv;21.03.2025;-0,0008236705;-1.238,71;0,1078694603;151.555,52;0,001038355;0,02386000
ESG Muster defensiv;22.03.2025;0,0000428882;64,45;0,1079153298;151.619,97;0;0,02386000
ESG Muster defensiv;23.03.2025;0,0000428864;64,45;0,1079611993;151.684,41;0;0,02386000
ESG Muster defensiv;24.03.2025;0,0012711005;1.910,19;0,1093243650;153.594,60;0,000343988;0,02367000
ESG Muster defensiv;25.03.2025;0,0004720553;710,30;0,1098335369;154.304,90;0,000241405;0,02365000
ESG Muster defensiv;26.03.2025;-0,0003831260;-576,76;0,1094265834;153.728,14;-0,000930578;0,02369000
ESG Muster defensiv;27.03.2025;-0,0006357120;-956,64;0,1087491843;152.771,50;0,000489011;0,02355000
ESG Muster defensiv;28.03.2025;-0,0004728240;-711,07;0,1082465482;152.060,44;0,000081181;0,02328000
ESG Muster defensiv;29.03.2025;0,0000404349;60,78;0,1082898155;152.121,22;0;0,02328000
ESG Muster defensiv;30.03.2025;0,0000404333;60,78;0,1083330828;152.182,00;0;0,02328000
ESG Muster defensiv;31.03.2025;-0,0008353096;-1.255,71;0,1074426882;150.926,29;-0,001049084;0,02336000
ESG Muster defensiv;01.04.2025;0,0034454811;5.175,20;0,1111304688;156.101,50;0,002244977;0,02324000
ESG Muster defensiv;02.04.2025;-0,0014928345;-2.250,00;0,1095322209;153.851,49;-0,000461135;0,02356000
ESG Muster defensiv;03.04.2025;-0,0105732929;-15.912,29;0,0982068888;137.939,20;-0,002766979;0,02349000
ESG Muster defensiv;04.04.2025;-0,0122226920;-18.200,07;0,0852519663;119.739,13;-0,004285537;0,02323000
ESG Muster defensiv;05.04.2025;0,0000430190;63,27;0,0852970162;119.802,41;0;0,02323000
ESG Muster defensiv;06.04.2025;0,0000430171;63,27;0,0853420661;119.865,68;0;0,02323000
ESG Muster defensiv;07.04.2025;-0,0084536086;-12.434,97;0,0764910772;107.430,71;-0,004039743;0,02362000
ESG Muster defensiv;08.04.2025;0,0051436234;7.502,13;0,0818352628;114.932,84;0,000265899;0,02293000
ESG Muster defensiv;09.04.2025;0,0037305381;5.469,09;0,0857321619;120.401,94;0,003125718;0,02301000
ESG Muster defensiv;10.04.2025;0,0026530953;3.904,03;0,0885148731;124.305,97;0,000591623;0,02265000
ESG Muster defensiv;11.04.2025;0,0013263528;1.956,91;0,0899112186;126.262,88;0,001242209;0,02279000
ESG Muster defensiv;12.04.2025;0,0000428290;63,27;0,0899562757;126.326,15;0;0,02279000
ESG Muster defensiv;13.04.2025;0,0000428272;63,27;0,0900013329;126.389,43;0;0,02279000
ESG Muster defensiv;14.04.2025;0,0033504203;4.950,21;0,0935293507;131.339,64;0,002599356;0,02252000
ESG Muster defensiv;15.04.2025;0,0033186817;4.919,75;0,0970358938;136.259,38;0,001822897;0,02263000
ESG Muster defensiv;16.04.2025;0,0014402587;2.142,18;0,0985645760;138.401,57;0,000393271;0,02236000
ESG Muster defensiv;17.04.2025;0,0015783349;2.350,93;0,1002420192;140.752,50;0,002884531;0,02183000
ESG Muster defensiv;18.04.2025;-0,0000925962;-138,14;0,1001468241;140.614,36;0,000043093;0,02183000
ESG Muster defensiv;19.04.2025;0,0000424170;63,27;0,1001918885;140.677,63;0;0,02183000
ESG Muster defensiv;20.04.2025;0,0000424152;63,27;0,1002369528;140.740,91;0;0,02183000
ESG Muster defensiv;21.04.2025;-0,0005204994;-776,50;0,0996870872;139.964,40;-0,001780535;0,02183000
ESG Muster defensiv;22.04.2025;0,0041034568;6.118,52;0,1040481895;146.082,92;0,003190126;0,02191000
ESG Muster defensiv;23.04.2025;-0,0002463862;-368,89;0,1037887352;145.714,04;0,001185612;0,02158000
ESG Muster defensiv;24.04.2025;0,0051382784;7.691,05;0,1092703438;153.405,09;0,003979393;0,02161000
ESG Muster defensiv;25.04.2025;-0,0014568481;-2.191,84;0,1077124996;151.213,25;-0,000162720;0,02174000
ESG Muster defensiv;26.04.2025;0,0000421177;63,27;0,1077575710;151.276,52;0;0,02174000
ESG Muster defensiv;27.04.2025;0,0000421159;63,27;0,1078026425;151.339,80;0;0,02174000
ESG Muster defensiv;28.04.2025;0,0010646609;1.599,59;0,1089454967;152.939,39;-0,000488767;0,02186000
ESG Muster defensiv;29.04.2025;-0,0001177080;-177,04;0,1088228075;152.762,35;0,000581237;0,02176000
ESG Muster defensiv;30.04.2025;0,0026168674;3.935,41;0,1116297664;156.697,76;0,001493254;0,02156000
ESG Muster defensiv;01.05.2025;0,0006539651;986,05;0,1123357370;157.683,81;0,000620270;0,02156000
ESG Muster defensiv;02.05.2025;-0,0010626429;-1.603,30;0,1111970090;156.080,51;-0,000720627;0,02142000
ESG Muster defensiv;03.05.2025;0,0000414070;62,41;0,1112414704;156.142,91;0;0,02142000
ESG Muster defensiv;04.05.2025;0,0000414053;62,41;0,1112859319;156.205,32;0;0,02142000
ESG Muster defensiv;05.05.2025;0,0023290610;3.510,61;0,1137905613;159.715,93;0,000728651;0,02151000
ESG Muster defensiv;06.05.2025;0,0010370424;1.566,78;0,1149104076;161.282,71;-0,000568775;0,02143000
ESG Muster defensiv;07.05.2025;0,0019185940;2.901,65;0,1169814118;164.184,36;0,001689077;0,02150000
ESG Muster defensiv;08.05.2025;0,0000842208;127,62;0,1170759801;164.311,98;0,000908803;0,02138000
ESG Muster defensiv;09.05.2025;-0,0003539041;-536,31;0,1166974692;163.775,67;-0,001426213;0,02124000
ESG Muster defensiv;10.05.2025;0,0000411967;62,41;0,1167419376;163.838,07;0;0,02124000
ESG Muster defensiv;11.05.2025;0,0000411950;62,41;0,1167864060;163.900,48;0;0,02124000
ESG Muster defensiv;12.05.2025;0,0025993261;3.937,98;0,1195960990;167.838,46;-0,001264340;0,02139000
ESG Muster defensiv;13.05.2025;-0,0009768013;-1.483,70;0,1185425306;166.354,76;-0,000113379;0,02143000
ESG Muster defensiv;14.05.2025;-0,0031675739;-4.806,65;0,1151209218;161.548,11;-0,000592524;0,02142000
ESG Muster defensiv;15.05.2025;0,0033694948;5.096,86;0,1187566614;166.644,97;0,002330234;0,02127000
ESG Muster defensiv;16.05.2025;0,0026241142;3.982,74;0,1215986334;170.627,71;0,002333363;0,02101000
ESG Muster defensiv;17.05.2025;0,0000410112;62,41;0,1216431087;170.690,11;0;0,02101000
ESG Muster defensiv;18.05.2025;0,0000410095;62,41;0,1216875839;170.752,52;0;0,02101000
ESG Muster defensiv;19.05.2025;-0,0003251520;-494,83;0,1213386683;170.257,69;0,000722915;0,02075000
ESG Muster defensiv;20.05.2025;0,0018075750;2.749,97;0,1233022902;173.007,66;-0,000147700;0,02060000
ESG Muster defensiv;21.05.2025;-0,0035067733;-5.344,70;0,1194967920;167.662,96;-0,001927315;0,02046000
ESG Muster defensiv;22.05.2025;-0,0005421917;-823,46;0,1189135323;166.839,50;0,000248326;0,02049000
ESG Muster defensiv;23.05.2025;0,0009841877;1.493,94;0,1199819886;168.333,43;0,000905490;0,02040000
ESG Muster defensiv;24.05.2025;0,0000391515;59,49;0,1200243896;168.392,92;0;0,02040000
ESG Muster defensiv;25.05.2025;0,0000411784;62,57;0,1200689874;168.455,49;0;0,02040000
ESG Muster defensiv;26.05.2025;-0,0001693638;-257,36;0,1198892076;168.198,13;0,001051195;0,02039000
ESG Muster defensiv;27.05.2025;0,0034582464;5.254,11;0,1236380234;173.452,24;0,002532036;0,02021000
ESG Muster defensiv;28.05.2025;-0,0004091600;-623,79;0,1231971285;172.828,46;-0,001013481;0,02011000
ESG Muster defensiv;29.05.2025;0,0014640356;2.231,09;0,1247912975;175.059,54;-0,000134754;0,01996000
ESG Muster defensiv;30.05.2025;-0,0007057787;-1.077,13;0,1240272214;173.982,41;0,001340514;0,01995000
ESG Muster defensiv;31.05.2025;0,0000381776;58,22;0,1240687276;174.040,63;0;0,01995000
ESG Muster defensiv;01.06.2025;0,0000411988;62,83;0,1241135202;174.103,47;0;0,01995000
ESG Muster defensiv;02.06.2025;0,0008007272;1.221,27;0,1249879113;175.324,74;-0,000339783;0,01979000
ESG Muster defensiv;03.06.2025;0,0018654556;2.847,48;0,1270216960;178.172,22;0,001330808;0,01971000
ESG Muster defensiv;04.06.2025;0,0004524568;691,93;0,1275188276;178.864,15;-0,000417820;0,01960000
ESG Muster defensiv;05.06.2025;-0,0030196780;-4.620,00;0,1242287995;174.244,15;-0,003181379;0,01954000
ESG Muster defensiv;06.06.2025;0,0015316100;2.336,23;0,1258982189;176.580,38;0,001258931;0,01959000
ESG Muster defensiv;07.06.2025;0,0000411303;62,83;0,1259430183;176.643,22;0;0,01959000
ESG Muster defensiv;08.06.2025;0,0000411286;62,83;0,1259878176;176.706,05;0;0,01959000
ESG Muster defensiv;09.06.2025;-0,0003280519;-501,20;0,1256342418;176.204,85;-0,000154316;0,01955000
ESG Muster defensiv;10.06.2025;0,0016173591;2.470,20;0,1273993136;178.675,05;0,002273146;0,01954000
ESG Muster defensiv;11.06.2025;-0,0014911113;-2.281,06;0,1257766247;176.393,99;-0,000428067;0,01953000
ESG Muster defensiv;12.06.2025;0,0011820848;1.805,63;0,1270679101;178.199,61;0,000724978;0,01975000
ESG Muster defensiv;13.06.2025;-0,0028426415;-4.347,25;0,1239717335;173.852,36;-0,003387064;0,02004000
ESG Muster defensiv;14.06.2025;0,0000408260;62,26;0,1240161287;173.914,62;0;0,02004000
ESG Muster defensiv;15.06.2025;0,0000408244;62,26;0,1240605238;173.976,88;0;0,02004000
ESG Muster defensiv;16.06.2025;0,0013000724;1.982,71;0,1254781020;175.959,59;0,001538575;0,02001000
ESG Muster defensiv;17.06.2025;-0,0010976970;-1.676,25;0,1242864497;174.283,34;-0,001386640;0,02023000
ESG Muster defensiv;18.06.2025;0,0011345117;1.730,57;0,1255242895;176.013,90;0,000750154;0,02014000
ESG Muster defensiv;19.06.2025;-0,0017309993;-2.643,43;0,1236427880;173.370,47;-0,001133470;0,02036000
ESG Muster defensiv;20.06.2025;-0,0009635407;-1.468,89;0,1225988444;171.901,58;0,000127069;0,02034000
ESG Muster defensiv;21.06.2025;0,0000408783;62,26;0,1226432461;171.963,84;0;0,02034000
ESG Muster defensiv;22.06.2025;0,0000408766;62,26;0,1226876479;172.026,10;0;0,02034000
ESG Muster defensiv;23.06.2025;0,0004838004;736,89;0,1232168295;172.762,99;0,000794129;0,02031000
ESG Muster defensiv;24.06.2025;-0,0006066535;-924,46;0,1225611078;171.838,53;0,001676215;0,01997000
ESG Muster defensiv;25.06.2025;-0,0012441640;-1.894,79;0,1212132498;169.943,74;-0,001291902;0,01993000
ESG Muster defensiv;26.06.2025;-0,0000130672;-19,88;0,1212026349;169.923,87;0,000794669;0,01980000
ESG Muster defensiv;27.06.2025;-0,0000723556;-110,05;0,1211276893;169.813,81;0,000345472;0,01939000
ESG Muster defensiv;28.06.2025;0,0000409344;62,26;0,1211720976;169.876,07;0;0,01939000
ESG Muster defensiv;29.06.2025;0,0000409328;62,26;0,1212165058;169.938,33;0;0,01939000
ESG Muster defensiv;30.06.2025;0,0001888830;287,30;0,1214249917;170.225,63;0,000280016;0,01944000
ESG Muster defensiv;01.07.2025;0,0021142313;3.216,43;0,1237229504;173.442,06;0,000299166;0,01961000
ESG Muster defensiv;02.07.2025;-0,0005356026;-816,55;0,1231440704;172.625,51;-0,000334474;0,01958000
ESG Muster defensiv;03.07.2025;0,0030345899;4.623,88;0,1264462476;177.249,40;0,002458893;0,01937000
ESG Muster defensiv;04.07.2025;-0,0007020208;-1.072,93;0,1256844965;176.176,46;0,000474989;0,01979000
ESG Muster defensiv;05.07.2025;0,0000407639;62,26;0,1257289113;176.238,72;0;0,01979000
ESG Muster defensiv;06.07.2025;0,0000407622;62,26;0,1257733260;176.300,98;0;0,01979000
ESG Muster defensiv;07.07.2025;-0,0006634555;-1.013,36;0,1250540262;175.287,62;-0,000736722;0,01944000
ESG Muster defensiv;08.07.2025;-0,0018353193;-2.801,41;0,1230590105;172.486,21;-0,000918776;0,01948000
ESG Muster defensiv;09.07.2025;0,0021980487;3.348,92;0,1254519048;175.835,12;0,001739132;0,01969000
ESG Muster defensiv;10.07.2025;0,0007511038;1.146,89;0,1262738188;176.982,01;-0,000675184;0,02001000
ESG Muster defensiv;11.07.2025;-0,0010326615;-1.577,99;0,1251515614;175.404,02;-0,001919456;0,02026000
ESG Muster defensiv;12.07.2025;0,0000404883;61,81;0,1251956600;175.465,82;0;0,02026000
ESG Muster defensiv;13.07.2025;0,0000404867;61,81;0,1252397586;175.527,63;0;0,02026000
ESG Muster defensiv;14.07.2025;0,0006638417;1.013,44;0,1259664840;176.541,07;0,000387941;0,02041000
ESG Muster defensiv;15.07.2025;0,0006453124;985,81;0,1266735278;177.526,87;0,000948196;0,02042000
ESG Muster defensiv;16.07.2025;0,0002716131;415,20;0,1269734380;177.942,07;0,000708794;0,02021000
ESG Muster defensiv;17.07.2025;0,0018686388;2.857,23;0,1290159612;180.799,30;0,001846019;0,02024000
ESG Muster defensiv;18.07.2025;-0,0003460218;-530,07;0,1286413959;180.269,23;-0,001138247;0,01995000
ESG Muster defensiv;19.07.2025;0,0000403597;61,81;0,1286855008;180.331,03;0;0,01995000
ESG Muster defensiv;20.07.2025;0,0000403581;61,81;0,1287296057;180.392,84;0;0,01995000
ESG Muster defensiv;21.07.2025;0,0024468098;3.747,27;0,1314074447;184.140,11;0,002670174;0,01971000
ESG Muster defensiv;22.07.2025;0,0003325570;510,55;0,1317755546;184.650,66;0,000356777;0,01944000
ESG Muster defensiv;23.07.2025;0,0009737010;1.495,36;0,1328465050;186.146,03;0,001461769;0,01939000
ESG Muster defensiv;24.07.2025;-0,0018536220;-2.849,47;0,1308166514;183.296,55;-0,003191414;0,01948000
ESG Muster defensiv;25.07.2025;-0,0018015007;-2.764,22;0,1288475248;180.532,34;-0,001035145;0,01971000
ESG Muster defensiv;26.07.2025;0,0000404301;61,92;0,1288917205;180.594,26;0;0,01971000
ESG Muster defensiv;27.07.2025;0,0000404285;61,92;0,1289359163;180.656,19;0;0,01971000
ESG Muster defensiv;28.07.2025;0,0039077256;5.985,68;0,1332117323;186.641,87;0,001581742;0,02016000
ESG Muster defensiv;29.07.2025;0,0008647016;1.329,69;0,1341645715;187.971,56;0,000619837;0,02026000
ESG Muster defensiv;30.07.2025;0,0007936765;1.221,52;0,1350402553;189.193,08;-0,000409214;0,02017000
ESG Muster defensiv;31.07.2025;-0,0001225760;-188,80;0,1349093049;189.004,28;-0,000624501;0,02008000
ESG Muster defensiv;01.08.2025;-0,0055063933;-8.480,42;0,1288597034;180.523,86;-0,002234104;0,01994000
ESG Muster defensiv;02.08.2025;0,0000404303;61,92;0,1289039054;180.585,78;0;0,01994000
ESG Muster defensiv;03.08.2025;0,0000404287;61,92;0,1289481074;180.647,71;0;0,01994000
ESG Muster defensiv;04.08.2025;0,0058075641;8.895,72;0,1353017727;189.543,43;0,003225484;0,01994000
ESG Muster defensiv;05.08.2025;-0,0004741705;-730,53;0,1347840904;188.812,90;0,000285224;0,01973000
ESG Muster defensiv;06.08.2025;-0,0008629422;-1.328,86;0,1338392445;187.484,05;-0,000176222;0,01984000
ESG Muster defensiv;07.08.2025;0,0017543376;2.699,20;0,1357699256;190.183,24;0,000934147;0,02003000
ESG Muster defensiv;08.08.2025;0,0004482516;690,88;0,1362669540;190.874,12;-0,001210585;0,02019000
ESG Muster defensiv;09.08.2025;0,0000401589;61,92;0,1363111622;190.936,05;0;0,02019000
ESG Muster defensiv;10.08.2025;0,0000401573;61,92;0,1363553704;190.997,97;0;0,02019000
ESG Muster defensiv;11.08.2025;-0,0010749622;-1.657,70;0,1351757014;189.340,28;0,000068233;0,02029000
ESG Muster defensiv;12.08.2025;-0,0005949561;-910,10;0,1345305222;188.430,18;-0,000673347;0,02029000
ESG Muster defensiv;13.08.2025;0,0023394511;3.576,51;0,1370886313;192.006,68;0,002848481;0,02036000
ESG Muster defensiv;14.08.2025;0,0005916949;906,69;0,1377406488;192.913,37;-0,000094783;0,02034000
ESG Muster defensiv;15.08.2025;-0,0029576367;-4.534,84;0,1345073095;188.378,53;-0,002110255;0,02026000
ESG Muster defensiv;16.08.2025;0,0000401651;61,40;0,1345511518;188.439,94;0;0,02026000
ESG Muster defensiv;17.08.2025;0,0000401635;61,40;0,1345949941;188.501,34;0;0,02026000
ESG Muster defensiv;18.08.2025;0,0007741068;1.183,49;0,1354446109;189.684,83;0,000250944;0,02028000
ESG Muster defensiv;19.08.2025;0,0002248280;343,99;0,1356948122;190.028,83;0,001050258;0,02034000
ESG Muster defensiv;20.08.2025;0,0009919798;1.518,10;0,1367834541;191.546,93;0,000811425;0,02034000
ESG Muster defensiv;21.08.2025;-0,0005527056;-846,69;0,1361834091;190.700,24;-0,001675477;0,02026000
ESG Muster defensiv;22.08.2025;0,0014152049;2.166,75;0,1377353539;192.866,99;0,001784346;0,02017000
ESG Muster defensiv;23.08.2025;0,0000400475;61,40;0,1377792035;192.928,39;0;0,02017000
ESG Muster defensiv;24.08.2025;0,0000400459;61,40;0,1378230532;192.989,80;0;0,02017000
ESG Muster defensiv;25.08.2025;-0,0003123485;-478,94;0,1374856260;192.510,86;-0,001733771;0,02021000
ESG Muster defensiv;26.08.2025;0,0004425006;678,29;0,1379746552;193.189,15;0,001449294;0,02022000
ESG Muster defensiv;27.08.2025;0,0012001573;1.840,49;0,1392937720;195.029,64;0,001213533;0,02032000
ESG Muster defensiv;28.08.2025;0,0003578602;549,45;0,1396908563;195.579,09;-0,000802592;0,02047000
ESG Muster defensiv;29.08.2025;-0,0018106789;-2.781,07;0,1377090783;192.798,02;-0,001341536;0,02061000
ESG Muster defensiv;30.08.2025;0,0000400493;61,40;0,1377529353;192.859,42;0;0,02061000
ESG Muster defensiv;31.08.2025;0,0000379752;58,22;0,1377945227;192.917,64;0;0,02061000
ESG Muster defensiv;01.09.2025;-0,0004205623;-644,83;0,1373385030;192.272,81;-0,000984717;0,02074000
ESG Muster defensiv;02.09.2025;-0,0005675859;-869,90;0,1367216820;191.402,91;-0,003277809;0,02075000
ESG Muster defensiv;03.09.2025;0,0030871846;4.728,80;0,1401041720;196.131,72;0,001728570;0,02076000
ESG Muster defensiv;04.09.2025;0,0025079907;3.853,48;0,1428615828;199.985,20;0,001922843;0,02078000
ESG Muster defensiv;05.09.2025;0,0017123739;2.637,63;0,1447505829;202.622,83;0,001250723;0,02053000
ESG Muster defensiv;06.09.2025;0,0000398549;61,50;0,1447945141;202.684,32;0;0,02053000
ESG Muster defensiv;07.09.2025;0,0000398533;61,50;0,1448384452;202.745,82;0;0,02053000
ESG Muster defensiv;08.09.2025;0,0035149288;5.423,87;0,1487180790;208.169,69;0,001426520;0,02034000
ESG Muster defensiv;09.09.2025;0,0002940890;455,40;0,1490483300;208.625,09;-0,000709474;0,02029000
ESG Muster defensiv;10.09.2025;0,0015446773;2.392,67;0,1507626830;211.017,76;0,000022734;0,02029000
ESG Muster defensiv;11.09.2025;0,0001589767;246,63;0,1509438452;211.264,39;-0,000089687;0,02014000
ESG Muster defensiv;12.09.2025;-0,0003531085;-547,89;0,1505573257;210.716,50;-0,001640033;0,02000000
ESG Muster defensiv;13.09.2025;0,0000396470;61,50;0,1506012641;210.778,00;0;0,02000000
ESG Muster defensiv;14.09.2025;0,0000396454;61,50;0,1506452024;210.839,49;0;0,02000000
ESG Muster defensiv;15.09.2025;0,0021549562;3.342,75;0,1530386088;214.182,24;0,001108592;0,02033000
ESG Muster defensiv;16.09.2025;-0,0026438130;-4.109,89;0,1501068922;210.072,35;-0,001653497;0,02015000
ESG Muster defensiv;17.09.2025;0,0008788185;1.362,54;0,1510854230;211.434,89;0,000326547;0,02024000
ESG Muster defensiv;18.09.2025;0,0003380643;524,60;0,1514652243;211.959,49;0,000928591;0,02029000
ESG Muster defensiv;19.09.2025;0,0014581561;2.263,51;0,1530876974;214.223,00;-0,000852852;0,02016000
ESG Muster defensiv;20.09.2025;0,0000395575;61,50;0,1531316429;214.284,49;0;0,02016000
ESG Muster defensiv;21.09.2025;0,0000395560;61,50;0,1531755884;214.345,99;0;0,02016000
ESG Muster defensiv;22.09.2025;0,0014683227;2.282,80;0,1548119446;216.628,78;0,000345929;0,02004000
ESG Muster defensiv;23.09.2025;0,0002033293;316,58;0,1550432139;216.945,36;-0,000489794;0,01996000
ESG Muster defensiv;24.09.2025;0,0001413227;220,08;0,1552055243;217.165,45;0,000201250;0,01993000
ESG Muster defensiv;25.09.2025;-0,0012355133;-1.924,33;0,1538352024;215.241,11;-0,001518935;0,01980000
ESG Muster defensiv;26.09.2025;0,0019696930;3.064,04;0,1560301412;218.305,15;0,001664730;0,02000000
ESG Muster defensiv;27.09.2025;0,0000394539;61,50;0,1560740939;218.366,65;0;0,02000000
ESG Muster defensiv;28.09.2025;0,0000394524;61,50;0,1561180465;218.428,14;0;0,02000000
ESG Muster defensiv;29.09.2025;0,0031753812;4.949,71;0,1596609238;223.377,86;0,001136490;0,02016000
ESG Muster defensiv;30.09.2025;0,0010500647;1.642,02;0,1608397435;225.019,87;0,000675851;0,02032000
ESG Muster defensiv;01.10.2025;0,0018774342;2.938,88;0,1629456333;227.958,75;0,001503510;0,02017000
ESG Muster defensiv;02.10.2025;0,0006574848;1.031,14;0,1636879481;228.989,89;0,001218905;0,02000000
ESG Muster defensiv;03.10.2025;0,0017985656;2.822,56;0,1657108984;231.812,45;-0,000045982;0,02020000
ESG Muster defensiv;04.10.2025;0,0000391150;61,50;0,1657548581;231.873,95;0;0,02020000
ESG Muster defensiv;05.10.2025;0,0000391134;61,50;0,1657988178;231.935,44;0;0,02020000
ESG Muster defensiv;06.10.2025;0,0031149000;4.897,51;0,1693052167;236.832,95;0,000999997;0,02026000
ESG Muster defensiv;07.10.2025;0,0013108831;2.067,50;0,1707886726;238.900,46;-0,000307436;0,02029000
ESG Muster defensiv;08.10.2025;0,0050614055;7.993,23;0,1765086193;246.893,68;0,002223367;0,02019000
ESG Muster defensiv;09.10.2025;-0,0006322877;-1.003,59;0,1757967317;245.890,09;-0,000619705;0,02025000
ESG Muster defensiv;10.10.2025;-0,0040273480;-6.388,34;0,1712348956;239.501,75;-0,000724809;0,02009000
ESG Muster defensiv;11.10.2025;0,0000389246;61,50;0,1712788623;239.563,24;0;0,02009000
ESG Muster defensiv;12.10.2025;0,0000389231;61,50;0,1713228290;239.624,74;0;0,02009000
ESG Muster defensiv;13.10.2025;0,0065841574;10.402,80;0,1787661257;250.027,54;0,002115236;0,02026000
ESG Muster defensiv;14.10.2025;-0,0005142814;-817,90;0,1781869882;249.209,64;-0,000082515;0,02021000
ESG Muster defensiv;15.10.2025;0,0037455951;5.953,85;0,1824498161;255.163,48;0,002129251;0,02016000
ESG Muster defensiv;16.10.2025;0,0015134692;2.414,76;0,1841822682;257.578,25;-0,000307481;0,02004000
ESG Muster defensiv;17.10.2025;-0,0010985606;-1.755,42;0,1829328232;255.822,82;-0,000889423;0,02010000
ESG Muster defensiv;18.10.2025;0,0000396263;63,25;0,1829780520;255.886,07;0;0,02010000
ESG Muster defensiv;19.10.2025;0,0000396247;63,25;0,1830232808;255.949,33;0;0,02010000
ESG Muster defensiv;20.10.2025;0,0049288042;7.867,85;0,1886553384;263.817,17;0,001539503;0,02015000
ESG Muster defensiv;21.10.2025;-0,0035907346;-5.760,14;0,1845420789;258.057,03;0,001086167;0,02038000
ESG Muster defensiv;22.10.2025;-0,0033578061;-5.367,14;0,1807096017;252.689,89;-0,000896098;0,02066000
ESG Muster defensiv;23.10.2025;0,0030645556;4.881,96;0,1842066855;257.571,85;-0,000051417;0,02065000
ESG Muster defensiv;24.10.2025;0,0001568325;250,61;0,1843916887;257.822,46;-0,000972440;0,02072000
ESG Muster defensiv;25.10.2025;0,0000395767;63,25;0,1844369246;257.885,71;0;0,02072000
ESG Muster defensiv;26.10.2025;0,0000395751;63,25;0,1844821606;257.948,96;0;0,02072000
ESG Muster defensiv;27.10.2025;-0,0009684912;-1.547,94;0,1833808306;256.401,02;0,001435837;0,02084000
ESG Muster defensiv;28.10.2025;-0,0004911825;-784,30;0,1828256056;255.616,72;0,000297290;0,02074000
ESG Muster defensiv;29.10.2025;0,0023778064;3.794,90;0,1855456332;259.411,62;-0,000113495;0,02066000
ESG Muster defensiv;30.10.2025;-0,0013989161;-2.237,93;0,1839506698;257.173,69;-0,000858802;0,02050000
ESG Muster defensiv;31.10.2025;0,0010996190;1.756,67;0,1852129365;258.930,36;0,000184168;0,02040000
ESG Muster defensiv;01.11.2025;0,0000385557;61,66;0,1852570429;258.992,02;0;0,02040000
ESG Muster defensiv;02.11.2025;0,0000395477;63,25;0,1853022859;259.055,27;0;0,02040000
ESG Muster defensiv;03.11.2025;-0,0001567178;-250,66;0,1851287421;258.804,62;-0,000363997;0,02023000
ESG Muster defensiv;04.11.2025;-0,0030640576;-4.899,90;0,1816293655;253.904,71;-0,000824726;0,02014000
ESG Muster defensiv;05.11.2025;0,0002456960;391,70;0,1819152010;254.296,42;-0,000051054;0,01990000
ESG Muster defensiv;06.11.2025;-0,0029261016;-4.666,10;0,1785827522;249.630,32;-0,001407648;0,01998000
ESG Muster defensiv;07.11.2025;-0,0010810382;-1.718,83;0,1773585970;247.911,49;-0,001087195;0,02009000
ESG Muster defensiv;08.11.2025;0,0000398414;63,28;0,1774038672;247.974,77;0;0,02009000
ESG Muster defensiv;09.11.2025;0,0000398398;63,28;0,1774491374;248.038,05;0;0,02009000
ESG Muster defensiv;10.11.2025;0,0084809236;13.471,00;0,1870922054;261.509,04;0,002464173;0,02005000
ESG Muster defensiv;11.11.2025;-0,0021191032;-3.394,50;0,1846693500;258.114,54;0,000945895;0,02032000
ESG Muster defensiv;12.11.2025;0,0029196907;4.667,02;0,1880141744;262.781,56;0,001349331;0,02048000
ESG Muster defensiv;13.11.2025;-0,0041169529;-6.600,02;0,1832976402;256.181,54;-0,003361280;0,02064000
ESG Muster defensiv;14.11.2025;-0,0041851958;-6.681,80;0,1785222928;249.499,75;-0,000932748;0,02069000
ESG Muster defensiv;15.11.2025;0,0000381037;60,58;0,1785656384;249.560,33;0;0,02069000
ESG Muster defensiv;16.11.2025;0,0000381022;60,58;0,1786089841;249.620,90;0;0,02069000
ESG Muster defensiv;17.11.2025;-0,0015273074;-2.428,37;0,1768768449;247.192,53;-0,001050123;0,02048000
ESG Muster defensiv;18.11.2025;-0,0033675727;-5.346,17;0,1730567237;241.846,37;-0,001702029;0,02051000
ESG Muster defensiv;19.11.2025;0,0016008325;2.532,83;0,1748744651;244.379,20;0,000869972;0,02066000
ESG Muster defensiv;20.11.2025;-0,0018215153;-2.886,61;0,1728141129;241.492,59;-0,000430214;0,02054000
ESG Muster defensiv;21.11.2025;0,0011336313;1.793,23;0,1741026583;243.285,81;0,000728472;0,02047000
ESG Muster defensiv;22.11.2025;0,0000382532;60,58;0,1741460105;243.346,39;0;0,02047000
ESG Muster defensiv;23.11.2025;0,0000382517;60,58;0,1741893628;243.406,97;0;0,02047000
ESG Muster defensiv;24.11.2025;0,0031563712;4.998,92;0,1777721454;248.405,90;0,001127557;0,02059000
ESG Muster defensiv;25.11.2025;0,0029111018;4.625,03;0,1810875511;253.030,93;0,001944760;0,02066000
ESG Muster defensiv;26.11.2025;0,0023121685;3.684,17;0,1837297769;256.715,09;0,001152634;0,02069000
ESG Muster defensiv;27.11.2025;0,0004011748;640,70;0,1841938966;257.355,80;0,000411131;0,02061000
ESG Muster defensiv;28.11.2025;0,0020042894;3.202,26;0,1864914451;260.558,06;-0,000036934;0,02060000
ESG Muster defensiv;29.11.2025;0,0000378479;60,59;0,1865348124;260.618,65;0;0,02060000
ESG Muster defensiv;30.11.2025;0,0000378465;60,59;0,1865781798;260.679,24;0;0,02060000
ESG Muster defensiv;01.12.2025;-0,0016341306;-2.616,29;0,1847111709;258.062,95;-0,002307833;0,02060000
ESG Muster defensiv;02.12.2025;-0,0008248817;-1.318,50;0,1837729751;256.744,45;0,000474653;0,02043000
ESG Muster defensiv;03.12.2025;0,0004922460;786,16;0,1843412407;257.530,61;0,000053325;0,02029000
ESG Muster defensiv;04.12.2025;0,0015697854;2.508,33;0,1861423014;260.038,94;0,000280231;0,02055000
ESG Muster defensiv;05.12.2025;-0,0002139486;-342,40;0,1859027772;259.696,54;-0,000338082;0,02075000
ESG Muster defensiv;06.12.2025;0,0000378797;60,61;0,1859461641;259.757,15;0;0,02075000
ESG Muster defensiv;07.12.2025;0,0000378783;60,61;0,1859895510;259.817,76;0;0,02075000
ESG Muster defensiv;08.12.2025;-0,0024641308;-3.943,02;0,1831724383;255.874,74;-0,003617323;0,02069000
ESG Muster defensiv;09.12.2025;-0,0020156294;-3.217,40;0,1808746160;252.657,34;0,000888676;0,02088000
ESG Muster defensiv;10.12.2025;0,0038436968;6.123,04;0,1852635628;258.780,38;-0,000406533;0,02082000
ESG Muster defensiv;11.12.2025;0,0010452983;1.671,57;0,1864658155;260.451,95;0,000978321;0,02100000
ESG Muster defensiv;12.12.2025;-0,0016197673;-2.592,93;0,1846149534;257.859,02;-0,000783156;0,02082000
ESG Muster defensiv;13.12.2025;0,0000381569;60,98;0,1846586141;257.920,00;0;0,02082000
ESG Muster defensiv;14.12.2025;0,0000381554;60,98;0,1847022749;257.980,98;0;0,02082000
ESG Muster defensiv;15.12.2025;0,0004319523;690,40;0,1852020767;258.671,39;0,000849009;0,02072000
ESG Muster defensiv;16.12.2025;-0,0001247966;-199,55;0,1850646963;258.471,84;-0,000132407;0,02057000
ESG Muster defensiv;17.12.2025;-0,0013084832;-2.092,03;0,1835722527;256.379,80;-0,001299076;0,02049000
ESG Muster defensiv;18.12.2025;0,0032780387;5.234,14;0,1873255316;261.613,95;0,001813725;0,02035000
ESG Muster defensiv;19.12.2025;0,0002596988;416,03;0,1876289696;262.029,97;-0,000393253;0,02002000
ESG Muster defensiv;20.12.2025;0,0000380576;60,98;0,1876726368;262.090,96;0;0,02002000
ESG Muster defensiv;21.12.2025;0,0000380561;60,98;0,1877163040;262.151,94;0;0,02002000
ESG Muster defensiv;22.12.2025;0,0021645909;3.468,76;0,1902057564;265.620,70;-0,000228485;0,02022000
ESG Muster defensiv;23.12.2025;0,0023489252;3.772,31;0,1929127156;269.393,01;0,001668703;0,02018000
ESG Muster defensiv;24.12.2025;0,0003944899;635,03;0,1933731509;270.028,03;0,000081954;0,02018000
ESG Muster defensiv;25.12.2025;-0,0000201537;-32,46;0,1933555916;269.995,58;0,000012169;0,02018000
ESG Muster defensiv;26.12.2025;0,0000655647;105,58;0,1934368800;270.101,16;0,000029593;0,02018000
ESG Muster defensiv;27.12.2025;0,0000378799;61,00;0,1934805687;270.162,16;0;0,02018000
ESG Muster defensiv;28.12.2025;0,0000378784;61,00;0,1935242573;270.223,17;0;0,02018000
ESG Muster defensiv;29.12.2025;-0,0021268301;-3.425,42;0,1910766955;266.797,75;0,001668354;0,02020000
ESG Muster defensiv;30.12.2025;0,0018718315;3.008,31;0,1932368582;269.806,06;-0,000227463;0,02016000
ESG Muster defensiv;31.12.2025;-0,0010245918;-1.649,75;0,1920609067;268.156,31;-0,000307250;0,02026000
ESG Muster defensiv;01.01.2026;-0,0000048327;-7,77;0,1920609434;268.148,54;0,000000170;0,02026000
ESG Muster defensiv;02.01.2026;-0,0023552311;-3.788,39;0,1893530355;264.360,15;-0,000931574;0,02029000
ESG Muster defensiv;03.01.2026;0,0000380154;61,00;0,1893967306;264.421,15;0;0,02029000
ESG Muster defensiv;04.01.2026;0,0000380139;61,00;0,1894404256;264.482,16;0;0,02029000
ESG Muster defensiv;05.01.2026;0,0067791400;10.879,38;0,1972387309;275.361,54;0,002114718;0,02034000
ESG Muster defensiv;06.01.2026;0,0049416009;7.984,20;0,2029636322;283.345,74;0,001968707;0,02026000
ESG Muster defensiv;07.01.2026;-0,0004187763;-679,97;0,2024824402;282.665,78;0,001407762;0,02032000
ESG Muster defensiv;08.01.2026;-0,0017519090;-2.843,38;0,2004514475;279.822,40;-0,000726767;0,02031000
ESG Muster defensiv;09.01.2026;0,0047776218;7.740,57;0,2060023839;287.562,97;0,000850488;0,02019000
ESG Muster defensiv;10.01.2026;0,0000296560;48,28;0,2060369685;287.611,25;0;0,02019000
ESG Muster defensiv;11.01.2026;0,0000296552;48,28;0,2060715532;287.659,53;0;0,02019000
ESG Muster defensiv;12.01.2026;0,0032674537;5.319,45;0,2098883248;292.978,97;0,000993614;0,02020000
ESG Muster defensiv;13.01.2026;0,0002432813;397,36;0,2101790531;293.376,33;-0,000038952;0,02016000
ESG Muster defensiv;14.01.2026;0,0009594313;1.567,45;0,2113080829;294.943,78;0,000472281;0,02016000
ESG Muster defensiv;15.01.2026;0,0010037579;1.641,44;0,2124901800;296.585,22;0,000410463;0,02026000
ESG Muster defensiv;16.01.2026;-0,0009248689;-1.513,95;0,2114115744;295.071,27;-0,000965813;0,02033000
ESG Muster defensiv;17.01.2026;0,0000342925;56,08;0,2114517563;295.127,35;0;0,02033000
ESG Muster defensiv;18.01.2026;0,0000342913;56,08;0,2114919382;295.183,43;0;0,02033000
ESG Muster defensiv;19.01.2026;-0,0003306680;-540,82;0,2111105102;294.642,61;-0,000476316;0,02029000
ESG Muster defensiv;20.01.2026;-0,0038965659;-6.370,86;0,2065517278;288.271,76;-0,002368776;0,02027000
ESG Muster defensiv;21.01.2026;0,0036357829;5.921,32;0,2108004828;294.193,07;0,000175913;0,02034000
ESG Muster defensiv;22.01.2026;0,0021894954;3.578,82;0,2133709409;297.771,90;0,001407687;0,02030000
ESG Muster defensiv;23.01.2026;0,0014736236;2.413,98;0,2151068304;300.185,87;-0,000957490;0,02038000
ESG Muster defensiv;24.01.2026;0,0000341855;56,08;0,2151470180;300.241,95;0;0,02038000
ESG Muster defensiv;25.01.2026;0,0000341844;56,08;0,2151872056;300.298,04;0;0,02038000
ESG Muster defensiv;26.01.2026;0,0020944495;3.436,25;0,2176557522;303.734,29;0,001056082;0,02038000
ESG Muster defensiv;27.01.2026;-0,0002384947;-392,11;0,2173809525;303.342,19;0,000348475;0,02039000
ESG Muster defensiv;28.01.2026;0,0059900741;9.845,84;0,2244430477;313.188,02;0,000874398;0,02026000
ESG Muster defensiv;29.01.2026;-0,0006912151;-1.142,95;0,2236303064;312.045,07;0,000776793;0,02020000
ESG Muster defensiv;30.01.2026;-0,0059774824;-9.877,16;0,2165578696;302.167,91;-0,000520468;0,02031000
ESG Muster defensiv;31.01.2026;0,0000310570;51,01;0,2165944287;302.218,92;0;0,02031000
ESG Muster defensiv;01.02.2026;0,0000341432;56,08;0,2166346220;302.275,01;0;0,02031000
ESG Muster defensiv;02.02.2026;-0,0046695089;-7.670,25;0,2111434729;294.604,75;0,000483754;0,02022000
ESG Muster defensiv;03.02.2026;0,0065438976;10.698,98;0,2188176185;305.303,73;-0,001003162;0,02029000
ESG Muster defensiv;04.02.2026;-0,0020351969;-3.349,23;0,2164232589;301.954,50;0,000872513;0,02040000
ESG Muster defensiv;05.02.2026;-0,0036509733;-5.996,01;0,2121316452;295.958,49;-0,000335563;0,02020000
ESG Muster defensiv;06.02.2026;0,0051393560;8.409,57;0,2181654381;304.368,06;0,001563868;0,01999000
ESG Muster defensiv;07.02.2026;0,0000414961;68,25;0,2182143580;304.436,31;0;0,01999000
ESG Muster defensiv;08.02.2026;0,0000414944;68,25;0,2182632779;304.504,56;0;0,01999000
ESG Muster defensiv;09.02.2026;0,0037120804;6.105,83;0,2226460794;310.610,39;0,000912719;0,01982000
ESG Muster defensiv;10.02.2026;0,0001384787;228,62;0,2228162054;310.839,02;0,001294759;0,01981000
ESG Muster defensiv;11.02.2026;0,0020820271;3.437,82;0,2252868196;314.276,84;0,000092346;0,01994000
ESG Muster defensiv;12.02.2026;-0,0051706105;-8.504,32;0,2191978053;305.772,52;-0,000146965;0,01984000
ESG Muster defensiv;13.02.2026;0,0012495853;2.044,62;0,2206707993;307.817,14;0,001147708;0,01999000
ESG Muster defensiv;14.02.2026;0,0000416591;68,25;0,2207197266;307.885,39;0;0,01999000
ESG Muster defensiv;15.02.2026;0,0000416574;68,25;0,2207686538;307.953,63;0;0,01999000
ESG Muster defensiv;16.02.2026;-0,0001477413;-242,06;0,2206023870;307.711,57;-0,000157642;0,01999000
ESG Muster defensiv;17.02.2026;-0,0019439045;-3.184,46;0,2183265874;304.527,11;0,000792204;0,02011000
ESG Muster defensiv;18.02.2026;0,0055245936;9.032,67;0,2248098187;313.559,78;0,000238895;0,02006000
ESG Muster defensiv;19.02.2026;0,0001446083;237,74;0,2249876470;313.797,52;0,000040104;0,02024000
ESG Muster defensiv;20.02.2026;0,0027472283;4.517,16;0,2282338540;318.314,69;0,000458004;0,02024000
ESG Muster defensiv;21.02.2026;0,0000411024;67,77;0,2282824448;318.382,45;0;0,02024000
ESG Muster defensiv;22.02.2026;0,0000411008;67,77;0,2283310355;318.450,22;0;0,02024000
ESG Muster defensiv;23.02.2026;0,0021558365;3.554,79;0,2308873970;322.005,01;0,001112059;0,02034000
ESG Muster defensiv;24.02.2026;-0,0005562457;-919,18;0,2302358366;321.085,84;0,000466376;0,02041000
ESG Muster defensiv;25.02.2026;0,0028446942;4.698,16;0,2336122873;325.783,99;0,000784790;0,02011000
ESG Muster defensiv;26.02.2026;-0,0008786988;-1.455,34;0,2325762678;324.328,65;0,000151521;0,02013000
ESG Muster defensiv;27.02.2026;0,0010845990;1.794,79;0,2338709172;326.123,44;0,001283275;0,02013000
ESG Muster defensiv;28.02.2026;0,0000385933;63,93;0,2339167653;326.187,37;0;0,02013000
ESG Muster defensiv;01.03.2026;0,0000472225;78,23;0,2339728668;326.265,60;0;0,02013000
ESG Muster defensiv;02.03.2026;-0,0003330295;-551,74;0,2335847872;325.713,86;-0,004241960;0,02026000
ESG Muster defensiv;03.03.2026;-0,0088119906;-14.594,23;0,2231258104;311.119,63;-0,006395214;0,02035000
ESG Muster defensiv;04.03.2026;0,0022177424;3.640,61;0,2257440613;314.760,24;0,003523635;0,02056000
ESG Muster defensiv;05.03.2026;-0,0049049598;-8.069,76;0,2199635919;306.690,48;-0,005507685;0,02046000
ESG Muster defensiv;06.03.2026;-0,0020779053;-3.401,85;0,2175307507;303.288,62;-0,003647436;0,02049000
ESG Muster defensiv;07.03.2026;0,0000415221;67,84;0,2175794061;303.356,46;0;0,02049000
ESG Muster defensiv;08.03.2026;0,0000415204;67,84;0,2176280614;303.424,30;0;0,02049000
ESG Muster defensiv;09.03.2026;-0,0024518067;-4.005,98;0,2147617386;299.418,31;-0,001627969;0,02078000
ESG Muster defensiv;10.03.2026;0,0067688393;11.032,42;0,2226820591;310.450,73;0,004580523;0,02138000
ESG Muster defensiv;11.03.2026;-0,0034540931;-5.667,88;0,2186236016;304.782,86;-0,005141298;0,02122000
ESG Muster defensiv;12.03.2026;-0,0035896047;-5.869,89;0,2144199595;298.912,96;-0,002156898;0,02150000
ESG Muster defensiv;13.03.2026;-0,0025965959;-4.230,84;0,2113918244;294.682,13;-0,001633194;0,02157000
ESG Muster defensiv;14.03.2026;0,0000417420;67,84;0,2114404876;294.749,96;0;0,02157000
ESG Muster defensiv;15.03.2026;0,0000417403;67,84;0,2114891508;294.817,80;0;0,02157000
ESG Muster defensiv;16.03.2026;-0,0002268714;-368,73;0,2112314067;294.449,07;0,001832599;0,02157000
ESG Muster defensiv;17.03.2026;0,0021667675;3.520,81;0,2137639987;297.969,88;0,001634594;0,02148000
ESG Muster defensiv;18.03.2026;-0,0030694056;-4.998,33;0,2101849065;292.971,55;-0,002705639;0,02121000
ESG Muster defensiv;19.03.2026;-0,0134254214;-21.795,32;0,1945546211;271.176,23;-0,004815121;0,02108000
ESG Muster defensiv;20.03.2026;-0,0061450599;-9.842,18;0,1874993492;261.334,05;-0,005482901;0,02111000
ESG Muster defensiv;21.03.2026;0,0000455473;72,50;0,1875513674;261.406,56;0;0,02111000
ESG Muster defensiv;22.03.2026;0,0000455453;72,50;0,1876033855;261.479,06;0;0,02111000
ESG Muster defensiv;23.03.2026;-0,0044488538;-7.082,33;0,1825278356;254.396,73;0,002209243;0,02129000
ESG Muster defensiv;24.03.2026;0,0005439394;862,07;0,1831521827;255.258,80;-0,001010952;0,02178000
ESG Muster defensiv;25.03.2026;0,0089247080;14.152,12;0,1933126852;269.410,92;0,004002568;0,02135000
ESG Muster defensiv;26.03.2026;-0,0095924883;-15.346,79;0,1823065490;254.064,13;-0,005561349;0,02135000
ESG Muster defensiv;27.03.2026;-0,0004479342;-709,76;0,1818030017;253.354,37;-0,003509137;0,02127000
ESG Muster defensiv;28.03.2026;0,0000457768;72,50;0,1818550281;253.426,87;0;0,02127000
ESG Muster defensiv;29.03.2026;0,0000457747;72,50;0,1819070545;253.499,37;0;0,02127000
ESG Muster defensiv;30.03.2026;0,0034840864;5.518,67;0,1858730354;259.018,04;0,003259758;0,02122000
ESG Muster defensiv;31.03.2026;0,0046414234;7.377,46;0,1911731842;266.395,50;0,002301032;0,02079000
ESG Muster defensiv;01.04.2026;0,0098350842;15.705,26;0,2024501150;282.100,76;0,004393947;0,02075000
ESG Muster defensiv;02.04.2026;-0,0026089285;-4.207,07;0,1994371806;277.893,69;-0,000442786;0,02103000
ESG Muster defensiv;03.04.2026;0,0002708319;435,59;0,1997560733;278.329,29;0,000028216;0,02103000
ESG Muster defensiv;04.04.2026;0,0000451120;72,58;0,1998081608;278.401,86;0;0,02103000
ESG Muster defensiv;05.04.2026;0,0000451099;72,58;0,1998602483;278.474,44;0;0,02103000
ESG Muster defensiv;06.04.2026;-0,0002600146;-418,35;0,1995662645;278.056,09;0,000194330;0,02103000
ESG Muster defensiv;07.04.2026;-0,0033224098;-5.344,17;0,1957367868;272.711,92;-0,004439422;0,02170000
ESG Muster defensiv;08.04.2026;0,0142881528;22.906,44;0,2121843388;295.618,36;0,013354598;0,02162000
ESG Muster defensiv;09.04.2026;-0,0011826069;-1.923,02;0,2108106543;293.695,34;-0,003399422;0,02150000
ESG Muster defensiv;10.04.2026;-0,0018543478;-3.011,76;0,2086553667;290.683,59;-0,000440602;0,02198000
ESG Muster defensiv;11.04.2026;0,0000447682;72,58;0,2087074623;290.756,16;0;0,02198000
ESG Muster defensiv;12.04.2026;0,0000447662;72,58;0,2087595579;290.828,74;0;0,02198000
ESG Muster defensiv;13.04.2026;-0,0016552434;-2.683,64;0,2068396668;288.145,10;-0,001689155;0,02204000
ESG Muster defensiv;14.04.2026;0,0063962913;10.353,10;0,2142781210;298.498,20;0,004437634;0,02243000
ESG Muster defensiv;15.04.2026;0,0003638609;592,72;0,2147102793;299.090,92;0,000806980;0,02240000
ESG Muster defensiv;16.04.2026;0,0021162147;3.448,49;0,2171926113;302.539,41;0,001240886;0,02238000
ESG Muster defensiv;17.04.2026;0,0067445480;11.013,88;0,2251064368;313.553,29;0,005777072;0,02204000
ESG Muster defensiv;18.04.2026;0,0000441454;72,58;0,2251585405;313.625,86;0;0,02204000
ESG Muster defensiv;19.04.2026;0,0000441435;72,58;0,2252106442;313.698,44;0;0,02204000
ESG Muster defensiv;20.04.2026;-0,0030837876;-5.070,25;0,2215774657;308.628,19;-0,001706903;0,02194000
ESG Muster defensiv;21.04.2026;-0,0023763334;-3.895,03;0,2187878192;304.733,16;-0,001824790;0,02168000
ESG Muster defensiv;22.04.2026;0,0004908243;802,60;0,2193708282;305.535,75;-0,000190232;0,02161000
ESG Muster defensiv;23.04.2026;-0,0007486377;-1.224,77;0,2184981950;304.310,98;-0,001110467;0,02165000
ESG Muster defensiv;24.04.2026;-0,0000532848;-87,11;0,2184423769;304.223,87;0,000534504;0,02163000
ESG Muster defensiv;25.04.2026;0,0000443974;72,58;0,2184944887;304.296,45;0;0,02163000
ESG Muster defensiv;26.04.2026;0,0000443954;72,58;0,2185466005;304.369,02;0;0,02163000
ESG Muster defensiv;27.04.2026;-0,0014119139;-2.308,24;0,2168958776;302.060,78;-0,000725795;0,02170000
ESG Muster defensiv;28.04.2026;-0,0047571090;-7.766,10;0,2113258881;294.294,67;-0,002031179;0,02150000
ESG Muster defensiv;29.04.2026;-0,0023672516;-3.846,22;0,2085704110;290.448,46;-0,002318616;0,02149000
ESG Muster defensiv;30.04.2026;0,0059424472;9.632,19;0,2154938683;300.080,65;0,003874083;0,02199000
ESG Muster defensiv;01.05.2026;0,0006463576;1.053,92;0,2162573209;301.134,57;-0,000078581;0,02199000
ESG Muster defensiv;02.05.2026;0,0000444814;72,58;0,2163094406;301.207,14;0;0,02199000
ESG Muster defensiv;03.05.2026;0,0000444794;72,58;0,2163615604;301.279,72;0;0,02199000
ESG Muster defensiv;04.05.2026;-0,0030135954;-4.917,42;0,2128366581;296.362,30;-0,002319658;0,02200000
ESG Muster defensiv;05.05.2026;0,0023248055;3.782,06;0,2155593702;300.144,36;0,001103426;0,02218000
ESG Muster defensiv;06.05.2026;0,0082274350;13.415,73;0,2252012178;313.560,09;0,006628387;0,02240000
ESG Muster defensiv;07.05.2026;0,0011017518;1.811,31;0,2265090040;315.371,40;-0,000083389;0,02248000
ESG Muster defensiv;08.05.2026;-0,0012389010;-2.039,03;0,2250513517;313.332,37;-0,001202263;0,02234000
ESG Muster defensiv;09.05.2026;0,0000441513;72,58;0,2251034794;313.404,95;0;0,02234000
ESG Muster defensiv;10.05.2026;0,0000441494;72,58;0,2251556071;313.477,52;0;0,02234000
ESG Muster defensiv;11.05.2026;-0,0005560579;-914,13;0,2245058463;312.563,39;-0,001636708;0,02234000
ESG Muster defensiv;12.05.2026;0,0000441720;72,58;0,2245647805;312.635,97;0;0,02234000
