Portfolio Name;Datum;Performance [%] (Intervall);Performance (Intervall);Performance [%] (kumuliert);Performance (kumuliert);Benchmark Performance [%] (Intervall);Währung
ETF Muster 40/60 ausgew.;30.11.2015;0;0;0;0;0;EUR
ETF Muster 40/60 ausgew.;01.12.2015;-0,0009597141;-96,75;-0,0009597141;-96,75;0,001546621;EUR
ETF Muster 40/60 ausgew.;02.12.2015;0,0004130889;41,61;-0,0005470216;-55,15;-0,000833493;EUR
ETF Muster 40/60 ausgew.;03.12.2015;-0,0119661516;-1.205,70;-0,0125066275;-1.260,84;-0,012389262;EUR
ETF Muster 40/60 ausgew.;04.12.2015;0,0012879250;128,22;-0,0112348101;-1.132,63;-0,000004855;EUR
ETF Muster 40/60 ausgew.;05.12.2015;0;0;-0,0112348101;-1.132,63;0;EUR
ETF Muster 40/60 ausgew.;06.12.2015;0;0;-0,0112348101;-1.132,63;0;EUR
ETF Muster 40/60 ausgew.;07.12.2015;0,0037895474;377,75;-0,0074878375;-754,88;0,001995839;EUR
ETF Muster 40/60 ausgew.;08.12.2015;-0,0001987824;-19,89;-0,0076851315;-774,77;-0,002052238;EUR
ETF Muster 40/60 ausgew.;09.12.2015;-0,0012664026;-126,69;-0,0089418015;-901,46;-0,003051109;EUR
ETF Muster 40/60 ausgew.;10.12.2015;0,0003451017;34,48;-0,0085997857;-866,98;0,001251939;EUR
ETF Muster 40/60 ausgew.;11.12.2015;-0,0000015008;-0,15;-0,0086012736;-867,13;-0,003619494;EUR
ETF Muster 40/60 ausgew.;12.12.2015;0;0;-0,0086012736;-867,13;0;EUR
ETF Muster 40/60 ausgew.;13.12.2015;0;0;-0,0086012736;-867,13;0;EUR
ETF Muster 40/60 ausgew.;14.12.2015;-0,0006578492;-65,75;-0,0092534645;-932,88;-0,002242566;EUR
ETF Muster 40/60 ausgew.;15.12.2015;0,0000291346;2,91;-0,0092245994;-929,97;0,001716336;EUR
ETF Muster 40/60 ausgew.;16.12.2015;-0,0005824752;-58,18;-0,0098017015;-988,15;0,001992727;EUR
ETF Muster 40/60 ausgew.;17.12.2015;0,0011893707;118,73;-0,0086239887;-869,42;0,002074788;EUR
ETF Muster 40/60 ausgew.;18.12.2015;0,0004029231;40,27;-0,0082245404;-829,15;-0,001738222;EUR
ETF Muster 40/60 ausgew.;19.12.2015;0;0;-0,0082245404;-829,15;0;EUR
ETF Muster 40/60 ausgew.;20.12.2015;0;0;-0,0082245404;-829,15;0;EUR
ETF Muster 40/60 ausgew.;21.12.2015;-0,0007810179;-78,09;-0,0089991348;-907,24;-0,000637862;EUR
ETF Muster 40/60 ausgew.;22.12.2015;-0,0007558043;-75,51;-0,0097481376;-982,75;-0,000735417;EUR
ETF Muster 40/60 ausgew.;23.12.2015;0,0004192072;41,85;-0,0093330169;-940,90;0,003406721;EUR
ETF Muster 40/60 ausgew.;24.12.2015;0;0;-0,0093330169;-940,90;-0,001140778;EUR
ETF Muster 40/60 ausgew.;25.12.2015;0;0;-0,0093330169;-940,90;-0,000083514;EUR
ETF Muster 40/60 ausgew.;26.12.2015;0;0;-0,0093330169;-940,90;0;EUR
ETF Muster 40/60 ausgew.;27.12.2015;0;0;-0,0093330169;-940,90;0;EUR
ETF Muster 40/60 ausgew.;28.12.2015;-0,0006482223;-64,74;-0,0099751893;-1.005,64;0,001032224;EUR
ETF Muster 40/60 ausgew.;29.12.2015;0,0002382565;23,78;-0,0097393094;-981,86;0,001647894;EUR
ETF Muster 40/60 ausgew.;30.12.2015;-0,0001426394;-14,24;-0,0098805596;-996,10;-0,001147584;EUR
ETF Muster 40/60 ausgew.;31.12.2015;0;0;-0,0098805596;-996,10;-0,000699620;EUR
ETF Muster 40/60 ausgew.;01.01.2016;0;0;-0,0098805596;-996,10;0;EUR
ETF Muster 40/60 ausgew.;02.01.2016;0;0;-0,0098805596;-996,10;0;EUR
ETF Muster 40/60 ausgew.;03.01.2016;0;0;-0,0098805596;-996,10;0;EUR
ETF Muster 40/60 ausgew.;04.01.2016;0,0021405970;213,67;-0,0077611129;-782,43;-0,001162713;EUR
ETF Muster 40/60 ausgew.;05.01.2016;0,0004277647;42,79;-0,0073366681;-739,64;0,002134967;EUR
ETF Muster 40/60 ausgew.;06.01.2016;0,0001236080;12,37;-0,0072139670;-727,27;-0,002119919;EUR
ETF Muster 40/60 ausgew.;07.01.2016;-0,0009991330;-100,00;-0,0082058922;-827,27;-0,006870844;EUR
ETF Muster 40/60 ausgew.;08.01.2016;-0,0001527202;-15,27;-0,0083573592;-842,54;-0,002510255;EUR
ETF Muster 40/60 ausgew.;09.01.2016;0;0;-0,0083573592;-842,54;0;EUR
ETF Muster 40/60 ausgew.;10.01.2016;0;0;-0,0083573592;-842,54;0;EUR
ETF Muster 40/60 ausgew.;11.01.2016;-0,0000916261;-9,16;-0,0084482195;-851,70;-0,000200503;EUR
ETF Muster 40/60 ausgew.;12.01.2016;0,0005211962;52,10;-0,0079314265;-799,60;0,000687526;EUR
ETF Muster 40/60 ausgew.;13.01.2016;-0,0001067846;-10,68;-0,0080373641;-810,28;-0,002270099;EUR
ETF Muster 40/60 ausgew.;14.01.2016;-0,0002247915;-22,48;-0,0082603489;-832,76;0,000387447;EUR
ETF Muster 40/60 ausgew.;15.01.2016;-0,0004708266;-47,07;-0,0087272863;-879,83;-0,004799354;EUR
ETF Muster 40/60 ausgew.;16.01.2016;0,0000025632;0,26;-0,0087247455;-879,58;0;EUR
ETF Muster 40/60 ausgew.;17.01.2016;0,0000025632;0,26;-0,0087222047;-879,32;0;EUR
ETF Muster 40/60 ausgew.;18.01.2016;-0,0000844937;-8,44;-0,0088059614;-887,76;-0,000020870;EUR
ETF Muster 40/60 ausgew.;19.01.2016;-0,0003233769;-32,31;-0,0091264907;-920,08;0,000170060;EUR
ETF Muster 40/60 ausgew.;20.01.2016;0,0001371068;13,70;-0,0089906352;-906,38;-0,002754668;EUR
ETF Muster 40/60 ausgew.;21.01.2016;-0,0002031261;-20,29;-0,0091919350;-926,68;0,003119317;EUR
ETF Muster 40/60 ausgew.;22.01.2016;0,0003102109;30,99;-0,0088845756;-895,69;0,005426133;EUR
ETF Muster 40/60 ausgew.;23.01.2016;0,0000025636;0,26;-0,0088820348;-895,43;0;EUR
ETF Muster 40/60 ausgew.;24.01.2016;0,0000025636;0,26;-0,0088794940;-895,18;0;EUR
ETF Muster 40/60 ausgew.;25.01.2016;0,0002709813;27,08;-0,0086109189;-868,10;-0,001984375;EUR
ETF Muster 40/60 ausgew.;26.01.2016;-0,0002994004;-29,92;-0,0089077411;-898,03;0,002287684;EUR
ETF Muster 40/60 ausgew.;27.01.2016;-0,0002244270;-22,42;-0,0091301690;-920,45;-0,000828210;EUR
ETF Muster 40/60 ausgew.;28.01.2016;-0,0001989502;-19,87;-0,0093273027;-940,32;-0,000174510;EUR
ETF Muster 40/60 ausgew.;29.01.2016;0,0010281598;102,69;-0,0083087329;-837,64;0,008118904;EUR
ETF Muster 40/60 ausgew.;30.01.2016;0,0000025621;0,26;-0,0083061921;-837,38;0;EUR
ETF Muster 40/60 ausgew.;31.01.2016;0,0000025621;0,26;-0,0083036513;-837,12;0;EUR
ETF Muster 40/60 ausgew.;01.02.2016;-0,0001823806;-18,23;-0,0084845175;-855,36;-0,001346133;EUR
ETF Muster 40/60 ausgew.;02.02.2016;0,0001336167;13,36;-0,0083520345;-842,00;-0,003150939;EUR
ETF Muster 40/60 ausgew.;03.02.2016;-0,0008558778;-85,56;-0,0092007640;-927,57;-0,001665092;EUR
ETF Muster 40/60 ausgew.;04.02.2016;-0,0008376894;-83,67;-0,0100307460;-1.011,24;-0,002055961;EUR
ETF Muster 40/60 ausgew.;05.02.2016;0,0000693983;6,93;-0,0099620438;-1.004,31;-0,002675890;EUR
ETF Muster 40/60 ausgew.;06.02.2016;0,0000025664;0,26;-0,0099595030;-1.004,06;0;EUR
ETF Muster 40/60 ausgew.;07.02.2016;0,0000025664;0,26;-0,0099569622;-1.003,80;0;EUR
ETF Muster 40/60 ausgew.;08.02.2016;0,0001300082;12,98;-0,0098282485;-990,83;-0,002007750;EUR
ETF Muster 40/60 ausgew.;09.02.2016;-0,0011092995;-110,73;-0,0109266456;-1.101,56;-0,004563591;EUR
ETF Muster 40/60 ausgew.;10.02.2016;0,0001386601;13,83;-0,0107895005;-1.087,73;0,001554083;EUR
ETF Muster 40/60 ausgew.;11.02.2016;0,0006021094;60,05;-0,0101938876;-1.027,69;-0,003759380;EUR
ETF Muster 40/60 ausgew.;12.02.2016;-0,0005528196;-55,16;-0,0107410718;-1.082,85;0,002254948;EUR
ETF Muster 40/60 ausgew.;13.02.2016;0,0000025684;0,26;-0,0107385310;-1.082,59;0;EUR
ETF Muster 40/60 ausgew.;14.02.2016;0,0000025684;0,26;-0,0107359902;-1.082,34;0;EUR
ETF Muster 40/60 ausgew.;15.02.2016;-0,0007707062;-76,86;-0,0114984222;-1.159,20;0,004953719;EUR
ETF Muster 40/60 ausgew.;16.02.2016;0,0005374164;53,56;-0,0109671852;-1.105,65;0,001685708;EUR
ETF Muster 40/60 ausgew.;17.02.2016;0,0000590336;5,89;-0,0109087990;-1.099,76;0,003402507;EUR
ETF Muster 40/60 ausgew.;18.02.2016;0,0012416089;123,81;-0,0096807346;-975,95;0,002135105;EUR
ETF Muster 40/60 ausgew.;19.02.2016;0,0007533812;75,22;-0,0089346467;-900,74;-0,000601791;EUR
ETF Muster 40/60 ausgew.;20.02.2016;0,0000025637;0,26;-0,0089321059;-900,48;0;EUR
ETF Muster 40/60 ausgew.;21.02.2016;0,0000025637;0,26;-0,0089295651;-900,23;0;EUR
ETF Muster 40/60 ausgew.;22.02.2016;0,0000811314;8,11;-0,0088491582;-892,12;0,004749316;EUR
ETF Muster 40/60 ausgew.;23.02.2016;0,0008340126;83,34;-0,0080225259;-808,78;-0,002335707;EUR
ETF Muster 40/60 ausgew.;24.02.2016;0,0011318019;113,19;-0,0068998039;-695,60;-0,000217430;EUR
ETF Muster 40/60 ausgew.;25.02.2016;-0,0003303472;-33,07;-0,0072278718;-728,67;0,002879545;EUR
ETF Muster 40/60 ausgew.;26.02.2016;-0,0001755886;-17,57;-0,0074021913;-746,24;0,002136596;EUR
ETF Muster 40/60 ausgew.;27.02.2016;0,0000025597;0,26;-0,0073996505;-745,99;0;EUR
ETF Muster 40/60 ausgew.;28.02.2016;0,0000025597;0,26;-0,0073971097;-745,73;0;EUR
ETF Muster 40/60 ausgew.;29.02.2016;0,0022200448;222,16;-0,0051934868;-523,58;0,001540709;EUR
ETF Muster 40/60 ausgew.;01.03.2016;-0,0000744223;-7,46;-0,0052675226;-531,04;0,003169958;EUR
ETF Muster 40/60 ausgew.;02.03.2016;0,0008271207;82,95;-0,0044447589;-448,09;0,001308239;EUR
ETF Muster 40/60 ausgew.;03.03.2016;0,0000703042;7,06;-0,0043747672;-441,04;0,000435923;EUR
ETF Muster 40/60 ausgew.;04.03.2016;-0,0001527687;-15,33;-0,0045268675;-456,37;-0,001436397;EUR
ETF Muster 40/60 ausgew.;05.03.2016;0,0000025523;0,26;-0,0045243267;-456,12;0;EUR
ETF Muster 40/60 ausgew.;06.03.2016;0,0000025523;0,26;-0,0045217859;-455,86;0;EUR
ETF Muster 40/60 ausgew.;07.03.2016;0,0001566005;15,72;-0,0043658935;-440,14;0,001104847;EUR
ETF Muster 40/60 ausgew.;08.03.2016;0,0000466869;4,69;-0,0043194104;-435,46;-0,001929404;EUR
ETF Muster 40/60 ausgew.;09.03.2016;-0,0003178352;-31,90;-0,0046358728;-467,36;-0,000373709;EUR
ETF Muster 40/60 ausgew.;10.03.2016;-0,0013081035;-131,26;-0,0059379121;-598,62;-0,004850866;EUR
ETF Muster 40/60 ausgew.;11.03.2016;0,0007891614;79,09;-0,0051534366;-519,54;0,005913827;EUR
ETF Muster 40/60 ausgew.;12.03.2016;0,0000025540;0,26;-0,0051508958;-519,28;0;EUR
ETF Muster 40/60 ausgew.;13.03.2016;0,0000025539;0,26;-0,0051483550;-519,03;0;EUR
ETF Muster 40/60 ausgew.;14.03.2016;0,0002807332;28,16;-0,0048690671;-490,87;0,001921051;EUR
ETF Muster 40/60 ausgew.;15.03.2016;-0,0002286994;-22,94;-0,0050966529;-513,81;-0,002119534;EUR
ETF Muster 40/60 ausgew.;16.03.2016;-0,0000430094;-4,31;-0,0051394431;-518,13;0,001399715;EUR
ETF Muster 40/60 ausgew.;17.03.2016;-0,0007649748;-76,72;-0,0059004864;-594,85;-0,000450532;EUR
ETF Muster 40/60 ausgew.;18.03.2016;0,0001754768;17,59;-0,0057260450;-577,27;0,001097188;EUR
ETF Muster 40/60 ausgew.;19.03.2016;0,0000025554;0,26;-0,0057235042;-577,01;0;EUR
ETF Muster 40/60 ausgew.;20.03.2016;0,0000025554;0,26;-0,0057209634;-576,75;0;EUR
ETF Muster 40/60 ausgew.;21.03.2016;0,0002784008;27,91;-0,0054441553;-548,85;0,000573582;EUR
ETF Muster 40/60 ausgew.;22.03.2016;0,0001475202;14,79;-0,0052974381;-534,06;0,000867523;EUR
ETF Muster 40/60 ausgew.;23.03.2016;-0,0003964286;-39,75;-0,0056917666;-573,81;-0,000259262;EUR
ETF Muster 40/60 ausgew.;24.03.2016;0,0000333813;3,35;-0,0056585753;-570,46;-0,000589610;EUR
ETF Muster 40/60 ausgew.;25.03.2016;0,0000025553;0,26;-0,0056560345;-570,21;0,000185013;EUR
ETF Muster 40/60 ausgew.;26.03.2016;0,0000025552;0,26;-0,0056534938;-569,95;0;EUR
ETF Muster 40/60 ausgew.;27.03.2016;0,0000025552;0,26;-0,0056509530;-569,70;0;EUR
ETF Muster 40/60 ausgew.;28.03.2016;0,0000025552;0,26;-0,0056484122;-569,44;-0,000437097;EUR
ETF Muster 40/60 ausgew.;29.03.2016;0,0006053807;60,69;-0,0050464510;-508,75;0,002902419;EUR
ETF Muster 40/60 ausgew.;30.03.2016;-0,0007784121;-78,08;-0,0058209348;-586,83;-0,001293870;EUR
ETF Muster 40/60 ausgew.;31.03.2016;0,0001774583;17,79;-0,0056445095;-569,05;-0,001218950;EUR
ETF Muster 40/60 ausgew.;01.04.2016;-0,0004734286;-47,46;-0,0061152659;-616,50;0,000245424;EUR
ETF Muster 40/60 ausgew.;02.04.2016;0,0000025564;0,26;-0,0061127251;-616,25;0;EUR
ETF Muster 40/60 ausgew.;03.04.2016;0,0000025564;0,26;-0,0061101843;-615,99;0;EUR
ETF Muster 40/60 ausgew.;04.04.2016;0,0007434390;74,49;-0,0053712878;-541,50;0,000078372;EUR
ETF Muster 40/60 ausgew.;05.04.2016;0,0008445098;84,68;-0,0045313141;-456,82;-0,001708355;EUR
ETF Muster 40/60 ausgew.;06.04.2016;-0,0002505435;-25,14;-0,0047807223;-481,96;0,001674723;EUR
ETF Muster 40/60 ausgew.;07.04.2016;0,0011517866;115,56;-0,0036344421;-366,40;-0,000689129;EUR
ETF Muster 40/60 ausgew.;08.04.2016;-0,0002442949;-24,54;-0,0038778492;-390,94;0,000634125;EUR
ETF Muster 40/60 ausgew.;09.04.2016;0,0000025507;0,26;-0,0038753084;-390,69;0;EUR
ETF Muster 40/60 ausgew.;10.04.2016;0,0000025507;0,26;-0,0038727676;-390,43;0;EUR
ETF Muster 40/60 ausgew.;11.04.2016;0,0004780862;48,01;-0,0033965329;-342,42;-0,000771532;EUR
ETF Muster 40/60 ausgew.;12.04.2016;-0,0003187850;-32,03;-0,0037142352;-374,45;0,001715889;EUR
ETF Muster 40/60 ausgew.;13.04.2016;0,0006425369;64,54;-0,0030740849;-309,91;0,004827978;EUR
ETF Muster 40/60 ausgew.;14.04.2016;-0,0002824645;-28,39;-0,0033556810;-338,30;0,000626903;EUR
ETF Muster 40/60 ausgew.;15.04.2016;0,0001242703;12,49;-0,0032318278;-325,81;0,000070568;EUR
ETF Muster 40/60 ausgew.;16.04.2016;0,0000025490;0,26;-0,0032292870;-325,56;0;EUR
ETF Muster 40/60 ausgew.;17.04.2016;0,0000025490;0,26;-0,0032267462;-325,30;0;EUR
ETF Muster 40/60 ausgew.;18.04.2016;-0,0002760891;-27,74;-0,0035019445;-353,05;-0,000575524;EUR
ETF Muster 40/60 ausgew.;19.04.2016;0,0003270141;32,85;-0,0031760756;-320,19;0,001148602;EUR
ETF Muster 40/60 ausgew.;20.04.2016;0,0010329968;103,81;-0,0021463597;-216,38;0,001718365;EUR
ETF Muster 40/60 ausgew.;21.04.2016;-0,0004072615;-40,97;-0,0025527471;-257,35;-0,001529759;EUR
ETF Muster 40/60 ausgew.;22.04.2016;0,0006019743;60,53;-0,0019523095;-196,82;0,000872600;EUR
ETF Muster 40/60 ausgew.;23.04.2016;0,0000025458;0,26;-0,0019497687;-196,56;0;EUR
ETF Muster 40/60 ausgew.;24.04.2016;0,0000025458;0,26;-0,0019472279;-196,31;0;EUR
ETF Muster 40/60 ausgew.;25.04.2016;-0,0021480279;-216,13;-0,0040910731;-412,44;-0,001309894;EUR
ETF Muster 40/60 ausgew.;26.04.2016;-0,0019349643;-194,27;-0,0060181213;-606,71;-0,001342349;EUR
ETF Muster 40/60 ausgew.;27.04.2016;0,0009688136;97,08;-0,0050551381;-509,63;0,000389582;EUR
ETF Muster 40/60 ausgew.;28.04.2016;0,0006263609;62,83;-0,0044319435;-446,80;-0,000291659;EUR
ETF Muster 40/60 ausgew.;29.04.2016;-0,0068298264;-685,49;-0,0112315005;-1.132,29;-0,004219461;EUR
ETF Muster 40/60 ausgew.;30.04.2016;0,0000025697;0,26;-0,0112289597;-1.132,04;0;EUR
ETF Muster 40/60 ausgew.;01.05.2016;0,0000025696;0,26;-0,0112264189;-1.131,78;0;EUR
ETF Muster 40/60 ausgew.;02.05.2016;-0,0001120781;-11,17;-0,0113372387;-1.142,95;-0,000412874;EUR
ETF Muster 40/60 ausgew.;03.05.2016;0,0004489762;44,75;-0,0108933527;-1.098,20;-0,000033636;EUR
ETF Muster 40/60 ausgew.;04.05.2016;-0,0003524400;-35,14;-0,0112419534;-1.133,35;-0,001486549;EUR
ETF Muster 40/60 ausgew.;05.05.2016;0,0009680023;96,49;-0,0102848334;-1.036,86;0,002259022;EUR
ETF Muster 40/60 ausgew.;06.05.2016;0,0006143302;61,30;-0,0096768214;-975,56;0,000394903;EUR
ETF Muster 40/60 ausgew.;07.05.2016;0,0000025656;0,26;-0,0096742806;-975,30;0;EUR
ETF Muster 40/60 ausgew.;08.05.2016;0,0000025656;0,26;-0,0096717398;-975,05;0;EUR
ETF Muster 40/60 ausgew.;09.05.2016;-0,0008900214;-88,86;-0,0105531532;-1.063,91;0,000732007;EUR
ETF Muster 40/60 ausgew.;10.05.2016;-0,0002704142;-26,97;-0,0108207136;-1.090,88;0,002587229;EUR
ETF Muster 40/60 ausgew.;11.05.2016;0,0002567723;25,61;-0,0105667198;-1.065,27;-0,001783164;EUR
ETF Muster 40/60 ausgew.;12.05.2016;-0,0001574340;-15,70;-0,0107224903;-1.080,98;-0,000587247;EUR
ETF Muster 40/60 ausgew.;13.05.2016;0,0009918820;98,92;-0,0097412437;-982,05;0,000643926;EUR
ETF Muster 40/60 ausgew.;14.05.2016;0;0;-0,0097412437;-982,05;0;EUR
ETF Muster 40/60 ausgew.;15.05.2016;0;0;-0,0097412437;-982,05;0;EUR
ETF Muster 40/60 ausgew.;16.05.2016;-0,0001711190;-17,08;-0,0099106958;-999,14;0,000993337;EUR
ETF Muster 40/60 ausgew.;17.05.2016;0,0000850760;8,49;-0,0098264630;-990,65;-0,000906628;EUR
ETF Muster 40/60 ausgew.;18.05.2016;-0,0002882405;-28,77;-0,0101118711;-1.019,42;0,000117890;EUR
ETF Muster 40/60 ausgew.;19.05.2016;-0,0006366390;-63,53;-0,0107420725;-1.082,95;-0,000536112;EUR
ETF Muster 40/60 ausgew.;20.05.2016;-0,0001100274;-10,97;-0,0108509179;-1.093,92;0,001276758;EUR
ETF Muster 40/60 ausgew.;21.05.2016;0,0000025757;0,26;-0,0108483702;-1.093,67;0;EUR
ETF Muster 40/60 ausgew.;22.05.2016;0,0000025757;0,26;-0,0108458224;-1.093,41;0;EUR
ETF Muster 40/60 ausgew.;23.05.2016;-0,0000659157;-6,57;-0,0109110232;-1.099,98;-0,000427514;EUR
ETF Muster 40/60 ausgew.;24.05.2016;-0,0001698672;-16,94;-0,0110790370;-1.116,92;0,003229689;EUR
ETF Muster 40/60 ausgew.;25.05.2016;0,0000641127;6,39;-0,0110156346;-1.110,53;0,002869174;EUR
ETF Muster 40/60 ausgew.;26.05.2016;0,0002623965;26,16;-0,0107561286;-1.084,37;0,000077243;EUR
ETF Muster 40/60 ausgew.;27.05.2016;0,0003234428;32,26;-0,0104361648;-1.052,11;0,001437562;EUR
ETF Muster 40/60 ausgew.;28.05.2016;0,0000025746;0,26;-0,0104336170;-1.051,86;0;EUR
ETF Muster 40/60 ausgew.;29.05.2016;0,0000025746;0,26;-0,0104310693;-1.051,60;0;EUR
ETF Muster 40/60 ausgew.;30.05.2016;-0,0000361173;-3,60;-0,0104668098;-1.055,20;-0,000501202;EUR
ETF Muster 40/60 ausgew.;31.05.2016;-0,0003074730;-30,67;-0,0107710645;-1.085,87;0,000321779;EUR
ETF Muster 40/60 ausgew.;01.06.2016;-0,0006692507;-66,74;-0,0114331067;-1.152,62;-0,000556044;EUR
ETF Muster 40/60 ausgew.;02.06.2016;0,0004589223;45,74;-0,0109794314;-1.106,88;0,000794877;EUR
ETF Muster 40/60 ausgew.;03.06.2016;-0,0009023238;-89,97;-0,0118718481;-1.196,85;-0,001286099;EUR
ETF Muster 40/60 ausgew.;04.06.2016;0,0000025784;0,26;-0,0118693004;-1.196,59;0;EUR
ETF Muster 40/60 ausgew.;05.06.2016;0,0000025784;0,26;-0,0118667526;-1.196,34;0;EUR
ETF Muster 40/60 ausgew.;06.06.2016;0,0004935051;49,16;-0,0113791039;-1.147,17;0,000345093;EUR
ETF Muster 40/60 ausgew.;07.06.2016;0,0017263193;172,06;-0,0096724285;-975,12;0,002009307;EUR
ETF Muster 40/60 ausgew.;08.06.2016;0,0003574396;35,69;-0,0093184463;-939,43;-0,000051696;EUR
ETF Muster 40/60 ausgew.;09.06.2016;0,0006336929;63,29;-0,0086906584;-876,14;0,000334516;EUR
ETF Muster 40/60 ausgew.;10.06.2016;-0,0026955365;-269,39;-0,0113627689;-1.145,53;-0,002019423;EUR
ETF Muster 40/60 ausgew.;11.06.2016;0,0000025770;0,26;-0,0113602211;-1.145,27;0;EUR
ETF Muster 40/60 ausgew.;12.06.2016;0,0000025770;0,26;-0,0113576734;-1.145,01;0;EUR
ETF Muster 40/60 ausgew.;13.06.2016;-0,0031491968;-313,88;-0,0144711027;-1.458,89;-0,002672932;EUR
ETF Muster 40/60 ausgew.;14.06.2016;0,0009960687;98,96;-0,0134894482;-1.359,93;0,000491483;EUR
ETF Muster 40/60 ausgew.;15.06.2016;-0,0008810426;-87,62;-0,0143586060;-1.447,55;0,000164556;EUR
ETF Muster 40/60 ausgew.;16.06.2016;0,0002489642;24,74;-0,0141132166;-1.422,81;0,001054383;EUR
ETF Muster 40/60 ausgew.;17.06.2016;-0,0020207613;-200,85;-0,0161054585;-1.623,66;-0,001475568;EUR
ETF Muster 40/60 ausgew.;18.06.2016;0,0000034526;0,34;-0,0161020615;-1.623,31;0;EUR
ETF Muster 40/60 ausgew.;19.06.2016;0,0000034526;0,34;-0,0160986645;-1.622,97;0;EUR
ETF Muster 40/60 ausgew.;20.06.2016;0,0011519360;114,26;-0,0149652731;-1.508,71;0,001134133;EUR
ETF Muster 40/60 ausgew.;21.06.2016;0,0014416347;143,16;-0,0135452129;-1.365,55;0,002062636;EUR
ETF Muster 40/60 ausgew.;22.06.2016;-0,0005837189;-58,05;-0,0141210252;-1.423,60;-0,000557454;EUR
ETF Muster 40/60 ausgew.;23.06.2016;-0,0001818308;-18,07;-0,0143002884;-1.441,67;0,001376269;EUR
ETF Muster 40/60 ausgew.;24.06.2016;0,0014542153;144,51;-0,0128668688;-1.297,16;-0,003949968;EUR
ETF Muster 40/60 ausgew.;25.06.2016;0,0000034413;0,34;-0,0128634718;-1.296,82;0;EUR
ETF Muster 40/60 ausgew.;26.06.2016;0,0000034413;0,34;-0,0128600748;-1.296,48;0;EUR
ETF Muster 40/60 ausgew.;27.06.2016;0,0013204489;131,41;-0,0115566070;-1.165,07;-0,001510210;EUR
ETF Muster 40/60 ausgew.;28.06.2016;0,0015255165;152,02;-0,0100487203;-1.013,05;0,002786193;EUR
ETF Muster 40/60 ausgew.;29.06.2016;0,0015157460;151,27;-0,0085482055;-861,78;0,003994662;EUR
ETF Muster 40/60 ausgew.;30.06.2016;0,0031040916;310,26;-0,0054706483;-551,52;0,002598409;EUR
ETF Muster 40/60 ausgew.;01.07.2016;0,0018085484;181,33;-0,0036719938;-370,19;0,000826541;EUR
ETF Muster 40/60 ausgew.;02.07.2016;0,0000034095;0,34;-0,0036685968;-369,85;0;EUR
ETF Muster 40/60 ausgew.;03.07.2016;0,0000034095;0,34;-0,0036651998;-369,50;0;EUR
ETF Muster 40/60 ausgew.;04.07.2016;0,0012748415;128,05;-0,0023950308;-241,45;0,000739025;EUR
ETF Muster 40/60 ausgew.;05.07.2016;0,0012767410;128,41;-0,0011213477;-113,05;-0,000131763;EUR
ETF Muster 40/60 ausgew.;06.07.2016;0,0013889490;139,87;0,0002660438;26,82;0,000000768;EUR
ETF Muster 40/60 ausgew.;07.07.2016;-0,0001001250;-10,10;0,0001658922;16,72;0,000204711;EUR
ETF Muster 40/60 ausgew.;08.07.2016;0,0021376450;215,54;0,0023038918;232,26;0,003540243;EUR
ETF Muster 40/60 ausgew.;09.07.2016;0,0000033892;0,34;0,0023072888;232,61;0;EUR
ETF Muster 40/60 ausgew.;10.07.2016;0,0000033892;0,34;0,0023106858;232,95;0;EUR
ETF Muster 40/60 ausgew.;11.07.2016;0,0011808573;119,32;0,0034942716;352,27;0,001520851;EUR
ETF Muster 40/60 ausgew.;12.07.2016;-0,0010850186;-109,77;0,0024054617;242,50;0,000345597;EUR
ETF Muster 40/60 ausgew.;13.07.2016;0,0007577780;76,58;0,0031650625;319,08;0,001080855;EUR
ETF Muster 40/60 ausgew.;14.07.2016;0,0000562287;5,69;0,0032214692;324,77;0,000248082;EUR
ETF Muster 40/60 ausgew.;15.07.2016;0,0006613290;66,89;0,0038849286;391,66;-0,000512925;EUR
ETF Muster 40/60 ausgew.;16.07.2016;0,0000033839;0,34;0,0038883256;392,00;0;EUR
ETF Muster 40/60 ausgew.;17.07.2016;0,0000033838;0,34;0,0038917226;392,34;0;EUR
ETF Muster 40/60 ausgew.;18.07.2016;-0,0005872308;-59,43;0,0033022065;332,91;0,001227605;EUR
ETF Muster 40/60 ausgew.;19.07.2016;0,0015954098;161,37;0,0049028847;494,28;0,000514115;EUR
ETF Muster 40/60 ausgew.;20.07.2016;0,0003607189;36,54;0,0052653722;530,82;0,000822166;EUR
ETF Muster 40/60 ausgew.;21.07.2016;0,0001641893;16,64;0,0054304260;547,46;-0,000218810;EUR
ETF Muster 40/60 ausgew.;22.07.2016;0,0012408495;125,77;0,0066780138;673,24;0,000710447;EUR
ETF Muster 40/60 ausgew.;23.07.2016;0;0;0,0066780138;673,24;0;EUR
ETF Muster 40/60 ausgew.;24.07.2016;0;0;0,0066780138;673,24;0;EUR
ETF Muster 40/60 ausgew.;25.07.2016;0,0000404988;4,11;0,0067187831;677,35;0,000353913;EUR
ETF Muster 40/60 ausgew.;26.07.2016;0,0000313271;3,18;0,0067503206;680,53;-0,000356624;EUR
ETF Muster 40/60 ausgew.;27.07.2016;0,0010177322;103,29;0,0077749228;783,82;0,001368121;EUR
ETF Muster 40/60 ausgew.;28.07.2016;-0,0014599032;-148,32;0,0063036690;635,50;-0,001729218;EUR
ETF Muster 40/60 ausgew.;29.07.2016;-0,0004503271;-45,69;0,0058505032;589,81;0,000623529;EUR
ETF Muster 40/60 ausgew.;30.07.2016;0;0;0,0058505032;589,81;0;EUR
ETF Muster 40/60 ausgew.;31.07.2016;0;0;0,0058505032;589,81;0;EUR
ETF Muster 40/60 ausgew.;01.08.2016;-0,0001346475;-13,65;0,0057150680;576,16;-0,000710972;EUR
ETF Muster 40/60 ausgew.;02.08.2016;-0,0038532932;-390,69;0,0018397529;185,47;-0,003662046;EUR
ETF Muster 40/60 ausgew.;03.08.2016;0,0006846819;69,15;0,0025256944;254,63;0,000601817;EUR
ETF Muster 40/60 ausgew.;04.08.2016;0,0032287276;326,32;0,0057625768;580,95;0,002863516;EUR
ETF Muster 40/60 ausgew.;05.08.2016;0,0010848268;110,00;0,0068536550;690,94;0,001784467;EUR
ETF Muster 40/60 ausgew.;06.08.2016;0;0;0,0068536550;690,94;0;EUR
ETF Muster 40/60 ausgew.;07.08.2016;0;0;0,0068536550;690,94;0;EUR
ETF Muster 40/60 ausgew.;08.08.2016;0,0005257837;53,37;0,0073830423;744,31;0,000553377;EUR
ETF Muster 40/60 ausgew.;09.08.2016;0,0025746738;261,48;0,0099767250;1.005,79;0,000919133;EUR
ETF Muster 40/60 ausgew.;10.08.2016;-0,0011000028;-112,00;0,0088657478;893,79;-0,000218199;EUR
ETF Muster 40/60 ausgew.;11.08.2016;0,0020483102;208,33;0,0109322178;1.102,12;0,000490381;EUR
ETF Muster 40/60 ausgew.;12.08.2016;-0,0000272847;-2,78;0,0109046349;1.099,34;0,000213508;EUR
ETF Muster 40/60 ausgew.;13.08.2016;0;0;0,0109046349;1.099,34;0;EUR
ETF Muster 40/60 ausgew.;14.08.2016;0;0;0,0109046349;1.099,34;0;EUR
ETF Muster 40/60 ausgew.;15.08.2016;-0,0014727603;-150,09;0,0094158147;949,25;-0,000842816;EUR
ETF Muster 40/60 ausgew.;16.08.2016;-0,0036233311;-368,72;0,0057583670;580,52;-0,002848811;EUR
ETF Muster 40/60 ausgew.;17.08.2016;-0,0012310880;-124,83;0,0045201899;455,70;0,000216734;EUR
ETF Muster 40/60 ausgew.;18.08.2016;0,0000072493;0,73;0,0045274720;456,43;0,000397304;EUR
ETF Muster 40/60 ausgew.;19.08.2016;-0,0015517596;-157,15;0,0029686869;299,29;-0,001271073;EUR
ETF Muster 40/60 ausgew.;20.08.2016;0;0;0,0029686869;299,29;0;EUR
ETF Muster 40/60 ausgew.;21.08.2016;0;0;0,0029686869;299,29;0;EUR
ETF Muster 40/60 ausgew.;22.08.2016;0,0000586549;5,93;0,0030275159;305,22;0,000869919;EUR
ETF Muster 40/60 ausgew.;23.08.2016;0,0014815735;149,82;0,0045135749;455,03;0,001092055;EUR
ETF Muster 40/60 ausgew.;24.08.2016;0,0005685553;57,58;0,0050846964;512,61;0,000278183;EUR
ETF Muster 40/60 ausgew.;25.08.2016;-0,0023369647;-236,80;0,0027358490;275,81;-0,001261585;EUR
ETF Muster 40/60 ausgew.;26.08.2016;0,0027100565;273,96;0,0054533197;549,77;0,000265975;EUR
ETF Muster 40/60 ausgew.;27.08.2016;0;0;0,0054533197;549,77;0;EUR
ETF Muster 40/60 ausgew.;28.08.2016;0;0;0,0054533197;549,77;0;EUR
ETF Muster 40/60 ausgew.;29.08.2016;0,0010007785;101,44;0,0064595558;651,21;0,001947225;EUR
ETF Muster 40/60 ausgew.;30.08.2016;0,0013113485;133,06;0,0077793750;784,27;0,000270006;EUR
ETF Muster 40/60 ausgew.;31.08.2016;-0,0019143139;-194,49;0,0058501689;589,78;-0,000650840;EUR
ETF Muster 40/60 ausgew.;01.09.2016;-0,0010713243;-108,64;0,0047725772;481,14;-0,000642834;EUR
ETF Muster 40/60 ausgew.;02.09.2016;0,0029841170;302,28;0,0077709361;783,42;0,001166765;EUR
ETF Muster 40/60 ausgew.;03.09.2016;0;0;0,0077709361;783,42;0;EUR
ETF Muster 40/60 ausgew.;04.09.2016;0;0;0,0077709361;783,42;0;EUR
ETF Muster 40/60 ausgew.;05.09.2016;0,0010291559;104,56;0,0088080895;887,98;0,001180759;EUR
ETF Muster 40/60 ausgew.;06.09.2016;0,0000056672;0,58;0,0088138067;888,56;0,000816023;EUR
ETF Muster 40/60 ausgew.;07.09.2016;0,0012587566;128,02;0,0100836577;1.016,57;0,000622074;EUR
ETF Muster 40/60 ausgew.;08.09.2016;-0,0036226491;-368,90;0,0064244791;647,68;-0,002418217;EUR
ETF Muster 40/60 ausgew.;09.09.2016;-0,0046833424;-475,18;0,0017110487;172,50;-0,004912168;EUR
ETF Muster 40/60 ausgew.;10.09.2016;0;0;0,0017110487;172,50;0;EUR
ETF Muster 40/60 ausgew.;11.09.2016;0;0;0,0017110487;172,50;0;EUR
ETF Muster 40/60 ausgew.;12.09.2016;-0,0015756206;-159,12;0,0001327321;13,38;-0,000001101;EUR
ETF Muster 40/60 ausgew.;13.09.2016;-0,0020023971;-201,90;-0,0018699308;-188,52;-0,003011378;EUR
ETF Muster 40/60 ausgew.;14.09.2016;-0,0006687284;-67,29;-0,0025374087;-255,81;0,000136733;EUR
ETF Muster 40/60 ausgew.;15.09.2016;0,0005970225;60,04;-0,0019419010;-195,77;0,001375041;EUR
ETF Muster 40/60 ausgew.;16.09.2016;0,0002599354;26,15;-0,0016824704;-169,62;0,001222605;EUR
ETF Muster 40/60 ausgew.;17.09.2016;0;0;-0,0016824704;-169,62;0;EUR
ETF Muster 40/60 ausgew.;18.09.2016;0;0;-0,0016824704;-169,62;0;EUR
ETF Muster 40/60 ausgew.;19.09.2016;0,0003994244;40,20;-0,0012837180;-129,42;0,000145565;EUR
ETF Muster 40/60 ausgew.;20.09.2016;0,0012492729;125,78;-0,0000360489;-3,63;0,000759253;EUR
ETF Muster 40/60 ausgew.;21.09.2016;0,0018992679;191,47;0,0018631505;187,83;0,002069602;EUR
ETF Muster 40/60 ausgew.;22.09.2016;0,0043098889;435,31;0,0061810694;623,14;0,002659657;EUR
ETF Muster 40/60 ausgew.;23.09.2016;-0,0013563041;-137,58;0,0048163819;485,56;-0,001045567;EUR
ETF Muster 40/60 ausgew.;24.09.2016;0;0;0,0048163819;485,56;0;EUR
ETF Muster 40/60 ausgew.;25.09.2016;0;0;0,0048163819;485,56;0;EUR
ETF Muster 40/60 ausgew.;26.09.2016;-0,0042410293;-429,61;0,0005549262;55,94;-0,001772495;EUR
ETF Muster 40/60 ausgew.;27.09.2016;0,0015581744;157,17;0,0021139653;213,12;0,002695157;EUR
ETF Muster 40/60 ausgew.;28.09.2016;0,0014342012;144,89;0,0035511983;358,01;0,001222666;EUR
ETF Muster 40/60 ausgew.;29.09.2016;-0,0017828545;-180,38;0,0017620126;177,64;-0,002234913;EUR
ETF Muster 40/60 ausgew.;30.09.2016;0,0018141453;183,21;0,0035793544;360,85;0,000191835;EUR
ETF Muster 40/60 ausgew.;01.10.2016;0;0;0,0035793544;360,85;0;EUR
ETF Muster 40/60 ausgew.;02.10.2016;0;0;0,0035793544;360,85;0;EUR
ETF Muster 40/60 ausgew.;03.10.2016;0,0006804957;68,85;0,0042622859;429,70;0,000041391;EUR
ETF Muster 40/60 ausgew.;04.10.2016;-0,0012494988;-126,50;0,0030074614;303,19;0,000140696;EUR
ETF Muster 40/60 ausgew.;05.10.2016;-0,0030460206;-308,01;-0,0000477200;-4,81;-0,002154713;EUR
ETF Muster 40/60 ausgew.;06.10.2016;-0,0002920452;-29,44;-0,0003397513;-34,25;0,000081211;EUR
ETF Muster 40/60 ausgew.;07.10.2016;-0,0021097670;-212,62;-0,0024488015;-246,87;-0,001255834;EUR
ETF Muster 40/60 ausgew.;08.10.2016;0;0;-0,0024488015;-246,87;0;EUR
ETF Muster 40/60 ausgew.;09.10.2016;0;0;-0,0024488015;-246,87;0;EUR
ETF Muster 40/60 ausgew.;10.10.2016;0,0036357591;365,64;0,0011780544;118,76;0,000397156;EUR
ETF Muster 40/60 ausgew.;11.10.2016;0,0007540618;76,11;0,0019330045;194,87;-0,000067569;EUR
ETF Muster 40/60 ausgew.;12.10.2016;0,0000407109;4,11;0,0019737941;198,99;-0,000525294;EUR
ETF Muster 40/60 ausgew.;13.10.2016;-0,0017604807;-177,83;0,0002098386;21,15;-0,000364221;EUR
ETF Muster 40/60 ausgew.;14.10.2016;0,0032085602;323,54;0,0034190720;344,69;0,000532352;EUR
ETF Muster 40/60 ausgew.;15.10.2016;0;0;0,0034190720;344,69;0;EUR
ETF Muster 40/60 ausgew.;16.10.2016;0;0;0,0034190720;344,69;0;EUR
ETF Muster 40/60 ausgew.;17.10.2016;-0,0012140623;-122,81;0,0022008588;221,88;-0,000277427;EUR
ETF Muster 40/60 ausgew.;18.10.2016;0,0033076860;334,20;0,0055158246;556,07;0,002482645;EUR
ETF Muster 40/60 ausgew.;19.10.2016;0,0021511496;218,06;0,0076788396;774,13;0,000997420;EUR
ETF Muster 40/60 ausgew.;20.10.2016;0,0013086558;132,94;0,0089975444;907,08;0,000905003;EUR
ETF Muster 40/60 ausgew.;21.10.2016;0,0019198880;195,29;0,0109347066;1.102,37;0,000693863;EUR
ETF Muster 40/60 ausgew.;22.10.2016;0;0;0,0109347066;1.102,37;0;EUR
ETF Muster 40/60 ausgew.;23.10.2016;0;0;0,0109347066;1.102,37;0;EUR
ETF Muster 40/60 ausgew.;24.10.2016;0,0006336654;64,58;0,0115753010;1.166,95;0,000070726;EUR
ETF Muster 40/60 ausgew.;25.10.2016;0,0002081689;21,23;0,0117858794;1.188,18;-0,000135622;EUR
ETF Muster 40/60 ausgew.;26.10.2016;-0,0029552486;-301,44;0,0087958006;886,74;-0,002981528;EUR
ETF Muster 40/60 ausgew.;27.10.2016;-0,0015588815;-158,54;0,0072232074;728,20;-0,002557776;EUR
ETF Muster 40/60 ausgew.;28.10.2016;-0,0022671845;-230,22;0,0049396466;497,99;-0,000584672;EUR
ETF Muster 40/60 ausgew.;29.10.2016;0;0;0,0049396466;497,99;0;EUR
ETF Muster 40/60 ausgew.;30.10.2016;0;0;0,0049396466;497,99;0;EUR
ETF Muster 40/60 ausgew.;31.10.2016;-0,0001994753;-20,21;0,0047391860;477,78;-0,000326549;EUR
ETF Muster 40/60 ausgew.;01.11.2016;-0,0040371500;-408,93;0,0006829032;68,85;-0,002900111;EUR
ETF Muster 40/60 ausgew.;02.11.2016;-0,0022359327;-225,57;-0,0015545564;-156,72;-0,001338059;EUR
ETF Muster 40/60 ausgew.;03.11.2016;-0,0017553158;-176,69;-0,0033071435;-333,41;-0,001074444;EUR
ETF Muster 40/60 ausgew.;04.11.2016;-0,0011742287;-117,99;-0,0044774889;-451,39;-0,000662907;EUR
ETF Muster 40/60 ausgew.;05.11.2016;0;0;-0,0044774889;-451,39;0;EUR
ETF Muster 40/60 ausgew.;06.11.2016;0;0;-0,0044774889;-451,39;0;EUR
ETF Muster 40/60 ausgew.;07.11.2016;0,0064567273;648,01;0,0019503285;196,62;0,004426114;EUR
ETF Muster 40/60 ausgew.;08.11.2016;0,0006316067;63,80;0,0025831670;260,42;-0,000093909;EUR
ETF Muster 40/60 ausgew.;09.11.2016;0,0064531005;652,24;0,0090529370;912,66;0,002396365;EUR
ETF Muster 40/60 ausgew.;10.11.2016;-0,0020490325;-208,44;0,0069853547;704,22;-0,000713511;EUR
ETF Muster 40/60 ausgew.;11.11.2016;-0,0020335489;-206,44;0,0049376008;497,78;-0,001136575;EUR
ETF Muster 40/60 ausgew.;12.11.2016;0;0;0,0049376008;497,78;0;EUR
ETF Muster 40/60 ausgew.;13.11.2016;0;0;0,0049376008;497,78;0;EUR
ETF Muster 40/60 ausgew.;14.11.2016;0,0010397740;105,34;0,0059825088;603,12;0,000902553;EUR
ETF Muster 40/60 ausgew.;15.11.2016;0,0022957229;232,83;0,0082919658;835,95;0,001956957;EUR
ETF Muster 40/60 ausgew.;16.11.2016;0,0008001775;81,34;0,0090987783;917,28;0,000144216;EUR
ETF Muster 40/60 ausgew.;17.11.2016;0,0019424767;197,61;0,0110589292;1.114,90;0,001680491;EUR
ETF Muster 40/60 ausgew.;18.11.2016;-0,0018862083;-192,26;0,0091518614;922,64;0,000650530;EUR
ETF Muster 40/60 ausgew.;19.11.2016;0;0;0,0091518614;922,64;0;EUR
ETF Muster 40/60 ausgew.;20.11.2016;0;0;0,0091518614;922,64;0;EUR
ETF Muster 40/60 ausgew.;21.11.2016;0,0008851761;90,05;0,0100451385;1.012,69;0,000722697;EUR
ETF Muster 40/60 ausgew.;22.11.2016;0,0015355147;156,36;0,0115960777;1.169,05;0,002598753;EUR
ETF Muster 40/60 ausgew.;23.11.2016;-0,0013880074;-141,55;0,0101919749;1.027,49;-0,000577330;EUR
ETF Muster 40/60 ausgew.;24.11.2016;0,0004180446;42,57;0,0106142802;1.070,07;0,000613549;EUR
ETF Muster 40/60 ausgew.;25.11.2016;-0,0001925488;-19,62;0,0104196876;1.050,45;0,000768135;EUR
ETF Muster 40/60 ausgew.;26.11.2016;0;0;0,0104196876;1.050,45;0;EUR
ETF Muster 40/60 ausgew.;27.11.2016;0;0;0,0104196876;1.050,45;0;EUR
ETF Muster 40/60 ausgew.;28.11.2016;-0,0015685533;-159,78;0,0088347904;890,67;0,000658024;EUR
ETF Muster 40/60 ausgew.;29.11.2016;-0,0001440350;-14,65;0,0086894830;876,02;-0,001348308;EUR
ETF Muster 40/60 ausgew.;30.11.2016;-0,0007462607;-75,89;0,0079367377;800,13;-0,000903859;EUR
ETF Muster 40/60 ausgew.;01.12.2016;-0,0038359202;-389,78;0,0040703727;410,35;-0,001792155;EUR
ETF Muster 40/60 ausgew.;02.12.2016;-0,0002657894;-26,90;0,0038035015;383,45;-0,000130360;EUR
ETF Muster 40/60 ausgew.;03.12.2016;0;0;0,0038035015;383,45;0;EUR
ETF Muster 40/60 ausgew.;04.12.2016;0;0;0,0038035015;383,45;0;EUR
ETF Muster 40/60 ausgew.;05.12.2016;0,0008679236;87,83;0,0046747262;471,28;-0,001454105;EUR
ETF Muster 40/60 ausgew.;06.12.2016;0,0017573417;177,99;0,0064402829;649,27;0,000139517;EUR
ETF Muster 40/60 ausgew.;07.12.2016;0,0052244467;530,09;0,0116983765;1.179,36;0,002387413;EUR
ETF Muster 40/60 ausgew.;08.12.2016;0,0058716784;598,87;0,0176387441;1.778,23;0,003337586;EUR
ETF Muster 40/60 ausgew.;09.12.2016;0,0025097807;257,48;0,0201927941;2.035,72;0,003533508;EUR
ETF Muster 40/60 ausgew.;10.12.2016;0;0;0,0201927941;2.035,72;0;EUR
ETF Muster 40/60 ausgew.;11.12.2016;0;0;0,0201927941;2.035,72;0;EUR
ETF Muster 40/60 ausgew.;12.12.2016;-0,0019616386;-201,75;0,0181915445;1.833,96;-0,002523378;EUR
ETF Muster 40/60 ausgew.;13.12.2016;0,0029015626;297,84;0,0211458910;2.131,80;0,002184955;EUR
ETF Muster 40/60 ausgew.;14.12.2016;0,0010220575;105,22;0,0221895609;2.237,02;-0,000057291;EUR
ETF Muster 40/60 ausgew.;15.12.2016;0,0029257824;301,51;0,0251802651;2.538,52;0,002098892;EUR
ETF Muster 40/60 ausgew.;16.12.2016;0,0004828224;49,90;0,0256752450;2.588,43;0,001190325;EUR
ETF Muster 40/60 ausgew.;17.12.2016;0;0;0,0256752450;2.588,43;0;EUR
ETF Muster 40/60 ausgew.;18.12.2016;0;0;0,0256752450;2.588,43;0;EUR
ETF Muster 40/60 ausgew.;19.12.2016;0,0019719195;203,90;0,0276977941;2.792,33;0,001577367;EUR
ETF Muster 40/60 ausgew.;20.12.2016;0,0011498513;119,13;0,0288794937;2.911,46;0,001156819;EUR
ETF Muster 40/60 ausgew.;21.12.2016;-0,0004474387;-46,41;0,0284191332;2.865,05;-0,000854425;EUR
ETF Muster 40/60 ausgew.;22.12.2016;-0,0006544529;-67,85;0,0277460813;2.797,19;-0,001088559;EUR
ETF Muster 40/60 ausgew.;23.12.2016;-0,0000570916;-5,92;0,0276874057;2.791,28;0,000460911;EUR
ETF Muster 40/60 ausgew.;24.12.2016;0;0;0,0276874057;2.791,28;0;EUR
ETF Muster 40/60 ausgew.;25.12.2016;0;0;0,0276874057;2.791,28;0;EUR
ETF Muster 40/60 ausgew.;26.12.2016;0,0000180066;1,87;0,0277059108;2.793,15;-0,000075724;EUR
ETF Muster 40/60 ausgew.;27.12.2016;0,0011149573;115,52;0,0288517590;2.908,66;0,002032299;EUR
ETF Muster 40/60 ausgew.;28.12.2016;0,0003314607;34,38;0,0291927829;2.943,04;-0,000103457;EUR
ETF Muster 40/60 ausgew.;29.12.2016;-0,0009101322;-94,43;0,0282560814;2.848,61;-0,001177845;EUR
ETF Muster 40/60 ausgew.;30.12.2016;-0,0015941812;-165,26;0,0266168549;2.683,35;-0,001702641;EUR
ETF Muster 40/60 ausgew.;31.12.2016;0;0;0,0266168549;2.683,35;0;EUR
ETF Muster 40/60 ausgew.;01.01.2017;0;0;0,0266168549;2.683,35;0;EUR
ETF Muster 40/60 ausgew.;02.01.2017;0,0027652780;286,20;0,0294557359;2.969,55;0,000610777;EUR
ETF Muster 40/60 ausgew.;03.01.2017;0,0013940965;144,68;0,0308908966;3.114,24;0,001895420;EUR
ETF Muster 40/60 ausgew.;04.01.2017;-0,0004651425;-48,34;0,0304113854;3.065,89;0,000074034;EUR
ETF Muster 40/60 ausgew.;05.01.2017;-0,0011394718;-118,37;0,0292372608;2.947,53;-0,001461150;EUR
ETF Muster 40/60 ausgew.;06.01.2017;0,0013538510;140,48;0,0306306946;3.088,00;-0,000519026;EUR
ETF Muster 40/60 ausgew.;07.01.2017;0;0;0,0306306946;3.088,00;0;EUR
ETF Muster 40/60 ausgew.;08.01.2017;0;0;0,0306306946;3.088,00;0;EUR
ETF Muster 40/60 ausgew.;09.01.2017;-0,0008372331;-86,99;0,0297678165;3.001,01;-0,000131862;EUR
ETF Muster 40/60 ausgew.;10.01.2017;0,0008511457;88,36;0,0306442989;3.089,38;-0,000327093;EUR
ETF Muster 40/60 ausgew.;11.01.2017;0,0013604493;141,36;0,0320464382;3.230,73;0,002550553;EUR
ETF Muster 40/60 ausgew.;12.01.2017;-0,0031483868;-327,57;0,0287971568;2.903,16;-0,002356111;EUR
ETF Muster 40/60 ausgew.;13.01.2017;0,0024828879;257,52;0,0313515448;3.160,68;0,000520111;EUR
ETF Muster 40/60 ausgew.;14.01.2017;0;0;0,0313515448;3.160,68;0;EUR
ETF Muster 40/60 ausgew.;15.01.2017;0;0;0,0313515448;3.160,68;0;EUR
ETF Muster 40/60 ausgew.;16.01.2017;-0,0007809191;-81,20;0,0305461427;3.079,48;0,000495574;EUR
ETF Muster 40/60 ausgew.;17.01.2017;-0,0024022235;-249,58;0,0280705405;2.829,90;-0,001387674;EUR
ETF Muster 40/60 ausgew.;18.01.2017;0,0013928212;144,36;0,0295024589;2.974,26;-0,000576066;EUR
ETF Muster 40/60 ausgew.;19.01.2017;-0,0008097681;-84,04;0,0286688006;2.890,22;-0,000259716;EUR
ETF Muster 40/60 ausgew.;20.01.2017;-0,0000488016;-5,06;0,0286185999;2.885,16;-0,001775514;EUR
ETF Muster 40/60 ausgew.;21.01.2017;0;0;0,0286185999;2.885,16;0;EUR
ETF Muster 40/60 ausgew.;22.01.2017;0;0;0,0286185999;2.885,16;0;EUR
ETF Muster 40/60 ausgew.;23.01.2017;-0,0023440967;-243,08;0,0262074185;2.642,08;-0,000094220;EUR
ETF Muster 40/60 ausgew.;24.01.2017;0,0025867275;267,61;0,0288619375;2.909,69;0,000286457;EUR
ETF Muster 40/60 ausgew.;25.01.2017;0,0054547945;565,79;0,0344741679;3.475,48;0,000352331;EUR
ETF Muster 40/60 ausgew.;26.01.2017;0,0010437157;108,85;0,0355538648;3.584,33;0,000464762;EUR
ETF Muster 40/60 ausgew.;27.01.2017;0,0008645700;90,26;0,0364491736;3.674,59;-0,000177818;EUR
ETF Muster 40/60 ausgew.;28.01.2017;0;0;0,0364491736;3.674,59;0;EUR
ETF Muster 40/60 ausgew.;29.01.2017;0;0;0,0364491736;3.674,59;0;EUR
ETF Muster 40/60 ausgew.;30.01.2017;-0,0044576522;-465,77;0,0318290436;3.208,81;-0,000556749;EUR
ETF Muster 40/60 ausgew.;31.01.2017;-0,0053884547;-560,52;0,0262690796;2.648,29;-0,001884419;EUR
ETF Muster 40/60 ausgew.;01.02.2017;0,0039579024;409,49;0,0303309524;3.057,79;0,000348075;EUR
ETF Muster 40/60 ausgew.;02.02.2017;-0,0001444291;-15,00;0,0301821426;3.042,78;0,000756803;EUR
ETF Muster 40/60 ausgew.;03.02.2017;0,0025347814;263,25;0,0327934291;3.306,04;0,001831431;EUR
ETF Muster 40/60 ausgew.;04.02.2017;0;0;0,0327934291;3.306,04;0;EUR
ETF Muster 40/60 ausgew.;05.02.2017;0;0;0,0327934291;3.306,04;0;EUR
ETF Muster 40/60 ausgew.;06.02.2017;-0,0018979911;-197,62;0,0308331964;3.108,42;0,001570088;EUR
ETF Muster 40/60 ausgew.;07.02.2017;0,0001516390;15,76;0,0309895109;3.124,18;0,001149552;EUR
ETF Muster 40/60 ausgew.;08.02.2017;-0,0007184341;-74,67;0,0302488129;3.049,51;0,001621985;EUR
ETF Muster 40/60 ausgew.;09.02.2017;0,0023367813;242,71;0,0326562790;3.292,21;0,001260883;EUR
ETF Muster 40/60 ausgew.;10.02.2017;0,0003790870;39,47;0,0330477456;3.331,68;0,001180427;EUR
ETF Muster 40/60 ausgew.;11.02.2017;0;0;0,0330477456;3.331,68;0;EUR
ETF Muster 40/60 ausgew.;12.02.2017;0;0;0,0330477456;3.331,68;0;EUR
ETF Muster 40/60 ausgew.;13.02.2017;0,0030223216;314,76;0,0361699480;3.646,44;0,001205128;EUR
ETF Muster 40/60 ausgew.;14.02.2017;0,0013742763;143,56;0,0375939319;3.790,00;0,000477958;EUR
ETF Muster 40/60 ausgew.;15.02.2017;0,0016528715;172,90;0,0393089414;3.962,89;0,000703225;EUR
ETF Muster 40/60 ausgew.;16.02.2017;-0,0022854015;-239,46;0,0369337031;3.723,44;-0,000859894;EUR
ETF Muster 40/60 ausgew.;17.02.2017;-0,0005314768;-55,56;0,0363825969;3.667,88;0,001993776;EUR
ETF Muster 40/60 ausgew.;18.02.2017;0;0;0,0363825969;3.667,88;0;EUR
ETF Muster 40/60 ausgew.;19.02.2017;0;0;0,0363825969;3.667,88;0;EUR
ETF Muster 40/60 ausgew.;20.02.2017;0,0011759976;122,87;0,0376013804;3.790,75;0,000759074;EUR
ETF Muster 40/60 ausgew.;21.02.2017;0,0041947274;438,79;0,0419538353;4.229,54;0,002117655;EUR
ETF Muster 40/60 ausgew.;22.02.2017;-0,0007015671;-73,70;0,0412228348;4.155,84;0,001081396;EUR
ETF Muster 40/60 ausgew.;23.02.2017;-0,0004859935;-51,01;0,0407168073;4.104,83;0,000571282;EUR
ETF Muster 40/60 ausgew.;24.02.2017;-0,0013478350;-141,41;0,0393140928;3.963,41;0,001107884;EUR
ETF Muster 40/60 ausgew.;25.02.2017;0;0;0,0393140928;3.963,41;0;EUR
ETF Muster 40/60 ausgew.;26.02.2017;0;0;0,0393140928;3.963,41;0;EUR
ETF Muster 40/60 ausgew.;27.02.2017;-0,0003596486;-37,68;0,0389403050;3.925,73;-0,001123029;EUR
ETF Muster 40/60 ausgew.;28.02.2017;-0,0010483611;-109,81;0,0378511203;3.815,92;-0,000773396;EUR
ETF Muster 40/60 ausgew.;01.03.2017;0,0065607394;686,45;0,0446601911;4.502,37;0,000853214;EUR
ETF Muster 40/60 ausgew.;02.03.2017;-0,0009719272;-102,36;0,0436448575;4.400,01;-0,000729583;EUR
ETF Muster 40/60 ausgew.;03.03.2017;-0,0001045511;-11,00;0,0435357433;4.389,01;-0,002197787;EUR
ETF Muster 40/60 ausgew.;04.03.2017;0;0;0,0435357433;4.389,01;0;EUR
ETF Muster 40/60 ausgew.;05.03.2017;0;0;0,0435357433;4.389,01;0;EUR
ETF Muster 40/60 ausgew.;06.03.2017;-0,0022408990;-235,75;0,0411972850;4.153,27;-0,000654448;EUR
ETF Muster 40/60 ausgew.;07.03.2017;-0,0003754426;-39,41;0,0408063752;4.113,86;0,001009776;EUR
ETF Muster 40/60 ausgew.;08.03.2017;-0,0001001768;-10,51;0,0407021105;4.103,34;-0,001974936;EUR
ETF Muster 40/60 ausgew.;09.03.2017;-0,0014970161;-157,06;0,0391441627;3.946,28;-0,001279683;EUR
ETF Muster 40/60 ausgew.;10.03.2017;-0,0010141691;-106,24;0,0380902948;3.840,04;-0,002674231;EUR
ETF Muster 40/60 ausgew.;11.03.2017;0;0;0,0380902948;3.840,04;0;EUR
ETF Muster 40/60 ausgew.;12.03.2017;0;0;0,0380902948;3.840,04;0;EUR
ETF Muster 40/60 ausgew.;13.03.2017;0,0018071879;189,13;0,0399663190;4.029,17;0,000553048;EUR
ETF Muster 40/60 ausgew.;14.03.2017;-0,0012498555;-131,04;0,0386665114;3.898,13;0,000400549;EUR
ETF Muster 40/60 ausgew.;15.03.2017;0,0012556764;131,48;0,0399707404;4.029,61;0,002605342;EUR
ETF Muster 40/60 ausgew.;16.03.2017;0,0025161384;263,80;0,0425874508;4.293,41;-0,001717634;EUR
ETF Muster 40/60 ausgew.;17.03.2017;0,0006599236;69,36;0,0432754788;4.362,78;-0,000201318;EUR
ETF Muster 40/60 ausgew.;18.03.2017;0;0;0,0432754788;4.362,78;0;EUR
ETF Muster 40/60 ausgew.;19.03.2017;0;0;0,0432754788;4.362,78;0;EUR
ETF Muster 40/60 ausgew.;20.03.2017;-0,0000854418;-8,99;0,0431863395;4.353,79;-0,000350706;EUR
ETF Muster 40/60 ausgew.;21.03.2017;-0,0026958195;-283,51;0,0403740974;4.070,28;-0,003378301;EUR
ETF Muster 40/60 ausgew.;22.03.2017;-0,0000378724;-3,97;0,0403346960;4.066,30;0,001000259;EUR
ETF Muster 40/60 ausgew.;23.03.2017;0,0025798578;270,58;0,0430186115;4.336,88;-0,000023845;EUR
ETF Muster 40/60 ausgew.;24.03.2017;-0,0001876440;-19,73;0,0428228954;4.317,15;-0,000026618;EUR
ETF Muster 40/60 ausgew.;25.03.2017;0;0;0,0428228954;4.317,15;0;EUR
ETF Muster 40/60 ausgew.;26.03.2017;0;0;0,0428228954;4.317,15;0;EUR
ETF Muster 40/60 ausgew.;27.03.2017;-0,0028787800;-302,65;0,0398208376;4.014,50;-0,001804638;EUR
ETF Muster 40/60 ausgew.;28.03.2017;0,0052787466;553,36;0,0453097884;4.567,86;0,002639513;EUR
ETF Muster 40/60 ausgew.;29.03.2017;0,0028731327;302,78;0,0483131021;4.870,64;0,003613099;EUR
ETF Muster 40/60 ausgew.;30.03.2017;0,0028438466;300,55;0,0512943438;5.171,19;0,000938423;EUR
ETF Muster 40/60 ausgew.;31.03.2017;0,0005570829;59,04;0,0518800019;5.230,23;0,000185049;EUR
ETF Muster 40/60 ausgew.;01.04.2017;0;0;0,0518800019;5.230,23;0;EUR
ETF Muster 40/60 ausgew.;02.04.2017;0;0;0,0518800019;5.230,23;0;EUR
ETF Muster 40/60 ausgew.;03.04.2017;-0,0003999914;-42,42;0,0514592589;5.187,82;0,002380269;EUR
ETF Muster 40/60 ausgew.;04.04.2017;0,0013430164;142,36;0,0528713859;5.330,18;0,000563447;EUR
ETF Muster 40/60 ausgew.;05.04.2017;-0,0002095043;-22,24;0,0526508048;5.307,94;-0,000443199;EUR
ETF Muster 40/60 ausgew.;06.04.2017;0,0013236747;140,47;0,0540441721;5.448,41;-0,000056717;EUR
ETF Muster 40/60 ausgew.;07.04.2017;-0,0005089065;-54,08;0,0535077621;5.394,33;0,001485909;EUR
ETF Muster 40/60 ausgew.;08.04.2017;0;0;0,0535077621;5.394,33;0;EUR
ETF Muster 40/60 ausgew.;09.04.2017;0;0;0,0535077621;5.394,33;0;EUR
ETF Muster 40/60 ausgew.;10.04.2017;-0,0031856305;-338,34;0,0501516756;5.055,99;0,001052998;EUR
ETF Muster 40/60 ausgew.;11.04.2017;-0,0012216210;-129,33;0,0488687883;4.926,66;-0,000024970;EUR
ETF Muster 40/60 ausgew.;12.04.2017;-0,0020078068;-212,31;0,0467628624;4.714,35;-0,000518125;EUR
ETF Muster 40/60 ausgew.;13.04.2017;-0,0000161782;-1,71;0,0467459276;4.712,65;-0,000590666;EUR
ETF Muster 40/60 ausgew.;14.04.2017;0,0000046979;0,50;0,0467508451;4.713,14;-0,000092172;EUR
ETF Muster 40/60 ausgew.;15.04.2017;0;0;0,0467508451;4.713,14;0;EUR
ETF Muster 40/60 ausgew.;16.04.2017;0;0;0,0467508451;4.713,14;0;EUR
ETF Muster 40/60 ausgew.;17.04.2017;-0,0002111246;-22,28;0,0465298502;4.690,86;0,000785047;EUR
ETF Muster 40/60 ausgew.;18.04.2017;-0,0037946978;-400,36;0,0425585857;4.290,50;-0,001360696;EUR
ETF Muster 40/60 ausgew.;19.04.2017;0,0010142115;106,60;0,0436159606;4.397,10;-0,001804631;EUR
ETF Muster 40/60 ausgew.;20.04.2017;0,0013605259;143,14;0,0450358271;4.540,24;-0,000543409;EUR
ETF Muster 40/60 ausgew.;21.04.2017;0,0016432831;173,13;0,0467531168;4.713,37;0,000939872;EUR
ETF Muster 40/60 ausgew.;22.04.2017;0;0;0,0467531168;4.713,37;0;EUR
ETF Muster 40/60 ausgew.;23.04.2017;0;0;0,0467531168;4.713,37;0;EUR
ETF Muster 40/60 ausgew.;24.04.2017;0,0096233299;1.015,53;0,0568263673;5.728,90;-0,002878382;EUR
ETF Muster 40/60 ausgew.;25.04.2017;0,0000408247;4,35;0,0568695119;5.733,25;-0,000628039;EUR
ETF Muster 40/60 ausgew.;26.04.2017;0,0038904211;414,51;0,0609811794;6.147,76;0,001810686;EUR
ETF Muster 40/60 ausgew.;27.04.2017;-0,0039667989;-424,30;0,0567724804;5.723,46;0,001762674;EUR
ETF Muster 40/60 ausgew.;28.04.2017;0,0004878061;51,97;0,0572879805;5.775,43;-0,001022266;EUR
ETF Muster 40/60 ausgew.;29.04.2017;0;0;0,0572879805;5.775,43;0;EUR
ETF Muster 40/60 ausgew.;30.04.2017;0;0;0,0572879805;5.775,43;0;EUR
ETF Muster 40/60 ausgew.;01.05.2017;-0,0000139984;-1,49;0,0572731801;5.773,94;-0,000063083;EUR
ETF Muster 40/60 ausgew.;02.05.2017;0,0011461599;122,17;0,0584849843;5.896,11;0,000569416;EUR
ETF Muster 40/60 ausgew.;03.05.2017;-0,0010617584;-113,30;0,0573611290;5.782,81;-0,000318174;EUR
ETF Muster 40/60 ausgew.;04.05.2017;0,0001276965;13,61;0,0574961503;5.796,42;-0,001621052;EUR
ETF Muster 40/60 ausgew.;05.05.2017;0,0013357309;142,40;0,0589086806;5.938,82;-0,000606636;EUR
ETF Muster 40/60 ausgew.;06.05.2017;0;0;0,0589086806;5.938,82;0;EUR
ETF Muster 40/60 ausgew.;07.05.2017;0;0;0,0589086806;5.938,82;0;EUR
ETF Muster 40/60 ausgew.;08.05.2017;0,0009682426;103,36;0,0599339611;6.042,19;0,001344115;EUR
ETF Muster 40/60 ausgew.;09.05.2017;0,0008617541;92,08;0,0608473636;6.134,27;0,000265375;EUR
ETF Muster 40/60 ausgew.;10.05.2017;0,0014030008;150,05;0,0623357332;6.284,32;0,001163132;EUR
ETF Muster 40/60 ausgew.;11.05.2017;-0,0009998219;-107,08;0,0612735867;6.177,24;-0,000779476;EUR
ETF Muster 40/60 ausgew.;12.05.2017;-0,0003862877;-41,33;0,0608636297;6.135,91;0,000078834;EUR
ETF Muster 40/60 ausgew.;13.05.2017;0;0;0,0608636297;6.135,91;0;EUR
ETF Muster 40/60 ausgew.;14.05.2017;0;0;0,0608636297;6.135,91;0;EUR
ETF Muster 40/60 ausgew.;15.05.2017;0,0015233665;162,92;0,0624797138;6.298,83;-0,000613145;EUR
ETF Muster 40/60 ausgew.;16.05.2017;-0,0012574099;-134,68;0,0611437412;6.164,15;-0,001515985;EUR
ETF Muster 40/60 ausgew.;17.05.2017;-0,0062331110;-666,81;0,0545295146;5.497,34;-0,002448801;EUR
ETF Muster 40/60 ausgew.;18.05.2017;-0,0014454404;-153,67;0,0530052550;5.343,67;0,000730133;EUR
ETF Muster 40/60 ausgew.;19.05.2017;0,0009274384;98,45;0,0539818525;5.442,13;-0,000166963;EUR
ETF Muster 40/60 ausgew.;20.05.2017;0;0;0,0539818525;5.442,13;0;EUR
ETF Muster 40/60 ausgew.;21.05.2017;0;0;0,0539818525;5.442,13;0;EUR
ETF Muster 40/60 ausgew.;22.05.2017;-0,0008468391;-89,98;0,0530892995;5.352,15;-0,000324716;EUR
ETF Muster 40/60 ausgew.;23.05.2017;0,0024355212;258,57;0,0556541208;5.610,72;0,000373583;EUR
ETF Muster 40/60 ausgew.;24.05.2017;-0,0000572098;-6,09;0,0555937270;5.604,63;0,000872128;EUR
ETF Muster 40/60 ausgew.;25.05.2017;0,0002337792;24,88;0,0558405028;5.629,51;0,001274558;EUR
ETF Muster 40/60 ausgew.;26.05.2017;0,0000108234;1,15;0,0558519306;5.630,66;0,001260573;EUR
ETF Muster 40/60 ausgew.;27.05.2017;0;0;0,0558519306;5.630,66;0;EUR
ETF Muster 40/60 ausgew.;28.05.2017;0;0;0,0558519306;5.630,66;0;EUR
ETF Muster 40/60 ausgew.;29.05.2017;0,0009636289;102,57;0,0568693800;5.733,23;0,001376869;EUR
ETF Muster 40/60 ausgew.;30.05.2017;-0,0018152362;-193,41;0,0549509125;5.539,82;-0,000268121;EUR
ETF Muster 40/60 ausgew.;31.05.2017;-0,0024275342;-258,18;0,0523899831;5.281,65;-0,000893964;EUR
ETF Muster 40/60 ausgew.;01.06.2017;0,0008000045;84,88;0,0532318998;5.366,52;0,001314965;EUR
ETF Muster 40/60 ausgew.;02.06.2017;0,0020254602;215,06;0,0553651791;5.581,59;0,001201825;EUR
ETF Muster 40/60 ausgew.;03.06.2017;0;0;0,0553651791;5.581,59;0;EUR
ETF Muster 40/60 ausgew.;04.06.2017;0;0;0,0553651791;5.581,59;0;EUR
ETF Muster 40/60 ausgew.;05.06.2017;0,0000114874;1,22;0,0553773025;5.582,81;0,000055316;EUR
ETF Muster 40/60 ausgew.;06.06.2017;-0,0015046706;-160,09;0,0537893072;5.422,72;-0,000308702;EUR
ETF Muster 40/60 ausgew.;07.06.2017;0,0001305283;13,87;0,0539268566;5.436,58;0,000140186;EUR
ETF Muster 40/60 ausgew.;08.06.2017;0,0017999515;191,25;0,0558238738;5.627,83;0,000261749;EUR
ETF Muster 40/60 ausgew.;09.06.2017;-0,0000763115;-8,12;0,0557433023;5.619,71;0,000337678;EUR
ETF Muster 40/60 ausgew.;10.06.2017;0;0;0,0557433023;5.619,71;0;EUR
ETF Muster 40/60 ausgew.;11.06.2017;0;0;0,0557433023;5.619,71;0;EUR
ETF Muster 40/60 ausgew.;12.06.2017;-0,0029140286;-310,15;0,0526668361;5.309,56;-0,000431327;EUR
ETF Muster 40/60 ausgew.;13.06.2017;0,0011183366;118,68;0,0538440719;5.428,24;0,000679983;EUR
ETF Muster 40/60 ausgew.;14.06.2017;-0,0016936399;-179,94;0,0520592395;5.248,30;-0,000155071;EUR
ETF Muster 40/60 ausgew.;15.06.2017;-0,0036676364;-389,00;0,0482006688;4.859,30;-0,001140234;EUR
ETF Muster 40/60 ausgew.;16.06.2017;-0,0002613274;-27,62;0,0479267452;4.831,69;0,000272809;EUR
ETF Muster 40/60 ausgew.;17.06.2017;0;0;0,0479267452;4.831,69;0;EUR
ETF Muster 40/60 ausgew.;18.06.2017;0;0;0,0479267452;4.831,69;0;EUR
ETF Muster 40/60 ausgew.;19.06.2017;0,0043689430;461,56;0,0525050775;5.293,25;0,001882965;EUR
ETF Muster 40/60 ausgew.;20.06.2017;-0,0027472200;-291,50;0,0496136144;5.001,75;-0,000247038;EUR
ETF Muster 40/60 ausgew.;21.06.2017;-0,0004073393;-43,10;0,0491860655;4.958,65;-0,000617416;EUR
ETF Muster 40/60 ausgew.;22.06.2017;0,0006766823;71,57;0,0498960312;5.030,22;-0,000000930;EUR
ETF Muster 40/60 ausgew.;23.06.2017;-0,0006239390;-66,04;0,0492409601;4.964,18;-0,000358145;EUR
ETF Muster 40/60 ausgew.;24.06.2017;0;0;0,0492409601;4.964,18;0;EUR
ETF Muster 40/60 ausgew.;25.06.2017;0;0;0,0492409601;4.964,18;0;EUR
ETF Muster 40/60 ausgew.;26.06.2017;0,0006108099;64,61;0,0498818469;5.028,79;0,000352815;EUR
ETF Muster 40/60 ausgew.;27.06.2017;-0,0034373289;-363,82;0,0462730577;4.664,97;-0,005203649;EUR
ETF Muster 40/60 ausgew.;28.06.2017;0,0014928152;157,46;0,0478349500;4.822,44;-0,000266417;EUR
ETF Muster 40/60 ausgew.;29.06.2017;-0,0054908024;-580,03;0,0420814953;4.242,41;-0,004658644;EUR
ETF Muster 40/60 ausgew.;30.06.2017;-0,0014742700;-154,88;0,0405451859;4.087,52;-0,000391252;EUR
ETF Muster 40/60 ausgew.;01.07.2017;0;0;0,0405451859;4.087,52;0;EUR
ETF Muster 40/60 ausgew.;02.07.2017;0;0;0,0405451859;4.087,52;0;EUR
ETF Muster 40/60 ausgew.;03.07.2017;0,0035556933;373,00;0,0442450454;4.460,52;0,001021085;EUR
ETF Muster 40/60 ausgew.;04.07.2017;0,0003255805;34,28;0,0445850312;4.494,80;0,000813836;EUR
ETF Muster 40/60 ausgew.;05.07.2017;0,0008440536;88,89;0,0454667169;4.583,68;0,000858448;EUR
ETF Muster 40/60 ausgew.;06.07.2017;-0,0023263258;-245,19;0,0430346208;4.338,49;-0,005119697;EUR
ETF Muster 40/60 ausgew.;07.07.2017;0,0000849973;8,94;0,0431232759;4.347,43;0,000962132;EUR
ETF Muster 40/60 ausgew.;08.07.2017;0;0;0,0431232759;4.347,43;0;EUR
ETF Muster 40/60 ausgew.;09.07.2017;0;0;0,0431232759;4.347,43;0;EUR
ETF Muster 40/60 ausgew.;10.07.2017;0,0021623334;227,39;0,0453788562;4.574,83;0,001188866;EUR
ETF Muster 40/60 ausgew.;11.07.2017;-0,0010837905;-114,22;0,0442458846;4.460,61;-0,001238578;EUR
ETF Muster 40/60 ausgew.;12.07.2017;0,0051653884;543,78;0,0496398201;5.004,39;0,003312292;EUR
ETF Muster 40/60 ausgew.;13.07.2017;0,0012625211;133,60;0,0509650125;5.137,99;0,000242222;EUR
ETF Muster 40/60 ausgew.;14.07.2017;0,0019941675;211,29;0,0530608128;5.349,28;0,000298896;EUR
ETF Muster 40/60 ausgew.;15.07.2017;0;0;0,0530608128;5.349,28;0;EUR
ETF Muster 40/60 ausgew.;16.07.2017;0;0;0,0530608128;5.349,28;0;EUR
ETF Muster 40/60 ausgew.;17.07.2017;-0,0021318414;-226,32;0,0508158542;5.122,95;0,000200330;EUR
ETF Muster 40/60 ausgew.;18.07.2017;-0,0030335264;-321,36;0,0476281765;4.801,59;-0,001105646;EUR
ETF Muster 40/60 ausgew.;19.07.2017;0,0024205905;255,65;0,0501640553;5.057,24;0,002632744;EUR
ETF Muster 40/60 ausgew.;20.07.2017;-0,0016675881;-176,55;0,0484128142;4.880,69;-0,001422211;EUR
ETF Muster 40/60 ausgew.;21.07.2017;-0,0028206610;-298,13;0,0454555970;4.582,56;0,000246240;EUR
ETF Muster 40/60 ausgew.;22.07.2017;0;0;0,0454555970;4.582,56;0;EUR
ETF Muster 40/60 ausgew.;23.07.2017;0;0;0,0454555970;4.582,56;0;EUR
ETF Muster 40/60 ausgew.;24.07.2017;0,0004369132;46,05;0,0459123704;4.628,61;0,000161573;EUR
ETF Muster 40/60 ausgew.;25.07.2017;0,0006158588;64,94;0,0465565047;4.693,55;-0,001365123;EUR
ETF Muster 40/60 ausgew.;26.07.2017;0,0015273209;161,14;0,0481549323;4.854,69;0,001072162;EUR
ETF Muster 40/60 ausgew.;27.07.2017;0,0003429891;36,24;0,0485144380;4.890,94;0,000490846;EUR
ETF Muster 40/60 ausgew.;28.07.2017;-0,0023616471;-249,64;0,0460382169;4.641,30;-0,002031776;EUR
ETF Muster 40/60 ausgew.;29.07.2017;0;0;0,0460382169;4.641,30;0;EUR
ETF Muster 40/60 ausgew.;30.07.2017;0;0;0,0460382169;4.641,30;0;EUR
ETF Muster 40/60 ausgew.;31.07.2017;-0,0021610736;-227,90;0,0437776513;4.413,40;-0,000692808;EUR
ETF Muster 40/60 ausgew.;01.08.2017;0,0031432806;330,76;0,0470585373;4.744,16;0,002119412;EUR
ETF Muster 40/60 ausgew.;02.08.2017;-0,0013560851;-143,15;0,0456386368;4.601,02;-0,000493160;EUR
ETF Muster 40/60 ausgew.;03.08.2017;0,0005383481;56,75;0,0462015544;4.657,77;0,000060446;EUR
ETF Muster 40/60 ausgew.;04.08.2017;0,0023182023;244,51;0,0486268612;4.902,27;0,001843519;EUR
ETF Muster 40/60 ausgew.;05.08.2017;0;0;0,0486268612;4.902,27;0;EUR
ETF Muster 40/60 ausgew.;06.08.2017;0;0;0,0486268612;4.902,27;0;EUR
ETF Muster 40/60 ausgew.;07.08.2017;0,0000087498;0,92;0,0486360365;4.903,20;0,000036069;EUR
ETF Muster 40/60 ausgew.;08.08.2017;0,0006357525;67,21;0,0493027095;4.970,41;0,000002985;EUR
ETF Muster 40/60 ausgew.;09.08.2017;-0,0020431641;-216,13;0,0471588119;4.754,27;0,000725930;EUR
ETF Muster 40/60 ausgew.;10.08.2017;-0,0017909255;-189,07;0,0452834284;4.565,21;-0,002001203;EUR
ETF Muster 40/60 ausgew.;11.08.2017;-0,0009423107;-99,30;0,0442984466;4.465,91;-0,000216908;EUR
ETF Muster 40/60 ausgew.;12.08.2017;0;0;0,0442984466;4.465,91;0;EUR
ETF Muster 40/60 ausgew.;13.08.2017;0;0;0,0442984466;4.465,91;0;EUR
ETF Muster 40/60 ausgew.;14.08.2017;0,0024296648;255,80;0,0468357418;4.721,70;0,001206353;EUR
ETF Muster 40/60 ausgew.;15.08.2017;-0,0001044670;-11,03;0,0467263820;4.710,68;0,000114648;EUR
ETF Muster 40/60 ausgew.;16.08.2017;0,0013855521;146,21;0,0481766759;4.856,89;0,000583694;EUR
ETF Muster 40/60 ausgew.;17.08.2017;-0,0015655204;-165,43;0,0465357340;4.691,46;-0,002195105;EUR
ETF Muster 40/60 ausgew.;18.08.2017;-0,0001264389;-13,34;0,0464034112;4.678,12;-0,000116026;EUR
ETF Muster 40/60 ausgew.;19.08.2017;0;0;0,0464034112;4.678,12;0;EUR
ETF Muster 40/60 ausgew.;20.08.2017;0;0;0,0464034112;4.678,12;0;EUR
ETF Muster 40/60 ausgew.;21.08.2017;-0,0020866005;-220,12;0,0442199853;4.458,00;-0,000712912;EUR
ETF Muster 40/60 ausgew.;22.08.2017;0,0019074390;200,80;0,0462117712;4.658,80;0,002328261;EUR
ETF Muster 40/60 ausgew.;23.08.2017;-0,0012706588;-134,02;0,0448823930;4.524,78;-0,000471002;EUR
ETF Muster 40/60 ausgew.;24.08.2017;0,0004134753;43,55;0,0453144261;4.568,33;-0,000214995;EUR
ETF Muster 40/60 ausgew.;25.08.2017;-0,0003013312;-31,76;0,0449994402;4.536,58;-0,000628889;EUR
ETF Muster 40/60 ausgew.;26.08.2017;0;0;0,0449994402;4.536,58;0;EUR
ETF Muster 40/60 ausgew.;27.08.2017;0;0;0,0449994402;4.536,58;0;EUR
ETF Muster 40/60 ausgew.;28.08.2017;-0,0001727565;-18,20;0,0448189098;4.518,38;-0,000605680;EUR
ETF Muster 40/60 ausgew.;29.08.2017;-0,0023943719;-252,21;0,0423172248;4.266,17;-0,000584020;EUR
ETF Muster 40/60 ausgew.;30.08.2017;0,0005539101;58,21;0,0428945748;4.324,38;0,001558762;EUR
ETF Muster 40/60 ausgew.;31.08.2017;0,0017036112;179,12;0,0446712617;4.503,49;0,001480897;EUR
ETF Muster 40/60 ausgew.;01.09.2017;0,0011391740;119,97;0,0458613240;4.623,47;0,000340398;EUR
ETF Muster 40/60 ausgew.;02.09.2017;0;0;0,0458613240;4.623,47;0;EUR
ETF Muster 40/60 ausgew.;03.09.2017;0;0;0,0458613240;4.623,47;0;EUR
ETF Muster 40/60 ausgew.;04.09.2017;-0,0005028096;-53,01;0,0453354549;4.570,45;-0,000292652;EUR
ETF Muster 40/60 ausgew.;05.09.2017;-0,0007876395;-83,01;0,0445121073;4.487,45;-0,000480712;EUR
ETF Muster 40/60 ausgew.;06.09.2017;0,0006205515;65,35;0,0451602809;4.552,79;0,000113555;EUR
ETF Muster 40/60 ausgew.;07.09.2017;0,0006505842;68,55;0,0458402456;4.621,34;0,000634239;EUR
ETF Muster 40/60 ausgew.;08.09.2017;0,0006236995;65,76;0,0464925357;4.687,10;-0,000630050;EUR
ETF Muster 40/60 ausgew.;09.09.2017;0;0;0,0464925357;4.687,10;0;EUR
ETF Muster 40/60 ausgew.;10.09.2017;0;0;0,0464925357;4.687,10;0;EUR
ETF Muster 40/60 ausgew.;11.09.2017;0,0025732895;271,49;0,0491854639;4.958,59;0,002165382;EUR
ETF Muster 40/60 ausgew.;12.09.2017;0,0008150974;86,21;0,0500406523;5.044,80;-0,000565385;EUR
ETF Muster 40/60 ausgew.;13.09.2017;0,0006034734;63,88;0,0506743239;5.108,68;0,000183522;EUR
ETF Muster 40/60 ausgew.;14.09.2017;-0,0009252122;-98,00;0,0497022272;5.010,68;0,000079505;EUR
ETF Muster 40/60 ausgew.;15.09.2017;-0,0016656787;-176,27;0,0479537606;4.834,41;-0,001937692;EUR
ETF Muster 40/60 ausgew.;16.09.2017;0;0;0,0479537606;4.834,41;0;EUR
ETF Muster 40/60 ausgew.;17.09.2017;0;0;0,0479537606;4.834,41;0;EUR
ETF Muster 40/60 ausgew.;18.09.2017;0,0004489417;47,43;0,0484242307;4.881,84;0,000188858;EUR
ETF Muster 40/60 ausgew.;19.09.2017;0,0002564054;27,10;0,0486930524;4.908,94;0,000387249;EUR
ETF Muster 40/60 ausgew.;20.09.2017;-0,0001139866;-12,05;0,0485735155;4.896,89;0,000446543;EUR
ETF Muster 40/60 ausgew.;21.09.2017;0,0007103711;75,09;0,0493183918;4.971,99;-0,000154732;EUR
ETF Muster 40/60 ausgew.;22.09.2017;-0,0000084605;-0,89;0,0493095141;4.971,09;-0,000465959;EUR
ETF Muster 40/60 ausgew.;23.09.2017;0;0;0,0493095141;4.971,09;0;EUR
ETF Muster 40/60 ausgew.;24.09.2017;0;0;0,0493095141;4.971,09;0;EUR
ETF Muster 40/60 ausgew.;25.09.2017;0,0003740885;39,57;0,0497020487;5.010,66;0,002877029;EUR
ETF Muster 40/60 ausgew.;26.09.2017;0,0003990656;42,23;0,0501209486;5.052,90;0,000772126;EUR
ETF Muster 40/60 ausgew.;27.09.2017;0,0017056221;180,57;0,0519120581;5.233,46;0,000039810;EUR
ETF Muster 40/60 ausgew.;28.09.2017;0,0015521910;164,61;0,0535448266;5.398,07;-0,000919472;EUR
ETF Muster 40/60 ausgew.;29.09.2017;0,0025313025;268,85;0,0562116672;5.666,93;0,000510541;EUR
ETF Muster 40/60 ausgew.;30.09.2017;0;0;0,0562116672;5.666,93;0;EUR
ETF Muster 40/60 ausgew.;01.10.2017;0;0;0,0562116672;5.666,93;0;EUR
ETF Muster 40/60 ausgew.;02.10.2017;0,0011140957;118,63;0,0573883881;5.785,56;0,002449386;EUR
ETF Muster 40/60 ausgew.;03.10.2017;0,0000759290;8,09;0,0574686745;5.793,65;0,000183950;EUR
ETF Muster 40/60 ausgew.;04.10.2017;-0,0003985735;-42,49;0,0570471955;5.751,16;0,000127401;EUR
ETF Muster 40/60 ausgew.;05.10.2017;0,0011064681;117,91;0,0582167845;5.869,07;0,001019503;EUR
ETF Muster 40/60 ausgew.;06.10.2017;-0,0005577640;-59,50;0,0576265493;5.809,57;-0,000829435;EUR
ETF Muster 40/60 ausgew.;07.10.2017;0;0;0,0576265493;5.809,57;0;EUR
ETF Muster 40/60 ausgew.;08.10.2017;0;0;0,0576265493;5.809,57;0;EUR
ETF Muster 40/60 ausgew.;09.10.2017;0,0004432133;47,26;0,0580953034;5.856,82;0,000571940;EUR
ETF Muster 40/60 ausgew.;10.10.2017;-0,0009452440;-100,83;0,0570951452;5.755,99;-0,000365376;EUR
ETF Muster 40/60 ausgew.;11.10.2017;0,0000981420;10,46;0,0571988907;5.766,45;-0,000483994;EUR
ETF Muster 40/60 ausgew.;12.10.2017;0,0004703299;50,13;0,0576961230;5.816,58;0,000391505;EUR
ETF Muster 40/60 ausgew.;13.10.2017;0,0006862381;73,17;0,0584219543;5.889,75;0,001781603;EUR
ETF Muster 40/60 ausgew.;14.10.2017;0;0;0,0584219543;5.889,75;0;EUR
ETF Muster 40/60 ausgew.;15.10.2017;0;0;0,0584219543;5.889,75;0;EUR
ETF Muster 40/60 ausgew.;16.10.2017;0,0006740153;71,92;0,0591353470;5.961,67;0,001891134;EUR
ETF Muster 40/60 ausgew.;17.10.2017;-0,0004327201;-46,20;0,0586770378;5.915,47;0,000753409;EUR
ETF Muster 40/60 ausgew.;18.10.2017;0,0010428792;111,31;0,0597811101;6.026,78;-0,000937400;EUR
ETF Muster 40/60 ausgew.;19.10.2017;-0,0018632297;-199,07;0,0578064945;5.827,71;-0,000849576;EUR
ETF Muster 40/60 ausgew.;20.10.2017;0,0003865559;41,22;0,0582153958;5.868,93;-0,000145804;EUR
ETF Muster 40/60 ausgew.;21.10.2017;0;0;0,0582153958;5.868,93;0;EUR
ETF Muster 40/60 ausgew.;22.10.2017;0;0;0,0582153958;5.868,93;0;EUR
ETF Muster 40/60 ausgew.;23.10.2017;-0,0001776572;-18,95;0,0580273962;5.849,98;0,000724160;EUR
ETF Muster 40/60 ausgew.;24.10.2017;0,0007810037;83,30;0,0588537195;5.933,28;-0,001339309;EUR
ETF Muster 40/60 ausgew.;25.10.2017;-0,0017860306;-190,65;0,0569625744;5.742,63;-0,001742654;EUR
ETF Muster 40/60 ausgew.;26.10.2017;0,0048162069;513,20;0,0620531248;6.255,83;0,003242972;EUR
ETF Muster 40/60 ausgew.;27.10.2017;0,0005639682;60,38;0,0626520890;6.316,21;0,004809730;EUR
ETF Muster 40/60 ausgew.;28.10.2017;0;0;0,0626520890;6.316,21;0;EUR
ETF Muster 40/60 ausgew.;29.10.2017;0;0;0,0626520890;6.316,21;0;EUR
ETF Muster 40/60 ausgew.;30.10.2017;0,0008898886;95,33;0,0635977310;6.411,54;-0,000077399;EUR
ETF Muster 40/60 ausgew.;31.10.2017;0,0002409499;25,84;0,0638540048;6.437,38;-0,000146602;EUR
ETF Muster 40/60 ausgew.;01.11.2017;0,0050287628;539,34;0,0692038742;6.976,72;0,001125205;EUR
ETF Muster 40/60 ausgew.;02.11.2017;-0,0003202129;-34,52;0,0688615013;6.942,21;-0,000625492;EUR
ETF Muster 40/60 ausgew.;03.11.2017;0,0003012725;32,46;0,0691835199;6.974,67;0,001287225;EUR
ETF Muster 40/60 ausgew.;04.11.2017;0;0;0,0691835199;6.974,67;0;EUR
ETF Muster 40/60 ausgew.;05.11.2017;0;0;0,0691835199;6.974,67;0;EUR
ETF Muster 40/60 ausgew.;06.11.2017;-0,0002195592;-23,67;0,0689487709;6.951,00;0,001536445;EUR
ETF Muster 40/60 ausgew.;07.11.2017;-0,0020347505;-219,28;0,0667737268;6.731,73;0,000421089;EUR
ETF Muster 40/60 ausgew.;08.11.2017;0,0001301120;13,99;0,0669125269;6.745,72;0,000333674;EUR
ETF Muster 40/60 ausgew.;09.11.2017;-0,0058349603;-627,61;0,0606871346;6.118,12;-0,003077561;EUR
ETF Muster 40/60 ausgew.;10.11.2017;-0,0020087688;-214,80;0,0585564594;5.903,31;-0,001572914;EUR
ETF Muster 40/60 ausgew.;11.11.2017;0;0;0,0585564594;5.903,31;0;EUR
ETF Muster 40/60 ausgew.;12.11.2017;0;0;0,0585564594;5.903,31;0;EUR
ETF Muster 40/60 ausgew.;13.11.2017;-0,0020234570;-215,94;0,0564145159;5.687,38;-0,000641457;EUR
ETF Muster 40/60 ausgew.;14.11.2017;-0,0018144734;-193,24;0,0544976799;5.494,13;-0,001562958;EUR
ETF Muster 40/60 ausgew.;15.11.2017;-0,0015876577;-168,78;0,0528234985;5.325,35;-0,001501635;EUR
ETF Muster 40/60 ausgew.;16.11.2017;0,0022802654;242,03;0,0552242155;5.567,38;0,001944199;EUR
ETF Muster 40/60 ausgew.;17.11.2017;-0,0013279480;-141,27;0,0538229326;5.426,11;-0,000141294;EUR
ETF Muster 40/60 ausgew.;18.11.2017;0;0;0,0538229326;5.426,11;0;EUR
ETF Muster 40/60 ausgew.;19.11.2017;0;0;0,0538229326;5.426,11;0;EUR
ETF Muster 40/60 ausgew.;20.11.2017;0,0019161116;203,57;0,0558421750;5.629,68;0,001002208;EUR
ETF Muster 40/60 ausgew.;21.11.2017;0,0023329698;248,33;0,0583054230;5.878,01;0,001711807;EUR
ETF Muster 40/60 ausgew.;22.11.2017;-0,0029684403;-316,71;0,0551639064;5.561,30;-0,001142049;EUR
ETF Muster 40/60 ausgew.;23.11.2017;-0,0005012628;-53,32;0,0546349921;5.507,97;-0,000567188;EUR
ETF Muster 40/60 ausgew.;24.11.2017;0,0013432683;142,82;0,0560516498;5.650,79;-0,001264126;EUR
ETF Muster 40/60 ausgew.;25.11.2017;0;0;0,0560516498;5.650,79;0;EUR
ETF Muster 40/60 ausgew.;26.11.2017;0;0;0,0560516498;5.650,79;0;EUR
ETF Muster 40/60 ausgew.;27.11.2017;-0,0014317778;-152,43;0,0545396185;5.498,36;0,000593716;EUR
ETF Muster 40/60 ausgew.;28.11.2017;0,0017058592;181,35;0,0563385146;5.679,71;0,002030147;EUR
ETF Muster 40/60 ausgew.;29.11.2017;-0,0000916486;-9,76;0,0562417027;5.669,95;-0,001153212;EUR
ETF Muster 40/60 ausgew.;30.11.2017;-0,0008820480;-93,92;0,0553100468;5.576,03;0,000279460;EUR
ETF Muster 40/60 ausgew.;01.12.2017;-0,0040382337;-429,63;0,0510484582;5.146,40;0,001951443;EUR
ETF Muster 40/60 ausgew.;02.12.2017;0;0;0,0510484582;5.146,40;0;EUR
ETF Muster 40/60 ausgew.;03.12.2017;0;0;0,0510484582;5.146,40;0;EUR
ETF Muster 40/60 ausgew.;04.12.2017;0,0049570099;525,25;0,0562585158;5.671,65;-0,000155162;EUR
ETF Muster 40/60 ausgew.;05.12.2017;-0,0002835029;-30,19;0,0559590635;5.641,46;0,000087622;EUR
ETF Muster 40/60 ausgew.;06.12.2017;-0,0014078933;-149,88;0,0544723858;5.491,58;0,000994203;EUR
ETF Muster 40/60 ausgew.;07.12.2017;0,0010220249;108,65;0,0555500828;5.600,23;0,000823670;EUR
ETF Muster 40/60 ausgew.;08.12.2017;0,0040224208;428,04;0,0597959493;6.028,27;0,001254685;EUR
ETF Muster 40/60 ausgew.;09.12.2017;0;0;0,0597959493;6.028,27;0;EUR
ETF Muster 40/60 ausgew.;10.12.2017;0;0;0,0597959493;6.028,27;0;EUR
ETF Muster 40/60 ausgew.;11.12.2017;-0,0012108685;-129,37;0,0585126758;5.898,90;0,000102284;EUR
ETF Muster 40/60 ausgew.;12.12.2017;0,0013624776;145,39;0,0599548756;6.044,29;0,000810692;EUR
ETF Muster 40/60 ausgew.;13.12.2017;-0,0014824392;-158,41;0,0583835569;5.885,88;-0,000309196;EUR
ETF Muster 40/60 ausgew.;14.12.2017;-0,0029075464;-310,24;0,0553062576;5.575,65;-0,001295194;EUR
ETF Muster 40/60 ausgew.;15.12.2017;0,0005004432;53,24;0,0558343785;5.628,89;0,001156833;EUR
ETF Muster 40/60 ausgew.;16.12.2017;0;0;0,0558343785;5.628,89;0;EUR
ETF Muster 40/60 ausgew.;17.12.2017;0;0;0,0558343785;5.628,89;0;EUR
ETF Muster 40/60 ausgew.;18.12.2017;0,0055440314;590,12;0,0616879575;6.219,01;0,000740496;EUR
ETF Muster 40/60 ausgew.;19.12.2017;-0,0027117042;-290,24;0,0588089738;5.928,77;-0,002436752;EUR
ETF Muster 40/60 ausgew.;20.12.2017;-0,0042941062;-458,37;0,0542623357;5.470,41;-0,002526430;EUR
ETF Muster 40/60 ausgew.;21.12.2017;0,0017158859;182,37;0,0560713296;5.652,78;0,000553987;EUR
ETF Muster 40/60 ausgew.;22.12.2017;-0,0014012158;-149,18;0,0545915457;5.503,59;0,000208608;EUR
ETF Muster 40/60 ausgew.;23.12.2017;0;0;0,0545915457;5.503,59;0;EUR
ETF Muster 40/60 ausgew.;24.12.2017;0;0;0,0545915457;5.503,59;0;EUR
ETF Muster 40/60 ausgew.;25.12.2017;0;0;0,0545915457;5.503,59;0,000033462;EUR
ETF Muster 40/60 ausgew.;26.12.2017;0;0;0,0545915457;5.503,59;-0,000576923;EUR
ETF Muster 40/60 ausgew.;27.12.2017;0,0008045607;85,54;0,0554400287;5.589,13;0,000715972;EUR
ETF Muster 40/60 ausgew.;28.12.2017;-0,0021597286;-229,80;0,0531605646;5.359,33;-0,001405063;EUR
ETF Muster 40/60 ausgew.;29.12.2017;-0,0023777711;-252,46;0,0506563898;5.106,88;-0,001651243;EUR
ETF Muster 40/60 ausgew.;30.12.2017;0;0;0,0506563898;5.106,88;0;EUR
ETF Muster 40/60 ausgew.;31.12.2017;0;0;0,0506563898;5.106,88;0;EUR
ETF Muster 40/60 ausgew.;01.01.2018;0;0;0,0506563898;5.106,88;0,000002158;EUR
ETF Muster 40/60 ausgew.;02.01.2018;-0,0012585426;-133,31;0,0493340940;4.973,57;0,000093756;EUR
ETF Muster 40/60 ausgew.;03.01.2018;0,0033859255;358,19;0,0528870611;5.331,76;0,001806588;EUR
ETF Muster 40/60 ausgew.;04.01.2018;0,0062582500;664,29;0,0594762915;5.996,05;0,000713229;EUR
ETF Muster 40/60 ausgew.;05.01.2018;0,0037322315;398,64;0,0634305023;6.394,69;0,002191667;EUR
ETF Muster 40/60 ausgew.;06.01.2018;0;0;0,0634305023;6.394,69;0;EUR
ETF Muster 40/60 ausgew.;07.01.2018;0;0;0,0634305023;6.394,69;0;EUR
ETF Muster 40/60 ausgew.;08.01.2018;0,0016617489;178,15;0,0651976568;6.572,84;0,001634207;EUR
ETF Muster 40/60 ausgew.;09.01.2018;0,0007927038;85,13;0,0660420431;6.657,97;0,000384870;EUR
ETF Muster 40/60 ausgew.;10.01.2018;-0,0010827191;-116,36;0,0648878190;6.541,60;-0,001289547;EUR
ETF Muster 40/60 ausgew.;11.01.2018;-0,0017592553;-188,87;0,0630144095;6.352,74;-0,002101359;EUR
ETF Muster 40/60 ausgew.;12.01.2018;0,0013531711;145,01;0,0644528499;6.497,75;-0,000534799;EUR
ETF Muster 40/60 ausgew.;13.01.2018;0;0;0,0644528499;6.497,75;0;EUR
ETF Muster 40/60 ausgew.;14.01.2018;0;0;0,0644528499;6.497,75;0;EUR
ETF Muster 40/60 ausgew.;15.01.2018;-0,0008897064;-95,48;0,0635057993;6.402,28;-0,001062100;EUR
ETF Muster 40/60 ausgew.;16.01.2018;0,0006393709;68,55;0,0641857740;6.470,83;0,000948377;EUR
ETF Muster 40/60 ausgew.;17.01.2018;-0,0013430225;-144,09;0,0627565486;6.326,74;0,000958168;EUR
ETF Muster 40/60 ausgew.;18.01.2018;0,0027431289;293,90;0,0656718268;6.620,64;-0,000596628;EUR
ETF Muster 40/60 ausgew.;19.01.2018;0,0041369784;444,46;0,0700804881;7.065,10;0,001621365;EUR
ETF Muster 40/60 ausgew.;20.01.2018;0;0;0,0700804881;7.065,10;0;EUR
ETF Muster 40/60 ausgew.;21.01.2018;0;0;0,0700804881;7.065,10;0;EUR
ETF Muster 40/60 ausgew.;22.01.2018;0,0014273565;153,98;0,0716078744;7.219,08;0,001127608;EUR
ETF Muster 40/60 ausgew.;23.01.2018;0,0014493147;156,57;0,0731609715;7.375,65;0,000248394;EUR
ETF Muster 40/60 ausgew.;24.01.2018;-0,0033081429;-357,91;0,0696108016;7.017,75;-0,001882394;EUR
ETF Muster 40/60 ausgew.;25.01.2018;-0,0019586894;-211,21;0,0675157662;6.806,54;-0,002793751;EUR
ETF Muster 40/60 ausgew.;26.01.2018;0,0007227521;77,78;0,0682873154;6.884,32;0,001752619;EUR
ETF Muster 40/60 ausgew.;27.01.2018;0;0;0,0682873154;6.884,32;0;EUR
ETF Muster 40/60 ausgew.;28.01.2018;0;0;0,0682873154;6.884,32;0;EUR
ETF Muster 40/60 ausgew.;29.01.2018;-0,0010950305;-117,93;0,0671175082;6.766,39;-0,001904930;EUR
ETF Muster 40/60 ausgew.;30.01.2018;-0,0038622728;-415,50;0,0629960093;6.350,88;-0,002234889;EUR
ETF Muster 40/60 ausgew.;31.01.2018;-0,0002583028;-27,68;0,0627214344;6.323,20;-0,000967455;EUR
ETF Muster 40/60 ausgew.;01.02.2018;-0,0040970530;-438,95;0,0583674084;5.884,25;-0,000307634;EUR
ETF Muster 40/60 ausgew.;02.02.2018;-0,0073853751;-788,01;0,0505509680;5.096,25;-0,004462324;EUR
ETF Muster 40/60 ausgew.;03.02.2018;0;0;0,0505509680;5.096,25;0;EUR
ETF Muster 40/60 ausgew.;04.02.2018;0;0;0,0505509680;5.096,25;0;EUR
ETF Muster 40/60 ausgew.;05.02.2018;-0,0029900303;-316,67;0,0474097888;4.779,57;-0,005423960;EUR
ETF Muster 40/60 ausgew.;06.02.2018;-0,0080197552;-846,84;0,0390098187;3.932,74;0,001907406;EUR
ETF Muster 40/60 ausgew.;07.02.2018;0,0062484112;654,50;0,0455019793;4.587,24;0,000032062;EUR
ETF Muster 40/60 ausgew.;08.02.2018;-0,0091147463;-960,71;0,0359724940;3.626,53;-0,005858295;EUR
ETF Muster 40/60 ausgew.;09.02.2018;-0,0048933852;-511,07;0,0309030815;3.115,46;0,001115622;EUR
ETF Muster 40/60 ausgew.;10.02.2018;0;0;0,0309030815;3.115,46;0;EUR
ETF Muster 40/60 ausgew.;11.02.2018;0;0;0,0309030815;3.115,46;0;EUR
ETF Muster 40/60 ausgew.;12.02.2018;0,0051587271;536,14;0,0362212292;3.651,61;0,002088880;EUR
ETF Muster 40/60 ausgew.;13.02.2018;-0,0036900452;-385,48;0,0323975260;3.266,13;-0,000815891;EUR
ETF Muster 40/60 ausgew.;14.02.2018;0,0042007808;437,22;0,0367344017;3.703,34;0,001296820;EUR
ETF Muster 40/60 ausgew.;15.02.2018;0,0011687337;122,15;0,0379460681;3.825,50;0,001223560;EUR
ETF Muster 40/60 ausgew.;16.02.2018;0,0040124792;419,86;0,0421108051;4.245,36;0,002575019;EUR
ETF Muster 40/60 ausgew.;17.02.2018;0;0;0,0421108051;4.245,36;0;EUR
ETF Muster 40/60 ausgew.;18.02.2018;0;0;0,0421108051;4.245,36;0;EUR
ETF Muster 40/60 ausgew.;19.02.2018;-0,0021582170;-226,74;0,0398617039;4.018,62;0,000164247;EUR
ETF Muster 40/60 ausgew.;20.02.2018;0,0028628194;300,12;0,0428386402;4.318,74;0,000210459;EUR
ETF Muster 40/60 ausgew.;21.02.2018;0,0000307706;3,24;0,0428707290;4.321,97;-0,000244344;EUR
ETF Muster 40/60 ausgew.;22.02.2018;0,0001268072;13,33;0,0430029724;4.335,30;0,000296492;EUR
ETF Muster 40/60 ausgew.;23.02.2018;0,0002420557;25,45;0,0432554372;4.360,76;0,003778215;EUR
ETF Muster 40/60 ausgew.;24.02.2018;0;0;0,0432554372;4.360,76;0;EUR
ETF Muster 40/60 ausgew.;25.02.2018;0;0;0,0432554372;4.360,76;0;EUR
ETF Muster 40/60 ausgew.;26.02.2018;0,0014862590;156,32;0,0448059850;4.517,07;0,002177703;EUR
ETF Muster 40/60 ausgew.;27.02.2018;-0,0011628567;-122,49;0,0435910254;4.394,59;-0,001632225;EUR
ETF Muster 40/60 ausgew.;28.02.2018;-0,0010750543;-113,10;0,0424691083;4.281,48;-0,000808777;EUR
ETF Muster 40/60 ausgew.;01.03.2018;-0,0067120170;-705,40;0,0354720379;3.576,08;-0,001949210;EUR
ETF Muster 40/60 ausgew.;02.03.2018;-0,0084416315;-881,22;0,0267309646;2.694,86;-0,002242836;EUR
ETF Muster 40/60 ausgew.;03.03.2018;0;0;0,0267309646;2.694,86;0;EUR
ETF Muster 40/60 ausgew.;04.03.2018;0;0;0,0267309646;2.694,86;0;EUR
ETF Muster 40/60 ausgew.;05.03.2018;0,0042962777;444,70;0,0311420859;3.139,56;0,001458308;EUR
ETF Muster 40/60 ausgew.;06.03.2018;0,0003444998;35,81;0,0314973142;3.175,37;-0,001260970;EUR
ETF Muster 40/60 ausgew.;07.03.2018;0,0026377106;274,29;0,0342181056;3.449,67;0,000144453;EUR
ETF Muster 40/60 ausgew.;08.03.2018;0,0036791706;383,60;0,0380231705;3.833,27;0,002981484;EUR
ETF Muster 40/60 ausgew.;09.03.2018;0,0000615591;6,44;0,0380870703;3.839,71;0,002136687;EUR
ETF Muster 40/60 ausgew.;10.03.2018;0;0;0,0380870703;3.839,71;0;EUR
ETF Muster 40/60 ausgew.;11.03.2018;0;0;0,0380870703;3.839,71;0;EUR
ETF Muster 40/60 ausgew.;12.03.2018;0,0018757377;196,30;0,0400342493;4.036,01;0,001206502;EUR
ETF Muster 40/60 ausgew.;13.03.2018;-0,0046968498;-492,46;0,0351493647;3.543,55;-0,001929869;EUR
ETF Muster 40/60 ausgew.;14.03.2018;-0,0003802023;-39,68;0,0347557985;3.503,87;0,000285523;EUR
ETF Muster 40/60 ausgew.;15.03.2018;0,0011697606;122,03;0,0359662151;3.625,90;0,000497097;EUR
ETF Muster 40/60 ausgew.;16.03.2018;0,0001778151;18,57;0,0361504255;3.644,47;0,000812396;EUR
ETF Muster 40/60 ausgew.;17.03.2018;0;0;0,0361504255;3.644,47;0;EUR
ETF Muster 40/60 ausgew.;18.03.2018;0;0;0,0361504255;3.644,47;0;EUR
ETF Muster 40/60 ausgew.;19.03.2018;-0,0041440373;-432,88;0,0318565796;3.211,59;-0,003208260;EUR
ETF Muster 40/60 ausgew.;20.03.2018;0,0020775263;216,12;0,0340002887;3.427,71;0,000578702;EUR
ETF Muster 40/60 ausgew.;21.03.2018;0,0007085165;73,86;0,0347328949;3.501,56;-0,000381325;EUR
ETF Muster 40/60 ausgew.;22.03.2018;-0,0046565033;-485,75;0,0299146578;3.015,82;-0,002219099;EUR
ETF Muster 40/60 ausgew.;23.03.2018;-0,0047589871;-494,13;0,0250133072;2.521,69;-0,004712569;EUR
ETF Muster 40/60 ausgew.;24.03.2018;0;0;0,0250133072;2.521,69;0;EUR
ETF Muster 40/60 ausgew.;25.03.2018;0;0;0,0250133072;2.521,69;0;EUR
ETF Muster 40/60 ausgew.;26.03.2018;-0,0023553612;-243,39;0,0225990306;2.278,30;0,001865159;EUR
ETF Muster 40/60 ausgew.;27.03.2018;0,0053202881;548,48;0,0280395520;2.826,78;0,000169296;EUR
ETF Muster 40/60 ausgew.;28.03.2018;-0,0007419470;-76,90;0,0272768012;2.749,88;0,000183012;EUR
ETF Muster 40/60 ausgew.;29.03.2018;0,0027920917;289,16;0,0301450522;3.039,04;0,002919631;EUR
ETF Muster 40/60 ausgew.;30.03.2018;0;0;0,0301450522;3.039,04;0,000127505;EUR
ETF Muster 40/60 ausgew.;31.03.2018;0;0;0,0301450522;3.039,04;0;EUR
ETF Muster 40/60 ausgew.;01.04.2018;0;0;0,0301450522;3.039,04;0;EUR
ETF Muster 40/60 ausgew.;02.04.2018;0;0;0,0301450522;3.039,04;-0,002910559;EUR
ETF Muster 40/60 ausgew.;03.04.2018;-0,0019672019;-204,30;0,0281185490;2.834,74;0,001272617;EUR
ETF Muster 40/60 ausgew.;04.04.2018;-0,0015945579;-165,27;0,0264791544;2.669,47;0,001162081;EUR
ETF Muster 40/60 ausgew.;05.04.2018;0,0083513298;864,23;0,0350516204;3.533,70;0,002393325;EUR
ETF Muster 40/60 ausgew.;06.04.2018;-0,0012434480;-129,75;0,0337645874;3.403,94;-0,002298326;EUR
ETF Muster 40/60 ausgew.;07.04.2018;0;0;0,0337645874;3.403,94;0;EUR
ETF Muster 40/60 ausgew.;08.04.2018;0;0;0,0337645874;3.403,94;0;EUR
ETF Muster 40/60 ausgew.;09.04.2018;0,0001037729;10,81;0,0338718641;3.414,76;-0,000307563;EUR
ETF Muster 40/60 ausgew.;10.04.2018;0,0022880142;238,48;0,0362373777;3.653,24;0,001670605;EUR
ETF Muster 40/60 ausgew.;11.04.2018;-0,0011872042;-124,02;0,0350071523;3.529,21;-0,000426281;EUR
ETF Muster 40/60 ausgew.;12.04.2018;0,0021195140;221,16;0,0372008644;3.750,37;0,001653086;EUR
ETF Muster 40/60 ausgew.;13.04.2018;0,0013404082;140,16;0,0385911369;3.890,53;-0,000099576;EUR
ETF Muster 40/60 ausgew.;14.04.2018;0;0;0,0385911369;3.890,53;0;EUR
ETF Muster 40/60 ausgew.;15.04.2018;0;0;0,0385911369;3.890,53;0;EUR
ETF Muster 40/60 ausgew.;16.04.2018;-0,0010615391;-111,15;0,0374886319;3.779,38;0,000240295;EUR
ETF Muster 40/60 ausgew.;17.04.2018;0,0045009424;470,77;0,0421583084;4.250,15;0,002415633;EUR
ETF Muster 40/60 ausgew.;18.04.2018;0,0005245174;55,11;0,0427049386;4.305,26;-0,000565689;EUR
ETF Muster 40/60 ausgew.;19.04.2018;-0,0014843134;-156,03;0,0411572376;4.149,23;-0,002222998;EUR
ETF Muster 40/60 ausgew.;20.04.2018;0,0000747595;7,85;0,0412350740;4.157,07;-0,000151946;EUR
ETF Muster 40/60 ausgew.;21.04.2018;0;0;0,0412350740;4.157,07;0;EUR
ETF Muster 40/60 ausgew.;22.04.2018;0;0;0,0412350740;4.157,07;0;EUR
ETF Muster 40/60 ausgew.;23.04.2018;-0,0001049241;-11,01;0,0411258233;4.146,06;0,000053356;EUR
ETF Muster 40/60 ausgew.;24.04.2018;-0,0004102035;-43,06;0,0406987499;4.103,01;-0,001486102;EUR
ETF Muster 40/60 ausgew.;25.04.2018;-0,0039589369;-415,36;0,0365786893;3.687,65;0,000184755;EUR
ETF Muster 40/60 ausgew.;26.04.2018;0,0031477193;328,94;0,0398415480;4.016,59;0,003614605;EUR
ETF Muster 40/60 ausgew.;27.04.2018;0,0024943471;261,48;0,0424352738;4.278,07;0,001303236;EUR
ETF Muster 40/60 ausgew.;28.04.2018;0;0;0,0424352738;4.278,07;0;EUR
ETF Muster 40/60 ausgew.;29.04.2018;0;0;0,0424352738;4.278,07;0;EUR
ETF Muster 40/60 ausgew.;30.04.2018;0,0003968899;41,71;0,0428490058;4.319,78;-0,000315786;EUR
ETF Muster 40/60 ausgew.;01.05.2018;0;0;0,0428490058;4.319,78;0,001283557;EUR
ETF Muster 40/60 ausgew.;02.05.2018;0,0040270957;423,38;0,0470486586;4.743,17;-0,000387319;EUR
ETF Muster 40/60 ausgew.;03.05.2018;-0,0016166020;-170,64;0,0453559976;4.572,52;0,000808798;EUR
ETF Muster 40/60 ausgew.;04.05.2018;0,0017426224;183,65;0,0471776584;4.756,17;0,001674425;EUR
ETF Muster 40/60 ausgew.;05.05.2018;0;0;0,0471776584;4.756,17;0;EUR
ETF Muster 40/60 ausgew.;06.05.2018;0;0;0,0471776584;4.756,17;0;EUR
ETF Muster 40/60 ausgew.;07.05.2018;0,0025327787;267,39;0,0498299277;5.023,56;0,001452052;EUR
ETF Muster 40/60 ausgew.;08.05.2018;-0,0002109931;-22,33;0,0496084208;5.001,23;0,000092738;EUR
ETF Muster 40/60 ausgew.;09.05.2018;0,0010332157;109,33;0,0506928927;5.110,56;0,001341207;EUR
ETF Muster 40/60 ausgew.;10.05.2018;0,0014238240;150,82;0,0521888945;5.261,37;0,001423584;EUR
ETF Muster 40/60 ausgew.;11.05.2018;-0,0005657201;-60,01;0,0515936501;5.201,36;-0,000657923;EUR
ETF Muster 40/60 ausgew.;12.05.2018;0;0;0,0515936501;5.201,36;0;EUR
ETF Muster 40/60 ausgew.;13.05.2018;0;0;0,0515936501;5.201,36;0;EUR
ETF Muster 40/60 ausgew.;14.05.2018;-0,0011795455;-125,05;0,0503532476;5.076,31;-0,001420385;EUR
ETF Muster 40/60 ausgew.;15.05.2018;-0,0004853699;-51,40;0,0498434377;5.024,92;-0,000442249;EUR
ETF Muster 40/60 ausgew.;16.05.2018;0,0011807182;124,97;0,0510830070;5.149,88;0,002281235;EUR
ETF Muster 40/60 ausgew.;17.05.2018;0,0018378140;194,74;0,0530147020;5.344,63;-0,000414378;EUR
ETF Muster 40/60 ausgew.;18.05.2018;-0,0002116454;-22,47;0,0527918363;5.322,16;0,001365210;EUR
ETF Muster 40/60 ausgew.;19.05.2018;0;0;0,0527918363;5.322,16;0;EUR
ETF Muster 40/60 ausgew.;20.05.2018;0;0;0,0527918363;5.322,16;0;EUR
ETF Muster 40/60 ausgew.;21.05.2018;0,0003138326;33,31;0,0531222366;5.355,47;0,001306553;EUR
ETF Muster 40/60 ausgew.;22.05.2018;0,0011566408;122,80;0,0543403208;5.478,27;-0,000251935;EUR
ETF Muster 40/60 ausgew.;23.05.2018;-0,0030143195;-320,40;0,0511622023;5.157,87;0,001905256;EUR
ETF Muster 40/60 ausgew.;24.05.2018;-0,0015966588;-169,20;0,0494838549;4.988,67;0,000111713;EUR
ETF Muster 40/60 ausgew.;25.05.2018;0,0019190244;203,04;0,0514978400;5.191,71;0,001819303;EUR
ETF Muster 40/60 ausgew.;26.05.2018;0;0;0,0514978400;5.191,71;0;EUR
ETF Muster 40/60 ausgew.;27.05.2018;0;0;0,0514978400;5.191,71;0;EUR
ETF Muster 40/60 ausgew.;28.05.2018;-0,0015060314;-159,65;0,0499142512;5.032,06;0,002336162;EUR
ETF Muster 40/60 ausgew.;29.05.2018;-0,0035730081;-378,19;0,0461628991;4.653,87;-0,000445585;EUR
ETF Muster 40/60 ausgew.;30.05.2018;0,0002418366;25,51;0,0464158995;4.679,37;-0,001014079;EUR
ETF Muster 40/60 ausgew.;31.05.2018;-0,0024329384;-256,66;0,0438700341;4.422,72;-0,001397256;EUR
ETF Muster 40/60 ausgew.;01.06.2018;0,0024769290;260,66;0,0464556261;4.683,38;0,000368517;EUR
ETF Muster 40/60 ausgew.;02.06.2018;0;0;0,0464556261;4.683,38;0;EUR
ETF Muster 40/60 ausgew.;03.06.2018;0;0;0,0464556261;4.683,38;0;EUR
ETF Muster 40/60 ausgew.;04.06.2018;0,0007785972;82,14;0,0472703935;4.765,52;0,000107247;EUR
ETF Muster 40/60 ausgew.;05.06.2018;0,0009948610;105,04;0,0483122820;4.870,56;0,001320056;EUR
ETF Muster 40/60 ausgew.;06.06.2018;-0,0007066024;-74,68;0,0475715420;4.795,88;-0,002959247;EUR
ETF Muster 40/60 ausgew.;07.06.2018;-0,0013034381;-137,66;0,0462060974;4.658,22;-0,001556952;EUR
ETF Muster 40/60 ausgew.;08.06.2018;0,0000233806;2,47;0,0462305583;4.660,69;0,002381499;EUR
ETF Muster 40/60 ausgew.;09.06.2018;0;0;0,0462305583;4.660,69;0;EUR
ETF Muster 40/60 ausgew.;10.06.2018;0;0;0,0462305583;4.660,69;0;EUR
ETF Muster 40/60 ausgew.;11.06.2018;0,0015731160;165,92;0,0478764003;4.826,61;-0,001405641;EUR
ETF Muster 40/60 ausgew.;12.06.2018;0,0002273746;24,02;0,0481146608;4.850,63;0,000569297;EUR
ETF Muster 40/60 ausgew.;13.06.2018;0,0011789559;124,57;0,0493503417;4.975,21;0,000270607;EUR
ETF Muster 40/60 ausgew.;14.06.2018;0,0038732194;409,75;0,0534147058;5.384,95;0,003990026;EUR
ETF Muster 40/60 ausgew.;15.06.2018;-0,0025864838;-274,68;0,0506900657;5.110,27;0,000902387;EUR
ETF Muster 40/60 ausgew.;16.06.2018;0;0;0,0506900657;5.110,27;0;EUR
ETF Muster 40/60 ausgew.;17.06.2018;0;0;0,0506900657;5.110,27;0;EUR
ETF Muster 40/60 ausgew.;18.06.2018;-0,0030556156;-323,66;0,0474795608;4.786,61;-0,000650006;EUR
ETF Muster 40/60 ausgew.;19.06.2018;-0,0022815199;-240,93;0,0450897153;4.545,68;0,000075955;EUR
ETF Muster 40/60 ausgew.;20.06.2018;-0,0001130508;-11,91;0,0449715671;4.533,77;0,000540445;EUR
ETF Muster 40/60 ausgew.;21.06.2018;-0,0027535218;-290,08;0,0420942152;4.243,69;-0,000487479;EUR
ETF Muster 40/60 ausgew.;22.06.2018;-0,0004648825;-48,84;0,0416097638;4.194,85;0,000185796;EUR
ETF Muster 40/60 ausgew.;23.06.2018;0;0;0,0416097638;4.194,85;0;EUR
ETF Muster 40/60 ausgew.;24.06.2018;0;0;0,0416097638;4.194,85;0;EUR
ETF Muster 40/60 ausgew.;25.06.2018;-0,0004360535;-45,79;0,0411555662;4.149,06;-0,003577877;EUR
ETF Muster 40/60 ausgew.;26.06.2018;0,0004133643;43,39;0,0415859428;4.192,45;0,000084664;EUR
ETF Muster 40/60 ausgew.;27.06.2018;-0,0000788951;-8,28;0,0415037667;4.184,16;0,000091369;EUR
ETF Muster 40/60 ausgew.;28.06.2018;0,0000709441;7,45;0,0415776552;4.191,61;0,000723055;EUR
ETF Muster 40/60 ausgew.;29.06.2018;-0,0002009130;-21,10;0,0413683887;4.170,51;-0,000655471;EUR
ETF Muster 40/60 ausgew.;30.06.2018;0;0;0,0413683887;4.170,51;0;EUR
ETF Muster 40/60 ausgew.;01.07.2018;0;0;0,0413683887;4.170,51;0;EUR
ETF Muster 40/60 ausgew.;02.07.2018;-0,0000824502;-8,66;0,0412825277;4.161,86;0,000721791;EUR
ETF Muster 40/60 ausgew.;03.07.2018;0,0000488207;5,13;0,0413333639;4.166,98;-0,000641343;EUR
ETF Muster 40/60 ausgew.;04.07.2018;0,0001969260;20,67;0,0415384295;4.187,66;-0,000242441;EUR
ETF Muster 40/60 ausgew.;05.07.2018;0,0000872510;9,16;0,0416293048;4.196,82;0,000640363;EUR
ETF Muster 40/60 ausgew.;06.07.2018;-0,0002575305;-27,04;0,0413610535;4.169,78;0,001205878;EUR
ETF Muster 40/60 ausgew.;07.07.2018;0;0;0,0413610535;4.169,78;0;EUR
ETF Muster 40/60 ausgew.;08.07.2018;0;0;0,0413610535;4.169,78;0;EUR
ETF Muster 40/60 ausgew.;09.07.2018;0,0002274874;23,88;0,0415979500;4.193,66;0,001407811;EUR
ETF Muster 40/60 ausgew.;10.07.2018;0,0002033517;21,35;0,0418097608;4.215,01;0,000905460;EUR
ETF Muster 40/60 ausgew.;11.07.2018;-0,0005343188;-56,12;0,0412531022;4.158,89;-0,001675149;EUR
ETF Muster 40/60 ausgew.;12.07.2018;0,0004503208;47,27;0,0417220002;4.206,16;0,002406076;EUR
ETF Muster 40/60 ausgew.;13.07.2018;0,0000529517;5,56;0,0417771611;4.211,72;0,001143922;EUR
ETF Muster 40/60 ausgew.;14.07.2018;0;0;0,0417771611;4.211,72;0;EUR
ETF Muster 40/60 ausgew.;15.07.2018;0;0;0,0417771611;4.211,72;0;EUR
ETF Muster 40/60 ausgew.;16.07.2018;-0,0003851674;-40,45;0,0413759026;4.171,27;-0,001637826;EUR
ETF Muster 40/60 ausgew.;17.07.2018;0,0001185023;12,44;0,0414993080;4.183,71;0,001511230;EUR
ETF Muster 40/60 ausgew.;18.07.2018;0,0000312054;3,28;0,0415318084;4.186,99;0,001317514;EUR
ETF Muster 40/60 ausgew.;19.07.2018;-0,0001131132;-11,88;0,0414139975;4.175,11;-0,000078327;EUR
ETF Muster 40/60 ausgew.;20.07.2018;-0,0006236453;-65,48;0,0407645245;4.109,64;-0,002332584;EUR
ETF Muster 40/60 ausgew.;21.07.2018;0;0;0,0407645245;4.109,64;0;EUR
ETF Muster 40/60 ausgew.;22.07.2018;0;0;0,0407645245;4.109,64;0;EUR
ETF Muster 40/60 ausgew.;23.07.2018;-0,0004267816;-44,78;0,0403203453;4.064,86;-0,000649402;EUR
ETF Muster 40/60 ausgew.;24.07.2018;0,0005591258;58,64;0,0409020153;4.123,50;0,001550098;EUR
ETF Muster 40/60 ausgew.;25.07.2018;-0,0000713281;-7,49;0,0408277697;4.116,01;0,001684139;EUR
ETF Muster 40/60 ausgew.;26.07.2018;0,0003650241;38,30;0,0412076969;4.154,31;0,000155847;EUR
ETF Muster 40/60 ausgew.;27.07.2018;0,0001218986;12,80;0,0413346187;4.167,11;-0,000487652;EUR
ETF Muster 40/60 ausgew.;28.07.2018;0;0;0,0413346187;4.167,11;0;EUR
ETF Muster 40/60 ausgew.;29.07.2018;0;0;0,0413346187;4.167,11;0;EUR
ETF Muster 40/60 ausgew.;30.07.2018;-0,0009498657;-99,72;0,0403454906;4.067,39;-0,002859281;EUR
ETF Muster 40/60 ausgew.;31.07.2018;0,0003929961;41,22;0,0407543424;4.108,61;0,000901345;EUR
ETF Muster 40/60 ausgew.;01.08.2018;-0,0006818451;-71,54;0,0400447092;4.037,07;-0,000999961;EUR
ETF Muster 40/60 ausgew.;02.08.2018;0,0001576950;16,53;0,0402087190;4.053,60;0,001497558;EUR
ETF Muster 40/60 ausgew.;03.08.2018;0,0007026762;73,69;0,0409396489;4.127,29;0,002586119;EUR
ETF Muster 40/60 ausgew.;04.08.2018;0;0;0,0409396489;4.127,29;0;EUR
ETF Muster 40/60 ausgew.;05.08.2018;0;0;0,0409396489;4.127,29;0;EUR
ETF Muster 40/60 ausgew.;06.08.2018;0,0000809929;8,50;0,0410239576;4.135,79;0,001351883;EUR
ETF Muster 40/60 ausgew.;07.08.2018;-0,0001012103;-10,62;0,0409185953;4.125,17;-0,000201933;EUR
ETF Muster 40/60 ausgew.;08.08.2018;0,0000860355;9,03;0,0410081513;4.134,20;0,000067141;EUR
ETF Muster 40/60 ausgew.;09.08.2018;0,0004714705;49,48;0,0414989559;4.183,68;0,001227505;EUR
ETF Muster 40/60 ausgew.;10.08.2018;0,0008606472;90,37;0,0423953190;4.274,04;0,001568031;EUR
ETF Muster 40/60 ausgew.;11.08.2018;0;0;0,0423953190;4.274,04;0;EUR
ETF Muster 40/60 ausgew.;12.08.2018;0;0;0,0423953190;4.274,04;0;EUR
ETF Muster 40/60 ausgew.;13.08.2018;-0,0011548882;-121,36;0,0411914690;4.152,68;-0,000859482;EUR
ETF Muster 40/60 ausgew.;14.08.2018;0,0002875578;30,18;0,0414908717;4.182,86;0,001514698;EUR
ETF Muster 40/60 ausgew.;15.08.2018;-0,0027495951;-288,70;0,0386271934;3.894,16;-0,000052188;EUR
ETF Muster 40/60 ausgew.;16.08.2018;0,0016954926;177,53;0,0403881781;4.071,70;-0,000454181;EUR
ETF Muster 40/60 ausgew.;17.08.2018;0,0002187952;22,95;0,0406158101;4.094,64;0,000773508;EUR
ETF Muster 40/60 ausgew.;18.08.2018;0;0;0,0406158101;4.094,64;0;EUR
ETF Muster 40/60 ausgew.;19.08.2018;0;0;0,0406158101;4.094,64;0;EUR
ETF Muster 40/60 ausgew.;20.08.2018;-0,0000318372;-3,34;0,0405826798;4.091,30;0,000365821;EUR
ETF Muster 40/60 ausgew.;21.08.2018;-0,0003971771;-41,67;0,0401693842;4.049,64;-0,001813947;EUR
ETF Muster 40/60 ausgew.;22.08.2018;-0,0003300380;-34,61;0,0398260888;4.015,03;-0,001628791;EUR
ETF Muster 40/60 ausgew.;23.08.2018;-0,0002401290;-25,17;0,0395763964;3.989,86;-0,000271372;EUR
ETF Muster 40/60 ausgew.;24.08.2018;0,0010397704;108,97;0,0406573172;4.098,83;0,000192503;EUR
ETF Muster 40/60 ausgew.;25.08.2018;0;0;0,0406573172;4.098,83;0;EUR
ETF Muster 40/60 ausgew.;26.08.2018;0;0;0,0406573172;4.098,83;0;EUR
ETF Muster 40/60 ausgew.;27.08.2018;0,0013980838;146,68;0,0421122434;4.245,51;0,000195657;EUR
ETF Muster 40/60 ausgew.;28.08.2018;-0,0021448263;-225,33;0,0398770936;4.020,17;-0,000844514;EUR
ETF Muster 40/60 ausgew.;29.08.2018;-0,0003839395;-40,25;0,0394778437;3.979,92;0,000467332;EUR
ETF Muster 40/60 ausgew.;30.08.2018;0,0004128434;43,26;0,0399069853;4.023,18;0,001248262;EUR
ETF Muster 40/60 ausgew.;31.08.2018;0,0000578039;6,06;0,0399670960;4.029,24;0,000152098;EUR
ETF Muster 40/60 ausgew.;01.09.2018;0;0;0,0399670960;4.029,24;0;EUR
ETF Muster 40/60 ausgew.;02.09.2018;0;0;0,0399670960;4.029,24;0;EUR
ETF Muster 40/60 ausgew.;03.09.2018;-0,0002539886;-26,63;0,0397029562;4.002,62;-0,000171395;EUR
ETF Muster 40/60 ausgew.;04.09.2018;-0,0005340611;-55,98;0,0391476913;3.946,64;-0,000453547;EUR
ETF Muster 40/60 ausgew.;05.09.2018;-0,0004261284;-44,64;0,0387048810;3.902,00;-0,003215766;EUR
ETF Muster 40/60 ausgew.;06.09.2018;0,0005559511;58,22;0,0392823501;3.960,21;0,000213404;EUR
ETF Muster 40/60 ausgew.;07.09.2018;-0,0001474647;-15,45;0,0391290927;3.944,76;-0,000576043;EUR
ETF Muster 40/60 ausgew.;08.09.2018;0;0;0,0391290927;3.944,76;0;EUR
ETF Muster 40/60 ausgew.;09.09.2018;0;0;0,0391290927;3.944,76;0;EUR
ETF Muster 40/60 ausgew.;10.09.2018;-0,0002079730;-21,79;0,0389129820;3.922,98;-0,000265037;EUR
ETF Muster 40/60 ausgew.;11.09.2018;-0,0000064208;-0,67;0,0389063113;3.922,30;0,000186623;EUR
ETF Muster 40/60 ausgew.;12.09.2018;0,0004477767;46,90;0,0393715093;3.969,20;0,000408852;EUR
ETF Muster 40/60 ausgew.;13.09.2018;-0,0010040870;-105,21;0,0383278899;3.863,99;-0,000067700;EUR
ETF Muster 40/60 ausgew.;14.09.2018;-0,0003588623;-37,57;0,0379552732;3.826,42;0,000002019;EUR
ETF Muster 40/60 ausgew.;15.09.2018;0;0;0,0379552732;3.826,42;0;EUR
ETF Muster 40/60 ausgew.;16.09.2018;0;0;0,0379552732;3.826,42;0;EUR
ETF Muster 40/60 ausgew.;17.09.2018;0,0001606405;16,81;0,0381220109;3.843,23;-0,001190521;EUR
ETF Muster 40/60 ausgew.;18.09.2018;-0,0001916541;-20,06;0,0379230505;3.823,18;0,000420308;EUR
ETF Muster 40/60 ausgew.;19.09.2018;0,0003314069;34,68;0,0382670254;3.857,85;0,000925540;EUR
ETF Muster 40/60 ausgew.;20.09.2018;0,0000542600;5,68;0,0383233618;3.863,53;0,000525674;EUR
ETF Muster 40/60 ausgew.;21.09.2018;-0,0001614911;-16,90;0,0381556818;3.846,63;0,000871254;EUR
ETF Muster 40/60 ausgew.;22.09.2018;0;0;0,0381556818;3.846,63;0;EUR
ETF Muster 40/60 ausgew.;23.09.2018;0;0;0,0381556818;3.846,63;0;EUR
ETF Muster 40/60 ausgew.;24.09.2018;-0,0006461166;-67,62;0,0374849122;3.779,01;-0,002665279;EUR
ETF Muster 40/60 ausgew.;25.09.2018;0,0002263248;23,67;0,0377197207;3.802,68;-0,000830857;EUR
ETF Muster 40/60 ausgew.;26.09.2018;-0,0001029042;-10,77;0,0376129350;3.791,91;0,000666172;EUR
ETF Muster 40/60 ausgew.;27.09.2018;0,0001446571;15,13;0,0377630331;3.807,04;0,001092168;EUR
ETF Muster 40/60 ausgew.;28.09.2018;0,0009657183;101,03;0,0387652198;3.908,08;0,002117965;EUR
ETF Muster 40/60 ausgew.;29.09.2018;0;0;0,0387652198;3.908,08;0;EUR
ETF Muster 40/60 ausgew.;30.09.2018;0;0;0,0387652198;3.908,08;0;EUR
ETF Muster 40/60 ausgew.;01.10.2018;0,0000490489;5,14;0,0388161701;3.913,22;0,001115122;EUR
ETF Muster 40/60 ausgew.;02.10.2018;0,0009957149;104,28;0,0398505348;4.017,49;0,001487703;EUR
ETF Muster 40/60 ausgew.;03.10.2018;-0,0000006630;-0,07;0,0398498454;4.017,42;0,000304345;EUR
ETF Muster 40/60 ausgew.;04.10.2018;-0,0009818664;-102,93;0,0388288518;3.914,49;-0,004359390;EUR
ETF Muster 40/60 ausgew.;05.10.2018;-0,0002959843;-31,00;0,0385213748;3.883,50;-0,001888293;EUR
ETF Muster 40/60 ausgew.;06.10.2018;0;0;0,0385213748;3.883,50;0;EUR
ETF Muster 40/60 ausgew.;07.10.2018;0;0;0,0385213748;3.883,50;0;EUR
ETF Muster 40/60 ausgew.;08.10.2018;-0,0003149262;-32,97;0,0381943173;3.850,52;0,000741435;EUR
ETF Muster 40/60 ausgew.;09.10.2018;0,0002601023;27,22;0,0384643540;3.877,75;-0,000283379;EUR
ETF Muster 40/60 ausgew.;10.10.2018;-0,0009795753;-102,55;0,0374471000;3.775,19;-0,006145432;EUR
ETF Muster 40/60 ausgew.;11.10.2018;-0,0009140137;-95,60;0,0364988591;3.679,60;-0,003918651;EUR
ETF Muster 40/60 ausgew.;12.10.2018;0,0000863497;9,02;0,0365883605;3.688,62;0,002311408;EUR
ETF Muster 40/60 ausgew.;13.10.2018;0;0;0,0365883605;3.688,62;0;EUR
ETF Muster 40/60 ausgew.;14.10.2018;0;0;0,0365883605;3.688,62;0;EUR
ETF Muster 40/60 ausgew.;15.10.2018;0,0014132558;147,69;0,0380533250;3.836,31;-0,001070241;EUR
ETF Muster 40/60 ausgew.;16.10.2018;0,0017809303;186,38;0,0399020257;4.022,68;0,003802043;EUR
ETF Muster 40/60 ausgew.;17.10.2018;-0,0000466440;-4,89;0,0398535205;4.017,79;0,001650849;EUR
ETF Muster 40/60 ausgew.;18.10.2018;-0,0012254292;-128,46;0,0385792537;3.889,33;-0,001039149;EUR
ETF Muster 40/60 ausgew.;19.10.2018;-0,0006581927;-68,92;0,0378956684;3.820,42;-0,000745678;EUR
ETF Muster 40/60 ausgew.;20.10.2018;0;0;0,0378956684;3.820,42;0;EUR
ETF Muster 40/60 ausgew.;21.10.2018;0;0;0,0378956684;3.820,42;0;EUR
ETF Muster 40/60 ausgew.;22.10.2018;-0,0043561750;-455,81;0,0333744132;3.364,61;-0,000681817;EUR
ETF Muster 40/60 ausgew.;23.10.2018;-0,0031639056;-329,61;0,0301049142;3.035,00;-0,001027867;EUR
ETF Muster 40/60 ausgew.;24.10.2018;-0,0031591479;-328,07;0,0268506604;2.706,92;-0,002563154;EUR
ETF Muster 40/60 ausgew.;25.10.2018;0,0037055619;383,60;0,0306557191;3.090,53;0,001690435;EUR
ETF Muster 40/60 ausgew.;26.10.2018;-0,0025770974;-267,77;0,0279996189;2.822,75;-0,001005849;EUR
ETF Muster 40/60 ausgew.;27.10.2018;0;0;0,0279996189;2.822,75;0;EUR
ETF Muster 40/60 ausgew.;28.10.2018;0;0;0,0279996189;2.822,75;0;EUR
ETF Muster 40/60 ausgew.;29.10.2018;-0,0004339570;-44,97;0,0275535113;2.777,78;-0,002041544;EUR
ETF Muster 40/60 ausgew.;30.10.2018;0,0021297646;220,63;0,0297419584;2.998,41;0,002815883;EUR
ETF Muster 40/60 ausgew.;31.10.2018;0,0033992469;352,88;0,0332423056;3.351,29;0,002795303;EUR
ETF Muster 40/60 ausgew.;01.11.2018;0,0007155645;74,54;0,0339816571;3.425,83;0,000221181;EUR
ETF Muster 40/60 ausgew.;02.11.2018;0,0001887108;19,67;0,0341767805;3.445,50;-0,000516763;EUR
ETF Muster 40/60 ausgew.;03.11.2018;0;0;0,0341767805;3.445,50;0;EUR
ETF Muster 40/60 ausgew.;04.11.2018;0;0;0,0341767805;3.445,50;0;EUR
ETF Muster 40/60 ausgew.;05.11.2018;0,0004588389;47,84;0,0346513010;3.493,34;0,000189867;EUR
ETF Muster 40/60 ausgew.;06.11.2018;0,0006471564;67,50;0,0353208823;3.560,84;0,000655949;EUR
ETF Muster 40/60 ausgew.;07.11.2018;0,0040946236;427,38;0,0395601316;3.988,22;0,001987865;EUR
ETF Muster 40/60 ausgew.;08.11.2018;0,0002858198;29,95;0,0398572584;4.018,17;0,000436753;EUR
ETF Muster 40/60 ausgew.;09.11.2018;-0,0005772716;-60,52;0,0392569784;3.957,65;0,000619929;EUR
ETF Muster 40/60 ausgew.;10.11.2018;0;0;0,0392569784;3.957,65;0;EUR
ETF Muster 40/60 ausgew.;11.11.2018;0;0;0,0392569784;3.957,65;0;EUR
ETF Muster 40/60 ausgew.;12.11.2018;-0,0041977247;-439,80;0,0348944637;3.517,85;-0,001124581;EUR
ETF Muster 40/60 ausgew.;13.11.2018;-0,0004952813;-51,67;0,0343818998;3.466,18;-0,001376653;EUR
ETF Muster 40/60 ausgew.;14.11.2018;-0,0025652784;-267,51;0,0317284222;3.198,67;-0,001827788;EUR
ETF Muster 40/60 ausgew.;15.11.2018;0,0006129002;63,75;0,0323607688;3.262,42;0,001913862;EUR
ETF Muster 40/60 ausgew.;16.11.2018;-0,0013871496;-144,37;0,0309287299;3.118,05;-0,001571763;EUR
ETF Muster 40/60 ausgew.;17.11.2018;0;0;0,0309287299;3.118,05;0;EUR
ETF Muster 40/60 ausgew.;18.11.2018;0;0;0,0309287299;3.118,05;0;EUR
ETF Muster 40/60 ausgew.;19.11.2018;-0,0045537297;-473,28;0,0262341591;2.644,77;-0,003761465;EUR
ETF Muster 40/60 ausgew.;20.11.2018;-0,0043664542;-451,75;0,0217531546;2.193,02;-0,002644848;EUR
ETF Muster 40/60 ausgew.;21.11.2018;0,0018844247;194,11;0,0236785715;2.387,13;0,000670970;EUR
ETF Muster 40/60 ausgew.;22.11.2018;-0,0015093115;-155,76;0,0221335217;2.231,37;-0,000132251;EUR
ETF Muster 40/60 ausgew.;23.11.2018;0,0009536587;98,27;0,0231082883;2.329,64;0,001131770;EUR
ETF Muster 40/60 ausgew.;24.11.2018;0;0;0,0231082883;2.329,64;0;EUR
ETF Muster 40/60 ausgew.;25.11.2018;0;0;0,0231082883;2.329,64;0;EUR
ETF Muster 40/60 ausgew.;26.11.2018;0,0038021902;392,17;0,0269983406;2.721,81;0,002036909;EUR
ETF Muster 40/60 ausgew.;27.11.2018;0,0005434614;56,27;0,0275564746;2.778,08;0,001380613;EUR
ETF Muster 40/60 ausgew.;28.11.2018;0,0024055530;249,20;0,0300283161;3.027,28;0,002854128;EUR
ETF Muster 40/60 ausgew.;29.11.2018;-0,0000961477;-9,98;0,0299292812;3.017,29;-0,000709333;EUR
ETF Muster 40/60 ausgew.;30.11.2018;0,0014892456;154,63;0,0314630989;3.171,92;0,001861773;EUR
ETF Muster 40/60 ausgew.;01.12.2018;0;0;0,0314630989;3.171,92;0;EUR
ETF Muster 40/60 ausgew.;02.12.2018;0;0;0,0314630989;3.171,92;0;EUR
ETF Muster 40/60 ausgew.;03.12.2018;0,0037342366;388,31;0,0353148262;3.560,23;0,002087391;EUR
ETF Muster 40/60 ausgew.;04.12.2018;-0,0056919651;-594,09;0,0294218502;2.966,14;-0,004076424;EUR
ETF Muster 40/60 ausgew.;05.12.2018;-0,0021764272;-225,87;0,0271813886;2.740,27;-0,001208636;EUR
ETF Muster 40/60 ausgew.;06.12.2018;-0,0048782522;-505,16;0,0221705387;2.235,10;-0,001417943;EUR
ETF Muster 40/60 ausgew.;07.12.2018;-0,0039598806;-408,06;0,0181228655;1.827,04;-0,003557253;EUR
ETF Muster 40/60 ausgew.;08.12.2018;0;0;0,0181228655;1.827,04;0;EUR
ETF Muster 40/60 ausgew.;09.12.2018;0;0;0,0181228655;1.827,04;0;EUR
ETF Muster 40/60 ausgew.;10.12.2018;-0,0014774117;-151,64;0,0166186788;1.675,40;-0,001175151;EUR
ETF Muster 40/60 ausgew.;11.12.2018;0,0022613977;231,77;0,0189176580;1.907,17;0,001625318;EUR
ETF Muster 40/60 ausgew.;12.12.2018;0,0016323493;167,68;0,0205808875;2.074,84;0,000685963;EUR
ETF Muster 40/60 ausgew.;13.12.2018;0,0004958223;51,01;0,0210869142;2.125,86;0,000641311;EUR
ETF Muster 40/60 ausgew.;14.12.2018;-0,0021463759;-220,95;0,0188952779;1.904,91;-0,001630582;EUR
ETF Muster 40/60 ausgew.;15.12.2018;0;0;0,0188952779;1.904,91;0;EUR
ETF Muster 40/60 ausgew.;16.12.2018;0;0;0,0188952779;1.904,91;0;EUR
ETF Muster 40/60 ausgew.;17.12.2018;-0,0052893159;-543,31;0,0135060189;1.361,60;-0,003620136;EUR
ETF Muster 40/60 ausgew.;18.12.2018;0,0006640770;67,85;0,0141790649;1.429,45;-0,000917603;EUR
ETF Muster 40/60 ausgew.;19.12.2018;-0,0021471526;-219,53;0,0120014677;1.209,92;-0,002559568;EUR
ETF Muster 40/60 ausgew.;20.12.2018;-0,0054211829;-553,09;0,0065152227;656,83;-0,002888559;EUR
ETF Muster 40/60 ausgew.;21.12.2018;-0,0012519971;-127,04;0,0052550686;529,78;-0,003252925;EUR
ETF Muster 40/60 ausgew.;22.12.2018;0;0;0,0052550686;529,78;0;EUR
ETF Muster 40/60 ausgew.;23.12.2018;0;0;0,0052550686;529,78;0;EUR
ETF Muster 40/60 ausgew.;24.12.2018;-0,0004271127;-43,29;0,0048257113;486,50;-0,003479727;EUR
ETF Muster 40/60 ausgew.;25.12.2018;0,0002017531;20,44;0,0050284381;506,94;-0,000851077;EUR
ETF Muster 40/60 ausgew.;26.12.2018;0,0004587424;46,48;0,0054894872;553,42;0,006315630;EUR
ETF Muster 40/60 ausgew.;27.12.2018;0,0016204794;164,26;0,0071188622;717,68;0,002227596;EUR
ETF Muster 40/60 ausgew.;28.12.2018;0,0017496415;177,64;0,0088809592;895,33;-0,000118314;EUR
ETF Muster 40/60 ausgew.;29.12.2018;0;0;0,0088809592;895,33;0;EUR
ETF Muster 40/60 ausgew.;30.12.2018;0;0;0,0088809592;895,33;0;EUR
ETF Muster 40/60 ausgew.;31.12.2018;-0,0002320970;-23,61;0,0086468010;871,72;0,001473557;EUR
ETF Muster 40/60 ausgew.;01.01.2019;-0,0000711796;-7,24;0,0085750059;864,48;0,000002611;EUR
ETF Muster 40/60 ausgew.;02.01.2019;0,0045119334;458,77;0,0131256291;1.323,25;0,002860003;EUR
ETF Muster 40/60 ausgew.;03.01.2019;-0,0065536503;-669,37;0,0064859580;653,88;-0,003535399;EUR
ETF Muster 40/60 ausgew.;04.01.2019;0,0071331427;723,79;0,0136653661;1.377,66;0,003298920;EUR
ETF Muster 40/60 ausgew.;05.01.2019;0;0;0,0136653661;1.377,66;0;EUR
ETF Muster 40/60 ausgew.;06.01.2019;0;0;0,0136653661;1.377,66;0;EUR
ETF Muster 40/60 ausgew.;07.01.2019;-0,0010370911;-105,98;0,0126141027;1.271,68;0,000328127;EUR
ETF Muster 40/60 ausgew.;08.01.2019;0,0020384803;208,10;0,0146782966;1.479,78;0,001483060;EUR
ETF Muster 40/60 ausgew.;09.01.2019;0,0003846216;39,34;0,0150685638;1.519,12;0,001006520;EUR
ETF Muster 40/60 ausgew.;10.01.2019;0,0019118335;195,64;0,0170092059;1.714,77;0,000945834;EUR
ETF Muster 40/60 ausgew.;11.01.2019;0,0002683475;27,51;0,0172821178;1.742,28;0,001120909;EUR
ETF Muster 40/60 ausgew.;12.01.2019;0;0;0,0172821178;1.742,28;0;EUR
ETF Muster 40/60 ausgew.;13.01.2019;0;0;0,0172821178;1.742,28;0;EUR
ETF Muster 40/60 ausgew.;14.01.2019;-0,0007070316;-72,51;0,0165628672;1.669,77;-0,000280057;EUR
ETF Muster 40/60 ausgew.;15.01.2019;0,0028883673;296,01;0,0194990741;1.965,78;0,003145857;EUR
ETF Muster 40/60 ausgew.;16.01.2019;0,0020597092;211,70;0,0215989458;2.177,48;0,000700512;EUR
ETF Muster 40/60 ausgew.;17.01.2019;0,0006926065;71,33;0,0223065118;2.248,81;0,000750009;EUR
ETF Muster 40/60 ausgew.;18.01.2019;0,0056805854;585,46;0,0281138112;2.834,27;0,002677924;EUR
ETF Muster 40/60 ausgew.;19.01.2019;0;0;0,0281138112;2.834,27;0;EUR
ETF Muster 40/60 ausgew.;20.01.2019;0;0;0,0281138112;2.834,27;0;EUR
ETF Muster 40/60 ausgew.;21.01.2019;-0,0007256672;-75,21;0,0273677428;2.759,05;0,000288187;EUR
ETF Muster 40/60 ausgew.;22.01.2019;-0,0017533396;-181,60;0,0255664183;2.577,45;-0,001482115;EUR
ETF Muster 40/60 ausgew.;23.01.2019;0,0004889195;50,55;0,0260678377;2.628,00;-0,000115128;EUR
ETF Muster 40/60 ausgew.;24.01.2019;0,0022897653;236,86;0,0284172922;2.864,86;0,002080344;EUR
ETF Muster 40/60 ausgew.;25.01.2019;0,0019611685;203,33;0,0304341918;3.068,19;0,000844972;EUR
ETF Muster 40/60 ausgew.;26.01.2019;0;0;0,0304341918;3.068,19;0;EUR
ETF Muster 40/60 ausgew.;27.01.2019;0;0;0,0304341918;3.068,19;0;EUR
ETF Muster 40/60 ausgew.;28.01.2019;-0,0021579193;-224,17;0,0282105980;2.844,02;-0,002034259;EUR
ETF Muster 40/60 ausgew.;29.01.2019;0,0007192332;74,55;0,0289501211;2.918,58;0,000683989;EUR
ETF Muster 40/60 ausgew.;30.01.2019;0,0017480041;181,33;0,0307487302;3.099,90;0,002173491;EUR
ETF Muster 40/60 ausgew.;31.01.2019;0,0013897687;144,42;0,0321812325;3.244,32;0,002302976;EUR
ETF Muster 40/60 ausgew.;01.02.2019;0,0003231364;33,63;0,0325147679;3.277,95;0,000293912;EUR
ETF Muster 40/60 ausgew.;02.02.2019;0;0;0,0325147679;3.277,95;0;EUR
ETF Muster 40/60 ausgew.;03.02.2019;0;0;0,0325147679;3.277,95;0;EUR
ETF Muster 40/60 ausgew.;04.02.2019;0,0013425521;139,75;0,0339009728;3.417,69;0,001213616;EUR
ETF Muster 40/60 ausgew.;05.02.2019;0,0043980635;458,42;0,0384481349;3.876,11;0,002209273;EUR
ETF Muster 40/60 ausgew.;06.02.2019;-0,0000945548;-9,90;0,0383499447;3.866,21;0,000448449;EUR
ETF Muster 40/60 ausgew.;07.02.2019;-0,0038649856;-404,59;0,0343367371;3.461,63;-0,000055708;EUR
ETF Muster 40/60 ausgew.;08.02.2019;-0,0010360011;-108,03;0,0332651632;3.353,60;0,000352672;EUR
ETF Muster 40/60 ausgew.;09.02.2019;0;0;0,0332651632;3.353,60;0;EUR
ETF Muster 40/60 ausgew.;10.02.2019;0;0;0,0332651632;3.353,60;0;EUR
ETF Muster 40/60 ausgew.;11.02.2019;0,0011699612;121,87;0,0344740434;3.475,47;0,000437104;EUR
ETF Muster 40/60 ausgew.;12.02.2019;0,0025326519;264,13;0,0370940060;3.739,60;0,001462822;EUR
ETF Muster 40/60 ausgew.;13.02.2019;0,0024620748;257,42;0,0396474090;3.997,02;0,001250029;EUR
ETF Muster 40/60 ausgew.;14.02.2019;-0,0014143343;-148,24;0,0381770000;3.848,78;0,000446807;EUR
ETF Muster 40/60 ausgew.;15.02.2019;0,0051921054;543,42;0,0435673243;4.392,20;0,002064404;EUR
ETF Muster 40/60 ausgew.;16.02.2019;0;0;0,0435673243;4.392,20;0;EUR
ETF Muster 40/60 ausgew.;17.02.2019;0;0;0,0435673243;4.392,20;0;EUR
ETF Muster 40/60 ausgew.;18.02.2019;0,0000673257;7,08;0,0436375832;4.399,28;-0,000024901;EUR
ETF Muster 40/60 ausgew.;19.02.2019;0,0003855944;40,57;0,0440400041;4.439,85;0,000078781;EUR
ETF Muster 40/60 ausgew.;20.02.2019;0,0016970294;178,62;0,0458117706;4.618,47;0,000613345;EUR
ETF Muster 40/60 ausgew.;21.02.2019;-0,0005818227;-61,34;0,0452032936;4.557,13;-0,001399953;EUR
ETF Muster 40/60 ausgew.;22.02.2019;0,0013344992;140,62;0,0465981166;4.697,74;0,002014551;EUR
ETF Muster 40/60 ausgew.;23.02.2019;0;0;0,0465981166;4.697,74;0;EUR
ETF Muster 40/60 ausgew.;24.02.2019;0;0;0,0465981166;4.697,74;0;EUR
ETF Muster 40/60 ausgew.;25.02.2019;0,0004242148;44,76;0,0470420990;4.742,50;0,000157003;EUR
ETF Muster 40/60 ausgew.;26.02.2019;-0,0002243976;-23,69;0,0468071453;4.718,82;-0,000255814;EUR
ETF Muster 40/60 ausgew.;27.02.2019;-0,0009589115;-101,20;0,0458033498;4.617,62;-0,001137368;EUR
ETF Muster 40/60 ausgew.;28.02.2019;-0,0002810942;-29,64;0,0455093806;4.587,98;-0,001158241;EUR
ETF Muster 40/60 ausgew.;01.03.2019;0,0012089575;127,43;0,0467733571;4.715,41;0,000881199;EUR
ETF Muster 40/60 ausgew.;02.03.2019;0;0;0,0467733571;4.715,41;0;EUR
ETF Muster 40/60 ausgew.;03.03.2019;0;0;0,0467733571;4.715,41;0;EUR
ETF Muster 40/60 ausgew.;04.03.2019;-0,0009120039;-96,24;0,0458186956;4.619,17;0,001383619;EUR
ETF Muster 40/60 ausgew.;05.03.2019;0,0005995796;63,22;0,0464457472;4.682,38;-0,000132558;EUR
ETF Muster 40/60 ausgew.;06.03.2019;-0,0009861434;-104,03;0,0454138016;4.578,35;-0,000086304;EUR
ETF Muster 40/60 ausgew.;07.03.2019;0,0006057994;63,85;0,0460471127;4.642,20;0,001725935;EUR
ETF Muster 40/60 ausgew.;08.03.2019;-0,0015578519;-164,29;0,0444175262;4.477,91;-0,001576373;EUR
ETF Muster 40/60 ausgew.;09.03.2019;0;0;0,0444175262;4.477,91;0;EUR
ETF Muster 40/60 ausgew.;10.03.2019;0;0;0,0444175262;4.477,91;0;EUR
ETF Muster 40/60 ausgew.;11.03.2019;0,0022187248;233,61;0,0467348013;4.711,52;0,002918963;EUR
ETF Muster 40/60 ausgew.;12.03.2019;-0,0009374343;-98,92;0,0457535561;4.612,60;0,000264507;EUR
ETF Muster 40/60 ausgew.;13.03.2019;0,0015258142;160,86;0,0473491817;4.773,46;0,000664543;EUR
ETF Muster 40/60 ausgew.;14.03.2019;-0,0006195313;-65,41;0,0467003161;4.708,05;-0,000074884;EUR
ETF Muster 40/60 ausgew.;15.03.2019;0,0031858614;336,18;0,0500349582;5.044,23;0,000999346;EUR
ETF Muster 40/60 ausgew.;16.03.2019;0;0;0,0500349582;5.044,23;0;EUR
ETF Muster 40/60 ausgew.;17.03.2019;0;0;0,0500349582;5.044,23;0;EUR
ETF Muster 40/60 ausgew.;18.03.2019;0,0002271446;24,05;0,0502734680;5.068,27;0,001154348;EUR
ETF Muster 40/60 ausgew.;19.03.2019;0,0009627656;101,94;0,0512846352;5.170,21;-0,000349232;EUR
ETF Muster 40/60 ausgew.;20.03.2019;-0,0039591581;-419,61;0,0471224331;4.750,60;-0,000459941;EUR
ETF Muster 40/60 ausgew.;21.03.2019;0,0016706390;176,36;0,0488717967;4.926,96;0,002397037;EUR
ETF Muster 40/60 ausgew.;22.03.2019;-0,0027394619;-289,67;0,0459984524;4.637,29;-0,000266034;EUR
ETF Muster 40/60 ausgew.;23.03.2019;0;0;0,0459984524;4.637,29;0;EUR
ETF Muster 40/60 ausgew.;24.03.2019;0;0;0,0459984524;4.637,29;0;EUR
ETF Muster 40/60 ausgew.;25.03.2019;-0,0003721967;-39,25;0,0456091352;4.598,04;-0,001753170;EUR
ETF Muster 40/60 ausgew.;26.03.2019;0,0021834885;230,17;0,0478922107;4.828,21;0,002147095;EUR
ETF Muster 40/60 ausgew.;27.03.2019;0,0016372302;172,96;0,0496078514;5.001,17;0,002194055;EUR
ETF Muster 40/60 ausgew.;28.03.2019;0,0003688510;39,03;0,0499950003;5.040,20;-0,000102535;EUR
ETF Muster 40/60 ausgew.;29.03.2019;0,0027062003;286,46;0,0528364971;5.326,66;0,001548502;EUR
ETF Muster 40/60 ausgew.;30.03.2019;0;0;0,0528364971;5.326,66;0;EUR
ETF Muster 40/60 ausgew.;31.03.2019;0;0;0,0528364971;5.326,66;0;EUR
ETF Muster 40/60 ausgew.;01.04.2019;0,0036578514;388,25;0,0566876166;5.714,91;0,001677523;EUR
ETF Muster 40/60 ausgew.;02.04.2019;-0,0012801033;-136,37;0,0553349473;5.578,54;0,001512583;EUR
ETF Muster 40/60 ausgew.;03.04.2019;0,0021458916;228,31;0,0575995817;5.806,85;-0,000788791;EUR
ETF Muster 40/60 ausgew.;04.04.2019;0,0011819545;126,02;0,0588496162;5.932,87;0,000319762;EUR
ETF Muster 40/60 ausgew.;05.04.2019;0,0009548682;101,93;0,0598606781;6.034,80;0,000375366;EUR
ETF Muster 40/60 ausgew.;06.04.2019;0;0;0,0598606781;6.034,80;0;EUR
ETF Muster 40/60 ausgew.;07.04.2019;0;0;0,0598606781;6.034,80;0;EUR
ETF Muster 40/60 ausgew.;08.04.2019;-0,0014961259;-159,86;0,0582749930;5.874,94;-0,000299232;EUR
ETF Muster 40/60 ausgew.;09.04.2019;-0,0023374579;-249,38;0,0558013198;5.625,56;-0,000870862;EUR
ETF Muster 40/60 ausgew.;10.04.2019;0,0018055876;192,19;0,0577076615;5.817,74;0,001869155;EUR
ETF Muster 40/60 ausgew.;11.04.2019;-0,0002543624;-27,12;0,0574386205;5.790,62;-0,000876966;EUR
ETF Muster 40/60 ausgew.;12.04.2019;0,0012276644;130,87;0,0587368003;5.921,49;-0,001168838;EUR
ETF Muster 40/60 ausgew.;13.04.2019;0;0;0,0587368003;5.921,49;0;EUR
ETF Muster 40/60 ausgew.;14.04.2019;0;0;0,0587368003;5.921,49;0;EUR
ETF Muster 40/60 ausgew.;15.04.2019;0,0001299334;13,87;0,0588743656;5.935,36;0,000611934;EUR
ETF Muster 40/60 ausgew.;16.04.2019;0,0018395094;196,37;0,0608221750;6.131,73;0,000414236;EUR
ETF Muster 40/60 ausgew.;17.04.2019;0,0005427443;58,04;0,0613979301;6.189,77;-0,000687260;EUR
ETF Muster 40/60 ausgew.;18.04.2019;0,0036275387;388,16;0,0652481922;6.577,93;0,002537723;EUR
ETF Muster 40/60 ausgew.;19.04.2019;-0,0003021609;-32,45;0,0649263159;6.545,48;0,000014212;EUR
ETF Muster 40/60 ausgew.;20.04.2019;0;0;0,0649263159;6.545,48;0;EUR
ETF Muster 40/60 ausgew.;21.04.2019;0;0;0,0649263159;6.545,48;0;EUR
ETF Muster 40/60 ausgew.;22.04.2019;-0,0002376274;-25,51;0,0646732602;6.519,97;-0,000087996;EUR
ETF Muster 40/60 ausgew.;23.04.2019;0,0021964986;235,76;0,0670118135;6.755,73;0,001833130;EUR
ETF Muster 40/60 ausgew.;24.04.2019;0,0032471096;349,29;0,0704765178;7.105,02;0,001131018;EUR
ETF Muster 40/60 ausgew.;25.04.2019;-0,0002553053;-27,55;0,0702032195;7.077,47;0,000772155;EUR
ETF Muster 40/60 ausgew.;26.04.2019;0,0005146385;55,53;0,0707539873;7.133,00;0,000730050;EUR
ETF Muster 40/60 ausgew.;27.04.2019;0;0;0,0707539873;7.133,00;0;EUR
ETF Muster 40/60 ausgew.;28.04.2019;0;0;0,0707539873;7.133,00;0;EUR
ETF Muster 40/60 ausgew.;29.04.2019;-0,0009868438;-106,53;0,0696973204;7.026,47;-0,000161168;EUR
ETF Muster 40/60 ausgew.;30.04.2019;0,0000361813;3,90;0,0697360234;7.030,37;-0,000728621;EUR
ETF Muster 40/60 ausgew.;01.05.2019;0,0002819947;30,41;0,0700376833;7.060,78;-0,001386239;EUR
ETF Muster 40/60 ausgew.;02.05.2019;-0,0019032797;-205,32;0,0680011023;6.855,47;0,000349858;EUR
ETF Muster 40/60 ausgew.;03.05.2019;0,0022568454;242,99;0,0704114157;7.098,46;0,001542307;EUR
ETF Muster 40/60 ausgew.;04.05.2019;0;0;0,0704114157;7.098,46;0;EUR
ETF Muster 40/60 ausgew.;05.05.2019;0;0;0,0704114157;7.098,46;0;EUR
ETF Muster 40/60 ausgew.;06.05.2019;-0,0017536703;-189,24;0,0685342669;6.909,22;-0,000799206;EUR
ETF Muster 40/60 ausgew.;07.05.2019;-0,0064387450;-693,60;0,0616542473;6.215,61;-0,001771089;EUR
ETF Muster 40/60 ausgew.;08.05.2019;0,0002753810;29,47;0,0619466067;6.245,09;-0,000774718;EUR
ETF Muster 40/60 ausgew.;09.05.2019;-0,0042255550;-452,38;0,0574592929;5.792,70;-0,001798516;EUR
ETF Muster 40/60 ausgew.;10.05.2019;0,0013243284;141,18;0,0588597163;5.933,89;0,000372301;EUR
ETF Muster 40/60 ausgew.;11.05.2019;0;0;0,0588597163;5.933,89;0;EUR
ETF Muster 40/60 ausgew.;12.05.2019;0;0;0,0588597163;5.933,89;0;EUR
ETF Muster 40/60 ausgew.;13.05.2019;-0,0078525955;-838,25;0,0505449193;5.095,64;-0,003496640;EUR
ETF Muster 40/60 ausgew.;14.05.2019;0,0040409100;427,97;0,0547900767;5.523,61;0,001883299;EUR
ETF Muster 40/60 ausgew.;15.05.2019;0,0029506597;313,77;0,0579024033;5.837,38;0,001867752;EUR
ETF Muster 40/60 ausgew.;16.05.2019;0,0046462336;495,53;0,0628176650;6.332,90;0,002082836;EUR
ETF Muster 40/60 ausgew.;17.05.2019;-0,0016182523;-173,39;0,0610977578;6.159,51;-0,000332579;EUR
ETF Muster 40/60 ausgew.;18.05.2019;0;0;0,0610977578;6.159,51;0;EUR
ETF Muster 40/60 ausgew.;19.05.2019;0;0;0,0610977578;6.159,51;0;EUR
ETF Muster 40/60 ausgew.;20.05.2019;-0,0044928043;-480,61;0,0563304533;5.678,90;-0,001552244;EUR
ETF Muster 40/60 ausgew.;21.05.2019;0,0027664423;294,61;0,0592527305;5.973,51;0,000290153;EUR
ETF Muster 40/60 ausgew.;22.05.2019;-0,0002952563;-31,53;0,0589399795;5.941,98;0,000172085;EUR
ETF Muster 40/60 ausgew.;23.05.2019;-0,0058867832;-628,45;0,0527062294;5.313,53;-0,001895470;EUR
ETF Muster 40/60 ausgew.;24.05.2019;0,0007603011;80,69;0,0535066031;5.394,22;-0,000208994;EUR
ETF Muster 40/60 ausgew.;25.05.2019;0;0;0,0535066031;5.394,22;0;EUR
ETF Muster 40/60 ausgew.;26.05.2019;0;0;0,0535066031;5.394,22;0;EUR
ETF Muster 40/60 ausgew.;27.05.2019;0,0009913019;105,28;0,0545509462;5.499,50;0,001129055;EUR
ETF Muster 40/60 ausgew.;28.05.2019;-0,0014999325;-159,46;0,0529691909;5.340,04;-0,000600512;EUR
ETF Muster 40/60 ausgew.;29.05.2019;-0,0030239820;-321,01;0,0497850310;5.019,03;-0,001089454;EUR
ETF Muster 40/60 ausgew.;30.05.2019;0,0015690971;166,06;0,0514322456;5.185,09;0,000489026;EUR
ETF Muster 40/60 ausgew.;31.05.2019;-0,0051805683;-549,14;0,0459852291;4.635,96;-0,001626894;EUR
ETF Muster 40/60 ausgew.;01.06.2019;0;0;0,0459852291;4.635,96;0;EUR
ETF Muster 40/60 ausgew.;02.06.2019;0;0;0,0459852291;4.635,96;0;EUR
ETF Muster 40/60 ausgew.;03.06.2019;-0,0017143397;-180,78;0,0441920551;4.455,18;-0,001286954;EUR
ETF Muster 40/60 ausgew.;04.06.2019;0,0071334548;750,93;0,0516407520;5.206,11;0,002909297;EUR
ETF Muster 40/60 ausgew.;05.06.2019;0,0039296121;416,62;0,0557732922;5.622,73;0,002226596;EUR
ETF Muster 40/60 ausgew.;06.06.2019;0,0004131075;43,97;0,0562094400;5.666,70;0,000606896;EUR
ETF Muster 40/60 ausgew.;07.06.2019;0,0031281433;333,09;0,0595134145;5.999,79;0,001912613;EUR
ETF Muster 40/60 ausgew.;08.06.2019;0;0;0,0595134145;5.999,79;0;EUR
ETF Muster 40/60 ausgew.;09.06.2019;0;0;0,0595134145;5.999,79;0;EUR
ETF Muster 40/60 ausgew.;10.06.2019;0,0011372930;121,48;0,0607183917;6.121,27;0,001215251;EUR
ETF Muster 40/60 ausgew.;11.06.2019;0,0013446080;143,79;0,0621446422;6.265,05;0,000409007;EUR
ETF Muster 40/60 ausgew.;12.06.2019;0,0000530404;5,68;0,0622009787;6.270,73;-0,000488416;EUR
ETF Muster 40/60 ausgew.;13.06.2019;0,0010728676;114,89;0,0633405798;6.385,62;0,001116008;EUR
ETF Muster 40/60 ausgew.;14.06.2019;0,0005802809;62,21;0,0639576159;6.447,83;0,000662695;EUR
ETF Muster 40/60 ausgew.;15.06.2019;0;0;0,0639576159;6.447,83;0;EUR
ETF Muster 40/60 ausgew.;16.06.2019;0;0;0,0639576159;6.447,83;0;EUR
ETF Muster 40/60 ausgew.;17.06.2019;-0,0011113904;-119,21;0,0627751437;6.328,62;-0,000124907;EUR
ETF Muster 40/60 ausgew.;18.06.2019;0,0089926879;963,50;0,0723323489;7.292,12;0,005408820;EUR
ETF Muster 40/60 ausgew.;19.06.2019;-0,0006120372;-66,16;0,0716760416;7.225,95;-0,000442558;EUR
ETF Muster 40/60 ausgew.;20.06.2019;0,0039833630;430,36;0,0759449163;7.656,31;0,001906253;EUR
ETF Muster 40/60 ausgew.;21.06.2019;-0,0022418340;-243,17;0,0735328264;7.413,14;-0,001879770;EUR
ETF Muster 40/60 ausgew.;22.06.2019;0;0;0,0735328264;7.413,14;0;EUR
ETF Muster 40/60 ausgew.;23.06.2019;0;0;0,0735328264;7.413,14;0;EUR
ETF Muster 40/60 ausgew.;24.06.2019;-0,0008212701;-88,88;0,0726511661;7.324,26;-0,000452877;EUR
ETF Muster 40/60 ausgew.;25.06.2019;-0,0008104942;-87,65;0,0717817886;7.236,61;-0,000614242;EUR
ETF Muster 40/60 ausgew.;26.06.2019;-0,0002470092;-26,69;0,0715170486;7.209,92;-0,001026719;EUR
ETF Muster 40/60 ausgew.;27.06.2019;0,0006837983;73,87;0,0722497501;7.283,79;0,001109650;EUR
ETF Muster 40/60 ausgew.;28.06.2019;0,0023535136;254,41;0,0747733044;7.538,20;0,001164045;EUR
ETF Muster 40/60 ausgew.;29.06.2019;0;0;0,0747733044;7.538,20;0;EUR
ETF Muster 40/60 ausgew.;30.06.2019;0;0;0,0747733044;7.538,20;0;EUR
ETF Muster 40/60 ausgew.;01.07.2019;0,0050976656;552,34;0,0802521394;8.090,54;0,003529069;EUR
ETF Muster 40/60 ausgew.;02.07.2019;0,0011993646;130,62;0,0815477555;8.221,16;0,001377830;EUR
ETF Muster 40/60 ausgew.;03.07.2019;0,0038582710;420,69;0,0857206599;8.641,85;0,002204645;EUR
ETF Muster 40/60 ausgew.;04.07.2019;0,0000253498;2,77;0,0857481827;8.644,62;0,000485966;EUR
ETF Muster 40/60 ausgew.;05.07.2019;-0,0003889399;-42,57;0,0853258918;8.602,05;-0,000629480;EUR
ETF Muster 40/60 ausgew.;06.07.2019;0;0;0,0853258918;8.602,05;0;EUR
ETF Muster 40/60 ausgew.;07.07.2019;0;0;0,0853258918;8.602,05;0;EUR
ETF Muster 40/60 ausgew.;08.07.2019;-0,0012496830;-136,74;0,0839695785;8.465,31;-0,000535494;EUR
ETF Muster 40/60 ausgew.;09.07.2019;-0,0012593612;-137,62;0,0826044693;8.327,69;-0,000485102;EUR
ETF Muster 40/60 ausgew.;10.07.2019;-0,0008311013;-90,71;0,0817047153;8.236,98;-0,001049968;EUR
ETF Muster 40/60 ausgew.;11.07.2019;0,0010349337;112,86;0,0828242079;8.349,84;-0,000413660;EUR
ETF Muster 40/60 ausgew.;12.07.2019;0,0012328332;134,58;0,0841591496;8.484,42;0,000371841;EUR
ETF Muster 40/60 ausgew.;13.07.2019;0;0;0,0841591496;8.484,42;0;EUR
ETF Muster 40/60 ausgew.;14.07.2019;0;0;0,0841591496;8.484,42;0;EUR
ETF Muster 40/60 ausgew.;15.07.2019;0,0020036048;218,99;0,0863313761;8.703,42;0,000972890;EUR
ETF Muster 40/60 ausgew.;16.07.2019;0,0010133506;110,98;0,0874322107;8.814,40;0,000350567;EUR
ETF Muster 40/60 ausgew.;17.07.2019;-0,0013680562;-149,98;0,0859445423;8.664,42;-0,000066230;EUR
ETF Muster 40/60 ausgew.;18.07.2019;-0,0018263242;-199,94;0,0839612555;8.464,47;0,000624322;EUR
ETF Muster 40/60 ausgew.;19.07.2019;0,0011218358;122,59;0,0851772820;8.587,07;0,000022260;EUR
ETF Muster 40/60 ausgew.;20.07.2019;0;0;0,0851772820;8.587,07;0;EUR
ETF Muster 40/60 ausgew.;21.07.2019;0;0;0,0851772820;8.587,07;0;EUR
ETF Muster 40/60 ausgew.;22.07.2019;0,0020464883;223,89;0,0873980847;8.810,95;0,000987669;EUR
ETF Muster 40/60 ausgew.;23.07.2019;0,0050575528;554,43;0,0928976579;9.365,39;0,002818980;EUR
ETF Muster 40/60 ausgew.;24.07.2019;0,0015517890;170,98;0,0945936045;9.536,36;0,001628339;EUR
ETF Muster 40/60 ausgew.;25.07.2019;-0,0033454797;-369,18;0,0909316638;9.167,19;-0,001299896;EUR
ETF Muster 40/60 ausgew.;26.07.2019;0,0020411538;224,49;0,0931584231;9.391,68;0,001467227;EUR
ETF Muster 40/60 ausgew.;27.07.2019;0;0;0,0931584231;9.391,68;0;EUR
ETF Muster 40/60 ausgew.;28.07.2019;0;0;0,0931584231;9.391,68;0;EUR
ETF Muster 40/60 ausgew.;29.07.2019;-0,0000517832;-5,71;0,0931018159;9.385,97;0,000105677;EUR
ETF Muster 40/60 ausgew.;30.07.2019;-0,0035727075;-393,71;0,0891964829;8.992,26;-0,001045901;EUR
ETF Muster 40/60 ausgew.;31.07.2019;-0,0004783272;-52,52;0,0886754906;8.939,74;-0,000461043;EUR
ETF Muster 40/60 ausgew.;01.08.2019;-0,0012686258;-139,24;0,0872943688;8.800,50;0,000389388;EUR
ETF Muster 40/60 ausgew.;02.08.2019;-0,0032072503;-351,56;0,0838071436;8.448,94;-0,002711352;EUR
ETF Muster 40/60 ausgew.;03.08.2019;0;0;0,0838071436;8.448,94;0;EUR
ETF Muster 40/60 ausgew.;04.08.2019;0;0;0,0838071436;8.448,94;0;EUR
ETF Muster 40/60 ausgew.;05.08.2019;-0,0092071354;-1.006,00;0,0738283845;7.442,94;-0,006033900;EUR
ETF Muster 40/60 ausgew.;06.08.2019;0,0032281062;349,47;0,0772948166;7.792,40;0,001719623;EUR
ETF Muster 40/60 ausgew.;07.08.2019;0,0021209849;230,35;0,0795797426;8.022,76;0,001531420;EUR
ETF Muster 40/60 ausgew.;08.08.2019;0,0040553786;441,37;0,0839578472;8.464,13;0,002989822;EUR
ETF Muster 40/60 ausgew.;09.08.2019;-0,0013465733;-147,15;0,0824982185;8.316,98;-0,000707298;EUR
ETF Muster 40/60 ausgew.;10.08.2019;0;0;0,0824982185;8.316,98;0;EUR
ETF Muster 40/60 ausgew.;11.08.2019;0;0;0,0824982185;8.316,98;0;EUR
ETF Muster 40/60 ausgew.;12.08.2019;-0,0030803166;-336,16;0,0791637813;7.980,82;-0,001458177;EUR
ETF Muster 40/60 ausgew.;13.08.2019;0,0044897741;488,46;0,0840089829;8.469,29;0,002248751;EUR
ETF Muster 40/60 ausgew.;14.08.2019;-0,0050415057;-550,95;0,0785439454;7.918,33;-0,002937743;EUR
ETF Muster 40/60 ausgew.;15.08.2019;0,0013519390;147,00;0,0800020711;8.065,33;0,001467616;EUR
ETF Muster 40/60 ausgew.;16.08.2019;0,0030974428;337,25;0,0833473157;8.402,58;0,001993821;EUR
ETF Muster 40/60 ausgew.;17.08.2019;0;0;0,0833473157;8.402,58;0;EUR
ETF Muster 40/60 ausgew.;18.08.2019;0;0;0,0833473157;8.402,58;0;EUR
ETF Muster 40/60 ausgew.;19.08.2019;0,0023606984;257,83;0,0859047720;8.660,41;0,002075716;EUR
ETF Muster 40/60 ausgew.;20.08.2019;-0,0011687765;-127,95;0,0846355920;8.532,46;0,000105139;EUR
ETF Muster 40/60 ausgew.;21.08.2019;0,0022928473;250,71;0,0871224958;8.783,17;0,001034679;EUR
ETF Muster 40/60 ausgew.;22.08.2019;-0,0002695347;-29,54;0,0868294785;8.753,63;-0,001124838;EUR
ETF Muster 40/60 ausgew.;23.08.2019;-0,0058595421;-642,02;0,0804611555;8.111,61;-0,003066282;EUR
ETF Muster 40/60 ausgew.;24.08.2019;0;0;0,0804611555;8.111,61;0;EUR
ETF Muster 40/60 ausgew.;25.08.2019;0;0;0,0804611555;8.111,61;0;EUR
ETF Muster 40/60 ausgew.;26.08.2019;0,0027016525;294,28;0,0833801861;8.405,89;0,000846383;EUR
ETF Muster 40/60 ausgew.;27.08.2019;0,0008993089;98,22;0,0843544795;8.504,12;0,000674330;EUR
ETF Muster 40/60 ausgew.;28.08.2019;0,0016425358;179,56;0,0861355706;8.683,68;0,001524542;EUR
ETF Muster 40/60 ausgew.;29.08.2019;0,0035264069;386,13;0,0899657265;9.069,81;0,001990154;EUR
ETF Muster 40/60 ausgew.;30.08.2019;0,0016403535;180,25;0,0917536556;9.250,06;0,001816018;EUR
ETF Muster 40/60 ausgew.;31.08.2019;0;0;0,0917536556;9.250,06;0;EUR
ETF Muster 40/60 ausgew.;01.09.2019;0;0;0,0917536556;9.250,06;0;EUR
ETF Muster 40/60 ausgew.;02.09.2019;0,0003211467;35,35;0,0921042688;9.285,40;0,000395779;EUR
ETF Muster 40/60 ausgew.;03.09.2019;-0,0019704855;-216,95;0,0899522931;9.068,45;-0,000771492;EUR
ETF Muster 40/60 ausgew.;04.09.2019;0,0006510820;71,54;0,0906619415;9.140,00;-0,000292456;EUR
ETF Muster 40/60 ausgew.;05.09.2019;0,0020662499;227,19;0,0929155216;9.367,19;0,000341397;EUR
ETF Muster 40/60 ausgew.;06.09.2019;0,0007447638;82,06;0,0937294855;9.449,25;0,001241671;EUR
ETF Muster 40/60 ausgew.;07.09.2019;0;0;0,0937294855;9.449,25;0;EUR
ETF Muster 40/60 ausgew.;08.09.2019;0;0;0,0937294855;9.449,25;0;EUR
ETF Muster 40/60 ausgew.;09.09.2019;-0,0020128428;-221,94;0,0915279800;9.227,31;-0,001627036;EUR
ETF Muster 40/60 ausgew.;10.09.2019;-0,0004252481;-46,79;0,0910638097;9.180,51;-0,000261285;EUR
ETF Muster 40/60 ausgew.;11.09.2019;0,0025959917;285,54;0,0938962024;9.466,06;0,002255267;EUR
ETF Muster 40/60 ausgew.;12.09.2019;-0,0007382204;-81,41;0,0930886659;9.384,65;-0,000789438;EUR
ETF Muster 40/60 ausgew.;13.09.2019;-0,0017897191;-197,22;0,0911323442;9.187,42;-0,002673757;EUR
ETF Muster 40/60 ausgew.;14.09.2019;0;0;0,0911323442;9.187,42;0;EUR
ETF Muster 40/60 ausgew.;15.09.2019;0;0;0,0911323442;9.187,42;0;EUR
ETF Muster 40/60 ausgew.;16.09.2019;0,0011556375;127,12;0,0923932977;9.314,54;0,001396371;EUR
ETF Muster 40/60 ausgew.;17.09.2019;-0,0014057110;-154,81;0,0908577084;9.159,73;-0,000889626;EUR
ETF Muster 40/60 ausgew.;18.09.2019;0,0014704584;161,71;0,0924617693;9.321,45;0,000360593;EUR
ETF Muster 40/60 ausgew.;19.09.2019;-0,0012356518;-136,09;0,0911118669;9.185,36;0,000015297;EUR
ETF Muster 40/60 ausgew.;20.09.2019;-0,0007171736;-78,89;0,0903293503;9.106,47;0,000424360;EUR
ETF Muster 40/60 ausgew.;21.09.2019;0;0;0,0903293503;9.106,47;0;EUR
ETF Muster 40/60 ausgew.;22.09.2019;0;0;0,0903293503;9.106,47;0;EUR
ETF Muster 40/60 ausgew.;23.09.2019;0,0020315393;223,31;0,0925443972;9.329,78;0,001573737;EUR
ETF Muster 40/60 ausgew.;24.09.2019;-0,0016293924;-179,47;0,0907642137;9.150,31;-0,000785747;EUR
ETF Muster 40/60 ausgew.;25.09.2019;0,0027756482;305,22;0,0937917914;9.455,53;0,000357702;EUR
ETF Muster 40/60 ausgew.;26.09.2019;-0,0000474749;-5,24;0,0937398638;9.450,30;0,000228086;EUR
ETF Muster 40/60 ausgew.;27.09.2019;-0,0022554339;-248,69;0,0912730058;9.201,60;-0,000600375;EUR
ETF Muster 40/60 ausgew.;28.09.2019;0;0;0,0912730058;9.201,60;0;EUR
ETF Muster 40/60 ausgew.;29.09.2019;0;0;0,0912730058;9.201,60;0;EUR
ETF Muster 40/60 ausgew.;30.09.2019;0,0015116984;166,31;0,0929226814;9.367,91;0,001511694;EUR
ETF Muster 40/60 ausgew.;01.10.2019;-0,0026186998;-288,53;0,0900606450;9.079,38;-0,002171899;EUR
ETF Muster 40/60 ausgew.;02.10.2019;-0,0045910262;-504,52;0,0850561481;8.574,85;-0,004583384;EUR
ETF Muster 40/60 ausgew.;03.10.2019;0,0009863582;107,90;0,0861264021;8.682,75;0,000261054;EUR
ETF Muster 40/60 ausgew.;04.10.2019;0,0039180763;429,02;0,0903819283;9.111,77;0,003190370;EUR
ETF Muster 40/60 ausgew.;05.10.2019;0;0;0,0903819283;9.111,77;0;EUR
ETF Muster 40/60 ausgew.;06.10.2019;0;0;0,0903819283;9.111,77;0;EUR
ETF Muster 40/60 ausgew.;07.10.2019;-0,0009820281;-107,95;0,0893111426;9.003,82;-0,000745740;EUR
ETF Muster 40/60 ausgew.;08.10.2019;-0,0023929697;-262,79;0,0867044540;8.741,03;-0,001291518;EUR
ETF Muster 40/60 ausgew.;09.10.2019;0,0014097405;154,44;0,0882364253;8.895,47;-0,000210993;EUR
ETF Muster 40/60 ausgew.;10.10.2019;-0,0008436851;-92,56;0,0873182964;8.802,91;-0,001376971;EUR
ETF Muster 40/60 ausgew.;11.10.2019;0,0016742913;183,53;0,0891387840;8.986,44;0,001579723;EUR
ETF Muster 40/60 ausgew.;12.10.2019;0;0;0,0891387840;8.986,44;0;EUR
ETF Muster 40/60 ausgew.;13.10.2019;0;0;0,0891387840;8.986,44;0;EUR
ETF Muster 40/60 ausgew.;14.10.2019;0,0005617140;61,68;0,0897505684;9.048,12;0,000105895;EUR
ETF Muster 40/60 ausgew.;15.10.2019;0,0012692457;139,44;0,0911337296;9.187,56;0,000679111;EUR
ETF Muster 40/60 ausgew.;16.10.2019;-0,0015809427;-173,91;0,0894087097;9.013,65;-0,000792050;EUR
ETF Muster 40/60 ausgew.;17.10.2019;-0,0009527059;-104,63;0,0883708236;8.909,02;-0,000470675;EUR
ETF Muster 40/60 ausgew.;18.10.2019;-0,0033372968;-366,18;0,0847386071;8.542,84;-0,001296715;EUR
ETF Muster 40/60 ausgew.;19.10.2019;0;0;0,0847386071;8.542,84;0;EUR
ETF Muster 40/60 ausgew.;20.10.2019;0;0;0,0847386071;8.542,84;0;EUR
ETF Muster 40/60 ausgew.;21.10.2019;0,0013874891;151,73;0,0862436701;8.694,57;0,000361346;EUR
ETF Muster 40/60 ausgew.;22.10.2019;-0,0006413283;-70,23;0,0855470313;8.624,34;0,000549288;EUR
ETF Muster 40/60 ausgew.;23.10.2019;0,0007789643;85,25;0,0863926337;8.709,59;0,001107180;EUR
ETF Muster 40/60 ausgew.;24.10.2019;0,0022772649;249,41;0,0888666375;8.959,01;0,001303035;EUR
ETF Muster 40/60 ausgew.;25.10.2019;0,0021538417;236,43;0,0912118839;9.195,44;0,000233775;EUR
ETF Muster 40/60 ausgew.;26.10.2019;0;0;0,0912118839;9.195,44;0;EUR
ETF Muster 40/60 ausgew.;27.10.2019;0;0;0,0912118839;9.195,44;0;EUR
ETF Muster 40/60 ausgew.;28.10.2019;0,0002856626;31,43;0,0915236023;9.226,86;-0,000263953;EUR
ETF Muster 40/60 ausgew.;29.10.2019;-0,0011427146;-125,75;0,0902763023;9.101,12;0,000029321;EUR
ETF Muster 40/60 ausgew.;30.10.2019;0,0005074274;55,77;0,0908295384;9.156,89;0,000294917;EUR
ETF Muster 40/60 ausgew.;31.10.2019;0,0001977221;21,74;0,0910452195;9.178,64;0,000395480;EUR
ETF Muster 40/60 ausgew.;01.11.2019;0,0023179947;254,96;0,0935742565;9.433,60;0,001059717;EUR
ETF Muster 40/60 ausgew.;02.11.2019;0;0;0,0935742565;9.433,60;0;EUR
ETF Muster 40/60 ausgew.;03.11.2019;0;0;0,0935742565;9.433,60;0;EUR
ETF Muster 40/60 ausgew.;04.11.2019;-0,0024036946;-265,00;0,0909456379;9.168,60;0,000669451;EUR
ETF Muster 40/60 ausgew.;05.11.2019;0,0004219617;46,41;0,0914059752;9.215,01;0,000480984;EUR
ETF Muster 40/60 ausgew.;06.11.2019;0,0008134054;89,50;0,0922937308;9.304,50;0,000386565;EUR
ETF Muster 40/60 ausgew.;07.11.2019;0,0010479066;115,39;0,0934383526;9.419,90;-0,000959934;EUR
ETF Muster 40/60 ausgew.;08.11.2019;0,0012013368;132,43;0,0947519403;9.552,33;0,000754039;EUR
ETF Muster 40/60 ausgew.;09.11.2019;0;0;0,0947519403;9.552,33;0;EUR
ETF Muster 40/60 ausgew.;10.11.2019;0;0;0,0947519403;9.552,33;0;EUR
ETF Muster 40/60 ausgew.;11.11.2019;-0,0012640028;-139,50;0,0933681708;9.412,82;-0,000697250;EUR
ETF Muster 40/60 ausgew.;12.11.2019;0,0012054810;132,88;0,0946862054;9.545,70;0,000762674;EUR
ETF Muster 40/60 ausgew.;13.11.2019;0,0019952406;220,19;0,0968703677;9.765,89;0,001173765;EUR
ETF Muster 40/60 ausgew.;14.11.2019;-0,0000340766;-3,77;0,0968329900;9.762,13;0,000887754;EUR
ETF Muster 40/60 ausgew.;15.11.2019;0,0009624443;106,42;0,0978886307;9.868,55;0,000311829;EUR
ETF Muster 40/60 ausgew.;16.11.2019;0;0;0,0978886307;9.868,55;0;EUR
ETF Muster 40/60 ausgew.;17.11.2019;0;0;0,0978886307;9.868,55;0;EUR
ETF Muster 40/60 ausgew.;18.11.2019;0,0003562192;39,43;0,0982797197;9.907,98;-0,000297476;EUR
ETF Muster 40/60 ausgew.;19.11.2019;-0,0006630862;-73,42;0,0975514656;9.834,56;-0,000076317;EUR
ETF Muster 40/60 ausgew.;20.11.2019;-0,0011462113;-126,83;0,0962934396;9.707,73;-0,000543808;EUR
ETF Muster 40/60 ausgew.;21.11.2019;-0,0012445669;-137,55;0,0949290291;9.570,18;-0,001432312;EUR
ETF Muster 40/60 ausgew.;22.11.2019;0,0020605105;227,45;0,0971851418;9.797,63;0,001978439;EUR
ETF Muster 40/60 ausgew.;23.11.2019;0;0;0,0971851418;9.797,63;0;EUR
ETF Muster 40/60 ausgew.;24.11.2019;0;0;0,0971851418;9.797,63;0;EUR
ETF Muster 40/60 ausgew.;25.11.2019;0,0028621525;316,59;0,1003254530;10.114,22;0,001781928;EUR
ETF Muster 40/60 ausgew.;26.11.2019;0,0008638817;95,83;0,1012760040;10.210,04;0,001057326;EUR
ETF Muster 40/60 ausgew.;27.11.2019;0,0019928830;221,26;0,1034707182;10.431,30;0,000879950;EUR
ETF Muster 40/60 ausgew.;28.11.2019;-0,0002574649;-28,64;0,1031866132;10.402,66;-0,000322939;EUR
ETF Muster 40/60 ausgew.;29.11.2019;-0,0014127710;-157,12;0,1016280632;10.245,54;-0,001518491;EUR
ETF Muster 40/60 ausgew.;30.11.2019;0;0;0,1016280632;10.245,54;0;EUR
ETF Muster 40/60 ausgew.;01.12.2019;0;0;0,1016280632;10.245,54;0;EUR
ETF Muster 40/60 ausgew.;02.12.2019;-0,0066973220;-743,80;0,0942501053;9.501,73;-0,004003169;EUR
ETF Muster 40/60 ausgew.;03.12.2019;-0,0011889933;-131,16;0,0929490492;9.370,57;0,000645591;EUR
ETF Muster 40/60 ausgew.;04.12.2019;0,0020628850;227,30;0,0952036774;9.597,87;0,000565542;EUR
ETF Muster 40/60 ausgew.;05.12.2019;-0,0007720322;-85,24;0,0943581449;9.512,63;-0,000570695;EUR
ETF Muster 40/60 ausgew.;06.12.2019;0,0049476723;545,86;0,0997726704;10.058,49;0,002323242;EUR
ETF Muster 40/60 ausgew.;07.12.2019;0;0;0,0997726704;10.058,49;0;EUR
ETF Muster 40/60 ausgew.;08.12.2019;0;0;0,0997726704;10.058,49;0;EUR
ETF Muster 40/60 ausgew.;09.12.2019;-0,0014278215;-158,31;0,0982023914;9.900,18;0,000012806;EUR
ETF Muster 40/60 ausgew.;10.12.2019;-0,0013229435;-146,47;0,0967495316;9.753,71;-0,000695339;EUR
ETF Muster 40/60 ausgew.;11.12.2019;0,0001785171;19,74;0,0969453201;9.773,45;0,001094537;EUR
ETF Muster 40/60 ausgew.;12.12.2019;0,0012567053;138,98;0,0983238572;9.912,43;-0,000686121;EUR
ETF Muster 40/60 ausgew.;13.12.2019;0,0011160750;123,58;0,0995496689;10.036,01;0,001250206;EUR
ETF Muster 40/60 ausgew.;14.12.2019;0;0;0,0995496689;10.036,01;0;EUR
ETF Muster 40/60 ausgew.;15.12.2019;0;0;0,0995496689;10.036,01;0;EUR
ETF Muster 40/60 ausgew.;16.12.2019;0,0011415075;126,54;0,1008048131;10.162,54;0,001680817;EUR
ETF Muster 40/60 ausgew.;17.12.2019;-0,0000919215;-10,20;0,1007036254;10.152,34;-0,000161184;EUR
ETF Muster 40/60 ausgew.;18.12.2019;0,0004585107;50,88;0,1012083098;10.203,22;-0,000696359;EUR
ETF Muster 40/60 ausgew.;19.12.2019;0,0008723511;96,85;0,1021689501;10.300,07;0,000398227;EUR
ETF Muster 40/60 ausgew.;20.12.2019;0,0034854878;387,29;0,1060105465;10.687,35;0,001850794;EUR
ETF Muster 40/60 ausgew.;21.12.2019;0;0;0,1060105465;10.687,35;0;EUR
ETF Muster 40/60 ausgew.;22.12.2019;0;0;0,1060105465;10.687,35;0;EUR
ETF Muster 40/60 ausgew.;23.12.2019;0,0002579813;28,77;0,1062958765;10.716,12;-0,000152214;EUR
ETF Muster 40/60 ausgew.;24.12.2019;0,0000525742;5,86;0,1063540391;10.721,98;0,000069223;EUR
ETF Muster 40/60 ausgew.;25.12.2019;-0,0000854170;-9,53;0,1062595377;10.712,45;-0,000052747;EUR
ETF Muster 40/60 ausgew.;26.12.2019;-0,0001159932;-12,94;0,1061312191;10.699,52;0,000623127;EUR
ETF Muster 40/60 ausgew.;27.12.2019;-0,0000962119;-10,73;0,1060247961;10.688,79;-0,000561609;EUR
ETF Muster 40/60 ausgew.;28.12.2019;0;0;0,1060247961;10.688,79;0;EUR
ETF Muster 40/60 ausgew.;29.12.2019;0;0;0,1060247961;10.688,79;0;EUR
ETF Muster 40/60 ausgew.;30.12.2019;-0,0031065866;-346,39;0,1025888343;10.342,40;-0,003490437;EUR
ETF Muster 40/60 ausgew.;31.12.2019;0,0000325550;3,62;0,1026247290;10.346,01;0,000067442;EUR
ETF Muster 40/60 ausgew.;01.01.2020;-0,0000171920;-1,91;0,1026057727;10.344,10;0,000000570;EUR
ETF Muster 40/60 ausgew.;02.01.2020;0,0056745295;630,77;0,1088625418;10.974,87;0,003340358;EUR
ETF Muster 40/60 ausgew.;03.01.2020;-0,0002542476;-28,42;0,1085806162;10.946,45;0,000945260;EUR
ETF Muster 40/60 ausgew.;04.01.2020;0;0;0,1085806162;10.946,45;0;EUR
ETF Muster 40/60 ausgew.;05.01.2020;0;0;0,1085806162;10.946,45;0;EUR
ETF Muster 40/60 ausgew.;06.01.2020;-0,0000962570;-10,76;0,1084739075;10.935,69;-0,000145787;EUR
ETF Muster 40/60 ausgew.;07.01.2020;0,0015070680;168,41;0,1101444530;11.104,11;0,000527501;EUR
ETF Muster 40/60 ausgew.;08.01.2020;0,0025607365;286,59;0,1129872405;11.390,70;0,000075323;EUR
ETF Muster 40/60 ausgew.;09.01.2020;0,0014497774;162,67;0,1146008242;11.553,37;0,000258973;EUR
ETF Muster 40/60 ausgew.;10.01.2020;-0,0006264884;-70,40;0,1139025397;11.482,98;-0,000064845;EUR
ETF Muster 40/60 ausgew.;11.01.2020;0;0;0,1139025397;11.482,98;0;EUR
ETF Muster 40/60 ausgew.;12.01.2020;0;0;0,1139025397;11.482,98;0;EUR
ETF Muster 40/60 ausgew.;13.01.2020;0,0003254096;36,54;0,1142650143;11.519,52;-0,000375352;EUR
ETF Muster 40/60 ausgew.;14.01.2020;0,0001399897;15,73;0,1144209999;11.535,24;0,000585756;EUR
ETF Muster 40/60 ausgew.;15.01.2020;0,0011730282;131,79;0,1157282472;11.667,03;0,000528046;EUR
ETF Muster 40/60 ausgew.;16.01.2020;0,0040617781;456,87;0,1202600878;12.123,91;0,001810377;EUR
ETF Muster 40/60 ausgew.;17.01.2020;0,0032348048;365,33;0,1238839105;12.489,24;0,001554240;EUR
ETF Muster 40/60 ausgew.;18.01.2020;0;0;0,1238839105;12.489,24;0;EUR
ETF Muster 40/60 ausgew.;19.01.2020;0;0;0,1238839105;12.489,24;0;EUR
ETF Muster 40/60 ausgew.;20.01.2020;0,0004953160;56,12;0,1244405883;12.545,36;0,000390880;EUR
ETF Muster 40/60 ausgew.;21.01.2020;-0,0004484214;-50,83;0,1239363651;12.494,53;0,000090622;EUR
ETF Muster 40/60 ausgew.;22.01.2020;0,0007747893;87,79;0,1248071789;12.582,32;0,000752985;EUR
ETF Muster 40/60 ausgew.;23.01.2020;0,0021904329;248,39;0,1272709936;12.830,70;0,001369992;EUR
ETF Muster 40/60 ausgew.;24.01.2020;0,0008767932;99,64;0,1282593771;12.930,35;-0,000062797;EUR
ETF Muster 40/60 ausgew.;25.01.2020;0;0;0,1282593771;12.930,35;0;EUR
ETF Muster 40/60 ausgew.;26.01.2020;0;0;0,1282593771;12.930,35;0;EUR
ETF Muster 40/60 ausgew.;27.01.2020;-0,0048938792;-556,65;0,1227378120;12.373,70;-0,001655611;EUR
ETF Muster 40/60 ausgew.;28.01.2020;0,0024613020;278,59;0,1255012089;12.652,29;0,000781367;EUR
ETF Muster 40/60 ausgew.;29.01.2020;0,0010666223;121,03;0,1267016936;12.773,31;0,000731609;EUR
ETF Muster 40/60 ausgew.;30.01.2020;0,0005014763;56,96;0,1272667078;12.830,27;0,000016754;EUR
ETF Muster 40/60 ausgew.;31.01.2020;-0,0064088802;-728,33;0,1200421904;12.101,94;-0,002462045;EUR
ETF Muster 40/60 ausgew.;01.02.2020;0;0;0,1200421904;12.101,94;0;EUR
ETF Muster 40/60 ausgew.;02.02.2020;0;0;0,1200421904;12.101,94;0;EUR
ETF Muster 40/60 ausgew.;03.02.2020;0,0020901135;236,01;0,1223832057;12.337,95;0,000989405;EUR
ETF Muster 40/60 ausgew.;04.02.2020;0,0033314858;376,96;0,1261224095;12.714,91;0,002546044;EUR
ETF Muster 40/60 ausgew.;05.02.2020;0,0039989576;454,00;0,1306257252;13.168,91;0,001642126;EUR
ETF Muster 40/60 ausgew.;06.02.2020;0,0023093601;263,23;0,1332367471;13.432,14;0,001257996;EUR
ETF Muster 40/60 ausgew.;07.02.2020;-0,0001823306;-20,83;0,1330301233;13.411,31;-0,000162559;EUR
ETF Muster 40/60 ausgew.;08.02.2020;0;0;0,1330301233;13.411,31;0;EUR
ETF Muster 40/60 ausgew.;09.02.2020;0;0;0,1330301233;13.411,31;0;EUR
ETF Muster 40/60 ausgew.;10.02.2020;0,0040019579;457,13;0,1375644622;13.868,43;0,002020225;EUR
ETF Muster 40/60 ausgew.;11.02.2020;-0,0005464816;-62,67;0,1369428041;13.805,76;0,000441235;EUR
ETF Muster 40/60 ausgew.;12.02.2020;0,0030076156;344,73;0,1403622909;14.150,49;0,001232853;EUR
ETF Muster 40/60 ausgew.;13.02.2020;0,0017154472;197,22;0,1423185222;14.347,71;0,000821460;EUR
ETF Muster 40/60 ausgew.;14.02.2020;0,0014667784;168,92;0,1439940503;14.516,62;0,000669316;EUR
ETF Muster 40/60 ausgew.;15.02.2020;0;0;0,1439940503;14.516,62;0;EUR
ETF Muster 40/60 ausgew.;16.02.2020;0;0;0,1439940503;14.516,62;0;EUR
ETF Muster 40/60 ausgew.;17.02.2020;0,0004175860;48,16;0,1444717662;14.564,78;0,000294352;EUR
ETF Muster 40/60 ausgew.;18.02.2020;0,0013542706;156,25;0,1460216906;14.721,04;-0,000591264;EUR
ETF Muster 40/60 ausgew.;19.02.2020;0,0024401644;281,92;0,1488181720;15.002,96;0,001643011;EUR
ETF Muster 40/60 ausgew.;20.02.2020;-0,0011431722;-132,40;0,1475048749;14.870,56;-0,000735978;EUR
ETF Muster 40/60 ausgew.;21.02.2020;-0,0033469800;-387,19;0,1436641991;14.483,37;-0,002437891;EUR
ETF Muster 40/60 ausgew.;22.02.2020;0;0;0,1436641991;14.483,37;0;EUR
ETF Muster 40/60 ausgew.;23.02.2020;0;0;0,1436641991;14.483,37;0;EUR
ETF Muster 40/60 ausgew.;24.02.2020;-0,0062638362;-722,20;0,1365004739;13.761,17;-0,005273046;EUR
ETF Muster 40/60 ausgew.;25.02.2020;-0,0090579217;-1.037,81;0,1262061416;12.723,35;-0,004894566;EUR
ETF Muster 40/60 ausgew.;26.02.2020;-0,0019666982;-223,29;0,1239912340;12.500,06;-0,001629163;EUR
ETF Muster 40/60 ausgew.;27.02.2020;-0,0138274841;-1.566,85;0,1084492630;10.933,21;-0,008602106;EUR
ETF Muster 40/60 ausgew.;28.02.2020;-0,0130093211;-1.453,76;0,0940290907;9.479,45;-0,003166690;EUR
ETF Muster 40/60 ausgew.;29.02.2020;0;0;0,0940290907;9.479,45;0;EUR
ETF Muster 40/60 ausgew.;01.03.2020;0;0;0,0940290907;9.479,45;0;EUR
ETF Muster 40/60 ausgew.;02.03.2020;0,0066795299;736,71;0,1013366907;10.216,16;0,004559516;EUR
ETF Muster 40/60 ausgew.;03.03.2020;-0,0011013002;-122,28;0,1001237884;10.093,88;-0,003627298;EUR
ETF Muster 40/60 ausgew.;04.03.2020;0,0101599233;1.126,82;0,1113009616;11.220,70;0,007213136;EUR
ETF Muster 40/60 ausgew.;05.03.2020;-0,0058336187;-653,57;0,1048180556;10.567,13;-0,004455216;EUR
ETF Muster 40/60 ausgew.;06.03.2020;-0,0094836193;-1.056,30;0,0943403818;9.510,84;-0,006412912;EUR
ETF Muster 40/60 ausgew.;07.03.2020;0;0;0,0943403818;9.510,84;0;EUR
ETF Muster 40/60 ausgew.;08.03.2020;0;0;0,0943403818;9.510,84;0;EUR
ETF Muster 40/60 ausgew.;09.03.2020;-0,0242296686;-2.673,14;0,0678248771;6.837,70;-0,016427983;EUR
ETF Muster 40/60 ausgew.;10.03.2020;0,0090838860;977,90;0,0775248765;7.815,60;0,005694545;EUR
ETF Muster 40/60 ausgew.;11.03.2020;-0,0071899931;-781,05;0,0697774801;7.034,55;-0,007927081;EUR
ETF Muster 40/60 ausgew.;12.03.2020;-0,0313158511;-3.377,37;0,0362764878;3.657,18;-0,019789452;EUR
ETF Muster 40/60 ausgew.;13.03.2020;0,0078740754;822,61;0,0444362070;4.479,79;0,007927902;EUR
ETF Muster 40/60 ausgew.;14.03.2020;0;0;0,0444362070;4.479,79;0;EUR
ETF Muster 40/60 ausgew.;15.03.2020;0;0;0,0444362070;4.479,79;0;EUR
ETF Muster 40/60 ausgew.;16.03.2020;-0,0272399041;-2.868,19;0,0159858648;1.611,60;-0,026105683;EUR
ETF Muster 40/60 ausgew.;17.03.2020;0,0122860771;1.258,41;0,0284683455;2.870,01;0,008004923;EUR
ETF Muster 40/60 ausgew.;18.03.2020;-0,0177106838;-1.836,32;0,0102534678;1.033,69;-0,017471801;EUR
ETF Muster 40/60 ausgew.;19.03.2020;0,0026053949;265,35;0,0128855771;1.299,05;0,000674630;EUR
ETF Muster 40/60 ausgew.;20.03.2020;-0,0028792029;-294,00;0,0099692740;1.005,04;-0,000773919;EUR
ETF Muster 40/60 ausgew.;21.03.2020;0;0;0,0099692740;1.005,04;0;EUR
ETF Muster 40/60 ausgew.;22.03.2020;0;0;0,0099692740;1.005,04;0;EUR
ETF Muster 40/60 ausgew.;23.03.2020;-0,0079633231;-810,82;0,0019265624;194,22;-0,007333428;EUR
ETF Muster 40/60 ausgew.;24.03.2020;0,0271942719;2.746,22;0,0291670437;2.940,45;0,014816592;EUR
ETF Muster 40/60 ausgew.;25.03.2020;-0,0016847562;-174,76;0,0274335367;2.765,68;0,003520610;EUR
ETF Muster 40/60 ausgew.;26.03.2020;0,0082701415;856,43;0,0359286862;3.622,11;0,009399640;EUR
ETF Muster 40/60 ausgew.;27.03.2020;-0,0062697037;-654,64;0,0294351491;2.967,47;-0,002346914;EUR
ETF Muster 40/60 ausgew.;28.03.2020;0;0;0,0294351491;2.967,47;0;EUR
ETF Muster 40/60 ausgew.;29.03.2020;0;0;0,0294351491;2.967,47;0;EUR
ETF Muster 40/60 ausgew.;30.03.2020;0,0079806361;827,99;0,0376482125;3.795,46;0,007284433;EUR
ETF Muster 40/60 ausgew.;31.03.2020;-0,0016288963;-170,35;0,0359585098;3.625,12;-0,001854867;EUR
ETF Muster 40/60 ausgew.;01.04.2020;-0,0074872083;-781,72;0,0282044163;2.843,40;-0,007188188;EUR
ETF Muster 40/60 ausgew.;02.04.2020;0,0049742576;515,46;0,0333174286;3.358,86;0,002535609;EUR
ETF Muster 40/60 ausgew.;03.04.2020;0,0013147507;136,92;0,0346755835;3.495,78;-0,001560463;EUR
ETF Muster 40/60 ausgew.;04.04.2020;0;0;0,0346755835;3.495,78;0;EUR
ETF Muster 40/60 ausgew.;05.04.2020;0;0;0,0346755835;3.495,78;0;EUR
ETF Muster 40/60 ausgew.;06.04.2020;0,0122649091;1.278,96;0,0473619820;4.774,74;0,012246543;EUR
ETF Muster 40/60 ausgew.;07.04.2020;0,0026477390;279,49;0,0501343138;5.054,23;-0,001560932;EUR
ETF Muster 40/60 ausgew.;08.04.2020;0,0044503725;471,01;0,0548064353;5.525,24;0,005925037;EUR
ETF Muster 40/60 ausgew.;09.04.2020;0,0093952606;998,79;0,0647137184;6.524,03;0,005082153;EUR
ETF Muster 40/60 ausgew.;10.04.2020;-0,0000359252;-3,86;0,0646754971;6.520,18;0,000130259;EUR
ETF Muster 40/60 ausgew.;11.04.2020;0;0;0,0646754971;6.520,18;0;EUR
ETF Muster 40/60 ausgew.;12.04.2020;0;0;0,0646754971;6.520,18;0;EUR
ETF Muster 40/60 ausgew.;13.04.2020;0,0002101972;22,55;0,0648992414;6.542,73;-0,000847322;EUR
ETF Muster 40/60 ausgew.;14.04.2020;0,0106066418;1.138,36;0,0761909839;7.681,09;0,007001147;EUR
ETF Muster 40/60 ausgew.;15.04.2020;-0,0033925131;-367,96;0,0725410607;7.313,13;-0,001519429;EUR
ETF Muster 40/60 ausgew.;16.04.2020;0,0029643351;320,43;0,0757195363;7.633,56;0,000824856;EUR
ETF Muster 40/60 ausgew.;17.04.2020;0,0001263701;13,70;0,0758554566;7.647,26;0,004978949;EUR
ETF Muster 40/60 ausgew.;18.04.2020;0;0;0,0758554566;7.647,26;0;EUR
ETF Muster 40/60 ausgew.;19.04.2020;0;0;0,0758554566;7.647,26;0;EUR
ETF Muster 40/60 ausgew.;20.04.2020;-0,0010708510;-116,11;0,0747037261;7.531,15;-0,003267116;EUR
ETF Muster 40/60 ausgew.;21.04.2020;-0,0087647783;-949,34;0,0652869049;6.581,80;-0,005571440;EUR
ETF Muster 40/60 ausgew.;22.04.2020;0,0083203607;893,31;0,0741479342;7.475,11;0,003110724;EUR
ETF Muster 40/60 ausgew.;23.04.2020;0,0034266043;370,96;0,0778275808;7.846,07;0,001592758;EUR
ETF Muster 40/60 ausgew.;24.04.2020;0,0003623769;39,36;0,0782180701;7.885,43;0,003200259;EUR
ETF Muster 40/60 ausgew.;25.04.2020;0;0;0,0782180701;7.885,43;0;EUR
ETF Muster 40/60 ausgew.;26.04.2020;0;0;0,0782180701;7.885,43;0;EUR
ETF Muster 40/60 ausgew.;27.04.2020;0,0023481127;255,16;0,0807491481;8.140,60;0,003234443;EUR
ETF Muster 40/60 ausgew.;28.04.2020;-0,0001247655;-13,59;0,0806143677;8.127,01;0,001213245;EUR
ETF Muster 40/60 ausgew.;29.04.2020;0,0055469383;603,91;0,0866048206;8.730,92;0,004902953;EUR
ETF Muster 40/60 ausgew.;30.04.2020;-0,0034819104;-381,19;0,0828237274;8.349,73;-0,001099667;EUR
ETF Muster 40/60 ausgew.;01.05.2020;-0,0026051164;-284,21;0,0800046257;8.065,52;-0,005648561;EUR
ETF Muster 40/60 ausgew.;02.05.2020;0;0;0,0800046257;8.065,52;0;EUR
ETF Muster 40/60 ausgew.;03.05.2020;0;0;0,0800046257;8.065,52;0;EUR
ETF Muster 40/60 ausgew.;04.05.2020;-0,0024129530;-262,56;0,0774002745;7.802,96;0,000055337;EUR
ETF Muster 40/60 ausgew.;05.05.2020;0,0060649680;658,35;0,0839306911;8.461,31;0,004394075;EUR
ETF Muster 40/60 ausgew.;06.05.2020;-0,0015217345;-166,18;0,0822822939;8.295,13;-0,002264670;EUR
ETF Muster 40/60 ausgew.;07.05.2020;0,0023484184;256,07;0,0848224364;8.551,20;0,002913387;EUR
ETF Muster 40/60 ausgew.;08.05.2020;0,0007608507;83,16;0,0856473691;8.634,36;0,001925763;EUR
ETF Muster 40/60 ausgew.;09.05.2020;0;0;0,0856473691;8.634,36;0;EUR
ETF Muster 40/60 ausgew.;10.05.2020;0;0;0,0856473691;8.634,36;0;EUR
ETF Muster 40/60 ausgew.;11.05.2020;0,0009273076;101,43;0,0866535336;8.735,79;0,000185047;EUR
ETF Muster 40/60 ausgew.;12.05.2020;-0,0021099952;-231,01;0,0843621438;8.504,78;-0,004240356;EUR
ETF Muster 40/60 ausgew.;13.05.2020;-0,0030658493;-334,95;0,0810397255;8.169,84;-0,002617212;EUR
ETF Muster 40/60 ausgew.;14.05.2020;0,0014380116;156,62;0,0825933704;8.326,46;-0,000051917;EUR
ETF Muster 40/60 ausgew.;15.05.2020;0,0020414502;222,67;0,0848021319;8.549,12;0,000814179;EUR
ETF Muster 40/60 ausgew.;16.05.2020;0;0;0,0848021319;8.549,12;0;EUR
ETF Muster 40/60 ausgew.;17.05.2020;0;0;0,0848021319;8.549,12;0;EUR
ETF Muster 40/60 ausgew.;18.05.2020;0,0026937586;294,42;0,0877226006;8.843,54;0,004319491;EUR
ETF Muster 40/60 ausgew.;19.05.2020;-0,0009482227;-103,92;0,0866918710;8.739,62;-0,002793725;EUR
ETF Muster 40/60 ausgew.;20.05.2020;0,0022137924;242,38;0,0890961743;8.982,00;0,002754610;EUR
ETF Muster 40/60 ausgew.;21.05.2020;-0,0019921285;-218,59;0,0869279138;8.763,41;0,000722910;EUR
ETF Muster 40/60 ausgew.;22.05.2020;0,0023650269;258,99;0,0894970240;9.022,40;0,000646928;EUR
ETF Muster 40/60 ausgew.;23.05.2020;0;0;0,0894970240;9.022,40;0;EUR
ETF Muster 40/60 ausgew.;24.05.2020;0;0;0,0894970240;9.022,40;0;EUR
ETF Muster 40/60 ausgew.;25.05.2020;0,0023560275;258,62;0,0920624138;9.281,02;0,000988769;EUR
ETF Muster 40/60 ausgew.;26.05.2020;-0,0026640947;-293,12;0,0891548536;8.987,90;0,000666836;EUR
ETF Muster 40/60 ausgew.;27.05.2020;-0,0000187844;-2,06;0,0891344566;8.985,84;0,003003982;EUR
ETF Muster 40/60 ausgew.;28.05.2020;0,0017650504;193,68;0,0910557290;9.179,52;0,000229615;EUR
ETF Muster 40/60 ausgew.;29.05.2020;0,0000444006;4,88;0,0911041942;9.184,40;-0,000452959;EUR
ETF Muster 40/60 ausgew.;30.05.2020;0;0;0,0911041942;9.184,40;0;EUR
ETF Muster 40/60 ausgew.;31.05.2020;0;0;0,0911041942;9.184,40;0;EUR
ETF Muster 40/60 ausgew.;01.06.2020;-0,0003210704;-35,30;0,0907541333;9.149,11;0,001248474;EUR
ETF Muster 40/60 ausgew.;02.06.2020;0,0020606912;226,46;0,0930005465;9.375,57;0,001207132;EUR
ETF Muster 40/60 ausgew.;03.06.2020;-0,0007797596;-85,87;0,0921488287;9.289,70;0,002180259;EUR
ETF Muster 40/60 ausgew.;04.06.2020;-0,0021503645;-236,62;0,0898017625;9.053,08;-0,001977276;EUR
ETF Muster 40/60 ausgew.;05.06.2020;0,0046406190;509,54;0,0948561464;9.562,62;0,005639722;EUR
ETF Muster 40/60 ausgew.;06.06.2020;0;0;0,0948561464;9.562,62;0;EUR
ETF Muster 40/60 ausgew.;07.06.2020;0;0;0,0948561464;9.562,62;0;EUR
ETF Muster 40/60 ausgew.;08.06.2020;0,0025282142;278,88;0,0976225854;9.841,50;0,004008007;EUR
ETF Muster 40/60 ausgew.;09.06.2020;-0,0003211190;-35,51;0,0972703803;9.805,99;-0,002806107;EUR
ETF Muster 40/60 ausgew.;10.06.2020;0,0001609600;17,79;0,0974469459;9.823,78;-0,000884447;EUR
ETF Muster 40/60 ausgew.;11.06.2020;-0,0065423650;-723,39;0,0902713447;9.100,39;-0,009109255;EUR
ETF Muster 40/60 ausgew.;12.06.2020;0,0022128429;243,07;0,0926825592;9.343,47;0,003934790;EUR
ETF Muster 40/60 ausgew.;13.06.2020;0;0;0,0926825592;9.343,47;0;EUR
ETF Muster 40/60 ausgew.;14.06.2020;0;0;0,0926825592;9.343,47;0;EUR
ETF Muster 40/60 ausgew.;15.06.2020;-0,0017859954;-196,62;0,0907322404;9.146,85;-0,000122578;EUR
ETF Muster 40/60 ausgew.;16.06.2020;0,0077843756;855,45;0,0992179227;10.002,30;0,006116052;EUR
ETF Muster 40/60 ausgew.;17.06.2020;0,0004321646;47,86;0,0996927405;10.050,16;0,000148790;EUR
ETF Muster 40/60 ausgew.;18.06.2020;-0,0003258767;-36,11;0,0993346410;10.014,05;-0,000574431;EUR
ETF Muster 40/60 ausgew.;19.06.2020;0,0026459176;293,06;0,1022417362;10.307,11;0,000273199;EUR
ETF Muster 40/60 ausgew.;20.06.2020;0;0;0,1022417362;10.307,11;0;EUR
ETF Muster 40/60 ausgew.;21.06.2020;0;0;0,1022417362;10.307,11;0;EUR
ETF Muster 40/60 ausgew.;22.06.2020;0,0012856492;142,78;0,1036580588;10.449,89;0,000271269;EUR
ETF Muster 40/60 ausgew.;23.06.2020;0,0011317010;125,83;0,1049062726;10.575,72;-0,000619710;EUR
ETF Muster 40/60 ausgew.;24.06.2020;-0,0041521482;-462,18;0,1003217711;10.113,54;-0,003636103;EUR
ETF Muster 40/60 ausgew.;25.06.2020;0,0034422451;381,56;0,1041067899;10.495,11;0,003127182;EUR
ETF Muster 40/60 ausgew.;26.06.2020;-0,0018774002;-208,82;0,1020354352;10.286,28;-0,003002204;EUR
ETF Muster 40/60 ausgew.;27.06.2020;0;0;0,1020354352;10.286,28;0;EUR
ETF Muster 40/60 ausgew.;28.06.2020;0;0;0,1020354352;10.286,28;0;EUR
ETF Muster 40/60 ausgew.;29.06.2020;0,0013908714;154,41;0,1035671492;10.440,69;0,000849990;EUR
ETF Muster 40/60 ausgew.;30.06.2020;0,0031974238;355,45;0,1070931603;10.796,14;0,002597046;EUR
ETF Muster 40/60 ausgew.;01.07.2020;-0,0016097932;-179,53;0,1053123669;10.616,61;-0,001489071;EUR
ETF Muster 40/60 ausgew.;02.07.2020;0,0054304863;604,65;0,1113103599;11.221,27;0,003664684;EUR
ETF Muster 40/60 ausgew.;03.07.2020;-0,0006477854;-72,52;0,1105910775;11.148,75;-0,000125417;EUR
ETF Muster 40/60 ausgew.;04.07.2020;0;0;0,1105910775;11.148,75;0;EUR
ETF Muster 40/60 ausgew.;05.07.2020;0;0;0,1105910775;11.148,75;0;EUR
ETF Muster 40/60 ausgew.;06.07.2020;0,0027920369;312,36;0,1136896736;11.461,11;0,002307279;EUR
ETF Muster 40/60 ausgew.;07.07.2020;0,0000232295;2,61;0,1137156027;11.463,72;-0,001560322;EUR
ETF Muster 40/60 ausgew.;08.07.2020;0,0021584799;242,16;0,1161178449;11.705,88;0,000438667;EUR
ETF Muster 40/60 ausgew.;09.07.2020;0,0007165903;80,57;0,1169171368;11.786,45;0,000260511;EUR
ETF Muster 40/60 ausgew.;10.07.2020;-0,0000146596;-1,65;0,1169008546;11.784,80;0,001461992;EUR
ETF Muster 40/60 ausgew.;11.07.2020;0;0;0,1169008546;11.784,80;0;EUR
ETF Muster 40/60 ausgew.;12.07.2020;0;0;0,1169008546;11.784,80;0;EUR
ETF Muster 40/60 ausgew.;13.07.2020;-0,0010655921;-119,89;0,1157116439;11.664,91;-0,002903269;EUR
ETF Muster 40/60 ausgew.;14.07.2020;-0,0013141608;-147,70;0,1142465707;11.517,21;0,001871192;EUR
ETF Muster 40/60 ausgew.;15.07.2020;0,0024137555;270,93;0,1169341979;11.788,14;0,002621034;EUR
ETF Muster 40/60 ausgew.;16.07.2020;-0,0006971388;-78,44;0,1161561869;11.709,70;-0,000129292;EUR
ETF Muster 40/60 ausgew.;17.07.2020;0,0019184586;215,71;0,1182960024;11.925,41;0,000243846;EUR
ETF Muster 40/60 ausgew.;18.07.2020;0;0;0,1182960024;11.925,41;0;EUR
ETF Muster 40/60 ausgew.;19.07.2020;0;0;0,1182960024;11.925,41;0;EUR
ETF Muster 40/60 ausgew.;20.07.2020;0,0057961676;652,96;0,1247731967;12.578,36;0,001876173;EUR
ETF Muster 40/60 ausgew.;21.07.2020;0,0003423454;38,79;0,1251580632;12.617,15;0,000564137;EUR
ETF Muster 40/60 ausgew.;22.07.2020;0,0002956548;33,51;0,1254905654;12.650,66;-0,000089388;EUR
ETF Muster 40/60 ausgew.;23.07.2020;-0,0006239837;-70,75;0,1247888682;12.579,92;-0,001967904;EUR
ETF Muster 40/60 ausgew.;24.07.2020;-0,0056994388;-645,79;0,1183829085;11.934,13;-0,003037497;EUR
ETF Muster 40/60 ausgew.;25.07.2020;0;0;0,1183829085;11.934,13;0;EUR
ETF Muster 40/60 ausgew.;26.07.2020;0;0;0,1183829085;11.934,13;0;EUR
ETF Muster 40/60 ausgew.;27.07.2020;0,0026972700;303,88;0,1213973825;12.238,01;0,000427155;EUR
ETF Muster 40/60 ausgew.;28.07.2020;0,0017736827;200,37;0,1233850304;12.438,37;0,000534701;EUR
ETF Muster 40/60 ausgew.;29.07.2020;0,0005801614;65,65;0,1240363878;12.504,03;0,000544522;EUR
ETF Muster 40/60 ausgew.;30.07.2020;-0,0025282582;-286,28;0,1211966597;12.217,75;-0,000708578;EUR
ETF Muster 40/60 ausgew.;31.07.2020;0,0030662826;346,32;0,1246321693;12.564,07;-0,000726546;EUR
ETF Muster 40/60 ausgew.;01.08.2020;0;0;0,1246321693;12.564,07;0;EUR
ETF Muster 40/60 ausgew.;02.08.2020;0;0;0,1246321693;12.564,07;0;EUR
ETF Muster 40/60 ausgew.;03.08.2020;0,0069291529;785,02;0,1324194080;13.349,09;0,002744705;EUR
ETF Muster 40/60 ausgew.;04.08.2020;0,0007488843;85,43;0,1332669428;13.434,52;0,001752081;EUR
ETF Muster 40/60 ausgew.;05.08.2020;0,0018608882;212,44;0,1353744145;13.646,96;-0,001485654;EUR
ETF Muster 40/60 ausgew.;06.08.2020;0,0023240893;265,82;0,1380113442;13.912,78;0,002032495;EUR
ETF Muster 40/60 ausgew.;07.08.2020;-0,0008547399;-97,99;0,1370394189;13.814,79;0,000105029;EUR
ETF Muster 40/60 ausgew.;08.08.2020;0;0;0,1370394189;13.814,79;0;EUR
ETF Muster 40/60 ausgew.;09.08.2020;0;0;0,1370394189;13.814,79;0;EUR
ETF Muster 40/60 ausgew.;10.08.2020;-0,0003902612;-44,70;0,1365960801;13.770,09;0,001610174;EUR
ETF Muster 40/60 ausgew.;11.08.2020;-0,0073206947;-838,20;0,1282813758;12.931,88;-0,001001761;EUR
ETF Muster 40/60 ausgew.;12.08.2020;0,0028442307;323,27;0,1314882700;13.255,16;0,001583052;EUR
ETF Muster 40/60 ausgew.;13.08.2020;0,0000028910;0,33;0,1314916248;13.255,49;-0,001621905;EUR
ETF Muster 40/60 ausgew.;14.08.2020;-0,0029930996;-341,16;0,1281074413;12.914,32;-0,000103821;EUR
ETF Muster 40/60 ausgew.;15.08.2020;0;0;0,1281074413;12.914,32;0;EUR
ETF Muster 40/60 ausgew.;16.08.2020;0;0;0,1281074413;12.914,32;0;EUR
ETF Muster 40/60 ausgew.;17.08.2020;0,0043867823;498,52;0,1330527750;13.412,85;0,000917448;EUR
ETF Muster 40/60 ausgew.;18.08.2020;0,0001585341;18,10;0,1332323623;13.430,94;-0,000020384;EUR
ETF Muster 40/60 ausgew.;19.08.2020;-0,0000767277;-8,76;0,1331455599;13.422,18;0,000363109;EUR
ETF Muster 40/60 ausgew.;20.08.2020;-0,0001643823;-18,76;0,1329595083;13.403,42;0,001112698;EUR
ETF Muster 40/60 ausgew.;21.08.2020;0,0021259180;242,63;0,1353664771;13.646,05;0,001541286;EUR
ETF Muster 40/60 ausgew.;22.08.2020;0;0;0,1353664771;13.646,05;0;EUR
ETF Muster 40/60 ausgew.;23.08.2020;0;0;0,1353664771;13.646,05;0;EUR
ETF Muster 40/60 ausgew.;24.08.2020;0,0020901538;239,06;0,1377379889;13.885,11;0,001424556;EUR
ETF Muster 40/60 ausgew.;25.08.2020;-0,0022645965;-259,55;0,1351633641;13.625,56;-0,001443225;EUR
ETF Muster 40/60 ausgew.;26.08.2020;0,0054824684;626,94;0,1413825848;14.252,50;0,001564276;EUR
ETF Muster 40/60 ausgew.;27.08.2020;-0,0028767195;-330,77;0,1381015261;13.921,73;0,000103771;EUR
ETF Muster 40/60 ausgew.;28.08.2020;0,0005047954;57,87;0,1386757220;13.979,61;-0,000263527;EUR
ETF Muster 40/60 ausgew.;29.08.2020;0;0;0,1386757220;13.979,61;0;EUR
ETF Muster 40/60 ausgew.;30.08.2020;0;0;0,1386757220;13.979,61;0;EUR
ETF Muster 40/60 ausgew.;31.08.2020;-0,0009274909;-106,39;0,1376204359;13.873,22;-0,001392747;EUR
ETF Muster 40/60 ausgew.;01.09.2020;0,0042191238;483,52;0,1424169381;14.356,73;0,001375269;EUR
ETF Muster 40/60 ausgew.;02.09.2020;0,0044190384;508,56;0,1474619103;14.865,29;0,006014020;EUR
ETF Muster 40/60 ausgew.;03.09.2020;-0,0107508432;-1.242,72;0,1351343370;13.622,57;-0,004709603;EUR
ETF Muster 40/60 ausgew.;04.09.2020;-0,0055808566;-638,17;0,1288038181;12.984,40;-0,002086401;EUR
ETF Muster 40/60 ausgew.;05.09.2020;0;0;0,1288038181;12.984,40;0;EUR
ETF Muster 40/60 ausgew.;06.09.2020;0;0;0,1288038181;12.984,40;0;EUR
ETF Muster 40/60 ausgew.;07.09.2020;0,0030106457;342,35;0,1321999474;13.326,75;-0,000085129;EUR
ETF Muster 40/60 ausgew.;08.09.2020;-0,0064994278;-741,29;0,1248465154;12.585,46;-0,003269919;EUR
ETF Muster 40/60 ausgew.;09.09.2020;0,0064887612;735,26;0,1321403317;13.320,72;0,002061747;EUR
ETF Muster 40/60 ausgew.;10.09.2020;-0,0031496865;-359,22;0,1285770130;12.961,50;-0,004282821;EUR
ETF Muster 40/60 ausgew.;11.09.2020;0,0001488008;16,92;0,1287449101;12.978,42;0,002168083;EUR
ETF Muster 40/60 ausgew.;12.09.2020;0;0;0,1287449101;12.978,42;0;EUR
ETF Muster 40/60 ausgew.;13.09.2020;0;0;0,1287449101;12.978,42;0;EUR
ETF Muster 40/60 ausgew.;14.09.2020;0,0029617867;336,77;0,1320857600;13.315,19;0,001929262;EUR
ETF Muster 40/60 ausgew.;15.09.2020;0,0027994708;319,26;0,1352528809;13.634,45;0,001378752;EUR
ETF Muster 40/60 ausgew.;16.09.2020;0,0011871474;135,76;0,1365997449;13.770,22;-0,000058832;EUR
ETF Muster 40/60 ausgew.;17.09.2020;-0,0043053230;-492,95;0,1317097846;13.277,27;-0,000660695;EUR
ETF Muster 40/60 ausgew.;18.09.2020;-0,0008325083;-94,91;0,1307683630;13.182,36;-0,002382277;EUR
ETF Muster 40/60 ausgew.;19.09.2020;0;0;0,1307683630;13.182,36;0;EUR
ETF Muster 40/60 ausgew.;20.09.2020;0;0;0,1307683630;13.182,36;0;EUR
ETF Muster 40/60 ausgew.;21.09.2020;-0,0039435679;-449,21;0,1263122768;12.733,14;-0,000457056;EUR
ETF Muster 40/60 ausgew.;22.09.2020;0,0029180657;331,09;0,1295967214;13.064,23;0,001054818;EUR
ETF Muster 40/60 ausgew.;23.09.2020;-0,0024049567;-273,66;0,1268820548;12.790,57;-0,002850646;EUR
ETF Muster 40/60 ausgew.;24.09.2020;-0,0014866908;-168,77;0,1252079722;12.621,80;-0,000021058;EUR
ETF Muster 40/60 ausgew.;25.09.2020;0,0030238136;342,75;0,1286081045;12.964,55;0,002827152;EUR
ETF Muster 40/60 ausgew.;26.09.2020;0;0;0,1286081045;12.964,55;0;EUR
ETF Muster 40/60 ausgew.;27.09.2020;0;0;0,1286081045;12.964,55;0;EUR
ETF Muster 40/60 ausgew.;28.09.2020;0,0040434855;459,71;0,1331685352;13.424,26;0,003057420;EUR
ETF Muster 40/60 ausgew.;29.09.2020;0,0009749356;111,27;0,1342724573;13.535,53;-0,001404608;EUR
ETF Muster 40/60 ausgew.;30.09.2020;0,0002647606;30,25;0,1345726143;13.565,78;0,000370536;EUR
ETF Muster 40/60 ausgew.;01.10.2020;0,0039237908;448,39;0,1390207382;14.014,17;0,001345140;EUR
ETF Muster 40/60 ausgew.;02.10.2020;-0,0022147385;-254,08;0,1365003578;13.760,09;-0,000833612;EUR
ETF Muster 40/60 ausgew.;03.10.2020;0;0;0,1365003578;13.760,09;0;EUR
ETF Muster 40/60 ausgew.;04.10.2020;0;0;0,1365003578;13.760,09;0;EUR
ETF Muster 40/60 ausgew.;05.10.2020;0,0020950903;239,82;0,1388795047;13.999,91;0,001899968;EUR
ETF Muster 40/60 ausgew.;06.10.2020;-0,0020500292;-235,16;0,1365468579;13.764,75;-0,001541885;EUR
ETF Muster 40/60 ausgew.;07.10.2020;0,0004178742;47,84;0,1370214919;13.812,59;0,002584451;EUR
ETF Muster 40/60 ausgew.;08.10.2020;0,0021155349;242,27;0,1394249616;14.054,86;0,002558275;EUR
ETF Muster 40/60 ausgew.;09.10.2020;0,0039075078;448,44;0,1438736082;14.503,30;0,001009226;EUR
ETF Muster 40/60 ausgew.;10.10.2020;0;0;0,1438736082;14.503,30;0;EUR
ETF Muster 40/60 ausgew.;11.10.2020;0;0;0,1438736082;14.503,30;0;EUR
ETF Muster 40/60 ausgew.;12.10.2020;0,0054696505;630,17;0,1501250315;15.133,47;0,002805963;EUR
ETF Muster 40/60 ausgew.;13.10.2020;-0,0001381136;-16,00;0,1499664306;15.117,47;0,000544415;EUR
ETF Muster 40/60 ausgew.;14.10.2020;-0,0002955226;-34,23;0,1496269877;15.083,24;-0,000639929;EUR
ETF Muster 40/60 ausgew.;15.10.2020;-0,0044286475;-512,80;0,1445400692;14.570,44;0,000393608;EUR
ETF Muster 40/60 ausgew.;16.10.2020;0,0016585403;191,19;0,1464368497;14.761,64;0,000277037;EUR
ETF Muster 40/60 ausgew.;17.10.2020;0;0;0,1464368497;14.761,64;0;EUR
ETF Muster 40/60 ausgew.;18.10.2020;0;0;0,1464368497;14.761,64;0;EUR
ETF Muster 40/60 ausgew.;19.10.2020;-0,0038138967;-440,39;0,1420682322;14.321,24;-0,002558649;EUR
ETF Muster 40/60 ausgew.;20.10.2020;-0,0027829805;-320,13;0,1388926569;14.001,12;-0,000764450;EUR
ETF Muster 40/60 ausgew.;21.10.2020;-0,0016871369;-193,53;0,1369729116;13.807,59;-0,001268467;EUR
ETF Muster 40/60 ausgew.;22.10.2020;-0,0027896184;-319,46;0,1338039674;13.488,13;0,000166735;EUR
ETF Muster 40/60 ausgew.;23.10.2020;-0,0004974787;-56,81;0,1332405008;13.431,32;0,000769240;EUR
ETF Muster 40/60 ausgew.;24.10.2020;0;0;0,1332405008;13.431,32;0;EUR
ETF Muster 40/60 ausgew.;25.10.2020;0;0;0,1332405008;13.431,32;0;EUR
ETF Muster 40/60 ausgew.;26.10.2020;-0,0034400105;-392,64;0,1293455330;13.038,68;-0,003209295;EUR
ETF Muster 40/60 ausgew.;27.10.2020;0,0036762991;418,04;0,1334927192;13.456,72;0,000125275;EUR
ETF Muster 40/60 ausgew.;28.10.2020;-0,0085539053;-976,27;0,1238081233;12.480,45;-0,005139024;EUR
ETF Muster 40/60 ausgew.;29.10.2020;0,0028375101;321,08;0,1269933994;12.801,53;0,003002024;EUR
ETF Muster 40/60 ausgew.;30.10.2020;-0,0032502921;-368,83;0,1233346650;12.432,70;-0,002447938;EUR
ETF Muster 40/60 ausgew.;31.10.2020;0;0;0,1233346650;12.432,70;0;EUR
ETF Muster 40/60 ausgew.;01.11.2020;0;0;0,1233346650;12.432,70;0;EUR
ETF Muster 40/60 ausgew.;02.11.2020;0,0038861712;439,55;0,1276952472;12.872,26;0,002968461;EUR
ETF Muster 40/60 ausgew.;03.11.2020;0,0028829597;327,35;0,1309427597;13.199,61;0,002429214;EUR
ETF Muster 40/60 ausgew.;04.11.2020;0,0088824692;1.011,48;0,1409770161;14.211,09;0,005002267;EUR
ETF Muster 40/60 ausgew.;05.11.2020;0,0062361456;716,44;0,1480844312;14.927,53;0,002468685;EUR
ETF Muster 40/60 ausgew.;06.11.2020;-0,0024399422;-282,06;0,1452864567;14.645,47;-0,000695933;EUR
ETF Muster 40/60 ausgew.;07.11.2020;0;0;0,1452864567;14.645,47;0;EUR
ETF Muster 40/60 ausgew.;08.11.2020;0;0;0,1452864567;14.645,47;0;EUR
ETF Muster 40/60 ausgew.;09.11.2020;-0,0063514636;-732,45;0,1380205166;13.913,02;0,001632781;EUR
ETF Muster 40/60 ausgew.;10.11.2020;-0,0062750019;-719,04;0,1308876290;13.193,98;-0,000028209;EUR
ETF Muster 40/60 ausgew.;11.11.2020;0,0059137698;673,39;0,1375679818;13.867,38;0,003339173;EUR
ETF Muster 40/60 ausgew.;12.11.2020;0,0005073113;58,11;0,1381445691;13.925,48;-0,001781784;EUR
ETF Muster 40/60 ausgew.;13.11.2020;0,0019146341;219,42;0,1403213841;14.144,90;0,001754100;EUR
ETF Muster 40/60 ausgew.;14.11.2020;0;0;0,1403213841;14.144,90;0;EUR
ETF Muster 40/60 ausgew.;15.11.2020;0;0;0,1403213841;14.144,90;0;EUR
ETF Muster 40/60 ausgew.;16.11.2020;0,0021837167;250,73;0,1428088669;14.395,63;0,002528301;EUR
ETF Muster 40/60 ausgew.;17.11.2020;-0,0006827333;-78,56;0,1420296474;14.317,07;-0,000455786;EUR
ETF Muster 40/60 ausgew.;18.11.2020;-0,0003154227;-36,27;0,1416699684;14.280,80;-0,001187008;EUR
ETF Muster 40/60 ausgew.;19.11.2020;0,0002138382;24,58;0,1419139675;14.305,38;0,001069499;EUR
ETF Muster 40/60 ausgew.;20.11.2020;0,0035102029;403,60;0,1459179780;14.708,99;-0,000206853;EUR
ETF Muster 40/60 ausgew.;21.11.2020;0;0;0,1459179780;14.708,99;0;EUR
ETF Muster 40/60 ausgew.;22.11.2020;0;0;0,1459179780;14.708,99;0;EUR
ETF Muster 40/60 ausgew.;23.11.2020;-0,0021390348;-246,81;0,1434696899;14.462,18;0,001107511;EUR
ETF Muster 40/60 ausgew.;24.11.2020;0,0001413798;16,28;0,1436313140;14.478,45;0,002224313;EUR
ETF Muster 40/60 ausgew.;25.11.2020;0,0001681359;19,36;0,1438235259;14.497,82;-0,000107494;EUR
ETF Muster 40/60 ausgew.;26.11.2020;0,0014463372;166,57;0,1454761439;14.664,39;0,000233684;EUR
ETF Muster 40/60 ausgew.;27.11.2020;0,0001010416;11,65;0,1455918984;14.676,04;0,000089313;EUR
ETF Muster 40/60 ausgew.;28.11.2020;0;0;0,1455918984;14.676,04;0;EUR
ETF Muster 40/60 ausgew.;29.11.2020;0;0;0,1455918984;14.676,04;0;EUR
ETF Muster 40/60 ausgew.;30.11.2020;-0,0018243571;-210,44;0,1435044426;14.465,61;-0,002009403;EUR
ETF Muster 40/60 ausgew.;01.12.2020;0,0007989605;91,99;0,1444171640;14.557,60;-0,000332048;EUR
ETF Muster 40/60 ausgew.;02.12.2020;-0,0015759081;-181,59;0,1426158533;14.376,01;-0,000414900;EUR
ETF Muster 40/60 ausgew.;03.12.2020;0,0004263514;49,05;0,1431025985;14.425,06;0,000136943;EUR
ETF Muster 40/60 ausgew.;04.12.2020;0,0028072856;323,11;0,1463081229;14.748,17;0,001765583;EUR
ETF Muster 40/60 ausgew.;05.12.2020;0;0;0,1463081229;14.748,17;0;EUR
ETF Muster 40/60 ausgew.;06.12.2020;0;0;0,1463081229;14.748,17;0;EUR
ETF Muster 40/60 ausgew.;07.12.2020;0,0029925198;345,40;0,1497347478;15.093,56;0,000947310;EUR
ETF Muster 40/60 ausgew.;08.12.2020;0,0025579092;296,12;0,1526725076;15.389,68;0,001541854;EUR
ETF Muster 40/60 ausgew.;09.12.2020;-0,0018022686;-209,17;0,1505975593;15.180,51;-0,000679419;EUR
ETF Muster 40/60 ausgew.;10.12.2020;-0,0036391062;-421,60;0,1464152554;14.758,91;-0,000971464;EUR
ETF Muster 40/60 ausgew.;11.12.2020;0,0008451983;97,56;0,1473832579;14.856,47;0,000818152;EUR
ETF Muster 40/60 ausgew.;12.12.2020;0;0;0,1473832579;14.856,47;0;EUR
ETF Muster 40/60 ausgew.;13.12.2020;0;0;0,1473832579;14.856,47;0;EUR
ETF Muster 40/60 ausgew.;14.12.2020;-0,0002560693;-29,58;0,1470899226;14.826,89;-0,000890414;EUR
ETF Muster 40/60 ausgew.;15.12.2020;0,0039186129;452,59;0,1515800242;15.279,48;0,001115363;EUR
ETF Muster 40/60 ausgew.;16.12.2020;0,0015445110;179,09;0,1533568140;15.458,57;-0,001040605;EUR
ETF Muster 40/60 ausgew.;17.12.2020;0,0036851654;427,96;0,1576025382;15.886,53;0,000838482;EUR
ETF Muster 40/60 ausgew.;18.12.2020;0,0012319859;143,60;0,1590272597;16.030,13;-0,000526398;EUR
ETF Muster 40/60 ausgew.;19.12.2020;0;0;0,1590272597;16.030,13;0;EUR
ETF Muster 40/60 ausgew.;20.12.2020;0;0;0,1590272597;16.030,13;0;EUR
ETF Muster 40/60 ausgew.;21.12.2020;-0,0037748485;-440,53;0,1546571060;15.589,59;-0,001039875;EUR
ETF Muster 40/60 ausgew.;22.12.2020;0,0035242510;409,73;0,1587220387;15.999,33;0,000571741;EUR
ETF Muster 40/60 ausgew.;23.12.2020;0,0009239465;107,80;0,1597916061;16.107,13;-0,001080197;EUR
ETF Muster 40/60 ausgew.;24.12.2020;0,0003864268;45,13;0,1602394407;16.152,25;0,000639953;EUR
ETF Muster 40/60 ausgew.;25.12.2020;-0,0000403753;-4,72;0,1601928023;16.147,54;0,000017424;EUR
ETF Muster 40/60 ausgew.;26.12.2020;0;0;0,1601928023;16.147,54;0;EUR
ETF Muster 40/60 ausgew.;27.12.2020;0;0;0,1601928023;16.147,54;0;EUR
ETF Muster 40/60 ausgew.;28.12.2020;0,0010953387;127,96;0,1614623608;16.275,49;0,001181634;EUR
ETF Muster 40/60 ausgew.;29.12.2020;0,0015045704;175,96;0,1632080964;16.451,45;0,000780603;EUR
ETF Muster 40/60 ausgew.;30.12.2020;-0,0006737661;-78,91;0,1624253834;16.372,53;-0,000796581;EUR
ETF Muster 40/60 ausgew.;31.12.2020;0,0004278926;50,08;0,1629223870;16.422,62;0,001370566;EUR
ETF Muster 40/60 ausgew.;01.01.2021;0;0;0,1629225433;16.422,62;0;EUR
ETF Muster 40/60 ausgew.;02.01.2021;0;0;0,1629225433;16.422,62;0;EUR
ETF Muster 40/60 ausgew.;03.01.2021;0;0;0,1629225433;16.422,62;0;EUR
ETF Muster 40/60 ausgew.;04.01.2021;0,0063950149;748,82;0,1703514619;17.171,44;-0,001126178;EUR
ETF Muster 40/60 ausgew.;05.01.2021;0,0017893044;210,86;0,1724434628;17.382,29;0,000812563;EUR
ETF Muster 40/60 ausgew.;06.01.2021;0,0004119217;48,63;0,1729260586;17.430,92;0,000311946;EUR
ETF Muster 40/60 ausgew.;07.01.2021;0,0066102713;780,69;0,1806711833;18.211,61;0,002899790;EUR
ETF Muster 40/60 ausgew.;08.01.2021;0,0012428888;147,76;0,1821372203;18.359,37;0,001674088;EUR
ETF Muster 40/60 ausgew.;09.01.2021;0;0;0,1821372203;18.359,37;0;EUR
ETF Muster 40/60 ausgew.;10.01.2021;0;0;0,1821372203;18.359,37;0;EUR
ETF Muster 40/60 ausgew.;11.01.2021;-0,0034663307;-412,60;0,1780441131;17.946,77;-0,000566147;EUR
ETF Muster 40/60 ausgew.;12.01.2021;-0,0010254463;-121,64;0,1768375613;17.825,13;-0,000863591;EUR
ETF Muster 40/60 ausgew.;13.01.2021;0,0035468170;420,29;0,1810072630;18.245,42;0,001579165;EUR
ETF Muster 40/60 ausgew.;14.01.2021;0,0015465858;183,92;0,1828320055;18.429,34;0,001186811;EUR
ETF Muster 40/60 ausgew.;15.01.2021;-0,0061975151;-738,13;0,1755093991;17.691,21;-0,001327055;EUR
ETF Muster 40/60 ausgew.;16.01.2021;0;0;0,1755093991;17.691,21;0;EUR
ETF Muster 40/60 ausgew.;17.01.2021;0;0;0,1755093991;17.691,21;0;EUR
ETF Muster 40/60 ausgew.;18.01.2021;0,0009825132;116,29;0,1766632764;17.807,50;-0,000294662;EUR
ETF Muster 40/60 ausgew.;19.01.2021;0,0013002944;154,06;0,1781918092;17.961,56;0,000532141;EUR
ETF Muster 40/60 ausgew.;20.01.2021;0,0058308428;691,73;0,1850544685;18.653,29;0,002787826;EUR
ETF Muster 40/60 ausgew.;21.01.2021;0,0013091873;156,22;0,1866044496;18.809,51;-0,001394459;EUR
ETF Muster 40/60 ausgew.;22.01.2021;-0,0013815376;-165,07;0,1849670272;18.644,44;-0,000547695;EUR
ETF Muster 40/60 ausgew.;23.01.2021;0;0;0,1849670272;18.644,44;0;EUR
ETF Muster 40/60 ausgew.;24.01.2021;0;0;0,1849670272;18.644,44;0;EUR
ETF Muster 40/60 ausgew.;25.01.2021;0,0012457350;148,64;0,1864417866;18.793,07;0,001809056;EUR
ETF Muster 40/60 ausgew.;26.01.2021;-0,0021382358;-255,44;0,1839077597;18.537,63;-0,001256139;EUR
ETF Muster 40/60 ausgew.;27.01.2021;-0,0057468666;-685,08;0,1771113983;17.852,55;-0,002846474;EUR
ETF Muster 40/60 ausgew.;28.01.2021;-0,0003841525;-45,53;0,1766598560;17.807,02;0,000449149;EUR
ETF Muster 40/60 ausgew.;29.01.2021;-0,0060758911;-719,86;0,1695183926;17.087,16;-0,004752449;EUR
ETF Muster 40/60 ausgew.;30.01.2021;0;0;0,1695183926;17.087,16;0;EUR
ETF Muster 40/60 ausgew.;31.01.2021;0;0;0,1695183926;17.087,16;0;EUR
ETF Muster 40/60 ausgew.;01.02.2021;0,0080130814;943,61;0,1788799421;18.030,77;0,003999835;EUR
ETF Muster 40/60 ausgew.;02.02.2021;0,0039865852;473,22;0,1835748152;18.503,98;0,002894558;EUR
ETF Muster 40/60 ausgew.;03.02.2021;0,0023967070;285,63;0,1864086648;18.789,61;0,000495063;EUR
ETF Muster 40/60 ausgew.;04.02.2021;0,0005016855;59,93;0,1870034134;18.849,55;0,001720110;EUR
ETF Muster 40/60 ausgew.;05.02.2021;0,0014822209;177,16;0,1887611334;19.026,70;0,000276950;EUR
ETF Muster 40/60 ausgew.;06.02.2021;0;0;0,1887611334;19.026,70;0;EUR
ETF Muster 40/60 ausgew.;07.02.2021;0;0;0,1887611334;19.026,70;0;EUR
ETF Muster 40/60 ausgew.;08.02.2021;0,0040342469;482,89;0,1935520203;19.509,60;0,001297720;EUR
ETF Muster 40/60 ausgew.;09.02.2021;-0,0008800707;-105,77;0,1925028880;19.403,83;-0,000450264;EUR
ETF Muster 40/60 ausgew.;10.02.2021;-0,0014962654;-179,66;0,1907206321;19.224,16;-0,000460583;EUR
ETF Muster 40/60 ausgew.;11.02.2021;0,0033054365;396,31;0,1946525359;19.620,47;0,001014377;EUR
ETF Muster 40/60 ausgew.;12.02.2021;-0,0005718542;-68,79;0,1939702602;19.551,68;0,000268537;EUR
ETF Muster 40/60 ausgew.;13.02.2021;0;0;0,1939702602;19.551,68;0;EUR
ETF Muster 40/60 ausgew.;14.02.2021;0;0;0,1939702602;19.551,68;0;EUR
ETF Muster 40/60 ausgew.;15.02.2021;0,0020777248;249,79;0,1964485919;19.801,47;-0,000608310;EUR
ETF Muster 40/60 ausgew.;16.02.2021;-0,0024291527;-292,65;0,1935454386;19.508,82;-0,000466511;EUR
ETF Muster 40/60 ausgew.;17.02.2021;-0,0045180247;-542,98;0,1881587667;18.965,85;0,000926233;EUR
ETF Muster 40/60 ausgew.;18.02.2021;-0,0050254109;-601,23;0,1821941979;18.364,62;-0,002252211;EUR
ETF Muster 40/60 ausgew.;19.02.2021;0,0031169749;371,03;0,1858753627;18.735,65;-0,001275976;EUR
ETF Muster 40/60 ausgew.;20.02.2021;0;0;0,1858753627;18.735,65;0;EUR
ETF Muster 40/60 ausgew.;21.02.2021;0;0;0,1858753627;18.735,65;0;EUR
ETF Muster 40/60 ausgew.;22.02.2021;-0,0060691327;-724,70;0,1786858283;18.010,95;-0,000666363;EUR
ETF Muster 40/60 ausgew.;23.02.2021;-0,0063078262;-744,91;0,1712965113;17.266,04;-0,001022777;EUR
ETF Muster 40/60 ausgew.;24.02.2021;0,0010068424;118,15;0,1724695806;17.384,19;0,001121994;EUR
ETF Muster 40/60 ausgew.;25.02.2021;-0,0065871474;-773,77;0,1647938559;16.610,43;-0,006534031;EUR
ETF Muster 40/60 ausgew.;26.02.2021;-0,0046017022;-536,98;0,1594672127;16.073,45;-0,000579876;EUR
ETF Muster 40/60 ausgew.;27.02.2021;0;0;0,1594672127;16.073,45;0;EUR
ETF Muster 40/60 ausgew.;28.02.2021;0;0;0,1594672127;16.073,45;0;EUR
ETF Muster 40/60 ausgew.;01.03.2021;0,0120988366;1.405,34;0,1734107490;17.478,79;0,007963251;EUR
ETF Muster 40/60 ausgew.;02.03.2021;-0,0033996148;-399,66;0,1694465026;17.079,13;-0,001049151;EUR
ETF Muster 40/60 ausgew.;03.03.2021;-0,0033759336;-395,53;0,1655232209;16.683,60;-0,003127895;EUR
ETF Muster 40/60 ausgew.;04.03.2021;-0,0037089755;-433,08;0,1612273255;16.250,52;-0,001485308;EUR
ETF Muster 40/60 ausgew.;05.03.2021;-0,0023724426;-275,99;0,1584899232;15.974,53;0,003325041;EUR
ETF Muster 40/60 ausgew.;06.03.2021;0;0;0,1584899232;15.974,53;0;EUR
ETF Muster 40/60 ausgew.;07.03.2021;0;0;0,1584899232;15.974,53;0;EUR
ETF Muster 40/60 ausgew.;08.03.2021;0,0045204513;524,63;0,1636958061;16.499,16;-0,000043709;EUR
ETF Muster 40/60 ausgew.;09.03.2021;0,0070967933;827,35;0,1719052232;17.326,51;0,003083733;EUR
ETF Muster 40/60 ausgew.;10.03.2021;0,0009015862;105,85;0,1729563368;17.432,36;0,000806527;EUR
ETF Muster 40/60 ausgew.;11.03.2021;0,0041613950;489,02;0,1778091190;17.921,38;0,001819824;EUR
ETF Muster 40/60 ausgew.;12.03.2021;-0,0008882608;-104,82;0,1767700590;17.816,57;-0,000319137;EUR
ETF Muster 40/60 ausgew.;13.03.2021;0;0;0,1767700590;17.816,57;0;EUR
ETF Muster 40/60 ausgew.;14.03.2021;0;0;0,1767700590;17.816,57;0;EUR
ETF Muster 40/60 ausgew.;15.03.2021;0,0034996866;412,61;0,1808647340;18.229,17;0,002553960;EUR
ETF Muster 40/60 ausgew.;16.03.2021;0,0029374264;347,53;0,1843137644;18.576,70;0,000466953;EUR
ETF Muster 40/60 ausgew.;17.03.2021;-0,0038963653;-462,34;0,1797274746;18.114,37;-0,001165431;EUR
ETF Muster 40/60 ausgew.;18.03.2021;0,0010836071;128,08;0,1809991608;18.242,44;-0,002647960;EUR
ETF Muster 40/60 ausgew.;19.03.2021;0,0009291428;109,94;0,1820908939;18.352,38;0,000743701;EUR
ETF Muster 40/60 ausgew.;20.03.2021;0;0;0,1820908939;18.352,38;0;EUR
ETF Muster 40/60 ausgew.;21.03.2021;0;0;0,1820908939;18.352,38;0;EUR
ETF Muster 40/60 ausgew.;22.03.2021;0,0007452155;88,26;0,1829675171;18.440,64;0,001077083;EUR
ETF Muster 40/60 ausgew.;23.03.2021;-0,0012855086;-152,36;0,1814567043;18.288,28;0,000229454;EUR
ETF Muster 40/60 ausgew.;24.03.2021;-0,0023754609;-281,18;0,1786676947;18.007,10;-0,000390206;EUR
ETF Muster 40/60 ausgew.;25.03.2021;0,0013087656;154,55;0,1802020644;18.161,65;0,002129136;EUR
ETF Muster 40/60 ausgew.;26.03.2021;0,0045570622;538,84;0,1855494610;18.700,49;0,001861826;EUR
ETF Muster 40/60 ausgew.;27.03.2021;0;0;0,1855494610;18.700,49;0;EUR
ETF Muster 40/60 ausgew.;28.03.2021;0;0;0,1855494610;18.700,49;0;EUR
ETF Muster 40/60 ausgew.;29.03.2021;-0,0014264858;-169,44;0,1838691574;18.531,05;-0,000410984;EUR
ETF Muster 40/60 ausgew.;30.03.2021;0,0017178052;203,75;0,1858917788;18.734,80;-0,000911366;EUR
ETF Muster 40/60 ausgew.;31.03.2021;0,0016425769;195,17;0,1878292026;18.929,97;0,000581124;EUR
ETF Muster 40/60 ausgew.;01.04.2021;0,0038693753;460,50;0,1923994050;19.390,47;0,003069644;EUR
ETF Muster 40/60 ausgew.;02.04.2021;0,0001234140;14,74;0,1925466660;19.405,22;0,000119792;EUR
ETF Muster 40/60 ausgew.;03.04.2021;0;0;0,1925466660;19.405,22;0;EUR
ETF Muster 40/60 ausgew.;04.04.2021;0;0;0,1925466660;19.405,22;0;EUR
ETF Muster 40/60 ausgew.;05.04.2021;-0,0004524750;-54,06;0,1920111675;19.351,15;0,001555880;EUR
ETF Muster 40/60 ausgew.;06.04.2021;0,0007597372;90,74;0,1929124685;19.441,89;-0,000419444;EUR
ETF Muster 40/60 ausgew.;07.04.2021;-0,0021657568;-258,86;0,1903448773;19.183,03;-0,000628043;EUR
ETF Muster 40/60 ausgew.;08.04.2021;0,0016410861;195,72;0,1922879143;19.378,75;0,001478374;EUR
ETF Muster 40/60 ausgew.;09.04.2021;-0,0001662636;-19,86;0,1920917828;19.358,89;0,000154933;EUR
ETF Muster 40/60 ausgew.;10.04.2021;0;0;0,1920917828;19.358,89;0;EUR
ETF Muster 40/60 ausgew.;11.04.2021;0;0;0,1920917828;19.358,89;0;EUR
ETF Muster 40/60 ausgew.;12.04.2021;-0,0028103308;-335,67;0,1887619952;19.023,22;-0,000465517;EUR
ETF Muster 40/60 ausgew.;13.04.2021;0,0016872919;200,97;0,1907570553;19.224,19;0,000279222;EUR
ETF Muster 40/60 ausgew.;14.04.2021;-0,0016470504;-196,50;0,1888081329;19.027,69;-0,001711565;EUR
ETF Muster 40/60 ausgew.;15.04.2021;0,0046111348;549,23;0,1942589959;19.576,92;0,002711771;EUR
ETF Muster 40/60 ausgew.;16.04.2021;0,0029325320;350,90;0,1977419309;19.927,82;0,000015715;EUR
ETF Muster 40/60 ausgew.;17.04.2021;0;0;0,1977419309;19.927,82;0;EUR
ETF Muster 40/60 ausgew.;18.04.2021;0;0;0,1977419309;19.927,82;0;EUR
ETF Muster 40/60 ausgew.;19.04.2021;-0,0029507186;-354,11;0,1942290359;19.573,70;-0,001995857;EUR
ETF Muster 40/60 ausgew.;20.04.2021;-0,0054329597;-650,08;0,1877792024;18.923,62;-0,001941119;EUR
ETF Muster 40/60 ausgew.;21.04.2021;0,0021106946;251,18;0,1902726362;19.174,80;0,001838160;EUR
ETF Muster 40/60 ausgew.;22.04.2021;0,0034883949;416,01;0,1944017191;19.590,82;-0,000472981;EUR
ETF Muster 40/60 ausgew.;23.04.2021;-0,0008457615;-101,21;0,1933983008;19.489,60;0,000873718;EUR
ETF Muster 40/60 ausgew.;24.04.2021;0;0;0,1933983008;19.489,60;0;EUR
ETF Muster 40/60 ausgew.;25.04.2021;0;0;0,1933983008;19.489,60;0;EUR
ETF Muster 40/60 ausgew.;26.04.2021;0,0004320698;51,66;0,1939119079;19.541,27;0,000209156;EUR
ETF Muster 40/60 ausgew.;27.04.2021;0,0001556158;18,62;0,1940975755;19.559,88;-0,000375206;EUR
ETF Muster 40/60 ausgew.;28.04.2021;-0,0033112636;-396,17;0,1901672531;19.163,72;-0,000592955;EUR
ETF Muster 40/60 ausgew.;29.04.2021;-0,0009613042;-114,63;0,1890306505;19.049,09;-0,000537066;EUR
ETF Muster 40/60 ausgew.;30.04.2021;-0,0003145769;-37,48;0,1886596792;19.011,61;-0,000070918;EUR
ETF Muster 40/60 ausgew.;01.05.2021;0;0;0,1886596792;19.011,61;0;EUR
ETF Muster 40/60 ausgew.;02.05.2021;0;0;0,1886596792;19.011,61;0;EUR
ETF Muster 40/60 ausgew.;03.05.2021;0,0018682969;222,50;0,1908685771;19.234,11;0,000318735;EUR
ETF Muster 40/60 ausgew.;04.05.2021;-0,0038567368;-460,17;0,1863030052;18.773,94;-0,000184564;EUR
ETF Muster 40/60 ausgew.;05.05.2021;0,0049642413;590,03;0,1921590771;19.363,97;0,000923144;EUR
ETF Muster 40/60 ausgew.;06.05.2021;0,0003548845;42,39;0,1925806587;19.406,36;0,000586440;EUR
ETF Muster 40/60 ausgew.;07.05.2021;0,0021809660;260,60;0,1951676813;19.666,96;0,000283141;EUR
ETF Muster 40/60 ausgew.;08.05.2021;0;0;0,1951676813;19.666,96;0;EUR
ETF Muster 40/60 ausgew.;09.05.2021;0;0;0,1951676813;19.666,96;0;EUR
ETF Muster 40/60 ausgew.;10.05.2021;-0,0010242860;-122,66;0,1939514102;19.544,30;-0,001707262;EUR
ETF Muster 40/60 ausgew.;11.05.2021;-0,0065405448;-782,42;0,1861878160;18.761,88;-0,003773617;EUR
ETF Muster 40/60 ausgew.;12.05.2021;-0,0040682606;-483,49;0,1813906893;18.278,40;-0,003154822;EUR
ETF Muster 40/60 ausgew.;13.05.2021;-0,0010981475;-129,98;0,1801016887;18.148,42;0,000874263;EUR
ETF Muster 40/60 ausgew.;14.05.2021;0,0041904922;495,44;0,1850192616;18.643,86;0,002370640;EUR
ETF Muster 40/60 ausgew.;15.05.2021;0;0;0,1850192616;18.643,86;0;EUR
ETF Muster 40/60 ausgew.;16.05.2021;0;0;0,1850192616;18.643,86;0;EUR
ETF Muster 40/60 ausgew.;17.05.2021;0,0002200446;26,12;0,1852794065;18.669,99;-0,000641937;EUR
ETF Muster 40/60 ausgew.;18.05.2021;0,0005254005;62,39;0,1858994682;18.732,38;-0,001612932;EUR
ETF Muster 40/60 ausgew.;19.05.2021;-0,0013756228;-163,44;0,1842783370;18.568,94;-0,001168677;EUR
ETF Muster 40/60 ausgew.;20.05.2021;0,0028141397;333,90;0,1875928550;18.902,84;0,001854369;EUR
ETF Muster 40/60 ausgew.;21.05.2021;0,0014582600;173,51;0,1893156830;19.076,35;0,001183843;EUR
ETF Muster 40/60 ausgew.;22.05.2021;0;0;0,1893156830;19.076,35;0;EUR
ETF Muster 40/60 ausgew.;23.05.2021;0;0;0,1893156830;19.076,35;0;EUR
ETF Muster 40/60 ausgew.;24.05.2021;0,0006094411;72,62;0,1900372713;19.148,97;0,001116676;EUR
ETF Muster 40/60 ausgew.;25.05.2021;0,0028136333;335,47;0,1933674599;19.484,44;0,000693634;EUR
ETF Muster 40/60 ausgew.;26.05.2021;0,0022207048;265,52;0,1960034741;19.749,96;0,001756238;EUR
ETF Muster 40/60 ausgew.;27.05.2021;-0,0006249327;-74,89;0,1952612003;19.675,07;-0,000499381;EUR
ETF Muster 40/60 ausgew.;28.05.2021;0,0018028027;215,90;0,1974047669;19.890,97;0,001309383;EUR
ETF Muster 40/60 ausgew.;29.05.2021;0;0;0,1974047669;19.890,97;0;EUR
ETF Muster 40/60 ausgew.;30.05.2021;0;0;0,1974047669;19.890,97;0;EUR
ETF Muster 40/60 ausgew.;31.05.2021;-0,0006267454;-75,19;0,1966594573;19.815,78;-0,001081490;EUR
ETF Muster 40/60 ausgew.;01.06.2021;0,0008075853;96,83;0,1976213403;19.912,61;0,000161290;EUR
ETF Muster 40/60 ausgew.;02.06.2021;0,0014908567;178,89;0,1993977032;20.091,50;0,001526411;EUR
ETF Muster 40/60 ausgew.;03.06.2021;-0,0010598671;-127,37;0,1981345727;19.964,13;0,000033804;EUR
ETF Muster 40/60 ausgew.;04.06.2021;0,0028494382;342,06;0,2015303355;20.306,20;0,001961668;EUR
ETF Muster 40/60 ausgew.;05.06.2021;0;0;0,2015303355;20.306,20;0;EUR
ETF Muster 40/60 ausgew.;06.06.2021;0;0;0,2015303355;20.306,20;0;EUR
ETF Muster 40/60 ausgew.;07.06.2021;-0,0003789572;-45,62;0,2010784973;20.260,57;-0,000397259;EUR
ETF Muster 40/60 ausgew.;08.06.2021;0,0010414614;125,33;0,2023233139;20.385,91;0,000579047;EUR
ETF Muster 40/60 ausgew.;09.06.2021;-0,0004607504;-55,51;0,2017733802;20.330,40;0,000541734;EUR
ETF Muster 40/60 ausgew.;10.06.2021;0,0006457218;77,75;0,2025459973;20.408,15;0,000897969;EUR
ETF Muster 40/60 ausgew.;11.06.2021;0,0023594709;284,29;0,2053684879;20.692,45;0,001969698;EUR
ETF Muster 40/60 ausgew.;12.06.2021;0;0;0,2053684879;20.692,45;0;EUR
ETF Muster 40/60 ausgew.;13.06.2021;0;0;0,2053684879;20.692,45;0;EUR
ETF Muster 40/60 ausgew.;14.06.2021;-0,0006504988;-78,56;0,2045897097;20.613,88;0,000002749;EUR
ETF Muster 40/60 ausgew.;15.06.2021;-0,0014240035;-171,87;0,2028848547;20.442,01;-0,000693383;EUR
ETF Muster 40/60 ausgew.;16.06.2021;0,0010436585;125,79;0,2041342102;20.567,80;-0,000222644;EUR
ETF Muster 40/60 ausgew.;17.06.2021;-0,0023689712;-285,82;0,2012984379;20.281,98;0,001666843;EUR
ETF Muster 40/60 ausgew.;18.06.2021;-0,0014837600;-178,59;0,1995268448;20.103,39;-0,001248727;EUR
ETF Muster 40/60 ausgew.;19.06.2021;0;0;0,1995268448;20.103,39;0;EUR
ETF Muster 40/60 ausgew.;20.06.2021;0;0;0,1995268448;20.103,39;0;EUR
ETF Muster 40/60 ausgew.;21.06.2021;0,0002701121;32,46;0,1998499673;20.135,85;0,000154634;EUR
ETF Muster 40/60 ausgew.;22.06.2021;0,0009888993;118,88;0,2010308181;20.254,74;0,001150438;EUR
ETF Muster 40/60 ausgew.;23.06.2021;-0,0004973670;-59,85;0,2004377064;20.194,89;-0,000581778;EUR
ETF Muster 40/60 ausgew.;24.06.2021;0,0021187133;254,83;0,2029678887;20.449,72;0,001547337;EUR
ETF Muster 40/60 ausgew.;25.06.2021;0,0005995901;72,27;0,2036861133;20.521,99;-0,000348653;EUR
ETF Muster 40/60 ausgew.;26.06.2021;0;0;0,2036861133;20.521,99;0;EUR
ETF Muster 40/60 ausgew.;27.06.2021;0;0;0,2036861133;20.521,99;0;EUR
ETF Muster 40/60 ausgew.;28.06.2021;0,0003083977;37,19;0,2040562072;20.559,18;0,001099213;EUR
ETF Muster 40/60 ausgew.;29.06.2021;0,0007117371;85,86;0,2049093776;20.645,05;0,000089018;EUR
ETF Muster 40/60 ausgew.;30.06.2021;0,0000854972;10,32;0,2050127613;20.655,37;0,001180193;EUR
ETF Muster 40/60 ausgew.;01.07.2021;0,0008326274;100,53;0,2060114921;20.755,90;0,000539509;EUR
ETF Muster 40/60 ausgew.;02.07.2021;0,0023586904;285,02;0,2088413815;21.040,92;0,002439828;EUR
ETF Muster 40/60 ausgew.;03.07.2021;0;0;0,2088413815;21.040,92;0;EUR
ETF Muster 40/60 ausgew.;04.07.2021;0;0;0,2088413815;21.040,92;0;EUR
ETF Muster 40/60 ausgew.;05.07.2021;0,0007579714;91,81;0,2097535706;21.132,72;-0,000575129;EUR
ETF Muster 40/60 ausgew.;06.07.2021;0,0011659841;141,33;0,2111573475;21.274,06;0,001411129;EUR
ETF Muster 40/60 ausgew.;07.07.2021;0,0017803551;216,06;0,2133028018;21.490,11;0,001754664;EUR
ETF Muster 40/60 ausgew.;08.07.2021;-0,0044455017;-540,45;0,2079394558;20.949,67;-0,002179558;EUR
ETF Muster 40/60 ausgew.;09.07.2021;0,0026083433;315,69;0,2110738622;21.265,36;0,001230459;EUR
ETF Muster 40/60 ausgew.;10.07.2021;0;0;0,2110738622;21.265,36;0;EUR
ETF Muster 40/60 ausgew.;11.07.2021;0;0;0,2110738622;21.265,36;0;EUR
ETF Muster 40/60 ausgew.;12.07.2021;0,0020065417;243,49;0,2134916210;21.508,85;0,001168890;EUR
ETF Muster 40/60 ausgew.;13.07.2021;0,0010126132;123,12;0,2147146920;21.631,97;0,000195570;EUR
ETF Muster 40/60 ausgew.;14.07.2021;-0,0003546155;-43,16;0,2142872435;21.588,81;0,000453643;EUR
ETF Muster 40/60 ausgew.;15.07.2021;-0,0013961221;-169,87;0,2126021246;21.418,94;-0,000638210;EUR
ETF Muster 40/60 ausgew.;16.07.2021;-0,0021402169;-260,04;0,2100219580;21.158,90;-0,000621605;EUR
ETF Muster 40/60 ausgew.;17.07.2021;0;0;0,2100219580;21.158,90;0;EUR
ETF Muster 40/60 ausgew.;18.07.2021;0;0;0,2100219580;21.158,90;0;EUR
ETF Muster 40/60 ausgew.;19.07.2021;-0,0039945891;-484,31;0,2052156774;20.674,60;-0,002262140;EUR
ETF Muster 40/60 ausgew.;20.07.2021;0,0028069397;338,96;0,2085810836;21.013,55;0,003527057;EUR
ETF Muster 40/60 ausgew.;21.07.2021;0,0029158768;353,10;0,2120869052;21.366,65;0,001206103;EUR
ETF Muster 40/60 ausgew.;22.07.2021;0,0023123240;280,83;0,2148753867;21.647,48;0,001156331;EUR
ETF Muster 40/60 ausgew.;23.07.2021;0,0014288030;173,93;0,2166027749;21.821,41;0,002232363;EUR
ETF Muster 40/60 ausgew.;24.07.2021;0;0;0,2166027749;21.821,41;0;EUR
ETF Muster 40/60 ausgew.;25.07.2021;0;0;0,2166027749;21.821,41;0;EUR
ETF Muster 40/60 ausgew.;26.07.2021;-0,0006560829;-79,98;0,2158098555;21.741,43;-0,000188504;EUR
ETF Muster 40/60 ausgew.;27.07.2021;-0,0020940511;-255,10;0,2132785884;21.486,32;-0,000307051;EUR
ETF Muster 40/60 ausgew.;28.07.2021;0,0015983940;194,31;0,2152083520;21.680,64;0,000827677;EUR
ETF Muster 40/60 ausgew.;29.07.2021;0,0025548466;311,08;0,2182972362;21.991,72;-0,000083496;EUR
ETF Muster 40/60 ausgew.;30.07.2021;-0,0011833615;-144,46;0,2168642668;21.847,27;-0,000678573;EUR
ETF Muster 40/60 ausgew.;31.07.2021;0;0;0,2168642668;21.847,27;0;EUR
ETF Muster 40/60 ausgew.;01.08.2021;0;0;0,2168642668;21.847,27;0;EUR
ETF Muster 40/60 ausgew.;02.08.2021;0,0013458697;164,10;0,2184941597;22.011,37;0,000616400;EUR
ETF Muster 40/60 ausgew.;03.08.2021;0,0013643928;166,58;0,2201487072;22.177,95;0,001615711;EUR
ETF Muster 40/60 ausgew.;04.08.2021;0,0014772060;180,60;0,2219424358;22.358,55;-0,000118654;EUR
ETF Muster 40/60 ausgew.;05.08.2021;0,0005871946;71,90;0,2226570971;22.430,45;0,001657660;EUR
ETF Muster 40/60 ausgew.;06.08.2021;-0,0018985468;-232,60;0,2203491964;22.197,85;-0,000225574;EUR
ETF Muster 40/60 ausgew.;07.08.2021;0;0;0,2203491964;22.197,85;0;EUR
ETF Muster 40/60 ausgew.;08.08.2021;0;0;0,2203491964;22.197,85;0;EUR
ETF Muster 40/60 ausgew.;09.08.2021;-0,0012224244;-149,48;0,2188663533;22.048,38;0,000178655;EUR
ETF Muster 40/60 ausgew.;10.08.2021;0,0006799595;83,04;0,2196916619;22.131,42;0,000599326;EUR
ETF Muster 40/60 ausgew.;11.08.2021;0,0013657692;166,92;0,2213495463;22.298,33;0,000238497;EUR
ETF Muster 40/60 ausgew.;12.08.2021;0,0008237888;100,82;0,2223512873;22.399,15;0,000549765;EUR
ETF Muster 40/60 ausgew.;13.08.2021;0,0005821276;71,30;0,2230600372;22.470,45;-0,000451070;EUR
ETF Muster 40/60 ausgew.;14.08.2021;0;0;0,2230600372;22.470,45;0;EUR
ETF Muster 40/60 ausgew.;15.08.2021;0;0;0,2230600372;22.470,45;0;EUR
ETF Muster 40/60 ausgew.;16.08.2021;-0,0007086429;-86,85;0,2221989049;22.383,60;0,000137681;EUR
ETF Muster 40/60 ausgew.;17.08.2021;-0,0008255460;-101,10;0,2211962553;22.282,50;-0,000188530;EUR
ETF Muster 40/60 ausgew.;18.08.2021;0,0003586776;43,89;0,2216329058;22.326,39;-0,001060499;EUR
ETF Muster 40/60 ausgew.;19.08.2021;-0,0021319972;-260,97;0,2190431830;22.065,42;-0,000368362;EUR
ETF Muster 40/60 ausgew.;20.08.2021;0,0013048995;159,39;0,2206264032;22.224,81;0,001332091;EUR
ETF Muster 40/60 ausgew.;21.08.2021;0;0;0,2206264032;22.224,81;0;EUR
ETF Muster 40/60 ausgew.;22.08.2021;0;0;0,2206264032;22.224,81;0;EUR
ETF Muster 40/60 ausgew.;23.08.2021;0,0027915422;341,42;0,2240167042;22.566,23;0,000696474;EUR
ETF Muster 40/60 ausgew.;24.08.2021;0,0008441478;103,53;0,2250454600;22.669,76;0,000163401;EUR
ETF Muster 40/60 ausgew.;25.08.2021;-0,0008422473;-103,39;0,2240200919;22.566,38;-0,000920419;EUR
ETF Muster 40/60 ausgew.;26.08.2021;-0,0012054622;-145,75;0,2225767331;22.420,63;-0,001245811;EUR
ETF Muster 40/60 ausgew.;27.08.2021;0,0018608818;224,72;0,2248112056;22.645,35;0,000971590;EUR
ETF Muster 40/60 ausgew.;28.08.2021;0;0;0,2248112056;22.645,35;0;EUR
ETF Muster 40/60 ausgew.;29.08.2021;0;0;0,2248112056;22.645,35;0;EUR
ETF Muster 40/60 ausgew.;30.08.2021;0,0009613714;116,31;0,2259694789;22.761,67;0,001079741;EUR
ETF Muster 40/60 ausgew.;31.08.2021;-0,0010250137;-124,13;0,2247406826;22.637,53;-0,001627155;EUR
ETF Muster 40/60 ausgew.;01.09.2021;0,0009481820;114,71;0,2258830657;22.752,24;-0,000537180;EUR
ETF Muster 40/60 ausgew.;02.09.2021;0,0013334905;161,48;0,2274897912;22.913,72;0,000852656;EUR
ETF Muster 40/60 ausgew.;03.09.2021;-0,0004025449;-48,81;0,2270087624;22.864,91;-0,000594060;EUR
ETF Muster 40/60 ausgew.;04.09.2021;0;0;0,2270087624;22.864,91;0;EUR
ETF Muster 40/60 ausgew.;05.09.2021;0;0;0,2270087624;22.864,91;0;EUR
ETF Muster 40/60 ausgew.;06.09.2021;0,0012282249;148,87;0,2284903625;23.013,78;0,000765391;EUR
ETF Muster 40/60 ausgew.;07.09.2021;-0,0025793932;-313,02;0,2253860665;22.700,76;-0,001670082;EUR
ETF Muster 40/60 ausgew.;08.09.2021;-0,0018612391;-225,29;0,2231527618;22.475,47;-0,000168548;EUR
ETF Muster 40/60 ausgew.;09.09.2021;0,0003194231;38,59;0,2235394266;22.514,06;0,000185940;EUR
ETF Muster 40/60 ausgew.;10.09.2021;-0,0003215600;-38,86;0,2231570526;22.475,20;-0,001756211;EUR
ETF Muster 40/60 ausgew.;11.09.2021;0;0;0,2231570526;22.475,20;0;EUR
ETF Muster 40/60 ausgew.;12.09.2021;0;0;0,2231570526;22.475,20;0;EUR
ETF Muster 40/60 ausgew.;13.09.2021;0,0006229778;75,27;0,2239078684;22.550,46;0,000626844;EUR
ETF Muster 40/60 ausgew.;14.09.2021;0,0004788837;57,89;0,2244862007;22.608,36;-0,000624603;EUR
ETF Muster 40/60 ausgew.;15.09.2021;-0,0007110869;-86,01;0,2236356965;22.522,35;0,000316021;EUR
ETF Muster 40/60 ausgew.;16.09.2021;-0,0011383285;-137,58;0,2222730189;22.384,77;0,000375408;EUR
ETF Muster 40/60 ausgew.;17.09.2021;-0,0015002801;-181,12;0,2204779446;22.203,64;-0,001846405;EUR
ETF Muster 40/60 ausgew.;18.09.2021;0;0;0,2204779446;22.203,64;0;EUR
ETF Muster 40/60 ausgew.;19.09.2021;0;0;0,2204779446;22.203,64;0;EUR
ETF Muster 40/60 ausgew.;20.09.2021;-0,0045743555;-551,42;0,2150058024;21.652,22;-0,002209193;EUR
ETF Muster 40/60 ausgew.;21.09.2021;0,0027723165;332,66;0,2183124992;21.984,89;0,000569917;EUR
ETF Muster 40/60 ausgew.;22.09.2021;0,0017690686;212,87;0,2204296940;22.197,75;0,001342822;EUR
ETF Muster 40/60 ausgew.;23.09.2021;-0,0005454320;-65,75;0,2197802104;22.132,01;0,000064917;EUR
ETF Muster 40/60 ausgew.;24.09.2021;-0,0005808696;-69,98;0,2190886617;22.062,03;-0,000295866;EUR
ETF Muster 40/60 ausgew.;25.09.2021;0;0;0,2190886617;22.062,03;0;EUR
ETF Muster 40/60 ausgew.;26.09.2021;0;0;0,2190886617;22.062,03;0;EUR
ETF Muster 40/60 ausgew.;27.09.2021;-0,0012322537;-148,37;0,2176186320;21.913,66;-0,000516038;EUR
ETF Muster 40/60 ausgew.;28.09.2021;-0,0070306393;-845,47;0,2092256847;21.068,19;-0,004248647;EUR
ETF Muster 40/60 ausgew.;29.09.2021;0,0011856012;141,57;0,2106348618;21.209,76;0,001449704;EUR
ETF Muster 40/60 ausgew.;30.09.2021;0,0000170101;2,03;0,2106582891;21.211,79;-0,001537142;EUR
ETF Muster 40/60 ausgew.;01.10.2021;-0,0001903556;-22,76;0,2104355021;21.189,03;0,001695310;EUR
ETF Muster 40/60 ausgew.;02.10.2021;0;0;0,2104355021;21.189,03;0;EUR
ETF Muster 40/60 ausgew.;03.10.2021;0;0;0,2104355021;21.189,03;0;EUR
ETF Muster 40/60 ausgew.;04.10.2021;-0,0032587625;-389,52;0,2065701798;20.799,51;-0,002592319;EUR
ETF Muster 40/60 ausgew.;05.10.2021;0,0024382767;290,50;0,2094584750;21.090,01;0,001382941;EUR
ETF Muster 40/60 ausgew.;06.10.2021;-0,0013136888;-156,90;0,2079034097;20.933,11;0,000574001;EUR
ETF Muster 40/60 ausgew.;07.10.2021;0,0031772426;378,97;0,2116704436;21.312,08;0,002002691;EUR
ETF Muster 40/60 ausgew.;08.10.2021;-0,0018993563;-227,27;0,2094164429;21.084,81;-0,001345702;EUR
ETF Muster 40/60 ausgew.;09.10.2021;0;0;0,2094164429;21.084,81;0;EUR
ETF Muster 40/60 ausgew.;10.10.2021;0;0;0,2094164429;21.084,81;0;EUR
ETF Muster 40/60 ausgew.;11.10.2021;-0,0007959092;-95,05;0,2084755387;20.989,76;-0,001769465;EUR
ETF Muster 40/60 ausgew.;12.10.2021;0,0001786138;21,31;0,2086904058;21.011,08;-0,001043784;EUR
ETF Muster 40/60 ausgew.;13.10.2021;0,0030316566;361,84;0,2122875352;21.372,91;0,001193557;EUR
ETF Muster 40/60 ausgew.;14.10.2021;0,0053523376;640,75;0,2186551660;22.013,67;0,004107687;EUR
ETF Muster 40/60 ausgew.;15.10.2021;0,0004848529;58,35;0,2192381017;22.072,02;0,001271056;EUR
ETF Muster 40/60 ausgew.;16.10.2021;0;0;0,2192381017;22.072,02;0;EUR
ETF Muster 40/60 ausgew.;17.10.2021;0;0;0,2192381017;22.072,02;0;EUR
ETF Muster 40/60 ausgew.;18.10.2021;-0,0011894748;-143,23;0,2178187168;21.928,79;-0,000826150;EUR
ETF Muster 40/60 ausgew.;19.10.2021;0,0013164194;158,33;0,2193946846;22.087,12;-0,000317457;EUR
ETF Muster 40/60 ausgew.;20.10.2021;0,0017080694;205,70;0,2214412801;22.292,82;0,001220448;EUR
ETF Muster 40/60 ausgew.;21.10.2021;-0,0000435714;-5,26;0,2213923996;22.287,56;-0,000726526;EUR
ETF Muster 40/60 ausgew.;22.10.2021;0,0017908643;216,03;0,2235416909;22.503,59;-0,000204781;EUR
ETF Muster 40/60 ausgew.;23.10.2021;0;0;0,2235416909;22.503,59;0;EUR
ETF Muster 40/60 ausgew.;24.10.2021;0;0;0,2235416909;22.503,59;0;EUR
ETF Muster 40/60 ausgew.;25.10.2021;0,0038083206;460,22;0,2281167375;22.963,81;0,001927552;EUR
ETF Muster 40/60 ausgew.;26.10.2021;0,0002943107;35,70;0,2284748121;22.999,51;0,000884936;EUR
ETF Muster 40/60 ausgew.;27.10.2021;-0,0005488649;-66,60;0,2278166247;22.932,91;0,000160066;EUR
ETF Muster 40/60 ausgew.;28.10.2021;0,0000929377;11,27;0,2279319988;22.944,19;-0,000609874;EUR
ETF Muster 40/60 ausgew.;29.10.2021;0,0008567592;103,91;0,2289677087;23.048,10;-0,000548243;EUR
ETF Muster 40/60 ausgew.;30.10.2021;0;0;0,2289677087;23.048,10;0;EUR
ETF Muster 40/60 ausgew.;31.10.2021;0;0;0,2289677087;23.048,10;0;EUR
ETF Muster 40/60 ausgew.;01.11.2021;0,0026169424;317,67;0,2321270177;23.365,77;0,000930064;EUR
ETF Muster 40/60 ausgew.;02.11.2021;0,0017329948;210,92;0,2342258754;23.576,69;0,003173536;EUR
ETF Muster 40/60 ausgew.;03.11.2021;-0,0004729541;-57,66;0,2336565008;23.519,03;0,000970050;EUR
ETF Muster 40/60 ausgew.;04.11.2021;0,0068354635;832,98;0,2419355291;24.352,00;0,003598976;EUR
ETF Muster 40/60 ausgew.;05.11.2021;0,0012693753;155,74;0,2434864531;24.507,75;0,001780842;EUR
ETF Muster 40/60 ausgew.;06.11.2021;0;0;0,2434864531;24.507,75;0;EUR
ETF Muster 40/60 ausgew.;07.11.2021;0;0;0,2434864531;24.507,75;0;EUR
ETF Muster 40/60 ausgew.;08.11.2021;0,0001158320;14,23;0,2436314383;24.521,98;-0,000708395;EUR
ETF Muster 40/60 ausgew.;09.11.2021;-0,0004656233;-57,21;0,2430666579;24.464,77;0,000273556;EUR
ETF Muster 40/60 ausgew.;10.11.2021;0,0011857408;145,62;0,2445170294;24.610,38;-0,001554194;EUR
ETF Muster 40/60 ausgew.;11.11.2021;0,0018170291;223,41;0,2467403444;24.833,79;0,000078109;EUR
ETF Muster 40/60 ausgew.;12.11.2021;0,0029459757;362,87;0,2503494155;25.196,66;0,002602723;EUR
ETF Muster 40/60 ausgew.;13.11.2021;0;0;0,2503494155;25.196,66;0;EUR
ETF Muster 40/60 ausgew.;14.11.2021;0;0;0,2503494155;25.196,66;0;EUR
ETF Muster 40/60 ausgew.;15.11.2021;0,0007516614;92,86;0,2512757462;25.289,52;0,000107857;EUR
ETF Muster 40/60 ausgew.;16.11.2021;0,0013934459;172,27;0,2529911703;25.461,80;0,001407359;EUR
ETF Muster 40/60 ausgew.;17.11.2021;-0,0002777499;-34,39;0,2526532130;25.427,41;-0,000327582;EUR
ETF Muster 40/60 ausgew.;18.11.2021;-0,0002298493;-28,45;0,2523742451;25.398,96;0,000485039;EUR
ETF Muster 40/60 ausgew.;19.11.2021;0,0031517862;390,00;0,2562532401;25.788,97;0,002032324;EUR
ETF Muster 40/60 ausgew.;20.11.2021;0;0;0,2562532401;25.788,97;0;EUR
ETF Muster 40/60 ausgew.;21.11.2021;0;0;0,2562532401;25.788,97;0;EUR
ETF Muster 40/60 ausgew.;22.11.2021;-0,0032339076;-401,43;0,2522681272;25.387,54;-0,000711026;EUR
ETF Muster 40/60 ausgew.;23.11.2021;-0,0058689170;-726,16;0,2450561051;24.661,38;-0,002475299;EUR
ETF Muster 40/60 ausgew.;24.11.2021;0,0014375594;176,82;0,2468167823;24.838,21;0,000638274;EUR
ETF Muster 40/60 ausgew.;25.11.2021;0,0000906846;11,17;0,2469313823;24.849,38;0,000349465;EUR
ETF Muster 40/60 ausgew.;26.11.2021;-0,0111170595;-1.369,52;0,2333256445;23.479,85;-0,004831892;EUR
ETF Muster 40/60 ausgew.;27.11.2021;0;0;0,2333256445;23.479,85;0;EUR
ETF Muster 40/60 ausgew.;28.11.2021;0;0;0,2333256445;23.479,85;0;EUR
ETF Muster 40/60 ausgew.;29.11.2021;0,0036897854;449,50;0,2377958640;23.929,35;0,001925897;EUR
ETF Muster 40/60 ausgew.;30.11.2021;-0,0054454701;-665,82;0,2311826497;23.263,52;-0,002588948;EUR
ETF Muster 40/60 ausgew.;01.12.2021;0,0010149389;123,42;0,2324125334;23.386,95;-0,002657928;EUR
ETF Muster 40/60 ausgew.;02.12.2021;0,0002200323;26,78;0,2326820773;23.413,73;0,003431404;EUR
ETF Muster 40/60 ausgew.;03.12.2021;-0,0016980512;-206,75;0,2306307910;23.206,98;-0,000955945;EUR
ETF Muster 40/60 ausgew.;04.12.2021;0;0;0,2306307910;23.206,98;0;EUR
ETF Muster 40/60 ausgew.;05.12.2021;0;0;0,2306307910;23.206,98;0;EUR
ETF Muster 40/60 ausgew.;06.12.2021;0,0038938148;473,29;0,2353377288;23.680,27;0,002717220;EUR
ETF Muster 40/60 ausgew.;07.12.2021;0,0093372280;1.139,35;0,2466642848;24.819,62;0,004454365;EUR
ETF Muster 40/60 ausgew.;08.12.2021;-0,0034785887;-428,43;0,2424099403;24.391,19;-0,002256518;EUR
ETF Muster 40/60 ausgew.;09.12.2021;-0,0003616536;-44,39;0,2419722874;24.346,81;0,000528969;EUR
ETF Muster 40/60 ausgew.;10.12.2021;0,0002711373;33,27;0,2423063811;24.380,07;0,000567520;EUR
ETF Muster 40/60 ausgew.;11.12.2021;0;0;0,2423063811;24.380,07;0;EUR
ETF Muster 40/60 ausgew.;12.12.2021;0;0;0,2423063811;24.380,07;0;EUR
ETF Muster 40/60 ausgew.;13.12.2021;-0,0004741083;-58,18;0,2417315826;24.321,89;-0,000343446;EUR
ETF Muster 40/60 ausgew.;14.12.2021;-0,0041537304;-509,51;0,2366710117;23.812,38;-0,001897848;EUR
ETF Muster 40/60 ausgew.;15.12.2021;0,0022081810;269,74;0,2393553691;24.082,11;0,002532978;EUR
ETF Muster 40/60 ausgew.;16.12.2021;0,0010418940;127,55;0,2406265747;24.209,67;-0,001809645;EUR
ETF Muster 40/60 ausgew.;17.12.2021;-0,0010059001;-123,27;0,2394047340;24.086,39;-0,000308755;EUR
ETF Muster 40/60 ausgew.;18.12.2021;0;0;0,2394047340;24.086,39;0;EUR
ETF Muster 40/60 ausgew.;19.12.2021;0;0;0,2394047340;24.086,39;0;EUR
ETF Muster 40/60 ausgew.;20.12.2021;-0,0056631520;-693,33;0,2325167566;23.393,06;-0,002595838;EUR
ETF Muster 40/60 ausgew.;21.12.2021;0,0039315609;478,61;0,2372772924;23.871,67;0,002132765;EUR
ETF Muster 40/60 ausgew.;22.12.2021;0,0021875638;267,35;0,2399380847;24.139,02;0,000358165;EUR
ETF Muster 40/60 ausgew.;23.12.2021;0,0029058518;355,91;0,2434792471;24.494,93;0,000474078;EUR
ETF Muster 40/60 ausgew.;24.12.2021;0,0000138158;1,70;0,2434995724;24.496,63;-0,000312073;EUR
ETF Muster 40/60 ausgew.;25.12.2021;0;0;0,2434995724;24.496,63;0;EUR
ETF Muster 40/60 ausgew.;26.12.2021;0;0;0,2434995724;24.496,63;0;EUR
ETF Muster 40/60 ausgew.;27.12.2021;0,0003105163;38,14;0,2438821794;24.534,77;0,002091913;EUR
ETF Muster 40/60 ausgew.;28.12.2021;0,0011616219;142,74;0,2453044882;24.677,51;-0,000010066;EUR
ETF Muster 40/60 ausgew.;29.12.2021;0,0007418920;91,27;0,2462152019;24.768,78;-0,001681733;EUR
ETF Muster 40/60 ausgew.;30.12.2021;0,0005093992;62,71;0,2468420844;24.831,49;-0,000463146;EUR
ETF Muster 40/60 ausgew.;31.12.2021;-0,0009219828;-113,56;0,2457166491;24.717,92;-0,001041079;EUR
ETF Muster 40/60 ausgew.;01.01.2022;0;0;0,2457166491;24.717,92;0;EUR
ETF Muster 40/60 ausgew.;02.01.2022;0;0;0,2457166491;24.717,92;0;EUR
ETF Muster 40/60 ausgew.;03.01.2022;-0,0003440316;-42,34;0,2452992457;24.675,59;0,000769455;EUR
ETF Muster 40/60 ausgew.;04.01.2022;0,0021633318;266,13;0,2479482999;24.941,72;0,000246644;EUR
ETF Muster 40/60 ausgew.;05.01.2022;-0,0040664450;-501,33;0,2429679800;24.440,39;-0,003212460;EUR
ETF Muster 40/60 ausgew.;06.01.2022;-0,0049816916;-611,66;0,2368906088;23.828,73;-0,001417648;EUR
ETF Muster 40/60 ausgew.;07.01.2022;-0,0030101545;-367,75;0,2332379101;23.460,97;-0,001951579;EUR
ETF Muster 40/60 ausgew.;08.01.2022;0;0;0,2332379101;23.460,97;0;EUR
ETF Muster 40/60 ausgew.;09.01.2022;0;0;0,2332379101;23.460,97;0;EUR
ETF Muster 40/60 ausgew.;10.01.2022;-0,0028120730;-342,52;0,2298359719;23.118,46;-0,000460089;EUR
ETF Muster 40/60 ausgew.;11.01.2022;0,0008623401;104,74;0,2308804915;23.223,20;0,000940284;EUR
ETF Muster 40/60 ausgew.;12.01.2022;0,0004629607;56,28;0,2314432471;23.279,48;0,000671157;EUR
ETF Muster 40/60 ausgew.;13.01.2022;-0,0043753477;-532,14;0,2261559395;22.747,34;-0,001984944;EUR
ETF Muster 40/60 ausgew.;14.01.2022;0,0005111637;61,90;0,2267744781;22.809,24;-0,001288189;EUR
ETF Muster 40/60 ausgew.;15.01.2022;0;0;0,2267744781;22.809,24;0;EUR
ETF Muster 40/60 ausgew.;16.01.2022;0;0;0,2267744781;22.809,24;0;EUR
ETF Muster 40/60 ausgew.;17.01.2022;0,0000756077;9,16;0,2268687053;22.818,40;-0,000241005;EUR
ETF Muster 40/60 ausgew.;18.01.2022;-0,0023879411;-289,32;0,2239952596;22.529,07;-0,002441655;EUR
ETF Muster 40/60 ausgew.;19.01.2022;0,0001536696;18,57;0,2241830452;22.547,65;-0,002052949;EUR
ETF Muster 40/60 ausgew.;20.01.2022;0,0002152732;26,02;0,2244449066;22.573,67;-0,000375796;EUR
ETF Muster 40/60 ausgew.;21.01.2022;-0,0042414076;-512,85;0,2193487723;22.060,82;-0,002646845;EUR
ETF Muster 40/60 ausgew.;22.01.2022;0;0;0,2193487723;22.060,82;0;EUR
ETF Muster 40/60 ausgew.;23.01.2022;0;0;0,2193487723;22.060,82;0;EUR
ETF Muster 40/60 ausgew.;24.01.2022;-0,0012814916;-154,30;0,2178176428;21.906,52;0,000240581;EUR
ETF Muster 40/60 ausgew.;25.01.2022;-0,0007615345;-91,57;0,2169101211;21.814,95;-0,001800859;EUR
ETF Muster 40/60 ausgew.;26.01.2022;0,0000980723;11,78;0,2170302861;21.826,74;-0,000201542;EUR
ETF Muster 40/60 ausgew.;27.01.2022;-0,0022229778;-267,13;0,2143770590;21.559,60;-0,000166880;EUR
ETF Muster 40/60 ausgew.;28.01.2022;0,0006949273;83,32;0,2152085374;21.642,93;0,002349780;EUR
ETF Muster 40/60 ausgew.;29.01.2022;0;0;0,2152085374;21.642,93;0;EUR
ETF Muster 40/60 ausgew.;30.01.2022;0;0;0,2152085374;21.642,93;0;EUR
ETF Muster 40/60 ausgew.;31.01.2022;0,0019489927;233,85;0,2175368320;21.876,78;0,000726245;EUR
ETF Muster 40/60 ausgew.;01.02.2022;0,0007401156;88,98;0,2184245808;21.965,75;0,000335797;EUR
ETF Muster 40/60 ausgew.;02.02.2022;0,0008650013;104,07;0,2194624109;22.069,82;0,000602657;EUR
ETF Muster 40/60 ausgew.;03.02.2022;-0,0115051875;-1.385,36;0,2056892103;20.684,46;-0,010382166;EUR
ETF Muster 40/60 ausgew.;04.02.2022;-0,0049629457;-590,72;0,1998177281;20.093,74;-0,003466744;EUR
ETF Muster 40/60 ausgew.;05.02.2022;0;0;0,1998177281;20.093,74;0;EUR
ETF Muster 40/60 ausgew.;06.02.2022;0;0;0,1998177281;20.093,74;0;EUR
ETF Muster 40/60 ausgew.;07.02.2022;0,0002392236;28,33;0,2001022088;20.122,07;-0,001887611;EUR
ETF Muster 40/60 ausgew.;08.02.2022;0,0017022657;201,66;0,2021103278;20.323,73;0,001285248;EUR
ETF Muster 40/60 ausgew.;09.02.2022;0,0057319465;680,18;0,2088773055;21.003,91;0,004759739;EUR
ETF Muster 40/60 ausgew.;10.02.2022;-0,0050830936;-606,65;0,2028471656;20.397,27;-0,004921493;EUR
ETF Muster 40/60 ausgew.;11.02.2022;-0,0020426570;-242,54;0,2004378407;20.154,72;-0,002308067;EUR
ETF Muster 40/60 ausgew.;12.02.2022;0;0;0,2004378407;20.154,72;0;EUR
ETF Muster 40/60 ausgew.;13.02.2022;0;0;0,2004378407;20.154,72;0;EUR
ETF Muster 40/60 ausgew.;14.02.2022;0,0016674026;197,58;0,2024055280;20.352,30;0,000065446;EUR
ETF Muster 40/60 ausgew.;15.02.2022;0,0011447610;135,88;0,2037595946;20.488,18;0,000711571;EUR
ETF Muster 40/60 ausgew.;16.02.2022;0,0016193609;192,43;0,2056761273;20.680,61;0,001657173;EUR
ETF Muster 40/60 ausgew.;17.02.2022;-0,0006495958;-77,32;0,2049099587;20.603,29;-0,002145565;EUR
ETF Muster 40/60 ausgew.;18.02.2022;-0,0003927395;-46,71;0,2044481225;20.556,58;-0,000106170;EUR
ETF Muster 40/60 ausgew.;19.02.2022;0;0;0,2044481225;20.556,58;0;EUR
ETF Muster 40/60 ausgew.;20.02.2022;0;0;0,2044481225;20.556,58;0;EUR
ETF Muster 40/60 ausgew.;21.02.2022;-0,0011848886;-140,88;0,2030497084;20.415,70;-0,000940279;EUR
ETF Muster 40/60 ausgew.;22.02.2022;-0,0032029751;-380,38;0,1992692496;20.035,32;-0,003960302;EUR
ETF Muster 40/60 ausgew.;23.02.2022;-0,0018666680;-220,97;0,1970741487;19.814,35;-0,002379430;EUR
ETF Muster 40/60 ausgew.;24.02.2022;0,0050749424;599,64;0,2030408765;20.413,98;0,004019872;EUR
ETF Muster 40/60 ausgew.;25.02.2022;-0,0000543780;-6,46;0,2029793729;20.407,53;0,001715269;EUR
ETF Muster 40/60 ausgew.;26.02.2022;0;0;0,2029793729;20.407,53;0;EUR
ETF Muster 40/60 ausgew.;27.02.2022;0;0;0,2029793729;20.407,53;0;EUR
ETF Muster 40/60 ausgew.;28.02.2022;0,0038581360;458,15;0,2075390659;20.865,68;0,001741914;EUR
ETF Muster 40/60 ausgew.;01.03.2022;0,0060646273;722,95;0,2147327085;21.588,63;0,005919155;EUR
ETF Muster 40/60 ausgew.;02.03.2022;0,0000162114;1,94;0,2147549204;21.590,57;0,000995427;EUR
ETF Muster 40/60 ausgew.;03.03.2022;0,0006207695;74,45;0,2154983359;21.665,02;-0,002065319;EUR
ETF Muster 40/60 ausgew.;04.03.2022;0,0030667088;368,03;0,2191619554;22.033,05;0,003097755;EUR
ETF Muster 40/60 ausgew.;05.03.2022;0;0;0,2191619554;22.033,05;0;EUR
ETF Muster 40/60 ausgew.;06.03.2022;0;0;0,2191619554;22.033,05;0;EUR
ETF Muster 40/60 ausgew.;07.03.2022;-0,0046951933;-565,18;0,2135429426;21.467,86;-0,008363765;EUR
ETF Muster 40/60 ausgew.;08.03.2022;0,0014253680;170,77;0,2152445037;21.638,64;-0,005441569;EUR
ETF Muster 40/60 ausgew.;09.03.2022;-0,0023294025;-279,48;0,2124672492;21.359,15;0,000360868;EUR
ETF Muster 40/60 ausgew.;10.03.2022;-0,0028101014;-336,37;0,2091240134;21.022,78;-0,002655745;EUR
ETF Muster 40/60 ausgew.;11.03.2022;-0,0002013837;-24,04;0,2088876660;20.998,74;-0,001994173;EUR
ETF Muster 40/60 ausgew.;12.03.2022;0;0;0,2088876660;20.998,74;0;EUR
ETF Muster 40/60 ausgew.;13.03.2022;0;0;0,2088876660;20.998,74;0;EUR
ETF Muster 40/60 ausgew.;14.03.2022;-0,0045492170;-542,91;0,2034897339;20.455,84;-0,003755704;EUR
ETF Muster 40/60 ausgew.;15.03.2022;0,0013696575;162,06;0,2051051882;20.617,90;0,005376467;EUR
ETF Muster 40/60 ausgew.;16.03.2022;0,0022829633;270,50;0,2077994083;20.888,40;0,002227218;EUR
ETF Muster 40/60 ausgew.;17.03.2022;0,0034555988;410,37;0,2118852123;21.298,77;0,000828455;EUR
ETF Muster 40/60 ausgew.;18.03.2022;0,0027322094;325,59;0,2151276679;21.624,35;0,004185190;EUR
ETF Muster 40/60 ausgew.;19.03.2022;0;0;0,2151276679;21.624,35;0;EUR
ETF Muster 40/60 ausgew.;20.03.2022;0;0;0,2151276679;21.624,35;0;EUR
ETF Muster 40/60 ausgew.;21.03.2022;-0,0000674737;-8,06;0,2150509077;21.616,29;-0,001964008;EUR
ETF Muster 40/60 ausgew.;22.03.2022;0,0004627765;55,29;0,2156044567;21.671,58;0,000243668;EUR
ETF Muster 40/60 ausgew.;23.03.2022;-0,0004475837;-53,50;0,2150756070;21.618,08;-0,000601429;EUR
ETF Muster 40/60 ausgew.;24.03.2022;0,0034019170;406,48;0,2191231060;22.024,56;0,000455007;EUR
ETF Muster 40/60 ausgew.;25.03.2022;-0,0006503321;-77,97;0,2183508724;21.946,59;-0,000347818;EUR
ETF Muster 40/60 ausgew.;26.03.2022;0;0;0,2183508724;21.946,59;0;EUR
ETF Muster 40/60 ausgew.;27.03.2022;0;0;0,2183508724;21.946,59;0;EUR
ETF Muster 40/60 ausgew.;28.03.2022;0,0001258381;15,08;0,2185043607;21.961,67;0,000129580;EUR
ETF Muster 40/60 ausgew.;29.03.2022;-0,0009645815;-115,58;0,2173578319;21.846,08;-0,000837963;EUR
ETF Muster 40/60 ausgew.;30.03.2022;-0,0025261067;-302,41;0,2143524328;21.543,67;-0,002687880;EUR
ETF Muster 40/60 ausgew.;31.03.2022;0,0017210797;205,52;0,2164006767;21.749,19;0,001387879;EUR
ETF Muster 40/60 ausgew.;01.04.2022;0,0007068980;84,56;0,2172454444;21.833,75;0,001090259;EUR
ETF Muster 40/60 ausgew.;02.04.2022;0;0;0,2172454444;21.833,75;0;EUR
ETF Muster 40/60 ausgew.;03.04.2022;0;0;0,2172454444;21.833,75;0;EUR
ETF Muster 40/60 ausgew.;04.04.2022;0,0041302908;494,40;0,2221682205;22.328,14;0,004135406;EUR
ETF Muster 40/60 ausgew.;05.04.2022;-0,0019567186;-235,19;0,2198315480;22.092,96;-0,004032846;EUR
ETF Muster 40/60 ausgew.;06.04.2022;-0,0033170929;-397,92;0,2158755589;21.695,04;-0,003187980;EUR
ETF Muster 40/60 ausgew.;07.04.2022;0,0004668706;55,82;0,2164344104;21.750,86;-0,000845131;EUR
ETF Muster 40/60 ausgew.;08.04.2022;0,0005258059;62,90;0,2170636846;21.813,75;-0,000177971;EUR
ETF Muster 40/60 ausgew.;09.04.2022;0;0;0,2170636846;21.813,75;0;EUR
ETF Muster 40/60 ausgew.;10.04.2022;0;0;0,2170636846;21.813,75;0;EUR
ETF Muster 40/60 ausgew.;11.04.2022;-0,0051921561;-621,40;0,2108835932;21.192,35;-0,006478619;EUR
ETF Muster 40/60 ausgew.;12.04.2022;0,0016229755;193,23;0,2128097612;21.385,58;0,000410931;EUR
ETF Muster 40/60 ausgew.;13.04.2022;0,0013290331;158,49;0,2143902822;21.544,07;0,002969820;EUR
ETF Muster 40/60 ausgew.;14.04.2022;-0,0007897419;-94,30;0,2134551928;21.449,77;-0,001597739;EUR
ETF Muster 40/60 ausgew.;15.04.2022;0,0002542451;30,34;0,2137604264;21.480,11;-0,000065448;EUR
ETF Muster 40/60 ausgew.;16.04.2022;0;0;0,2137604264;21.480,11;0;EUR
ETF Muster 40/60 ausgew.;17.04.2022;0;0;0,2137604264;21.480,11;0;EUR
ETF Muster 40/60 ausgew.;18.04.2022;0,0002604247;31,08;0,2140730819;21.511,19;-0,000687344;EUR
ETF Muster 40/60 ausgew.;19.04.2022;-0,0006673696;-79,67;0,2132835724;21.431,52;-0,000249501;EUR
ETF Muster 40/60 ausgew.;20.04.2022;-0,0005622333;-67,07;0,2126193873;21.364,44;0,000610181;EUR
ETF Muster 40/60 ausgew.;21.04.2022;-0,0042038853;-501,23;0,2076343293;20.863,21;-0,004434069;EUR
ETF Muster 40/60 ausgew.;22.04.2022;-0,0057561959;-683,43;0,2008358092;20.179,78;-0,005909988;EUR
ETF Muster 40/60 ausgew.;23.04.2022;0;0;0,2008358092;20.179,78;0;EUR
ETF Muster 40/60 ausgew.;24.04.2022;0;0;0,2008358092;20.179,78;0;EUR
ETF Muster 40/60 ausgew.;25.04.2022;0,0009115334;107,60;0,2019098573;20.287,38;0,004035729;EUR
ETF Muster 40/60 ausgew.;26.04.2022;-0,0027264489;-322,14;0,1987068384;19.965,24;-0,002421966;EUR
ETF Muster 40/60 ausgew.;27.04.2022;0,0009803876;115,52;0,1998596825;20.080,76;0,001945354;EUR
ETF Muster 40/60 ausgew.;28.04.2022;0,0022582689;266,36;0,2025138247;20.347,12;0,000982170;EUR
ETF Muster 40/60 ausgew.;29.04.2022;-0,0031144164;-368,17;0,1988525529;19.978,95;-0,006689598;EUR
ETF Muster 40/60 ausgew.;30.04.2022;0;0;0,1988525529;19.978,95;0;EUR
ETF Muster 40/60 ausgew.;01.05.2022;0;0;0,1988525529;19.978,95;0;EUR
ETF Muster 40/60 ausgew.;02.05.2022;-0,0026435270;-311,53;0,1957549062;19.667,42;0,000493221;EUR
ETF Muster 40/60 ausgew.;03.05.2022;0,0011841929;139,18;0,1971432802;19.806,60;0,000590447;EUR
ETF Muster 40/60 ausgew.;04.05.2022;0,0007978135;93,88;0,1980807794;19.900,48;0,002081364;EUR
ETF Muster 40/60 ausgew.;05.05.2022;-0,0043862438;-516,56;0,1929421782;19.383,93;-0,006063468;EUR
ETF Muster 40/60 ausgew.;06.05.2022;-0,0059516801;-697,84;0,1859989486;18.686,09;-0,007143251;EUR
ETF Muster 40/60 ausgew.;07.05.2022;0;0;0,1859989486;18.686,09;0;EUR
ETF Muster 40/60 ausgew.;08.05.2022;0;0;0,1859989486;18.686,09;0;EUR
ETF Muster 40/60 ausgew.;09.05.2022;-0,0077521091;-903,53;0,1770080385;17.782,56;-0,004539797;EUR
ETF Muster 40/60 ausgew.;10.05.2022;0,0015629416;180,75;0,1788100088;17.963,31;0,002996855;EUR
ETF Muster 40/60 ausgew.;11.05.2022;-0,0009345794;-108,25;0,1777351722;17.855,06;-0,001639884;EUR
ETF Muster 40/60 ausgew.;12.05.2022;0,0042732787;494,51;0,1826605084;18.349,57;0,005897600;EUR
ETF Muster 40/60 ausgew.;13.05.2022;0,0024902336;289,41;0,1855442371;18.638,98;0,003304230;EUR
ETF Muster 40/60 ausgew.;14.05.2022;0;0;0,1855442371;18.638,98;0;EUR
ETF Muster 40/60 ausgew.;15.05.2022;0;0;0,1855442371;18.638,98;0;EUR
ETF Muster 40/60 ausgew.;16.05.2022;-0,0011105709;-129,39;0,1842590450;18.509,59;-0,000213453;EUR
ETF Muster 40/60 ausgew.;17.05.2022;-0,0004659591;-54,23;0,1837220367;18.455,36;-0,001845309;EUR
ETF Muster 40/60 ausgew.;18.05.2022;-0,0051665972;-600,99;0,1777419290;17.854,37;-0,005216416;EUR
ETF Muster 40/60 ausgew.;19.05.2022;-0,0012139683;-140,48;0,1763461064;17.713,89;-0,001093897;EUR
ETF Muster 40/60 ausgew.;20.05.2022;0,0004294375;49,63;0,1768429241;17.763,53;0,001180702;EUR
ETF Muster 40/60 ausgew.;21.05.2022;0;0;0,1768429241;17.763,53;0;EUR
ETF Muster 40/60 ausgew.;22.05.2022;0;0;0,1768429241;17.763,53;0;EUR
ETF Muster 40/60 ausgew.;23.05.2022;-0,0006606446;-76,39;0,1760851030;17.687,13;-0,000222386;EUR
ETF Muster 40/60 ausgew.;24.05.2022;-0,0010609552;-122,60;0,1748672326;17.564,54;-0,001136364;EUR
ETF Muster 40/60 ausgew.;25.05.2022;0,0025137544;290,17;0,1777587358;17.854,70;0,002543026;EUR
ETF Muster 40/60 ausgew.;26.05.2022;0,0019308579;223,44;0,1799860166;18.078,15;0,001855120;EUR
ETF Muster 40/60 ausgew.;27.05.2022;0,0061826920;716,85;0,1871258292;18.795,00;0,005364696;EUR
ETF Muster 40/60 ausgew.;28.05.2022;0;0;0,1871258292;18.795,00;0;EUR
ETF Muster 40/60 ausgew.;29.05.2022;0;0;0,1871258292;18.795,00;0;EUR
ETF Muster 40/60 ausgew.;30.05.2022;-0,0016628946;-194,00;0,1851971718;18.601,00;-0,002739652;EUR
ETF Muster 40/60 ausgew.;31.05.2022;-0,0035869847;-417,77;0,1810404773;18.183,23;-0,002799471;EUR
ETF Muster 40/60 ausgew.;01.06.2022;-0,0002762304;-32,06;0,1807240333;18.151,18;-0,001920176;EUR
ETF Muster 40/60 ausgew.;02.06.2022;-0,0005002049;-58,03;0,1801489378;18.093,14;0,000272192;EUR
ETF Muster 40/60 ausgew.;03.06.2022;-0,0020381760;-236,35;0,1777983659;17.856,80;-0,004039490;EUR
ETF Muster 40/60 ausgew.;04.06.2022;0;0;0,1777983659;17.856,80;0;EUR
ETF Muster 40/60 ausgew.;05.06.2022;0;0;0,1777983659;17.856,80;0;EUR
ETF Muster 40/60 ausgew.;06.06.2022;0,0008766632;101,45;0,1788111875;17.958,25;-0,000665326;EUR
ETF Muster 40/60 ausgew.;07.06.2022;0,0013877031;160,73;0,1804143010;18.118,98;0,002470369;EUR
ETF Muster 40/60 ausgew.;08.06.2022;-0,0031322712;-363,30;0,1767995102;17.755,68;-0,004045646;EUR
ETF Muster 40/60 ausgew.;09.06.2022;-0,0057640249;-666,45;0,1701659716;17.089,23;-0,006730641;EUR
ETF Muster 40/60 ausgew.;10.06.2022;-0,0043839760;-503,96;0,1651502142;16.585,26;-0,007230204;EUR
ETF Muster 40/60 ausgew.;11.06.2022;0;0;0,1651502142;16.585,26;0;EUR
ETF Muster 40/60 ausgew.;12.06.2022;0;0;0,1651502142;16.585,26;0;EUR
ETF Muster 40/60 ausgew.;13.06.2022;-0,0122179645;-1.398,37;0,1512279790;15.186,89;-0,011903526;EUR
ETF Muster 40/60 ausgew.;14.06.2022;-0,0052157829;-589,66;0,1453583963;14.597,23;-0,005160737;EUR
ETF Muster 40/60 ausgew.;15.06.2022;0,0055531553;624,53;0,1515796966;15.221,76;0,005745062;EUR
ETF Muster 40/60 ausgew.;16.06.2022;-0,0088287699;-998,43;0,1416393129;14.223,32;-0,010180281;EUR
ETF Muster 40/60 ausgew.;17.06.2022;0,0023303268;261,21;0,1442426182;14.484,53;0,001412716;EUR
ETF Muster 40/60 ausgew.;18.06.2022;0;0;0,1442426182;14.484,53;0;EUR
ETF Muster 40/60 ausgew.;19.06.2022;0;0;0,1442426182;14.484,53;0;EUR
ETF Muster 40/60 ausgew.;20.06.2022;-0,0017591329;-197,64;0,1422765455;14.286,89;-0,002105552;EUR
ETF Muster 40/60 ausgew.;21.06.2022;0,0030449371;341,50;0,1456795588;14.628,39;0,002562983;EUR
ETF Muster 40/60 ausgew.;22.06.2022;0,0002245761;25,26;0,1459333155;14.653,66;0,002936756;EUR
ETF Muster 40/60 ausgew.;23.06.2022;0,0052098856;586,22;0,1517736196;15.239,87;0,009101486;EUR
ETF Muster 40/60 ausgew.;24.06.2022;0,0046204099;522,60;0,1569804987;15.762,47;0,005202868;EUR
ETF Muster 40/60 ausgew.;25.06.2022;0;0;0,1569804987;15.762,47;0;EUR
ETF Muster 40/60 ausgew.;26.06.2022;0;0;0,1569804987;15.762,47;0;EUR
ETF Muster 40/60 ausgew.;27.06.2022;-0,0032213983;-366,05;0,1533372713;15.396,43;-0,003973831;EUR
ETF Muster 40/60 ausgew.;28.06.2022;-0,0030137886;-341,35;0,1499398690;15.055,08;-0,004777191;EUR
ETF Muster 40/60 ausgew.;29.06.2022;0,0005534346;62,49;0,1505645010;15.117,57;0,003516862;EUR
ETF Muster 40/60 ausgew.;30.06.2022;-0,0002754131;-31,12;0,1502567969;15.086,45;0,001999511;EUR
ETF Muster 40/60 ausgew.;01.07.2022;0,0061858172;698,71;0,1572180465;15.785,16;0,008332393;EUR
ETF Muster 40/60 ausgew.;02.07.2022;0;0;0,1572180465;15.785,16;0;EUR
ETF Muster 40/60 ausgew.;03.07.2022;0;0;0,1572180465;15.785,16;0;EUR
ETF Muster 40/60 ausgew.;04.07.2022;-0,0013042357;-148,23;0,1557439932;15.636,93;-0,004346693;EUR
ETF Muster 40/60 ausgew.;05.07.2022;0,0038561610;437,69;0,1601057266;16.074,62;0,008121224;EUR
ETF Muster 40/60 ausgew.;06.07.2022;0,0037193464;423,79;0,1643291264;16.498,41;0,003603628;EUR
ETF Muster 40/60 ausgew.;07.07.2022;0,0030971959;354,21;0,1678596372;16.852,62;0,000650054;EUR
ETF Muster 40/60 ausgew.;08.07.2022;0,0004747641;54,46;0,1684045917;16.907,09;0,000283625;EUR
ETF Muster 40/60 ausgew.;09.07.2022;0;0;0,1684045917;16.907,09;0;EUR
ETF Muster 40/60 ausgew.;10.07.2022;0;0;0,1684045917;16.907,09;0;EUR
ETF Muster 40/60 ausgew.;11.07.2022;0,0022082171;253,45;0,1709315575;17.160,53;0,002859508;EUR
ETF Muster 40/60 ausgew.;12.07.2022;0,0012473992;143,49;0,1723632885;17.304,02;0,002794719;EUR
ETF Muster 40/60 ausgew.;13.07.2022;-0,0027039800;-311,42;0,1692637391;16.992,60;-0,003758977;EUR
ETF Muster 40/60 ausgew.;14.07.2022;-0,0037025566;-425,27;0,1650299783;16.567,32;-0,001401640;EUR
ETF Muster 40/60 ausgew.;15.07.2022;0,0030513398;349,18;0,1685106456;16.916,50;0,004337593;EUR
ETF Muster 40/60 ausgew.;16.07.2022;0;0;0,1685106456;16.916,50;0;EUR
ETF Muster 40/60 ausgew.;17.07.2022;0;0;0,1685106456;16.916,50;0;EUR
ETF Muster 40/60 ausgew.;18.07.2022;-0,0023383322;-268,40;0,1658394197;16.648,10;-0,004818199;EUR
ETF Muster 40/60 ausgew.;19.07.2022;0,0031071214;355,81;0,1693862824;17.003,91;0,001452216;EUR
ETF Muster 40/60 ausgew.;20.07.2022;0,0027966033;321,25;0,1725889282;17.325,16;0,003405750;EUR
ETF Muster 40/60 ausgew.;21.07.2022;0,0029228783;336,69;0,1759455181;17.661,85;0,002883442;EUR
ETF Muster 40/60 ausgew.;22.07.2022;0,0055592554;642,25;0,1823462160;18.304,11;0,005409606;EUR
ETF Muster 40/60 ausgew.;23.07.2022;0;0;0,1823462160;18.304,11;0;EUR
ETF Muster 40/60 ausgew.;24.07.2022;0;0;0,1823462160;18.304,11;0;EUR
ETF Muster 40/60 ausgew.;25.07.2022;-0,0010731513;-124,67;0,1811068730;18.179,44;0,001448346;EUR
ETF Muster 40/60 ausgew.;26.07.2022;-0,0004877025;-56,60;0,1805456560;18.122,84;0,002079302;EUR
ETF Muster 40/60 ausgew.;27.07.2022;0,0037104856;430,38;0,1848358851;18.553,22;0,004036027;EUR
ETF Muster 40/60 ausgew.;28.07.2022;0,0097766153;1.138,19;0,1961779334;19.691,41;0,006721442;EUR
ETF Muster 40/60 ausgew.;29.07.2022;0,0025385679;298,43;0,1991539344;19.989,84;0,001474677;EUR
ETF Muster 40/60 ausgew.;30.07.2022;0;0;0,1991539344;19.989,84;0;EUR
ETF Muster 40/60 ausgew.;31.07.2022;0;0;0,1991539344;19.989,84;0;EUR
ETF Muster 40/60 ausgew.;01.08.2022;-0,0006642708;-78,29;0,1983768101;19.911,55;0,000827888;EUR
ETF Muster 40/60 ausgew.;02.08.2022;0,0005639461;66,42;0,1990414063;19.977,97;-0,000821821;EUR
ETF Muster 40/60 ausgew.;03.08.2022;0,0000808931;9,53;0,1991392344;19.987,51;0,000480879;EUR
ETF Muster 40/60 ausgew.;04.08.2022;0,0012086871;142,45;0,2005613496;20.129,96;0,000998633;EUR
ETF Muster 40/60 ausgew.;05.08.2022;-0,0028910884;-341,14;0,1971652854;19.788,82;-0,003761816;EUR
ETF Muster 40/60 ausgew.;06.08.2022;0;0;0,1971652854;19.788,82;0;EUR
ETF Muster 40/60 ausgew.;07.08.2022;0;0;0,1971652854;19.788,82;0;EUR
ETF Muster 40/60 ausgew.;08.08.2022;0,0014257062;167,74;0,1988394200;19.956,56;0,000895206;EUR
ETF Muster 40/60 ausgew.;09.08.2022;-0,0025433868;-299,67;0,1958564117;19.656,89;-0,002491867;EUR
ETF Muster 40/60 ausgew.;10.08.2022;0,0033246642;390,73;0,1997523638;20.047,62;0,003502391;EUR
ETF Muster 40/60 ausgew.;11.08.2022;-0,0014706971;-173,42;0,1980272771;19.874,20;-0,002059441;EUR
ETF Muster 40/60 ausgew.;12.08.2022;0,0054168958;637,79;0,2043851548;20.511,99;0,003633367;EUR
ETF Muster 40/60 ausgew.;13.08.2022;0;0;0,2043851548;20.511,99;0;EUR
ETF Muster 40/60 ausgew.;14.08.2022;0;0;0,2043851548;20.511,99;0;EUR
ETF Muster 40/60 ausgew.;15.08.2022;0,0030924336;366,08;0,2080357814;20.878,07;0,004409164;EUR
ETF Muster 40/60 ausgew.;16.08.2022;-0,0025929047;-307,89;0,2049707300;20.570,17;-0,001907117;EUR
ETF Muster 40/60 ausgew.;17.08.2022;-0,0056539384;-669,64;0,1983009791;19.900,54;-0,005463900;EUR
ETF Muster 40/60 ausgew.;18.08.2022;0,0013708321;161,44;0,1999124855;20.061,98;0,000037194;EUR
ETF Muster 40/60 ausgew.;19.08.2022;-0,0049039854;-578,32;0,1941524053;19.483,66;-0,005618451;EUR
ETF Muster 40/60 ausgew.;20.08.2022;0;0;0,1941524053;19.483,66;0;EUR
ETF Muster 40/60 ausgew.;21.08.2022;0;0;0,1941524053;19.483,66;0;EUR
ETF Muster 40/60 ausgew.;22.08.2022;-0,0043604803;-511,70;0,1890559962;18.971,95;-0,004919636;EUR
ETF Muster 40/60 ausgew.;23.08.2022;-0,0001558420;-18,21;0,1888772117;18.953,74;-0,001910780;EUR
ETF Muster 40/60 ausgew.;24.08.2022;0,0005075190;59,29;0,1894707010;19.013,03;-0,001025236;EUR
ETF Muster 40/60 ausgew.;25.08.2022;0,0042433435;495,96;0,1944158438;19.508,99;0,004432180;EUR
ETF Muster 40/60 ausgew.;26.08.2022;-0,0102651878;-1.204,89;0,1824111886;18.304,11;-0,008811417;EUR
ETF Muster 40/60 ausgew.;27.08.2022;0;0;0,1824111886;18.304,11;0;EUR
ETF Muster 40/60 ausgew.;28.08.2022;0;0;0,1824111886;18.304,11;0;EUR
ETF Muster 40/60 ausgew.;29.08.2022;-0,0033620151;-390,57;0,1785214495;17.913,54;-0,004927365;EUR
ETF Muster 40/60 ausgew.;30.08.2022;-0,0059392690;-687,65;0,1716709154;17.225,89;-0,003153672;EUR
ETF Muster 40/60 ausgew.;31.08.2022;-0,0042527563;-489,46;0,1667953444;16.736,43;-0,004473741;EUR
ETF Muster 40/60 ausgew.;01.09.2022;-0,0005272966;-60,43;0,1661954240;16.676,00;-0,000301812;EUR
ETF Muster 40/60 ausgew.;02.09.2022;0,0019949349;228,51;0,1684750970;16.904,50;0,000846455;EUR
ETF Muster 40/60 ausgew.;03.09.2022;0;0;0,1684750970;16.904,50;0;EUR
ETF Muster 40/60 ausgew.;04.09.2022;0;0;0,1684750970;16.904,50;0;EUR
ETF Muster 40/60 ausgew.;05.09.2022;-0,0008800009;-101,00;0,1674708503;16.803,51;-0,000330183;EUR
ETF Muster 40/60 ausgew.;06.09.2022;-0,0004846149;-55,57;0,1669193334;16.747,93;-0,001297443;EUR
ETF Muster 40/60 ausgew.;07.09.2022;0,0020239349;231,97;0,1692336618;16.979,91;0,002189124;EUR
ETF Muster 40/60 ausgew.;08.09.2022;-0,0000110321;-1,27;0,1692233876;16.978,64;-0,002569644;EUR
ETF Muster 40/60 ausgew.;09.09.2022;0,0029757866;341,76;0,1726320101;17.320,40;0,002342590;EUR
ETF Muster 40/60 ausgew.;10.09.2022;0;0;0,1726320101;17.320,40;0;EUR
ETF Muster 40/60 ausgew.;11.09.2022;0;0;0,1726320101;17.320,40;0;EUR
ETF Muster 40/60 ausgew.;12.09.2022;0,0018202758;209,67;0,1747242366;17.530,07;0,003135247;EUR
ETF Muster 40/60 ausgew.;13.09.2022;-0,0078543324;-906,37;0,1656926804;16.623,70;-0,008043352;EUR
ETF Muster 40/60 ausgew.;14.09.2022;-0,0005797661;-66,38;0,1650333617;16.557,32;0,000195737;EUR
ETF Muster 40/60 ausgew.;15.09.2022;-0,0061706671;-706,07;0,1579978351;15.851,25;-0,003287145;EUR
ETF Muster 40/60 ausgew.;16.09.2022;-0,0031669678;-360,14;0,1544102463;15.491,11;-0,004458576;EUR
ETF Muster 40/60 ausgew.;17.09.2022;0,0000036523;0,41;0,1544143732;15.491,52;0;EUR
ETF Muster 40/60 ausgew.;18.09.2022;0,0000036523;0,41;0,1544185000;15.491,94;0;EUR
ETF Muster 40/60 ausgew.;19.09.2022;-0,0008630473;-97,83;0,1534454408;15.394,10;0,000782636;EUR
ETF Muster 40/60 ausgew.;20.09.2022;-0,0039011535;-441,85;0,1490432366;14.952,26;-0,006354627;EUR
ETF Muster 40/60 ausgew.;21.09.2022;0,0020779216;232,33;0,1513620554;15.184,59;-0,000237160;EUR
ETF Muster 40/60 ausgew.;22.09.2022;-0,0035167834;-394,03;0,1474371831;14.790,56;-0,004116893;EUR
ETF Muster 40/60 ausgew.;23.09.2022;-0,0031728288;-354,24;0,1439087797;14.436,32;-0,003768983;EUR
ETF Muster 40/60 ausgew.;24.09.2022;0,0000035959;0,40;0,1439127691;14.436,72;0;EUR
ETF Muster 40/60 ausgew.;25.09.2022;0,0000035959;0,40;0,1439167585;14.437,12;0;EUR
ETF Muster 40/60 ausgew.;26.09.2022;-0,0026625685;-296,33;0,1409655119;14.140,79;-0,003548328;EUR
ETF Muster 40/60 ausgew.;27.09.2022;-0,0021887285;-242,95;0,1385463339;13.897,84;-0,003188002;EUR
ETF Muster 40/60 ausgew.;28.09.2022;0,0035046095;388,16;0,1424185713;14.286,00;0,003646542;EUR
ETF Muster 40/60 ausgew.;29.09.2022;-0,0078248936;-869,69;0,1337511389;13.416,31;-0,007157010;EUR
ETF Muster 40/60 ausgew.;30.09.2022;0,0007014970;77,36;0,1345249270;13.493,67;0,000217453;EUR
ETF Muster 40/60 ausgew.;01.10.2022;0,0000057165;0,63;0,1345312160;13.494,30;0;EUR
ETF Muster 40/60 ausgew.;02.10.2022;0,0000057165;0,63;0,1345375050;13.494,93;0;EUR
ETF Muster 40/60 ausgew.;03.10.2022;0,0075465343;832,78;0,1428426531;14.327,71;0,010195132;EUR
ETF Muster 40/60 ausgew.;04.10.2022;0,0064094692;712,64;0,1499503319;15.040,35;0,006380360;EUR
ETF Muster 40/60 ausgew.;05.10.2022;-0,0028113657;-314,59;0,1468167648;14.725,76;-0,003586923;EUR
ETF Muster 40/60 ausgew.;06.10.2022;-0,0008146619;-90,90;0,1459132582;14.634,86;-0,004092716;EUR
ETF Muster 40/60 ausgew.;07.10.2022;-0,0062969977;-702,07;0,1389161144;13.932,79;-0,006769273;EUR
ETF Muster 40/60 ausgew.;08.10.2022;0,0000036444;0,40;0,1389201401;13.933,19;0;EUR
ETF Muster 40/60 ausgew.;09.10.2022;0,0000036444;0,40;0,1389241659;13.933,60;0;EUR
ETF Muster 40/60 ausgew.;10.10.2022;-0,0034236239;-379,31;0,1351448834;13.554,29;-0,003749197;EUR
ETF Muster 40/60 ausgew.;11.10.2022;-0,0011570839;-127,76;0,1338736355;13.426,53;-0,001135145;EUR
ETF Muster 40/60 ausgew.;12.10.2022;-0,0022859759;-252,11;0,1313624271;13.174,43;-0,002020007;EUR
ETF Muster 40/60 ausgew.;13.10.2022;0,0003996877;43,98;0,1318034540;13.218,40;0,003066611;EUR
ETF Muster 40/60 ausgew.;14.10.2022;-0,0042293027;-465,55;0,1271638264;12.752,86;-0,003626115;EUR
ETF Muster 40/60 ausgew.;15.10.2022;0,0000036836;0,40;0,1271678525;12.753,26;0;EUR
ETF Muster 40/60 ausgew.;16.10.2022;0,0000036836;0,40;0,1271718786;12.753,67;0;EUR
ETF Muster 40/60 ausgew.;17.10.2022;0,0038487497;421,87;0,1313809865;13.175,53;0,004837571;EUR
ETF Muster 40/60 ausgew.;18.10.2022;0,0008968480;98,68;0,1323675333;13.274,22;0,002403696;EUR
ETF Muster 40/60 ausgew.;19.10.2022;-0,0029184936;-321,42;0,1291648632;12.952,80;-0,003667609;EUR
ETF Muster 40/60 ausgew.;20.10.2022;-0,0026644832;-292,59;0,1262495770;12.660,21;-0,003215184;EUR
ETF Muster 40/60 ausgew.;21.10.2022;0,0019901379;217,96;0,1284255037;12.878,16;0,002645819;EUR
ETF Muster 40/60 ausgew.;22.10.2022;0,0000036794;0,40;0,1284295302;12.878,57;0;EUR
ETF Muster 40/60 ausgew.;23.10.2022;0,0000036794;0,40;0,1284335567;12.878,97;0;EUR
ETF Muster 40/60 ausgew.;24.10.2022;0,0023886079;262,12;0,1310499723;13.141,09;0,003540470;EUR
ETF Muster 40/60 ausgew.;25.10.2022;0,0049191936;541,11;0,1364487519;13.682,20;0,006564808;EUR
ETF Muster 40/60 ausgew.;26.10.2022;-0,0008280010;-91,53;0,1355385382;13.590,67;-0,000257230;EUR
ETF Muster 40/60 ausgew.;27.10.2022;0,0042312072;467,33;0,1402018307;14.058,00;0,004566614;EUR
ETF Muster 40/60 ausgew.;28.10.2022;0,0001558542;17,29;0,1403768804;14.075,29;0,001294000;EUR
ETF Muster 40/60 ausgew.;29.10.2022;0,0000036397;0,40;0,1403809073;14.075,69;0;EUR
ETF Muster 40/60 ausgew.;30.10.2022;0,0000036397;0,40;0,1403849342;14.076,09;0;EUR
ETF Muster 40/60 ausgew.;31.10.2022;-0,0011818343;-131,11;0,1390800017;13.944,99;-0,001171350;EUR
ETF Muster 40/60 ausgew.;01.11.2022;0,0032954752;365,15;0,1427244817;14.310,14;0,001425794;EUR
ETF Muster 40/60 ausgew.;02.11.2022;-0,0028369384;-315,38;0,1395816454;13.994,76;-0,004119240;EUR
ETF Muster 40/60 ausgew.;03.11.2022;-0,0022619461;-250,74;0,1370833510;13.744,02;-0,004050666;EUR
ETF Muster 40/60 ausgew.;04.11.2022;0,0016936535;187,32;0,1389543064;13.931,34;-0,000403606;EUR
ETF Muster 40/60 ausgew.;05.11.2022;0,0000091111;1,01;0,1389643745;13.932,35;0;EUR
ETF Muster 40/60 ausgew.;06.11.2022;0,0000091110;1,01;0,1389744426;13.933,36;0;EUR
ETF Muster 40/60 ausgew.;07.11.2022;-0,0003239104;-35,89;0,1386191011;13.897,47;-0,000420720;EUR
ETF Muster 40/60 ausgew.;08.11.2022;0,0034005186;376,63;0,1423783836;14.274,10;0,001519778;EUR
ETF Muster 40/60 ausgew.;09.11.2022;-0,0009115866;-101,31;0,1413705366;14.172,79;-0,000006073;EUR
ETF Muster 40/60 ausgew.;10.11.2022;0,0138873714;1.541,92;0,1567538189;15.714,71;0,013307031;EUR
ETF Muster 40/60 ausgew.;11.11.2022;-0,0021345214;-240,29;0,1543598282;15.474,42;-0,003581587;EUR
ETF Muster 40/60 ausgew.;12.11.2022;0,0000089860;1,01;0,1543698972;15.475,43;0;EUR
ETF Muster 40/60 ausgew.;13.11.2022;0,0000089859;1,01;0,1543799663;15.476,44;0;EUR
ETF Muster 40/60 ausgew.;14.11.2022;-0,0007275975;-81,73;0,1535675176;15.394,71;-0,001039527;EUR
ETF Muster 40/60 ausgew.;15.11.2022;0,0020263294;227,46;0,1558394167;15.622,17;0,002995132;EUR
ETF Muster 40/60 ausgew.;16.11.2022;-0,0009365381;-105,34;0,1547914553;15.516,83;0,000171196;EUR
ETF Muster 40/60 ausgew.;17.11.2022;-0,0081952421;-920,94;0,1456071506;14.595,89;-0,000383461;EUR
ETF Muster 40/60 ausgew.;18.11.2022;0,0020284133;226,07;0,1478651882;14.821,96;0,001522992;EUR
ETF Muster 40/60 ausgew.;19.11.2022;0,0000090385;1,01;0,1478752582;14.822,97;0;EUR
ETF Muster 40/60 ausgew.;20.11.2022;0,0000090384;1,01;0,1478853282;14.823,98;0;EUR
ETF Muster 40/60 ausgew.;21.11.2022;0,0012501712;139,62;0,1492809702;14.963,60;0,001875686;EUR
ETF Muster 40/60 ausgew.;22.11.2022;0,0021920689;245,12;0,1517291659;15.208,72;0,002103635;EUR
ETF Muster 40/60 ausgew.;23.11.2022;0,0009715212;108,88;0,1528181795;15.317,60;0,001353435;EUR
ETF Muster 40/60 ausgew.;24.11.2022;0,0030737999;344,80;0,1562610600;15.662,40;0,002994015;EUR
ETF Muster 40/60 ausgew.;25.11.2022;-0,0028931572;-325,54;0,1530160419;15.336,87;-0,003775742;EUR
ETF Muster 40/60 ausgew.;26.11.2022;0,0000036609;0,41;0,1530201398;15.337,28;0;EUR
ETF Muster 40/60 ausgew.;27.11.2022;0,0000036609;0,41;0,1530242378;15.337,69;0;EUR
ETF Muster 40/60 ausgew.;28.11.2022;-0,0025189260;-282,61;0,1502073831;15.055,08;-0,002447374;EUR
ETF Muster 40/60 ausgew.;29.11.2022;0,0029867890;334,26;0,1535451894;15.389,34;0,003090398;EUR
ETF Muster 40/60 ausgew.;30.11.2022;0,0053431731;599,76;0,1595321155;15.989,09;0,004319078;EUR
ETF Muster 40/60 ausgew.;01.12.2022;0,0050996896;575,48;0,1652770811;16.564,58;0,002734358;EUR
ETF Muster 40/60 ausgew.;02.12.2022;-0,0010809310;-122,60;0,1640568039;16.441,97;-0,001535127;EUR
ETF Muster 40/60 ausgew.;03.12.2022;0,0000036543;0,41;0,1640609351;16.442,39;0;EUR
ETF Muster 40/60 ausgew.;04.12.2022;0,0000036543;0,41;0,1640650662;16.442,80;0;EUR
ETF Muster 40/60 ausgew.;05.12.2022;-0,0049918313;-565,58;0,1584246801;15.877,22;-0,003734030;EUR
ETF Muster 40/60 ausgew.;06.12.2022;-0,0006970907;-78,59;0,1576434228;15.798,64;0,000238881;EUR
ETF Muster 40/60 ausgew.;07.12.2022;0,0009199400;103,64;0,1586804486;15.902,28;0,000034609;EUR
ETF Muster 40/60 ausgew.;08.12.2022;-0,0005579749;-62,92;0,1580555191;15.839,36;-0,000168480;EUR
ETF Muster 40/60 ausgew.;09.12.2022;-0,0015480443;-174,46;0,1563174948;15.664,90;-0,004009146;EUR
ETF Muster 40/60 ausgew.;10.12.2022;0,0000036795;0,41;0,1563216263;15.665,31;0;EUR
ETF Muster 40/60 ausgew.;11.12.2022;0,0000036795;0,41;0,1563257579;15.665,73;0;EUR
ETF Muster 40/60 ausgew.;12.12.2022;-0,0007820312;-88,00;0,1554504862;15.577,73;0,001576019;EUR
ETF Muster 40/60 ausgew.;13.12.2022;0,0036457973;409,92;0,1595439659;15.987,65;0,001529281;EUR
ETF Muster 40/60 ausgew.;14.12.2022;-0,0010243567;-115,59;0,1583933128;15.872,05;-0,000972444;EUR
ETF Muster 40/60 ausgew.;15.12.2022;-0,0109020948;-1.228,99;0,1461313883;14.643,06;-0,010722722;EUR
ETF Muster 40/60 ausgew.;16.12.2022;-0,0033186913;-370,04;0,1424411667;14.273,02;-0,004910150;EUR
ETF Muster 40/60 ausgew.;17.12.2022;0,0000037256;0,41;0,1424452986;14.273,44;0;EUR
ETF Muster 40/60 ausgew.;18.12.2022;0,0000037256;0,41;0,1424494305;14.273,85;0;EUR
ETF Muster 40/60 ausgew.;19.12.2022;-0,0026910427;-299,06;0,1394674169;13.974,79;-0,001068262;EUR
ETF Muster 40/60 ausgew.;20.12.2022;-0,0015513348;-171,94;0,1377539797;13.802,85;-0,003572356;EUR
ETF Muster 40/60 ausgew.;21.12.2022;0,0041339497;457,47;0,1423221136;14.260,32;0,003089332;EUR
ETF Muster 40/60 ausgew.;22.12.2022;-0,0046934835;-521,53;0,1371195613;13.738,79;-0,003573967;EUR
ETF Muster 40/60 ausgew.;23.12.2022;-0,0010463444;-115,72;0,1359670562;13.623,07;-0,000697747;EUR
ETF Muster 40/60 ausgew.;24.12.2022;0,0000052466;0,58;0,1359728415;13.623,64;0;EUR
ETF Muster 40/60 ausgew.;25.12.2022;0,0000052465;0,58;0,1359786267;13.624,22;0;EUR
ETF Muster 40/60 ausgew.;26.12.2022;-0,0001888078;-20,86;0,1357728818;13.603,36;0,000022386;EUR
ETF Muster 40/60 ausgew.;27.12.2022;-0,0010665249;-117,81;0,1345994706;13.485,55;-0,004262932;EUR
ETF Muster 40/60 ausgew.;28.12.2022;-0,0035267171;-389,15;0,1307177155;13.096,40;-0,000856645;EUR
ETF Muster 40/60 ausgew.;29.12.2022;0,0040233809;442,39;0,1351357027;13.538,79;0,003176105;EUR
ETF Muster 40/60 ausgew.;30.12.2022;-0,0025928290;-286,24;0,1322810170;13.252,55;-0,003101419;EUR
ETF Muster 40/60 ausgew.;31.12.2022;0,0000052642;0,58;0,1322868027;13.253,13;0;EUR
ETF Muster 40/60 ausgew.;01.01.2023;0,0000052642;0,58;0,1322925884;13.253,71;0;EUR
ETF Muster 40/60 ausgew.;02.01.2023;0,0025869147;284,85;0,1351382501;13.538,56;0,003247116;EUR
ETF Muster 40/60 ausgew.;03.01.2023;0,0042889727;473,49;0,1398669776;14.012,05;0,003309168;EUR
ETF Muster 40/60 ausgew.;04.01.2023;0,0053143990;589,21;0,1457509955;14.601,26;0,004421231;EUR
ETF Muster 40/60 ausgew.;05.01.2023;-0,0031578362;-351,97;0,1422401507;14.249,29;-0,001855279;EUR
ETF Muster 40/60 ausgew.;06.01.2023;0,0076958664;855,07;0,1507783357;15.104,35;0,006006594;EUR
ETF Muster 40/60 ausgew.;07.01.2023;0,0000051771;0,58;0,1507841220;15.104,93;0;EUR
ETF Muster 40/60 ausgew.;08.01.2023;0,0000051771;0,58;0,1507899083;15.105,51;0;EUR
ETF Muster 40/60 ausgew.;09.01.2023;-0,0012534715;-140,34;0,1493916112;14.965,17;-0,001967611;EUR
ETF Muster 40/60 ausgew.;10.01.2023;-0,0020139991;-225,21;0,1471460356;14.739,96;-0,001090977;EUR
ETF Muster 40/60 ausgew.;11.01.2023;0,0044047290;491,56;0,1520558696;15.231,51;0,004988112;EUR
ETF Muster 40/60 ausgew.;12.01.2023;0,0034593886;387,76;0,1559296501;15.619,27;0,002549510;EUR
ETF Muster 40/60 ausgew.;13.01.2023;0,0022394356;251,89;0,1584470766;15.871,16;0,001607601;EUR
ETF Muster 40/60 ausgew.;14.01.2023;0,0000051419;0,58;0,1584528634;15.871,74;0;EUR
ETF Muster 40/60 ausgew.;15.01.2023;0,0000051419;0,58;0,1584586501;15.872,32;0;EUR
ETF Muster 40/60 ausgew.;16.01.2023;0,0004048838;45,64;0,1589171381;15.917,96;0,000144158;EUR
ETF Muster 40/60 ausgew.;17.01.2023;0,0033569296;378,58;0,1626995858;16.296,54;0,003616254;EUR
ETF Muster 40/60 ausgew.;18.01.2023;0,0000740348;8,38;0,1627861080;16.304,92;0,000104116;EUR
ETF Muster 40/60 ausgew.;19.01.2023;-0,0038332947;-433,79;0,1584580516;15.871,13;-0,003165767;EUR
ETF Muster 40/60 ausgew.;20.01.2023;-0,0002678286;-30,19;0,1581594103;15.840,94;-0,000632102;EUR
ETF Muster 40/60 ausgew.;21.01.2023;0,0000051433;0,58;0,1581651976;15.841,52;0;EUR
ETF Muster 40/60 ausgew.;22.01.2023;0,0000051433;0,58;0,1581709849;15.842,10;0;EUR
ETF Muster 40/60 ausgew.;23.01.2023;0,0014794409;166,73;0,1598385061;16.008,83;0,001060734;EUR
ETF Muster 40/60 ausgew.;24.01.2023;0,0017534167;197,90;0,1618172964;16.206,74;0,000918221;EUR
ETF Muster 40/60 ausgew.;25.01.2023;-0,0008260091;-93,39;0,1608876504;16.113,34;0,000273502;EUR
ETF Muster 40/60 ausgew.;26.01.2023;0,0014793242;167,12;0,1625591739;16.280,46;0,001197084;EUR
ETF Muster 40/60 ausgew.;27.01.2023;0,0012256770;138,67;0,1639466774;16.419,14;0,000181093;EUR
ETF Muster 40/60 ausgew.;28.01.2023;0,0000026652;0,30;0,1639496920;16.419,44;0;EUR
ETF Muster 40/60 ausgew.;29.01.2023;0,0000026652;0,30;0,1639527065;16.419,74;0;EUR
ETF Muster 40/60 ausgew.;30.01.2023;-0,0053911436;-610,70;0,1578576256;15.809,04;-0,004491204;EUR
ETF Muster 40/60 ausgew.;31.01.2023;0,0035595838;401,05;0,1618650328;16.210,09;0,002595824;EUR
ETF Muster 40/60 ausgew.;01.02.2023;0,0006930732;78,36;0,1626503885;16.288,46;0,000588759;EUR
ETF Muster 40/60 ausgew.;02.02.2023;0,0109143430;1.234,92;0,1749848734;17.523,37;0,011176237;EUR
ETF Muster 40/60 ausgew.;03.02.2023;-0,0059084642;-675,82;0,1682392435;16.847,56;-0,003890874;EUR
ETF Muster 40/60 ausgew.;04.02.2023;0,0000026552;0,30;0,1682422583;16.847,86;0;EUR
ETF Muster 40/60 ausgew.;05.02.2023;0,0000026552;0,30;0,1682452731;16.848,16;0;EUR
ETF Muster 40/60 ausgew.;06.02.2023;-0,0017847258;-202,93;0,1662216857;16.645,23;-0,002259033;EUR
ETF Muster 40/60 ausgew.;07.02.2023;0,0012064261;136,93;0,1675920462;16.782,16;0,002073016;EUR
ETF Muster 40/60 ausgew.;08.02.2023;-0,0018266794;-207,58;0,1655219351;16.574,57;-0,003873888;EUR
ETF Muster 40/60 ausgew.;09.02.2023;-0,0005487796;-62,25;0,1649031557;16.512,33;0,000070200;EUR
ETF Muster 40/60 ausgew.;10.02.2023;-0,0031270768;-354,52;0,1613655190;16.157,81;-0,001123069;EUR
ETF Muster 40/60 ausgew.;11.02.2023;0,0000034346;0,39;0,1613693955;16.158,20;0;EUR
ETF Muster 40/60 ausgew.;12.02.2023;0,0000034346;0,39;0,1613732721;16.158,58;0;EUR
ETF Muster 40/60 ausgew.;13.02.2023;0,0004476745;50,59;0,1618813675;16.209,18;0,000497858;EUR
ETF Muster 40/60 ausgew.;14.02.2023;-0,0017827394;-201,57;0,1598710717;16.007,61;-0,001667118;EUR
ETF Muster 40/60 ausgew.;15.02.2023;0,0007577952;85,53;0,1607280545;16.093,14;-0,000118160;EUR
ETF Muster 40/60 ausgew.;16.02.2023;-0,0022646232;-255,79;0,1581761150;15.837,35;-0,002207787;EUR
ETF Muster 40/60 ausgew.;17.02.2023;-0,0000018296;-0,21;0,1581767952;15.837,14;0,000022345;EUR
ETF Muster 40/60 ausgew.;18.02.2023;0,0000034444;0,39;0,1581806721;15.837,53;0;EUR
ETF Muster 40/60 ausgew.;19.02.2023;0,0000034444;0,39;0,1581845490;15.837,92;0;EUR
ETF Muster 40/60 ausgew.;20.02.2023;0,0001367552;15,41;0,1583412163;15.853,33;-0,000269688;EUR
ETF Muster 40/60 ausgew.;21.02.2023;-0,0074233459;-836,69;0,1499870073;15.016,64;-0,005744118;EUR
ETF Muster 40/60 ausgew.;22.02.2023;0,0007761021;86,83;0,1508568349;15.103,46;0,000968975;EUR
ETF Muster 40/60 ausgew.;23.02.2023;0,0031951438;357,73;0,1544326115;15.461,19;0,002159447;EUR
ETF Muster 40/60 ausgew.;24.02.2023;-0,0054888956;-616,51;0,1482772432;14.844,69;-0,003419755;EUR
ETF Muster 40/60 ausgew.;25.02.2023;0,0000034750;0,39;0,1482811204;14.845,07;0;EUR
ETF Muster 40/60 ausgew.;26.02.2023;0,0000034750;0,39;0,1482849977;14.845,46;0;EUR
ETF Muster 40/60 ausgew.;27.02.2023;0,0002570975;28,72;0,1485744130;14.874,18;-0,001012331;EUR
ETF Muster 40/60 ausgew.;28.02.2023;-0,0012709479;-142,01;0,1471584858;14.732,18;-0,002834768;EUR
ETF Muster 40/60 ausgew.;01.03.2023;-0,0039537810;-441,20;0,1427538033;14.290,97;-0,004310442;EUR
ETF Muster 40/60 ausgew.;02.03.2023;0,0025743714;286,14;0,1456145622;14.577,11;0,001633276;EUR
ETF Muster 40/60 ausgew.;03.03.2023;0,0046089179;513,59;0,1507475745;15.090,71;0,002822072;EUR
ETF Muster 40/60 ausgew.;04.03.2023;0,0000034674;0,39;0,1507514521;15.091,09;0;EUR
ETF Muster 40/60 ausgew.;05.03.2023;0,0000034673;0,39;0,1507553296;15.091,48;0;EUR
ETF Muster 40/60 ausgew.;06.03.2023;-0,0010940742;-122,48;0,1495343760;14.969,00;-0,000886704;EUR
ETF Muster 40/60 ausgew.;07.03.2023;-0,0025947125;-288,71;0,1466532114;14.680,29;-0,000543012;EUR
ETF Muster 40/60 ausgew.;08.03.2023;0,0014130449;156,82;0,1482227789;14.837,11;0,002012022;EUR
ETF Muster 40/60 ausgew.;09.03.2023;-0,0019868984;-220,82;0,1460197294;14.616,29;-0,002683692;EUR
ETF Muster 40/60 ausgew.;10.03.2023;-0,0001447808;-16,06;0,1458622160;14.600,23;0,001114908;EUR
ETF Muster 40/60 ausgew.;11.03.2023;0,0000031900;0,35;0,1458657503;14.600,59;0;EUR
ETF Muster 40/60 ausgew.;12.03.2023;0,0000031900;0,35;0,1458692846;14.600,94;0;EUR
ETF Muster 40/60 ausgew.;13.03.2023;0,0028186296;312,59;0,1489951403;14.913,53;0,004471745;EUR
ETF Muster 40/60 ausgew.;14.03.2023;-0,0008748516;-97,30;0,1480260546;14.816,24;-0,004261121;EUR
ETF Muster 40/60 ausgew.;15.03.2023;0,0101373772;1.126,43;0,1592831189;15.942,66;0,010714952;EUR
ETF Muster 40/60 ausgew.;16.03.2023;-0,0047406617;-532,10;0,1539699356;15.410,56;-0,002460706;EUR
ETF Muster 40/60 ausgew.;17.03.2023;0,0020072455;224,23;0,1562133689;15.634,79;0,001934020;EUR
ETF Muster 40/60 ausgew.;18.03.2023;0,0000079109;0,89;0,1562222164;15.635,67;0;EUR
ETF Muster 40/60 ausgew.;19.03.2023;0,0000079109;0,89;0,1562310639;15.636,56;0;EUR
ETF Muster 40/60 ausgew.;20.03.2023;0,0016529367;185,02;0,1580828489;15.821,58;-0,000684629;EUR
ETF Muster 40/60 ausgew.;21.03.2023;-0,0029807809;-334,21;0,1547466342;15.487,37;-0,001547942;EUR
ETF Muster 40/60 ausgew.;22.03.2023;-0,0019194195;-214,57;0,1526057540;15.272,81;-0,003713575;EUR
ETF Muster 40/60 ausgew.;23.03.2023;0,0053279226;594,45;0,1585486356;15.867,26;0,003702181;EUR
ETF Muster 40/60 ausgew.;24.03.2023;0,0014887607;166,99;0,1602203994;16.034,25;0,004243769;EUR
ETF Muster 40/60 ausgew.;25.03.2023;0,0000096345;1,08;0,1602312140;16.035,33;0;EUR
ETF Muster 40/60 ausgew.;26.03.2023;0,0000096345;1,08;0,1602420287;16.036,41;0;EUR
ETF Muster 40/60 ausgew.;27.03.2023;-0,0048969559;-550,11;0,1547482180;15.486,31;-0,002521121;EUR
ETF Muster 40/60 ausgew.;28.03.2023;-0,0019359453;-216,41;0,1525887160;15.269,89;-0,003150613;EUR
ETF Muster 40/60 ausgew.;29.03.2023;0,0024994476;278,86;0,1553783932;15.548,76;0,002394691;EUR
ETF Muster 40/60 ausgew.;30.03.2023;0,0011080149;123,93;0,1566199067;15.672,69;-0,001076030;EUR
ETF Muster 40/60 ausgew.;31.03.2023;0,0057733104;646,45;0,1630832242;16.319,14;0,005071031;EUR
ETF Muster 40/60 ausgew.;01.04.2023;0,0000096102;1,08;0,1630940399;16.320,22;0;EUR
ETF Muster 40/60 ausgew.;02.04.2023;0,0000096101;1,08;0,1631048556;16.321,30;0;EUR
ETF Muster 40/60 ausgew.;03.04.2023;0,0015437715;173,86;0,1648455563;16.495,16;0,002984159;EUR
ETF Muster 40/60 ausgew.;04.04.2023;0,0003372707;38,04;0,1652289804;16.533,21;-0,001872090;EUR
ETF Muster 40/60 ausgew.;05.04.2023;0,0010886432;122,83;0,1664598287;16.656,04;0,002961045;EUR
ETF Muster 40/60 ausgew.;06.04.2023;0,0009269520;104,70;0,1675095255;16.760,75;0,000199295;EUR
ETF Muster 40/60 ausgew.;07.04.2023;0,0000487508;5,51;0,1675678913;16.766,26;0,000020053;EUR
ETF Muster 40/60 ausgew.;08.04.2023;0,0000095722;1,08;0,1675787081;16.767,34;0;EUR
ETF Muster 40/60 ausgew.;09.04.2023;0,0000095721;1,08;0,1675895249;16.768,42;0;EUR
ETF Muster 40/60 ausgew.;10.04.2023;0,0001338781;15,14;0,1677440932;16.783,56;0,001255781;EUR
ETF Muster 40/60 ausgew.;11.04.2023;-0,0026122413;-295,40;0,1647949123;16.488,16;-0,004564546;EUR
ETF Muster 40/60 ausgew.;12.04.2023;-0,0024439324;-275,65;0,1620430617;16.212,51;-0,003171468;EUR
ETF Muster 40/60 ausgew.;13.04.2023;0,0025513588;287,06;0,1649154170;16.499,57;0,001550486;EUR
ETF Muster 40/60 ausgew.;14.04.2023;-0,0025993673;-293,21;0,1619879283;16.206,36;-0,001150588;EUR
ETF Muster 40/60 ausgew.;15.04.2023;0,0000096895;1,09;0,1619988244;16.207,45;0;EUR
ETF Muster 40/60 ausgew.;16.04.2023;0,0000096894;1,09;0,1620097205;16.208,54;0;EUR
ETF Muster 40/60 ausgew.;17.04.2023;0,0008549124;96,18;0,1629742898;16.304,73;0,000571269;EUR
ETF Muster 40/60 ausgew.;18.04.2023;0,0015593347;175,59;0,1647325871;16.480,32;0,000751968;EUR
ETF Muster 40/60 ausgew.;19.04.2023;-0,0043043823;-485,45;0,1598832824;15.994,87;-0,001675017;EUR
ETF Muster 40/60 ausgew.;20.04.2023;0,0023220054;260,75;0,1624928567;16.255,62;0,000424512;EUR
ETF Muster 40/60 ausgew.;21.04.2023;-0,0027915494;-314,20;0,1593551277;15.941,41;-0,000774301;EUR
ETF Muster 40/60 ausgew.;22.04.2023;0,0000097977;1,10;0,1593661207;15.942,51;0;EUR
ETF Muster 40/60 ausgew.;23.04.2023;0,0000097976;1,10;0,1593771137;15.943,61;0;EUR
ETF Muster 40/60 ausgew.;24.04.2023;0,0001507176;16,92;0,1595493099;15.960,53;-0,000574271;EUR
ETF Muster 40/60 ausgew.;25.04.2023;0,0024713207;277,43;0,1623257888;16.237,96;0,001860414;EUR
ETF Muster 40/60 ausgew.;26.04.2023;-0,0023101639;-259,98;0,1597299290;15.977,98;-0,001669854;EUR
ETF Muster 40/60 ausgew.;27.04.2023;0,0000473485;5,32;0,1597861578;15.983,30;0,000990353;EUR
ETF Muster 40/60 ausgew.;28.04.2023;0,0052514560;589,65;0,1656841233;16.572,95;0,004855810;EUR
ETF Muster 40/60 ausgew.;29.04.2023;0,0000097429;1,10;0,1656951173;16.574,05;0;EUR
ETF Muster 40/60 ausgew.;30.04.2023;0,0000097428;1,10;0,1657061113;16.575,15;0;EUR
ETF Muster 40/60 ausgew.;01.05.2023;0,0000168648;1,90;0,1657283339;16.577,05;0,000918756;EUR
ETF Muster 40/60 ausgew.;02.05.2023;0,0020637391;232,95;0,1680604588;16.810,00;0,000117708;EUR
ETF Muster 40/60 ausgew.;03.05.2023;-0,0008172628;-92,44;0,1671394841;16.717,56;-0,001959456;EUR
ETF Muster 40/60 ausgew.;04.05.2023;0,0037570424;424,61;0,1713879687;17.142,17;0,002063778;EUR
ETF Muster 40/60 ausgew.;05.05.2023;-0,0022262900;-252,55;0,1688661569;16.889,61;0,000536726;EUR
ETF Muster 40/60 ausgew.;06.05.2023;0,0000097156;1,10;0,1688771520;16.890,71;0;EUR
ETF Muster 40/60 ausgew.;07.05.2023;0,0000097155;1,10;0,1688881471;16.891,81;0;EUR
ETF Muster 40/60 ausgew.;08.05.2023;0,0005704071;64,57;0,1695369341;16.956,38;-0,000763089;EUR
ETF Muster 40/60 ausgew.;09.05.2023;-0,0011024372;-124,86;0,1682917748;16.831,52;-0,000051290;EUR
ETF Muster 40/60 ausgew.;10.05.2023;0,0015709004;177,72;0,1700719603;17.009,24;0,001669596;EUR
ETF Muster 40/60 ausgew.;11.05.2023;0,0012856011;145,67;0,1715317646;17.154,91;0,002520829;EUR
ETF Muster 40/60 ausgew.;12.05.2023;-0,0007081228;-80,34;0,1707317053;17.074,57;-0,000491339;EUR
ETF Muster 40/60 ausgew.;13.05.2023;0,0000105816;1,20;0,1707437010;17.075,77;0;EUR
ETF Muster 40/60 ausgew.;14.05.2023;0,0000105814;1,20;0,1707556968;17.076,97;0;EUR
ETF Muster 40/60 ausgew.;15.05.2023;-0,0004436732;-50,30;0,1702559615;17.026,67;-0,000377005;EUR
ETF Muster 40/60 ausgew.;16.05.2023;-0,0038463996;-435,90;0,1659004056;16.590,77;-0,002604965;EUR
ETF Muster 40/60 ausgew.;17.05.2023;-0,0003298616;-37,24;0,1655311886;16.553,53;0,001728384;EUR
ETF Muster 40/60 ausgew.;18.05.2023;-0,0013588494;-153,35;0,1640008368;16.400,18;-0,000760213;EUR
ETF Muster 40/60 ausgew.;19.05.2023;0,0000354847;4,00;0,1640439426;16.404,18;0,000431795;EUR
ETF Muster 40/60 ausgew.;20.05.2023;0,0000106445;1,20;0,1640559396;16.405,38;0;EUR
ETF Muster 40/60 ausgew.;21.05.2023;0,0000106444;1,20;0,1640679365;16.406,58;0;EUR
ETF Muster 40/60 ausgew.;22.05.2023;-0,0005939704;-66,94;0,1634015846;16.339,63;-0,000406312;EUR
ETF Muster 40/60 ausgew.;23.05.2023;-0,0011472327;-129,22;0,1621123784;16.210,41;-0,002012582;EUR
ETF Muster 40/60 ausgew.;24.05.2023;-0,0030355526;-341,53;0,1586999009;15.868,88;-0,001482871;EUR
ETF Muster 40/60 ausgew.;25.05.2023;-0,0010873022;-121,96;0,1574831809;15.746,92;0,000021307;EUR
ETF Muster 40/60 ausgew.;26.05.2023;0,0015227717;170,62;0,1591925563;15.917,54;0,001018273;EUR
ETF Muster 40/60 ausgew.;27.05.2023;0,0000106907;1,20;0,1592045543;15.918,74;0;EUR
ETF Muster 40/60 ausgew.;28.05.2023;0,0000106905;1,20;0,1592165524;15.919,94;0;EUR
ETF Muster 40/60 ausgew.;29.05.2023;0,0038905506;436,60;0,1635860772;16.356,53;0,003008919;EUR
ETF Muster 40/60 ausgew.;30.05.2023;0,0029738701;335,03;0,1669399030;16.691,56;0,002295314;EUR
ETF Muster 40/60 ausgew.;31.05.2023;0,0019712487;222,73;0,1691707549;16.914,29;0,002227744;EUR
ETF Muster 40/60 ausgew.;01.06.2023;0,0013701579;155,12;0,1707254346;17.069,42;0,001445001;EUR
ETF Muster 40/60 ausgew.;02.06.2023;0,0009002335;102,06;0,1717494379;17.171,47;0,001450183;EUR
ETF Muster 40/60 ausgew.;03.06.2023;0,0000107158;1,22;0,1717615997;17.172,69;0;EUR
ETF Muster 40/60 ausgew.;04.06.2023;0,0000107156;1,22;0,1717737615;17.173,91;0;EUR
ETF Muster 40/60 ausgew.;05.06.2023;-0,0015436372;-175,16;0,1700249778;16.998,74;-0,001947220;EUR
ETF Muster 40/60 ausgew.;06.06.2023;0,0020288921;229,87;0,1723274240;17.228,61;0,001203615;EUR
ETF Muster 40/60 ausgew.;07.06.2023;-0,0026383649;-299,53;0,1693345855;16.929,08;-0,002722671;EUR
ETF Muster 40/60 ausgew.;08.06.2023;0,0006717935;76,07;0,1700986311;17.005,15;0,000613792;EUR
ETF Muster 40/60 ausgew.;09.06.2023;0,0008542111;96,79;0,1710699626;17.101,94;0,001626771;EUR
ETF Muster 40/60 ausgew.;10.06.2023;0,0000107223;1,22;0,1710821255;17.103,15;0;EUR
ETF Muster 40/60 ausgew.;11.06.2023;0,0000107222;1,22;0,1710942884;17.104,37;0;EUR
ETF Muster 40/60 ausgew.;12.06.2023;0,0018138707;205,70;0,1731551377;17.310,07;0,002111978;EUR
ETF Muster 40/60 ausgew.;13.06.2023;-0,0013788289;-156,65;0,1715913621;17.153,42;-0,000846030;EUR
ETF Muster 40/60 ausgew.;14.06.2023;-0,0005189296;-58,87;0,1710056125;17.094,55;-0,001268505;EUR
ETF Muster 40/60 ausgew.;15.06.2023;-0,0017547733;-198,98;0,1690182471;16.895,57;-0,001515774;EUR
ETF Muster 40/60 ausgew.;16.06.2023;0,0005518676;62,47;0,1696463245;16.958,03;0,000491989;EUR
ETF Muster 40/60 ausgew.;17.06.2023;0,0000107359;1,22;0,1696584886;16.959,25;0;EUR
ETF Muster 40/60 ausgew.;18.06.2023;0,0000107358;1,22;0,1696706526;16.960,47;0;EUR
ETF Muster 40/60 ausgew.;19.06.2023;-0,0024160941;-273,65;0,1669362166;16.686,82;-0,001904771;EUR
ETF Muster 40/60 ausgew.;20.06.2023;0,0000975866;11,03;0,1670496241;16.697,85;0,002504780;EUR
ETF Muster 40/60 ausgew.;21.06.2023;-0,0032504940;-367,30;0,1633781078;16.330,55;-0,002625886;EUR
ETF Muster 40/60 ausgew.;22.06.2023;-0,0032685864;-368,14;0,1596980098;15.962,40;-0,002114384;EUR
ETF Muster 40/60 ausgew.;23.06.2023;0,0034199120;383,93;0,1635420865;16.346,33;0,003695315;EUR
ETF Muster 40/60 ausgew.;24.06.2023;0,0000116938;1,32;0,1635552655;16.347,65;0;EUR
ETF Muster 40/60 ausgew.;25.06.2023;0,0000116936;1,32;0,1635684444;16.348,97;0;EUR
ETF Muster 40/60 ausgew.;26.06.2023;0,0005434970;61,22;0,1641840196;16.410,19;0,000169715;EUR
ETF Muster 40/60 ausgew.;27.06.2023;-0,0019906542;-224,37;0,1619422233;16.185,82;-0,000735185;EUR
ETF Muster 40/60 ausgew.;28.06.2023;0,0025509718;286,95;0,1648162323;16.472,77;0,002293657;EUR
ETF Muster 40/60 ausgew.;29.06.2023;-0,0012608995;-142,19;0,1633965330;16.330,58;-0,001501950;EUR
ETF Muster 40/60 ausgew.;30.06.2023;0,0027705866;312,05;0,1665218585;16.642,63;0,002013957;EUR
ETF Muster 40/60 ausgew.;01.07.2023;0,0000116631;1,32;0,1665350387;16.643,95;0;EUR
ETF Muster 40/60 ausgew.;02.07.2023;0,0000116630;1,32;0,1665482188;16.645,26;0;EUR
ETF Muster 40/60 ausgew.;03.07.2023;0,0007209678;81,43;0,1673660650;16.726,69;-0,000523075;EUR
ETF Muster 40/60 ausgew.;04.07.2023;0,0006862836;77,57;0,1681452994;16.804,26;0,000130771;EUR
ETF Muster 40/60 ausgew.;05.07.2023;-0,0013644599;-154,33;0,1666041574;16.649,94;-0,000010970;EUR
ETF Muster 40/60 ausgew.;06.07.2023;-0,0083659388;-944,93;0,1571517866;15.705,00;-0,006896580;EUR
ETF Muster 40/60 ausgew.;07.07.2023;0,0013222065;148,09;0,1586365897;15.853,10;-0,001145666;EUR
ETF Muster 40/60 ausgew.;08.07.2023;0,0000117452;1,32;0,1586497710;15.854,42;0;EUR
ETF Muster 40/60 ausgew.;09.07.2023;0,0000117451;1,32;0,1586629524;15.855,73;0;EUR
ETF Muster 40/60 ausgew.;10.07.2023;-0,0005743458;-64,42;0,1580212571;15.791,32;-0,000124058;EUR
ETF Muster 40/60 ausgew.;11.07.2023;0,0020367073;228,30;0,1603087217;16.019,61;0,001211072;EUR
ETF Muster 40/60 ausgew.;12.07.2023;0,0046377475;520,91;0,1655245004;16.540,52;0,003116290;EUR
ETF Muster 40/60 ausgew.;13.07.2023;0,0028809832;325,09;0,1687808384;16.865,61;0,003823332;EUR
ETF Muster 40/60 ausgew.;14.07.2023;-0,0020275436;-229,45;0,1664877011;16.636,17;-0,001177372;EUR
ETF Muster 40/60 ausgew.;15.07.2023;0,0000116991;1,32;0,1665009236;16.637,49;0;EUR
ETF Muster 40/60 ausgew.;16.07.2023;0,0000116989;1,32;0,1665141460;16.638,81;0;EUR
ETF Muster 40/60 ausgew.;17.07.2023;-0,0002639221;-29,81;0,1662188800;16.609,00;0,000875376;EUR
ETF Muster 40/60 ausgew.;18.07.2023;0,0057720179;651,71;0,1727441993;17.260,71;0,004909406;EUR
ETF Muster 40/60 ausgew.;19.07.2023;0,0009964722;113,16;0,1738798602;17.373,87;0,000287720;EUR
ETF Muster 40/60 ausgew.;20.07.2023;-0,0019966037;-226,96;0,1716115222;17.146,91;-0,002384188;EUR
ETF Muster 40/60 ausgew.;21.07.2023;0,0005110468;57,98;0,1721948959;17.204,89;0,001357543;EUR
ETF Muster 40/60 ausgew.;22.07.2023;0,0000116405;1,32;0,1722081195;17.206,21;0;EUR
ETF Muster 40/60 ausgew.;23.07.2023;0,0000116403;1,32;0,1722213432;17.207,53;0;EUR
ETF Muster 40/60 ausgew.;24.07.2023;0,0021485281;243,87;0,1746653182;17.451,40;0,002783784;EUR
ETF Muster 40/60 ausgew.;25.07.2023;0,0009699636;110,33;0,1757728050;17.561,74;0,000642309;EUR
ETF Muster 40/60 ausgew.;26.07.2023;-0,0014044424;-159,91;0,1741754227;17.401,83;-0,001910446;EUR
ETF Muster 40/60 ausgew.;27.07.2023;-0,0002445796;-27,81;0,1739002254;17.374,02;0,001354551;EUR
ETF Muster 40/60 ausgew.;28.07.2023;0,0015808131;179,70;0,1757020259;17.553,72;0,001130421;EUR
ETF Muster 40/60 ausgew.;29.07.2023;0,0000116048;1,32;0,1757152508;17.555,04;0;EUR
ETF Muster 40/60 ausgew.;30.07.2023;0,0000116047;1,32;0,1757284757;17.556,36;0;EUR
ETF Muster 40/60 ausgew.;31.07.2023;0,0017151127;195,28;0,1776862786;17.751,63;0,001034213;EUR
ETF Muster 40/60 ausgew.;01.08.2023;-0,0036152053;-412,32;0,1735622667;17.339,31;-0,001629070;EUR
ETF Muster 40/60 ausgew.;02.08.2023;-0,0022676332;-257,69;0,1709859145;17.081,62;-0,001403536;EUR
ETF Muster 40/60 ausgew.;03.08.2023;-0,0020884643;-236,79;0,1686186656;16.844,83;-0,001878453;EUR
ETF Muster 40/60 ausgew.;04.08.2023;-0,0003054356;-34,56;0,1682757573;16.810,27;-0,001766078;EUR
ETF Muster 40/60 ausgew.;05.08.2023;0,0000125796;1,42;0,1682900008;16.811,69;0;EUR
ETF Muster 40/60 ausgew.;06.08.2023;0,0000125795;1,42;0,1683042442;16.813,12;0;EUR
ETF Muster 40/60 ausgew.;07.08.2023;0,0000554169;6,27;0,1683700164;16.819,39;0,001511543;EUR
ETF Muster 40/60 ausgew.;08.08.2023;0,0016163378;181,75;0,1701930059;17.001,13;0,003345372;EUR
ETF Muster 40/60 ausgew.;09.08.2023;-0,0022788197;-256,65;0,1676273193;16.744,48;-0,002350643;EUR
ETF Muster 40/60 ausgew.;10.08.2023;-0,0008118930;-91,23;0,1667175636;16.653,25;-0,001021679;EUR
ETF Muster 40/60 ausgew.;11.08.2023;-0,0029726061;-333,75;0,1633797798;16.319,49;-0,002424956;EUR
ETF Muster 40/60 ausgew.;12.08.2023;0,0000121315;1,36;0,1633933755;16.320,85;0;EUR
ETF Muster 40/60 ausgew.;13.08.2023;0,0000121313;1,36;0,1634069713;16.322,21;0;EUR
ETF Muster 40/60 ausgew.;14.08.2023;0,0000479521;5,37;0,1634641835;16.327,58;0,000916399;EUR
ETF Muster 40/60 ausgew.;15.08.2023;-0,0033914789;-379,68;0,1596663904;15.947,90;-0,003900808;EUR
ETF Muster 40/60 ausgew.;16.08.2023;-0,0003854263;-43,00;0,1592392341;15.904,90;0,000015498;EUR
ETF Muster 40/60 ausgew.;17.08.2023;-0,0035223387;-392,84;0,1553094128;15.512,05;-0,002570082;EUR
ETF Muster 40/60 ausgew.;18.08.2023;0,0011420282;126,92;0,1565834702;15.638,97;0,001917956;EUR
ETF Muster 40/60 ausgew.;19.08.2023;0,0000122057;1,36;0,1565970673;15.640,33;0;EUR
ETF Muster 40/60 ausgew.;20.08.2023;0,0000122055;1,36;0,1566106645;15.641,69;0;EUR
ETF Muster 40/60 ausgew.;21.08.2023;-0,0026312266;-292,76;0,1536826447;15.348,93;-0,001560904;EUR
ETF Muster 40/60 ausgew.;22.08.2023;0,0031320776;347,57;0,1571660860;15.696,50;0,001833533;EUR
ETF Muster 40/60 ausgew.;23.08.2023;0,0065066125;724,32;0,1644219973;16.420,82;0,006044022;EUR
ETF Muster 40/60 ausgew.;24.08.2023;-0,0007334891;-82,18;0,1636025410;16.338,63;-0,001793287;EUR
ETF Muster 40/60 ausgew.;25.08.2023;-0,0001291928;-14,46;0,1634611433;16.324,17;0,000373891;EUR
ETF Muster 40/60 ausgew.;26.08.2023;0,0000111425;1,25;0,1634736338;16.325,42;0;EUR
ETF Muster 40/60 ausgew.;27.08.2023;0,0000111423;1,25;0,1634861243;16.326,66;0;EUR
ETF Muster 40/60 ausgew.;28.08.2023;0,0016218795;181,57;0,1653077391;16.508,23;0,000418570;EUR
ETF Muster 40/60 ausgew.;29.08.2023;0,0042803515;479,96;0,1701175012;16.988,20;0,003908733;EUR
ETF Muster 40/60 ausgew.;30.08.2023;-0,0017617976;-198,40;0,1681342883;16.789,80;-0,001181364;EUR
ETF Muster 40/60 ausgew.;31.08.2023;0,0033395001;375,40;0,1718972204;17.165,20;0,003784151;EUR
ETF Muster 40/60 ausgew.;01.09.2023;-0,0002790091;-31,47;0,1715856743;17.133,73;-0,000460791;EUR
ETF Muster 40/60 ausgew.;02.09.2023;0,0000110625;1,25;0,1715981661;17.134,98;0;EUR
ETF Muster 40/60 ausgew.;03.09.2023;0,0000110623;1,25;0,1716106579;17.136,23;0;EUR
ETF Muster 40/60 ausgew.;04.09.2023;-0,0007337803;-82,74;0,1707856237;17.053,49;-0,000892903;EUR
ETF Muster 40/60 ausgew.;05.09.2023;-0,0006235432;-70,26;0,1700855566;16.983,23;-0,000362939;EUR
ETF Muster 40/60 ausgew.;06.09.2023;-0,0035479156;-399,52;0,1660878739;16.583,71;-0,002802033;EUR
ETF Muster 40/60 ausgew.;07.09.2023;0,0015497170;173,89;0,1678329008;16.757,60;0,000314637;EUR
ETF Muster 40/60 ausgew.;08.09.2023;0,0004447176;49,98;0,1683369551;16.807,58;0,000887801;EUR
ETF Muster 40/60 ausgew.;09.09.2023;0,0000110945;1,25;0,1683494482;16.808,82;0;EUR
ETF Muster 40/60 ausgew.;10.09.2023;0,0000110944;1,25;0,1683619413;16.810,07;0;EUR
ETF Muster 40/60 ausgew.;11.09.2023;-0,0000732408;-8,23;0,1682829709;16.801,84;0,000110388;EUR
ETF Muster 40/60 ausgew.;12.09.2023;-0,0011495269;-129,24;0,1669920500;16.672,60;-0,000480621;EUR
ETF Muster 40/60 ausgew.;13.09.2023;-0,0008637025;-96,99;0,1660240486;16.575,61;-0,001308735;EUR
ETF Muster 40/60 ausgew.;14.09.2023;0,0049875687;559,60;0,1716326695;17.135,21;0,005374851;EUR
ETF Muster 40/60 ausgew.;15.09.2023;-0,0015354208;-173,13;0,1699020380;16.962,08;-0,003215404;EUR
ETF Muster 40/60 ausgew.;16.09.2023;0,0000110793;1,25;0,1699145324;16.963,33;0;EUR
ETF Muster 40/60 ausgew.;17.09.2023;0,0000110792;1,25;0,1699270268;16.964,57;0;EUR
ETF Muster 40/60 ausgew.;18.09.2023;-0,0023943501;-269,58;0,1672302690;16.695,00;-0,001849675;EUR
ETF Muster 40/60 ausgew.;19.09.2023;-0,0013630139;-153,09;0,1657002124;16.541,91;-0,001196881;EUR
ETF Muster 40/60 ausgew.;20.09.2023;0,0016056165;180,09;0,1675076857;16.722,00;-0,000616058;EUR
ETF Muster 40/60 ausgew.;21.09.2023;-0,0051925298;-583,36;0,1616674146;16.138,64;-0,003084907;EUR
ETF Muster 40/60 ausgew.;22.09.2023;0,0007585159;84,77;0,1625199802;16.223,42;-0,000279378;EUR
ETF Muster 40/60 ausgew.;23.09.2023;0,0000111525;1,25;0,1625324759;16.224,66;0;EUR
ETF Muster 40/60 ausgew.;24.09.2023;0,0000111524;1,25;0,1625449716;16.225,91;0;EUR
ETF Muster 40/60 ausgew.;25.09.2023;-0,0001059514;-11,85;0,1624296072;16.214,06;0,000703027;EUR
ETF Muster 40/60 ausgew.;26.09.2023;-0,0029628641;-331,36;0,1591133834;15.882,70;-0,003009038;EUR
ETF Muster 40/60 ausgew.;27.09.2023;-0,0014490775;-161,58;0,1574979005;15.721,12;0,000345837;EUR
ETF Muster 40/60 ausgew.;28.09.2023;-0,0041120366;-457,85;0,1529141620;15.263,27;-0,003951114;EUR
ETF Muster 40/60 ausgew.;29.09.2023;0,0023313910;258,52;0,1555073306;15.521,79;0,004080036;EUR
ETF Muster 40/60 ausgew.;30.09.2023;0,0000120245;1,34;0,1555207202;15.523,12;0;EUR
ETF Muster 40/60 ausgew.;01.10.2023;0,0000120244;1,34;0,1555341099;15.524,46;0;EUR
ETF Muster 40/60 ausgew.;02.10.2023;-0,0032131096;-357,13;0,1519592618;15.167,33;-0,001273551;EUR
ETF Muster 40/60 ausgew.;03.10.2023;-0,0042205598;-467,60;0,1472774705;14.699,73;-0,003387820;EUR
ETF Muster 40/60 ausgew.;04.10.2023;-0,0001018727;-11,24;0,1471678823;14.688,49;-0,000062557;EUR
ETF Muster 40/60 ausgew.;05.10.2023;0,0002823366;31,15;0,1474829526;14.719,64;0,001783736;EUR
ETF Muster 40/60 ausgew.;06.10.2023;0,0015588578;172,01;0,1492094465;14.891,65;0,001514600;EUR
ETF Muster 40/60 ausgew.;07.10.2023;0,0000120931;1,34;0,1492228375;14.892,98;0;EUR
ETF Muster 40/60 ausgew.;08.10.2023;0,0000120929;1,34;0,1492362285;14.894,32;0;EUR
ETF Muster 40/60 ausgew.;09.10.2023;0,0048398291;534,89;0,1545987873;15.429,21;0,004285434;EUR
ETF Muster 40/60 ausgew.;10.10.2023;0,0022875716;254,04;0,1571474567;15.683,25;0,001009455;EUR
ETF Muster 40/60 ausgew.;11.10.2023;0,0018087600;201,33;0,1591680189;15.884,57;0,001686823;EUR
ETF Muster 40/60 ausgew.;12.10.2023;-0,0010308005;-114,94;0,1580194797;15.769,63;-0,001143441;EUR
ETF Muster 40/60 ausgew.;13.10.2023;0,0039103051;435,58;0,1623875246;16.205,21;0,000388851;EUR
ETF Muster 40/60 ausgew.;14.10.2023;0,0000059058;0,66;0,1623941427;16.205,87;0;EUR
ETF Muster 40/60 ausgew.;15.10.2023;0,0000059057;0,66;0,1624007607;16.206,53;0;EUR
ETF Muster 40/60 ausgew.;16.10.2023;-0,0009746208;-108,99;0,1613118656;16.097,54;-0,000340978;EUR
ETF Muster 40/60 ausgew.;17.10.2023;-0,0026450910;-295,51;0,1583537813;15.802,03;-0,003056692;EUR
ETF Muster 40/60 ausgew.;18.10.2023;-0,0022843305;-254,53;0,1558062430;15.547,50;-0,003079202;EUR
ETF Muster 40/60 ausgew.;19.10.2023;-0,0049450784;-549,75;0,1503000809;14.997,75;-0,003058676;EUR
ETF Muster 40/60 ausgew.;20.10.2023;0,0006021090;66,61;0,1509706326;15.064,35;-0,000949541;EUR
ETF Muster 40/60 ausgew.;21.10.2023;0,0000059666;0,66;0,1509772513;15.065,01;0;EUR
ETF Muster 40/60 ausgew.;22.10.2023;0,0000059666;0,66;0,1509838700;15.065,67;0;EUR
ETF Muster 40/60 ausgew.;23.10.2023;-0,0025579074;-283,13;0,1481493922;14.782,54;-0,001000394;EUR
ETF Muster 40/60 ausgew.;24.10.2023;0,0032283434;356,43;0,1517245594;15.138,97;0,003584257;EUR
ETF Muster 40/60 ausgew.;25.10.2023;-0,0018267342;-202,33;0,1496997707;14.936,64;-0,002934562;EUR
ETF Muster 40/60 ausgew.;26.10.2023;0,0010198197;112,75;0,1508328458;15.049,39;-0,000099647;EUR
ETF Muster 40/60 ausgew.;27.10.2023;-0,0027473204;-304,05;0,1477884364;14.745,33;-0,000593592;EUR
ETF Muster 40/60 ausgew.;28.10.2023;0,0000059839;0,66;0,1477950558;14.745,99;0;EUR
ETF Muster 40/60 ausgew.;29.10.2023;0,0000059839;0,66;0,1478016752;14.746,65;0;EUR
ETF Muster 40/60 ausgew.;30.10.2023;0,0017233588;190,21;0,1497110879;14.936,86;0,001845830;EUR
ETF Muster 40/60 ausgew.;31.10.2023;0,0030295210;334,95;0,1530712987;15.271,81;0,002728008;EUR
ETF Muster 40/60 ausgew.;01.11.2023;0,0040063531;444,29;0,1575276013;15.716,09;0,004188543;EUR
ETF Muster 40/60 ausgew.;02.11.2023;0,0048700462;542,23;0,1629658174;16.258,32;0,003958501;EUR
ETF Muster 40/60 ausgew.;03.11.2023;0,0017839168;199,59;0,1649697040;16.457,91;0,001586096;EUR
ETF Muster 40/60 ausgew.;04.11.2023;0,0000058925;0,66;0,1649763240;16.458,57;0;EUR
ETF Muster 40/60 ausgew.;05.11.2023;0,0000058924;0,66;0,1649829440;16.459,23;0;EUR
ETF Muster 40/60 ausgew.;06.11.2023;-0,0027586317;-309,20;0,1618868996;16.150,04;-0,001654302;EUR
ETF Muster 40/60 ausgew.;07.11.2023;0,0016841049;188,24;0,1637770695;16.338,27;0,002371250;EUR
ETF Muster 40/60 ausgew.;08.11.2023;-0,0003978779;-44,55;0,1633337910;16.293,73;0,000550927;EUR
ETF Muster 40/60 ausgew.;09.11.2023;-0,0013856640;-155,08;0,1617824534;16.138,65;-0,001074205;EUR
ETF Muster 40/60 ausgew.;10.11.2023;-0,0017484889;-195,41;0,1598267008;15.943,23;0,000719182;EUR
ETF Muster 40/60 ausgew.;11.11.2023;0,0000059196;0,66;0,1598333215;15.943,89;0;EUR
ETF Muster 40/60 ausgew.;12.11.2023;0,0000059196;0,66;0,1598399422;15.944,55;0;EUR
ETF Muster 40/60 ausgew.;13.11.2023;0,0007073090;78,91;0,1606342303;16.023,47;-0,000305940;EUR
ETF Muster 40/60 ausgew.;14.11.2023;0,0062414732;696,84;0,1676233670;16.720,31;0,005101257;EUR
ETF Muster 40/60 ausgew.;15.11.2023;-0,0004709469;-52,91;0,1670962847;16.667,40;0,000411662;EUR
ETF Muster 40/60 ausgew.;16.11.2023;0,0004012206;45,05;0,1675512941;16.712,45;0,001299017;EUR
ETF Muster 40/60 ausgew.;17.11.2023;0,0003289241;36,95;0,1679250756;16.749,40;0,000309486;EUR
ETF Muster 40/60 ausgew.;18.11.2023;0,0000058772;0,66;0,1679316969;16.750,06;0;EUR
ETF Muster 40/60 ausgew.;19.11.2023;0,0000058771;0,66;0,1679383183;16.750,73;0;EUR
ETF Muster 40/60 ausgew.;20.11.2023;-0,0014782542;-166,12;0,1662761677;16.584,61;-0,000689086;EUR
ETF Muster 40/60 ausgew.;21.11.2023;0,0035816990;401,90;0,1703089277;16.986,50;0,001241914;EUR
ETF Muster 40/60 ausgew.;22.11.2023;0,0019178731;215,97;0,1724777081;17.202,48;0,001419672;EUR
ETF Muster 40/60 ausgew.;23.11.2023;-0,0013058799;-147,34;0,1710038422;17.055,14;-0,002042260;EUR
ETF Muster 40/60 ausgew.;24.11.2023;-0,0006661094;-75,06;0,1702546557;16.980,08;-0,000692511;EUR
ETF Muster 40/60 ausgew.;25.11.2023;0,0000058651;0,66;0,1702612777;16.980,74;0;EUR
ETF Muster 40/60 ausgew.;26.11.2023;0,0000058651;0,66;0,1702678997;16.981,40;0;EUR
ETF Muster 40/60 ausgew.;27.11.2023;0,0025020682;281,75;0,1730963042;17.263,15;0,002627379;EUR
ETF Muster 40/60 ausgew.;28.11.2023;0,0042671346;481,70;0,1779298156;17.744,85;0,001501842;EUR
ETF Muster 40/60 ausgew.;29.11.2023;0,0039963114;453,06;0,1824762586;18.197,91;0,003106878;EUR
ETF Muster 40/60 ausgew.;30.11.2023;0,0026787587;304,90;0,1855372481;18.502,81;0,001237045;EUR
ETF Muster 40/60 ausgew.;01.12.2023;0,0077288037;882,06;0,1943859521;19.384,87;0,005939652;EUR
ETF Muster 40/60 ausgew.;02.12.2023;0,0000059626;0,69;0,1943928286;19.385,55;0;EUR
ETF Muster 40/60 ausgew.;03.12.2023;0,0000059626;0,69;0,1943997051;19.386,24;0;EUR
ETF Muster 40/60 ausgew.;04.12.2023;-0,0009195316;-105,76;0,1933430259;19.280,48;0,000465061;EUR
ETF Muster 40/60 ausgew.;05.12.2023;0,0015744110;180,91;0,1951609732;19.461,39;0,002691017;EUR
ETF Muster 40/60 ausgew.;06.12.2023;0,0026494313;304,91;0,1982225333;19.766,30;0,001224997;EUR
ETF Muster 40/60 ausgew.;07.12.2023;0,0006766971;78,08;0,1990094874;19.844,38;0,001768254;EUR
ETF Muster 40/60 ausgew.;08.12.2023;-0,0019779338;-228,39;0,1967229532;19.615,99;-0,001540475;EUR
ETF Muster 40/60 ausgew.;09.12.2023;0,0000059507;0,69;0,1967298304;19.616,68;0;EUR
ETF Muster 40/60 ausgew.;10.12.2023;0,0000059506;0,69;0,1967367076;19.617,37;0;EUR
ETF Muster 40/60 ausgew.;11.12.2023;0,0000499247;5,75;0,1967982597;19.623,12;0,001236213;EUR
ETF Muster 40/60 ausgew.;12.12.2023;0,0001781524;20,53;0,1970080215;19.643,65;0,000920749;EUR
ETF Muster 40/60 ausgew.;13.12.2023;0,0049672574;572,56;0,2027542610;20.216,21;0,003675377;EUR
ETF Muster 40/60 ausgew.;14.12.2023;0,0044466492;515,10;0,2079243963;20.731,31;0,001360752;EUR
ETF Muster 40/60 ausgew.;15.12.2023;0,0031787547;369,86;0,2116380663;21.101,18;0,003907493;EUR
ETF Muster 40/60 ausgew.;16.12.2023;0,0000058750;0,69;0,2116449441;21.101,86;0;EUR
ETF Muster 40/60 ausgew.;17.12.2023;0,0000058749;0,69;0,2116518220;21.102,55;0;EUR
ETF Muster 40/60 ausgew.;18.12.2023;-0,0026195352;-305,77;0,2085891301;20.796,78;-0,000681098;EUR
ETF Muster 40/60 ausgew.;19.12.2023;0,0025785356;300,19;0,2116041588;21.096,97;0,001594979;EUR
ETF Muster 40/60 ausgew.;20.12.2023;-0,0006170519;-72,02;0,2108858689;21.024,95;-0,000378777;EUR
ETF Muster 40/60 ausgew.;21.12.2023;0,0017718751;206,69;0,2129631294;21.231,64;0,002011740;EUR
ETF Muster 40/60 ausgew.;22.12.2023;0,0012359371;144,43;0,2144159487;21.376,06;0,000359933;EUR
ETF Muster 40/60 ausgew.;23.12.2023;0,0000058612;0,69;0,2144228273;21.376,75;0;EUR
ETF Muster 40/60 ausgew.;24.12.2023;0,0000058611;0,69;0,2144297058;21.377,43;0;EUR
ETF Muster 40/60 ausgew.;25.12.2023;-0,0000023930;-0,28;0,2144310569;21.377,15;0,000014892;EUR
ETF Muster 40/60 ausgew.;26.12.2023;-0,0000767069;-8,97;0,2143451864;21.368,18;0,000390567;EUR
ETF Muster 40/60 ausgew.;27.12.2023;0,0023840999;278,92;0,2171472501;21.647,10;0,001188485;EUR
ETF Muster 40/60 ausgew.;28.12.2023;0,0002321473;27,22;0,2174245470;21.674,32;-0,000147436;EUR
ETF Muster 40/60 ausgew.;29.12.2023;-0,0010328260;-121,15;0,2162134343;21.553,17;-0,001471495;EUR
ETF Muster 40/60 ausgew.;30.12.2023;0,0000058523;0,69;0,2162203135;21.553,86;0;EUR
ETF Muster 40/60 ausgew.;31.12.2023;0,0000058523;0,69;0,2162271928;21.554,55;0;EUR
ETF Muster 40/60 ausgew.;01.01.2024;-0,0000300420;-3,52;0,2161960531;21.551,03;0,000004579;EUR
ETF Muster 40/60 ausgew.;02.01.2024;0,0005855654;68,61;0,2168885541;21.619,64;-0,000892352;EUR
ETF Muster 40/60 ausgew.;03.01.2024;-0,0036774594;-431,16;0,2125672762;21.188,48;-0,001234847;EUR
ETF Muster 40/60 ausgew.;04.01.2024;-0,0019118027;-223,32;0,2103309173;20.965,16;-0,003495151;EUR
ETF Muster 40/60 ausgew.;05.01.2024;-0,0015869992;-185,03;0,2084786705;20.780,13;-0,001049992;EUR
ETF Muster 40/60 ausgew.;06.01.2024;0,0000058751;0,68;0,2084855316;20.780,82;0;EUR
ETF Muster 40/60 ausgew.;07.01.2024;0,0000058750;0,68;0,2084923926;20.781,50;0;EUR
ETF Muster 40/60 ausgew.;08.01.2024;0,0013905107;161,86;0,2101203316;20.943,36;0,002365568;EUR
ETF Muster 40/60 ausgew.;09.01.2024;0,0004931825;57,49;0,2107011498;21.000,85;-0,000628394;EUR
ETF Muster 40/60 ausgew.;10.01.2024;-0,0018768208;-218,88;0,2085090996;20.781,97;-0,000628371;EUR
ETF Muster 40/60 ausgew.;11.01.2024;-0,0000549085;-6,39;0,2084489660;20.775,58;0,000553651;EUR
ETF Muster 40/60 ausgew.;12.01.2024;0,0045395698;528,40;0,2137547092;21.303,98;0,002438853;EUR
ETF Muster 40/60 ausgew.;13.01.2024;0,0000058663;0,69;0,2137615915;21.304,67;0;EUR
ETF Muster 40/60 ausgew.;14.01.2024;0,0000058662;0,69;0,2137684738;21.305,35;0;EUR
ETF Muster 40/60 ausgew.;15.01.2024;-0,0010661501;-124,66;0,2125217183;21.180,69;-0,001011416;EUR
ETF Muster 40/60 ausgew.;16.01.2024;-0,0010574766;-123,52;0,2112864102;21.057,17;-0,000590779;EUR
ETF Muster 40/60 ausgew.;17.01.2024;-0,0052693191;-614,83;0,2051211792;20.442,34;-0,003727483;EUR
ETF Muster 40/60 ausgew.;18.01.2024;0,0002208565;25,63;0,2053823113;20.467,98;0,001300714;EUR
ETF Muster 40/60 ausgew.;19.01.2024;0,0018427745;213,93;0,2075329150;20.681,91;0,001374286;EUR
ETF Muster 40/60 ausgew.;20.01.2024;0,0000058976;0,69;0,2075397980;20.682,59;0;EUR
ETF Muster 40/60 ausgew.;21.01.2024;0,0000058976;0,69;0,2075466809;20.683,28;0;EUR
ETF Muster 40/60 ausgew.;22.01.2024;0,0023033166;267,89;0,2102388453;20.951,17;0,002600410;EUR
ETF Muster 40/60 ausgew.;23.01.2024;0,0003106749;36,22;0,2106062773;20.987,39;0,000037946;EUR
ETF Muster 40/60 ausgew.;24.01.2024;-0,0019311899;-225,20;0,2083503998;20.762,19;-0,000280091;EUR
ETF Muster 40/60 ausgew.;25.01.2024;0,0037618827;437,83;0,2127480977;21.200,02;0,004110852;EUR
ETF Muster 40/60 ausgew.;26.01.2024;0,0003488219;40,75;0,2131610855;21.240,77;-0,000488762;EUR
ETF Muster 40/60 ausgew.;27.01.2024;0,0000058694;0,69;0,2131679691;21.241,46;0;EUR
ETF Muster 40/60 ausgew.;28.01.2024;0,0000058694;0,69;0,2131748528;21.242,14;0;EUR
ETF Muster 40/60 ausgew.;29.01.2024;0,0057072289;666,98;0,2198724703;21.909,12;0,004677881;EUR
ETF Muster 40/60 ausgew.;30.01.2024;-0,0013795572;-162,14;0,2182493908;21.746,98;-0,001912635;EUR
ETF Muster 40/60 ausgew.;31.01.2024;0,0027388096;321,46;0,2214796606;22.068,43;0,001182383;EUR
ETF Muster 40/60 ausgew.;01.02.2024;0,0025868732;304,45;0,2245394197;22.372,89;0,002342172;EUR
ETF Muster 40/60 ausgew.;02.02.2024;-0,0027651100;-326,27;0,2212690464;22.046,61;-0,001797414;EUR
ETF Muster 40/60 ausgew.;03.02.2024;0,0000058292;0,69;0,2212759307;22.047,30;0;EUR
ETF Muster 40/60 ausgew.;04.02.2024;0,0000058292;0,69;0,2212828149;22.047,99;0;EUR
ETF Muster 40/60 ausgew.;05.02.2024;-0,0022531563;-265,13;0,2186259603;21.782,85;-0,002021514;EUR
ETF Muster 40/60 ausgew.;06.02.2024;0,0025546208;299,93;0,2216404066;22.082,78;0,001173829;EUR
ETF Muster 40/60 ausgew.;07.02.2024;0,0007593976;89,39;0,2225417459;22.172,17;0,001101651;EUR
ETF Muster 40/60 ausgew.;08.02.2024;-0,0022227453;-261,83;0,2199179009;21.910,34;-0,001843945;EUR
ETF Muster 40/60 ausgew.;09.02.2024;-0,0001457742;-17,13;0,2197500608;21.893,21;-0,000634516;EUR
ETF Muster 40/60 ausgew.;10.02.2024;0,0000058369;0,69;0,2197569457;21.893,89;0;EUR
ETF Muster 40/60 ausgew.;11.02.2024;0,0000058368;0,69;0,2197638306;21.894,58;0;EUR
ETF Muster 40/60 ausgew.;12.02.2024;0,0010281490;120,83;0,2209807569;22.015,40;0,000951477;EUR
ETF Muster 40/60 ausgew.;13.02.2024;-0,0047007641;-552,99;0,2154341033;21.462,41;-0,002432046;EUR
ETF Muster 40/60 ausgew.;14.02.2024;0,0027418086;321,03;0,2186605913;21.783,44;0,002616050;EUR
ETF Muster 40/60 ausgew.;15.02.2024;0,0027518193;323,08;0,2219078300;22.106,52;0,001234823;EUR
ETF Muster 40/60 ausgew.;16.02.2024;-0,0000758912;-8,93;0,2218222935;22.097,59;-0,002217812;EUR
ETF Muster 40/60 ausgew.;17.02.2024;0,0000065527;0,77;0,2218300370;22.098,36;0;EUR
ETF Muster 40/60 ausgew.;18.02.2024;0,0000065526;0,77;0,2218377804;22.099,13;0;EUR
ETF Muster 40/60 ausgew.;19.02.2024;0,0004617531;54,36;0,2223876084;22.153,49;0,000195490;EUR
ETF Muster 40/60 ausgew.;20.02.2024;-0,0013835914;-162,96;0,2207559063;21.990,53;-0,000448325;EUR
ETF Muster 40/60 ausgew.;21.02.2024;-0,0015860989;-186,55;0,2188872996;21.803,99;-0,001368322;EUR
ETF Muster 40/60 ausgew.;22.02.2024;0,0039732404;466,57;0,2235752806;22.270,55;0,003321523;EUR
ETF Muster 40/60 ausgew.;23.02.2024;0,0024879588;293,32;0,2265241122;22.563,87;0,001798492;EUR
ETF Muster 40/60 ausgew.;24.02.2024;0,0000065268;0,77;0,2265318563;22.564,64;0;EUR
ETF Muster 40/60 ausgew.;25.02.2024;0,0000065268;0,77;0,2265396005;22.565,41;0;EUR
ETF Muster 40/60 ausgew.;26.02.2024;-0,0030030914;-354,93;0,2229804996;22.210,48;-0,002411258;EUR
ETF Muster 40/60 ausgew.;27.02.2024;-0,0002511539;-29,59;0,2226875284;22.180,88;-0,000183800;EUR
ETF Muster 40/60 ausgew.;28.02.2024;-0,0008652996;-101,94;0,2216682467;22.078,95;-0,000676725;EUR
ETF Muster 40/60 ausgew.;29.02.2024;0,0027821217;327,46;0,2249600822;22.406,41;0,002246119;EUR
ETF Muster 40/60 ausgew.;01.03.2024;0,0040478315;477,77;0,2297611014;22.884,18;0,001932765;EUR
ETF Muster 40/60 ausgew.;02.03.2024;0,0000065092;0,77;0,2297688462;22.884,95;0;EUR
ETF Muster 40/60 ausgew.;03.03.2024;0,0000065091;0,77;0,2297765911;22.885,72;0;EUR
ETF Muster 40/60 ausgew.;04.03.2024;0,0014417324;170,86;0,2314963305;23.056,58;-0,000472114;EUR
ETF Muster 40/60 ausgew.;05.03.2024;-0,0009257533;-109,87;0,2303974753;22.946,71;0,000859014;EUR
ETF Muster 40/60 ausgew.;06.03.2024;0,0012310942;145,97;0,2318673932;23.092,68;-0,000013092;EUR
ETF Muster 40/60 ausgew.;07.03.2024;0,0040874612;485,25;0,2367440120;23.577,93;0,002893943;EUR
ETF Muster 40/60 ausgew.;08.03.2024;0,0015670025;186,79;0,2386239496;23.764,72;0,000722760;EUR
ETF Muster 40/60 ausgew.;09.03.2024;0,0000064612;0,77;0,2386316952;23.765,49;0;EUR
ETF Muster 40/60 ausgew.;10.03.2024;0,0000064611;0,77;0,2386394408;23.766,26;0;EUR
ETF Muster 40/60 ausgew.;11.03.2024;-0,0006991534;-83,47;0,2378056776;23.682,79;-0,001021081;EUR
ETF Muster 40/60 ausgew.;12.03.2024;0,0005142841;61,36;0,2384261775;23.744,15;0,001368777;EUR
ETF Muster 40/60 ausgew.;13.03.2024;-0,0005643710;-67,37;0,2377540835;23.676,78;-0,001134418;EUR
ETF Muster 40/60 ausgew.;14.03.2024;-0,0019117769;-228,08;0,2354681570;23.448,70;-0,001380545;EUR
ETF Muster 40/60 ausgew.;15.03.2024;-0,0026078094;-310,52;0,2323542563;23.138,19;-0,001811434;EUR
ETF Muster 40/60 ausgew.;16.03.2024;0,0000064953;0,77;0,2323620027;23.138,96;0;EUR
ETF Muster 40/60 ausgew.;17.03.2024;0,0000064952;0,77;0,2323697490;23.139,73;0;EUR
ETF Muster 40/60 ausgew.;18.03.2024;0,0017244329;204,80;0,2344306528;23.344,53;0,000789857;EUR
ETF Muster 40/60 ausgew.;19.03.2024;0,0015651518;186,20;0,2363048779;23.530,73;0,002039236;EUR
ETF Muster 40/60 ausgew.;20.03.2024;0,0015275748;182,02;0,2381371292;23.712,75;0,001311554;EUR
ETF Muster 40/60 ausgew.;21.03.2024;0,0052297284;624,10;0,2444091418;24.336,84;0,002356929;EUR
ETF Muster 40/60 ausgew.;22.03.2024;0,0010176010;122,07;0,2456395734;24.458,92;0,002750556;EUR
ETF Muster 40/60 ausgew.;23.03.2024;0,0000064238;0,77;0,2456473204;24.459,69;0;EUR
ETF Muster 40/60 ausgew.;24.03.2024;0,0000064238;0,77;0,2456550675;24.460,46;0;EUR
ETF Muster 40/60 ausgew.;25.03.2024;-0,0020531896;-246,56;0,2431833706;24.213,90;-0,002327459;EUR
ETF Muster 40/60 ausgew.;26.03.2024;0,0011117760;133,23;0,2445259058;24.347,14;0,000345300;EUR
ETF Muster 40/60 ausgew.;27.03.2024;0,0050152233;601,68;0,2505733358;24.948,82;0,003472236;EUR
ETF Muster 40/60 ausgew.;28.03.2024;0,0032869390;396,31;0,2545583539;25.345,13;0,000526659;EUR
ETF Muster 40/60 ausgew.;29.03.2024;0,0000023208;0,28;0,2545658091;25.345,41;0,000057027;EUR
ETF Muster 40/60 ausgew.;30.03.2024;0,0000063768;0,77;0,2545735568;25.346,18;0;EUR
ETF Muster 40/60 ausgew.;31.03.2024;0,0000063767;0,77;0,2545813046;25.346,95;0;EUR
ETF Muster 40/60 ausgew.;01.04.2024;0,0001419301;17,17;0,2547583860;25.364,12;0,000274632;EUR
ETF Muster 40/60 ausgew.;02.04.2024;-0,0046958885;-568,14;0,2490564425;24.795,98;-0,003922196;EUR
ETF Muster 40/60 ausgew.;03.04.2024;0,0005728746;68,99;0,2497538821;24.864,96;-0,000459331;EUR
ETF Muster 40/60 ausgew.;04.04.2024;-0,0014217681;-171,31;0,2480377074;24.693,66;-0,000587516;EUR
ETF Muster 40/60 ausgew.;05.04.2024;0,0015684914;188,72;0,2499378187;24.882,37;0,000689012;EUR
ETF Muster 40/60 ausgew.;06.04.2024;0,0000064013;0,77;0,2499455671;24.883,14;0;EUR
ETF Muster 40/60 ausgew.;07.04.2024;0,0000064012;0,77;0,2499533156;24.883,92;0;EUR
ETF Muster 40/60 ausgew.;08.04.2024;-0,0002436493;-29,36;0,2496629070;24.854,55;-0,001419471;EUR
ETF Muster 40/60 ausgew.;09.04.2024;0,0025905090;312,10;0,2528025087;25.166,65;0,002073685;EUR
ETF Muster 40/60 ausgew.;10.04.2024;-0,0017363147;-209,73;0,2507002761;24.956,92;-0,001792110;EUR
ETF Muster 40/60 ausgew.;11.04.2024;-0,0001010562;-12,19;0,2505823959;24.944,74;0,000075281;EUR
ETF Muster 40/60 ausgew.;12.04.2024;0,0052947347;638,38;0,2569998521;25.583,12;0,002973035;EUR
ETF Muster 40/60 ausgew.;13.04.2024;0,0000063940;0,77;0,2570076375;25.583,89;0;EUR
ETF Muster 40/60 ausgew.;14.04.2024;0,0000063940;0,77;0,2570154228;25.584,67;0;EUR
ETF Muster 40/60 ausgew.;15.04.2024;-0,0066426778;-805,15;0,2489316583;24.779,52;-0,004559182;EUR
ETF Muster 40/60 ausgew.;16.04.2024;-0,0017582435;-211,70;0,2468094158;24.567,82;-0,003191594;EUR
ETF Muster 40/60 ausgew.;17.04.2024;-0,0018449793;-221,75;0,2445861014;24.346,07;-0,000685813;EUR
ETF Muster 40/60 ausgew.;18.04.2024;-0,0005681156;-68,16;0,2439057706;24.277,91;-0,000947292;EUR
ETF Muster 40/60 ausgew.;19.04.2024;-0,0037239361;-446,51;0,2394242973;23.831,41;-0,002559876;EUR
ETF Muster 40/60 ausgew.;20.04.2024;0,0000065885;0,79;0,2394322043;23.832,19;0;EUR
ETF Muster 40/60 ausgew.;21.04.2024;0,0000065885;0,79;0,2394401113;23.832,98;0;EUR
ETF Muster 40/60 ausgew.;22.04.2024;0,0046680777;557,63;0,2450468120;24.390,61;0,003293291;EUR
ETF Muster 40/60 ausgew.;23.04.2024;0,0012904497;154,87;0,2466072000;24.545,49;0,001388084;EUR
ETF Muster 40/60 ausgew.;24.04.2024;-0,0004920122;-59,12;0,2460175859;24.486,36;-0,001876612;EUR
ETF Muster 40/60 ausgew.;25.04.2024;-0,0033561413;-403,11;0,2419718618;24.083,26;-0,002959893;EUR
ETF Muster 40/60 ausgew.;26.04.2024;0,0039903362;477,67;0,2467755769;24.560,93;0,003931201;EUR
ETF Muster 40/60 ausgew.;27.04.2024;0,0000069340;0,83;0,2467839501;24.561,76;0;EUR
ETF Muster 40/60 ausgew.;28.04.2024;0,0000069339;0,83;0,2467923232;24.562,59;0;EUR
ETF Muster 40/60 ausgew.;29.04.2024;0,0027920961;335,57;0,2501684416;24.898,16;0,001913459;EUR
ETF Muster 40/60 ausgew.;30.04.2024;-0,0051985643;-626,54;0,2438775318;24.271,62;-0,004334040;EUR
ETF Muster 40/60 ausgew.;01.05.2024;-0,0003313585;-39,73;0,2434826912;24.231,90;-0,000513757;EUR
ETF Muster 40/60 ausgew.;02.05.2024;0,0024919993;298,68;0,2464882252;24.530,58;0,002642017;EUR
ETF Muster 40/60 ausgew.;03.05.2024;0,0016521762;197,27;0,2484757257;24.727,85;0,002825780;EUR
ETF Muster 40/60 ausgew.;04.05.2024;0,0000069680;0,83;0,2484840997;24.728,68;0;EUR
ETF Muster 40/60 ausgew.;05.05.2024;0,0000069679;0,83;0,2484924736;24.729,51;0;EUR
ETF Muster 40/60 ausgew.;06.05.2024;0,0024173330;289,11;0,2514029328;25.018,63;0,002728130;EUR
ETF Muster 40/60 ausgew.;07.05.2024;0,0035671878;427,67;0,2557058147;25.446,29;0,002216351;EUR
ETF Muster 40/60 ausgew.;08.05.2024;-0,0004521056;-54,40;0,2551646074;25.391,90;-0,000921938;EUR
ETF Muster 40/60 ausgew.;09.05.2024;0,0012803943;153,98;0,2567174261;25.545,88;-0,000183069;EUR
ETF Muster 40/60 ausgew.;10.05.2024;0,0030519343;367,50;0,2604160620;25.913,38;0,000056630;EUR
ETF Muster 40/60 ausgew.;11.05.2024;0,0000062606;0,76;0,2604236612;25.914,14;0;EUR
ETF Muster 40/60 ausgew.;12.05.2024;0,0000062605;0,76;0,2604312603;25.914,89;0;EUR
ETF Muster 40/60 ausgew.;13.05.2024;-0,0023850558;-288,08;0,2575416563;25.626,81;-0,000031136;EUR
ETF Muster 40/60 ausgew.;14.05.2024;0,0008595561;103,57;0,2585880035;25.730,39;-0,000626138;EUR
ETF Muster 40/60 ausgew.;15.05.2024;0,0055241813;666,22;0,2652890461;26.396,61;0,005048629;EUR
ETF Muster 40/60 ausgew.;16.05.2024;-0,0026013171;-315,45;0,2621242264;26.081,15;-0,000641642;EUR
ETF Muster 40/60 ausgew.;17.05.2024;-0,0000178810;-2,16;0,2621080104;26.078,99;-0,001985121;EUR
ETF Muster 40/60 ausgew.;18.05.2024;0,0000062520;0,76;0,2621156103;26.079,75;0;EUR
ETF Muster 40/60 ausgew.;19.05.2024;0,0000062519;0,76;0,2621232103;26.080,50;0;EUR
ETF Muster 40/60 ausgew.;20.05.2024;0,0010451430;126,41;0,2633992499;26.206,92;-0,000099572;EUR
ETF Muster 40/60 ausgew.;21.05.2024;0,0012885240;156,01;0,2649728467;26.362,93;0,001240705;EUR
ETF Muster 40/60 ausgew.;22.05.2024;-0,0023451925;-284,32;0,2621207115;26.078,61;-0,001104719;EUR
ETF Muster 40/60 ausgew.;23.05.2024;-0,0054468411;-658,79;0,2555044682;25.419,82;-0,003374100;EUR
ETF Muster 40/60 ausgew.;24.05.2024;-0,0017655238;-212,37;0,2533751182;25.207,45;0,001439519;EUR
ETF Muster 40/60 ausgew.;25.05.2024;0,0000062974;0,76;0,2533827189;25.208,20;0;EUR
ETF Muster 40/60 ausgew.;26.05.2024;0,0000062973;0,76;0,2533903197;25.208,96;0;EUR
ETF Muster 40/60 ausgew.;27.05.2024;0,0020989003;252,03;0,2559290281;25.460,99;0,001180787;EUR
ETF Muster 40/60 ausgew.;28.05.2024;-0,0039496052;-475,26;0,2511570543;24.985,73;-0,001005197;EUR
ETF Muster 40/60 ausgew.;29.05.2024;-0,0017647347;-211,51;0,2490361198;24.774,22;-0,003238841;EUR
ETF Muster 40/60 ausgew.;30.05.2024;0,0011093044;132,72;0,2503755042;24.906,94;-0,000827692;EUR
ETF Muster 40/60 ausgew.;31.05.2024;0,0023032612;275,88;0,2531540367;25.182,82;0,001697505;EUR
ETF Muster 40/60 ausgew.;01.06.2024;0,0000065326;0,78;0,2531619206;25.183,60;0;EUR
ETF Muster 40/60 ausgew.;02.06.2024;0,0000065326;0,78;0,2531698045;25.184,39;0;EUR
ETF Muster 40/60 ausgew.;03.06.2024;0,0027756492;333,23;0,2565249940;25.517,62;0,002260877;EUR
ETF Muster 40/60 ausgew.;04.06.2024;0,0005351367;64,42;0,2571779982;25.582,04;0,001308101;EUR
ETF Muster 40/60 ausgew.;05.06.2024;0,0055855452;672,79;0,2639471134;26.254,83;0,002657425;EUR
ETF Muster 40/60 ausgew.;06.06.2024;0,0007255884;87,89;0,2648361744;26.342,72;-0,001082712;EUR
ETF Muster 40/60 ausgew.;07.06.2024;-0,0029718922;-360,23;0,2612200179;25.982,49;-0,001542412;EUR
ETF Muster 40/60 ausgew.;08.06.2024;0,0000064894;0,78;0,2612279026;25.983,27;0;EUR
ETF Muster 40/60 ausgew.;09.06.2024;0,0000064893;0,78;0,2612357873;25.984,06;0;EUR
ETF Muster 40/60 ausgew.;10.06.2024;0,0010934522;132,15;0,2625698194;26.116,20;0,000599648;EUR
ETF Muster 40/60 ausgew.;11.06.2024;0,0004544238;54,98;0,2631280333;26.171,18;0,001381201;EUR
ETF Muster 40/60 ausgew.;12.06.2024;0,0019123267;231,47;0,2654607690;26.402,65;0,002479477;EUR
ETF Muster 40/60 ausgew.;13.06.2024;0,0013185332;159,90;0,2670740097;26.562,56;0,001503601;EUR
ETF Muster 40/60 ausgew.;14.06.2024;0,0040558861;492,52;0,2720316710;27.055,07;0,004925156;EUR
ETF Muster 40/60 ausgew.;15.06.2024;0,0000060035;0,73;0,2720390308;27.055,81;0;EUR
ETF Muster 40/60 ausgew.;16.06.2024;0,0000060034;0,73;0,2720463907;27.056,54;0;EUR
ETF Muster 40/60 ausgew.;17.06.2024;-0,0025885903;-315,62;0,2688784890;26.740,92;-0,001306036;EUR
ETF Muster 40/60 ausgew.;18.06.2024;0,0028262115;343,70;0,2723399877;27.084,62;0,000932122;EUR
ETF Muster 40/60 ausgew.;19.06.2024;-0,0003134844;-38,23;0,2719611826;27.046,39;-0,000009309;EUR
ETF Muster 40/60 ausgew.;20.06.2024;0,0019493702;237,66;0,2743566032;27.284,05;-0,000675758;EUR
ETF Muster 40/60 ausgew.;21.06.2024;-0,0001614247;-19,72;0,2741639688;27.264,33;0,001426787;EUR
ETF Muster 40/60 ausgew.;22.06.2024;0,0000059932;0,73;0,2741713294;27.265,06;0;EUR
ETF Muster 40/60 ausgew.;23.06.2024;0,0000059932;0,73;0,2741786899;27.265,79;0;EUR
ETF Muster 40/60 ausgew.;24.06.2024;-0,0004246148;-51,86;0,2736628230;27.213,93;-0,001076775;EUR
ETF Muster 40/60 ausgew.;25.06.2024;0,0012421391;151,65;0,2751934274;27.365,58;0,001603535;EUR
ETF Muster 40/60 ausgew.;26.06.2024;-0,0022448612;-274,40;0,2724395830;27.091,18;-0,000580371;EUR
ETF Muster 40/60 ausgew.;27.06.2024;0,0002837473;34,61;0,2727931974;27.125,78;-0,000299897;EUR
ETF Muster 40/60 ausgew.;28.06.2024;-0,0008294012;-101,18;0,2717812088;27.024,60;-0,001371185;EUR
ETF Muster 40/60 ausgew.;29.06.2024;0,0000060050;0,73;0,2717885701;27.025,33;0;EUR
ETF Muster 40/60 ausgew.;30.06.2024;0,0000060049;0,73;0,2717959315;27.026,06;0;EUR
ETF Muster 40/60 ausgew.;01.07.2024;-0,0027736468;-338,10;0,2684012529;26.687,97;-0,002509249;EUR
ETF Muster 40/60 ausgew.;02.07.2024;0,0003900264;47,41;0,2688835709;26.735,38;0,000909399;EUR
ETF Muster 40/60 ausgew.;03.07.2024;0,0022475333;273,31;0,2716378939;27.008,69;0,002023915;EUR
ETF Muster 40/60 ausgew.;04.07.2024;0,0001528543;18,63;0,2718308175;27.027,32;-0,000441363;EUR
ETF Muster 40/60 ausgew.;05.07.2024;0,0023811828;290,26;0,2747557606;27.317,58;0,001869555;EUR
ETF Muster 40/60 ausgew.;06.07.2024;0,0000059906;0,73;0,2747631227;27.318,31;0;EUR
ETF Muster 40/60 ausgew.;07.07.2024;0,0000059905;0,73;0,2747704848;27.319,04;0;EUR
ETF Muster 40/60 ausgew.;08.07.2024;0,0000372150;4,55;0,2748218285;27.323,59;0,000666194;EUR
ETF Muster 40/60 ausgew.;09.07.2024;-0,0003671033;-44,86;0,2743762413;27.278,73;-0,000806809;EUR
ETF Muster 40/60 ausgew.;10.07.2024;0,0047307284;577,85;0,2801941430;27.856,59;0,002888716;EUR
ETF Muster 40/60 ausgew.;11.07.2024;0,0034707090;425,95;0,2844843214;28.282,53;0,000906616;EUR
ETF Muster 40/60 ausgew.;12.07.2024;0,0011733865;144,51;0,2859436702;28.427,04;0,000039346;EUR
ETF Muster 40/60 ausgew.;13.07.2024;0,0000059609;0,73;0,2859510630;28.427,78;0;EUR
ETF Muster 40/60 ausgew.;14.07.2024;0,0000059608;0,73;0,2859584559;28.428,51;0;EUR
ETF Muster 40/60 ausgew.;15.07.2024;-0,0000326633;-4,03;0,2859237546;28.424,48;0,000698048;EUR
ETF Muster 40/60 ausgew.;16.07.2024;0,0052363735;645,62;0,2924239964;29.070,10;0,002573751;EUR
ETF Muster 40/60 ausgew.;17.07.2024;-0,0035973011;-445,85;0,2879449039;28.624,25;-0,002693075;EUR
ETF Muster 40/60 ausgew.;18.07.2024;-0,0018768236;-231,78;0,2856191334;28.392,47;-0,000573139;EUR
ETF Muster 40/60 ausgew.;19.07.2024;-0,0059731840;-736,27;0,2782181192;27.656,20;-0,002079326;EUR
ETF Muster 40/60 ausgew.;20.07.2024;0,0000059984;0,73;0,2782255128;27.656,94;0;EUR
ETF Muster 40/60 ausgew.;21.07.2024;0,0000059983;0,73;0,2782329064;27.657,67;0;EUR
ETF Muster 40/60 ausgew.;22.07.2024;0,0021498132;263,41;0,2808884831;27.921,08;0,001220561;EUR
ETF Muster 40/60 ausgew.;23.07.2024;0,0029683926;364,49;0,2845610635;28.285,58;0,001753883;EUR
ETF Muster 40/60 ausgew.;24.07.2024;-0,0036949063;-455,05;0,2799887917;27.830,53;-0,003034252;EUR
ETF Muster 40/60 ausgew.;25.07.2024;-0,0029635305;-363,63;0,2763360964;27.466,90;-0,000511692;EUR
ETF Muster 40/60 ausgew.;26.07.2024;0,0042322022;517,76;0,2815507521;27.984,66;0,002372399;EUR
ETF Muster 40/60 ausgew.;27.07.2024;0,0000059823;0,73;0,2815581464;27.985,39;0;EUR
ETF Muster 40/60 ausgew.;28.07.2024;0,0000059823;0,73;0,2815655408;27.986,13;0;EUR
ETF Muster 40/60 ausgew.;29.07.2024;0,0020675367;254,01;0,2841268324;28.240,14;0,002001592;EUR
ETF Muster 40/60 ausgew.;30.07.2024;0,0008081657;99,49;0,2851335854;28.339,63;0,000350813;EUR
ETF Muster 40/60 ausgew.;31.07.2024;0,0075612798;931,62;0,2945128604;29.271,25;0,004149137;EUR
ETF Muster 40/60 ausgew.;01.08.2024;-0,0002419626;-30,04;0,2942165476;29.241,22;-0,000570702;EUR
ETF Muster 40/60 ausgew.;02.08.2024;-0,0124896796;-1.550,11;0,2786253654;27.691,10;-0,004101452;EUR
ETF Muster 40/60 ausgew.;03.08.2024;0,0000060363;0,74;0,2786328093;27.691,84;0;EUR
ETF Muster 40/60 ausgew.;04.08.2024;0,0000060363;0,74;0,2786402533;27.692,58;0;EUR
ETF Muster 40/60 ausgew.;05.08.2024;-0,0118110475;-1.447,60;0,2640799780;26.244,99;-0,008182073;EUR
ETF Muster 40/60 ausgew.;06.08.2024;0,0045656979;552,98;0,2696494819;26.797,96;0,002714250;EUR
ETF Muster 40/60 ausgew.;07.08.2024;-0,0014100760;-171,56;0,2679285414;26.626,40;-0,002261702;EUR
ETF Muster 40/60 ausgew.;08.08.2024;0,0060017512;729,19;0,2752715580;27.355,59;0,003957729;EUR
ETF Muster 40/60 ausgew.;09.08.2024;0,0028672954;350,46;0,2788036845;27.706,05;0,002089957;EUR
ETF Muster 40/60 ausgew.;10.08.2024;0,0000060356;0,74;0,2788111292;27.706,79;0;EUR
ETF Muster 40/60 ausgew.;11.08.2024;0,0000060355;0,74;0,2788185739;27.707,53;0;EUR
ETF Muster 40/60 ausgew.;12.08.2024;0,0000208318;2,55;0,2788498380;27.710,08;-0,000573424;EUR
ETF Muster 40/60 ausgew.;13.08.2024;0,0052949770;645,39;0,2853510252;28.355,47;0,004591477;EUR
ETF Muster 40/60 ausgew.;14.08.2024;-0,0010047420;-123,11;0,2841186289;28.232,36;-0,000123967;EUR
ETF Muster 40/60 ausgew.;15.08.2024;0,0047100270;576,55;0,2899274542;28.808,91;0,001204050;EUR
ETF Muster 40/60 ausgew.;16.08.2024;0,0026471113;325,56;0,2932105305;29.134,47;0,001322044;EUR
ETF Muster 40/60 ausgew.;17.08.2024;0,0000054618;0,67;0,2932173087;29.135,14;0;EUR
ETF Muster 40/60 ausgew.;18.08.2024;0,0000054618;0,67;0,2932240869;29.135,81;0;EUR
ETF Muster 40/60 ausgew.;19.08.2024;0,0017665427;217,84;0,2954231862;29.353,65;0,000427221;EUR
ETF Muster 40/60 ausgew.;20.08.2024;-0,0004610356;-56,95;0,2948567662;29.296,70;0,000349403;EUR
ETF Muster 40/60 ausgew.;21.08.2024;0,0005113306;63,14;0,2954989652;29.359,83;0,001225963;EUR
ETF Muster 40/60 ausgew.;22.08.2024;-0,0029656272;-366,36;0,2918182915;28.993,47;-0,002115720;EUR
ETF Muster 40/60 ausgew.;23.08.2024;0,0038135813;469,72;0,2965527864;29.463,19;0,002047368;EUR
ETF Muster 40/60 ausgew.;24.08.2024;0,0000054473;0,67;0,2965595654;29.463,86;0;EUR
ETF Muster 40/60 ausgew.;25.08.2024;0,0000054473;0,67;0,2965663443;29.464,54;0;EUR
ETF Muster 40/60 ausgew.;26.08.2024;0,0004721309;58,37;0,2971606883;29.522,91;-0,000868796;EUR
ETF Muster 40/60 ausgew.;27.08.2024;-0,0009547115;-118,10;0,2959787431;29.404,82;-0,000444299;EUR
ETF Muster 40/60 ausgew.;28.08.2024;0,0007578341;93,65;0,2969282080;29.498,47;0,000381614;EUR
ETF Muster 40/60 ausgew.;29.08.2024;0,0032330301;399,85;0,3009598688;29.898,32;0,001003318;EUR
ETF Muster 40/60 ausgew.;30.08.2024;0,0011871459;147,30;0,3024494464;30.045,61;0,001538888;EUR
ETF Muster 40/60 ausgew.;31.08.2024;0,0000054218;0,67;0,3024562261;30.046,28;0;EUR
ETF Muster 40/60 ausgew.;01.09.2024;0,0000054217;0,67;0,3024630058;30.046,96;0;EUR
ETF Muster 40/60 ausgew.;02.09.2024;-0,0005557450;-69,04;0,3017749239;29.977,92;-0,001522170;EUR
ETF Muster 40/60 ausgew.;03.09.2024;-0,0021132024;-262,36;0,2991406170;29.715,56;-0,001246384;EUR
ETF Muster 40/60 ausgew.;04.09.2024;-0,0026883650;-333,07;0,2957944070;29.382,49;0,000058389;EUR
ETF Muster 40/60 ausgew.;05.09.2024;-0,0014976479;-185,05;0,2939381902;29.197,44;-0,000146640;EUR
ETF Muster 40/60 ausgew.;06.09.2024;-0,0022977359;-283,48;0,2910909094;28.913,96;-0,001876382;EUR
ETF Muster 40/60 ausgew.;07.09.2024;0,0000023300;0,29;0,2910937968;28.914,25;0;EUR
ETF Muster 40/60 ausgew.;08.09.2024;0,0000023300;0,29;0,2910966841;28.914,53;0;EUR
ETF Muster 40/60 ausgew.;09.09.2024;0,0044204326;544,12;0,2965812924;29.458,65;0,003210855;EUR
ETF Muster 40/60 ausgew.;10.09.2024;0,0032224874;398,41;0,3005992113;29.857,06;0,001465874;EUR
ETF Muster 40/60 ausgew.;11.09.2024;0,0016382566;203,20;0,3026518545;30.060,26;0,003124724;EUR
ETF Muster 40/60 ausgew.;12.09.2024;0,0024094298;299,34;0,3056725722;30.359,60;-0,000460826;EUR
ETF Muster 40/60 ausgew.;13.09.2024;0,0034916035;434,83;0,3100576310;30.794,44;0,000537081;EUR
ETF Muster 40/60 ausgew.;14.09.2024;0,0000022949;0,29;0,3100605187;30.794,72;0;EUR
ETF Muster 40/60 ausgew.;15.09.2024;0,0000022949;0,29;0,3100634064;30.795,01;0;EUR
ETF Muster 40/60 ausgew.;16.09.2024;0,0003564188;44,54;0,3105188905;30.839,55;0,000861815;EUR
ETF Muster 40/60 ausgew.;17.09.2024;-0,0013726593;-171,60;0,3087979864;30.667,95;-0,000488364;EUR
ETF Muster 40/60 ausgew.;18.09.2024;-0,0025650578;-320,23;0,3055804066;30.347,71;-0,001758979;EUR
ETF Muster 40/60 ausgew.;19.09.2024;0,0051240204;638,07;0,3120123096;30.985,78;0,003861361;EUR
ETF Muster 40/60 ausgew.;20.09.2024;-0,0022026334;-275,69;0,3092432199;30.710,09;-0,001841368;EUR
ETF Muster 40/60 ausgew.;21.09.2024;0,0000021325;0,27;0,3092459016;30.710,36;0;EUR
ETF Muster 40/60 ausgew.;22.09.2024;0,0000021324;0,27;0,3092485834;30.710,62;0;EUR
ETF Muster 40/60 ausgew.;23.09.2024;0,0031332309;391,30;0,3131959261;31.101,92;0,002836555;EUR
ETF Muster 40/60 ausgew.;24.09.2024;0,0017557733;219,96;0,3154180092;31.321,89;0,001791558;EUR
ETF Muster 40/60 ausgew.;25.09.2024;-0,0013448604;-168,78;0,3137254120;31.153,11;-0,001876430;EUR
ETF Muster 40/60 ausgew.;26.09.2024;0,0023242784;291,30;0,3166660411;31.444,41;0,001849262;EUR
ETF Muster 40/60 ausgew.;27.09.2024;0,0012304852;154,58;0,3182298379;31.598,98;0,001122234;EUR
ETF Muster 40/60 ausgew.;28.09.2024;0,0000021174;0,27;0,3182325200;31.599,25;0;EUR
ETF Muster 40/60 ausgew.;29.09.2024;0,0000021174;0,27;0,3182352020;31.599,52;0;EUR
ETF Muster 40/60 ausgew.;30.09.2024;-0,0016720770;-210,31;0,3161242877;31.389,21;0,000595418;EUR
ETF Muster 40/60 ausgew.;01.10.2024;0,0043792281;549,88;0,3216694020;31.939,09;0,002573251;EUR
ETF Muster 40/60 ausgew.;02.10.2024;-0,0014422457;-181,89;0,3198446673;31.757,20;-0,001296327;EUR
ETF Muster 40/60 ausgew.;03.10.2024;-0,0013485794;-169,83;0,3181412915;31.587,37;-0,000952062;EUR
ETF Muster 40/60 ausgew.;04.10.2024;0,0008674574;109,10;0,3192471903;31.696,46;-0,000372762;EUR
ETF Muster 40/60 ausgew.;05.10.2024;0,0000021157;0,27;0,3192498726;31.696,73;0;EUR
ETF Muster 40/60 ausgew.;06.10.2024;0,0000021157;0,27;0,3192525550;31.697,00;0;EUR
ETF Muster 40/60 ausgew.;07.10.2024;-0,0026338461;-331,53;0,3159203951;31.365,46;-0,002393185;EUR
ETF Muster 40/60 ausgew.;08.10.2024;-0,0003991910;-50,12;0,3154226409;31.315,35;0,001061069;EUR
ETF Muster 40/60 ausgew.;09.10.2024;0,0028883556;362,47;0,3190806596;31.677,82;0,001548241;EUR
ETF Muster 40/60 ausgew.;10.10.2024;0,0002227511;28,03;0,3193701351;31.705,85;0,000039145;EUR
ETF Muster 40/60 ausgew.;11.10.2024;0,0021299062;268,12;0,3220780149;31.973,97;0,000502806;EUR
ETF Muster 40/60 ausgew.;12.10.2024;0,0000021432;0,27;0,3220807384;31.974,24;0;EUR
ETF Muster 40/60 ausgew.;13.10.2024;0,0000021432;0,27;0,3220834618;31.974,51;0;EUR
ETF Muster 40/60 ausgew.;14.10.2024;0,0034430961;434,35;0,3264659781;32.408,86;0,001928288;EUR
ETF Muster 40/60 ausgew.;15.10.2024;0,0000533468;6,75;0,3265412392;32.415,61;0,000723455;EUR
ETF Muster 40/60 ausgew.;16.10.2024;0,0029167249;369,24;0,3302680721;32.784,85;0,002274890;EUR
ETF Muster 40/60 ausgew.;17.10.2024;0,0021699509;275,50;0,3330507779;33.060,35;0,000735748;EUR
ETF Muster 40/60 ausgew.;18.10.2024;0,0012312299;156,66;0,3346363533;33.217,01;0,001513119;EUR
ETF Muster 40/60 ausgew.;19.10.2024;0,0000021223;0,27;0,3346390771;33.217,28;0;EUR
ETF Muster 40/60 ausgew.;20.10.2024;0,0000021223;0,27;0,3346418008;33.217,55;0;EUR
ETF Muster 40/60 ausgew.;21.10.2024;-0,0026420325;-336,58;0,3312583269;32.880,97;-0,002811887;EUR
ETF Muster 40/60 ausgew.;22.10.2024;-0,0009866750;-125,36;0,3300026262;32.755,60;-0,000866045;EUR
ETF Muster 40/60 ausgew.;23.10.2024;-0,0021404173;-271,69;0,3272726663;32.483,91;-0,001028886;EUR
ETF Muster 40/60 ausgew.;24.10.2024;0,0022572741;285,91;0,3301604379;32.769,82;0,002249325;EUR
ETF Muster 40/60 ausgew.;25.10.2024;-0,0016422166;-208,47;0,3280672570;32.561,35;-0,001770702;EUR
ETF Muster 40/60 ausgew.;26.10.2024;0,0000169690;2,15;0,3280889253;32.563,50;0;EUR
ETF Muster 40/60 ausgew.;27.10.2024;0,0000169688;2,15;0,3281105936;32.565,65;0;EUR
ETF Muster 40/60 ausgew.;28.10.2024;0,0005563466;70,51;0,3288282667;32.636,16;0,000916057;EUR
ETF Muster 40/60 ausgew.;29.10.2024;-0,0003186542;-40,41;0,3284283350;32.595,75;-0,000975129;EUR
ETF Muster 40/60 ausgew.;30.10.2024;-0,0042605939;-540,13;0,3229932213;32.055,63;-0,003757198;EUR
ETF Muster 40/60 ausgew.;31.10.2024;-0,0063236310;-798,25;0,3149569738;31.257,38;-0,004200678;EUR
ETF Muster 40/60 ausgew.;01.11.2024;0,0021189695;265,79;0,3176421133;31.523,17;0,001076785;EUR
ETF Muster 40/60 ausgew.;02.11.2024;0,0000049381;0,62;0,3176483679;31.523,79;0;EUR
ETF Muster 40/60 ausgew.;03.11.2024;0,0000049381;0,62;0,3176546226;31.524,41;0;EUR
ETF Muster 40/60 ausgew.;04.11.2024;-0,0010846936;-136,35;0,3162876512;31.388,06;-0,000688730;EUR
ETF Muster 40/60 ausgew.;05.11.2024;0,0006914884;86,83;0,3171695167;31.474,89;0,001177101;EUR
ETF Muster 40/60 ausgew.;06.11.2024;0,0078324745;984,16;0,3270939925;32.459,05;0,008158446;EUR
ETF Muster 40/60 ausgew.;07.11.2024;0,0010344034;130,99;0,3284211959;32.590,05;-0,000190329;EUR
ETF Muster 40/60 ausgew.;08.11.2024;0,0057386775;727,47;0,3357595324;33.317,52;0,002957887;EUR
ETF Muster 40/60 ausgew.;09.11.2024;0,0000048686;0,62;0,3357657877;33.318,14;0;EUR
ETF Muster 40/60 ausgew.;10.11.2024;0,0000048686;0,62;0,3357720431;33.318,76;0;EUR
ETF Muster 40/60 ausgew.;11.11.2024;0,0023047868;293,85;0,3387407247;33.612,61;0,003806553;EUR
ETF Muster 40/60 ausgew.;12.11.2024;-0,0036886165;-471,37;0,3339976764;33.141,25;-0,000710676;EUR
ETF Muster 40/60 ausgew.;13.11.2024;-0,0000186166;-2,37;0,3339810613;33.138,88;-0,001144915;EUR
ETF Muster 40/60 ausgew.;14.11.2024;-0,0005290323;-67,35;0,3333095030;33.071,52;0,000606906;EUR
ETF Muster 40/60 ausgew.;15.11.2024;-0,0053613009;-682,22;0,3264409180;32.389,31;-0,001353217;EUR
ETF Muster 40/60 ausgew.;16.11.2024;0,0000049043;0,62;0,3264471740;32.389,93;0;EUR
ETF Muster 40/60 ausgew.;17.11.2024;0,0000049043;0,62;0,3264534301;32.390,55;0;EUR
ETF Muster 40/60 ausgew.;18.11.2024;-0,0003261974;-41,29;0,3260444046;32.349,26;-0,000963370;EUR
ETF Muster 40/60 ausgew.;19.11.2024;0,0016305965;206,31;0,3281309294;32.555,57;0,001629403;EUR
ETF Muster 40/60 ausgew.;20.11.2024;0,0021214496;268,86;0,3308479333;32.824,43;0,000300643;EUR
ETF Muster 40/60 ausgew.;21.11.2024;0,0067917902;862,57;0,3395493647;33.687,00;0,002258076;EUR
ETF Muster 40/60 ausgew.;22.11.2024;0,0074031643;946,60;0,3490981784;34.633,59;0,004480846;EUR
ETF Muster 40/60 ausgew.;23.11.2024;0,0000048189;0,62;0,3491044352;34.634,21;0;EUR
ETF Muster 40/60 ausgew.;24.11.2024;0,0000048188;0,62;0,3491106919;34.634,83;0;EUR
ETF Muster 40/60 ausgew.;25.11.2024;-0,0015414355;-198,55;0,3471168156;34.436,28;0,000647927;EUR
ETF Muster 40/60 ausgew.;26.11.2024;0,0003139342;40,38;0,3475313157;34.476,66;0,000385739;EUR
ETF Muster 40/60 ausgew.;27.11.2024;-0,0019380607;-249,34;0,3450253892;34.227,32;-0,000981484;EUR
ETF Muster 40/60 ausgew.;28.11.2024;0,0011839096;152,02;0,3465652789;34.379,34;0,001807077;EUR
ETF Muster 40/60 ausgew.;29.11.2024;0,0029777652;382,81;0,3504317978;34.762,15;0,002323288;EUR
ETF Muster 40/60 ausgew.;30.11.2024;0,0000048141;0,62;0,3504380552;34.762,77;0;EUR
ETF Muster 40/60 ausgew.;01.12.2024;0,0000048140;0,62;0,3504443126;34.763,39;0;EUR
ETF Muster 40/60 ausgew.;02.12.2024;0,0035034091;451,73;0,3550057813;35.215,12;0,004152991;EUR
ETF Muster 40/60 ausgew.;03.12.2024;0,0000419226;5,42;0,3550681071;35.220,54;-0,000769293;EUR
ETF Muster 40/60 ausgew.;04.12.2024;0,0014398386;186,31;0,3569540390;35.406,85;0,000732409;EUR
ETF Muster 40/60 ausgew.;05.12.2024;-0,0044207012;-572,85;0,3511863942;34.834,00;-0,002132054;EUR
ETF Muster 40/60 ausgew.;06.12.2024;0,0013200940;170,31;0,3529109505;35.004,31;0,000731535;EUR
ETF Muster 40/60 ausgew.;07.12.2024;0,0000044354;0,57;0,3529167272;35.004,88;0;EUR
ETF Muster 40/60 ausgew.;08.12.2024;0,0000044354;0,57;0,3529225039;35.005,46;0;EUR
ETF Muster 40/60 ausgew.;09.12.2024;-0,0009889711;-127,76;0,3516420048;34.877,70;-0,000960554;EUR
ETF Muster 40/60 ausgew.;10.12.2024;-0,0005120158;-66,08;0,3509833200;34.811,62;0,000761687;EUR
ETF Muster 40/60 ausgew.;11.12.2024;0,0016904257;218,05;0,3531892953;35.029,67;0,001820757;EUR
ETF Muster 40/60 ausgew.;12.12.2024;-0,0033967730;-438,88;0,3487716664;34.590,78;-0,002025176;EUR
ETF Muster 40/60 ausgew.;13.12.2024;-0,0051869192;-667,91;0,3420446116;33.922,87;-0,002592757;EUR
ETF Muster 40/60 ausgew.;14.12.2024;0,0000044729;0,57;0,3420503889;33.923,45;0;EUR
ETF Muster 40/60 ausgew.;15.12.2024;0,0000044728;0,57;0,3420561662;33.924,02;0;EUR
ETF Muster 40/60 ausgew.;16.12.2024;-0,0010703193;-137,11;0,3406809750;33.786,91;0,000473301;EUR
ETF Muster 40/60 ausgew.;17.12.2024;-0,0024026304;-307,45;0,3375880988;33.479,46;-0,000469388;EUR
ETF Muster 40/60 ausgew.;18.12.2024;-0,0024538214;-313,25;0,3344366381;33.166,22;-0,004725055;EUR
ETF Muster 40/60 ausgew.;19.12.2024;-0,0066210619;-843,15;0,3259415921;32.323,07;-0,001521733;EUR
ETF Muster 40/60 ausgew.;20.12.2024;0,0023044043;291,51;0,3288881113;32.614,58;0,001977297;EUR
ETF Muster 40/60 ausgew.;21.12.2024;0,0000045190;0,57;0,3288938892;32.615,15;0;EUR
ETF Muster 40/60 ausgew.;22.12.2024;0,0000045190;0,57;0,3288996671;32.615,72;0;EUR
ETF Muster 40/60 ausgew.;23.12.2024;-0,0000585630;-7,43;0,3288317849;32.608,30;0,000353776;EUR
ETF Muster 40/60 ausgew.;24.12.2024;0,0016039254;203,35;0,3308894991;32.811,65;0,001721134;EUR
ETF Muster 40/60 ausgew.;25.12.2024;-0,0002057531;-26,13;0,3306330306;32.785,52;0,000033752;EUR
ETF Muster 40/60 ausgew.;26.12.2024;-0,0004368239;-55,46;0,3300807348;32.730,06;-0,000316143;EUR
ETF Muster 40/60 ausgew.;27.12.2024;-0,0004369877;-55,46;0,3295284443;32.674,61;-0,002965343;EUR
ETF Muster 40/60 ausgew.;28.12.2024;0,0000045169;0,57;0,3295342228;32.675,18;0;EUR
ETF Muster 40/60 ausgew.;29.12.2024;0,0000045169;0,57;0,3295400014;32.675,75;0;EUR
ETF Muster 40/60 ausgew.;30.12.2024;-0,0016380914;-207,80;0,3274512837;32.467,96;-0,000041799;EUR
ETF Muster 40/60 ausgew.;31.12.2024;0,0007687840;97,36;0,3284401728;32.565,32;-0,000087564;EUR
ETF Muster 40/60 ausgew.;01.01.2025;0,0000263020;3,33;0,3284807417;32.568,65;0,000002088;EUR
ETF Muster 40/60 ausgew.;02.01.2025;0,0072260549;915,87;0,3377251515;33.484,52;0,001297086;EUR
ETF Muster 40/60 ausgew.;03.01.2025;-0,0018204482;-232,40;0,3353882375;33.252,12;-0,000389926;EUR
ETF Muster 40/60 ausgew.;04.01.2025;0,0000041330;0,53;0,3353935496;33.252,65;0;EUR
ETF Muster 40/60 ausgew.;05.01.2025;0,0000041330;0,53;0,3353988616;33.253,17;0;EUR
ETF Muster 40/60 ausgew.;06.01.2025;-0,0028003873;-356,85;0,3318065619;32.896,32;-0,001880169;EUR
ETF Muster 40/60 ausgew.;07.01.2025;0,0004438249;56,40;0,3323824262;32.952,72;-0,001405768;EUR
ETF Muster 40/60 ausgew.;08.01.2025;0,0020652619;262,56;0,3350377907;33.215,27;0,000638286;EUR
ETF Muster 40/60 ausgew.;09.01.2025;0,0006761342;86,13;0,3359136839;33.301,41;-0,000602337;EUR
ETF Muster 40/60 ausgew.;10.01.2025;-0,0028800476;-367,14;0,3322172702;32.934,27;-0,003060846;EUR
ETF Muster 40/60 ausgew.;11.01.2025;0,0000041732;0,53;0,3322226210;32.934,80;0;EUR
ETF Muster 40/60 ausgew.;12.01.2025;0,0000041731;0,53;0,3322279719;32.935,33;0;EUR
ETF Muster 40/60 ausgew.;13.01.2025;-0,0011798968;-149,98;0,3307220390;32.785,35;-0,000021894;EUR
ETF Muster 40/60 ausgew.;14.01.2025;-0,0027068412;-343,67;0,3272621776;32.441,68;-0,002288867;EUR
ETF Muster 40/60 ausgew.;15.01.2025;0,0082544117;1.045,16;0,3378125427;33.486,84;0,005896087;EUR
ETF Muster 40/60 ausgew.;16.01.2025;0,0026983158;344,48;0,3412947509;33.831,32;0,000656641;EUR
ETF Muster 40/60 ausgew.;17.01.2025;0,0029862054;382,26;0,3451582537;34.213,58;0,002530885;EUR
ETF Muster 40/60 ausgew.;18.01.2025;0,0000041316;0,53;0,3451636051;34.214,11;0;EUR
ETF Muster 40/60 ausgew.;19.01.2025;0,0000041316;0,53;0,3451689565;34.214,64;0;EUR
ETF Muster 40/60 ausgew.;20.01.2025;-0,0050085074;-643,05;0,3386887423;33.571,59;-0,000982968;EUR
ETF Muster 40/60 ausgew.;21.01.2025;0,0048267576;616,61;0,3449166618;34.188,20;0,001884308;EUR
ETF Muster 40/60 ausgew.;22.01.2025;0,0025506237;327,41;0,3482271075;34.515,61;0,000648786;EUR
ETF Muster 40/60 ausgew.;23.01.2025;0,0000393083;5,06;0,3482854153;34.520,67;0,000644252;EUR
ETF Muster 40/60 ausgew.;24.01.2025;-0,0017959521;-231,13;0,3459606733;34.289,53;-0,003242458;EUR
ETF Muster 40/60 ausgew.;25.01.2025;0,0000041291;0,53;0,3459660253;34.290,06;0;EUR
ETF Muster 40/60 ausgew.;26.01.2025;0,0000041291;0,53;0,3459713772;34.290,59;0;EUR
ETF Muster 40/60 ausgew.;27.01.2025;-0,0014502159;-186,31;0,3440988397;34.104,29;-0,000714360;EUR
ETF Muster 40/60 ausgew.;28.01.2025;0,0035792043;459,14;0,3487386863;34.563,43;0,002233659;EUR
ETF Muster 40/60 ausgew.;29.01.2025;0,0000585436;7,54;0,3488219908;34.570,97;-0,000224197;EUR
ETF Muster 40/60 ausgew.;30.01.2025;0,0051237418;659,67;0,3554854722;35.230,64;0,002979831;EUR
ETF Muster 40/60 ausgew.;31.01.2025;0,0024398859;315,74;0,3586788082;35.546,38;0,002161786;EUR
ETF Muster 40/60 ausgew.;01.02.2025;0,0000041154;0,53;0,3586841951;35.546,91;0;EUR
ETF Muster 40/60 ausgew.;02.02.2025;0,0000041154;0,53;0,3586895820;35.547,45;0;EUR
ETF Muster 40/60 ausgew.;03.02.2025;0,0003878216;50,31;0,3592046872;35.597,76;0,001456380;EUR
ETF Muster 40/60 ausgew.;04.02.2025;-0,0007669683;-99,53;0,3582077638;35.498,22;0,000096109;EUR
ETF Muster 40/60 ausgew.;05.02.2025;0,0050823175;659,05;0,3648657051;36.157,27;0,001594572;EUR
ETF Muster 40/60 ausgew.;06.02.2025;0,0019770518;257,68;0,3674735538;36.414,95;0,001498863;EUR
ETF Muster 40/60 ausgew.;07.02.2025;-0,0005171316;-67,53;0,3667996472;36.347,42;-0,001407133;EUR
ETF Muster 40/60 ausgew.;08.02.2025;0,0000037183;0,49;0,3668045449;36.347,90;0;EUR
ETF Muster 40/60 ausgew.;09.02.2025;0,0000037183;0,49;0,3668094426;36.348,39;0;EUR
ETF Muster 40/60 ausgew.;10.02.2025;0,0036544350;477,00;0,3716307241;36.825,38;0,002662280;EUR
ETF Muster 40/60 ausgew.;11.02.2025;-0,0035975579;-471,29;0,3668822066;36.354,10;-0,002540465;EUR
ETF Muster 40/60 ausgew.;12.02.2025;-0,0042959775;-560,76;0,3612305466;35.793,34;-0,002506314;EUR
ETF Muster 40/60 ausgew.;13.02.2025;0,0033935107;441,06;0,3656892668;36.234,39;0,003299633;EUR
ETF Muster 40/60 ausgew.;14.02.2025;-0,0032675067;-423,16;0,3614274651;35.811,24;-0,001041234;EUR
ETF Muster 40/60 ausgew.;15.02.2025;0,0000032786;0,42;0,3614317364;35.811,66;0;EUR
ETF Muster 40/60 ausgew.;16.02.2025;0,0000032786;0,42;0,3614360076;35.812,08;0;EUR
ETF Muster 40/60 ausgew.;17.02.2025;0,0002447340;31,59;0,3617636642;35.843,68;-0,000570521;EUR
ETF Muster 40/60 ausgew.;18.02.2025;0,0031639681;408,51;0,3658956084;36.252,19;0,000584213;EUR
ETF Muster 40/60 ausgew.;19.02.2025;0,0005938854;76,92;0,3666809096;36.329,11;-0,000840711;EUR
ETF Muster 40/60 ausgew.;20.02.2025;-0,0016342698;-211,80;0,3645520226;36.117,31;-0,001198225;EUR
ETF Muster 40/60 ausgew.;21.02.2025;-0,0005210710;-67,42;0,3638803645;36.049,89;-0,000097512;EUR
ETF Muster 40/60 ausgew.;22.02.2025;0,0000032726;0,42;0,3638846363;36.050,31;0;EUR
ETF Muster 40/60 ausgew.;23.02.2025;0,0000032726;0,42;0,3638889080;36.050,73;0;EUR
ETF Muster 40/60 ausgew.;24.02.2025;-0,0003843952;-49,71;0,3633959724;36.001,02;-0,000674412;EUR
ETF Muster 40/60 ausgew.;25.02.2025;-0,0022169885;-286,59;0,3605118526;35.714,43;-0,001085808;EUR
ETF Muster 40/60 ausgew.;26.02.2025;0,0030085632;388,06;0,3644378547;36.102,49;0,000772616;EUR
ETF Muster 40/60 ausgew.;27.02.2025;-0,0012574238;-162,68;0,3628045117;35.939,81;-0,000294523;EUR
ETF Muster 40/60 ausgew.;28.02.2025;0,0008692156;112,31;0,3639470806;36.052,12;0,002959322;EUR
ETF Muster 40/60 ausgew.;01.03.2025;0,0000032725;0,42;0,3639513529;36.052,55;0;EUR
ETF Muster 40/60 ausgew.;02.03.2025;0,0000032725;0,42;0,3639556252;36.052,97;0;EUR
ETF Muster 40/60 ausgew.;03.03.2025;-0,0038727263;-500,83;0,3589084023;35.552,14;-0,006056379;EUR
ETF Muster 40/60 ausgew.;04.03.2025;-0,0079191470;-1.020,16;0,3486180443;34.531,98;-0,002294893;EUR
ETF Muster 40/60 ausgew.;05.03.2025;-0,0080850100;-1.033,28;0,3381947377;33.498,70;-0,009813534;EUR
ETF Muster 40/60 ausgew.;06.03.2025;-0,0038773948;-491,53;0,3332403999;33.007,17;-0,006628217;EUR
ETF Muster 40/60 ausgew.;07.03.2025;-0,0000258373;-3,26;0,3332154975;33.003,91;0,001612184;EUR
ETF Muster 40/60 ausgew.;08.03.2025;0,0000032951;0,42;0,3332196984;33.004,32;0;EUR
ETF Muster 40/60 ausgew.;09.03.2025;0,0000032951;0,42;0,3332238993;33.004,74;0;EUR
ETF Muster 40/60 ausgew.;10.03.2025;-0,0044309702;-559,52;0,3275827575;32.445,22;-0,003387752;EUR
ETF Muster 40/60 ausgew.;11.03.2025;-0,0094080498;-1.182,73;0,3156489095;31.262,49;-0,004821090;EUR
ETF Muster 40/60 ausgew.;12.03.2025;0,0026009481;323,90;0,3189269349;31.586,39;0,000860919;EUR
ETF Muster 40/60 ausgew.;13.03.2025;0,0003121223;38,97;0,3193280957;31.625,36;-0,000639761;EUR
ETF Muster 40/60 ausgew.;14.03.2025;0,0039711650;495,98;0,3243438976;32.121,34;0,002902580;EUR
ETF Muster 40/60 ausgew.;15.03.2025;0,0000033183;0,42;0,3243480990;32.121,76;0;EUR
ETF Muster 40/60 ausgew.;16.03.2025;0,0000033183;0,42;0,3243523004;32.122,17;0;EUR
ETF Muster 40/60 ausgew.;17.03.2025;0,0039804837;499,12;0,3294000579;32.621,29;0,002774150;EUR
ETF Muster 40/60 ausgew.;18.03.2025;0,0001791455;22,55;0,3296356960;32.643,84;-0,001512500;EUR
ETF Muster 40/60 ausgew.;19.03.2025;0,0043155785;543,39;0,3351308512;33.187,23;0,003047715;EUR
ETF Muster 40/60 ausgew.;20.03.2025;0,0013790855;174,40;0,3368999926;33.361,63;0,000636480;EUR
ETF Muster 40/60 ausgew.;21.03.2025;-0,0002529277;-32,03;0,3365846081;33.329,60;0,001389619;EUR
ETF Muster 40/60 ausgew.;22.03.2025;0,0000032866;0,42;0,3365888100;33.330,02;0;EUR
ETF Muster 40/60 ausgew.;23.03.2025;0,0000032866;0,42;0,3365930119;33.330,43;0;EUR
ETF Muster 40/60 ausgew.;24.03.2025;0,0028228275;357,37;0,3402101133;33.687,80;0,002420753;EUR
ETF Muster 40/60 ausgew.;25.03.2025;0,0009636638;122,34;0,3414538162;33.810,15;0,000149184;EUR
ETF Muster 40/60 ausgew.;26.03.2025;-0,0016026071;-203,66;0,3394051329;33.606,49;-0,001442666;EUR
ETF Muster 40/60 ausgew.;27.03.2025;-0,0013557727;-172,02;0,3376759361;33.434,47;-0,000196831;EUR
ETF Muster 40/60 ausgew.;28.03.2025;-0,0025438837;-322,32;0,3344285834;33.112,15;-0,002298602;EUR
ETF Muster 40/60 ausgew.;29.03.2025;0,0000032923;0,42;0,3344327858;33.112,57;0;EUR
ETF Muster 40/60 ausgew.;30.03.2025;0,0000032923;0,42;0,3344369882;33.112,99;0;EUR
ETF Muster 40/60 ausgew.;31.03.2025;0,0004848983;61,28;0,3350639159;33.174,27;0,000044473;EUR
ETF Muster 40/60 ausgew.;01.04.2025;0,0035385045;447,42;0,3395910187;33.621,69;0,001963876;EUR
ETF Muster 40/60 ausgew.;02.04.2025;-0,0020670840;-262,30;0,3369497538;33.359,40;-0,000100449;EUR
ETF Muster 40/60 ausgew.;03.04.2025;-0,0166825261;-2.112,49;0,3156197981;31.246,90;-0,010314010;EUR
ETF Muster 40/60 ausgew.;04.04.2025;-0,0175294108;-2.182,70;0,2935796314;29.064,20;-0,008606288;EUR
ETF Muster 40/60 ausgew.;05.04.2025;0,0000030611;0,37;0,2935834140;29.064,57;0;EUR
ETF Muster 40/60 ausgew.;06.04.2025;0,0000030611;0,37;0,2935871967;29.064,95;0;EUR
ETF Muster 40/60 ausgew.;07.04.2025;-0,0108073234;-1.322,11;0,2802391008;27.742,83;-0,003384965;EUR
ETF Muster 40/60 ausgew.;08.04.2025;0,0024635024;298,11;0,2832571664;28.040,95;-0,001057252;EUR
ETF Muster 40/60 ausgew.;09.04.2025;0,0068748760;834,00;0,2916887326;28.874,95;0,011336557;EUR
ETF Muster 40/60 ausgew.;10.04.2025;-0,0017390199;-212,41;0,2895498408;28.662,53;-0,004604639;EUR
ETF Muster 40/60 ausgew.;11.04.2025;0,0002602513;31,73;0,2898772628;28.694,27;0,001128103;EUR
ETF Muster 40/60 ausgew.;12.04.2025;0,0000031088;0,38;0,2898810933;28.694,65;0;EUR
ETF Muster 40/60 ausgew.;13.04.2025;0,0000031088;0,38;0,2898849237;28.695,02;0;EUR
ETF Muster 40/60 ausgew.;14.04.2025;0,0060019961;732,03;0,2972871364;29.427,06;0,002373808;EUR
ETF Muster 40/60 ausgew.;15.04.2025;0,0055988760;686,96;0,3042343831;30.114,02;0,001504106;EUR
ETF Muster 40/60 ausgew.;16.04.2025;-0,0017107895;-211,08;0,3021089834;29.902,94;-0,002729692;EUR
ETF Muster 40/60 ausgew.;17.04.2025;-0,0010871212;-133,90;0,3007632449;29.769,03;0,002828465;EUR
ETF Muster 40/60 ausgew.;18.04.2025;-0,0004821916;-59,33;0,3001709069;29.709,71;0,000114904;EUR
ETF Muster 40/60 ausgew.;19.04.2025;0,0000030832;0,38;0,3001747378;29.710,09;0;EUR
ETF Muster 40/60 ausgew.;20.04.2025;0,0000030832;0,38;0,3001785686;29.710,46;0;EUR
ETF Muster 40/60 ausgew.;21.04.2025;-0,0021570543;-265,28;0,2975053724;29.445,19;-0,005500722;EUR
ETF Muster 40/60 ausgew.;22.04.2025;0,0055582358;682,08;0,3044040496;30.127,27;0,005088425;EUR
ETF Muster 40/60 ausgew.;23.04.2025;0,0031166613;384,59;0,3082971343;30.511,85;0,003810994;EUR
ETF Muster 40/60 ausgew.;24.04.2025;0,0024871703;307,87;0,3114151774;30.819,72;0,004829355;EUR
ETF Muster 40/60 ausgew.;25.04.2025;0,0032562003;404,06;0,3155053702;31.223,78;0,000634188;EUR
ETF Muster 40/60 ausgew.;26.04.2025;0,0000030457;0,38;0,3155092015;31.224,16;0;EUR
ETF Muster 40/60 ausgew.;27.04.2025;0,0000030457;0,38;0,3155130329;31.224,54;0;EUR
ETF Muster 40/60 ausgew.;28.04.2025;0,0023104775;287,64;0,3184270113;31.512,18;-0,000164673;EUR
ETF Muster 40/60 ausgew.;29.04.2025;0,0021009034;262,15;0,3210835762;31.774,34;0,001120875;EUR
ETF Muster 40/60 ausgew.;30.04.2025;0,0043175556;539,88;0,3265468219;32.314,22;0,001590396;EUR
ETF Muster 40/60 ausgew.;01.05.2025;0,0001049927;13,19;0,3266877041;32.327,41;0,001982082;EUR
ETF Muster 40/60 ausgew.;02.05.2025;0,0003512832;44,12;0,3271412083;32.371,53;-0,000095024;EUR
ETF Muster 40/60 ausgew.;03.05.2025;0,0000028612;0,36;0,3271448413;32.371,89;0;EUR
ETF Muster 40/60 ausgew.;04.05.2025;0,0000028612;0,36;0,3271484742;32.372,25;0;EUR
ETF Muster 40/60 ausgew.;05.05.2025;0,0026797485;336,69;0,3305587145;32.708,93;-0,000276390;EUR
ETF Muster 40/60 ausgew.;06.05.2025;-0,0005432399;-68,44;0,3298747840;32.640,50;-0,001228793;EUR
ETF Muster 40/60 ausgew.;07.05.2025;0,0019004969;239,29;0,3323008884;32.879,79;0,001730361;EUR
ETF Muster 40/60 ausgew.;08.05.2025;0,0007662902;96,67;0,3332856215;32.976,46;0,002193086;EUR
ETF Muster 40/60 ausgew.;09.05.2025;-0,0005971958;-75,39;0,3325313729;32.901,06;-0,001109802;EUR
ETF Muster 40/60 ausgew.;10.05.2025;0,0000028492;0,36;0,3325350062;32.901,42;0;EUR
ETF Muster 40/60 ausgew.;11.05.2025;0,0000028492;0,36;0,3325386396;32.901,78;0;EUR
ETF Muster 40/60 ausgew.;12.05.2025;0,0062456831;788,03;0,3405111612;33.689,81;0,004822742;EUR
ETF Muster 40/60 ausgew.;13.05.2025;-0,0019120239;-242,75;0,3380654848;33.447,06;0,000312796;EUR
ETF Muster 40/60 ausgew.;14.05.2025;-0,0039995252;-506,81;0,3329506711;32.940,25;-0,000814962;EUR
ETF Muster 40/60 ausgew.;15.05.2025;0,0036385400;459,22;0,3376001707;33.399,47;0,002514511;EUR
ETF Muster 40/60 ausgew.;16.05.2025;0,0036111005;457,42;0,3422316358;33.856,89;0,003226665;EUR
ETF Muster 40/60 ausgew.;17.05.2025;0,0000028278;0,36;0,3422352696;33.857,25;0;EUR
ETF Muster 40/60 ausgew.;18.05.2025;0,0000028278;0,36;0,3422389034;33.857,61;0;EUR
ETF Muster 40/60 ausgew.;19.05.2025;0,0005873045;74,66;0,3430015504;33.932,27;-0,000684777;EUR
ETF Muster 40/60 ausgew.;20.05.2025;0,0018899486;240,41;0,3454396631;34.172,68;-0,000860912;EUR
ETF Muster 40/60 ausgew.;21.05.2025;-0,0047631807;-607,03;0,3393112404;33.565,64;-0,004315000;EUR
ETF Muster 40/60 ausgew.;22.05.2025;-0,0011067028;-140,37;0,3379000732;33.425,27;0,000620236;EUR
ETF Muster 40/60 ausgew.;23.05.2025;-0,0001999643;-25,33;0,3376517602;33.399,94;0,000034606;EUR
ETF Muster 40/60 ausgew.;24.05.2025;0,0000028380;0,36;0,3376553944;33.400,30;0;EUR
ETF Muster 40/60 ausgew.;25.05.2025;0,0000028380;0,36;0,3376590286;33.400,66;0;EUR
ETF Muster 40/60 ausgew.;26.05.2025;0,0002234828;28,31;0,3379530080;33.428,97;0,000170985;EUR
ETF Muster 40/60 ausgew.;27.05.2025;0,0044851178;568,26;0,3437057931;33.997,23;0,004439723;EUR
ETF Muster 40/60 ausgew.;28.05.2025;-0,0005910432;-75,22;0,3429532296;33.922,01;-0,000761300;EUR
ETF Muster 40/60 ausgew.;29.05.2025;-0,0001298727;-16,52;0,3427941145;33.905,49;0,000024706;EUR
ETF Muster 40/60 ausgew.;30.05.2025;-0,0000339888;-4,32;0,3427582958;33.901,17;0,001270281;EUR
ETF Muster 40/60 ausgew.;31.05.2025;0,0000028268;0,36;0,3427619305;33.901,52;0;EUR
ETF Muster 40/60 ausgew.;01.06.2025;0,0000028268;0,36;0,3427655651;33.901,88;0;EUR
ETF Muster 40/60 ausgew.;02.06.2025;-0,0000657590;-8,36;0,3426888895;33.893,52;-0,000511250;EUR
ETF Muster 40/60 ausgew.;03.06.2025;0,0027026923;343,68;0,3461717345;34.237,20;0,002022139;EUR
ETF Muster 40/60 ausgew.;04.06.2025;0,0010573946;134,83;0,3475429243;34.372,03;-0,000736926;EUR
ETF Muster 40/60 ausgew.;05.06.2025;-0,0024172736;-308,55;0,3444310550;34.063,48;-0,003161799;EUR
ETF Muster 40/60 ausgew.;06.06.2025;0,0021232289;270,36;0,3471727155;34.333,84;0,002985388;EUR
ETF Muster 40/60 ausgew.;07.06.2025;0,0000028172;0,36;0,3471763505;34.334,20;0;EUR
ETF Muster 40/60 ausgew.;08.06.2025;0,0000028172;0,36;0,3471799856;34.334,56;0;EUR
ETF Muster 40/60 ausgew.;09.06.2025;-0,0007433502;-94,85;0,3462287710;34.239,71;-0,000098620;EUR
ETF Muster 40/60 ausgew.;10.06.2025;0,0014705161;187,50;0,3481327652;34.427,21;0,002180699;EUR
ETF Muster 40/60 ausgew.;11.06.2025;-0,0019505551;-249,08;0,3456219326;34.178,13;-0,001085406;EUR
ETF Muster 40/60 ausgew.;12.06.2025;0,0004273421;54,46;0,3461805976;34.232,60;0,000355517;EUR
ETF Muster 40/60 ausgew.;13.06.2025;-0,0025182213;-321,08;0,3429414774;33.911,52;-0,003115331;EUR
ETF Muster 40/60 ausgew.;14.06.2025;0,0000024733;0,31;0,3429446584;33.911,83;0;EUR
ETF Muster 40/60 ausgew.;15.06.2025;0,0000024733;0,31;0,3429478394;33.912,15;0;EUR
ETF Muster 40/60 ausgew.;16.06.2025;0,0008573324;109,04;0,3440583596;34.021,18;0,001394524;EUR
ETF Muster 40/60 ausgew.;17.06.2025;-0,0014458599;-184,04;0,3422048989;33.837,14;-0,000823583;EUR
ETF Muster 40/60 ausgew.;18.06.2025;0,0000014647;0,19;0,3422145730;33.837,32;0,001079893;EUR
ETF Muster 40/60 ausgew.;19.06.2025;-0,0022845468;-290,38;0,3392855047;33.546,94;-0,000396407;EUR
ETF Muster 40/60 ausgew.;20.06.2025;-0,0017418307;-220,89;0,3370591063;33.326,05;-0,001065831;EUR
ETF Muster 40/60 ausgew.;21.06.2025;0,0000024847;0,31;0,3370622877;33.326,36;0;EUR
ETF Muster 40/60 ausgew.;22.06.2025;0,0000024847;0,31;0,3370654691;33.326,68;0;EUR
ETF Muster 40/60 ausgew.;23.06.2025;0,0003622371;45,86;0,3375369422;33.372,54;0,001408259;EUR
ETF Muster 40/60 ausgew.;24.06.2025;0,0005689483;72,05;0,3382733784;33.444,59;0,001087722;EUR
ETF Muster 40/60 ausgew.;25.06.2025;-0,0016994453;-215,34;0,3361029146;33.229,24;-0,001232068;EUR
ETF Muster 40/60 ausgew.;26.06.2025;0,0009656163;122,15;0,3373460616;33.351,39;0,000647451;EUR
ETF Muster 40/60 ausgew.;27.06.2025;-0,0000618535;-7,83;0,3372744790;33.343,56;0,000135996;EUR
ETF Muster 40/60 ausgew.;28.06.2025;0,0000024844;0,31;0,3372776607;33.343,88;0;EUR
ETF Muster 40/60 ausgew.;29.06.2025;0,0000024844;0,31;0,3372808425;33.344,19;0;EUR
ETF Muster 40/60 ausgew.;30.06.2025;-0,0003846005;-48,70;0,3367958983;33.295,49;0,000866575;EUR
ETF Muster 40/60 ausgew.;01.07.2025;0,0013106493;165,88;0,3384815138;33.461,38;0,000097472;EUR
ETF Muster 40/60 ausgew.;02.07.2025;-0,0001220984;-15,47;0,3383326316;33.445,90;0,000030949;EUR
ETF Muster 40/60 ausgew.;03.07.2025;0,0032420532;410,82;0,3424961326;33.856,72;0,002888742;EUR
ETF Muster 40/60 ausgew.;04.07.2025;-0,0005571389;-70,83;0,3417873514;33.785,90;0,000300527;EUR
ETF Muster 40/60 ausgew.;05.07.2025;0,0000024550;0,31;0,3417905069;33.786,21;0;EUR
ETF Muster 40/60 ausgew.;06.07.2025;0,0000024550;0,31;0,3417936625;33.786,52;0;EUR
ETF Muster 40/60 ausgew.;07.07.2025;-0,0002475893;-31,46;0,3414831233;33.755,06;-0,001610911;EUR
ETF Muster 40/60 ausgew.;08.07.2025;-0,0019025478;-241,67;0,3390458952;33.513,39;-0,000571977;EUR
ETF Muster 40/60 ausgew.;09.07.2025;0,0035985676;456,24;0,3436692635;33.969,63;0,001446718;EUR
ETF Muster 40/60 ausgew.;10.07.2025;0,0011560888;147,10;0,3451652297;34.116,73;0,000315707;EUR
ETF Muster 40/60 ausgew.;11.07.2025;-0,0023777660;-302,90;0,3421084684;33.813,83;-0,001959933;EUR
ETF Muster 40/60 ausgew.;12.07.2025;0,0000024766;0,31;0,3421116526;33.814,15;0;EUR
ETF Muster 40/60 ausgew.;13.07.2025;0,0000024766;0,31;0,3421148369;33.814,46;0;EUR
ETF Muster 40/60 ausgew.;14.07.2025;0,0001559644;19,82;0,3423230557;33.834,28;0,000710406;EUR
ETF Muster 40/60 ausgew.;15.07.2025;-0,0001971196;-25,05;0,3420772351;33.809,23;0,000956116;EUR
ETF Muster 40/60 ausgew.;16.07.2025;-0,0007904576;-100,45;0,3410685350;33.708,78;0,000943369;EUR
ETF Muster 40/60 ausgew.;17.07.2025;0,0044990385;571,28;0,3468565828;34.280,06;0,001985254;EUR
ETF Muster 40/60 ausgew.;18.07.2025;-0,0002598012;-33,14;0,3465290417;34.246,92;-0,001405598;EUR
ETF Muster 40/60 ausgew.;19.07.2025;0,0000024681;0,31;0,3465322263;34.247,24;0;EUR
ETF Muster 40/60 ausgew.;20.07.2025;0,0000024681;0,31;0,3465354109;34.247,55;0;EUR
ETF Muster 40/60 ausgew.;21.07.2025;0,0015958755;203,50;0,3486023493;34.451,05;0,001880244;EUR
ETF Muster 40/60 ausgew.;22.07.2025;0,0000975718;12,46;0,3487362420;34.463,52;0,000448199;EUR
ETF Muster 40/60 ausgew.;23.07.2025;0,0028792830;367,78;0,3524656808;34.831,30;0,001725965;EUR
ETF Muster 40/60 ausgew.;24.07.2025;-0,0017689665;-226,61;0,3501804119;34.604,69;-0,002772859;EUR
ETF Muster 40/60 ausgew.;25.07.2025;-0,0009034783;-115,53;0,3490190749;34.489,16;-0,000083338;EUR
ETF Muster 40/60 ausgew.;26.07.2025;0,0000024635;0,31;0,3490222599;34.489,47;0;EUR
ETF Muster 40/60 ausgew.;27.07.2025;0,0000024635;0,31;0,3490254449;34.489,79;0;EUR
ETF Muster 40/60 ausgew.;28.07.2025;0,0032712948;417,94;0,3532627241;34.907,73;0,002638221;EUR
ETF Muster 40/60 ausgew.;29.07.2025;0,0012897325;165,31;0,3549435938;35.073,04;0,001047354;EUR
ETF Muster 40/60 ausgew.;30.07.2025;0,0009926823;127,40;0,3562408588;35.200,44;0,000050274;EUR
ETF Muster 40/60 ausgew.;31.07.2025;-0,0016702164;-214,57;0,3540771736;34.985,87;-0,000152355;EUR
ETF Muster 40/60 ausgew.;01.08.2025;-0,0067069706;-860,21;0,3453790543;34.125,66;-0,004101879;EUR
ETF Muster 40/60 ausgew.;02.08.2025;0,0000024705;0,31;0,3453822396;34.125,98;0;EUR
ETF Muster 40/60 ausgew.;03.08.2025;0,0000024705;0,31;0,3453854250;34.126,29;0;EUR
ETF Muster 40/60 ausgew.;04.08.2025;0,0058929302;750,74;0,3529913104;34.877,03;0,003538282;EUR
ETF Muster 40/60 ausgew.;05.08.2025;0,0000688236;8,82;0,3530884028;34.885,85;-0,000159836;EUR
ETF Muster 40/60 ausgew.;06.08.2025;-0,0019525744;-250,23;0,3505634956;34.635,62;0,000178415;EUR
ETF Muster 40/60 ausgew.;07.08.2025;0,0020055120;256,52;0,3531676334;34.892,13;0,000368494;EUR
ETF Muster 40/60 ausgew.;08.08.2025;0,0009672526;123,96;0,3544302106;35.016,10;-0,000447326;EUR
ETF Muster 40/60 ausgew.;09.08.2025;0,0000024533;0,31;0,3544333963;35.016,41;0;EUR
ETF Muster 40/60 ausgew.;10.08.2025;0,0000024533;0,31;0,3544365820;35.016,73;0;EUR
ETF Muster 40/60 ausgew.;11.08.2025;-0,0018994155;-243,67;0,3519779605;34.773,06;0,000257668;EUR
ETF Muster 40/60 ausgew.;12.08.2025;0,0007249968;92,18;0,3529200675;34.865,24;-0,000015931;EUR
ETF Muster 40/60 ausgew.;13.08.2025;0,0035069737;446,21;0,3574459606;35.311,45;0,002093929;EUR
ETF Muster 40/60 ausgew.;14.08.2025;0,0001040916;13,29;0,3575896686;35.324,74;0,000237002;EUR
ETF Muster 40/60 ausgew.;15.08.2025;-0,0032400250;-413,73;0,3534105338;34.911,00;-0,002412412;EUR
ETF Muster 40/60 ausgew.;16.08.2025;0,0000021337;0,27;0,3534132830;34.911,27;0;EUR
ETF Muster 40/60 ausgew.;17.08.2025;0,0000021337;0,27;0,3534160323;34.911,55;0;EUR
ETF Muster 40/60 ausgew.;18.08.2025;0,0009106253;115,91;0,3545984477;35.027,45;0,000770726;EUR
ETF Muster 40/60 ausgew.;19.08.2025;0,0015227826;194,00;0,3565715039;35.221,45;-0,000251639;EUR
ETF Muster 40/60 ausgew.;20.08.2025;0,0016022594;204,43;0,3586503069;35.425,88;0,000799936;EUR
ETF Muster 40/60 ausgew.;21.08.2025;-0,0007335196;-93,74;0,3577104206;35.332,14;-0,001297678;EUR
ETF Muster 40/60 ausgew.;22.08.2025;0,0027592255;352,36;0,3612869999;35.684,50;0,002040461;EUR
ETF Muster 40/60 ausgew.;23.08.2025;0,0000021208;0,27;0,3612897495;35.684,77;0;EUR
ETF Muster 40/60 ausgew.;24.08.2025;0,0000021208;0,27;0,3612924991;35.685,04;0;EUR
ETF Muster 40/60 ausgew.;25.08.2025;-0,0003085676;-39,51;0,3609016525;35.645,53;-0,001430961;EUR
ETF Muster 40/60 ausgew.;26.08.2025;-0,0011752521;-150,45;0,3593875451;35.495,08;0,001991359;EUR
ETF Muster 40/60 ausgew.;27.08.2025;0,0011749866;150,24;0,3609179137;35.645,32;0,002221086;EUR
ETF Muster 40/60 ausgew.;28.08.2025;-0,0002965770;-37,97;0,3605426726;35.607,35;-0,000734905;EUR
ETF Muster 40/60 ausgew.;29.08.2025;-0,0023618843;-302,27;0,3574911555;35.305,09;-0,001999949;EUR
ETF Muster 40/60 ausgew.;30.08.2025;0,0000021271;0,27;0,3574939054;35.305,36;0;EUR
ETF Muster 40/60 ausgew.;31.08.2025;0,0000021271;0,27;0,3574966554;35.305,63;0;EUR
ETF Muster 40/60 ausgew.;01.09.2025;0,0000991355;12,66;0,3576339087;35.318,29;-0,001047839;EUR
ETF Muster 40/60 ausgew.;02.09.2025;-0,0015085158;-192,62;0,3556924724;35.125,67;-0,001964865;EUR
ETF Muster 40/60 ausgew.;03.09.2025;0,0026742440;340,95;0,3591541835;35.466,62;0,001861855;EUR
ETF Muster 40/60 ausgew.;04.09.2025;0,0036446788;465,92;0,3638815957;35.932,54;0,002792126;EUR
ETF Muster 40/60 ausgew.;05.09.2025;0,0016954534;217,53;0,3660937609;36.150,07;0,000254246;EUR
ETF Muster 40/60 ausgew.;06.09.2025;0,0000021131;0,27;0,3660965112;36.150,35;0;EUR
ETF Muster 40/60 ausgew.;07.09.2025;0,0000021131;0,27;0,3660992615;36.150,62;0;EUR
ETF Muster 40/60 ausgew.;08.09.2025;0,0035292178;453,58;0,3707020416;36.604,19;0,001262421;EUR
ETF Muster 40/60 ausgew.;09.09.2025;0,0004175934;53,86;0,3712568784;36.658,05;0,000086551;EUR
ETF Muster 40/60 ausgew.;10.09.2025;0,0017447868;225,13;0,3735463016;36.883,18;0,000812739;EUR
ETF Muster 40/60 ausgew.;11.09.2025;0,0017844879;230,65;0,3758917835;37.113,83;0,001199563;EUR
ETF Muster 40/60 ausgew.;12.09.2025;-0,0010410305;-134,80;0,3745360096;36.979,03;-0,001342205;EUR
ETF Muster 40/60 ausgew.;13.09.2025;0,0000020996;0,27;0,3745387603;36.979,30;0;EUR
ETF Muster 40/60 ausgew.;14.09.2025;0,0000020996;0,27;0,3745415109;36.979,58;0;EUR
ETF Muster 40/60 ausgew.;15.09.2025;0,0017550207;227,01;0,3768502581;37.206,59;0,001065344;EUR
ETF Muster 40/60 ausgew.;16.09.2025;-0,0047948831;-621,30;0,3705666692;36.585,28;-0,001736677;EUR
ETF Muster 40/60 ausgew.;17.09.2025;0,0015567904;200,76;0,3726094803;36.786,04;0,000207020;EUR
ETF Muster 40/60 ausgew.;18.09.2025;0,0019640664;253,67;0,3751883778;37.039,71;0,001274811;EUR
ETF Muster 40/60 ausgew.;19.09.2025;0,0011769115;152,30;0,3767405886;37.192,01;0,000230924;EUR
ETF Muster 40/60 ausgew.;20.09.2025;0,0000020961;0,27;0,3767433396;37.192,29;0;EUR
ETF Muster 40/60 ausgew.;21.09.2025;0,0000020961;0,27;0,3767460906;37.192,56;0;EUR
ETF Muster 40/60 ausgew.;22.09.2025;0,0013994063;181,31;0,3785922075;37.373,87;0,000897437;EUR
ETF Muster 40/60 ausgew.;23.09.2025;0,0012298513;159,57;0,3802181306;37.533,43;-0,001370757;EUR
ETF Muster 40/60 ausgew.;24.09.2025;-0,0005411902;-70,30;0,3795154818;37.463,13;0,000263081;EUR
ETF Muster 40/60 ausgew.;25.09.2025;-0,0008536317;-110,83;0,3784022251;37.352,30;-0,000775710;EUR
ETF Muster 40/60 ausgew.;26.09.2025;0,0032251960;418,38;0,3826502548;37.770,68;0,001517022;EUR
ETF Muster 40/60 ausgew.;27.09.2025;0,0000020868;0,27;0,3826530062;37.770,95;0;EUR
ETF Muster 40/60 ausgew.;28.09.2025;0,0000020868;0,27;0,3826557575;37.771,22;0;EUR
ETF Muster 40/60 ausgew.;29.09.2025;0,0027550665;358,55;0,3862978265;38.129,77;0,000945445;EUR
ETF Muster 40/60 ausgew.;30.09.2025;0,0012037473;157,09;0,3878990145;38.286,86;0,000639275;EUR
ETF Muster 40/60 ausgew.;01.10.2025;0,0034405896;449,54;0,3924632473;38.736,39;0,001015936;EUR
ETF Muster 40/60 ausgew.;02.10.2025;0,0009353744;122,63;0,3937155587;38.859,03;0,001091767;EUR
ETF Muster 40/60 ausgew.;03.10.2025;0,0022132907;290,45;0,3966682426;39.149,48;0,000006736;EUR
ETF Muster 40/60 ausgew.;04.10.2025;0,0000020649;0,27;0,3966709942;39.149,75;0;EUR
ETF Muster 40/60 ausgew.;05.10.2025;0,0000020649;0,27;0,3966737459;39.150,02;0;EUR
ETF Muster 40/60 ausgew.;06.10.2025;0,0031985644;420,67;0,4009460822;39.570,69;0,001212839;EUR
ETF Muster 40/60 ausgew.;07.10.2025;0,0006277801;82,83;0,4017953581;39.653,52;-0,000107189;EUR
ETF Muster 40/60 ausgew.;08.10.2025;0,0060206668;794,87;0,4098596894;40.448,39;0,002769319;EUR
ETF Muster 40/60 ausgew.;09.10.2025;-0,0008546438;-113,51;0,4087196511;40.334,88;-0,000478738;EUR
ETF Muster 40/60 ausgew.;10.10.2025;-0,0071056035;-942,95;0,3991745493;39.391,93;-0,003290090;EUR
ETF Muster 40/60 ausgew.;11.10.2025;0,0000020811;0,27;0,3991773281;39.392,21;0;EUR
ETF Muster 40/60 ausgew.;12.10.2025;0,0000020811;0,27;0,3991801068;39.392,48;0;EUR
ETF Muster 40/60 ausgew.;13.10.2025;0,0075364907;993,03;0,4092530047;40.385,51;0,003170462;EUR
ETF Muster 40/60 ausgew.;14.10.2025;0,0007505256;99,64;0,4102728707;40.485,14;-0,000415683;EUR
ETF Muster 40/60 ausgew.;15.10.2025;0,0033543613;445,64;0,4147992729;40.930,79;0,002297794;EUR
ETF Muster 40/60 ausgew.;16.10.2025;0,0017802316;237,31;0,4172145125;41.168,09;-0,001560868;EUR
ETF Muster 40/60 ausgew.;17.10.2025;-0,0015072580;-201,28;0,4151849825;40.966,82;0,000221642;EUR
ETF Muster 40/60 ausgew.;18.10.2025;0,0000020566;0,27;0,4151877616;40.967,09;0;EUR
ETF Muster 40/60 ausgew.;19.10.2025;0,0000020566;0,27;0,4151905406;40.967,36;0;EUR
ETF Muster 40/60 ausgew.;20.10.2025;0,0069843427;931,27;0,4246391861;41.898,64;0,002521076;EUR
ETF Muster 40/60 ausgew.;21.10.2025;-0,0045941574;-616,85;0,4183978088;41.281,79;0,001453181;EUR
ETF Muster 40/60 ausgew.;22.10.2025;-0,0054196804;-724,35;0,4110665722;40.557,44;-0,001119762;EUR
ETF Muster 40/60 ausgew.;23.10.2025;0,0053168606;706,76;0,4182401644;41.264,19;0,000559674;EUR
ETF Muster 40/60 ausgew.;24.10.2025;0,0008927388;119,30;0,4194597038;41.383,49;-0,000161398;EUR
ETF Muster 40/60 ausgew.;25.10.2025;0,0000020502;0,27;0,4194624832;41.383,77;0;EUR
ETF Muster 40/60 ausgew.;26.10.2025;0,0000020502;0,27;0,4194652627;41.384,04;0;EUR
ETF Muster 40/60 ausgew.;27.10.2025;-0,0026540756;-354,99;0,4158773406;41.029,05;0,002496016;EUR
ETF Muster 40/60 ausgew.;28.10.2025;-0,0008699191;-116,05;0,4147112962;40.913,00;0,000108824;EUR
ETF Muster 40/60 ausgew.;29.10.2025;0,0012767251;170,17;0,4164464191;41.083,17;-0,000063271;EUR
ETF Muster 40/60 ausgew.;30.10.2025;-0,0008281804;-110,52;0,4153363023;40.972,64;-0,000908000;EUR
ETF Muster 40/60 ausgew.;31.10.2025;-0,0005712879;-76,18;0,4145742962;40.896,47;0,001090539;EUR
ETF Muster 40/60 ausgew.;01.11.2025;0,0000020577;0,27;0,4145770760;40.896,74;0;EUR
ETF Muster 40/60 ausgew.;02.11.2025;0,0000020577;0,27;0,4145798558;40.897,02;0;EUR
ETF Muster 40/60 ausgew.;03.11.2025;0,0003153678;42,03;0,4150160975;40.939,04;-0,000190282;EUR
ETF Muster 40/60 ausgew.;04.11.2025;-0,0019798243;-263,93;0,4123506723;40.675,12;-0,001482644;EUR
ETF Muster 40/60 ausgew.;05.11.2025;0,0006376444;84,84;0,4132208414;40.759,95;0,000128231;EUR
ETF Muster 40/60 ausgew.;06.11.2025;-0,0038994256;-519,13;0,4079679522;40.240,82;-0,002379146;EUR
ETF Muster 40/60 ausgew.;07.11.2025;-0,0003662304;-48,57;0,4074855633;40.192,26;-0,000834756;EUR
ETF Muster 40/60 ausgew.;08.11.2025;0,0000020686;0,27;0,4074883434;40.192,53;0;EUR
ETF Muster 40/60 ausgew.;09.11.2025;0,0000020686;0,27;0,4074911235;40.192,80;0;EUR
ETF Muster 40/60 ausgew.;10.11.2025;0,0114497166;1.517,80;0,4228895948;41.710,61;0,003436881;EUR
ETF Muster 40/60 ausgew.;11.11.2025;-0,0027022140;-362,31;0,4192264715;41.348,29;0,000422688;EUR
ETF Muster 40/60 ausgew.;12.11.2025;0,0056038625;749,34;0,4268343686;42.097,63;0,000754669;EUR
ETF Muster 40/60 ausgew.;13.11.2025;-0,0052206095;-702,00;0,4197269140;41.395,63;-0,004458451;EUR
ETF Muster 40/60 ausgew.;14.11.2025;-0,0056081589;-750,18;0,4121306184;40.645,45;-0,000922227;EUR
ETF Muster 40/60 ausgew.;15.11.2025;0,0000020615;0,27;0,4121333988;40.645,73;0;EUR
ETF Muster 40/60 ausgew.;16.11.2025;0,0000020615;0,27;0,4121361793;40.646,00;0;EUR
ETF Muster 40/60 ausgew.;17.11.2025;-0,0031325314;-416,68;0,4079211770;40.229,32;-0,001427742;EUR
ETF Muster 40/60 ausgew.;18.11.2025;-0,0046500574;-616,59;0,4016787709;39.612,73;-0,001728957;EUR
ETF Muster 40/60 ausgew.;19.11.2025;0,0025770688;340,13;0,4051375828;39.952,86;0,000975892;EUR
ETF Muster 40/60 ausgew.;20.11.2025;-0,0026554442;-351,38;0,4015842700;39.601,48;-0,001841679;EUR
ETF Muster 40/60 ausgew.;21.11.2025;0,0030240264;399,08;0,4056411047;40.000,57;0,002105111;EUR
ETF Muster 40/60 ausgew.;22.11.2025;0,0000020716;0,27;0,4056438855;40.000,84;0;EUR
ETF Muster 40/60 ausgew.;23.11.2025;0,0000020716;0,27;0,4056466663;40.001,12;0;EUR
ETF Muster 40/60 ausgew.;24.11.2025;0,0031328155;414,69;0,4098619836;40.415,81;0,002076986;EUR
ETF Muster 40/60 ausgew.;25.11.2025;0,0041715353;553,92;0,4154894432;40.969,73;0,002018431;EUR
ETF Muster 40/60 ausgew.;26.11.2025;0,0034679606;462,42;0,4201891731;41.432,15;0,001217408;EUR
ETF Muster 40/60 ausgew.;27.11.2025;0,0002340498;31,32;0,4205169651;41.463,46;0,000158143;EUR
ETF Muster 40/60 ausgew.;28.11.2025;0,0026073763;348,95;0,4240662792;41.812,42;0,000560279;EUR
ETF Muster 40/60 ausgew.;29.11.2025;0,0000020436;0,27;0,4240690603;41.812,69;0;EUR
ETF Muster 40/60 ausgew.;30.11.2025;0,0000020436;0,27;0,4240718414;41.812,97;0;EUR
ETF Muster 40/60 ausgew.;01.12.2025;-0,0019451413;-261,00;0,4214349058;41.551,96;-0,002617424;EUR
ETF Muster 40/60 ausgew.;02.12.2025;-0,0014783209;-197,98;0,4194370734;41.353,98;0,000810777;EUR
ETF Muster 40/60 ausgew.;03.12.2025;0,0006174640;82,57;0,4202847022;41.436,55;0,000181122;EUR
ETF Muster 40/60 ausgew.;04.12.2025;0,0020701497;277,00;0,4231044814;41.713,55;0,000018818;EUR
ETF Muster 40/60 ausgew.;05.12.2025;0,0001202113;16,12;0,4232781863;41.729,67;-0,000187426;EUR
ETF Muster 40/60 ausgew.;06.12.2025;0,0000020449;0,27;0,4232809677;41.729,94;0;EUR
ETF Muster 40/60 ausgew.;07.12.2025;0,0000020449;0,27;0,4232837492;41.730,22;0;EUR
ETF Muster 40/60 ausgew.;08.12.2025;-0,0021936292;-294,17;0,4203100627;41.436,05;-0,002660624;EUR
ETF Muster 40/60 ausgew.;09.12.2025;-0,0016590068;-221,98;0,4180684158;41.214,07;0,000241862;EUR
ETF Muster 40/60 ausgew.;10.12.2025;0,0025083231;335,07;0,4214774724;41.549,14;0,000438046;EUR
ETF Muster 40/60 ausgew.;11.12.2025;0,0035743126;478,67;0,4263433750;42.027,81;-0,000497494;EUR
ETF Muster 40/60 ausgew.;12.12.2025;-0,0025458593;-342,16;0,4228825901;41.685,65;-0,001567360;EUR
ETF Muster 40/60 ausgew.;13.12.2025;0,0000021521;0,29;0,4228855168;41.685,94;0;EUR
ETF Muster 40/60 ausgew.;14.12.2025;0,0000021521;0,29;0,4228884435;41.686,23;0;EUR
ETF Muster 40/60 ausgew.;15.12.2025;0,0011643423;156,09;0,4244820772;41.842,31;0,000271552;EUR
ETF Muster 40/60 ausgew.;16.12.2025;-0,0008597640;-115,39;0,4233216242;41.726,92;-0,000798939;EUR
ETF Muster 40/60 ausgew.;17.12.2025;-0,0014326419;-192,11;0,4213827423;41.534,81;-0,001841519;EUR
ETF Muster 40/60 ausgew.;18.12.2025;0,0047400847;634,72;0,4278324094;42.169,53;0,002222658;EUR
ETF Muster 40/60 ausgew.;19.12.2025;0,0013298238;178,91;0,4296578761;42.348,44;0,000775233;EUR
ETF Muster 40/60 ausgew.;20.12.2025;0,0000021415;0,29;0,4296608031;42.348,73;0;EUR
ETF Muster 40/60 ausgew.;21.12.2025;0,0000021415;0,29;0,4296637302;42.349,02;0;EUR
ETF Muster 40/60 ausgew.;22.12.2025;0,0024454348;329,45;0,4330165821;42.678,47;-0,000008160;EUR
ETF Muster 40/60 ausgew.;23.12.2025;0,0017930438;242,15;0,4354838318;42.920,61;0,001934897;EUR
ETF Muster 40/60 ausgew.;24.12.2025;0,0010498675;142,04;0,4369354204;43.062,65;0,000399292;EUR
ETF Muster 40/60 ausgew.;25.12.2025;-0,0000837522;-11,34;0,4368307646;43.051,31;0,000017579;EUR
ETF Muster 40/60 ausgew.;26.12.2025;0,0002138975;28,97;0,4371351109;43.080,27;-0,000030446;EUR
ETF Muster 40/60 ausgew.;27.12.2025;0,0000021299;0,29;0,4371380383;43.080,56;0;EUR
ETF Muster 40/60 ausgew.;28.12.2025;0,0000021299;0,29;0,4371409657;43.080,85;0;EUR
ETF Muster 40/60 ausgew.;29.12.2025;-0,0027498876;-372,47;0,4333718111;42.708,38;0,000985340;EUR
ETF Muster 40/60 ausgew.;30.12.2025;0,0024490088;330,81;0,4367390013;43.039,18;-0,000447335;EUR
ETF Muster 40/60 ausgew.;31.12.2025;-0,0018061483;-244,57;0,4342675888;42.794,62;-0,000993610;EUR
ETF Muster 40/60 ausgew.;01.01.2026;-0,0000641961;-8,68;0,4341898692;42.785,94;0,000008834;EUR
ETF Muster 40/60 ausgew.;02.01.2026;-0,0008774585;-118,59;0,4329966835;42.667,34;-0,000362403;EUR
ETF Muster 40/60 ausgew.;03.01.2026;0,0000021364;0,29;0,4329996113;42.667,63;0;EUR
ETF Muster 40/60 ausgew.;04.01.2026;0,0000021364;0,29;0,4330025390;42.667,92;0;EUR
ETF Muster 40/60 ausgew.;05.01.2026;0,0090864549;1.227,01;0,4454651066;43.894,94;0,003068105;EUR
ETF Muster 40/60 ausgew.;06.01.2026;0,0062305668;849,01;0,4540919798;44.743,94;0,002438131;EUR
ETF Muster 40/60 ausgew.;07.01.2026;-0,0016674929;-228,64;0,4517823438;44.515,31;0,000445662;EUR
ETF Muster 40/60 ausgew.;08.01.2026;-0,0017865445;-244,55;0,4493110647;44.270,75;-0,000391818;EUR
ETF Muster 40/60 ausgew.;09.01.2026;0,0051393644;702,25;0,4564490829;44.973,00;0,001902562;EUR
ETF Muster 40/60 ausgew.;10.01.2026;0,0000021006;0,29;0,4564520110;44.973,29;0;EUR
ETF Muster 40/60 ausgew.;11.01.2026;0,0000021006;0,29;0,4564549391;44.973,58;0;EUR
ETF Muster 40/60 ausgew.;12.01.2026;0,0033635327;461,96;0,4611544638;45.435,54;0,000461626;EUR
ETF Muster 40/60 ausgew.;13.01.2026;-0,0000261629;-3,61;0,4611287796;45.431,93;0,000374030;EUR
ETF Muster 40/60 ausgew.;14.01.2026;0,0007430617;102,40;0,4621790047;45.534,33;0,000109337;EUR
ETF Muster 40/60 ausgew.;15.01.2026;0,0033212061;458,01;0,4668388701;45.992,33;0,001479831;EUR
ETF Muster 40/60 ausgew.;16.01.2026;-0,0011303269;-156,39;0,4652623928;45.835,94;-0,000669762;EUR
ETF Muster 40/60 ausgew.;17.01.2026;0,0000020875;0,29;0,4652653212;45.836,23;0;EUR
ETF Muster 40/60 ausgew.;18.01.2026;0,0000020875;0,29;0,4652682497;45.836,52;0;EUR
ETF Muster 40/60 ausgew.;19.01.2026;-0,0009998423;-138,18;0,4638765356;45.698,33;-0,000540701;EUR
ETF Muster 40/60 ausgew.;20.01.2026;-0,0045578592;-629,30;0,4574994449;45.069,04;-0,005121706;EUR
ETF Muster 40/60 ausgew.;21.01.2026;0,0063921840;878,53;0,4664285036;45.947,57;0,001593301;EUR
ETF Muster 40/60 ausgew.;22.01.2026;0,0024259302;335,55;0,4698458199;46.283,12;0,000858726;EUR
ETF Muster 40/60 ausgew.;23.01.2026;0,0009670487;134,08;0,4712180654;46.417,20;-0,000647833;EUR
ETF Muster 40/60 ausgew.;24.01.2026;0,0000020787;0,29;0,4712209942;46.417,49;0;EUR
ETF Muster 40/60 ausgew.;25.01.2026;0,0000020787;0,29;0,4712239230;46.417,78;0;EUR
ETF Muster 40/60 ausgew.;26.01.2026;0,0029437642;408,56;0,4753826925;46.826,34;0,000070171;EUR
ETF Muster 40/60 ausgew.;27.01.2026;-0,0018316029;-254,95;0,4728055140;46.571,39;0,000458331;EUR
ETF Muster 40/60 ausgew.;28.01.2026;0,0083378203;1.158,47;0,4845779568;47.729,85;0,000315978;EUR
ETF Muster 40/60 ausgew.;29.01.2026;-0,0006445642;-90,30;0,4836724947;47.639,55;0,000781857;EUR
ETF Muster 40/60 ausgew.;30.01.2026;-0,0080203167;-1.122,92;0,4722828422;46.516,63;-0,000566691;EUR
ETF Muster 40/60 ausgew.;31.01.2026;0,0000020772;0,29;0,4722857713;46.516,92;0;EUR
ETF Muster 40/60 ausgew.;01.02.2026;0,0000020772;0,29;0,4722887005;46.517,21;0;EUR
ETF Muster 40/60 ausgew.;02.02.2026;-0,0046895758;-651,32;0,4656867491;45.865,89;0,001701165;EUR
ETF Muster 40/60 ausgew.;03.02.2026;0,0085478712;1.181,62;0,4776951904;47.047,51;-0,001450949;EUR
ETF Muster 40/60 ausgew.;04.02.2026;-0,0023743516;-331,03;0,4743452242;46.716,48;0,000323677;EUR
ETF Muster 40/60 ausgew.;05.02.2026;-0,0034549172;-480,53;0,4694770195;46.235,95;-0,001796680;EUR
ETF Muster 40/60 ausgew.;06.02.2026;0,0075101447;1.040,95;0,4800579624;47.276,90;0,002990167;EUR
ETF Muster 40/60 ausgew.;07.02.2026;0,0000020659;0,29;0,4800608919;47.277,19;0;EUR
ETF Muster 40/60 ausgew.;08.02.2026;0,0000020659;0,29;0,4800638214;47.277,48;0;EUR
ETF Muster 40/60 ausgew.;09.02.2026;0,0038637085;539,56;0,4855538999;47.817,03;0,000857561;EUR
ETF Muster 40/60 ausgew.;10.02.2026;-0,0002665911;-37,37;0,4851857152;47.779,66;0,000758584;EUR
ETF Muster 40/60 ausgew.;11.02.2026;0,0028431630;398,47;0,4892434134;48.178,13;0,000839388;EUR
ETF Muster 40/60 ausgew.;12.02.2026;-0,0072686070;-1.015,48;0,4789439938;47.162,65;-0,002226313;EUR
ETF Muster 40/60 ausgew.;13.02.2026;0,0029035408;402,70;0,4830462496;47.565,34;0,001174997;EUR
ETF Muster 40/60 ausgew.;14.02.2026;0,0000020741;0,29;0,4830491794;47.565,63;0;EUR
ETF Muster 40/60 ausgew.;15.02.2026;0,0000020741;0,29;0,4830521093;47.565,92;0;EUR
ETF Muster 40/60 ausgew.;16.02.2026;-0,0001289733;-17,94;0,4828826945;47.547,98;-0,000111439;EUR
ETF Muster 40/60 ausgew.;17.02.2026;-0,0025735927;-357,93;0,4792603371;47.190,05;0,000954889;EUR
ETF Muster 40/60 ausgew.;18.02.2026;0,0087434008;1.212,88;0,4915913128;48.402,94;0,001259265;EUR
ETF Muster 40/60 ausgew.;19.02.2026;-0,0001028578;-14,39;0,4914581010;48.388,54;0,000363964;EUR
ETF Muster 40/60 ausgew.;20.02.2026;0,0045355172;634,60;0,4979165639;49.023,14;0,000929934;EUR
ETF Muster 40/60 ausgew.;21.02.2026;0,0000017661;0,25;0,4979190850;49.023,39;0;EUR
ETF Muster 40/60 ausgew.;22.02.2026;0,0000017661;0,25;0,4979216062;49.023,64;0;EUR
ETF Muster 40/60 ausgew.;23.02.2026;0,0010727108;150,77;0,4994661348;49.174,41;-0,000927093;EUR
ETF Muster 40/60 ausgew.;24.02.2026;-0,0003190124;-44,89;0,4990233618;49.129,53;0,001396923;EUR
ETF Muster 40/60 ausgew.;25.02.2026;0,0033497011;471,17;0,5038223995;49.600,69;0,001208065;EUR
ETF Muster 40/60 ausgew.;26.02.2026;-0,0005124885;-72,33;0,5031009533;49.528,37;-0,000206763;EUR
ETF Muster 40/60 ausgew.;27.02.2026;0,0021648277;305,37;0,5062161168;49.833,73;0,000404299;EUR
ETF Muster 40/60 ausgew.;28.02.2026;0,0000017559;0,25;0,5062186383;49.833,98;0;EUR
ETF Muster 40/60 ausgew.;01.03.2026;0,0000017559;0,25;0,5062211598;49.834,23;0;EUR
ETF Muster 40/60 ausgew.;02.03.2026;0,0008036238;113,60;0,5073884769;49.947,83;-0,000969027;EUR
ETF Muster 40/60 ausgew.;03.03.2026;-0,0123231950;-1.743,46;0,4896906531;48.204,38;-0,004199126;EUR
ETF Muster 40/60 ausgew.;04.03.2026;0,0038299151;535,17;0,4951402305;48.739,55;0,001907202;EUR
ETF Muster 40/60 ausgew.;05.03.2026;-0,0063813802;-895,11;0,4860596104;47.844,43;-0,003321856;EUR
ETF Muster 40/60 ausgew.;06.03.2026;-0,0030157933;-420,32;0,4818020832;47.424,11;-0,003649933;EUR
ETF Muster 40/60 ausgew.;07.03.2026;0,0000017864;0,25;0,4818046051;47.424,36;0;EUR
ETF Muster 40/60 ausgew.;08.03.2026;0,0000017864;0,25;0,4818071269;47.424,61;0;EUR
ETF Muster 40/60 ausgew.;09.03.2026;-0,0025332870;-352,01;0,4782434019;47.072,60;-0,000464697;EUR
ETF Muster 40/60 ausgew.;10.03.2026;0,0082027212;1.136,92;0,4898069377;48.209,51;0,002064279;EUR
ETF Muster 40/60 ausgew.;11.03.2026;-0,0036917553;-515,88;0,4845782400;47.693,63;-0,002556970;EUR
ETF Muster 40/60 ausgew.;12.03.2026;-0,0046557552;-648,19;0,4780049567;47.045,44;-0,002998924;EUR
ETF Muster 40/60 ausgew.;13.03.2026;0,0002742104;38,00;0,4784035221;47.083,44;-0,001080512;EUR
ETF Muster 40/60 ausgew.;14.03.2026;0,0000017908;0,25;0,4784060443;47.083,69;0;EUR
ETF Muster 40/60 ausgew.;15.03.2026;0,0000017908;0,25;0,4784085665;47.083,93;0;EUR
ETF Muster 40/60 ausgew.;16.03.2026;0,0000017908;0,25;0,4784235593;47.084,18;0;EUR
