Portfolio Name;Datum;Performance [%] (Intervall);Performance (Intervall);Performance [%] (kumuliert);Performance (kumuliert);Benchmark Performance [%] (Intervall);Währung
Muster SCHWEIZ Substanz;21.09.2022;0;0;0;0;0;EUR
Muster SCHWEIZ Substanz;22.09.2022;0,0002146463;214,04;0,0002146463;214,04;0;EUR
Muster SCHWEIZ Substanz;23.09.2022;0,0046303221;4.618,27;0,0048459622;4.832,32;0;EUR
Muster SCHWEIZ Substanz;24.09.2022;0,0000039058;3,91;0,0048498869;4.836,23;0;EUR
Muster SCHWEIZ Substanz;25.09.2022;0,0000039057;3,91;0,0048538116;4.840,14;0;EUR
Muster SCHWEIZ Substanz;26.09.2022;0,0004780473;479,01;0,0053341793;5.319,16;0;EUR
Muster SCHWEIZ Substanz;27.09.2022;0,0013500234;1.353,40;0,0066914039;6.672,56;0;EUR
Muster SCHWEIZ Substanz;28.09.2022;-0,0009059904;-909,48;0,0057793512;5.763,08;0;EUR
Muster SCHWEIZ Substanz;29.09.2022;-0,0078393683;-7.862,47;-0,0021053236;-2.099,40;0;EUR
Muster SCHWEIZ Substanz;30.09.2022;-0,0031169329;-3.101,61;-0,0052156943;-5.201,01;0;EUR
Muster SCHWEIZ Substanz;01.10.2022;0,0000039079;3,88;-0,0052118068;-5.197,13;0;EUR
Muster SCHWEIZ Substanz;02.10.2022;0,0000039079;3,88;-0,0052079194;-5.193,25;0;EUR
Muster SCHWEIZ Substanz;03.10.2022;-0,0006984852;-692,89;-0,0059027669;-5.886,15;0;EUR
Muster SCHWEIZ Substanz;04.10.2022;-0,0014933774;-1.480,38;-0,0073873292;-7.366,53;0;EUR
Muster SCHWEIZ Substanz;05.10.2022;0,0039843566;3.943,79;-0,0034324064;-3.422,74;0;EUR
Muster SCHWEIZ Substanz;06.10.2022;0,0018469616;1.835,44;-0,0015917843;-1.587,30;0;EUR
Muster SCHWEIZ Substanz;07.10.2022;-0,0002341945;-233,16;-0,0018256060;-1.820,47;0;EUR
Muster SCHWEIZ Substanz;08.10.2022;0,0000039170;3,90;-0,0018216962;-1.816,57;0;EUR
Muster SCHWEIZ Substanz;09.10.2022;0,0000039170;3,90;-0,0018177863;-1.812,67;0;EUR
Muster SCHWEIZ Substanz;10.10.2022;-0,0011449441;-1.139,64;-0,0029606492;-2.952,31;0;EUR
Muster SCHWEIZ Substanz;11.10.2022;0,0004109360;408,57;-0,0025509299;-2.543,75;0;EUR
Muster SCHWEIZ Substanz;12.10.2022;-0,0006049152;-601,67;-0,0031543020;-3.145,42;0;EUR
Muster SCHWEIZ Substanz;13.10.2022;-0,0034890983;-3.468,30;-0,0066323946;-6.613,72;0;EUR
Muster SCHWEIZ Substanz;14.10.2022;0,0009256503;916,92;-0,0057128835;-5.696,80;0;EUR
Muster SCHWEIZ Substanz;15.10.2022;0,0000039371;3,90;-0,0057089689;-5.692,89;0;EUR
Muster SCHWEIZ Substanz;16.10.2022;0,0000039371;3,90;-0,0057050542;-5.688,99;0;EUR
Muster SCHWEIZ Substanz;17.10.2022;-0,0019137012;-1.897,43;-0,0076078376;-7.586,41;0;EUR
Muster SCHWEIZ Substanz;18.10.2022;0,0002254339;223,09;-0,0073841188;-7.363,33;0;EUR
Muster SCHWEIZ Substanz;19.10.2022;0,0016765702;1.659,50;-0,0057199286;-5.703,82;0;EUR
Muster SCHWEIZ Substanz;20.10.2022;-0,0012556971;-1.245,00;-0,0069684432;-6.948,82;0;EUR
Muster SCHWEIZ Substanz;21.10.2022;-0,0013230266;-1.310,11;-0,0082822504;-8.258,93;0;EUR
Muster SCHWEIZ Substanz;22.10.2022;0,0000038989;3,86;-0,0082783838;-8.255,07;0;EUR
Muster SCHWEIZ Substanz;23.10.2022;0,0000038989;3,86;-0,0082745172;-8.251,22;0;EUR
Muster SCHWEIZ Substanz;24.10.2022;-0,0009078555;-897,81;-0,0091748607;-9.149,02;0;EUR
Muster SCHWEIZ Substanz;25.10.2022;-0,0020030155;-1.979,05;-0,0111594988;-11.128,07;0;EUR
Muster SCHWEIZ Substanz;26.10.2022;-0,0050074942;-4.937,67;-0,0161111119;-16.065,74;0;EUR
Muster SCHWEIZ Substanz;27.10.2022;0,0048772484;4.785,16;-0,0113124413;-11.280,59;0;EUR
Muster SCHWEIZ Substanz;28.10.2022;0,0003243956;319,82;-0,0109917154;-10.960,76;0;EUR
Muster SCHWEIZ Substanz;29.10.2022;0,0000038752;3,82;-0,0109878829;-10.956,94;0;EUR
Muster SCHWEIZ Substanz;30.10.2022;0,0000038751;3,82;-0,0109840503;-10.953,12;0;EUR
Muster SCHWEIZ Substanz;31.10.2022;0,0024681207;2.434,14;-0,0085430396;-8.518,98;0;EUR
Muster SCHWEIZ Substanz;01.11.2022;0,0014455409;1.429,16;-0,0071098480;-7.089,83;0;EUR
Muster SCHWEIZ Substanz;02.11.2022;0,0019913382;1.971,61;-0,0051326678;-5.118,21;0;EUR
Muster SCHWEIZ Substanz;03.11.2022;-0,0004467497;-443,21;-0,0055771246;-5.561,42;0;EUR
Muster SCHWEIZ Substanz;04.11.2022;-0,0044415382;-4.404,33;-0,0099938917;-9.965,75;0;EUR
Muster SCHWEIZ Substanz;05.11.2022;0,0000038722;3,82;-0,0099900582;-9.961,93;0;EUR
Muster SCHWEIZ Substanz;06.11.2022;0,0000038722;3,82;-0,0099862246;-9.958,10;0;EUR
Muster SCHWEIZ Substanz;07.11.2022;-0,0012797304;-1.263,38;-0,0112531753;-11.221,49;0;EUR
Muster SCHWEIZ Substanz;08.11.2022;-0,0005041068;-497,03;-0,0117516093;-11.718,52;0;EUR
Muster SCHWEIZ Substanz;09.11.2022;0,0024876813;2.451,52;-0,0092931622;-9.266,99;0;EUR
Muster SCHWEIZ Substanz;10.11.2022;0,0010625728;1.049,73;-0,0082404641;-8.217,26;0;EUR
Muster SCHWEIZ Substanz;11.11.2022;-0,0015600344;-1.542,82;-0,0097876431;-9.760,08;0;EUR
Muster SCHWEIZ Substanz;12.11.2022;0,0000097055;9,58;-0,0097780326;-9.750,50;0;EUR
Muster SCHWEIZ Substanz;13.11.2022;0,0000097054;9,58;-0,0097684220;-9.740,91;0;EUR
Muster SCHWEIZ Substanz;14.11.2022;0,0007871898;777,31;-0,0089889218;-8.963,61;0;EUR
Muster SCHWEIZ Substanz;15.11.2022;-0,0003978165;-393,13;-0,0093831624;-9.356,74;0;EUR
Muster SCHWEIZ Substanz;16.11.2022;-0,0028146405;-2.769,91;-0,0121620245;-12.126,65;0;EUR
Muster SCHWEIZ Substanz;17.11.2022;0,0007841564;769,52;-0,0113912691;-11.357,12;0;EUR
Muster SCHWEIZ Substanz;18.11.2022;0,0034827046;3.420,38;-0,0079612738;-7.936,74;0;EUR
Muster SCHWEIZ Substanz;19.11.2022;0,0000097352;9,59;-0,0079516498;-7.927,15;0;EUR
Muster SCHWEIZ Substanz;20.11.2022;0,0000097351;9,59;-0,0079420259;-7.917,55;0;EUR
Muster SCHWEIZ Substanz;21.11.2022;0,0030486611;3.004,59;-0,0049285409;-4.912,96;0;EUR
Muster SCHWEIZ Substanz;22.11.2022;-0,0004692947;-463,92;-0,0053943489;-5.376,88;0;EUR
Muster SCHWEIZ Substanz;23.11.2022;-0,0012264367;-1.211,83;-0,0066105978;-6.588,70;0;EUR
Muster SCHWEIZ Substanz;24.11.2022;0,0000996824;98,37;-0,0065123549;-6.490,33;0;EUR
Muster SCHWEIZ Substanz;25.11.2022;0,0000104858;10,35;-0,0065024085;-6.479,98;0;EUR
Muster SCHWEIZ Substanz;26.11.2022;0,0000086557;8,54;-0,0064938359;-6.471,44;0;EUR
Muster SCHWEIZ Substanz;27.11.2022;0,0000086556;8,54;-0,0064852633;-6.462,89;0;EUR
Muster SCHWEIZ Substanz;28.11.2022;0,0009585036;946,04;-0,0055363029;-5.516,85;0;EUR
Muster SCHWEIZ Substanz;29.11.2022;0,0012918466;1.276,28;-0,0042557912;-4.240,58;0;EUR
Muster SCHWEIZ Substanz;30.11.2022;0,0024088533;2.382,89;-0,0018644600;-1.857,68;0;EUR
Muster SCHWEIZ Substanz;01.12.2022;-0,0008610726;-853,84;-0,0027215743;-2.711,53;0;EUR
Muster SCHWEIZ Substanz;02.12.2022;-0,0007997624;-792,37;-0,0035170691;-3.503,89;0;EUR
Muster SCHWEIZ Substanz;03.12.2022;0,0000085867;8,50;-0,0035085367;-3.495,39;0;EUR
Muster SCHWEIZ Substanz;04.12.2022;0,0000085866;8,50;-0,0035000043;-3.486,89;0;EUR
Muster SCHWEIZ Substanz;05.12.2022;-0,0010361041;-1.025,72;-0,0045298190;-4.512,61;0;EUR
Muster SCHWEIZ Substanz;06.12.2022;-0,0021346579;-2.111,07;-0,0066492786;-6.623,68;0;EUR
Muster SCHWEIZ Substanz;07.12.2022;-0,0018968049;-1.871,84;-0,0085287723;-8.495,52;0;EUR
Muster SCHWEIZ Substanz;08.12.2022;0,0014928364;1.470,40;-0,0070529559;-7.025,13;0;EUR
Muster SCHWEIZ Substanz;09.12.2022;0,0018769493;1.851,49;-0,0051943649;-5.173,63;0;EUR
Muster SCHWEIZ Substanz;10.12.2022;0,0000086038;8,50;-0,0051858278;-5.165,13;0;EUR
Muster SCHWEIZ Substanz;11.12.2022;0,0000086037;8,50;-0,0051772908;-5.156,63;0;EUR
Muster SCHWEIZ Substanz;12.12.2022;-0,0017588306;-1.738,26;-0,0069228247;-6.894,89;0;EUR
Muster SCHWEIZ Substanz;13.12.2022;0,0020210216;1.993,88;-0,0049210809;-4.901,02;0;EUR
Muster SCHWEIZ Substanz;14.12.2022;0,0010951426;1.082,62;-0,0038341901;-3.818,40;0;EUR
Muster SCHWEIZ Substanz;15.12.2022;-0,0041679332;-4.124,77;-0,0079763378;-7.943,17;0;EUR
Muster SCHWEIZ Substanz;16.12.2022;-0,0028326442;-2.791,63;-0,0107800363;-10.734,80;0;EUR
Muster SCHWEIZ Substanz;17.12.2022;0,0000086351;8,49;-0,0107715146;-10.726,31;0;EUR
Muster SCHWEIZ Substanz;18.12.2022;0,0000086350;8,49;-0,0107629929;-10.717,83;0;EUR
Muster SCHWEIZ Substanz;19.12.2022;-0,0015261777;-1.499,84;-0,0122696149;-12.217,67;0;EUR
Muster SCHWEIZ Substanz;20.12.2022;0,0001053656;103,39;-0,0121662256;-12.114,28;0;EUR
Muster SCHWEIZ Substanz;21.12.2022;0,0031646019;3.105,58;-0,0090476483;-9.008,70;0;EUR
Muster SCHWEIZ Substanz;22.12.2022;-0,0018844472;-1.855,15;-0,0109111911;-10.863,86;0;EUR
Muster SCHWEIZ Substanz;23.12.2022;-0,0013264670;-1.303,39;-0,0122206582;-12.167,24;0;EUR
Muster SCHWEIZ Substanz;24.12.2022;0,0000086399;8,48;-0,0122121427;-12.158,76;0;EUR
Muster SCHWEIZ Substanz;25.12.2022;0,0000086398;8,48;-0,0122036271;-12.150,29;0;EUR
Muster SCHWEIZ Substanz;26.12.2022;-0,0003943861;-387,02;-0,0125927452;-12.537,30;0;EUR
Muster SCHWEIZ Substanz;27.12.2022;-0,0018385724;-1.803,50;-0,0144046713;-14.340,80;0;EUR
Muster SCHWEIZ Substanz;28.12.2022;-0,0024774263;-2.425,70;-0,0168416857;-16.766,51;0;EUR
Muster SCHWEIZ Substanz;29.12.2022;0,0016552296;1.616,66;-0,0152182262;-15.149,85;0;EUR
Muster SCHWEIZ Substanz;30.12.2022;-0,0025396767;-2.484,60;-0,0177145444;-17.634,45;0;EUR
Muster SCHWEIZ Substanz;31.12.2022;0,0000042218;4,12;-0,0177104060;-17.630,33;0;EUR
Muster SCHWEIZ Substanz;01.01.2023;0,0000086624;8,45;-0,0177019145;-17.621,88;0;EUR
Muster SCHWEIZ Substanz;02.01.2023;0,0014290289;1.394,51;-0,0163015276;-16.227,37;0;EUR
Muster SCHWEIZ Substanz;03.01.2023;0,0056244712;5.496,43;-0,0107802668;-10.730,94;0;EUR
Muster SCHWEIZ Substanz;04.01.2023;-0,0017674844;-1.736,96;-0,0125255442;-12.467,90;0;EUR
Muster SCHWEIZ Substanz;05.01.2023;-0,0018164038;-1.781,88;-0,0143160320;-14.249,79;0;EUR
Muster SCHWEIZ Substanz;06.01.2023;0,0019431601;1.902,77;-0,0124047269;-12.347,02;0;EUR
Muster SCHWEIZ Substanz;07.01.2023;0,0000086327;8,47;-0,0123962176;-12.338,55;0;EUR
Muster SCHWEIZ Substanz;08.01.2023;0,0000086326;8,47;-0,0123877084;-12.330,08;0;EUR
Muster SCHWEIZ Substanz;09.01.2023;-0,0037397037;-3.669,15;-0,0160743950;-15.999,22;0;EUR
Muster SCHWEIZ Substanz;10.01.2023;0,0003068438;299,93;-0,0157734303;-15.699,30;0;EUR
Muster SCHWEIZ Substanz;11.01.2023;-0,0023605048;-2.308,02;-0,0180927627;-18.007,31;0;EUR
Muster SCHWEIZ Substanz;12.01.2023;-0,0010103072;-985,51;-0,0190833787;-18.992,82;0;EUR
Muster SCHWEIZ Substanz;13.01.2023;0,0020208048;1.969,21;-0,0171051508;-17.023,61;0;EUR
Muster SCHWEIZ Substanz;14.01.2023;0,0000086204;8,42;-0,0170966932;-17.015,19;0;EUR
Muster SCHWEIZ Substanz;15.01.2023;0,0000086204;8,42;-0,0170882355;-17.006,77;0;EUR
Muster SCHWEIZ Substanz;16.01.2023;0,0000671195;65,54;-0,0170227471;-16.941,23;0;EUR
Muster SCHWEIZ Substanz;17.01.2023;0,0001095314;106,96;-0,0169156264;-16.834,27;0;EUR
Muster SCHWEIZ Substanz;18.01.2023;-0,0018480899;-1.804,90;-0,0187296291;-18.639,17;0;EUR
Muster SCHWEIZ Substanz;19.01.2023;-0,0026630026;-2.595,96;-0,0213386117;-21.235,13;0;EUR
Muster SCHWEIZ Substanz;20.01.2023;-0,0004290193;-417,10;-0,0217581729;-21.652,23;0;EUR
Muster SCHWEIZ Substanz;21.01.2023;0,0000086542;8,41;-0,0217497215;-21.643,82;0;EUR
Muster SCHWEIZ Substanz;22.01.2023;0,0000086541;8,41;-0,0217412701;-21.635,41;0;EUR
Muster SCHWEIZ Substanz;23.01.2023;0,0005723848;556,26;-0,0211826926;-21.079,16;0;EUR
Muster SCHWEIZ Substanz;24.01.2023;0,0002391392;232,54;-0,0209494053;-20.846,62;0;EUR
Muster SCHWEIZ Substanz;25.01.2023;-0,0007086108;-689,21;-0,0216424041;-21.535,83;0;EUR
Muster SCHWEIZ Substanz;26.01.2023;-0,0000552623;-53,71;-0,0216967672;-21.589,54;0;EUR
Muster SCHWEIZ Substanz;27.01.2023;0,0009834415;955,78;-0,0207366005;-20.633,76;0;EUR
Muster SCHWEIZ Substanz;28.01.2023;0,0000177458;17,26;-0,0207192509;-20.616,49;0;EUR
Muster SCHWEIZ Substanz;29.01.2023;0,0000177454;17,26;-0,0207019012;-20.599,23;0;EUR
Muster SCHWEIZ Substanz;30.01.2023;-0,0024383060;-2.372,14;-0,0230862579;-22.971,37;0;EUR
Muster SCHWEIZ Substanz;31.01.2023;0,0025606230;2.485,06;-0,0205891092;-20.486,31;0;EUR
Muster SCHWEIZ Substanz;01.02.2023;-0,0040556849;-3.946,09;-0,0245553995;-24.432,39;0;EUR
Muster SCHWEIZ Substanz;02.02.2023;0,0063581749;6.161,27;-0,0183634072;-18.271,13;0;EUR
Muster SCHWEIZ Substanz;03.02.2023;-0,0006776579;-660,85;-0,0190278894;-18.931,97;0;EUR
Muster SCHWEIZ Substanz;04.02.2023;0,0000177358;17,28;-0,0190105178;-18.914,69;0;EUR
Muster SCHWEIZ Substanz;05.02.2023;0,0000177355;17,28;-0,0189931462;-18.897,40;0;EUR
Muster SCHWEIZ Substanz;06.02.2023;-0,0009281216;-904,52;-0,0199025496;-19.801,92;0;EUR
Muster SCHWEIZ Substanz;07.02.2023;0,0016162359;1.573,67;-0,0183211618;-18.228,25;0;EUR
Muster SCHWEIZ Substanz;08.02.2023;0,0004502894;439,14;-0,0178800491;-17.789,12;0;EUR
Muster SCHWEIZ Substanz;09.02.2023;-0,0011510498;-1.123,05;-0,0190091137;-18.912,17;0;EUR
Muster SCHWEIZ Substanz;10.02.2023;0,0022257602;2.169,12;-0,0168291159;-16.743,05;0;EUR
Muster SCHWEIZ Substanz;11.02.2023;0,0000177293;17,32;-0,0168117103;-16.725,73;0;EUR
Muster SCHWEIZ Substanz;12.02.2023;0,0000177290;17,32;-0,0167943047;-16.708,42;0;EUR
Muster SCHWEIZ Substanz;13.02.2023;-0,0003583328;-350,00;-0,0171463452;-17.058,42;0;EUR
Muster SCHWEIZ Substanz;14.02.2023;-0,0020625346;-2.013,87;-0,0191708550;-19.072,29;0;EUR
Muster SCHWEIZ Substanz;15.02.2023;0,0010958277;1.067,76;-0,0180978140;-18.004,52;0;EUR
Muster SCHWEIZ Substanz;16.02.2023;-0,0001306184;-127,41;-0,0182261259;-18.131,94;0;EUR
Muster SCHWEIZ Substanz;17.02.2023;0,0000692751;67,57;-0,0181584423;-18.064,37;0;EUR
Muster SCHWEIZ Substanz;18.02.2023;0,0000177485;17,31;-0,0181410403;-18.047,06;0;EUR
Muster SCHWEIZ Substanz;19.02.2023;0,0000177482;17,31;-0,0181236383;-18.029,75;0;EUR
Muster SCHWEIZ Substanz;20.02.2023;0,0019848432;1.936,08;-0,0161776779;-16.093,66;0;EUR
Muster SCHWEIZ Substanz;21.02.2023;-0,0012457208;-1.217,53;-0,0174017788;-17.311,19;0;EUR
Muster SCHWEIZ Substanz;22.02.2023;-0,0006347672;-619,63;-0,0180248697;-17.930,82;0;EUR
Muster SCHWEIZ Substanz;23.02.2023;0,0004491863;438,20;-0,0175845857;-17.492,63;0;EUR
Muster SCHWEIZ Substanz;24.02.2023;-0,0020910557;-2.040,81;-0,0196363533;-19.533,44;0;EUR
Muster SCHWEIZ Substanz;25.02.2023;0,0000178198;17,36;-0,0196189066;-19.516,08;0;EUR
Muster SCHWEIZ Substanz;26.02.2023;0,0000178194;17,36;-0,0196014600;-19.498,72;0;EUR
Muster SCHWEIZ Substanz;27.02.2023;-0,0026992199;-2.628,94;-0,0222445118;-22.127,67;0;EUR
Muster SCHWEIZ Substanz;28.02.2023;-0,0019104302;-1.855,67;-0,0241102521;-23.983,34;0;EUR
Muster SCHWEIZ Substanz;01.03.2023;-0,0060945165;-5.908,51;-0,0300503636;-29.891,85;0;EUR
Muster SCHWEIZ Substanz;02.03.2023;0,0038146920;3.675,73;-0,0263554319;-26.216,12;0;EUR
Muster SCHWEIZ Substanz;03.03.2023;0,0029724200;2.875,06;-0,0234653419;-23.341,06;0;EUR
Muster SCHWEIZ Substanz;04.03.2023;0,0000178630;17,33;-0,0234479203;-23.323,73;0;EUR
Muster SCHWEIZ Substanz;05.03.2023;0,0000178627;17,33;-0,0234304988;-23.306,40;0;EUR
Muster SCHWEIZ Substanz;06.03.2023;-0,0016193319;-1.571,01;-0,0250101340;-24.877,40;0;EUR
Muster SCHWEIZ Substanz;07.03.2023;0,0000317295;30,73;-0,0249794968;-24.846,67;0;EUR
Muster SCHWEIZ Substanz;08.03.2023;0,0005160390;499,84;-0,0244772310;-24.346,83;0;EUR
Muster SCHWEIZ Substanz;09.03.2023;-0,0009040057;-876,09;-0,0253582648;-25.222,91;0;EUR
Muster SCHWEIZ Substanz;10.03.2023;0,0002862223;277,13;-0,0250798936;-24.945,78;0;EUR
Muster SCHWEIZ Substanz;11.03.2023;0,0000178910;17,33;-0,0250624728;-24.928,45;0;EUR
Muster SCHWEIZ Substanz;12.03.2023;0,0000178907;17,33;-0,0250450519;-24.911,13;0;EUR
Muster SCHWEIZ Substanz;13.03.2023;0,0017284915;1.674,13;-0,0233621448;-23.236,99;0;EUR
Muster SCHWEIZ Substanz;14.03.2023;-0,0002671429;-259,19;-0,0236229558;-23.496,18;0;EUR
Muster SCHWEIZ Substanz;15.03.2023;0,0097072775;9.415,74;-0,0141565479;-14.080,44;0;EUR
Muster SCHWEIZ Substanz;16.03.2023;-0,0003916190;-383,54;-0,0145423006;-14.463,99;0;EUR
Muster SCHWEIZ Substanz;17.03.2023;0,0002020104;197,77;-0,0143435926;-14.266,22;0;EUR
Muster SCHWEIZ Substanz;18.03.2023;0,0000176875;17,32;-0,0143261792;-14.248,90;0;EUR
Muster SCHWEIZ Substanz;19.03.2023;0,0000176871;17,32;-0,0143087657;-14.231,58;0;EUR
Muster SCHWEIZ Substanz;20.03.2023;0,0006749158;660,90;-0,0136444050;-13.570,68;0;EUR
Muster SCHWEIZ Substanz;21.03.2023;-0,0024824021;-2.432,49;-0,0160902487;-16.003,17;0;EUR
Muster SCHWEIZ Substanz;22.03.2023;-0,0029871149;-2.919,79;-0,0190260871;-18.922,95;0;EUR
Muster SCHWEIZ Substanz;23.03.2023;0,0033765011;3.290,54;-0,0157177520;-15.632,42;0;EUR
Muster SCHWEIZ Substanz;24.03.2023;0,0034247684;3.348,84;-0,0123507320;-12.283,57;0;EUR
Muster SCHWEIZ Substanz;25.03.2023;0,0000176248;17,29;-0,0123333444;-12.266,28;0;EUR
Muster SCHWEIZ Substanz;26.03.2023;0,0000176245;17,29;-0,0123159568;-12.248,99;0;EUR
Muster SCHWEIZ Substanz;27.03.2023;-0,0029667128;-2.910,98;-0,0152429790;-15.159,97;0;EUR
Muster SCHWEIZ Substanz;28.03.2023;-0,0033756830;-3.302,44;-0,0185636551;-18.462,41;0;EUR
Muster SCHWEIZ Substanz;29.03.2023;0,0020595070;2.008,02;-0,0165447561;-16.454,39;0;EUR
Muster SCHWEIZ Substanz;30.03.2023;-0,0009629517;-940,81;-0,0174908743;-17.395,20;0;EUR
Muster SCHWEIZ Substanz;31.03.2023;0,0041813399;4.081,27;-0,0133872608;-13.313,93;0;EUR
Muster SCHWEIZ Substanz;01.04.2023;0,0000176205;17,27;-0,0133698949;-13.296,66;0;EUR
Muster SCHWEIZ Substanz;02.04.2023;0,0000176202;17,27;-0,0133525291;-13.279,39;0;EUR
Muster SCHWEIZ Substanz;03.04.2023;0,0006917899;678,08;-0,0126708109;-12.601,31;0;EUR
Muster SCHWEIZ Substanz;04.04.2023;-0,0002144692;-210,36;-0,0128824339;-12.811,67;0;EUR
Muster SCHWEIZ Substanz;05.04.2023;0,0035957197;3.526,15;-0,0093368805;-9.285,52;0;EUR
Muster SCHWEIZ Substanz;06.04.2023;0,0012214428;1.202,12;-0,0081281753;-8.083,41;0;EUR
Muster SCHWEIZ Substanz;07.04.2023;0,0003516051;346,46;-0,0077798487;-7.736,94;0;EUR
Muster SCHWEIZ Substanz;08.04.2023;0,0000175028;17,25;-0,0077625000;-7.719,69;0;EUR
Muster SCHWEIZ Substanz;09.04.2023;0,0000175025;17,25;-0,0077451514;-7.702,44;0;EUR
Muster SCHWEIZ Substanz;10.04.2023;0,0005014929;494,35;-0,0072481100;-7.208,09;0;EUR
Muster SCHWEIZ Substanz;11.04.2023;-0,0028883211;-2.848,62;-0,0101126205;-10.056,71;0;EUR
Muster SCHWEIZ Substanz;12.04.2023;-0,0020051999;-1.971,93;-0,0120955951;-12.028,63;0;EUR
Muster SCHWEIZ Substanz;13.04.2023;0,0017225375;1.690,56;-0,0103956979;-10.338,08;0;EUR
Muster SCHWEIZ Substanz;14.04.2023;-0,0011169041;-1.098,06;-0,0114999529;-11.436,13;0;EUR
Muster SCHWEIZ Substanz;15.04.2023;0,0000175422;17,23;-0,0114826298;-11.418,90;0;EUR
Muster SCHWEIZ Substanz;16.04.2023;0,0000175419;17,23;-0,0114653067;-11.401,68;0;EUR
Muster SCHWEIZ Substanz;17.04.2023;0,0000316865;31,12;-0,0114340917;-11.370,56;0;EUR
Muster SCHWEIZ Substanz;18.04.2023;-0,0013984978;-1.373,45;-0,0128153049;-12.744,01;0;EUR
Muster SCHWEIZ Substanz;19.04.2023;-0,0025547633;-2.505,51;-0,0153349260;-15.249,52;0;EUR
Muster SCHWEIZ Substanz;20.04.2023;0,0000478773;46,83;-0,0152879280;-15.202,68;0;EUR
Muster SCHWEIZ Substanz;21.04.2023;0,0000917707;89,78;-0,0151977456;-15.112,91;0;EUR
Muster SCHWEIZ Substanz;22.04.2023;0,0000176115;17,23;-0,0151804187;-15.095,68;0;EUR
Muster SCHWEIZ Substanz;23.04.2023;0,0000176111;17,23;-0,0151630918;-15.078,45;0;EUR
Muster SCHWEIZ Substanz;24.04.2023;-0,0027766306;-2.716,61;-0,0178950666;-17.795,06;0;EUR
Muster SCHWEIZ Substanz;25.04.2023;0,0023894786;2.331,34;-0,0155507233;-15.463,72;0;EUR
Muster SCHWEIZ Substanz;26.04.2023;-0,0028126157;-2.750,74;-0,0183170475;-18.214,46;0;EUR
Muster SCHWEIZ Substanz;27.04.2023;0,0005979961;583,19;-0,0177306749;-17.631,27;0;EUR
Muster SCHWEIZ Substanz;28.04.2023;0,0031025297;3.027,55;-0,0146861450;-14.603,72;0;EUR
Muster SCHWEIZ Substanz;29.04.2023;0,0000175932;17,22;-0,0146688266;-14.586,50;0;EUR
Muster SCHWEIZ Substanz;30.04.2023;0,0000175929;17,22;-0,0146515081;-14.569,28;0;EUR
Muster SCHWEIZ Substanz;01.05.2023;0,0012494134;1.223,04;-0,0134216408;-13.346,23;0;EUR
Muster SCHWEIZ Substanz;02.05.2023;-0,0000101603;-9,96;-0,0134317333;-13.356,19;0;EUR
Muster SCHWEIZ Substanz;03.05.2023;-0,0017262209;-1.691,88;-0,0151332705;-15.048,07;0;EUR
Muster SCHWEIZ Substanz;04.05.2023;0,0034345483;3.360,41;-0,0117538974;-11.687,66;0;EUR
Muster SCHWEIZ Substanz;05.05.2023;-0,0012807585;-1.257,42;-0,0130185139;-12.945,07;0;EUR
Muster SCHWEIZ Substanz;06.05.2023;0,0000175643;17,22;-0,0130011941;-12.927,85;0;EUR
Muster SCHWEIZ Substanz;07.05.2023;0,0000175640;17,22;-0,0129838743;-12.910,63;0;EUR
Muster SCHWEIZ Substanz;08.05.2023;0,0013382400;1.312,21;-0,0116642800;-11.598,42;0;EUR
Muster SCHWEIZ Substanz;09.05.2023;-0,0007483403;-734,77;-0,0124032891;-12.333,19;0;EUR
Muster SCHWEIZ Substanz;10.05.2023;-0,0040520039;-3.975,54;-0,0164015174;-16.308,73;0;EUR
Muster SCHWEIZ Substanz;11.05.2023;0,0013880650;1.356,35;-0,0150375267;-14.952,37;0;EUR
Muster SCHWEIZ Substanz;12.05.2023;0,0047884628;4.685,56;-0,0103253348;-10.266,81;0;EUR
Muster SCHWEIZ Substanz;13.05.2023;0,0000175634;17,27;-0,0103079681;-10.249,54;0;EUR
Muster SCHWEIZ Substanz;14.05.2023;0,0000175631;17,27;-0,0102906014;-10.232,27;0;EUR
Muster SCHWEIZ Substanz;15.05.2023;-0,0003736171;-367,35;-0,0106601027;-10.599,63;0;EUR
Muster SCHWEIZ Substanz;16.05.2023;-0,0027756612;-2.728,10;-0,0134038327;-13.327,72;0;EUR
Muster SCHWEIZ Substanz;17.05.2023;0,0001234947;121,04;-0,0132821674;-13.206,68;0;EUR
Muster SCHWEIZ Substanz;18.05.2023;-0,0029864109;-2.927,45;-0,0162264299;-16.134,13;0;EUR
Muster SCHWEIZ Substanz;19.05.2023;0,0035951836;3.521,01;-0,0126851922;-12.613,12;0;EUR
Muster SCHWEIZ Substanz;20.05.2023;0,0000170245;16,73;-0,0126683635;-12.596,39;0;EUR
Muster SCHWEIZ Substanz;21.05.2023;0,0000170242;16,73;-0,0126515347;-12.579,66;0;EUR
Muster SCHWEIZ Substanz;22.05.2023;-0,0003738690;-367,48;-0,0130210289;-12.947,14;0;EUR
Muster SCHWEIZ Substanz;23.05.2023;-0,0001353437;-132,98;-0,0131546810;-13.080,12;0;EUR
Muster SCHWEIZ Substanz;24.05.2023;-0,0024757323;-2.432,21;-0,0156006528;-15.512,34;0;EUR
Muster SCHWEIZ Substanz;25.05.2023;-0,0020088221;-1.968,62;-0,0175803684;-17.480,96;0;EUR
Muster SCHWEIZ Substanz;26.05.2023;0,0003192243;312,21;-0,0172662715;-17.168,75;0;EUR
Muster SCHWEIZ Substanz;27.05.2023;0,0000171264;16,76;-0,0172494210;-17.152,00;0;EUR
Muster SCHWEIZ Substanz;28.05.2023;0,0000171261;16,76;-0,0172325706;-17.135,24;0;EUR
Muster SCHWEIZ Substanz;29.05.2023;0,0011211443;1.096,89;-0,0161293454;-16.038,35;0;EUR
Muster SCHWEIZ Substanz;30.05.2023;-0,0008757160;-857,73;-0,0169918344;-16.896,08;0;EUR
Muster SCHWEIZ Substanz;31.05.2023;0,0019261858;1.884,98;-0,0150960799;-15.011,11;0;EUR
Muster SCHWEIZ Substanz;01.06.2023;0,0013316699;1.305,69;-0,0137829124;-13.705,42;0;EUR
Muster SCHWEIZ Substanz;02.06.2023;0,0045905027;4.506,94;-0,0092504326;-9.198,48;0;EUR
Muster SCHWEIZ Substanz;03.06.2023;0,0000169929;16,76;-0,0092335778;-9.181,72;0;EUR
Muster SCHWEIZ Substanz;04.06.2023;0,0000169926;16,76;-0,0092167229;-9.164,96;0;EUR
Muster SCHWEIZ Substanz;05.06.2023;-0,0008098428;-798,78;-0,0100199507;-9.963,74;0;EUR
Muster SCHWEIZ Substanz;06.06.2023;0,0014593298;1.438,23;-0,0085735592;-8.525,51;0;EUR
Muster SCHWEIZ Substanz;07.06.2023;-0,0014031697;-1.384,90;-0,0099661995;-9.910,41;0;EUR
Muster SCHWEIZ Substanz;08.06.2023;-0,0014523529;-1.431,43;-0,0114056166;-11.341,83;0;EUR
Muster SCHWEIZ Substanz;09.06.2023;0,0010743207;1.057,30;-0,0103423064;-10.284,53;0;EUR
Muster SCHWEIZ Substanz;10.06.2023;0,0000169998;16,75;-0,0103254638;-10.267,78;0;EUR
Muster SCHWEIZ Substanz;11.06.2023;0,0000169995;16,75;-0,0103086212;-10.251,03;0;EUR
Muster SCHWEIZ Substanz;12.06.2023;0,0001451034;142,96;-0,0101647957;-10.108,07;0;EUR
Muster SCHWEIZ Substanz;13.06.2023;-0,0000730588;-71,99;-0,0102371324;-10.180,06;0;EUR
Muster SCHWEIZ Substanz;14.06.2023;0,0005798121;571,30;-0,0096625731;-9.608,76;0;EUR
Muster SCHWEIZ Substanz;15.06.2023;-0,0010993123;-1.083,80;-0,0107523865;-10.692,56;0;EUR
Muster SCHWEIZ Substanz;16.06.2023;0,0026481975;2.607,97;-0,0081297809;-8.084,59;0;EUR
Muster SCHWEIZ Substanz;17.06.2023;0,0000169097;16,70;-0,0081129907;-8.067,90;0;EUR
Muster SCHWEIZ Substanz;18.06.2023;0,0000169094;16,70;-0,0080962005;-8.051,20;0;EUR
Muster SCHWEIZ Substanz;19.06.2023;-0,0061410036;-6.063,94;-0,0141939520;-14.115,14;0;EUR
Muster SCHWEIZ Substanz;20.06.2023;-0,0026156964;-2.567,01;-0,0167752029;-16.682,15;0;EUR
Muster SCHWEIZ Substanz;21.06.2023;-0,0022246028;-2.177,48;-0,0189647314;-18.859,63;0;EUR
Muster SCHWEIZ Substanz;22.06.2023;0,0003426489;334,65;-0,0186281215;-18.524,99;0;EUR
Muster SCHWEIZ Substanz;23.06.2023;0,0007738567;756,04;-0,0178677777;-17.768,95;0;EUR
Muster SCHWEIZ Substanz;24.06.2023;0,0000170895;16,71;-0,0178509759;-17.752,24;0;EUR
Muster SCHWEIZ Substanz;25.06.2023;0,0000170892;16,71;-0,0178341740;-17.735,53;0;EUR
Muster SCHWEIZ Substanz;26.06.2023;-0,0008753437;-855,88;-0,0186947178;-18.591,41;0;EUR
Muster SCHWEIZ Substanz;27.06.2023;-0,0023973182;-2.341,96;-0,0210495871;-20.933,38;0;EUR
Muster SCHWEIZ Substanz;28.06.2023;0,0025892604;2.523,41;-0,0185120719;-18.409,96;0;EUR
Muster SCHWEIZ Substanz;29.06.2023;-0,0004639624;-453,33;-0,0189678236;-18.863,30;0;EUR
Muster SCHWEIZ Substanz;30.06.2023;0,0040464986;3.951,97;-0,0149938833;-14.911,33;0;EUR
Muster SCHWEIZ Substanz;01.07.2023;0,0000170343;16,70;-0,0149770872;-14.894,63;0;EUR
Muster SCHWEIZ Substanz;02.07.2023;0,0000170340;16,70;-0,0149602910;-14.877,93;0;EUR
Muster SCHWEIZ Substanz;03.07.2023;0,0004968181;487,19;-0,0144703300;-14.390,73;0;EUR
Muster SCHWEIZ Substanz;04.07.2023;-0,0001432025;-140,50;-0,0146115325;-14.531,23;0;EUR
Muster SCHWEIZ Substanz;05.07.2023;0,0009222338;904,68;-0,0137017818;-13.626,55;0;EUR
Muster SCHWEIZ Substanz;06.07.2023;-0,0093049393;-9.136,29;-0,0228884036;-22.762,84;0;EUR
Muster SCHWEIZ Substanz;07.07.2023;-0,0023601831;-2.295,84;-0,0251967892;-25.058,68;0;EUR
Muster SCHWEIZ Substanz;08.07.2023;0,0000171959;16,69;-0,0251800096;-25.041,99;0;EUR
Muster SCHWEIZ Substanz;09.07.2023;0,0000171956;16,69;-0,0251632300;-25.025,30;0;EUR
Muster SCHWEIZ Substanz;10.07.2023;-0,0013136016;-1.274,82;-0,0264449499;-26.300,12;0;EUR
Muster SCHWEIZ Substanz;11.07.2023;0,0024266884;2.351,95;-0,0240799346;-23.948,17;0;EUR
Muster SCHWEIZ Substanz;12.07.2023;0,0029356107;2.852,10;-0,0212120403;-21.096,07;0;EUR
Muster SCHWEIZ Substanz;13.07.2023;0,0015984376;1.557,53;-0,0196458606;-19.538,54;0;EUR
Muster SCHWEIZ Substanz;14.07.2023;-0,0000716646;-69,94;-0,0197160966;-19.608,48;0;EUR
Muster SCHWEIZ Substanz;15.07.2023;0,0000170293;16,62;-0,0196993866;-19.591,87;0;EUR
Muster SCHWEIZ Substanz;16.07.2023;0,0000170290;16,62;-0,0196826766;-19.575,25;0;EUR
Muster SCHWEIZ Substanz;17.07.2023;-0,0024942684;-2.434,22;-0,0221301582;-22.009,47;0;EUR
Muster SCHWEIZ Substanz;18.07.2023;0,0050084106;4.875,65;-0,0172276960;-17.133,82;0;EUR
Muster SCHWEIZ Substanz;19.07.2023;0,0012339759;1.207,28;-0,0160137277;-15.926,54;0;EUR
Muster SCHWEIZ Substanz;20.07.2023;0,0009569858;937,44;-0,0150710896;-14.989,10;0;EUR
Muster SCHWEIZ Substanz;21.07.2023;0,0012701175;1.245,37;-0,0138188507;-13.743,73;0;EUR
Muster SCHWEIZ Substanz;22.07.2023;0,0000169548;16,65;-0,0138021143;-13.727,09;0;EUR
Muster SCHWEIZ Substanz;23.07.2023;0,0000169545;16,65;-0,0137853778;-13.710,44;0;EUR
Muster SCHWEIZ Substanz;24.07.2023;0,0020774589;2.039,63;-0,0117345479;-11.670,81;0;EUR
Muster SCHWEIZ Substanz;25.07.2023;0,0022425689;2.206,31;-0,0095161489;-9.464,50;0;EUR
Muster SCHWEIZ Substanz;26.07.2023;-0,0029262714;-2.885,41;-0,0124172547;-12.349,91;0;EUR
Muster SCHWEIZ Substanz;27.07.2023;0,0024426062;2.401,45;-0,0100026652;-9.948,46;0;EUR
Muster SCHWEIZ Substanz;28.07.2023;0,0013221267;1.303,03;-0,0086925030;-8.645,43;0;EUR
Muster SCHWEIZ Substanz;29.07.2023;0,0000168966;16,67;-0,0086757377;-8.628,76;0;EUR
Muster SCHWEIZ Substanz;30.07.2023;0,0000168963;16,67;-0,0086589725;-8.612,09;0;EUR
Muster SCHWEIZ Substanz;31.07.2023;0,0009957008;982,65;-0,0076709440;-7.629,44;0;EUR
Muster SCHWEIZ Substanz;01.08.2023;-0,0032882031;-3.248,32;-0,0109368956;-10.877,76;0;EUR
Muster SCHWEIZ Substanz;02.08.2023;-0,0027130516;-2.671,34;-0,0136226976;-13.549,10;0;EUR
Muster SCHWEIZ Substanz;03.08.2023;-0,0008364107;-821,32;-0,0144484166;-14.370,41;0;EUR
Muster SCHWEIZ Substanz;04.08.2023;-0,0017507840;-1.717,75;-0,0161754250;-16.088,16;0;EUR
Muster SCHWEIZ Substanz;05.08.2023;0,0000170271;16,68;-0,0161586580;-16.071,49;0;EUR
Muster SCHWEIZ Substanz;06.08.2023;0,0000170268;16,68;-0,0161418910;-16.054,81;0;EUR
Muster SCHWEIZ Substanz;07.08.2023;-0,0018914219;-1.852,55;-0,0180044153;-17.907,36;0;EUR
Muster SCHWEIZ Substanz;08.08.2023;0,0020770758;2.030,54;-0,0159628096;-15.876,82;0;EUR
Muster SCHWEIZ Substanz;09.08.2023;-0,0003179506;-311,47;-0,0162759057;-16.188,29;0;EUR
Muster SCHWEIZ Substanz;10.08.2023;0,0006750143;661,05;-0,0156112173;-15.527,24;0;EUR
Muster SCHWEIZ Substanz;11.08.2023;-0,0010620623;-1.040,79;-0,0166575766;-16.568,04;0;EUR
Muster SCHWEIZ Substanz;12.08.2023;0,0000170531;16,69;-0,0166407925;-16.551,34;0;EUR
Muster SCHWEIZ Substanz;13.08.2023;0,0000170528;16,69;-0,0166240085;-16.534,65;0;EUR
Muster SCHWEIZ Substanz;14.08.2023;0,0007910147;774,38;-0,0158453861;-15.760,27;0;EUR
Muster SCHWEIZ Substanz;15.08.2023;-0,0028867547;-2.828,27;-0,0186888637;-18.588,54;0;EUR
Muster SCHWEIZ Substanz;16.08.2023;0,0001612682;157,55;-0,0185303995;-18.431,00;0;EUR
Muster SCHWEIZ Substanz;17.08.2023;0,0000699185;68,32;-0,0184616477;-18.362,68;0;EUR
Muster SCHWEIZ Substanz;18.08.2023;-0,0001459562;-142,62;-0,0186049678;-18.505,30;0;EUR
Muster SCHWEIZ Substanz;19.08.2023;0,0000171000;16,71;-0,0185881711;-18.488,60;0;EUR
Muster SCHWEIZ Substanz;20.08.2023;0,0000170998;16,71;-0,0185713745;-18.471,89;0;EUR
Muster SCHWEIZ Substanz;21.08.2023;0,0000418209;40,86;-0,0185302269;-18.431,03;0;EUR
Muster SCHWEIZ Substanz;22.08.2023;0,0022277442;2.176,66;-0,0163417896;-16.254,37;0;EUR
Muster SCHWEIZ Substanz;23.08.2023;0,0043954879;4.304,27;-0,0120143263;-11.950,10;0;EUR
Muster SCHWEIZ Substanz;24.08.2023;0,0002871245;282,40;-0,0117303652;-11.667,69;0;EUR
Muster SCHWEIZ Substanz;25.08.2023;-0,0005279633;-519,43;-0,0122525405;-12.187,12;0;EUR
Muster SCHWEIZ Substanz;26.08.2023;0,0000170085;16,72;-0,0122357260;-12.170,40;0;EUR
Muster SCHWEIZ Substanz;27.08.2023;0,0000170082;16,72;-0,0122189114;-12.153,67;0;EUR
Muster SCHWEIZ Substanz;28.08.2023;0,0018559850;1.825,08;-0,0103839994;-10.328,59;0;EUR
Muster SCHWEIZ Substanz;29.08.2023;0,0015792927;1.555,88;-0,0088197459;-8.772,72;0;EUR
Muster SCHWEIZ Substanz;30.08.2023;-0,0008544140;-843,08;-0,0096673075;-9.615,79;0;EUR
Muster SCHWEIZ Substanz;31.08.2023;0,0024416279;2.407,17;-0,0072472201;-7.208,63;0;EUR
Muster SCHWEIZ Substanz;01.09.2023;0,0017658421;1.745,17;-0,0054926884;-5.463,46;0;EUR
Muster SCHWEIZ Substanz;02.09.2023;0,0000169021;16,73;-0,0054758652;-5.446,72;0;EUR
Muster SCHWEIZ Substanz;03.09.2023;0,0000169018;16,73;-0,0054590420;-5.429,99;0;EUR
Muster SCHWEIZ Substanz;04.09.2023;-0,0017162209;-1.699,18;-0,0071672915;-7.129,17;0;EUR
Muster SCHWEIZ Substanz;05.09.2023;-0,0000585425;-57,86;-0,0072254388;-7.187,03;0;EUR
Muster SCHWEIZ Substanz;06.09.2023;-0,0021373289;-2.112,35;-0,0093490499;-9.299,39;0;EUR
Muster SCHWEIZ Substanz;07.09.2023;0,0012402224;1.223,11;-0,0081193810;-8.076,28;0;EUR
Muster SCHWEIZ Substanz;08.09.2023;0,0005157454;509,26;-0,0076073781;-7.567,02;0;EUR
Muster SCHWEIZ Substanz;09.09.2023;0,0000169601;16,76;-0,0075905333;-7.550,26;0;EUR
Muster SCHWEIZ Substanz;10.09.2023;0,0000169598;16,76;-0,0075736884;-7.533,50;0;EUR
Muster SCHWEIZ Substanz;11.09.2023;-0,0002463484;-243,38;-0,0078183460;-7.776,89;0;EUR
Muster SCHWEIZ Substanz;12.09.2023;-0,0020067924;-1.982,16;-0,0098110400;-9.759,05;0;EUR
Muster SCHWEIZ Substanz;13.09.2023;0,0010862479;1.070,76;-0,0087345469;-8.688,29;0;EUR
Muster SCHWEIZ Substanz;14.09.2023;0,0051856272;5.117,25;-0,0035900424;-3.571,04;0;EUR
Muster SCHWEIZ Substanz;15.09.2023;-0,0005129328;-508,79;-0,0041015308;-4.079,83;0;EUR
Muster SCHWEIZ Substanz;16.09.2023;0,0000169120;16,77;-0,0040846747;-4.063,07;0;EUR
Muster SCHWEIZ Substanz;17.09.2023;0,0000169117;16,77;-0,0040678187;-4.046,30;0;EUR
Muster SCHWEIZ Substanz;18.09.2023;-0,0026722601;-2.649,43;-0,0067313149;-6.695,73;0;EUR
Muster SCHWEIZ Substanz;19.09.2023;-0,0004187756;-414,09;-0,0071475817;-7.109,81;0;EUR
Muster SCHWEIZ Substanz;20.09.2023;0,0000516506;51,05;-0,0070962379;-7.058,76;0;EUR
Muster SCHWEIZ Substanz;21.09.2023;-0,0033164539;-3.278,13;-0,0103917356;-10.336,89;0;EUR
Muster SCHWEIZ Substanz;22.09.2023;-0,0013158305;-1.296,31;-0,0116948887;-11.633,20;0;EUR
Muster SCHWEIZ Substanz;23.09.2023;0,0000170445;16,77;-0,0116780303;-11.616,43;0;EUR
Muster SCHWEIZ Substanz;24.09.2023;0,0000170442;16,77;-0,0116611719;-11.599,66;0;EUR
Muster SCHWEIZ Substanz;25.09.2023;0,0007903305;777,61;-0,0108794082;-10.822,05;0;EUR
Muster SCHWEIZ Substanz;26.09.2023;-0,0028940743;-2.849,74;-0,0137442072;-13.671,79;0;EUR
Muster SCHWEIZ Substanz;27.09.2023;-0,0001052845;-103,37;-0,0138480857;-13.775,16;0;EUR
Muster SCHWEIZ Substanz;28.09.2023;-0,0044839348;-4.402,00;-0,0182733350;-18.177,16;0;EUR
Muster SCHWEIZ Substanz;29.09.2023;0,0022183270;2.168,03;-0,0160937919;-16.009,13;0;EUR
Muster SCHWEIZ Substanz;30.09.2023;0,0000171445;16,79;-0,0160769101;-15.992,34;0;EUR
Muster SCHWEIZ Substanz;01.10.2023;0,0000171442;16,79;-0,0160600284;-15.975,55;0;EUR
Muster SCHWEIZ Substanz;02.10.2023;0,0002117308;207,40;-0,0158514905;-15.768,15;0;EUR
Muster SCHWEIZ Substanz;03.10.2023;-0,0039833143;-3.902,59;-0,0197746477;-19.670,74;0;EUR
Muster SCHWEIZ Substanz;04.10.2023;-0,0017628277;-1.720,22;-0,0215038961;-21.390,96;0;EUR
Muster SCHWEIZ Substanz;05.10.2023;-0,0006769749;-659,45;-0,0221667644;-22.050,41;0;EUR
Muster SCHWEIZ Substanz;06.10.2023;0,0022464912;2.186,85;-0,0199683194;-19.863,56;0;EUR
Muster SCHWEIZ Substanz;07.10.2023;0,0000172073;16,79;-0,0199514427;-19.846,77;0;EUR
Muster SCHWEIZ Substanz;08.10.2023;0,0000172070;16,79;-0,0199345661;-19.829,98;0;EUR
Muster SCHWEIZ Substanz;09.10.2023;0,0027283947;2.662,02;-0,0172584613;-17.167,96;0;EUR
Muster SCHWEIZ Substanz;10.10.2023;0,0023629284;2.311,73;-0,0149345019;-14.856,23;0;EUR
Muster SCHWEIZ Substanz;11.10.2023;0,0001199166;117,60;-0,0148162464;-14.738,64;0;EUR
Muster SCHWEIZ Substanz;12.10.2023;0,0010773514;1.056,63;-0,0137540188;-13.682,01;0;EUR
Muster SCHWEIZ Substanz;13.10.2023;0,0045090738;4.427,10;-0,0093035960;-9.254,91;0;EUR
Muster SCHWEIZ Substanz;14.10.2023;0,0000170452;16,81;-0,0092866968;-9.238,10;0;EUR
Muster SCHWEIZ Substanz;15.10.2023;0,0000170449;16,81;-0,0092697976;-9.221,29;0;EUR
Muster SCHWEIZ Substanz;16.10.2023;-0,0026486461;-2.612,31;-0,0118958156;-11.833,60;0;EUR
Muster SCHWEIZ Substanz;17.10.2023;-0,0023973678;-2.358,21;-0,0142663912;-14.191,81;0;EUR
Muster SCHWEIZ Substanz;18.10.2023;0,0011361317;1.114,90;-0,0131456006;-13.076,91;0;EUR
Muster SCHWEIZ Substanz;19.10.2023;-0,0036881225;-3.623,30;-0,0167878913;-16.700,22;0;EUR
Muster SCHWEIZ Substanz;20.10.2023;-0,0001877691;-183,79;-0,0169726009;-16.884,01;0;EUR
Muster SCHWEIZ Substanz;21.10.2023;0,0000171526;16,79;-0,0169557270;-16.867,22;0;EUR
Muster SCHWEIZ Substanz;22.10.2023;0,0000171523;16,79;-0,0169388531;-16.850,43;0;EUR
Muster SCHWEIZ Substanz;23.10.2023;-0,0021638876;-2.117,69;-0,0190676078;-18.968,13;0;EUR
Muster SCHWEIZ Substanz;24.10.2023;0,0039888997;3.895,29;-0,0151518450;-15.072,83;0;EUR
Muster SCHWEIZ Substanz;25.10.2023;0,0011309403;1.108,81;-0,0140371905;-13.964,03;0;EUR
Muster SCHWEIZ Substanz;26.10.2023;-0,0001620643;-159,07;-0,0141970606;-14.123,10;0;EUR
Muster SCHWEIZ Substanz;27.10.2023;-0,0004618041;-453,20;-0,0146526022;-14.576,30;0;EUR
Muster SCHWEIZ Substanz;28.10.2023;0,0000244017;23,94;-0,0146285407;-14.552,37;0;EUR
Muster SCHWEIZ Substanz;29.10.2023;0,0000244011;23,94;-0,0146044791;-14.528,43;0;EUR
Muster SCHWEIZ Substanz;30.10.2023;0,0011896333;1.167,00;-0,0134313386;-13.361,43;0;EUR
Muster SCHWEIZ Substanz;31.10.2023;0,0013954088;1.370,49;-0,0120536513;-11.990,94;0;EUR
Muster SCHWEIZ Substanz;01.11.2023;0,0030420860;2.991,92;-0,0090460583;-8.999,02;0;EUR
Muster SCHWEIZ Substanz;02.11.2023;0,0025366876;2.502,45;-0,0065305126;-6.496,57;0;EUR
Muster SCHWEIZ Substanz;03.11.2023;0,0011564799;1.143,76;-0,0053807592;-5.352,81;0;EUR
Muster SCHWEIZ Substanz;04.11.2023;0,0000197168;19,52;-0,0053611347;-5.333,28;0;EUR
Muster SCHWEIZ Substanz;05.11.2023;0,0000197164;19,52;-0,0053415102;-5.313,76;0;EUR
Muster SCHWEIZ Substanz;06.11.2023;-0,0019743734;-1.955,00;-0,0073067031;-7.268,76;0;EUR
Muster SCHWEIZ Substanz;07.11.2023;0,0000240828;23,80;-0,0072827622;-7.244,96;0;EUR
Muster SCHWEIZ Substanz;08.11.2023;0,0012014116;1.187,30;-0,0060892499;-6.057,66;0;EUR
Muster SCHWEIZ Substanz;09.11.2023;0,0013083443;1.294,53;-0,0047879539;-4.763,12;0;EUR
Muster SCHWEIZ Substanz;10.11.2023;-0,0014027532;-1.389,76;-0,0061849458;-6.152,89;0;EUR
Muster SCHWEIZ Substanz;11.11.2023;0,0000197537;19,54;-0,0061653007;-6.133,34;0;EUR
Muster SCHWEIZ Substanz;12.11.2023;0,0000197533;19,54;-0,0061456556;-6.113,80;0;EUR
Muster SCHWEIZ Substanz;13.11.2023;0,0000356406;35,26;-0,0061101954;-6.078,54;0;EUR
Muster SCHWEIZ Substanz;14.11.2023;0,0036255336;3.587,19;-0,0025043201;-2.491,35;0;EUR
Muster SCHWEIZ Substanz;15.11.2023;0,0002754363;273,51;-0,0022293801;-2.217,84;0;EUR
Muster SCHWEIZ Substanz;16.11.2023;0,0023465402;2.330,78;0,0001135284;112,94;0;EUR
Muster SCHWEIZ Substanz;17.11.2023;-0,0011762283;-1.171,07;-0,0010636303;-1.058,13;0;EUR
Muster SCHWEIZ Substanz;18.11.2023;0,0000195455;19,44;-0,0010440924;-1.038,69;0;EUR
Muster SCHWEIZ Substanz;19.11.2023;0,0000195451;19,44;-0,0010245544;-1.019,26;0;EUR
Muster SCHWEIZ Substanz;20.11.2023;-0,0007145916;-710,65;-0,0017388940;-1.729,90;0;EUR
Muster SCHWEIZ Substanz;21.11.2023;0,0027726673;2.755,40;0,0010308214;1.025,49;0;EUR
Muster SCHWEIZ Substanz;22.11.2023;0,0016151785;1.609,57;0,0026487459;2.635,06;0;EUR
Muster SCHWEIZ Substanz;23.11.2023;-0,0003722023;-371,51;0,0022753031;2.263,56;0;EUR
Muster SCHWEIZ Substanz;24.11.2023;-0,0008333894;-831,53;0,0014394572;1.432,03;0;EUR
Muster SCHWEIZ Substanz;25.11.2023;0,0000194853;19,43;0,0014589836;1.451,45;0;EUR
Muster SCHWEIZ Substanz;26.11.2023;0,0000194849;19,43;0,0014785099;1.470,88;0;EUR
Muster SCHWEIZ Substanz;27.11.2023;0,0010658726;1.062,65;0,0025466631;2.533,53;0;EUR
Muster SCHWEIZ Substanz;28.11.2023;0,0026496962;2.644,49;0,0052048557;5.178,02;0;EUR
Muster SCHWEIZ Substanz;29.11.2023;0,0040208381;4.023,57;0,0092492637;9.201,59;0;EUR
Muster SCHWEIZ Substanz;30.11.2023;0,0030718948;3.086,34;0,0123515719;12.287,93;0;EUR
Muster SCHWEIZ Substanz;01.12.2023;0,0048523152;4.890,11;0,0172669759;17.178,04;0;EUR
Muster SCHWEIZ Substanz;02.12.2023;0,0000192081;19,45;0,0172865282;17.197,49;0;EUR
Muster SCHWEIZ Substanz;03.12.2023;0,0000192077;19,45;0,0173060805;17.216,95;0;EUR
Muster SCHWEIZ Substanz;04.12.2023;0,0001937878;196,25;0,0175033124;17.413,20;0;EUR
Muster SCHWEIZ Substanz;05.12.2023;0,0026686230;2.703,09;0,0202203470;20.116,29;0;EUR
Muster SCHWEIZ Substanz;06.12.2023;0,0025785155;2.618,79;0,0228526334;22.735,07;0;EUR
Muster SCHWEIZ Substanz;07.12.2023;0,0002562357;260,91;0,0231148436;22.995,98;0;EUR
Muster SCHWEIZ Substanz;08.12.2023;-0,0003195959;-325,51;0,0227876070;22.670,47;0;EUR
Muster SCHWEIZ Substanz;09.12.2023;0,0000191550;19,50;0,0228072109;22.689,98;0;EUR
Muster SCHWEIZ Substanz;10.12.2023;0,0000191547;19,50;0,0228268148;22.709,48;0;EUR
Muster SCHWEIZ Substanz;11.12.2023;-0,0011319552;-1.152,57;0,0216682463;21.556,91;0;EUR
Muster SCHWEIZ Substanz;12.12.2023;-0,0013120845;-1.334,47;0,0203268463;20.222,44;0;EUR
Muster SCHWEIZ Substanz;13.12.2023;0,0018952992;1.925,10;0,0222618416;22.147,55;0;EUR
Muster SCHWEIZ Substanz;14.12.2023;0,0037137706;3.779,32;0,0260606096;25.926,86;0;EUR
Muster SCHWEIZ Substanz;15.12.2023;0,0050856012;5.194,58;0,0312819233;31.121,44;0;EUR
Muster SCHWEIZ Substanz;16.12.2023;0,0000189408;19,45;0,0313014686;31.140,89;0;EUR
Muster SCHWEIZ Substanz;17.12.2023;0,0000189404;19,45;0,0313210140;31.160,33;0;EUR
Muster SCHWEIZ Substanz;18.12.2023;-0,0020748228;-2.130,14;0,0291798303;29.030,19;0;EUR
Muster SCHWEIZ Substanz;19.12.2023;0,0015894273;1.628,42;0,0308165831;30.658,61;0;EUR
Muster SCHWEIZ Substanz;20.12.2023;-0,0006217383;-638,00;0,0301752339;30.020,60;0;EUR
Muster SCHWEIZ Substanz;21.12.2023;0,0008166497;837,49;0,0310169803;30.858,10;0;EUR
Muster SCHWEIZ Substanz;22.12.2023;0,0007471159;766,81;0,0317876772;31.624,91;0;EUR
Muster SCHWEIZ Substanz;23.12.2023;0,0000188812;19,39;0,0318071704;31.644,30;0;EUR
Muster SCHWEIZ Substanz;24.12.2023;0,0000188808;19,39;0,0318266636;31.663,69;0;EUR
Muster SCHWEIZ Substanz;25.12.2023;-0,0000728017;-74,78;0,0317514388;31.588,91;0;EUR
Muster SCHWEIZ Substanz;26.12.2023;-0,0002420284;-248,59;0,0315015150;31.340,33;0;EUR
Muster SCHWEIZ Substanz;27.12.2023;0,0007172870;736,54;0,0322417829;32.076,87;0;EUR
Muster SCHWEIZ Substanz;28.12.2023;0,0007222857;742,21;0,0329877423;32.819,08;0;EUR
Muster SCHWEIZ Substanz;29.12.2023;-0,0006155445;-632,98;0,0323514518;32.186,10;0;EUR
Muster SCHWEIZ Substanz;30.12.2023;0,0000188604;19,38;0,0323709340;32.205,48;0;EUR
Muster SCHWEIZ Substanz;31.12.2023;0,0000188600;19,38;0,0323904161;32.224,86;0;EUR
Muster SCHWEIZ Substanz;01.01.2024;-0,0001489803;-153,11;0,0322364588;32.071,75;0;EUR
Muster SCHWEIZ Substanz;02.01.2024;0,0006094699;626,28;0,0328658897;32.698,03;0;EUR
Muster SCHWEIZ Substanz;03.01.2024;-0,0020497626;-2.107,57;0,0307474484;30.590,46;0;EUR
Muster SCHWEIZ Substanz;04.01.2024;-0,0014525104;-1.490,41;0,0292493370;29.100,05;0;EUR
Muster SCHWEIZ Substanz;05.01.2024;-0,0008394909;-860,14;0,0283847293;28.239,91;0;EUR
Muster SCHWEIZ Substanz;06.01.2024;0,0000189719;19,42;0,0284042512;28.259,33;0;EUR
Muster SCHWEIZ Substanz;07.01.2024;0,0000189715;19,42;0,0284237730;28.278,75;0;EUR
Muster SCHWEIZ Substanz;08.01.2024;0,0005872592;601,22;0,0290280287;28.879,98;0;EUR
Muster SCHWEIZ Substanz;09.01.2024;0,0008822510;903,76;0,0299363702;29.783,74;0;EUR
Muster SCHWEIZ Substanz;10.01.2024;-0,0009783226;-1.003,06;0,0289281186;28.780,68;0;EUR
Muster SCHWEIZ Substanz;11.01.2024;-0,0016399670;-1.679,79;0,0272396758;27.100,89;0;EUR
Muster SCHWEIZ Substanz;12.01.2024;0,0055660137;5.691,82;0,0329605867;32.792,71;0;EUR
Muster SCHWEIZ Substanz;13.01.2024;0,0000188852;19,42;0,0329801056;32.812,13;0;EUR
Muster SCHWEIZ Substanz;14.01.2024;0,0000188849;19,42;0,0329996246;32.831,55;0;EUR
Muster SCHWEIZ Substanz;15.01.2024;-0,0012449765;-1.280,25;0,0317127645;31.551,30;0;EUR
Muster SCHWEIZ Substanz;16.01.2024;-0,0015641943;-1.606,51;0,0300979803;29.944,79;0;EUR
Muster SCHWEIZ Substanz;17.01.2024;-0,0052712476;-5.405,38;0,0246649021;24.539,41;0;EUR
Muster SCHWEIZ Substanz;18.01.2024;0,0005111649;521,41;0,0251889347;25.060,81;0;EUR
Muster SCHWEIZ Substanz;19.01.2024;-0,0002200786;-224,60;0,0249631400;24.836,21;0;EUR
Muster SCHWEIZ Substanz;20.01.2024;0,0000190561;19,44;0,0249826831;24.855,65;0;EUR
Muster SCHWEIZ Substanz;21.01.2024;0,0000190558;19,44;0,0250022261;24.875,10;0;EUR
Muster SCHWEIZ Substanz;22.01.2024;0,0023649593;2.413,15;0,0274276622;27.288,25;0;EUR
Muster SCHWEIZ Substanz;23.01.2024;0,0008413104;860,48;0,0282924946;28.148,73;0;EUR
Muster SCHWEIZ Substanz;24.01.2024;0,0009023462;923,69;0,0292208503;29.072,42;0;EUR
Muster SCHWEIZ Substanz;25.01.2024;0,0043329332;4.439,41;0,0336828716;33.511,83;0;EUR
Muster SCHWEIZ Substanz;26.01.2024;0,0018218328;1.874,69;0,0355670716;35.386,52;0;EUR
Muster SCHWEIZ Substanz;27.01.2024;0,0000188826;19,47;0,0355866368;35.405,99;0;EUR
Muster SCHWEIZ Substanz;28.01.2024;0,0000188822;19,47;0,0356062020;35.425,45;0;EUR
Muster SCHWEIZ Substanz;29.01.2024;0,0041469035;4.275,16;0,0399031049;39.700,61;0;EUR
Muster SCHWEIZ Substanz;30.01.2024;0,0006147219;636,36;0,0405426459;40.336,97;0;EUR
Muster SCHWEIZ Substanz;31.01.2024;0,0012658760;1.311,24;0,0418605072;41.648,21;0;EUR
Muster SCHWEIZ Substanz;01.02.2024;0,0000851094;88,27;0,0419491604;41.736,48;0;EUR
Muster SCHWEIZ Substanz;02.02.2024;-0,0025166408;-2.610,36;0,0393254395;39.126,13;0;EUR
Muster SCHWEIZ Substanz;03.02.2024;0,0000188413;19,49;0,0393450326;39.145,62;0;EUR
Muster SCHWEIZ Substanz;04.02.2024;0,0000188410;19,49;0,0393646257;39.165,12;0;EUR
Muster SCHWEIZ Substanz;05.02.2024;-0,0026335529;-2.724,85;0,0366258366;36.440,27;0;EUR
Muster SCHWEIZ Substanz;06.02.2024;0,0013178488;1.359,94;0,0379926452;37.800,21;0;EUR
Muster SCHWEIZ Substanz;07.02.2024;-0,0011284524;-1.217,54;0,0367641625;36.582,67;0;EUR
Muster SCHWEIZ Substanz;08.02.2024;-0,0022948298;-2.473,21;0,0342742885;34.109,46;0;EUR
Muster SCHWEIZ Substanz;09.02.2024;-0,0015808644;-1.699,84;0,0325620854;32.409,63;0;EUR
Muster SCHWEIZ Substanz;10.02.2024;0,0000181605;19,50;0,0325816734;32.429,12;0;EUR
Muster SCHWEIZ Substanz;11.02.2024;0,0000181602;19,50;0,0326012615;32.448,62;0;EUR
Muster SCHWEIZ Substanz;12.02.2024;0,0007879279;845,92;0,0334469144;33.294,54;0;EUR
Muster SCHWEIZ Substanz;13.02.2024;-0,0030530222;-3.280,29;0,0301478039;30.014,24;0;EUR
Muster SCHWEIZ Substanz;14.02.2024;0,0003444343;368,94;0,0305145632;30.383,19;0;EUR
Muster SCHWEIZ Substanz;15.02.2024;0,0019975716;2.140,46;0,0326602041;32.523,64;0;EUR
Muster SCHWEIZ Substanz;16.02.2024;0,0000987155;105,99;0,0327625736;32.629,63;0;EUR
Muster SCHWEIZ Substanz;17.02.2024;0,0000181601;19,50;0,0327821529;32.649,13;0;EUR
Muster SCHWEIZ Substanz;18.02.2024;0,0000181597;19,50;0,0328017322;32.668,63;0;EUR
Muster SCHWEIZ Substanz;19.02.2024;0,0012739567;1.368,00;0,0341710861;34.036,63;0;EUR
Muster SCHWEIZ Substanz;20.02.2024;0,0002276063;244,72;0,0344125506;34.281,35;0;EUR
Muster SCHWEIZ Substanz;21.02.2024;0,0003159877;339,82;0,0347494347;34.621,17;0;EUR
Muster SCHWEIZ Substanz;22.02.2024;0,0009311774;1.001,73;0,0357505405;35.622,90;0;EUR
Muster SCHWEIZ Substanz;23.02.2024;0,0019991776;2.152,65;0,0379063357;37.775,55;0;EUR
Muster SCHWEIZ Substanz;24.02.2024;0,0000180393;19,46;0,0379258661;37.795,02;0;EUR
Muster SCHWEIZ Substanz;25.02.2024;0,0000180389;19,46;0,0379453964;37.814,48;0;EUR
Muster SCHWEIZ Substanz;26.02.2024;-0,0021432225;-2.312,46;0,0356206616;35.502,02;0;EUR
Muster SCHWEIZ Substanz;27.02.2024;0,0005632337;606,41;0,0362247708;36.108,43;0;EUR
Muster SCHWEIZ Substanz;28.02.2024;0,0000746245;80,39;0,0363011116;36.188,82;0;EUR
Muster SCHWEIZ Substanz;29.02.2024;0,0029546060;3.183,10;0,0394894317;39.371,92;0;EUR
Muster SCHWEIZ Substanz;01.03.2024;0,0020683219;2.234,86;0,0417260655;41.606,79;0;EUR
Muster SCHWEIZ Substanz;02.03.2024;0,0000179669;19,45;0,0417455749;41.626,24;0;EUR
Muster SCHWEIZ Substanz;03.03.2024;0,0000179665;19,45;0,0417650844;41.645,69;0;EUR
Muster SCHWEIZ Substanz;04.03.2024;0,0009935838;1.075,85;0,0428390128;42.721,54;0;EUR
Muster SCHWEIZ Substanz;05.03.2024;0,0003793666;411,18;0,0432463053;43.132,72;0;EUR
Muster SCHWEIZ Substanz;06.03.2024;-0,0004862042;-527,18;0,0427128023;42.605,54;0;EUR
Muster SCHWEIZ Substanz;07.03.2024;0,0021231445;2.300,96;0,0450143879;44.906,50;0;EUR
Muster SCHWEIZ Substanz;08.03.2024;0,0011748369;1.275,94;0,0462881003;46.182,44;0;EUR
Muster SCHWEIZ Substanz;09.03.2024;0,0000178452;19,40;0,0463075484;46.201,84;0;EUR
Muster SCHWEIZ Substanz;10.03.2024;0,0000178449;19,40;0,0463269964;46.221,25;0;EUR
Muster SCHWEIZ Substanz;11.03.2024;0,0013879991;1.509,27;0,0478342795;47.730,51;0;EUR
Muster SCHWEIZ Substanz;12.03.2024;0,0003388944;369,01;0,0481986476;48.099,53;0;EUR
Muster SCHWEIZ Substanz;13.03.2024;0,0008412823;916,36;0,0491113775;49.015,89;0;EUR
Muster SCHWEIZ Substanz;14.03.2024;-0,0007565510;-824,76;0,0482796066;48.191,13;0;EUR
Muster SCHWEIZ Substanz;15.03.2024;-0,0008280924;-902,07;0,0473706069;47.289,06;0;EUR
Muster SCHWEIZ Substanz;16.03.2024;0,0000178531;19,43;0,0473900724;47.308,49;0;EUR
Muster SCHWEIZ Substanz;17.03.2024;0,0000178528;19,43;0,0474095379;47.327,92;0;EUR
Muster SCHWEIZ Substanz;18.03.2024;-0,0000123207;-13,41;0,0473908589;47.314,51;0;EUR
Muster SCHWEIZ Substanz;19.03.2024;0,0009515554;1.035,73;0,0484229309;48.350,24;0;EUR
Muster SCHWEIZ Substanz;20.03.2024;0,0007125309;776,30;0,0491950109;49.126,54;0;EUR
Muster SCHWEIZ Substanz;21.03.2024;0,0011563585;1.260,75;0,0504520189;50.387,29;0;EUR
Muster SCHWEIZ Substanz;22.03.2024;0,0026063598;2.844,93;0,0532948296;53.232,22;0;EUR
Muster SCHWEIZ Substanz;23.03.2024;0,0000177886;19,47;0,0533143199;53.251,69;0;EUR
Muster SCHWEIZ Substanz;24.03.2024;0,0000177883;19,47;0,0533338103;53.271,16;0;EUR
Muster SCHWEIZ Substanz;25.03.2024;-0,0013730186;-1.502,66;0,0518237985;51.768,50;0;EUR
Muster SCHWEIZ Substanz;26.03.2024;0,0001960796;214,30;0,0520327450;51.982,80;0;EUR
Muster SCHWEIZ Substanz;27.03.2024;0,0027143217;2.967,11;0,0549968345;54.949,91;0;EUR
Muster SCHWEIZ Substanz;28.03.2024;0,0046925945;5.143,54;0,0601383834;60.093,45;0;EUR
Muster SCHWEIZ Substanz;29.03.2024;-0,0000617500;-68,00;0,0600639877;60.025,44;0;EUR
Muster SCHWEIZ Substanz;30.03.2024;0,0000176986;19,49;0,0600834894;60.044,93;0;EUR
Muster SCHWEIZ Substanz;31.03.2024;0,0000176982;19,49;0,0601029910;60.064,42;0;EUR
Muster SCHWEIZ Substanz;01.04.2024;0,0008600117;947,06;0,0610442406;61.011,48;0;EUR
Muster SCHWEIZ Substanz;02.04.2024;-0,0024641223;-2.715,85;0,0583208319;58.295,62;0;EUR
Muster SCHWEIZ Substanz;03.04.2024;-0,0001369849;-150,61;0,0581641109;58.145,02;0;EUR
Muster SCHWEIZ Substanz;04.04.2024;0,0001210443;133,06;0,0582911866;58.278,08;0;EUR
Muster SCHWEIZ Substanz;05.04.2024;0,0005209316;572,73;0,0588579821;58.850,80;0;EUR
Muster SCHWEIZ Substanz;06.04.2024;0,0000176980;19,47;0,0588774523;58.870,27;0;EUR
Muster SCHWEIZ Substanz;07.04.2024;0,0000176977;19,47;0,0588969224;58.889,74;0;EUR
Muster SCHWEIZ Substanz;08.04.2024;-0,0012444095;-1.368,90;0,0575219675;57.520,84;0;EUR
Muster SCHWEIZ Substanz;09.04.2024;0,0018190297;1.998,51;0,0595144522;59.519,35;0;EUR
Muster SCHWEIZ Substanz;10.04.2024;0,0005303860;583,78;0,0600920898;60.103,13;0;EUR
Muster SCHWEIZ Substanz;11.04.2024;-0,0004016594;-442,33;0,0596438268;59.660,80;0;EUR
Muster SCHWEIZ Substanz;12.04.2024;0,0056432191;6.212,10;0,0658475515;65.872,91;0;EUR
Muster SCHWEIZ Substanz;13.04.2024;0,0000176693;19,56;0,0658671042;65.892,47;0;EUR
Muster SCHWEIZ Substanz;14.04.2024;0,0000176690;19,56;0,0658866569;65.912,03;0;EUR
Muster SCHWEIZ Substanz;15.04.2024;-0,0042321391;-4.685,23;0,0611971193;61.226,80;0;EUR
Muster SCHWEIZ Substanz;16.04.2024;-0,0017355891;-1.913,27;0,0592788875;59.313,53;0;EUR
Muster SCHWEIZ Substanz;17.04.2024;-0,0007766475;-854,67;0,0584189402;58.458,86;0;EUR
Muster SCHWEIZ Substanz;18.04.2024;0,0003386125;372,34;0,0587852427;58.831,20;0;EUR
Muster SCHWEIZ Substanz;19.04.2024;0,0006787109;746,57;0,0595253996;59.577,77;0;EUR
Muster SCHWEIZ Substanz;20.04.2024;0,0000177641;19,55;0,0595449357;59.597,32;0;EUR
Muster SCHWEIZ Substanz;21.04.2024;0,0000177638;19,55;0,0595644719;59.616,87;0;EUR
Muster SCHWEIZ Substanz;22.04.2024;-0,0000100763;-11,09;0,0595475892;59.605,78;0;EUR
Muster SCHWEIZ Substanz;23.04.2024;-0,0000708373;-77,97;0,0594639269;59.527,81;0;EUR
Muster SCHWEIZ Substanz;24.04.2024;-0,0024991737;-2.750,78;0,0567106301;56.777,03;0;EUR
Muster SCHWEIZ Substanz;25.04.2024;-0,0035944169;-3.946,40;0,0527637827;52.830,63;0;EUR
Muster SCHWEIZ Substanz;26.04.2024;0,0036559422;3.999,52;0,0567528216;56.830,15;0;EUR
Muster SCHWEIZ Substanz;27.04.2024;0,0000177919;19,54;0,0567723301;56.849,69;0;EUR
Muster SCHWEIZ Substanz;28.04.2024;0,0000177916;19,54;0,0567918386;56.869,22;0;EUR
Muster SCHWEIZ Substanz;29.04.2024;0,0007666000;841,74;0,0576269553;57.710,96;0;EUR
Muster SCHWEIZ Substanz;30.04.2024;-0,0044483916;-4.888,15;0,0527409298;52.822,81;0;EUR
Muster SCHWEIZ Substanz;01.05.2024;-0,0003494515;-382,29;0,0523543048;52.440,52;0;EUR
Muster SCHWEIZ Substanz;02.05.2024;0,0010459537;1.143,84;0,0534912560;53.584,36;0;EUR
Muster SCHWEIZ Substanz;03.05.2024;0,0023118631;2.511,11;0,0559939156;56.095,47;0;EUR
Muster SCHWEIZ Substanz;04.05.2024;0,0000179140;19,50;0,0560133832;56.114,97;0;EUR
Muster SCHWEIZ Substanz;05.05.2024;0,0000179137;19,50;0,0560328508;56.134,48;0;EUR
Muster SCHWEIZ Substanz;06.05.2024;0,0025351401;2.760,10;0,0587836786;58.894,57;0;EUR
Muster SCHWEIZ Substanz;07.05.2024;0,0026736909;2.918,32;0,0616920432;61.812,89;0;EUR
Muster SCHWEIZ Substanz;08.05.2024;0,0010559648;1.155,66;0,0628409239;62.968,55;0;EUR
Muster SCHWEIZ Substanz;09.05.2024;0,0004386632;480,59;0,0633160013;63.449,14;0;EUR
Muster SCHWEIZ Substanz;10.05.2024;0,0034627060;3.795,30;0,0670985523;67.244,44;0;EUR
Muster SCHWEIZ Substanz;11.05.2024;0,0000177285;19,50;0,0671180086;67.263,94;0;EUR
Muster SCHWEIZ Substanz;12.05.2024;0,0000177282;19,50;0,0671374649;67.283,43;0;EUR
Muster SCHWEIZ Substanz;13.05.2024;-0,0030588070;-3.364,33;0,0637759076;63.919,10;0;EUR
Muster SCHWEIZ Substanz;14.05.2024;-0,0008657658;-949,33;0,0628242699;62.969,77;0;EUR
Muster SCHWEIZ Substanz;15.05.2024;0,0044632993;4.889,86;0,0676980715;67.859,63;0;EUR
Muster SCHWEIZ Substanz;16.05.2024;0,0030125031;3.315,14;0,0710003527;71.174,77;0;EUR
Muster SCHWEIZ Substanz;17.05.2024;-0,0004022065;-443,95;0,0705525842;70.730,82;0;EUR
Muster SCHWEIZ Substanz;18.05.2024;0,0000176306;19,45;0,0705719875;70.750,28;0;EUR
Muster SCHWEIZ Substanz;19.05.2024;0,0000176303;19,45;0,0705913909;70.769,73;0;EUR
Muster SCHWEIZ Substanz;20.05.2024;0,0010719174;1.182,72;0,0717661601;71.952,45;0;EUR
Muster SCHWEIZ Substanz;21.05.2024;0,0008509094;939,87;0,0726985881;72.892,32;0;EUR
Muster SCHWEIZ Substanz;22.05.2024;-0,0020678892;-2.286,04;0,0704137948;70.606,29;0;EUR
Muster SCHWEIZ Substanz;23.05.2024;-0,0047633208;-5.254,93;0,0651687421;65.351,36;0;EUR
Muster SCHWEIZ Substanz;24.05.2024;-0,0008314433;-912,88;0,0642540394;64.438,48;0;EUR
Muster SCHWEIZ Substanz;25.05.2024;0,0000177410;19,46;0,0642734463;64.457,94;0;EUR
Muster SCHWEIZ Substanz;26.05.2024;0,0000177407;19,46;0,0642928531;64.477,40;0;EUR
Muster SCHWEIZ Substanz;27.05.2024;0,0015982444;1.753,40;0,0660367634;66.230,80;0;EUR
Muster SCHWEIZ Substanz;28.05.2024;-0,0003078847;-338,31;0,0656950154;65.892,49;0;EUR
Muster SCHWEIZ Substanz;29.05.2024;-0,0024633887;-2.706,01;0,0629928859;63.186,47;0;EUR
Muster SCHWEIZ Substanz;30.05.2024;-0,0006686389;-732,69;0,0622582892;62.453,79;0;EUR
Muster SCHWEIZ Substanz;31.05.2024;0,0005281420;578,34;0,0628306482;63.032,13;0;EUR
Muster SCHWEIZ Substanz;01.06.2024;0,0000177648;19,46;0,0628500497;63.051,59;0;EUR
Muster SCHWEIZ Substanz;02.06.2024;0,0000177645;19,46;0,0628694512;63.071,06;0;EUR
Muster SCHWEIZ Substanz;03.06.2024;0,0012658398;1.386,94;0,0642477131;64.458,00;0;EUR
Muster SCHWEIZ Substanz;04.06.2024;0,0011371964;1.247,57;0,0654869024;65.705,57;0;EUR
Muster SCHWEIZ Substanz;05.06.2024;0,0039353568;4.322,23;0,0697901699;70.027,80;0;EUR
Muster SCHWEIZ Substanz;06.06.2024;0,0021318047;2.350,59;0,0721280759;72.378,39;0;EUR
Muster SCHWEIZ Substanz;07.06.2024;-0,0026760211;-2.956,95;0,0691768631;69.421,44;0;EUR
Muster SCHWEIZ Substanz;08.06.2024;0,0000176804;19,48;0,0691962787;69.440,92;0;EUR
Muster SCHWEIZ Substanz;09.06.2024;0,0000176801;19,48;0,0692156943;69.460,41;0;EUR
Muster SCHWEIZ Substanz;10.06.2024;0,0006332601;697,89;0,0699066074;70.158,30;0;EUR
Muster SCHWEIZ Substanz;11.06.2024;0,0005956262;656,83;0,0705565421;70.815,13;0;EUR
Muster SCHWEIZ Substanz;12.06.2024;0,0024784642;2.734,78;0,0732766371;73.549,91;0;EUR
Muster SCHWEIZ Substanz;13.06.2024;0,0013176986;1.457,57;0,0747240285;75.007,48;0;EUR
Muster SCHWEIZ Substanz;14.06.2024;0,0028838017;3.194,12;0,0779011332;78.201,60;0;EUR
Muster SCHWEIZ Substanz;15.06.2024;0,0000175811;19,53;0,0779205873;78.221,13;0;EUR
Muster SCHWEIZ Substanz;16.06.2024;0,0000175808;19,53;0,0779400414;78.240,66;0;EUR
Muster SCHWEIZ Substanz;17.06.2024;-0,0045970781;-5.106,62;0,0728484348;73.134,04;0;EUR
Muster SCHWEIZ Substanz;18.06.2024;0,0056391247;6.235,37;0,0790544842;79.369,41;0;EUR
Muster SCHWEIZ Substanz;19.06.2024;0,0007328806;814,94;0,0798611888;80.184,35;0;EUR
Muster SCHWEIZ Substanz;20.06.2024;0,0013671173;1.521,31;0,0813712900;81.705,66;0;EUR
Muster SCHWEIZ Substanz;21.06.2024;-0,0012471345;-1.389,69;0,0799823217;80.315,97;0;EUR
Muster SCHWEIZ Substanz;22.06.2024;0,0000175537;19,54;0,0800017764;80.335,51;0;EUR
Muster SCHWEIZ Substanz;23.06.2024;0,0000175534;19,54;0,0800212310;80.355,04;0;EUR
Muster SCHWEIZ Substanz;24.06.2024;-0,0002988062;-332,56;0,0796851289;80.022,48;0;EUR
Muster SCHWEIZ Substanz;25.06.2024;-0,0003873522;-430,98;0,0792510917;79.591,51;0;EUR
Muster SCHWEIZ Substanz;26.06.2024;-0,0012230763;-1.360,30;0,0778918418;78.231,21;0;EUR
Muster SCHWEIZ Substanz;27.06.2024;0,0001249470;138,80;0,0780252752;78.370,01;0;EUR
Muster SCHWEIZ Substanz;28.06.2024;-0,0015461244;-1.717,70;0,0763104981;76.652,31;0;EUR
Muster SCHWEIZ Substanz;29.06.2024;0,0000176048;19,53;0,0763299392;76.671,84;0;EUR
Muster SCHWEIZ Substanz;30.06.2024;0,0000176045;19,53;0,0763493803;76.691,36;0;EUR
Muster SCHWEIZ Substanz;01.07.2024;-0,0024137723;-2.677,58;0,0736792876;74.013,79;0;EUR
Muster SCHWEIZ Substanz;02.07.2024;-0,0007834160;-866,94;0,0728118830;73.146,85;0;EUR
Muster SCHWEIZ Substanz;03.07.2024;0,0030375492;3.358,76;0,0761506993;76.505,61;0;EUR
Muster SCHWEIZ Substanz;04.07.2024;-0,0000862868;-95,70;0,0760509035;76.409,91;0;EUR
Muster SCHWEIZ Substanz;05.07.2024;0,0031427335;3.485,32;0,0795151270;79.895,23;0;EUR
Muster SCHWEIZ Substanz;06.07.2024;0,0000174974;19,47;0,0795345002;79.914,70;0;EUR
Muster SCHWEIZ Substanz;07.07.2024;0,0000174971;19,47;0,0795538734;79.934,16;0;EUR
Muster SCHWEIZ Substanz;08.07.2024;0,0000802975;89,33;0,0796380706;80.023,50;0;EUR
Muster SCHWEIZ Substanz;09.07.2024;-0,0019424643;-2.161,23;0,0774826838;77.862,27;0;EUR
Muster SCHWEIZ Substanz;10.07.2024;0,0023892256;2.653,15;0,0801181963;80.515,41;0;EUR
Muster SCHWEIZ Substanz;11.07.2024;0,0034747349;3.867,78;0,0839619939;84.383,19;0;EUR
Muster SCHWEIZ Substanz;12.07.2024;-0,0002459521;-274,72;0,0836837746;84.108,47;0;EUR
Muster SCHWEIZ Substanz;13.07.2024;0,0000174017;19,43;0,0837031092;84.127,90;0;EUR
Muster SCHWEIZ Substanz;14.07.2024;0,0000174014;19,43;0,0837224437;84.147,33;0;EUR
Muster SCHWEIZ Substanz;15.07.2024;0,0016773175;1.873,14;0,0855811709;86.020,47;0;EUR
Muster SCHWEIZ Substanz;16.07.2024;0,0018238778;2.040,23;0,0876059287;88.060,70;0;EUR
Muster SCHWEIZ Substanz;17.07.2024;0,0015407709;1.726,68;0,0893185661;89.787,38;0;EUR
Muster SCHWEIZ Substanz;18.07.2024;0,0009490175;1.065,17;0,0903730042;90.852,55;0;EUR
Muster SCHWEIZ Substanz;19.07.2024;-0,0051815442;-5.821,22;0,0845776953;85.031,33;0;EUR
Muster SCHWEIZ Substanz;20.07.2024;0,0000188538;21,07;0,0845986545;85.052,40;0;EUR
Muster SCHWEIZ Substanz;21.07.2024;0,0000188535;21,07;0,0846196137;85.073,47;0;EUR
Muster SCHWEIZ Substanz;22.07.2024;0,0008419178;940,99;0,0855507344;86.014,46;0;EUR
Muster SCHWEIZ Substanz;23.07.2024;0,0013989930;1.564,93;0,0871023159;87.579,40;0;EUR
Muster SCHWEIZ Substanz;24.07.2024;0,0000459251;51,44;0,0871485824;87.630,84;0;EUR
Muster SCHWEIZ Substanz;25.07.2024;-0,0026482695;-2.966,67;0,0841935231;84.664,17;0;EUR
Muster SCHWEIZ Substanz;26.07.2024;0,0026785392;2.992,64;0,0871646666;87.656,80;0;EUR
Muster SCHWEIZ Substanz;27.07.2024;0,0000188212;21,08;0,0871856328;87.677,89;0;EUR
Muster SCHWEIZ Substanz;28.07.2024;0,0000188208;21,08;0,0872065990;87.698,97;0;EUR
Muster SCHWEIZ Substanz;29.07.2024;0,0009024660;1.011,03;0,0882070599;88.710,00;0;EUR
Muster SCHWEIZ Substanz;30.07.2024;0,0012810639;1.436,47;0,0896304330;90.146,47;0;EUR
Muster SCHWEIZ Substanz;31.07.2024;0,0029445935;3.306,03;0,0929124278;93.452,51;0;EUR
Muster SCHWEIZ Substanz;01.08.2024;0,0017811022;2.005,62;0,0949012516;95.458,12;0;EUR
Muster SCHWEIZ Substanz;02.08.2024;-0,0064061897;-7.226,56;0,0877120657;88.231,57;0;EUR
Muster SCHWEIZ Substanz;03.08.2024;0,0000187885;21,06;0,0877330005;88.252,62;0;EUR
Muster SCHWEIZ Substanz;04.08.2024;0,0000187882;21,06;0,0877539353;88.273,68;0;EUR
Muster SCHWEIZ Substanz;05.08.2024;-0,0092914903;-10.414,59;0,0773964591;77.859,09;0;EUR
Muster SCHWEIZ Substanz;06.08.2024;0,0004936748;548,21;0,0779371895;78.407,30;0;EUR
Muster SCHWEIZ Substanz;07.08.2024;0,0016932549;1.881,22;0,0798028284;80.288,52;0;EUR
Muster SCHWEIZ Substanz;08.08.2024;0,0013223347;1.471,61;0,0812611761;81.760,13;0;EUR
Muster SCHWEIZ Substanz;09.08.2024;0,0022974003;2.560,13;0,0838012052;84.320,26;0;EUR
Muster SCHWEIZ Substanz;10.08.2024;0,0000188531;21,06;0,0838221331;84.341,32;0;EUR
Muster SCHWEIZ Substanz;11.08.2024;0,0000188528;21,06;0,0838430609;84.362,38;0;EUR
Muster SCHWEIZ Substanz;12.08.2024;0,0013414941;1.498,40;0,0853276937;85.860,78;0;EUR
Muster SCHWEIZ Substanz;13.08.2024;0,0006806091;756,63;0,0860762331;86.617,40;0;EUR
Muster SCHWEIZ Substanz;14.08.2024;-0,0004738148;-527,10;0,0855490744;86.090,31;0;EUR
Muster SCHWEIZ Substanz;15.08.2024;0,0021642362;2.406,46;0,0879369722;88.496,77;0;EUR
Muster SCHWEIZ Substanz;16.08.2024;0,0014751116;1.643,76;0,0895668481;90.140,53;0;EUR
Muster SCHWEIZ Substanz;17.08.2024;0,0000188299;21,01;0,0895877281;90.161,55;0;EUR
Muster SCHWEIZ Substanz;18.08.2024;0,0000188296;21,01;0,0896086080;90.182,56;0;EUR
Muster SCHWEIZ Substanz;19.08.2024;0,0013774445;1.537,25;0,0911325405;91.719,81;0;EUR
Muster SCHWEIZ Substanz;20.08.2024;0,0017768981;1.985,78;0,0931020079;93.705,58;0;EUR
Muster SCHWEIZ Substanz;21.08.2024;-0,0000047730;-5,34;0,0930931194;93.700,24;0;EUR
Muster SCHWEIZ Substanz;22.08.2024;-0,0013520604;-1.513,68;0,0915857443;92.186,56;0;EUR
Muster SCHWEIZ Substanz;23.08.2024;0,0018595683;2.079,03;0,0936476550;94.265,60;0;EUR
Muster SCHWEIZ Substanz;24.08.2024;0,0000186954;20,94;0,0936684584;94.286,54;0;EUR
Muster SCHWEIZ Substanz;25.08.2024;0,0000186950;20,94;0,0936892618;94.307,48;0;EUR
Muster SCHWEIZ Substanz;26.08.2024;0,0011227904;1.257,68;0,0949350931;95.565,16;0;EUR
Muster SCHWEIZ Substanz;27.08.2024;-0,0004412066;-494,77;0,0944400140;95.070,39;0;EUR
Muster SCHWEIZ Substanz;28.08.2024;0,0015294202;1.714,33;0,0961393552;96.784,72;0;EUR
Muster SCHWEIZ Substanz;29.08.2024;0,0022645395;2.542,21;0,0986609111;99.326,93;0;EUR
Muster SCHWEIZ Substanz;30.08.2024;0,0013222725;1.487,77;0,1001349587;100.814,70;0;EUR
Muster SCHWEIZ Substanz;31.08.2024;0,0000186428;21,00;0,1001558210;100.835,71;0;EUR
Muster SCHWEIZ Substanz;01.09.2024;0,0000186425;21,00;0,1001766832;100.856,71;0;EUR
Muster SCHWEIZ Substanz;02.09.2024;-0,0015788820;-1.778,91;0,0984061044;99.077,80;0;EUR
Muster SCHWEIZ Substanz;03.09.2024;-0,0001181099;-132,86;0,0982704974;98.944,94;0;EUR
Muster SCHWEIZ Substanz;04.09.2024;-0,0006947873;-781,48;0,0974907419;98.163,46;0;EUR
Muster SCHWEIZ Substanz;05.09.2024;-0,0001516123;-170,41;0,0973179174;97.993,05;0;EUR
Muster SCHWEIZ Substanz;06.09.2024;-0,0002529968;-284,32;0,0970319958;97.708,72;0;EUR
Muster SCHWEIZ Substanz;07.09.2024;0,0000186797;20,99;0,0970528379;97.729,71;0;EUR
Muster SCHWEIZ Substanz;08.09.2024;0,0000186794;20,99;0,0970736799;97.750,70;0;EUR
Muster SCHWEIZ Substanz;09.09.2024;0,0010149335;1.140,36;0,0982025589;98.891,06;0;EUR
Muster SCHWEIZ Substanz;10.09.2024;0,0026702189;3.003,26;0,1011812281;101.894,32;0;EUR
Muster SCHWEIZ Substanz;11.09.2024;-0,0000523355;-59,02;0,1011189585;101.835,30;0;EUR
Muster SCHWEIZ Substanz;12.09.2024;-0,0002218335;-250,15;0,1008669245;101.585,14;0;EUR
Muster SCHWEIZ Substanz;13.09.2024;0,0028190733;3.178,27;0,1040189882;104.763,41;0;EUR
Muster SCHWEIZ Substanz;14.09.2024;0,0000185673;20,99;0,1040398312;104.784,41;0;EUR
Muster SCHWEIZ Substanz;15.09.2024;0,0000185670;20,99;0,1040606741;104.805,40;0;EUR
Muster SCHWEIZ Substanz;16.09.2024;0,0011656286;1.317,90;0,1053654413;106.123,30;0;EUR
Muster SCHWEIZ Substanz;17.09.2024;0,0007274866;823,48;0,1061792570;106.946,78;0;EUR
Muster SCHWEIZ Substanz;18.09.2024;-0,0012225856;-1.384,92;0,1048005543;105.561,86;0;EUR
Muster SCHWEIZ Substanz;19.09.2024;0,0007726166;874,13;0,1056646454;106.436,00;0;EUR
Muster SCHWEIZ Substanz;20.09.2024;-0,0033413959;-3.783,36;0,1019051154;102.652,64;0;EUR
Muster SCHWEIZ Substanz;21.09.2024;0,0000179746;20,28;0,1019252517;102.672,93;0;EUR
Muster SCHWEIZ Substanz;22.09.2024;0,0000179743;20,28;0,1019453881;102.693,21;0;EUR
Muster SCHWEIZ Substanz;23.09.2024;0,0033197965;3.746,48;0,1056608713;106.439,69;0;EUR
Muster SCHWEIZ Substanz;24.09.2024;0,0021497088;2.434,06;0,1080733369;108.873,74;0;EUR
Muster SCHWEIZ Substanz;25.09.2024;0,0002356509;267,39;0,1083349912;109.141,13;0;EUR
Muster SCHWEIZ Substanz;26.09.2024;0,0038702183;4.392,60;0,1126912305;113.533,73;0;EUR
Muster SCHWEIZ Substanz;27.09.2024;0,0013354367;1.521,55;0,1141975426;115.055,28;0;EUR
Muster SCHWEIZ Substanz;28.09.2024;0,0000177788;20,28;0,1142176751;115.075,56;0;EUR
Muster SCHWEIZ Substanz;29.09.2024;0,0000177785;20,28;0,1142378075;115.095,85;0;EUR
Muster SCHWEIZ Substanz;30.09.2024;-0,0021214531;-2.420,43;0,1118315747;112.675,42;0;EUR
Muster SCHWEIZ Substanz;01.10.2024;0,0034155163;3.888,59;0,1156870749;116.564,01;0;EUR
Muster SCHWEIZ Substanz;02.10.2024;-0,0012385318;-1.414,89;0,1142789195;115.149,12;0;EUR
Muster SCHWEIZ Substanz;03.10.2024;-0,0021715931;-2.477,75;0,1118160896;112.671,37;0;EUR
Muster SCHWEIZ Substanz;04.10.2024;0,0006736410;766,94;0,1125733920;113.438,32;0;EUR
Muster SCHWEIZ Substanz;05.10.2024;0,0000178821;20,37;0,1125936093;113.458,69;0;EUR
Muster SCHWEIZ Substanz;06.10.2024;0,0000178818;20,37;0,1126138265;113.479,06;0;EUR
Muster SCHWEIZ Substanz;07.10.2024;-0,0015557635;-1.772,50;0,1108510963;111.706,56;0;EUR
Muster SCHWEIZ Substanz;08.10.2024;-0,0032659106;-3.715,10;0,1071608395;107.991,46;0;EUR
Muster SCHWEIZ Substanz;09.10.2024;0,0026763505;3.034,51;0,1101683145;111.025,97;0;EUR
Muster SCHWEIZ Substanz;10.10.2024;0,0005289065;601,29;0,1107612609;111.627,26;0;EUR
Muster SCHWEIZ Substanz;11.10.2024;0,0030057444;3.418,91;0,1141498504;115.046,18;0;EUR
Muster SCHWEIZ Substanz;12.10.2024;0,0000178719;20,39;0,1141700811;115.066,57;0;EUR
Muster SCHWEIZ Substanz;13.10.2024;0,0000178715;20,39;0,1141903119;115.086,96;0;EUR
Muster SCHWEIZ Substanz;14.10.2024;0,0016622487;1.896,49;0,1160681790;116.983,45;0;EUR
Muster SCHWEIZ Substanz;15.10.2024;-0,0037239028;-4.255,73;0,1118420460;112.727,71;0;EUR
Muster SCHWEIZ Substanz;16.10.2024;-0,0012434301;-1.415,72;0,1104338144;111.311,99;0;EUR
Muster SCHWEIZ Substanz;17.10.2024;0,0026621733;3.027,28;0,1134334870;114.339,27;0;EUR
Muster SCHWEIZ Substanz;18.10.2024;0,0022953697;2.617,12;0,1160260795;116.956,38;0;EUR
Muster SCHWEIZ Substanz;19.10.2024;0,0000178700;20,42;0,1160463387;116.976,80;0;EUR
Muster SCHWEIZ Substanz;20.10.2024;0,0000178696;20,42;0,1160665978;116.997,23;0;EUR
Muster SCHWEIZ Substanz;21.10.2024;-0,0004932334;-563,68;0,1155036407;116.433,54;0;EUR
Muster SCHWEIZ Substanz;22.10.2024;0,0004706796;537,64;0,1160332256;116.971,19;0;EUR
Muster SCHWEIZ Substanz;23.10.2024;-0,0004807259;-549,38;0,1154845248;116.421,81;0;EUR
Muster SCHWEIZ Substanz;24.10.2024;0,0011377946;1.299,65;0,1167699539;117.721,46;0;EUR
Muster SCHWEIZ Substanz;25.10.2024;0,0014250409;1.629,61;0,1183825969;119.351,07;0;EUR
Muster SCHWEIZ Substanz;26.10.2024;0,0000178615;20,45;0,1184028856;119.371,53;0;EUR
Muster SCHWEIZ Substanz;27.10.2024;0,0000178612;20,45;0,1184231743;119.391,98;0;EUR
Muster SCHWEIZ Substanz;28.10.2024;-0,0015086931;-1.727,79;0,1167056738;117.664,19;0;EUR
Muster SCHWEIZ Substanz;29.10.2024;-0,0003023341;-345,72;0,1163590681;117.318,47;0;EUR
Muster SCHWEIZ Substanz;30.10.2024;-0,0036820218;-4.209,11;0,1121808252;113.109,36;0;EUR
Muster SCHWEIZ Substanz;31.10.2024;-0,0075637434;-8.614,66;0,1036336075;104.494,70;0;EUR
Muster SCHWEIZ Substanz;01.11.2024;0,0027420325;3.099,39;0,1067041007;107.594,10;0;EUR
Muster SCHWEIZ Substanz;02.11.2024;0,0000180305;20,44;0,1067243679;107.614,53;0;EUR
Muster SCHWEIZ Substanz;03.11.2024;0,0000180302;20,44;0,1067446351;107.634,97;0;EUR
Muster SCHWEIZ Substanz;04.11.2024;-0,0015908348;-1.803,16;0,1049530990;105.831,81;0;EUR
Muster SCHWEIZ Substanz;05.11.2024;-0,0009778060;-1.106,55;0,1038524927;104.725,26;0;EUR
Muster SCHWEIZ Substanz;06.11.2024;0,0027088902;3.062,56;0,1068861976;107.787,82;0;EUR
Muster SCHWEIZ Substanz;07.11.2024;0,0012476884;1.414,40;0,1082854113;109.202,22;0;EUR
Muster SCHWEIZ Substanz;08.11.2024;0,0022090463;2.507,34;0,1107682802;111.709,57;0;EUR
Muster SCHWEIZ Substanz;09.11.2024;0,0000180131;20,49;0,1107885982;111.730,06;0;EUR
Muster SCHWEIZ Substanz;10.11.2024;0,0000180128;20,49;0,1108089162;111.750,55;0;EUR
Muster SCHWEIZ Substanz;11.11.2024;0,0012843239;1.461,02;0,1122541724;113.211,57;0;EUR
Muster SCHWEIZ Substanz;12.11.2024;-0,0032644320;-3.718,33;0,1085639540;109.493,24;0;EUR
Muster SCHWEIZ Substanz;13.11.2024;0,0001835633;208,40;0,1087672630;109.701,64;0;EUR
Muster SCHWEIZ Substanz;14.11.2024;0,0010664396;1.210,98;0,1099645760;110.912,62;0;EUR
Muster SCHWEIZ Substanz;15.11.2024;-0,0026455538;-3.007,32;0,1069797135;107.905,30;0;EUR
Muster SCHWEIZ Substanz;16.11.2024;0,0000181491;20,58;0,1070001133;107.925,88;0;EUR
Muster SCHWEIZ Substanz;17.11.2024;0,0000181487;20,58;0,1070205130;107.946,46;0;EUR
Muster SCHWEIZ Substanz;18.11.2024;0,0010718967;1.215,29;0,1082221081;109.161,75;0;EUR
Muster SCHWEIZ Substanz;19.11.2024;0,0007226820;820,24;0,1090320006;109.981,99;0;EUR
Muster SCHWEIZ Substanz;20.11.2024;0,0025766874;2.926,64;0,1119299975;112.908,63;0;EUR
Muster SCHWEIZ Substanz;21.11.2024;0,0039981360;4.552,84;0,1164398920;117.461,47;0;EUR
Muster SCHWEIZ Substanz;22.11.2024;0,0076243324;8.716,85;0,1250772019;126.178,32;0;EUR
Muster SCHWEIZ Substanz;23.11.2024;0,0000179156;20,64;0,1250976608;126.198,96;0;EUR
Muster SCHWEIZ Substanz;24.11.2024;0,0000179153;20,64;0,1251181197;126.219,60;0;EUR
Muster SCHWEIZ Substanz;25.11.2024;-0,0023928888;-2.756,73;0,1223818077;123.462,87;0;EUR
Muster SCHWEIZ Substanz;26.11.2024;-0,0010157865;-1.167,44;0,1212210016;122.295,43;0;EUR
Muster SCHWEIZ Substanz;27.11.2024;-0,0018065733;-2.074,18;0,1191615311;120.221,25;0;EUR
Muster SCHWEIZ Substanz;28.11.2024;0,0027597240;3.162,79;0,1222928475;123.384,04;0;EUR
Muster SCHWEIZ Substanz;29.11.2024;0,0027890083;3.205,17;0,1254659989;126.589,22;0;EUR
Muster SCHWEIZ Substanz;30.11.2024;0,0000178399;20,56;0,1254863756;126.609,78;0;EUR
Muster SCHWEIZ Substanz;01.12.2024;0,0000178396;20,56;0,1255067522;126.630,33;0;EUR
Muster SCHWEIZ Substanz;02.12.2024;0,0046891937;5.404,12;0,1308591017;132.034,46;0;EUR
Muster SCHWEIZ Substanz;03.12.2024;-0,0008632362;-999,51;0,1298647083;131.034,94;0;EUR
Muster SCHWEIZ Substanz;04.12.2024;0,0004375108;506,14;0,1303625504;131.541,08;0;EUR
Muster SCHWEIZ Substanz;05.12.2024;-0,0013284115;-1.537,47;0,1288351348;130.003,62;0;EUR
Muster SCHWEIZ Substanz;06.12.2024;0,0001308319;151,22;0,1289812824;130.154,84;0;EUR
Muster SCHWEIZ Substanz;07.12.2024;0,0000177882;20,56;0,1290016599;130.175,40;0;EUR
Muster SCHWEIZ Substanz;08.12.2024;0,0000177878;20,56;0,1290220373;130.195,96;0;EUR
Muster SCHWEIZ Substanz;09.12.2024;0,0004549624;525,95;0,1295395280;130.721,91;0;EUR
Muster SCHWEIZ Substanz;10.12.2024;0,0011668617;1.349,54;0,1308731185;132.071,45;0;EUR
Muster SCHWEIZ Substanz;11.12.2024;0,0014620795;1.692,95;0,1325469288;133.764,40;0;EUR
Muster SCHWEIZ Substanz;12.12.2024;-0,0028807845;-3.340,55;0,1292331157;130.423,85;0;EUR
Muster SCHWEIZ Substanz;13.12.2024;-0,0027293977;-3.155,88;0,1261024773;127.267,97;0;EUR
Muster SCHWEIZ Substanz;14.12.2024;0,0000178613;20,60;0,1261228846;127.288,56;0;EUR
Muster SCHWEIZ Substanz;15.12.2024;0,0000178610;20,60;0,1261432918;127.309,16;0;EUR
Muster SCHWEIZ Substanz;16.12.2024;-0,0016802673;-1.937,59;0,1242199474;125.371,57;0;EUR
Muster SCHWEIZ Substanz;17.12.2024;-0,0000870783;-100,24;0,1241171359;125.271,33;0;EUR
Muster SCHWEIZ Substanz;18.12.2024;-0,0006384792;-734,96;0,1233854967;124.536,37;0;EUR
Muster SCHWEIZ Substanz;19.12.2024;-0,0056319204;-6.478,78;0,1169633201;118.057,59;0;EUR
Muster SCHWEIZ Substanz;20.12.2024;-0,0002892500;-330,87;0,1166322734;117.726,72;0;EUR
Muster SCHWEIZ Substanz;21.12.2024;0,0000180401;20,63;0,1166527115;117.747,35;0;EUR
Muster SCHWEIZ Substanz;22.12.2024;0,0000180397;20,63;0,1166731496;117.767,98;0;EUR
Muster SCHWEIZ Substanz;23.12.2024;0,0011483748;1.313,28;0,1179709530;119.081,26;0;EUR
Muster SCHWEIZ Substanz;24.12.2024;0,0012741067;1.458,74;0,1194127958;120.540,00;0;EUR
Muster SCHWEIZ Substanz;25.12.2024;-0,0001114665;-127,78;0,1192829255;120.412,22;0;EUR
Muster SCHWEIZ Substanz;26.12.2024;-0,0002119307;-242,92;0,1190390140;120.169,29;0;EUR
Muster SCHWEIZ Substanz;27.12.2024;-0,0021319218;-2.443,19;0,1166156201;117.726,11;0;EUR
Muster SCHWEIZ Substanz;28.12.2024;0,0000180433;20,63;0,1166360591;117.746,74;0;EUR
Muster SCHWEIZ Substanz;29.12.2024;0,0000180430;20,63;0,1166564981;117.767,38;0;EUR
Muster SCHWEIZ Substanz;30.12.2024;-0,0004343362;-496,71;0,1161613119;117.270,67;0;EUR
Muster SCHWEIZ Substanz;31.12.2024;0,0007025770;803,12;0,1169536570;118.073,79;0;EUR
Muster SCHWEIZ Substanz;01.01.2025;-0,0000698183;-79,87;0,1168713866;117.993,92;0;EUR
Muster SCHWEIZ Substanz;02.01.2025;0,0063025923;7.209,07;0,1240085293;125.202,99;0;EUR
Muster SCHWEIZ Substanz;03.01.2025;-0,0020013455;-2.303,62;0,1217236154;122.899,37;0;EUR
Muster SCHWEIZ Substanz;04.01.2025;0,0000180140;20,69;0,1217441106;122.920,07;0;EUR
Muster SCHWEIZ Substanz;05.01.2025;0,0000180136;20,69;0,1217646058;122.940,76;0;EUR
Muster SCHWEIZ Substanz;06.01.2025;-0,0007612247;-874,47;0,1208952590;122.066,28;0;EUR
Muster SCHWEIZ Substanz;07.01.2025;0,0004847604;556,46;0,1214431344;122.622,74;0;EUR
Muster SCHWEIZ Substanz;08.01.2025;0,0010792629;1.239,48;0,1226674320;123.862,22;0;EUR
Muster SCHWEIZ Substanz;09.01.2025;0,0018223542;2.095,15;0,1247390648;125.957,38;0;EUR
Muster SCHWEIZ Substanz;10.01.2025;-0,0013777682;-1.586,90;0,1231642596;124.370,48;0;EUR
Muster SCHWEIZ Substanz;11.01.2025;0,0000180190;20,73;0,1231847841;124.391,20;0;EUR
Muster SCHWEIZ Substanz;12.01.2025;0,0000180187;20,73;0,1232053085;124.411,93;0;EUR
Muster SCHWEIZ Substanz;13.01.2025;-0,0036148236;-4.157,93;0,1190845678;120.254,00;0;EUR
Muster SCHWEIZ Substanz;14.01.2025;-0,0015445416;-1.770,18;0,1173285241;118.483,82;0;EUR
Muster SCHWEIZ Substanz;15.01.2025;0,0062802011;7.186,54;0,1244417301;125.670,35;0;EUR
Muster SCHWEIZ Substanz;16.01.2025;0,0044091007;5.077,09;0,1294658086;130.747,45;0;EUR
Muster SCHWEIZ Substanz;17.01.2025;0,0025875665;2.992,73;0,1324257579;133.740,17;0;EUR
Muster SCHWEIZ Substanz;18.01.2025;0,0000178615;20,71;0,1324462660;133.760,88;0;EUR
Muster SCHWEIZ Substanz;19.01.2025;0,0000178612;20,71;0,1324667741;133.781,60;0;EUR
Muster SCHWEIZ Substanz;20.01.2025;-0,0032964358;-3.822,59;0,1286784168;129.959,00;0;EUR
Muster SCHWEIZ Substanz;21.01.2025;0,0013735115;1.587,49;0,1302469038;131.546,50;0;EUR
Muster SCHWEIZ Substanz;22.01.2025;0,0025906811;2.998,40;0,1332122529;134.544,90;0;EUR
Muster SCHWEIZ Substanz;23.01.2025;-0,0017435486;-2.023,17;0,1312057526;132.521,72;0;EUR
Muster SCHWEIZ Substanz;24.01.2025;-0,0027860892;-3.227,28;0,1280072500;129.294,44;0;EUR
Muster SCHWEIZ Substanz;25.01.2025;0,0000178321;20,60;0,1280276433;129.315,04;0;EUR
Muster SCHWEIZ Substanz;26.01.2025;0,0000178318;20,60;0,1280480365;129.335,64;0;EUR
Muster SCHWEIZ Substanz;27.01.2025;-0,0013400781;-1.548,02;0,1265122089;127.787,63;0;EUR
Muster SCHWEIZ Substanz;28.01.2025;0,0032262433;3.721,86;0,1301936141;131.509,48;0;EUR
Muster SCHWEIZ Substanz;29.01.2025;0,0022711623;2.628,51;0,1327924631;134.137,99;0;EUR
Muster SCHWEIZ Substanz;30.01.2025;0,0035976868;4.173,21;0,1369203570;138.311,20;0;EUR
Muster SCHWEIZ Substanz;31.01.2025;0,0024946429;2.904,12;0,1397917602;141.215,33;0;EUR
Muster SCHWEIZ Substanz;01.02.2025;0,0000177063;20,66;0,1398122160;141.235,99;0;EUR
Muster SCHWEIZ Substanz;02.02.2025;0,0000177060;20,66;0,1398326718;141.256,66;0;EUR
Muster SCHWEIZ Substanz;03.02.2025;0,0024727049;2.885,87;0,1426858699;144.142,52;0;EUR
Muster SCHWEIZ Substanz;04.02.2025;-0,0000698245;-81,69;0,1426014397;144.060,83;0;EUR
Muster SCHWEIZ Substanz;05.02.2025;0,0031545614;3.690,50;0,1462509112;147.751,33;0;EUR
Muster SCHWEIZ Substanz;06.02.2025;0,0021815400;2.560,22;0,1487814387;150.311,55;0;EUR
Muster SCHWEIZ Substanz;07.02.2025;0,0010049430;1.181,96;0,1499476543;151.493,51;0;EUR
Muster SCHWEIZ Substanz;08.02.2025;0,0000175682;20,68;0,1499681267;151.514,19;0;EUR
Muster SCHWEIZ Substanz;09.02.2025;0,0000175679;20,68;0,1499885991;151.534,87;0;EUR
Muster SCHWEIZ Substanz;10.02.2025;0,0040103685;4.721,68;0,1546582808;156.256,55;0;EUR
Muster SCHWEIZ Substanz;11.02.2025;-0,0026520830;-3.135,00;0,1515516238;153.121,55;0;EUR
Muster SCHWEIZ Substanz;12.02.2025;-0,0025708648;-3.030,93;0,1485481284;150.090,62;0;EUR
Muster SCHWEIZ Substanz;13.02.2025;0,0027692886;3.256,47;0,1517674246;153.347,09;0;EUR
Muster SCHWEIZ Substanz;14.02.2025;-0,0027139551;-3.171,74;0,1486271988;150.175,35;0;EUR
Muster SCHWEIZ Substanz;15.02.2025;0,0000087700;10,22;0,1486373150;150.185,57;0;EUR
Muster SCHWEIZ Substanz;16.02.2025;0,0000176746;20,60;0,1486577027;150.206,17;0;EUR
Muster SCHWEIZ Substanz;17.02.2025;0,0015916730;1.855,16;0,1504925683;152.061,32;0;EUR
Muster SCHWEIZ Substanz;18.02.2025;0,0030228802;3.528,89;0,1539838641;155.590,22;0;EUR
Muster SCHWEIZ Substanz;19.02.2025;-0,0012158132;-1.423,62;0,1525737643;154.166,59;0;EUR
Muster SCHWEIZ Substanz;20.02.2025;-0,0011730373;-1.371,87;0,1512149121;152.794,73;0;EUR
Muster SCHWEIZ Substanz;21.02.2025;0,0016302765;1.904,37;0,1530984208;154.699,10;0;EUR
Muster SCHWEIZ Substanz;22.02.2025;0,0000176352;20,63;0,1531188410;154.719,73;0;EUR
Muster SCHWEIZ Substanz;23.02.2025;0,0000176348;20,63;0,1531392612;154.740,36;0;EUR
Muster SCHWEIZ Substanz;24.02.2025;0,0015137455;1.771,19;0,1548909459;156.511,56;0;EUR
Muster SCHWEIZ Substanz;25.02.2025;-0,0025413383;-2.978,05;0,1519425757;153.533,51;0;EUR
Muster SCHWEIZ Substanz;26.02.2025;0,0039166021;4.577,98;0,1564719349;158.111,49;0;EUR
Muster SCHWEIZ Substanz;27.02.2025;-0,0009588789;-1.125,19;0,1553572387;156.986,30;0;EUR
Muster SCHWEIZ Substanz;28.02.2025;0,0018945699;2.221,04;0,1575540442;159.207,34;0;EUR
Muster SCHWEIZ Substanz;01.03.2025;0,0000176039;20,68;0,1575745059;159.228,01;0;EUR
Muster SCHWEIZ Substanz;02.03.2025;0,0000176036;20,68;0,1575949677;159.248,69;0;EUR
Muster SCHWEIZ Substanz;03.03.2025;-0,0017894038;-2.101,80;0,1555138269;157.146,89;0;EUR
Muster SCHWEIZ Substanz;04.03.2025;-0,0043207909;-5.066,04;0,1504993093;152.080,85;0;EUR
Muster SCHWEIZ Substanz;05.03.2025;-0,0068246649;-7.967,20;0,1426138957;144.113,65;0;EUR
Muster SCHWEIZ Substanz;06.03.2025;-0,0019670498;-2.280,69;0,1403558987;141.832,96;0;EUR
Muster SCHWEIZ Substanz;07.03.2025;0,0002679477;310,06;0,1406616869;142.143,02;0;EUR
Muster SCHWEIZ Substanz;08.03.2025;0,0000176706;20,45;0,1406819270;142.163,47;0;EUR
Muster SCHWEIZ Substanz;09.03.2025;0,0000176703;20,45;0,1407021672;142.183,93;0;EUR
Muster SCHWEIZ Substanz;10.03.2025;-0,0034203054;-3.959,06;0,1367833564;138.224,87;0;EUR
Muster SCHWEIZ Substanz;11.03.2025;-0,0057327080;-6.613,01;0,1302383559;131.611,86;0;EUR
Muster SCHWEIZ Substanz;12.03.2025;0,0027031919;3.100,41;0,1333054313;134.712,27;0;EUR
Muster SCHWEIZ Substanz;13.03.2025;0,0019109069;2.197,63;0,1354791173;136.909,90;0;EUR
Muster SCHWEIZ Substanz;14.03.2025;0,0028744837;3.312,10;0,1387555929;140.222,00;0;EUR
Muster SCHWEIZ Substanz;15.03.2025;0,0000176810;20,43;0,1387758106;140.242,43;0;EUR
Muster SCHWEIZ Substanz;16.03.2025;0,0000176807;20,43;0,1387960283;140.262,86;0;EUR
Muster SCHWEIZ Substanz;17.03.2025;0,0030200021;3.489,90;0,1422483968;143.752,76;0;EUR
Muster SCHWEIZ Substanz;18.03.2025;0,0001540412;178,55;0,1424240422;143.931,31;0;EUR
Muster SCHWEIZ Substanz;19.03.2025;0,0032956247;3.820,50;0,1462034742;147.751,81;0;EUR
Muster SCHWEIZ Substanz;20.03.2025;0,0016593185;1.929,93;0,1481121094;149.681,74;0;EUR
Muster SCHWEIZ Substanz;21.03.2025;-0,0010511057;-1.224,55;0,1468993421;148.457,18;0;EUR
Muster SCHWEIZ Substanz;22.03.2025;0,0000175837;20,46;0,1469195911;148.477,65;0;EUR
Muster SCHWEIZ Substanz;23.03.2025;0,0000175834;20,46;0,1469398401;148.498,11;0;EUR
Muster SCHWEIZ Substanz;24.03.2025;0,0008631217;1.004,53;0,1479327667;149.502,64;0;EUR
Muster SCHWEIZ Substanz;25.03.2025;0,0013601748;1.584,38;0,1494994411;151.087,02;0;EUR
Muster SCHWEIZ Substanz;26.03.2025;-0,0003141805;-366,47;0,1491357639;150.720,55;0;EUR
Muster SCHWEIZ Substanz;27.03.2025;-0,0023983518;-2.796,60;0,1463675255;147.923,95;0;EUR
Muster SCHWEIZ Substanz;28.03.2025;-0,0008708627;-1.013,04;0,1453641193;146.910,91;0;EUR
Muster SCHWEIZ Substanz;29.03.2025;0,0000175999;20,46;0,1453843593;146.931,36;0;EUR
Muster SCHWEIZ Substanz;30.03.2025;0,0000175996;20,46;0,1454045993;146.951,82;0;EUR
Muster SCHWEIZ Substanz;31.03.2025;0,0014415168;1.675,45;0,1470613734;148.627,27;0;EUR
Muster SCHWEIZ Substanz;01.04.2025;0,0033871409;3.942,50;0,1509612697;152.569,77;0;EUR
Muster SCHWEIZ Substanz;02.04.2025;-0,0018683757;-2.182,08;0,1488011513;150.387,69;0;EUR
Muster SCHWEIZ Substanz;03.04.2025;-0,0122381064;-14.266,21;0,1346845077;136.121,48;0;EUR
Muster SCHWEIZ Substanz;04.04.2025;-0,0136603004;-15.729,20;0,1191205188;120.392,28;0;EUR
Muster SCHWEIZ Substanz;05.04.2025;0,0000179589;20,40;0,1191406997;120.412,67;0;EUR
Muster SCHWEIZ Substanz;06.04.2025;0,0000179586;20,40;0,1191608806;120.433,07;0;EUR
Muster SCHWEIZ Substanz;07.04.2025;-0,0077575456;-8.810,75;0,1104424333;111.622,32;0;EUR
Muster SCHWEIZ Substanz;08.04.2025;0,0004834218;544,79;0,1109807003;112.167,11;0;EUR
Muster SCHWEIZ Substanz;09.04.2025;0,0020777185;2.342,63;0,1132977658;114.509,74;0;EUR
Muster SCHWEIZ Substanz;10.04.2025;0,0046703829;5.276,80;0,1185178950;119.786,53;0;EUR
Muster SCHWEIZ Substanz;11.04.2025;-0,0001736022;-197,06;0,1183221107;119.589,47;0;EUR
Muster SCHWEIZ Substanz;12.04.2025;0,0000178203;20,22;0,1183421210;119.609,70;0;EUR
Muster SCHWEIZ Substanz;13.04.2025;0,0000178200;20,22;0,1183621313;119.629,92;0;EUR
Muster SCHWEIZ Substanz;14.04.2025;0,0030696564;3.483,94;0,1218083202;123.113,87;0;EUR
Muster SCHWEIZ Substanz;15.04.2025;0,0065279578;7.431,73;0,1291603585;130.545,60;0;EUR
Muster SCHWEIZ Substanz;16.04.2025;-0,0018686919;-2.141,29;0,1270409230;128.404,30;0;EUR
Muster SCHWEIZ Substanz;17.04.2025;0,0012453799;1.424,39;0,1284493144;129.828,69;0;EUR
Muster SCHWEIZ Substanz;18.04.2025;-0,0002409497;-275,93;0,1281754529;129.552,76;0;EUR
Muster SCHWEIZ Substanz;19.04.2025;0,0000176500;20,21;0,1281954453;129.572,97;0;EUR
Muster SCHWEIZ Substanz;20.04.2025;0,0000176497;20,21;0,1282154377;129.593,18;0;EUR
Muster SCHWEIZ Substanz;21.04.2025;-0,0031416399;-3.596,94;0,1246558935;125.996,23;0;EUR
Muster SCHWEIZ Substanz;22.04.2025;0,0045774628;5.224,39;0,1298238329;131.220,62;0;EUR
Muster SCHWEIZ Substanz;23.04.2025;0,0015839336;1.816,06;0,1316196831;133.036,69;0;EUR
Muster SCHWEIZ Substanz;24.04.2025;0,0034001567;3.904,63;0,1354818231;136.941,32;0;EUR
Muster SCHWEIZ Substanz;25.04.2025;0,0007949731;916,03;0,1363871779;137.857,35;0;EUR
Muster SCHWEIZ Substanz;26.04.2025;0,0000175334;20,22;0,1364071816;137.877,57;0;EUR
Muster SCHWEIZ Substanz;27.04.2025;0,0000175330;20,22;0,1364271853;137.897,79;0;EUR
Muster SCHWEIZ Substanz;28.04.2025;0,0020410044;2.353,75;0,1387549098;140.251,53;0;EUR
Muster SCHWEIZ Substanz;29.04.2025;0,0003504613;404,99;0,1391546538;140.656,52;0;EUR
Muster SCHWEIZ Substanz;30.04.2025;0,0008325700;962,44;0,1401058936;141.618,96;0;EUR
Muster SCHWEIZ Substanz;01.05.2025;0,0015647824;1.810,38;0,1418959940;143.429,34;0;EUR
Muster SCHWEIZ Substanz;02.05.2025;0,0013925075;1.613,58;0,1434913859;145.042,93;0;EUR
Muster SCHWEIZ Substanz;03.05.2025;0,0000174500;20,25;0,1435114179;145.063,17;0;EUR
Muster SCHWEIZ Substanz;04.05.2025;0,0000174497;20,25;0,1435314499;145.083,42;0;EUR
Muster SCHWEIZ Substanz;05.05.2025;0,0000858789;99,66;0,1436290988;145.183,08;0;EUR
Muster SCHWEIZ Substanz;06.05.2025;0,0016097945;1.868,19;0,1454763443;147.051,27;0;EUR
Muster SCHWEIZ Substanz;07.05.2025;0,0020008225;2.325,72;0,1477761971;149.376,99;0;EUR
Muster SCHWEIZ Substanz;08.05.2025;0,0009745745;1.135,10;0,1488981627;150.512,09;0;EUR
Muster SCHWEIZ Substanz;09.05.2025;-0,0009938670;-1.158,69;0,1477509370;149.353,39;0;EUR
Muster SCHWEIZ Substanz;10.05.2025;0,0000174018;20,27;0,1477709872;149.373,66;0;EUR
Muster SCHWEIZ Substanz;11.05.2025;0,0000174015;20,27;0,1477910374;149.393,93;0;EUR
Muster SCHWEIZ Substanz;12.05.2025;0,0025646498;2.987,11;0,1507451302;152.381,04;0;EUR
Muster SCHWEIZ Substanz;13.05.2025;-0,0014098814;-1.646,34;0,1491155082;150.734,71;0;EUR
Muster SCHWEIZ Substanz;14.05.2025;-0,0036021234;-4.200,32;0,1449593812;146.534,39;0;EUR
Muster SCHWEIZ Substanz;15.05.2025;0,0035286351;4.099,80;0,1490141655;150.634,19;0;EUR
Muster SCHWEIZ Substanz;16.05.2025;0,0003468002;404,36;0,1494132215;151.038,55;0;EUR
Muster SCHWEIZ Substanz;17.05.2025;0,0000174131;20,31;0,1494333130;151.058,86;0;EUR
Muster SCHWEIZ Substanz;18.05.2025;0,0000174128;20,31;0,1494534046;151.079,17;0;EUR
Muster SCHWEIZ Substanz;19.05.2025;-0,0018562963;-2.165,21;0,1473105624;148.913,97;0;EUR
Muster SCHWEIZ Substanz;20.05.2025;0,0038421353;4.473,19;0,1517346279;153.387,16;0;EUR
Muster SCHWEIZ Substanz;21.05.2025;-0,0019527793;-2.282,25;0,1494760198;151.104,91;0;EUR
Muster SCHWEIZ Substanz;22.05.2025;-0,0006310396;-736,07;0,1487469488;150.368,84;0;EUR
Muster SCHWEIZ Substanz;23.05.2025;0,0010542977;1.229,00;0,1499617462;151.597,83;0;EUR
Muster SCHWEIZ Substanz;24.05.2025;0,0000173272;20,22;0,1499817477;151.618,05;0;EUR
Muster SCHWEIZ Substanz;25.05.2025;0,0000173269;20,22;0,1500017491;151.638,27;0;EUR
Muster SCHWEIZ Substanz;26.05.2025;0,0006675806;779,05;0,1507714434;152.417,32;0;EUR
Muster SCHWEIZ Substanz;27.05.2025;0,0012042373;1.406,25;0,1521615548;153.823,57;0;EUR
Muster SCHWEIZ Substanz;28.05.2025;-0,0002944581;-344,27;0,1518200610;153.479,30;0;EUR
Muster SCHWEIZ Substanz;29.05.2025;-0,0003180510;-371,74;0,1514513970;153.107,56;0;EUR
Muster SCHWEIZ Substanz;30.05.2025;-0,0015127509;-1.767,56;0,1497020307;151.340,00;0;EUR
Muster SCHWEIZ Substanz;31.05.2025;0,0000173368;20,23;0,1497220381;151.360,23;0;EUR
Muster SCHWEIZ Substanz;01.06.2025;0,0000173365;20,23;0,1497420455;151.380,45;0;EUR
Muster SCHWEIZ Substanz;02.06.2025;0,0016455158;1.919,84;0,1516401743;153.300,30;0;EUR
Muster SCHWEIZ Substanz;03.06.2025;0,0004968353;580,62;0,1522135669;153.880,92;0;EUR
Muster SCHWEIZ Substanz;04.06.2025;0,0006551259;765,98;0,1529703094;154.646,90;0;EUR
Muster SCHWEIZ Substanz;05.06.2025;-0,0009167618;-1.072,59;0,1519084149;153.574,30;0;EUR
Muster SCHWEIZ Substanz;06.06.2025;0,0025911264;3.028,78;0,1549033990;156.603,09;0;EUR
Muster SCHWEIZ Substanz;07.06.2025;0,0000172420;20,21;0,1549233861;156.623,30;0;EUR
Muster SCHWEIZ Substanz;08.06.2025;0,0000172417;20,21;0,1549433733;156.643,50;0;EUR
Muster SCHWEIZ Substanz;09.06.2025;-0,0011898776;-1.394,51;0,1535630654;155.248,99;0;EUR
Muster SCHWEIZ Substanz;10.06.2025;0,0009194119;1.076,25;0,1546266851;156.325,24;0;EUR
Muster SCHWEIZ Substanz;11.06.2025;-0,0009436517;-1.105,64;0,1535321318;155.219,60;0;EUR
Muster SCHWEIZ Substanz;12.06.2025;0,0015712303;1.839,21;0,1553504053;157.058,81;0;EUR
Muster SCHWEIZ Substanz;13.06.2025;-0,0012862156;-1.507,95;0,1538579336;155.550,86;0;EUR
Muster SCHWEIZ Substanz;14.06.2025;0,0000172032;20,14;0,1538778573;155.571,01;0;EUR
Muster SCHWEIZ Substanz;15.06.2025;0,0000172029;20,14;0,1538977810;155.591,15;0;EUR
Muster SCHWEIZ Substanz;16.06.2025;-0,0003513669;-411,42;0,1534899131;155.179,73;0;EUR
Muster SCHWEIZ Substanz;17.06.2025;-0,0003028793;-354,52;0,1531383327;154.825,20;0;EUR
Muster SCHWEIZ Substanz;18.06.2025;0,0008315147;973,00;0,1540998144;155.798,20;0;EUR
Muster SCHWEIZ Substanz;19.06.2025;-0,0016870176;-1.975,72;0,1521447282;153.822,49;0;EUR
Muster SCHWEIZ Substanz;20.06.2025;0,0001359655;158,96;0,1523010547;153.981,45;0;EUR
Muster SCHWEIZ Substanz;21.06.2025;0,0000172357;20,15;0,1523209887;154.001,61;0;EUR
Muster SCHWEIZ Substanz;22.06.2025;0,0000172354;20,15;0,1523409228;154.021,76;0;EUR
Muster SCHWEIZ Substanz;23.06.2025;0,0015006188;1.754,75;0,1540756154;155.776,51;0;EUR
Muster SCHWEIZ Substanz;24.06.2025;0,0013504053;1.581,47;0,1556389000;157.357,99;0;EUR
Muster SCHWEIZ Substanz;25.06.2025;-0,0022575766;-2.647,44;0,1530194831;154.710,55;0;EUR
Muster SCHWEIZ Substanz;26.06.2025;-0,0010955948;-1.281,89;0,1517507107;153.428,65;0;EUR
Muster SCHWEIZ Substanz;27.06.2025;-0,0010516716;-1.229,15;0,1505341189;152.199,50;0;EUR
Muster SCHWEIZ Substanz;28.06.2025;0,0000171947;20,08;0,1505539746;152.219,58;0;EUR
Muster SCHWEIZ Substanz;29.06.2025;0,0000171944;20,08;0,1505738303;152.239,65;0;EUR
Muster SCHWEIZ Substanz;30.06.2025;-0,0010116055;-1.181,12;0,1494047595;151.058,53;0;EUR
Muster SCHWEIZ Substanz;01.07.2025;0,0022966658;2.678,81;0,1520533566;153.737,34;0;EUR
Muster SCHWEIZ Substanz;02.07.2025;0,0002863875;334,81;0,1523836111;154.072,15;0;EUR
Muster SCHWEIZ Substanz;03.07.2025;0,0015417020;1.802,87;0,1541658330;155.875,02;0;EUR
Muster SCHWEIZ Substanz;04.07.2025;-0,0006387684;-748,13;0,1534250200;155.126,89;0;EUR
Muster SCHWEIZ Substanz;05.07.2025;0,0000171359;20,06;0,1534448568;155.146,95;0;EUR
Muster SCHWEIZ Substanz;06.07.2025;0,0000171356;20,06;0,1534646936;155.167,00;0;EUR
Muster SCHWEIZ Substanz;07.07.2025;0,0006195368;725,17;0,1541810172;155.892,17;0;EUR
Muster SCHWEIZ Substanz;08.07.2025;-0,0015208107;-1.781,21;0,1524184825;154.110,96;0;EUR
Muster SCHWEIZ Substanz;09.07.2025;0,0031832876;3.722,67;0,1560993794;157.833,64;0;EUR
Muster SCHWEIZ Substanz;10.07.2025;0,0024386110;2.860,90;0,1589279317;160.694,53;0;EUR
Muster SCHWEIZ Substanz;11.07.2025;0,0003459553;406,85;0,1593294040;161.101,38;0;EUR
Muster SCHWEIZ Substanz;12.07.2025;0,0000170749;20,09;0,1593492705;161.121,47;0;EUR
Muster SCHWEIZ Substanz;13.07.2025;0,0000170746;20,09;0,1593691370;161.141,56;0;EUR
Muster SCHWEIZ Substanz;14.07.2025;-0,0009690120;-1.140,02;0,1582407599;160.001,54;0;EUR
Muster SCHWEIZ Substanz;15.07.2025;0,0015590332;1.832,38;0,1600520725;161.833,93;0;EUR
Muster SCHWEIZ Substanz;16.07.2025;-0,0028762312;-3.385,80;0,1567026638;158.448,12;0;EUR
Muster SCHWEIZ Substanz;17.07.2025;0,0016579659;1.946,09;0,1586264198;160.394,21;0;EUR
Muster SCHWEIZ Substanz;18.07.2025;0,0001919644;225,70;0,1588487372;160.619,91;0;EUR
Muster SCHWEIZ Substanz;19.07.2025;0,0000171021;20,11;0,1588686266;160.640,02;0;EUR
Muster SCHWEIZ Substanz;20.07.2025;0,0000171018;20,11;0,1588885161;160.660,13;0;EUR
Muster SCHWEIZ Substanz;21.07.2025;0,0003445613;405,20;0,1592883566;161.065,33;0;EUR
Muster SCHWEIZ Substanz;22.07.2025;-0,0001600967;-188,34;0,1591012078;160.877,00;0;EUR
Muster SCHWEIZ Substanz;23.07.2025;0,0007929133;932,63;0,1600226532;161.809,63;0;EUR
Muster SCHWEIZ Substanz;24.07.2025;-0,0019956447;-2.349,16;0,1576985628;159.460,47;0;EUR
Muster SCHWEIZ Substanz;25.07.2025;-0,0024296188;-2.854,30;0,1548749432;156.606,17;0;EUR
Muster SCHWEIZ Substanz;26.07.2025;0,0000171218;20,07;0,1548947871;156.626,24;0;EUR
Muster SCHWEIZ Substanz;27.07.2025;0,0000171215;20,07;0,1549146309;156.646,30;0;EUR
Muster SCHWEIZ Substanz;28.07.2025;0,0040801174;4.781,81;0,1596426973;161.428,11;0;EUR
Muster SCHWEIZ Substanz;29.07.2025;0,0027459524;3.231,33;0,1628373885;164.659,44;0;EUR
Muster SCHWEIZ Substanz;30.07.2025;0,0010825916;1.277,45;0,1640997995;165.936,89;0;EUR
Muster SCHWEIZ Substanz;31.07.2025;-0,0003851542;-454,97;0,1636489681;165.481,92;0;EUR
Muster SCHWEIZ Substanz;01.08.2025;-0,0030773043;-3.633,72;0,1600546167;161.848,19;0;EUR
Muster SCHWEIZ Substanz;02.08.2025;0,0000170985;20,13;0,1600745217;161.868,32;0;EUR
Muster SCHWEIZ Substanz;03.08.2025;0,0000170982;20,13;0,1600944266;161.888,45;0;EUR
Muster SCHWEIZ Substanz;04.08.2025;0,0017967111;2.115,13;0,1621852279;164.003,58;0;EUR
Muster SCHWEIZ Substanz;05.08.2025;-0,0001348921;-159,08;0,1620270271;163.844,49;0;EUR
Muster SCHWEIZ Substanz;06.08.2025;-0,0021213325;-2.501,43;0,1595524827;161.343,07;0;EUR
Muster SCHWEIZ Substanz;07.08.2025;-0,0006457141;-759,80;0,1588002596;160.583,27;0;EUR
Muster SCHWEIZ Substanz;08.08.2025;0,0000541377;63,66;0,1588623567;160.646,93;0;EUR
Muster SCHWEIZ Substanz;09.08.2025;0,0000170970;20,11;0,1588822391;160.667,04;0;EUR
Muster SCHWEIZ Substanz;10.08.2025;0,0000170967;20,11;0,1589021214;160.687,14;0;EUR
Muster SCHWEIZ Substanz;11.08.2025;-0,0012885585;-1.515,37;0,1574027380;159.171,77;0;EUR
Muster SCHWEIZ Substanz;12.08.2025;0,0000708024;83,16;0,1574841260;159.254,93;0;EUR
Muster SCHWEIZ Substanz;13.08.2025;0,0018075464;2.103,45;0,1595656115;161.358,39;0;EUR
Muster SCHWEIZ Substanz;14.08.2025;0,0018725691;2.183,06;0,1617258525;163.541,45;0;EUR
Muster SCHWEIZ Substanz;15.08.2025;-0,0031778863;-3.711,75;0,1580567067;159.829,70;0;EUR
Muster SCHWEIZ Substanz;16.08.2025;0,0000172469;20,08;0,1580765642;159.849,78;0;EUR
Muster SCHWEIZ Substanz;17.08.2025;0,0000172466;20,08;0,1580964217;159.869,86;0;EUR
Muster SCHWEIZ Substanz;18.08.2025;-0,0001356259;-157,91;0,1579416551;159.711,94;0;EUR
Muster SCHWEIZ Substanz;19.08.2025;0,0006749491;785,75;0,1587200945;160.497,70;0;EUR
Muster SCHWEIZ Substanz;20.08.2025;0,0013085381;1.524,38;0,1602289993;162.022,08;0;EUR
Muster SCHWEIZ Substanz;21.08.2025;0,0000812475;94,77;0,1603241276;162.116,85;0;EUR
Muster SCHWEIZ Substanz;22.08.2025;0,0002905862;338,99;0,1606607710;162.455,84;0;EUR
Muster SCHWEIZ Substanz;23.08.2025;0,0000172039;20,08;0,1606806245;162.475,92;0;EUR
Muster SCHWEIZ Substanz;24.08.2025;0,0000172036;20,08;0,1607004781;162.495,99;0;EUR
Muster SCHWEIZ Substanz;25.08.2025;0,0007242180;845,12;0,1615376719;163.341,12;0;EUR
Muster SCHWEIZ Substanz;26.08.2025;0,0012935186;1.510,56;0,1630329729;164.851,68;0;EUR
Muster SCHWEIZ Substanz;27.08.2025;0,0028761531;3.363,10;0,1663604089;168.214,78;0;EUR
Muster SCHWEIZ Substanz;28.08.2025;-0,0003810995;-446,90;0,1659198667;167.767,87;0;EUR
Muster SCHWEIZ Substanz;29.08.2025;-0,0002270737;-266,18;0,1656580465;167.501,69;0;EUR
Muster SCHWEIZ Substanz;30.08.2025;0,0000171403;20,09;0,1656779130;167.521,78;0;EUR
Muster SCHWEIZ Substanz;31.08.2025;0,0000171400;20,09;0,1656977795;167.541,87;0;EUR
Muster SCHWEIZ Substanz;01.09.2025;-0,0006477911;-759,21;0,1649483468;166.782,66;0;EUR
Muster SCHWEIZ Substanz;02.09.2025;0,0013749096;1.610,34;0,1665424063;168.393,00;0;EUR
Muster SCHWEIZ Substanz;03.09.2025;0,0028775788;3.374,95;0,1698817244;171.767,96;0;EUR
Muster SCHWEIZ Substanz;04.09.2025;0,0028267630;3.324,90;0,1731715861;175.092,85;0;EUR
Muster SCHWEIZ Substanz;05.09.2025;0,0015012047;1.770,74;0,1749243834;176.863,59;0;EUR
Muster SCHWEIZ Substanz;06.09.2025;0,0000169939;20,08;0,1749442385;176.883,67;0;EUR
Muster SCHWEIZ Substanz;07.09.2025;0,0000169936;20,08;0,1749640935;176.903,74;0;EUR
Muster SCHWEIZ Substanz;08.09.2025;0,0035382724;4.179,96;0,1790997423;181.083,70;0;EUR
Muster SCHWEIZ Substanz;09.09.2025;0,0011820277;1.401,34;0,1804872536;182.485,04;0;EUR
Muster SCHWEIZ Substanz;10.09.2025;-0,0004482271;-532,02;0,1799625801;181.953,02;0;EUR
Muster SCHWEIZ Substanz;11.09.2025;0,0022816190;2.706,93;0,1826414315;184.659,95;0;EUR
Muster SCHWEIZ Substanz;12.09.2025;0,0009202292;1.094,26;0,1837252694;185.754,20;0;EUR
Muster SCHWEIZ Substanz;13.09.2025;0,0000168613;20,07;0,1837451186;185.774,27;0;EUR
Muster SCHWEIZ Substanz;14.09.2025;0,0000168610;20,07;0,1837649678;185.794,34;0;EUR
Muster SCHWEIZ Substanz;15.09.2025;0,0019432684;2.312,97;0,1860542317;188.107,31;0;EUR
Muster SCHWEIZ Substanz;16.09.2025;-0,0025840777;-3.081,67;0,1830077289;185.025,64;0;EUR
Muster SCHWEIZ Substanz;17.09.2025;0,0009279160;1.103,74;0,1841009618;186.129,38;0;EUR
Muster SCHWEIZ Substanz;18.09.2025;-0,0003461564;-412,13;0,1836948531;185.717,25;0;EUR
Muster SCHWEIZ Substanz;19.09.2025;0,0025748911;3.064,56;0,1867275870;188.781,81;0;EUR
Muster SCHWEIZ Substanz;20.09.2025;0,0000168138;20,06;0,1867474315;188.801,87;0;EUR
Muster SCHWEIZ Substanz;21.09.2025;0,0000168135;20,06;0,1867672759;188.821,93;0;EUR
Muster SCHWEIZ Substanz;22.09.2025;0,0012118589;1.446,08;0,1881991774;190.268,01;0;EUR
Muster SCHWEIZ Substanz;23.09.2025;0,0009970892;1.191,24;0,1893790302;191.459,25;0;EUR
Muster SCHWEIZ Substanz;24.09.2025;0,0002546190;304,50;0,1896817848;191.763,76;0;EUR
Muster SCHWEIZ Substanz;25.09.2025;-0,0005341962;-639,01;0,1890512606;191.124,74;0;EUR
Muster SCHWEIZ Substanz;26.09.2025;0,0021456603;2.565,30;0,1915903013;193.690,04;0;EUR
Muster SCHWEIZ Substanz;27.09.2025;0,0000167597;20,08;0,1916101642;193.710,12;0;EUR
Muster SCHWEIZ Substanz;28.09.2025;0,0000167595;20,08;0,1916300270;193.730,21;0;EUR
Muster SCHWEIZ Substanz;29.09.2025;0,0021339850;2.556,90;0,1941607978;196.287,11;0;EUR
Muster SCHWEIZ Substanz;30.09.2025;0,0015189884;1.823,91;0,1959665460;198.111,02;0;EUR
Muster SCHWEIZ Substanz;01.10.2025;0,0045276843;5.444,83;0,2013540715;203.555,85;0;EUR
Muster SCHWEIZ Substanz;02.10.2025;0,0002032048;245,47;0,2015985237;203.801,32;0;EUR
Muster SCHWEIZ Substanz;03.10.2025;0,0016739154;2.022,51;0,2036008240;205.823,83;0;EUR
Muster SCHWEIZ Substanz;04.10.2025;0,0000165792;20,07;0,2036206727;205.843,90;0;EUR
Muster SCHWEIZ Substanz;05.10.2025;0,0000165789;20,07;0,2036405214;205.863,96;0;EUR
Muster SCHWEIZ Substanz;06.10.2025;0,0046483517;5.625,98;0,2092074211;211.489,94;0;EUR
Muster SCHWEIZ Substanz;07.10.2025;0,0003905675;474,91;0,2096788902;211.964,85;0;EUR
Muster SCHWEIZ Substanz;08.10.2025;0,0045181729;5.495,98;0,2151173278;217.460,83;0;EUR
Muster SCHWEIZ Substanz;09.10.2025;-0,0000396402;-48,44;0,2150711346;217.412,39;0;EUR
Muster SCHWEIZ Substanz;10.10.2025;-0,0054824573;-6.698,82;0,2084461159;210.713,57;0;EUR
Muster SCHWEIZ Substanz;11.10.2025;0,0000165530;20,11;0,2084660141;210.733,69;0;EUR
Muster SCHWEIZ Substanz;12.10.2025;0,0000165527;20,11;0,2084859124;210.753,80;0;EUR
Muster SCHWEIZ Substanz;13.10.2025;0,0084808808;10.306,02;0,2186827711;221.059,82;0;EUR
Muster SCHWEIZ Substanz;14.10.2025;0,0013683318;1.676,91;0,2203433974;222.736,73;0;EUR
Muster SCHWEIZ Substanz;15.10.2025;0,0018572378;2.279,18;0,2225998535;225.015,91;0;EUR
Muster SCHWEIZ Substanz;16.10.2025;0,0022189521;2.728,13;0,2253004731;227.744,04;0;EUR
Muster SCHWEIZ Substanz;17.10.2025;-0,0006387075;-787,01;0,2245236749;226.957,03;0;EUR
Muster SCHWEIZ Substanz;18.10.2025;0,0000163227;20,10;0,2245435593;226.977,13;0;EUR
Muster SCHWEIZ Substanz;19.10.2025;0,0000163224;20,10;0,2245634437;226.997,23;0;EUR
Muster SCHWEIZ Substanz;20.10.2025;0,0065163844;8.024,60;0,2325038345;235.021,83;0;EUR
Muster SCHWEIZ Substanz;21.10.2025;-0,0065982623;-8.178,38;0,2244148420;226.843,45;0;EUR
Muster SCHWEIZ Substanz;22.10.2025;-0,0036503134;-4.494,62;0,2199700683;222.348,83;0;EUR
Muster SCHWEIZ Substanz;23.10.2025;0,0039421426;4.836,23;0,2247563087;227.185,06;0;EUR
Muster SCHWEIZ Substanz;24.10.2025;0,0002857041;351,88;0,2251061841;227.536,94;0;EUR
Muster SCHWEIZ Substanz;25.10.2025;0,0000163236;20,11;0,2251260797;227.557,05;0;EUR
Muster SCHWEIZ Substanz;26.10.2025;0,0000163233;20,11;0,2251459754;227.577,16;0;EUR
Muster SCHWEIZ Substanz;27.10.2025;-0,0042706784;-5.261,60;0,2199422919;222.315,56;0;EUR
Muster SCHWEIZ Substanz;28.10.2025;-0,0009757021;-1.196,96;0,2187598054;221.118,60;0;EUR
Muster SCHWEIZ Substanz;29.10.2025;0,0023732003;2.908,53;0,2216390174;224.027,13;0;EUR
Muster SCHWEIZ Substanz;30.10.2025;0,0008698123;1.068,55;0,2226978909;225.095,67;0;EUR
Muster SCHWEIZ Substanz;31.10.2025;-0,0017957460;-2.207,96;0,2205151514;222.887,72;0;EUR
Muster SCHWEIZ Substanz;01.11.2025;0,0000164144;20,15;0,2205350831;222.907,86;0;EUR
Muster SCHWEIZ Substanz;02.11.2025;0,0000164142;20,15;0,2205550147;222.928,01;0;EUR
Muster SCHWEIZ Substanz;03.11.2025;-0,0009037768;-1.109,28;0,2194592291;221.818,73;0;EUR
Muster SCHWEIZ Substanz;04.11.2025;-0,0007470387;-916,07;0,2185545748;220.902,66;0;EUR
Muster SCHWEIZ Substanz;05.11.2025;0,0005395486;661,14;0,2192103599;221.563,80;0;EUR
Muster SCHWEIZ Substanz;06.11.2025;-0,0036284689;-4.448,56;0,2148106876;217.115,24;0;EUR
Muster SCHWEIZ Substanz;07.11.2025;0,0002677895;327,12;0,2151359734;217.442,36;0;EUR
Muster SCHWEIZ Substanz;08.11.2025;0,0000164787;20,14;0,2151558950;217.462,50;0;EUR
Muster SCHWEIZ Substanz;09.11.2025;0,0000164784;20,14;0,2151758166;217.482,63;0;EUR
Muster SCHWEIZ Substanz;10.11.2025;0,0103082371;12.596,00;0,2276399333;230.078,63;0;EUR
Muster SCHWEIZ Substanz;11.11.2025;-0,0017915255;-2.211,69;0,2254533874;227.866,93;0;EUR
Muster SCHWEIZ Substanz;12.11.2025;0,0045461882;5.602,36;0,2309981459;233.469,29;0;EUR
Muster SCHWEIZ Substanz;13.11.2025;-0,0023066270;-2.855,42;0,2281746629;230.613,86;0;EUR
Muster SCHWEIZ Substanz;14.11.2025;-0,0058240283;-7.193,06;0,2210593433;223.420,80;0;EUR
Muster SCHWEIZ Substanz;15.11.2025;0,0000163809;20,11;0,2210792443;223.440,92;0;EUR
Muster SCHWEIZ Substanz;16.11.2025;0,0000163806;20,11;0,2210991453;223.461,03;0;EUR
Muster SCHWEIZ Substanz;17.11.2025;-0,0009456347;-1.161,16;0,2199519082;222.299,87;0;EUR
Muster SCHWEIZ Substanz;18.11.2025;-0,0000049635;-6,09;0,2199475269;222.293,78;0;EUR
Muster SCHWEIZ Substanz;19.11.2025;0,0023983384;2.942,15;0,2228602867;225.235,94;0;EUR
Muster SCHWEIZ Substanz;20.11.2025;-0,0017367810;-2.135,70;0,2207487549;223.100,24;0;EUR
Muster SCHWEIZ Substanz;21.11.2025;0,0001058940;129,99;0,2208790138;223.230,23;0;EUR
Muster SCHWEIZ Substanz;22.11.2025;0,0000164188;20,16;0,2208989585;223.250,39;0;EUR
Muster SCHWEIZ Substanz;23.11.2025;0,0000164185;20,16;0,2209189033;223.270,54;0;EUR
Muster SCHWEIZ Substanz;24.11.2025;0,0018618742;2.285,87;0,2231823440;225.556,41;0;EUR
Muster SCHWEIZ Substanz;25.11.2025;0,0035234395;4.333,86;0,2274722692;229.890,27;0;EUR
Muster SCHWEIZ Substanz;26.11.2025;0,0027809651;3.432,66;0,2308705282;233.322,93;0;EUR
Muster SCHWEIZ Substanz;27.11.2025;-0,0005004022;-619,39;0,2302593446;232.703,55;0;EUR
Muster SCHWEIZ Substanz;28.11.2025;0,0036119440;4.468,54;0,2346826671;237.172,09;0;EUR
Muster SCHWEIZ Substanz;29.11.2025;0,0000162051;20,12;0,2347025766;237.192,21;0;EUR
Muster SCHWEIZ Substanz;30.11.2025;0,0000162049;20,12;0,2347224861;237.212,33;0;EUR
Muster SCHWEIZ Substanz;01.12.2025;0,0001723677;214,02;0,2349359803;237.426,35;0;EUR
Muster SCHWEIZ Substanz;02.12.2025;-0,0008346714;-1.036,56;0,2339119984;236.389,79;0;EUR
Muster SCHWEIZ Substanz;03.12.2025;0,0007713744;957,15;0,2348608286;237.346,94;0;EUR
Muster SCHWEIZ Substanz;04.12.2025;-0,0015899567;-1.974,41;0,2329087935;235.372,54;0;EUR
Muster SCHWEIZ Substanz;05.12.2025;0,0014452925;1.791,91;0,2346836461;237.164,45;0;EUR
Muster SCHWEIZ Substanz;06.12.2025;0,0000124258;15,43;0,2346989128;237.179,87;0;EUR
Muster SCHWEIZ Substanz;07.12.2025;0,0000124256;15,43;0,2347141795;237.195,30;0;EUR
Muster SCHWEIZ Substanz;08.12.2025;-0,0014805623;-1.838,34;0,2328967549;235.356,96;0;EUR
Muster SCHWEIZ Substanz;09.12.2025;-0,0012756931;-1.581,62;0,2313333390;233.775,35;0;EUR
Muster SCHWEIZ Substanz;10.12.2025;-0,0030621640;-3.791,66;0,2275829268;229.983,69;0;EUR
Muster SCHWEIZ Substanz;11.12.2025;0,0014713061;1.816,23;0,2293818462;231.799,93;0;EUR
Muster SCHWEIZ Substanz;12.12.2025;0,0007855111;971,09;0,2303444543;232.771,02;0;EUR
Muster SCHWEIZ Substanz;13.12.2025;0,0000124699;15,43;0,2303597216;232.786,44;0;EUR
Muster SCHWEIZ Substanz;14.12.2025;0,0000124698;15,43;0,2303749888;232.801,87;0;EUR
Muster SCHWEIZ Substanz;15.12.2025;0,0010831713;1.340,16;0,2317028306;234.142,03;0;EUR
Muster SCHWEIZ Substanz;16.12.2025;-0,0008189484;-1.014,34;0,2307006960;233.127,69;0;EUR
Muster SCHWEIZ Substanz;17.12.2025;-0,0016837055;-2.083,72;0,2286402932;231.043,96;0;EUR
Muster SCHWEIZ Substanz;18.12.2025;0,0051448375;6.356,43;0,2349322571;237.400,39;0;EUR
Muster SCHWEIZ Substanz;19.12.2025;0,0009280254;1.152,47;0,2360744159;238.552,86;0;EUR
Muster SCHWEIZ Substanz;20.12.2025;0,0000124119;15,43;0,2360896837;238.568,29;0;EUR
Muster SCHWEIZ Substanz;21.12.2025;0,0000124118;15,43;0,2361049515;238.583,72;0;EUR
Muster SCHWEIZ Substanz;22.12.2025;0,0020868045;2.593,97;0,2386736586;241.177,69;0;EUR
Muster SCHWEIZ Substanz;23.12.2025;0,0027516560;3.427,55;0,2420673213;244.605,24;0;EUR
Muster SCHWEIZ Substanz;24.12.2025;0,0006479450;809,32;0,2428699505;245.414,56;0;EUR
Muster SCHWEIZ Substanz;25.12.2025;0,0000683197;85,39;0,2429561579;245.499,95;0;EUR
Muster SCHWEIZ Substanz;26.12.2025;-0,0003137023;-392,11;0,2425698035;245.107,84;0;EUR
Muster SCHWEIZ Substanz;27.12.2025;0,0000123468;15,43;0,2425850718;245.123,26;0;EUR
Muster SCHWEIZ Substanz;28.12.2025;0,0000123467;15,43;0,2426003401;245.138,69;0;EUR
Muster SCHWEIZ Substanz;29.12.2025;-0,0030429697;-3.802,47;0,2388389117;241.336,22;0;EUR
Muster SCHWEIZ Substanz;30.12.2025;0,0044610349;5.557,51;0,2443406095;246.893,73;0;EUR
Muster SCHWEIZ Substanz;31.12.2025;-0,0016535280;-2.069,14;0,2422945525;244.824,60;0;EUR
Muster SCHWEIZ Substanz;01.01.2026;-0,0001555847;-194,37;0,2421038694;244.630,23;0;EUR
Muster SCHWEIZ Substanz;02.01.2026;-0,0003685090;-460,30;0,2416499943;244.169,93;0;EUR
Muster SCHWEIZ Substanz;03.01.2026;0,0000123561;15,43;0,2416652632;244.185,36;0;EUR
Muster SCHWEIZ Substanz;04.01.2026;0,0000123559;15,43;0,2416805320;244.200,78;0;EUR
Muster SCHWEIZ Substanz;05.01.2026;0,0092181442;11.510,26;0,2530737501;255.711,05;0;EUR
Muster SCHWEIZ Substanz;06.01.2026;0,0052131517;6.569,42;0,2595772036;262.280,47;0;EUR
Muster SCHWEIZ Substanz;07.01.2026;-0,0008724717;-1.105,19;0,2584851795;261.175,28;0;EUR
Muster SCHWEIZ Substanz;08.01.2026;-0,0001244357;-157,49;0,2583310806;261.017,79;0;EUR
Muster SCHWEIZ Substanz;09.01.2026;0,0076886410;9.729,75;0,2679625055;270.747,54;0;EUR
Muster SCHWEIZ Substanz;10.01.2026;0,0000120986;15,43;0,2679777749;270.762,97;0;EUR
Muster SCHWEIZ Substanz;11.01.2026;0,0000120984;15,43;0,2679930443;270.778,40;0;EUR
Muster SCHWEIZ Substanz;12.01.2026;0,0068138967;8.689,29;0,2765948371;279.467,69;0;EUR
Muster SCHWEIZ Substanz;13.01.2026;-0,0006896438;-885,45;0,2757203660;278.582,24;0;EUR
Muster SCHWEIZ Substanz;14.01.2026;0,0018047955;2.315,61;0,2780140782;280.897,85;0;EUR
Muster SCHWEIZ Substanz;15.01.2026;0,0035890375;4.613,17;0,2825818001;285.511,02;0;EUR
Muster SCHWEIZ Substanz;16.01.2026;-0,0009834776;-1.268,65;0,2813280651;284.242,37;0;EUR
Muster SCHWEIZ Substanz;17.01.2026;0,0000119719;15,43;0,2813433350;284.257,80;0;EUR
Muster SCHWEIZ Substanz;18.01.2026;0,0000119717;15,43;0,2813586049;284.273,23;0;EUR
Muster SCHWEIZ Substanz;19.01.2026;-0,0001923302;-247,86;0,2811151787;284.025,37;0;EUR
Muster SCHWEIZ Substanz;20.01.2026;-0,0008079507;-1.041,03;0,2800867010;282.984,34;0;EUR
Muster SCHWEIZ Substanz;21.01.2026;0,0045586214;5.868,94;0,2858974587;288.853,28;0;EUR
Muster SCHWEIZ Substanz;22.01.2026;0,0043583948;5.636,74;0,2914784644;294.490,02;0;EUR
Muster SCHWEIZ Substanz;23.01.2026;0,0045212600;5.872,86;0,2972932468;300.362,87;0;EUR
Muster SCHWEIZ Substanz;24.01.2026;0,0000118240;15,43;0,2973085172;300.378,30;0;EUR
Muster SCHWEIZ Substanz;25.01.2026;0,0000118238;15,43;0,2973237876;300.393,73;0;EUR
Muster SCHWEIZ Substanz;26.01.2026;0,0060222230;7.858,07;0,3051035857;308.251,80;0;EUR
Muster SCHWEIZ Substanz;27.01.2026;-0,0005230664;-686,63;0,3044259893;307.565,17;0;EUR
Muster SCHWEIZ Substanz;28.01.2026;0,0072329149;9.489,71;0,3138209229;317.054,88;0;EUR
Muster SCHWEIZ Substanz;29.01.2026;-0,0003857900;-509,82;0,3133183708;316.545,06;0;EUR
Muster SCHWEIZ Substanz;30.01.2026;-0,0193991265;-25.626,20;0,2879552948;290.918,86;0;EUR
Muster SCHWEIZ Substanz;31.01.2026;0,0000119102;15,43;0,2879705657;290.934,29;0;EUR
Muster SCHWEIZ Substanz;01.02.2026;0,0000119100;15,43;0,2879858366;290.949,72;0;EUR
Muster SCHWEIZ Substanz;02.02.2026;-0,0060985323;-7.900,05;0,2801681070;283.049,67;0;EUR
Muster SCHWEIZ Substanz;03.02.2026;0,0108327925;13.947,24;0,2939752912;296.996,91;0;EUR
Muster SCHWEIZ Substanz;04.02.2026;-0,0031190967;-4.059,35;0,2899591447;292.937,56;0;EUR
Muster SCHWEIZ Substanz;05.02.2026;-0,0094752763;-12.293,13;0,2777928228;280.644,43;0;EUR
Muster SCHWEIZ Substanz;06.02.2026;0,0092171058;11.844,87;0,2895192293;292.489,31;0;EUR
Muster SCHWEIZ Substanz;07.02.2026;0,0000118957;15,43;0,2895345007;292.504,74;0;EUR
Muster SCHWEIZ Substanz;08.02.2026;0,0000118956;15,43;0,2895497721;292.520,16;0;EUR
Muster SCHWEIZ Substanz;09.02.2026;0,0063407052;8.223,72;0,2976919222;300.743,88;0;EUR
Muster SCHWEIZ Substanz;10.02.2026;-0,0041947177;-5.474,93;0,2922744505;295.268,95;0;EUR
Muster SCHWEIZ Substanz;11.02.2026;0,0046976600;6.105,65;0,2983201110;301.374,60;0;EUR
Muster SCHWEIZ Substanz;12.02.2026;-0,0103396073;-13.501,74;0,2849570585;287.872,86;0;EUR
Muster SCHWEIZ Substanz;13.02.2026;0,0038838192;5.019,16;0,2899272480;292.892,02;0;EUR
Muster SCHWEIZ Substanz;14.02.2026;0,0000118920;15,43;0,2899425199;292.907,45;0;EUR
Muster SCHWEIZ Substanz;15.02.2026;0,0000118919;15,43;0,2899577918;292.922,88;0;EUR
Muster SCHWEIZ Substanz;16.02.2026;-0,0001377970;-178,77;0,2897826921;292.744,10;0;EUR
Muster SCHWEIZ Substanz;17.02.2026;-0,0047014524;-6.051,34;0,2837975737;286.692,76;0;EUR
Muster SCHWEIZ Substanz;18.02.2026;0,0118639199;15.198,51;0,2988478630;301.891,28;0;EUR
Muster SCHWEIZ Substanz;19.02.2026;-0,0001686492;-218,61;0,2986366967;301.672,66;0;EUR
Muster SCHWEIZ Substanz;20.02.2026;0,0045791140;5.934,76;0,3045170671;307.607,42;0;EUR
Muster SCHWEIZ Substanz;21.02.2026;0,0000118497;15,43;0,3045323402;307.622,85;0;EUR
Muster SCHWEIZ Substanz;22.02.2026;0,0000118495;15,43;0,3045476133;307.638,28;0;EUR
Muster SCHWEIZ Substanz;23.02.2026;0,0000118494;15,43;0,3045682112;307.653,71;0;EUR
