Portfolio Name;Datum;Performance [%] (Intervall);Performance (Intervall);Performance [%] (kumuliert);Performance (kumuliert);Benchmark Performance [%] (Intervall);Währung
Muster offensiv cVV;30.12.2008;0;0;0;0;0;EUR
Muster offensiv cVV;31.12.2008;0,0030317489;2.582,38;0,0030317489;2.582,38;0,008361612;EUR
Muster offensiv cVV;01.01.2009;-0,0000441092;-37,69;0,0029875059;2.544,70;0;EUR
Muster offensiv cVV;02.01.2009;0,0101146280;8.641,17;0,0131323514;11.185,86;0,022725632;EUR
Muster offensiv cVV;03.01.2009;0,0000325926;28,13;0,0131653720;11.213,99;0;EUR
Muster offensiv cVV;04.01.2009;0,0000326031;28,14;0,0131984044;11.242,13;0;EUR
Muster offensiv cVV;05.01.2009;0,0082093062;7.084,81;0,0215160603;18.326,93;0,008873515;EUR
Muster offensiv cVV;06.01.2009;0,0071306542;6.204,43;0,0288001381;24.531,36;0,011318578;EUR
Muster offensiv cVV;07.01.2009;-0,0064833572;-5.681,43;0,0221300593;18.849,92;-0,017474280;EUR
Muster offensiv cVV;08.01.2009;-0,0053595718;-4.666,20;0,0166518799;14.183,72;-0,005810837;EUR
Muster offensiv cVV;09.01.2009;-0,0039973236;-3.461,53;0,0125879934;10.722,19;-0,007037070;EUR
Muster offensiv cVV;10.01.2009;0,0000326101;28,13;0,0126210140;10.750,32;0;EUR
Muster offensiv cVV;11.01.2009;0,0000326091;28,13;0,0126540347;10.778,44;0;EUR
Muster offensiv cVV;12.01.2009;-0,0047745630;-4.118,34;0,0078190541;6.660,11;-0,008309747;EUR
Muster offensiv cVV;13.01.2009;-0,0047891525;-4.111,20;0,0029924550;2.548,91;-0,007033037;EUR
Muster offensiv cVV;14.01.2009;-0,0116393585;-9.943,83;-0,0086817337;-7.394,92;-0,027896488;EUR
Muster offensiv cVV;15.01.2009;-0,0142499593;-12.032,44;-0,0228079786;-19.427,36;-0,008200590;EUR
Muster offensiv cVV;16.01.2009;0,0059128301;4.921,55;-0,0170300082;-14.505,81;0,002486443;EUR
Muster offensiv cVV;17.01.2009;0,0000336047;28,14;-0,0169969758;-14.477,67;0;EUR
Muster offensiv cVV;18.01.2009;0,0000335916;28,13;-0,0169639552;-14.449,54;0;EUR
Muster offensiv cVV;19.01.2009;0,0000991851;83,05;-0,0168664527;-14.366,49;-0,004698470;EUR
Muster offensiv cVV;20.01.2009;-0,0043763797;-3.664,84;-0,0211690184;-18.031,33;-0,016425237;EUR
Muster offensiv cVV;21.01.2009;-0,0046879195;-3.908,54;-0,0257576992;-21.939,87;0,010336171;EUR
Muster offensiv cVV;22.01.2009;-0,0017220377;-1.429,01;-0,0274353812;-23.368,89;-0,010311358;EUR
Muster offensiv cVV;23.01.2009;-0,0039015683;-3.232,10;-0,0312299085;-26.600,98;-0,001652731;EUR
Muster offensiv cVV;24.01.2009;0,0000412235;34,02;-0,0311899724;-26.566,97;0;EUR
Muster offensiv cVV;25.01.2009;0,0000412339;34,03;-0,0311500246;-26.532,94;0;EUR
Muster offensiv cVV;26.01.2009;0,0074742436;6.168,09;-0,0239086039;-20.364,85;0,009126867;EUR
Muster offensiv cVV;27.01.2009;0,0022441286;1.865,80;-0,0217181292;-18.499,05;0,004278501;EUR
Muster offensiv cVV;28.01.2009;0,0101668605;8.471,84;-0,0117720739;-10.027,21;0,026650807;EUR
Muster offensiv cVV;29.01.2009;0,0019141513;1.611,24;-0,0098804561;-8.415,97;-0,012207219;EUR
Muster offensiv cVV;30.01.2009;-0,0013947318;-1.176,27;-0,0112614073;-9.592,23;-0,008371414;EUR
Muster offensiv cVV;31.01.2009;0,0000403909;34,02;-0,0112214713;-9.558,22;0;EUR
Muster offensiv cVV;01.02.2009;0,0000403893;34,02;-0,0111815352;-9.524,20;0;EUR
Muster offensiv cVV;02.02.2009;-0,0075996408;-6.400,83;-0,0186962003;-15.925,03;-0,009522585;EUR
Muster offensiv cVV;03.02.2009;0,0011586419;968,46;-0,0175592206;-14.956,58;0,011011293;EUR
Muster offensiv cVV;04.02.2009;0,0047920804;4.010,12;-0,0128512853;-10.946,46;0,014716730;EUR
Muster offensiv cVV;05.02.2009;0,0094321529;7.930,86;-0,0035403478;-3.015,59;0,005629905;EUR
Muster offensiv cVV;06.02.2009;0,0032697832;2.775,27;-0,0002821407;-240,32;0,018728580;EUR
Muster offensiv cVV;07.02.2009;0,0000361211;30,76;-0,0002460298;-209,56;0;EUR
Muster offensiv cVV;08.02.2009;0,0000361198;30,76;-0,0002099190;-178,80;0;EUR
Muster offensiv cVV;09.02.2009;0,0018196370;1.549,60;0,0016093361;1.370,80;-0,002183994;EUR
Muster offensiv cVV;10.02.2009;-0,0059110708;-5.043,03;-0,0043112476;-3.672,23;-0,024659079;EUR
Muster offensiv cVV;11.02.2009;-0,0039053365;-3.312,14;-0,0081997472;-6.984,37;0,007086228;EUR
Muster offensiv cVV;12.02.2009;-0,0044777604;-3.782,79;-0,0126407911;-10.767,16;-0,008826038;EUR
Muster offensiv cVV;13.02.2009;-0,0026802131;-2.254,09;-0,0152871242;-13.021,25;-0,004110163;EUR
Muster offensiv cVV;14.02.2009;0,0000366715;30,76;-0,0152510133;-12.990,49;0;EUR
Muster offensiv cVV;15.02.2009;0,0000366701;30,76;-0,0152149024;-12.959,74;0;EUR
Muster offensiv cVV;16.02.2009;-0,0002327374;-195,22;-0,0154440987;-13.154,96;-0,002435150;EUR
Muster offensiv cVV;17.02.2009;-0,0071809164;-6.022,09;-0,0225141124;-19.177,05;-0,021430173;EUR
Muster offensiv cVV;18.02.2009;-0,0054114293;-4.505,57;-0,0278037081;-23.682,62;-0,002636015;EUR
Muster offensiv cVV;19.02.2009;-0,0000434330;-35,97;-0,0278459335;-23.718,59;-0,005676301;EUR
Muster offensiv cVV;20.02.2009;-0,0133237834;-11.032,90;-0,0407987037;-34.751,48;-0,023380341;EUR
Muster offensiv cVV;21.02.2009;0,0000376468;30,76;-0,0407625928;-34.720,73;0;EUR
Muster offensiv cVV;22.02.2009;0,0000376454;30,76;-0,0407264820;-34.689,97;0;EUR
Muster offensiv cVV;23.02.2009;-0,0087758805;-7.170,68;-0,0491449517;-41.860,64;-0,018714668;EUR
Muster offensiv cVV;24.02.2009;-0,0089110521;-7.217,23;-0,0576180706;-49.077,87;0,000819798;EUR
Muster offensiv cVV;25.02.2009;-0,0055975857;-4.493,19;-0,0628931341;-53.571,06;-0,004987169;EUR
Muster offensiv cVV;26.02.2009;-0,0005342737;-426,46;-0,0633938057;-53.997,52;0,006227044;EUR
Muster offensiv cVV;27.02.2009;-0,0012853517;-1.025,43;-0,0645976741;-55.022,95;-0,013815463;EUR
Muster offensiv cVV;28.02.2009;0,0000386046;30,76;-0,0645615632;-54.992,19;0;EUR
Muster offensiv cVV;01.03.2009;0,0000385906;30,75;-0,0645254640;-54.961,44;0;EUR
Muster offensiv cVV;02.03.2009;-0,0145332417;-11.580,34;-0,0781209416;-66.541,79;-0,027574013;EUR
Muster offensiv cVV;03.03.2009;-0,0129324655;-10.155,05;-0,0900431107;-76.696,84;-0,005786526;EUR
Muster offensiv cVV;04.03.2009;0,0075208062;5.829,24;-0,0831995013;-70.867,60;0,028953242;EUR
Muster offensiv cVV;05.03.2009;-0,0056500883;-4.412,22;-0,0883795051;-75.279,82;-0,029910091;EUR
Muster offensiv cVV;06.03.2009;-0,0079665948;-6.186,06;-0,0956420161;-81.465,87;-0,007457083;EUR
Muster offensiv cVV;07.03.2009;0,0000456500;35,16;-0,0956007322;-81.430,71;0;EUR
Muster offensiv cVV;08.03.2009;0,0000456349;35,15;-0,0955594600;-81.395,55;0;EUR
Muster offensiv cVV;09.03.2009;-0,0057122831;-4.400,65;-0,1007258804;-85.796,20;-0,002492658;EUR
Muster offensiv cVV;10.03.2009;0,0134429233;10.297,05;-0,0886370073;-75.499,15;0,035065694;EUR
Muster offensiv cVV;11.03.2009;0,0105190668;8.165,74;-0,0790503192;-67.333,41;0,004471622;EUR
Muster offensiv cVV;12.03.2009;0,0025033260;1.963,72;-0,0767448819;-65.369,69;0,011745617;EUR
Muster offensiv cVV;13.03.2009;0,0047105858;3.704,45;-0,0723958094;-61.665,24;0,002144811;EUR
Muster offensiv cVV;14.03.2009;0,0000445060;35,16;-0,0723545255;-61.630,08;0;EUR
Muster offensiv cVV;15.03.2009;0,0000445040;35,16;-0,0723132415;-61.594,91;0;EUR
Muster offensiv cVV;16.03.2009;0,0130860798;10.340,41;-0,0601734586;-51.254,50;0,009435777;EUR
Muster offensiv cVV;17.03.2009;-0,0015893101;-1.272,28;-0,0616671344;-52.526,78;0,001397859;EUR
Muster offensiv cVV;18.03.2009;-0,0007973250;-637,26;-0,0624152907;-53.164,04;0,001740207;EUR
Muster offensiv cVV;19.03.2009;0,0053613651;4.281,67;-0,0573885567;-48.882,38;-0,004585622;EUR
Muster offensiv cVV;20.03.2009;0,0016064033;1.289,78;-0,0558743425;-47.592,60;0,001487710;EUR
Muster offensiv cVV;21.03.2009;0,0000437147;35,15;-0,0558330704;-47.557,44;0;EUR
Muster offensiv cVV;22.03.2009;0,0000437253;35,16;-0,0557917864;-47.522,28;0;EUR
Muster offensiv cVV;23.03.2009;0,0078217615;6.290,71;-0,0484064149;-41.231,57;0,028834525;EUR
Muster offensiv cVV;24.03.2009;0,0034229089;2.774,43;-0,0451491968;-38.457,14;-0,001283145;EUR
Muster offensiv cVV;25.03.2009;0,0035081410;2.853,25;-0,0417994456;-35.603,90;0,005322654;EUR
Muster offensiv cVV;26.03.2009;0,0032342611;2.639,72;-0,0387003748;-32.964,17;0,008846121;EUR
Muster offensiv cVV;27.03.2009;0,0024311269;1.990,64;-0,0363633334;-30.973,53;-0,004253568;EUR
Muster offensiv cVV;28.03.2009;0,0000428418;35,16;-0,0363220495;-30.938,36;0;EUR
Muster offensiv cVV;29.03.2009;0,0000428278;35,15;-0,0362807773;-30.903,21;0;EUR
Muster offensiv cVV;30.03.2009;-0,0130672202;-10.726,57;-0,0488739086;-41.629,78;-0,029173144;EUR
Muster offensiv cVV;31.03.2009;0,0039272359;3.181,65;-0,0451386121;-38.448,13;0,012098181;EUR
Muster offensiv cVV;01.04.2009;0,0064128293;5.215,75;-0,0390152490;-33.232,37;0,011668581;EUR
Muster offensiv cVV;02.04.2009;0,0124061935;10.155,05;-0,0270930862;-23.077,33;0,031081481;EUR
Muster offensiv cVV;03.04.2009;0,0028477062;2.359,90;-0,0243225332;-20.717,43;0,001241776;EUR
Muster offensiv cVV;04.04.2009;0,0000384265;31,93;-0,0242850413;-20.685,49;0;EUR
Muster offensiv cVV;05.04.2009;0,0000384250;31,93;-0,0242475494;-20.653,56;0;EUR
Muster offensiv cVV;06.04.2009;-0,0031037313;-2.579,59;-0,0272760228;-23.233,15;-0,004957301;EUR
Muster offensiv cVV;07.04.2009;0,0006316877;523,38;-0,0266615651;-22.709,76;-0,005111214;EUR
Muster offensiv cVV;08.04.2009;0,0003484111;288,86;-0,0263224432;-22.420,91;0,006009391;EUR
Muster offensiv cVV;09.04.2009;0,0101117105;8.386,23;-0,0164768977;-14.034,68;0,023933006;EUR
Muster offensiv cVV;10.04.2009;0,0023342897;1.955,54;-0,0141810698;-12.079,14;0,000259468;EUR
Muster offensiv cVV;11.04.2009;0,0000380312;31,93;-0,0141435780;-12.047,20;0;EUR
Muster offensiv cVV;12.04.2009;0,0000380297;31,93;-0,0141060861;-12.015,27;0;EUR
Muster offensiv cVV;13.04.2009;-0,0002497008;-209,69;-0,0143522646;-12.224,96;-0,001219113;EUR
Muster offensiv cVV;14.04.2009;0,0055973616;4.699,29;-0,0088352378;-7.525,67;0,006355253;EUR
Muster offensiv cVV;15.04.2009;0,0013336861;1.125,97;-0,0075133351;-6.399,70;0,003604982;EUR
Muster offensiv cVV;16.04.2009;0,0035558467;3.006,04;-0,0039842047;-3.393,66;0,009775924;EUR
Muster offensiv cVV;17.04.2009;0,0045153458;3.830,75;0,0005131511;437,09;0,011340384;EUR
Muster offensiv cVV;18.04.2009;0,0000374726;31,93;0,0005506429;469,03;0;EUR
Muster offensiv cVV;19.04.2009;0,0000374712;31,93;0,0005881348;500,96;0;EUR
Muster offensiv cVV;20.04.2009;-0,0102016168;-8.694,63;-0,0096194819;-8.193,67;-0,024057748;EUR
Muster offensiv cVV;21.04.2009;0,0012523422;1.056,46;-0,0083791865;-7.137,22;0,003600090;EUR
Muster offensiv cVV;22.04.2009;0,0022992460;1.942,04;-0,0060992063;-5.195,18;0,005832034;EUR
Muster offensiv cVV;23.04.2009;0,0013773072;1.166,01;-0,0047302996;-4.029,17;-0,002377014;EUR
Muster offensiv cVV;24.04.2009;0,0101241396;8.582,74;0,0053459498;4.553,57;0,013970539;EUR
Muster offensiv cVV;25.04.2009;0,0000372925;31,93;0,0053834417;4.585,50;0;EUR
Muster offensiv cVV;26.04.2009;0,0000372911;31,93;0,0054209335;4.617,44;0;EUR
Muster offensiv cVV;27.04.2009;0,0034580550;2.961,47;0,0088977344;7.578,90;0,003056972;EUR
Muster offensiv cVV;28.04.2009;-0,0078042646;-6.706,66;0,0010240296;872,25;-0,009208766;EUR
Muster offensiv cVV;29.04.2009;0,0092529585;7.889,55;0,0102864634;8.761,79;0,011564850;EUR
Muster offensiv cVV;30.04.2009;0,0060675644;5.221,39;0,0164164416;13.983,18;0,008435631;EUR
Muster offensiv cVV;01.05.2009;-0,0000358754;-31,06;0,0163799772;13.952,12;0,001296179;EUR
Muster offensiv cVV;02.05.2009;0,0000361715;31,31;0,0164167412;13.983,44;0;EUR
Muster offensiv cVV;03.05.2009;0,0000361817;31,32;0,0164535169;14.014,76;0;EUR
Muster offensiv cVV;04.05.2009;0,0158754827;13.744,90;0,0325902071;27.759,66;0,018511957;EUR
Muster offensiv cVV;05.05.2009;-0,0026960500;-2.371,28;0,0298062923;25.388,38;-0,002901703;EUR
Muster offensiv cVV;06.05.2009;0,0043945176;3.854,73;0,0343317942;29.243,11;0,008858023;EUR
Muster offensiv cVV;07.05.2009;-0,0011720664;-1.032,62;0,0331194886;28.210,49;-0,009805535;EUR
Muster offensiv cVV;08.05.2009;0,0031806023;2.798,90;0,0364054308;31.009,39;0,014609772;EUR
Muster offensiv cVV;09.05.2009;0,0000354726;31,31;0,0364421948;31.040,70;0;EUR
Muster offensiv cVV;10.05.2009;0,0000354713;31,31;0,0364789588;31.072,02;0;EUR
Muster offensiv cVV;11.05.2009;-0,0024926795;-2.200,66;0,0338953489;28.871,35;-0,010524463;EUR
Muster offensiv cVV;12.05.2009;0,0035621903;3.137,04;0,0375782809;32.008,40;-0,002402703;EUR
Muster offensiv cVV;13.05.2009;-0,0054296199;-4.798,63;0,0319446253;27.209,77;-0,016095280;EUR
Muster offensiv cVV;14.05.2009;0,0021374195;1.878,77;0,0341503239;29.088,53;0,002099991;EUR
Muster offensiv cVV;15.05.2009;0,0005318814;468,52;0,0347003692;29.557,05;-0,000565012;EUR
Muster offensiv cVV;16.05.2009;0,0000355424;31,32;0,0347371449;29.588,38;0;EUR
Muster offensiv cVV;17.05.2009;0,0000355298;31,31;0,0347739089;29.619,69;0;EUR
Muster offensiv cVV;18.05.2009;0,0094577756;8.336,07;0,0445605684;37.955,76;0,018977906;EUR
Muster offensiv cVV;19.05.2009;0,0086058269;7.656,90;0,0535498758;45.612,67;0,008746998;EUR
Muster offensiv cVV;20.05.2009;0,0064939532;5.827,62;0,0603915795;51.440,29;0,003947972;EUR
Muster offensiv cVV;21.05.2009;-0,0095305449;-8.608,17;0,0502854699;42.832,11;-0,015023979;EUR
Muster offensiv cVV;22.05.2009;-0,0000468900;-41,95;0,0502362220;42.790,17;-0,003891571;EUR
Muster offensiv cVV;23.05.2009;0,0000350054;31,31;0,0502729860;42.821,48;0;EUR
Muster offensiv cVV;24.05.2009;0,0000350154;31,32;0,0503097617;42.852,81;0;EUR
Muster offensiv cVV;25.05.2009;0,0006571012;587,86;0,0509999216;43.440,67;-0,000736756;EUR
Muster offensiv cVV;26.05.2009;0,0041115037;3.680,70;0,0553211116;47.121,37;0,011948602;EUR
Muster offensiv cVV;27.05.2009;0,0028358378;2.549,14;0,0583138311;49.670,50;0,000157395;EUR
Muster offensiv cVV;28.05.2009;-0,0021406246;-1.929,67;0,0560483785;47.740,84;-0,004306676;EUR
Muster offensiv cVV;29.05.2009;0,0019970950;1.796,43;0,0581574074;49.537,27;0,001570228;EUR
Muster offensiv cVV;30.05.2009;0,0000347545;31,32;0,0581941832;49.568,59;0;EUR
Muster offensiv cVV;31.05.2009;0,0000347422;31,31;0,0582309472;49.599,91;0;EUR
Muster offensiv cVV;01.06.2009;0,0112826228;10.169,92;0,0701705677;59.769,83;0,024411329;EUR
Muster offensiv cVV;02.06.2009;-0,0004262360;-388,54;0,0697144225;59.381,29;-0,000996350;EUR
Muster offensiv cVV;03.06.2009;-0,0058591583;-5.338,63;0,0634467964;54.042,66;-0,009029665;EUR
Muster offensiv cVV;04.06.2009;-0,0004362354;-395,15;0,0629828832;53.647,51;0,000930424;EUR
Muster offensiv cVV;05.06.2009;-0,0009050549;-819,46;0,0620208254;52.828,04;0,002994839;EUR
Muster offensiv cVV;06.06.2009;0,0000338764;30,64;0,0620568028;52.858,69;0;EUR
Muster offensiv cVV;07.06.2009;0,0000338752;30,64;0,0620927802;52.889,33;0;EUR
Muster offensiv cVV;08.06.2009;-0,0051970391;-4.701,60;0,0565730425;48.187,74;-0,003721645;EUR
Muster offensiv cVV;09.06.2009;-0,0001029000;-92,61;0,0564643212;48.095,13;-0,001109783;EUR
Muster offensiv cVV;10.06.2009;0,0048358588;4.351,66;0,0615732334;52.446,80;0,005849049;EUR
Muster offensiv cVV;11.06.2009;0,0033676362;3.045,10;0,0651482258;55.491,90;0,005649536;EUR
Muster offensiv cVV;12.06.2009;-0,0024230138;-2.198,33;0,0625673569;53.293,57;-0,000984199;EUR
Muster offensiv cVV;13.06.2009;0,0000338589;30,64;0,0626033343;53.324,21;0;EUR
Muster offensiv cVV;14.06.2009;0,0000338578;30,64;0,0626393117;53.354,86;0;EUR
Muster offensiv cVV;15.06.2009;-0,0108018193;-9.777,09;0,0511608739;43.577,76;-0,017483945;EUR
Muster offensiv cVV;16.06.2009;0,0005617101;502,93;0,0517513217;44.080,70;-0,004660499;EUR
Muster offensiv cVV;17.06.2009;-0,0072346089;-6.481,20;0,0441423122;37.599,50;-0,008606295;EUR
Muster offensiv cVV;18.06.2009;0,0019000873;1.689,90;0,0461262737;39.289,40;0,002202584;EUR
Muster offensiv cVV;19.06.2009;0,0041112723;3.663,43;0,0504271837;42.952,82;0,004224123;EUR
Muster offensiv cVV;20.06.2009;0,0000342614;30,65;0,0504631728;42.983,48;0;EUR
Muster offensiv cVV;21.06.2009;0,0000342491;30,64;0,0504991502;43.014,12;0;EUR
Muster offensiv cVV;22.06.2009;-0,0105393609;-9.430,55;0,0394275605;33.583,57;-0,019592992;EUR
Muster offensiv cVV;23.06.2009;-0,0022789118;-2.017,66;0,0370587968;31.565,91;-0,002739615;EUR
Muster offensiv cVV;24.06.2009;0,0098642805;8.713,56;0,0472886356;40.279,47;0,015240397;EUR
Muster offensiv cVV;25.06.2009;0,0003333354;297,35;0,0476377340;40.576,83;0,003907554;EUR
Muster offensiv cVV;26.06.2009;-0,0009327131;-832,31;0,0466605886;39.744,52;-0,003646961;EUR
Muster offensiv cVV;27.06.2009;0,0000343735;30,64;0,0466965660;39.775,16;0;EUR
Muster offensiv cVV;28.06.2009;0,0000343835;30,65;0,0467325551;39.805,82;0;EUR
Muster offensiv cVV;29.06.2009;0,0070881606;6.319,70;0,0541519636;46.125,51;0,011567721;EUR
Muster offensiv cVV;30.06.2009;-0,0042763966;-3.839,80;0,0496439917;42.285,72;-0,007511940;EUR
Muster offensiv cVV;01.07.2009;0,0069918612;6.251,18;0,0569829568;48.536,89;0,008379045;EUR
Muster offensiv cVV;02.07.2009;-0,0118333495;-10.653,75;0,0444753081;37.883,14;-0,019782182;EUR
Muster offensiv cVV;03.07.2009;-0,0035480361;-3.156,55;0,0407694720;34.726,59;-0,000874029;EUR
Muster offensiv cVV;04.07.2009;0,0000334175;29,62;0,0408042519;34.756,21;0;EUR
Muster offensiv cVV;05.07.2009;0,0000334051;29,61;0,0408390200;34.785,83;0;EUR
Muster offensiv cVV;06.07.2009;-0,0042398701;-3.758,92;0,0364259978;31.026,90;-0,003979959;EUR
Muster offensiv cVV;07.07.2009;-0,0045350720;-4.003,59;0,0317257314;27.023,32;-0,010899295;EUR
Muster offensiv cVV;08.07.2009;-0,0029299653;-2.574,86;0,0287028107;24.448,46;-0,002361599;EUR
Muster offensiv cVV;09.07.2009;0,0038749418;3.395,33;0,0326889742;27.843,79;0,004622601;EUR
Muster offensiv cVV;10.07.2009;-0,0042467007;-3.735,50;0,0283034532;24.108,29;-0,004936696;EUR
Muster offensiv cVV;11.07.2009;0,0000338112;29,61;0,0283382214;24.137,91;0;EUR
Muster offensiv cVV;12.07.2009;0,0000338215;29,62;0,0283730013;24.167,53;0;EUR
Muster offensiv cVV;13.07.2009;0,0061182759;5.359,28;0,0346648711;29.526,81;0,017265179;EUR
Muster offensiv cVV;14.07.2009;0,0064234343;5.661,01;0,0413109729;35.187,82;0,008893259;EUR
Muster offensiv cVV;15.07.2009;0,0146792112;13.019,98;0,0565965966;48.207,80;0,017797472;EUR
Muster offensiv cVV;16.07.2009;0,0050156487;4.514,02;0,0618961139;52.721,82;0,005015379;EUR
Muster offensiv cVV;17.07.2009;0,0007425117;671,60;0,0626845843;53.393,42;0,002232503;EUR
Muster offensiv cVV;18.07.2009;0,0000327283;29,62;0,0627193642;53.423,05;0;EUR
Muster offensiv cVV;19.07.2009;0,0000327162;29,61;0,0627541323;53.452,66;0;EUR
Muster offensiv cVV;20.07.2009;0,0060833878;5.506,88;0,0692192778;58.959,54;0,006290915;EUR
Muster offensiv cVV;21.07.2009;0,0019207737;1.749,32;0,0712730061;60.708,86;0,008418619;EUR
Muster offensiv cVV;22.07.2009;0,0020543228;1.874,54;0,0734737466;62.583,40;0,002931794;EUR
Muster offensiv cVV;23.07.2009;0,0097391068;8.905,07;0,0839284221;71.488,48;0,014991642;EUR
Muster offensiv cVV;24.07.2009;-0,0026979906;-2.490,97;0,0810039934;68.997,51;0,000916354;EUR
Muster offensiv cVV;25.07.2009;0,0000321628;29,61;0,0810387616;69.027,13;0;EUR
Muster offensiv cVV;26.07.2009;0,0000321727;29,62;0,0810735415;69.056,75;0;EUR
Muster offensiv cVV;27.07.2009;0,0035553890;3.273,93;0,0849171785;72.330,68;0,003080009;EUR
Muster offensiv cVV;28.07.2009;-0,0048554811;-4.487,00;0,0796493837;67.843,68;-0,005131181;EUR
Muster offensiv cVV;29.07.2009;0,0043660495;3.978,88;0,0843260839;71.822,56;0,008502078;EUR
Muster offensiv cVV;30.07.2009;0,0099770527;9.132,01;0,0950539342;80.954,58;0,012154520;EUR
Muster offensiv cVV;31.07.2009;-0,0017866341;-1.651,62;0,0931205096;79.302,95;-0,001538535;EUR
Muster offensiv cVV;01.08.2009;0,0000321038;29,62;0,0931552961;79.332,58;0;EUR
Muster offensiv cVV;02.08.2009;0,0000319402;29,47;0,0931899065;79.362,05;0;EUR
Muster offensiv cVV;03.08.2009;0,0065347833;6.030,57;0,1002774472;85.392,62;0,007273936;EUR
Muster offensiv cVV;04.08.2009;-0,0016511698;-1.533,72;0,0984824099;83.858,89;0,000040575;EUR
Muster offensiv cVV;05.08.2009;-0,0055351105;-5.132,92;0,0924599915;78.725,98;-0,005836577;EUR
Muster offensiv cVV;06.08.2009;0,0011522241;1.062,59;0,0937135452;79.788,56;0,000649639;EUR
Muster offensiv cVV;07.08.2009;0,0033114971;3.057,40;0,0973102678;82.845,96;0,010370623;EUR
Muster offensiv cVV;08.08.2009;0,0000318191;29,47;0,0973448887;82.875,44;0;EUR
Muster offensiv cVV;09.08.2009;0,0000318180;29,47;0,0973795095;82.904,91;0;EUR
Muster offensiv cVV;10.08.2009;-0,0016436414;-1.522,64;0,0955965886;81.382,27;-0,002247333;EUR
Muster offensiv cVV;11.08.2009;-0,0074852252;-6.922,80;0,0874696775;74.459,47;-0,011786674;EUR
Muster offensiv cVV;12.08.2009;0,0021635070;1.985,97;0,0898077483;76.445,44;0,006265771;EUR
Muster offensiv cVV;13.08.2009;0,0019764530;1.818,19;0,0919489031;78.263,63;0,006409041;EUR
Muster offensiv cVV;14.08.2009;-0,0037285072;-3.436,72;0,0879160984;74.826,90;-0,006180131;EUR
Muster offensiv cVV;15.08.2009;0,0000320969;29,47;0,0879507291;74.856,38;0;EUR
Muster offensiv cVV;16.08.2009;0,0000320959;29,47;0,0879853598;74.885,85;0;EUR
Muster offensiv cVV;17.08.2009;-0,0107522246;-9.874,47;0,0763877687;65.011,38;-0,013554923;EUR
Muster offensiv cVV;18.08.2009;0,0043407146;3.943,50;0,0810257224;68.954,88;0,006575993;EUR
Muster offensiv cVV;19.08.2009;0,0032265196;2.943,99;0,0844895785;71.898,87;-0,001827233;EUR
Muster offensiv cVV;20.08.2009;0,0072180738;6.607,27;0,0922587575;78.506,13;0,009659593;EUR
Muster offensiv cVV;21.08.2009;0,0106623085;9.830,49;0,1038167582;88.336,63;0,014237168;EUR
Muster offensiv cVV;22.08.2009;0,0000316423;29,48;0,1038514099;88.366,11;0;EUR
Muster offensiv cVV;23.08.2009;0,0000316306;29,47;0,1038860498;88.395,59;0;EUR
Muster offensiv cVV;24.08.2009;0,0061588118;5.739,24;0,1106367385;94.134,83;0,006231038;EUR
Muster offensiv cVV;25.08.2009;0,0016540554;1.550,87;0,1124651998;95.685,69;0,003883533;EUR
Muster offensiv cVV;26.08.2009;-0,0029403515;-2.761,47;0,1092249692;92.924,22;-0,000771149;EUR
Muster offensiv cVV;27.08.2009;-0,0014648846;-1.371,72;0,1076179734;91.552,49;-0,003636847;EUR
Muster offensiv cVV;28.08.2009;0,0029699098;2.776,96;0,1108876830;94.329,45;0,002293704;EUR
Muster offensiv cVV;29.08.2009;0,0000314294;29,47;0,1109223316;94.358,93;0;EUR
Muster offensiv cVV;30.08.2009;0,0000314391;29,48;0,1109569921;94.388,41;0;EUR
Muster offensiv cVV;31.08.2009;-0,0041665361;-3.907,66;0,1063685692;90.480,75;-0,005762750;EUR
Muster offensiv cVV;01.09.2009;-0,0074263679;-6.935,93;0,0982194576;83.544,82;-0,014551219;EUR
Muster offensiv cVV;02.09.2009;0,0020025848;1.856,44;0,1004067573;85.401,27;-0,001052084;EUR
Muster offensiv cVV;03.09.2009;0,0028360461;2.634,35;0,1035088384;88.035,62;0,000114011;EUR
Muster offensiv cVV;04.09.2009;0,0060983900;5.680,74;0,1101931507;93.716,36;0,010690000;EUR
Muster offensiv cVV;05.09.2009;0,0000314500;29,47;0,1102278076;93.745,83;0;EUR
Muster offensiv cVV;06.09.2009;0,0000314490;29,47;0,1102624645;93.775,31;0;EUR
Muster offensiv cVV;07.09.2009;0,0052795682;4.948,30;0,1160860847;98.723,60;0,006555149;EUR
Muster offensiv cVV;08.09.2009;0,0018259309;1.720,40;0,1181144140;100.444,00;0,001064119;EUR
Muster offensiv cVV;09.09.2009;0,0009508814;897,56;0,1191752296;101.341,56;0,006749308;EUR
Muster offensiv cVV;10.09.2009;0,0014501737;1.370,15;0,1207918664;102.711,71;0,005350159;EUR
Muster offensiv cVV;11.09.2009;0,0039015054;3.691,57;0,1251387562;106.403,28;0,002809309;EUR
Muster offensiv cVV;12.09.2009;0,0000310299;29,47;0,1251734209;106.432,76;0;EUR
Muster offensiv cVV;13.09.2009;0,0000310290;29,47;0,1252080856;106.462,23;0;EUR
Muster offensiv cVV;14.09.2009;-0,0019740834;-1.875,26;0,1230079750;104.586,97;-0,001344657;EUR
Muster offensiv cVV;15.09.2009;0,0008120780;769,90;0,1239188131;105.356,87;0,001730990;EUR
Muster offensiv cVV;16.09.2009;0,0070192732;6.660,14;0,1317579531;112.017,01;0,008458674;EUR
Muster offensiv cVV;17.09.2009;0,0006662306;636,58;0,1325122986;112.653,59;0,001576138;EUR
Muster offensiv cVV;18.09.2009;0,0004011041;383,51;0,1329689517;113.037,10;-0,002173466;EUR
Muster offensiv cVV;19.09.2009;0,0000308147;29,47;0,1330036238;113.066,58;0;EUR
Muster offensiv cVV;20.09.2009;0,0000308138;29,47;0,1330382959;113.096,05;0;EUR
Muster offensiv cVV;21.09.2009;-0,0048509237;-4.640,27;0,1275850613;108.455,78;-0,003202152;EUR
Muster offensiv cVV;22.09.2009;0,0047316141;4.504,19;0,1328891126;112.959,97;0,003331227;EUR
Muster offensiv cVV;23.09.2009;0,0001721446;164,65;0,1330881777;113.124,61;-0,001672299;EUR
Muster offensiv cVV;24.09.2009;-0,0077989249;-7.460,48;0,1243160806;105.664,13;-0,008575684;EUR
Muster offensiv cVV;25.09.2009;-0,0041447683;-3.933,98;0,1196924027;101.730,15;-0,003222176;EUR
Muster offensiv cVV;26.09.2009;0,0000311834;29,47;0,1197270818;101.759,63;0;EUR
Muster offensiv cVV;27.09.2009;0,0000311824;29,47;0,1197617609;101.789,10;0;EUR
Muster offensiv cVV;28.09.2009;0,0100675048;9.516,49;0,1309636813;111.305,60;0,016297068;EUR
Muster offensiv cVV;29.09.2009;0,0002383122;227,54;0,1312364862;111.533,13;0,000175703;EUR
Muster offensiv cVV;30.09.2009;-0,0015495652;-1.479,85;0,1295001662;110.053,28;-0,003893407;EUR
Muster offensiv cVV;01.10.2009;-0,0039616511;-3.777,56;0,1250598368;106.275,72;-0,014314915;EUR
Muster offensiv cVV;02.10.2009;-0,0088743457;-8.428,45;0,1151459886;97.847,26;-0,011171598;EUR
Muster offensiv cVV;03.10.2009;0,0000313120;29,47;0,1151806743;97.876,74;0;EUR
Muster offensiv cVV;04.10.2009;0,0000313110;29,47;0,1152153601;97.906,21;0;EUR
Muster offensiv cVV;05.10.2009;0,0020469030;1.926,92;0,1174873202;99.833,14;0,005970938;EUR
Muster offensiv cVV;06.10.2009;0,0110771416;10.449,20;0,1297891066;110.282,34;0,014433642;EUR
Muster offensiv cVV;07.10.2009;0,0016529006;1.576,47;0,1316492249;111.858,81;0,001404565;EUR
Muster offensiv cVV;08.10.2009;0,0054708879;5.226,55;0,1378054420;117.085,36;0,007958649;EUR
Muster offensiv cVV;09.10.2009;0,0023893422;2.295,12;0,1405117371;119.380,48;-0,000458846;EUR
Muster offensiv cVV;10.10.2009;0,0000306117;29,47;0,1405464292;119.409,95;0;EUR
Muster offensiv cVV;11.10.2009;0,0000306108;29,47;0,1405811212;119.439,43;0;EUR
Muster offensiv cVV;12.10.2009;0,0019278174;1.856,33;0,1427710892;121.295,76;0,005755295;EUR
Muster offensiv cVV;13.10.2009;-0,0031528573;-3.041,80;0,1391956210;118.253,96;-0,005532785;EUR
Muster offensiv cVV;14.10.2009;0,0063367274;6.094,24;0,1463741735;124.348,20;0,013423664;EUR
Muster offensiv cVV;15.10.2009;-0,0063129362;-6.109,83;0,1391868816;118.238,37;-0,001695070;EUR
Muster offensiv cVV;16.10.2009;-0,0078097243;-7.510,75;0,1303498766;110.727,62;-0,007401286;EUR
Muster offensiv cVV;17.10.2009;0,0000308893;29,47;0,1303845747;110.757,10;0;EUR
Muster offensiv cVV;18.10.2009;0,0000308884;29,47;0,1304192728;110.786,57;0;EUR
Muster offensiv cVV;19.10.2009;0,0083388240;7.957,45;0,1397915953;118.744,02;0,010021939;EUR
Muster offensiv cVV;20.10.2009;0,0006711081;645,76;0,1405565061;119.389,78;-0,003322980;EUR
Muster offensiv cVV;21.10.2009;0,0009718583;935,77;0,1416628682;120.325,55;-0,001293287;EUR
Muster offensiv cVV;22.10.2009;-0,0066248459;-6.385,06;0,1341499450;113.940,49;-0,004568411;EUR
Muster offensiv cVV;23.10.2009;0,0010763658;1.030,53;0,1353676572;114.971,03;-0,005271386;EUR
Muster offensiv cVV;24.10.2009;0,0000307526;29,47;0,1354023611;115.000,50;0;EUR
Muster offensiv cVV;25.10.2009;0,0000307516;29,47;0,1354370649;115.029,98;0;EUR
Muster offensiv cVV;26.10.2009;-0,0051990482;-4.983,34;0,1295738198;110.046,64;-0,008797682;EUR
Muster offensiv cVV;27.10.2009;-0,0023563524;-2.246,84;0,1269323313;107.799,80;0,000701819;EUR
Muster offensiv cVV;28.10.2009;-0,0135432877;-12.883,44;0,1117658347;94.916,36;-0,015094312;EUR
Muster offensiv cVV;29.10.2009;0,0045560712;4.275,40;0,1168038498;99.191,75;0,010437745;EUR
Muster offensiv cVV;30.10.2009;-0,0060498717;-5.703,04;0,1100916148;93.488,71;-0,016315838;EUR
Muster offensiv cVV;31.10.2009;0,0000314576;29,47;0,1101263241;93.518,19;0;EUR
Muster offensiv cVV;01.11.2009;0,0000314566;29,47;0,1101610334;93.547,66;0;EUR
Muster offensiv cVV;02.11.2009;-0,0048320592;-4.527,77;0,1048323856;89.019,89;0,000592440;EUR
Muster offensiv cVV;03.11.2009;-0,0012512512;-1.166,79;0,1034614880;87.853,10;-0,003517399;EUR
Muster offensiv cVV;04.11.2009;0,0104247876;9.708,94;0,1148988284;97.562,04;0,005734578;EUR
Muster offensiv cVV;05.11.2009;0,0010927616;1.028,33;0,1161133671;98.590,38;0,005359912;EUR
Muster offensiv cVV;06.11.2009;0,0021261838;2.003,01;0,1184758951;100.593,39;0,002416025;EUR
Muster offensiv cVV;07.11.2009;0,0000301087;28,42;0,1185093730;100.621,82;0;EUR
Muster offensiv cVV;08.11.2009;0,0000301078;28,42;0,1185428509;100.650,24;0;EUR
Muster offensiv cVV;09.11.2009;0,0112302373;10.602,80;0,1310343552;111.253,04;0,014672912;EUR
Muster offensiv cVV;10.11.2009;0,0008989954;858,30;0,1320491067;112.111,34;0,000647418;EUR
Muster offensiv cVV;11.11.2009;0,0051140243;4.886,91;0,1378090775;116.998,25;0,004986254;EUR
Muster offensiv cVV;12.11.2009;-0,0005402930;-518,94;0,1372017550;116.479,31;-0,000719501;EUR
Muster offensiv cVV;13.11.2009;0,0003232502;310,31;0,1375711653;116.789,62;0,003285811;EUR
Muster offensiv cVV;14.11.2009;0,0000296009;28,42;0,1376046480;116.818,04;0;EUR
Muster offensiv cVV;15.11.2009;0,0000296104;28,43;0,1376381425;116.846,48;0;EUR
Muster offensiv cVV;16.11.2009;0,0113071941;10.858,59;0,1504331334;127.705,07;0,011623394;EUR
Muster offensiv cVV;17.11.2009;0,0038655005;3.754,11;0,1548596896;131.459,18;0,000272566;EUR
Muster offensiv cVV;18.11.2009;0,0005314183;518,10;0,1554743063;131.977,28;-0,001892767;EUR
Muster offensiv cVV;19.11.2009;-0,0085785889;-8.368,04;0,1456204193;123.609,24;-0,008785601;EUR
Muster offensiv cVV;20.11.2009;-0,0023009223;-2.225,20;0,1430028622;121.384,04;-0,004470898;EUR
Muster offensiv cVV;21.11.2009;0,0000294703;28,43;0,1430363613;121.412,48;0;EUR
Muster offensiv cVV;22.11.2009;0,0000294591;28,42;0,1430698486;121.440,90;0;EUR
Muster offensiv cVV;23.11.2009;0,0113491785;10.951,05;0,1559755051;132.391,95;0,012301149;EUR
Muster offensiv cVV;24.11.2009;-0,0011855223;-1.156,92;0,1546166257;131.235,04;-0,002742014;EUR
Muster offensiv cVV;25.11.2009;0,0046065561;4.490,08;0,1599109083;135.725,11;0,002757151;EUR
Muster offensiv cVV;26.11.2009;-0,0131260369;-12.853,07;0,1447712563;122.872,04;-0,014559852;EUR
Muster offensiv cVV;27.11.2009;0,0005781766;558,72;0,1454333398;123.430,76;0,001462245;EUR
Muster offensiv cVV;28.11.2009;0,0000293976;28,42;0,1454668315;123.459,19;0;EUR
Muster offensiv cVV;29.11.2009;0,0000293967;28,42;0,1455003233;123.487,61;0;EUR
Muster offensiv cVV;30.11.2009;-0,0051657094;-4.995,07;0,1396184413;118.492,54;-0,003191122;EUR
Muster offensiv cVV;01.12.2009;0,0148622669;14.297,08;0,1564685326;132.789,62;0,015680965;EUR
Muster offensiv cVV;02.12.2009;0,0030687028;2.995,88;0,1600026916;135.785,50;0,001404575;EUR
Muster offensiv cVV;03.12.2009;0,0003530635;345,74;0,1604141321;136.131,24;-0,002457357;EUR
Muster offensiv cVV;04.12.2009;-0,0011926817;-1.168,36;0,1590413255;134.962,88;0,006727153;EUR
Muster offensiv cVV;05.12.2009;0,0000290920;28,46;0,1590748686;134.991,35;0;EUR
Muster offensiv cVV;06.12.2009;0,0000290809;28,45;0,1591084000;135.019,80;0;EUR
Muster offensiv cVV;07.12.2009;-0,0042918812;-4.199,60;0,1541633713;130.820,20;-0,001147335;EUR
Muster offensiv cVV;08.12.2009;-0,0065909812;-6.421,59;0,1465995313;124.398,61;-0,007484919;EUR
Muster offensiv cVV;09.12.2009;-0,0027948077;-2.705,03;0,1434152341;121.693,58;-0,003537930;EUR
Muster offensiv cVV;10.12.2009;0,0061437068;5.929,74;0,1504070308;127.623,32;0,005965506;EUR
Muster offensiv cVV;11.12.2009;0,0030043036;2.917,49;0,1538490414;130.540,80;0,005780768;EUR
Muster offensiv cVV;12.12.2009;0,0000292240;28,46;0,1538825886;130.569,27;0;EUR
Muster offensiv cVV;13.12.2009;0,0000292129;28,45;0,1539161240;130.597,72;0;EUR
Muster offensiv cVV;14.12.2009;0,0024928640;2.428,24;0,1567816562;133.025,96;0,005654215;EUR
Muster offensiv cVV;15.12.2009;-0,0009742438;-951,35;0,1556640792;132.074,61;0,000528441;EUR
Muster offensiv cVV;16.12.2009;0,0070814372;6.908,32;0,1638101081;138.982,93;0,008291101;EUR
Muster offensiv cVV;17.12.2009;-0,0039591852;-3.889,75;0,1592292086;135.093,18;-0,003511093;EUR
Muster offensiv cVV;18.12.2009;0,0004279452;418,78;0,1597264795;135.511,96;0,000676621;EUR
Muster offensiv cVV;19.12.2009;0,0000290654;28,45;0,1597600188;135.540,41;0;EUR
Muster offensiv cVV;20.12.2009;0,0000290748;28,46;0,1597935700;135.568,88;0;EUR
Muster offensiv cVV;21.12.2009;0,0053916629;5.278,70;0,1660193040;140.847,57;0,008952749;EUR
Muster offensiv cVV;22.12.2009;0,0023400258;2.303,35;0,1687381227;143.150,92;0,003728900;EUR
Muster offensiv cVV;23.12.2009;0,0018825153;1.857,35;0,1709312988;145.008,27;0,000098987;EUR
Muster offensiv cVV;24.12.2009;-0,0002598814;-256,89;0,1706322915;144.751,38;0,001244576;EUR
Muster offensiv cVV;25.12.2009;-0,0000124960;-12,35;0,1706215111;144.739,03;-0,000196050;EUR
Muster offensiv cVV;26.12.2009;0,0000287940;28,45;0,1706550542;144.767,49;0;EUR
Muster offensiv cVV;27.12.2009;0,0000288033;28,46;0,1706886092;144.795,95;0;EUR
Muster offensiv cVV;28.12.2009;0,0047655126;4.709,64;0,1762443028;149.505,59;0,003217341;EUR
Muster offensiv cVV;29.12.2009;0,0015722366;1.561,21;0,1780886093;151.066,80;0,000307820;EUR
Muster offensiv cVV;30.12.2009;-0,0031719044;-3.154,60;0,1743735016;147.912,19;-0,003160877;EUR
Muster offensiv cVV;31.12.2009;0,0008501536;842,83;0,1753708828;148.755,03;-0,002106342;EUR
Muster offensiv cVV;01.01.2010;0,0001167893;115,88;0,1755112378;148.870,91;0;EUR
Muster offensiv cVV;02.01.2010;0,0000286842;28,46;0,1755447964;148.899,37;0;EUR
Muster offensiv cVV;03.01.2010;0,0000286935;28,47;0,1755783667;148.927,85;0;EUR
Muster offensiv cVV;04.01.2010;0,0089200083;8.852,28;0,1860186857;157.780,13;0,010409892;EUR
Muster offensiv cVV;05.01.2010;0,0027713762;2.750,26;0,1892726153;160.530,38;0,001184639;EUR
Muster offensiv cVV;06.01.2010;0,0029416840;2.927,36;0,1927356729;163.457,74;0,001217652;EUR
Muster offensiv cVV;07.01.2010;0,0017852100;1.781,74;0,1948481638;165.239,48;0,000899130;EUR
Muster offensiv cVV;08.01.2010;0,0020616310;2.061,30;0,1972904884;167.300,78;0,003079119;EUR
Muster offensiv cVV;09.01.2010;0,0000284208;28,47;0,1973240675;167.329,25;0;EUR
Muster offensiv cVV;10.01.2010;0,0000284100;28,46;0,1973576348;167.357,72;0;EUR
Muster offensiv cVV;11.01.2010;0,0025140206;2.518,94;0,2003398733;169.876,66;-0,002318237;EUR
Muster offensiv cVV;12.01.2010;-0,0090220543;-9.062,44;0,1896633664;160.814,22;-0,007950648;EUR
Muster offensiv cVV;13.01.2010;0,0008724553;868,45;0,1906986484;161.682,68;0,003011946;EUR
Muster offensiv cVV;14.01.2010;0,0036396366;3.626,10;0,1949867003;165.308,78;0,004650608;EUR
Muster offensiv cVV;15.01.2010;-0,0058168941;-5.816,36;0,1881368564;159.492,42;-0,007798476;EUR
Muster offensiv cVV;16.01.2010;0,0000286440;28,47;0,1881704452;159.520,90;0;EUR
Muster offensiv cVV;17.01.2010;0,0000286332;28,46;0,1882040222;159.549,36;0;EUR
Muster offensiv cVV;18.01.2010;0,0026843639;2.668,66;0,1913627940;162.218,02;0,003155900;EUR
Muster offensiv cVV;19.01.2010;0,0057994283;5.780,97;0,1981935342;167.998,99;0,007680768;EUR
Muster offensiv cVV;20.01.2010;-0,0060153753;-6.031,00;0,1910892356;161.967,98;-0,008755352;EUR
Muster offensiv cVV;21.01.2010;-0,0072754435;-7.250,47;0,1825452714;154.717,52;-0,010519966;EUR
Muster offensiv cVV;22.01.2010;-0,0103087759;-10.198,64;0,1705216601;144.518,87;-0,010815818;EUR
Muster offensiv cVV;23.01.2010;0,0000290821;28,47;0,1705552583;144.547,35;0;EUR
Muster offensiv cVV;24.01.2010;0,0000290710;28,46;0,1705888447;144.575,81;0;EUR
Muster offensiv cVV;25.01.2010;-0,0030618939;-2.998,13;0,1670603936;141.577,68;-0,005165208;EUR
Muster offensiv cVV;26.01.2010;-0,0026686858;-2.605,11;0,1639952794;138.972,57;0,003419060;EUR
Muster offensiv cVV;27.01.2010;-0,0020187144;-1.965,36;0,1616847466;137.007,21;-0,002244956;EUR
Muster offensiv cVV;28.01.2010;-0,0052211677;-5.072,92;0,1557064234;131.934,29;-0,008562066;EUR
Muster offensiv cVV;29.01.2010;0,0017894044;1.729,52;0,1577559437;133.663,81;0,003381622;EUR
Muster offensiv cVV;30.01.2010;0,0000383211;37,10;0,1577997366;133.700,91;0;EUR
Muster offensiv cVV;31.01.2010;0,0000249403;24,15;0,1578282392;133.725,06;0;EUR
Muster offensiv cVV;01.02.2010;0,0032567585;3.153,60;0,1615587707;136.878,66;0,006525088;EUR
Muster offensiv cVV;02.02.2010;0,0079429313;7.716,38;0,1706753990;144.595,04;0,007352673;EUR
Muster offensiv cVV;03.02.2010;-0,0016996839;-1.664,32;0,1687196575;142.930,72;-0,003526347;EUR
Muster offensiv cVV;04.02.2010;-0,0130284835;-12.735,73;0,1536939563;130.194,99;-0,015798739;EUR
Muster offensiv cVV;05.02.2010;-0,0141511488;-13.652,95;0,1375838365;116.542,05;-0,006796114;EUR
Muster offensiv cVV;06.02.2010;0,0000306209;29,12;0,1376182198;116.571,17;0;EUR
Muster offensiv cVV;07.02.2010;0,0000306200;29,12;0,1376526031;116.600,30;0;EUR
Muster offensiv cVV;08.02.2010;0,0068889342;6.552,75;0,1453958616;123.153,05;0,001487459;EUR
Muster offensiv cVV;09.02.2010;0,0029072984;2.784,47;0,1486907576;125.937,52;0,002846324;EUR
Muster offensiv cVV;10.02.2010;0,0042911200;4.121,78;0,1535649324;130.059,30;0,003368651;EUR
Muster offensiv cVV;11.02.2010;0,0002239024;215,99;0,1538276298;130.275,29;0,002492248;EUR
Muster offensiv cVV;12.02.2010;0,0032985385;3.182,68;0,1575935049;133.457,96;-0,000070817;EUR
Muster offensiv cVV;13.02.2010;0,0000300858;29,12;0,1576278968;133.487,09;0;EUR
Muster offensiv cVV;14.02.2010;0,0000300849;29,12;0,1576622888;133.516,21;0;EUR
Muster offensiv cVV;15.02.2010;0,0031371798;3.037,15;0,1612566365;136.553,36;0,001162202;EUR
Muster offensiv cVV;16.02.2010;0,0039945440;3.879,31;0,1658458424;140.432,67;0,008446758;EUR
Muster offensiv cVV;17.02.2010;0,0084733843;8.261,82;0,1756112730;148.694,49;0,008275293;EUR
Muster offensiv cVV;18.02.2010;0,0052650565;5.177,10;0,1817342942;153.871,59;0,004260372;EUR
Muster offensiv cVV;19.02.2010;0,0026491127;2.618,57;0,1848358824;156.490,16;0,004164710;EUR
Muster offensiv cVV;20.02.2010;0,0000290063;28,75;0,1848698374;156.518,91;0;EUR
Muster offensiv cVV;21.02.2010;0,0000289953;28,74;0,1849037806;156.547,65;0;EUR
Muster offensiv cVV;22.02.2010;-0,0015880005;-1.573,94;0,1830534541;154.973,70;-0,002291334;EUR
Muster offensiv cVV;23.02.2010;-0,0062179266;-6.153,09;0,1757937905;148.820,61;-0,007764612;EUR
Muster offensiv cVV;24.02.2010;0,0003178707;312,60;0,1761713202;149.133,21;0,001672050;EUR
Muster offensiv cVV;25.02.2010;-0,0107703661;-10.595,16;0,1636628765;138.538,06;-0,005789410;EUR
Muster offensiv cVV;26.02.2010;0,0080650548;7.848,40;0,1729426569;146.386,46;0,004262640;EUR
Muster offensiv cVV;27.02.2010;0,0000292948;28,74;0,1729766081;146.415,20;0;EUR
Muster offensiv cVV;28.02.2010;0,0000292940;28,74;0,1730105593;146.443,94;0;EUR
Muster offensiv cVV;01.03.2010;0,0126902724;12.449,70;0,1877274255;158.893,64;0,014914318;EUR
Muster offensiv cVV;02.03.2010;0,0087256360;8.668,86;0,1979784389;167.562,50;0,004818736;EUR
Muster offensiv cVV;03.03.2010;0,0046432943;4.653,33;0,2034856893;172.215,83;0,001648792;EUR
Muster offensiv cVV;04.03.2010;-0,0003236107;-325,82;0,2031098830;171.890,01;0,000551510;EUR
Muster offensiv cVV;05.03.2010;0,0071768819;7.223,45;0,2116548048;179.113,46;0,009914371;EUR
Muster offensiv cVV;06.03.2010;0,0000283688;28,76;0,2116887873;179.142,22;0;EUR
Muster offensiv cVV;07.03.2010;0,0000283680;28,76;0,2117227698;179.170,98;0;EUR
Muster offensiv cVV;08.03.2010;0,0017039862;1.727,45;0,2137735903;180.898,43;0,000280384;EUR
Muster offensiv cVV;09.03.2010;0,0006986298;709,46;0,2146214823;181.607,89;0,002768467;EUR
Muster offensiv cVV;10.03.2010;0,0037388536;3.799,45;0,2191212553;185.407,34;0,002815677;EUR
Muster offensiv cVV;11.03.2010;-0,0049504553;-5.049,50;0,2131628924;180.357,84;-0,000227499;EUR
Muster offensiv cVV;12.03.2010;0,0004447144;451,37;0,2137056401;180.809,21;0,000262555;EUR
Muster offensiv cVV;13.03.2010;0,0000283214;28,76;0,2137396301;180.837,96;0;EUR
Muster offensiv cVV;14.03.2010;0,0000283206;28,76;0,2137736201;180.866,72;0;EUR
Muster offensiv cVV;15.03.2010;-0,0019797267;-2.010,34;0,2114066384;178.856,38;-0,001145042;EUR
Muster offensiv cVV;16.03.2010;0,0051239233;5.192,87;0,2175538939;184.049,25;0,005262551;EUR
Muster offensiv cVV;17.03.2010;0,0076912951;7.834,73;0,2268245343;191.883,97;0,007119047;EUR
Muster offensiv cVV;18.03.2010;-0,0014217756;-1.459,43;0,2251088899;190.424,54;0,001118726;EUR
Muster offensiv cVV;19.03.2010;-0,0028588897;-2.930,43;0,2216540351;187.494,11;-0,001697380;EUR
Muster offensiv cVV;20.03.2010;0,0000281460;28,77;0,2216880441;187.522,88;0;EUR
Muster offensiv cVV;21.03.2010;0,0000281354;28,76;0,2217220414;187.551,64;0;EUR
Muster offensiv cVV;22.03.2010;-0,0004880589;-498,87;0,2211415318;187.052,77;0,001554005;EUR
Muster offensiv cVV;23.03.2010;0,0058178243;5.943,79;0,2281780134;192.996,56;0,004268018;EUR
Muster offensiv cVV;24.03.2010;0,0034555233;3.550,88;0,2323857867;196.547,44;0,003024170;EUR
Muster offensiv cVV;25.03.2010;0,0054306392;5.599,79;0,2390164468;202.147,23;0,005903713;EUR
Muster offensiv cVV;26.03.2010;-0,0043369337;-4.496,30;0,2337096120;197.650,93;-0,001912569;EUR
Muster offensiv cVV;27.03.2010;0,0000221530;22,87;0,2337366512;197.673,79;0;EUR
Muster offensiv cVV;28.03.2010;0,0000221622;22,88;0,2337637023;197.696,67;0;EUR
Muster offensiv cVV;29.03.2010;0,0032916487;3.397,96;0,2377912111;201.094,63;0,003313533;EUR
Muster offensiv cVV;30.03.2010;-0,0005964809;-617,77;0,2370702616;200.476,85;0,000851703;EUR
Muster offensiv cVV;31.03.2010;0,0007289377;754,51;0,2379720223;201.231,36;-0,002225340;EUR
Muster offensiv cVV;01.04.2010;0,0083167569;8.614,75;0,2481695286;209.846,11;0,008692084;EUR
Muster offensiv cVV;02.04.2010;0,0002780076;290,36;0,2485227561;210.136,47;0,000190519;EUR
Muster offensiv cVV;03.04.2010;0,0000218882;22,87;0,2485498007;210.159,34;0;EUR
Muster offensiv cVV;04.04.2010;0,0000218877;22,87;0,2485768454;210.182,21;0;EUR
Muster offensiv cVV;05.04.2010;0,0000381228;39,83;0,2486337318;210.222,04;0,002294753;EUR
Muster offensiv cVV;06.04.2010;0,0037114398;3.877,79;0,2532299727;214.099,83;0,004210781;EUR
Muster offensiv cVV;07.04.2010;-0,0012631365;-1.324,65;0,2516730035;212.775,18;-0,001688990;EUR
Muster offensiv cVV;08.04.2010;-0,0040270276;-4.217,81;0,2466936641;208.557,37;-0,003587330;EUR
Muster offensiv cVV;09.04.2010;0,0068320567;7.126,90;0,2551335745;215.684,28;0,005296818;EUR
Muster offensiv cVV;10.04.2010;0,0000300809;31,59;0,2551709465;215.715,87;0;EUR
Muster offensiv cVV;11.04.2010;0,0000300800;31,59;0,2552083184;215.747,47;0;EUR
Muster offensiv cVV;12.04.2010;-0,0018892651;-1.984,38;0,2528706388;213.763,08;-0,002690214;EUR
Muster offensiv cVV;13.04.2010;-0,0036201051;-3.795,18;0,2483905619;209.967,90;-0,000543670;EUR
Muster offensiv cVV;14.04.2010;0,0052281672;5.461,17;0,2548607034;215.429,07;0,005464560;EUR
Muster offensiv cVV;15.04.2010;0,0050260428;5.277,49;0,2611139609;220.706,56;0,003364594;EUR
Muster offensiv cVV;16.04.2010;-0,0075476335;-7.965,06;0,2517000244;212.741,50;-0,010167046;EUR
Muster offensiv cVV;17.04.2010;0,0000301749;31,60;0,2517374152;212.773,10;0;EUR
Muster offensiv cVV;18.04.2010;0,0000301645;31,59;0,2517747942;212.804,69;0;EUR
Muster offensiv cVV;19.04.2010;-0,0084453261;-8.845,67;0,2413181983;203.959,03;-0,001235134;EUR
Muster offensiv cVV;20.04.2010;0,0090104687;9.357,90;0,2523994793;213.316,92;0,009365455;EUR
Muster offensiv cVV;21.04.2010;-0,0023344491;-2.446,31;0,2495141159;210.870,62;-0,000646843;EUR
Muster offensiv cVV;22.04.2010;-0,0049981680;-5.225,43;0,2433399475;205.645,18;-0,003115247;EUR
Muster offensiv cVV;23.04.2010;0,0055231580;5.745,43;0,2501475762;211.390,62;0,005721716;EUR
Muster offensiv cVV;24.04.2010;0,0000302043;31,59;0,2501849620;211.422,21;0;EUR
Muster offensiv cVV;25.04.2010;0,0000302130;31,60;0,2502223597;211.453,81;0;EUR
Muster offensiv cVV;26.04.2010;0,0067127705;7.021,91;0,2585409975;218.475,73;0,006562335;EUR
Muster offensiv cVV;27.04.2010;-0,0136058212;-14.327,95;0,2415941586;204.147,78;-0,017427279;EUR
Muster offensiv cVV;28.04.2010;-0,0096780853;-10.053,08;0,2297052367;194.094,70;-0,004196380;EUR
Muster offensiv cVV;29.04.2010;0,0064349237;6.619,57;0,2375476988;200.714,26;0,007055901;EUR
Muster offensiv cVV;30.04.2010;-0,0005435738;-562,77;0,2368899883;200.151,50;-0,004419446;EUR
Muster offensiv cVV;01.05.2010;0,0000305324;31,59;0,2369273808;200.183,09;0;EUR
Muster offensiv cVV;02.05.2010;0,0000332567;34,41;0,2369681109;200.217,50;0;EUR
Muster offensiv cVV;03.05.2010;0,0007176406;742,63;0,2378553687;200.960,13;0,006324929;EUR
Muster offensiv cVV;04.05.2010;-0,0105275096;-10.901,86;0,2249598074;190.058,27;-0,014225315;EUR
Muster offensiv cVV;05.05.2010;-0,0072473140;-7.426,01;0,2161775859;182.632,25;-0,001574160;EUR
Muster offensiv cVV;06.05.2010;-0,0009783612;-995,22;0,2150069608;181.637,03;-0,008339492;EUR
Muster offensiv cVV;07.05.2010;-0,0222243084;-22.585,15;0,1882789630;159.051,89;-0,019847810;EUR
Muster offensiv cVV;08.05.2010;0,0000346232;34,40;0,1883196884;159.086,29;0;EUR
Muster offensiv cVV;09.05.2010;0,0000346321;34,41;0,1883604256;159.120,71;0;EUR
Muster offensiv cVV;10.05.2010;0,0259611852;25.798,14;0,2189066318;184.918,85;0,031903171;EUR
Muster offensiv cVV;11.05.2010;0,0065169451;6.644,14;0,2267796247;191.562,99;0,002934229;EUR
Muster offensiv cVV;12.05.2010;0,0127237253;13.056,61;0,2422446798;204.619,60;0,014314401;EUR
Muster offensiv cVV;13.05.2010;0,0020408735;2.120,91;0,2447637673;206.740,51;0,006030445;EUR
Muster offensiv cVV;14.05.2010;-0,0135416297;-14.101,44;0,2280764100;192.639,08;-0,016358697;EUR
Muster offensiv cVV;15.05.2010;0,0000283768;29,15;0,2281109221;192.668,23;0;EUR
Muster offensiv cVV;16.05.2010;0,0000283663;29,14;0,2281454222;192.697,37;0;EUR
Muster offensiv cVV;17.05.2010;-0,0025968225;-2.667,71;0,2249944114;190.029,66;0,000546283;EUR
Muster offensiv cVV;18.05.2010;0,0058276385;5.971,17;0,2320718812;196.000,83;0,003307134;EUR
Muster offensiv cVV;19.05.2010;-0,0147565984;-15.208,15;0,2140718967;180.792,68;-0,014157053;EUR
Muster offensiv cVV;20.05.2010;-0,0184831480;-18.767,64;0,1918558661;162.025,04;-0,017832384;EUR
Muster offensiv cVV;21.05.2010;-0,0085688665;-8.539,94;0,1817494958;153.485,10;-0,005999041;EUR
Muster offensiv cVV;22.05.2010;0,0000295013;29,15;0,1817840135;153.514,25;0;EUR
Muster offensiv cVV;23.05.2010;0,0000295004;29,15;0,1818185312;153.543,40;0;EUR
Muster offensiv cVV;24.05.2010;0,0002319062;229,16;0,1820957444;153.772,55;0,000634018;EUR
Muster offensiv cVV;25.05.2010;-0,0095968224;-9.485,23;0,1708689101;144.287,33;-0,009792470;EUR
Muster offensiv cVV;26.05.2010;0,0149655930;14.649,62;0,1882233664;158.936,94;0,007631084;EUR
Muster offensiv cVV;27.05.2010;0,0125810267;12.499,70;0,2030327460;171.436,65;0,021123059;EUR
Muster offensiv cVV;28.05.2010;0,0023358797;2.349,98;0,2058223083;173.786,63;-0,002652558;EUR
Muster offensiv cVV;29.05.2010;0,0000289073;29,15;0,2058568315;173.815,78;0;EUR
Muster offensiv cVV;30.05.2010;0,0000289065;29,15;0,2058913546;173.844,93;0;EUR
Muster offensiv cVV;31.05.2010;0,0022643446;2.283,46;0,2086022818;176.128,39;0,003104731;EUR
Muster offensiv cVV;01.06.2010;0,0016578759;1.675,66;0,2105934518;177.804,05;-0,002982382;EUR
Muster offensiv cVV;02.06.2010;0,0005290727;535,63;0,2112344067;178.339,69;0,006227645;EUR
Muster offensiv cVV;03.06.2010;0,0090893616;9.206,97;0,2221464404;187.546,65;0,008599401;EUR
Muster offensiv cVV;04.06.2010;-0,0077447794;-7.916,29;0,2127762185;179.630,36;-0,011598625;EUR
Muster offensiv cVV;05.06.2010;0,0000378576;38,40;0,2128216998;179.668,76;0;EUR
Muster offensiv cVV;06.06.2010;0,0000378562;38,40;0,2128671811;179.707,15;0;EUR
Muster offensiv cVV;07.06.2010;-0,0047958538;-4.864,46;0,2071114251;174.842,69;-0,005489026;EUR
Muster offensiv cVV;08.06.2010;-0,0031749580;-3.204,94;0,2033211547;171.637,75;-0,001070534;EUR
Muster offensiv cVV;09.06.2010;0,0080809731;8.131,37;0,2129599574;179.769,13;0,005187600;EUR
Muster offensiv cVV;10.06.2010;0,0063158617;6.406,61;0,2205560373;186.175,73;0,011337280;EUR
Muster offensiv cVV;11.06.2010;0,0014173198;1.446,76;0,2222766020;187.622,50;0,002455180;EUR
Muster offensiv cVV;12.06.2010;0,0000375518;38,39;0,2223220783;187.660,89;0;EUR
Muster offensiv cVV;13.06.2010;0,0000375602;38,40;0,2223675665;187.699,28;0;EUR
Muster offensiv cVV;14.06.2010;0,0063154719;6.456,30;0,2300231768;194.155,58;0,002490720;EUR
Muster offensiv cVV;15.06.2010;0,0028092341;2.890,01;0,2334539731;197.045,59;0,007866441;EUR
Muster offensiv cVV;16.06.2010;0,0025597663;2.640,77;0,2365896303;199.686,36;0,001823280;EUR
Muster offensiv cVV;17.06.2010;0,0007570636;783,02;0,2375242975;200.469,38;0,001326734;EUR
Muster offensiv cVV;18.06.2010;-0,0002012248;-208,28;0,2372844144;200.261,10;-0,001179194;EUR
Muster offensiv cVV;19.06.2010;0,0000371029;38,40;0,2373299093;200.299,50;0;EUR
Muster offensiv cVV;20.06.2010;0,0000370918;38,39;0,2373753922;200.337,88;0;EUR
Muster offensiv cVV;21.06.2010;0,0062177796;6.435,01;0,2450071613;206.772,89;0,006266873;EUR
Muster offensiv cVV;22.06.2010;-0,0017688077;-1.841,99;0,2428315593;204.930,91;-0,002961225;EUR
Muster offensiv cVV;23.06.2010;-0,0045500136;-4.729,88;0,2372337128;200.201,03;-0,005393452;EUR
Muster offensiv cVV;24.06.2010;-0,0082462888;-8.533,26;0,2271284576;191.667,77;-0,011675163;EUR
Muster offensiv cVV;25.06.2010;-0,0038159524;-3.916,19;0,2224940360;187.751,58;-0,003234962;EUR
Muster offensiv cVV;26.06.2010;0,0000375569;38,40;0,2225395374;187.789,98;0;EUR
Muster offensiv cVV;27.06.2010;0,0000375555;38,40;0,2225850387;187.828,38;0;EUR
Muster offensiv cVV;28.06.2010;0,0047483209;4.854,81;0,2283446458;192.683,19;0,005516845;EUR
Muster offensiv cVV;29.06.2010;-0,0117365209;-12.056,72;0,2140624912;180.626,47;-0,019580463;EUR
Muster offensiv cVV;30.06.2010;-0,0033870436;-3.438,61;0,2099932090;177.187,86;-0,003895013;EUR
Muster offensiv cVV;01.07.2010;-0,0100434041;-10.161,79;0,1979555189;167.026,07;-0,015030303;EUR
Muster offensiv cVV;02.07.2010;-0,0050920682;-5.100,34;0,1919160062;161.925,73;-0,005782660;EUR
Muster offensiv cVV;03.07.2010;0,0000464314;46,27;0,1919708459;161.972,00;0;EUR
Muster offensiv cVV;04.07.2010;0,0000464392;46,28;0,1920256974;162.018,28;0;EUR
Muster offensiv cVV;05.07.2010;-0,0020716174;-2.064,61;0,1895839094;159.953,67;0,000346768;EUR
Muster offensiv cVV;06.07.2010;0,0091866627;9.136,62;0,2004185010;169.090,29;0,010630180;EUR
Muster offensiv cVV;07.07.2010;0,0028364864;2.846,95;0,2037984645;171.937,24;0,010906403;EUR
Muster offensiv cVV;08.07.2010;0,0062644745;6.305,42;0,2112780441;178.242,66;0,005593526;EUR
Muster offensiv cVV;09.07.2010;0,0027826434;2.818,38;0,2146245571;181.061,04;0,005420008;EUR
Muster offensiv cVV;10.07.2010;0,0000455664;46,28;0,2146794161;181.107,32;0;EUR
Muster offensiv cVV;11.07.2010;0,0000455545;46,27;0,2147342632;181.153,59;0;EUR
Muster offensiv cVV;12.07.2010;0,0025738867;2.614,43;0,2178391728;183.768,02;0,002865756;EUR
Muster offensiv cVV;13.07.2010;0,0039155132;3.987,43;0,2225718181;187.755,45;0,010248082;EUR
Muster offensiv cVV;14.07.2010;-0,0005182218;-529,81;0,2219496549;187.225,64;0,000417509;EUR
Muster offensiv cVV;15.07.2010;-0,0043409746;-4.435,72;0,2166969844;182.789,93;-0,008378364;EUR
Muster offensiv cVV;16.07.2010;-0,0116618029;-11.864,59;0,2026368653;170.925,34;-0,015941157;EUR
Muster offensiv cVV;17.07.2010;0,0000460257;46,28;0,2026917316;170.971,62;0;EUR
Muster offensiv cVV;18.07.2010;0,0000460236;46,28;0,2027465978;171.017,90;0;EUR
Muster offensiv cVV;19.07.2010;0,0021459762;2.158,03;0,2053103702;173.175,93;-0,003018916;EUR
Muster offensiv cVV;20.07.2010;-0,0005695082;-573,94;0,2046352568;172.601,99;0,001649274;EUR
Muster offensiv cVV;21.07.2010;0,0072552529;7.307,50;0,2133044773;179.909,49;0,001982001;EUR
Muster offensiv cVV;22.07.2010;0,0072069934;7.311,56;0,2219789298;187.221,05;0,014498125;EUR
Muster offensiv cVV;23.07.2010;0,0016507758;1.686,80;0,2239846224;188.907,84;0,006243977;EUR
Muster offensiv cVV;24.07.2010;0,0000452171;46,28;0,2240394958;188.954,12;0;EUR
Muster offensiv cVV;25.07.2010;0,0000452150;46,28;0,2240943692;189.000,40;0;EUR
Muster offensiv cVV;26.07.2010;0,0003976948;407,08;0,2245827645;189.407,48;0,001800721;EUR
Muster offensiv cVV;27.07.2010;0,0003133035;320,82;0,2249688801;189.728,31;-0,000084547;EUR
Muster offensiv cVV;28.07.2010;-0,0016381143;-1.677,97;0,2229848773;188.050,34;-0,002769042;EUR
Muster offensiv cVV;29.07.2010;-0,0030962481;-3.166,38;0,2192357864;184.883,97;-0,004675610;EUR
Muster offensiv cVV;30.07.2010;-0,0026927409;-2.745,20;0,2159859207;182.138,76;0,001942556;EUR
Muster offensiv cVV;31.07.2010;0,0000455181;46,28;0,2160408010;182.185,04;0;EUR
Muster offensiv cVV;01.08.2010;0,0000455161;46,28;0,2160956813;182.231,32;0;EUR
Muster offensiv cVV;02.08.2010;0,0103984539;10.573,46;0,2286397225;192.804,79;0,013335309;EUR
Muster offensiv cVV;03.08.2010;-0,0003977747;-408,68;0,2281607428;192.396,11;0,001120274;EUR
Muster offensiv cVV;04.08.2010;0,0032657267;3.353,89;0,2321438082;195.750,00;0,003758625;EUR
Muster offensiv cVV;05.08.2010;0,0017732212;1.827,04;0,2343162771;197.577,04;0,000251515;EUR
Muster offensiv cVV;06.08.2010;-0,0037271932;-3.847,12;0,2297594002;193.729,92;-0,008079534;EUR
Muster offensiv cVV;07.08.2010;0,0000425447;43,75;0,2298112868;193.773,67;0;EUR
Muster offensiv cVV;08.08.2010;0,0000425429;43,75;0,2298631733;193.817,42;0;EUR
Muster offensiv cVV;09.08.2010;0,0029987546;3.083,97;0,2335263682;196.901,38;0,008916125;EUR
Muster offensiv cVV;10.08.2010;-0,0029235167;-3.015,61;0,2299553982;193.885,78;-0,003420163;EUR
Muster offensiv cVV;11.08.2010;-0,0057192925;-5.882,21;0,2229842619;188.003,57;-0,011901601;EUR
Muster offensiv cVV;12.08.2010;-0,0027475993;-2.809,70;0,2196570384;185.193,87;-0,001822121;EUR
Muster offensiv cVV;13.08.2010;0,0016268539;1.659,05;0,2216301158;186.852,92;0,000230671;EUR
Muster offensiv cVV;14.08.2010;0,0000428312;43,75;0,2216820086;186.896,67;0;EUR
Muster offensiv cVV;15.08.2010;0,0000428293;43,75;0,2217339014;186.940,42;0;EUR
Muster offensiv cVV;16.08.2010;-0,0012731032;-1.300,53;0,2201965483;185.639,90;-0,001156151;EUR
Muster offensiv cVV;17.08.2010;0,0056712850;5.786,07;0,2270650490;191.425,96;0,009218018;EUR
Muster offensiv cVV;18.08.2010;0,0031368768;3.218,51;0,2308882058;194.644,48;0,000136479;EUR
Muster offensiv cVV;19.08.2010;-0,0029999792;-3.087,71;0,2272308689;191.556,77;-0,011172479;EUR
Muster offensiv cVV;20.08.2010;-0,0059559219;-6.111,70;0,2199860914;185.445,06;-0,003090280;EUR
Muster offensiv cVV;21.08.2010;0,0000428903;43,75;0,2200379903;185.488,81;0;EUR
Muster offensiv cVV;22.08.2010;0,0000428885;43,75;0,2200898892;185.532,56;0;EUR
Muster offensiv cVV;23.08.2010;0,0046724709;4.766,54;0,2257494756;190.299,10;0,001053470;EUR
Muster offensiv cVV;24.08.2010;-0,0079478032;-8.145,69;0,2160913324;182.153,41;-0,009560061;EUR
Muster offensiv cVV;25.08.2010;-0,0036620818;-3.723,43;0,2116790336;178.429,98;-0,002441185;EUR
Muster offensiv cVV;26.08.2010;0,0028747478;2.886,55;0,2151136573;181.316,52;-0,001431115;EUR
Muster offensiv cVV;27.08.2010;0,0001222352;123,09;0,2152698435;181.439,61;0,006826308;EUR
Muster offensiv cVV;28.08.2010;0,0000434410;43,75;0,2153217509;181.483,36;0;EUR
Muster offensiv cVV;29.08.2010;0,0000691047;69,60;0,2154043273;181.552,96;0;EUR
Muster offensiv cVV;30.08.2010;0,0038016794;3.829,15;0,2199577713;185.382,12;-0,002808327;EUR
Muster offensiv cVV;31.08.2010;0,0013569392;1.371,94;0,2215959503;186.754,06;-0,000599438;EUR
Muster offensiv cVV;01.09.2010;0,0104877028;10.618,05;0,2342058545;197.372,11;0,016587029;EUR
Muster offensiv cVV;02.09.2010;0,0009675908;989,89;0,2353913799;198.362,00;0,002096943;EUR
Muster offensiv cVV;03.09.2010;0,0039356637;4.030,26;0,2401850670;202.392,26;0,005870105;EUR
Muster offensiv cVV;04.09.2010;0,0000345042;35,47;0,2402271634;202.427,73;0;EUR
Muster offensiv cVV;05.09.2010;0,0000345030;35,47;0,2402692599;202.463,20;0;EUR
Muster offensiv cVV;06.09.2010;0,0035409082;3.640,54;0,2446008253;206.103,74;0,002766376;EUR
Muster offensiv cVV;07.09.2010;-0,0025438064;-2.624,64;0,2414969715;203.479,10;-0,000968074;EUR
Muster offensiv cVV;08.09.2010;0,0065012821;6.690,82;0,2494492390;210.169,91;0,003381171;EUR
Muster offensiv cVV;09.09.2010;0,0012376698;1.282,03;0,2509822391;211.451,95;0,005767303;EUR
Muster offensiv cVV;10.09.2010;0,0000654385;67,87;0,2510741122;211.519,82;0,000117727;EUR
Muster offensiv cVV;11.09.2010;0,0000342005;35,47;0,2511162182;211.555,29;0;EUR
Muster offensiv cVV;12.09.2010;0,0000341994;35,47;0,2511583242;211.590,76;0;EUR
Muster offensiv cVV;13.09.2010;0,0034514216;3.580,04;0,2554192933;215.170,80;0,003847927;EUR
Muster offensiv cVV;14.09.2010;-0,0012551090;-1.306,37;0,2538798995;213.864,42;-0,000574480;EUR
Muster offensiv cVV;15.09.2010;-0,0048258084;-5.016,61;0,2479356708;208.847,81;-0,002394132;EUR
Muster offensiv cVV;16.09.2010;-0,0056094879;-5.803,14;0,2410570938;203.044,67;-0,004191493;EUR
Muster offensiv cVV;17.09.2010;-0,0034428504;-3.541,72;0,2368627569;199.502,95;-0,000728513;EUR
Muster offensiv cVV;18.09.2010;0,0000346014;35,47;0,2369048722;199.538,42;0;EUR
Muster offensiv cVV;19.09.2010;0,0000346002;35,47;0,2369469876;199.573,89;0;EUR
Muster offensiv cVV;20.09.2010;0,0099802352;10.232,22;0,2491062676;209.806,11;0,008710746;EUR
Muster offensiv cVV;21.09.2010;-0,0022102916;-2.288,71;0,2463996072;207.517,40;-0,002908282;EUR
Muster offensiv cVV;22.09.2010;-0,0076690305;-7.923,58;0,2370017121;199.593,82;-0,010536377;EUR
Muster offensiv cVV;23.09.2010;-0,0022601276;-2.317,24;0,2342603258;197.276,58;-0,000958191;EUR
Muster offensiv cVV;24.09.2010;0,0042370976;4.334,34;0,2394175584;201.610,92;0,008657393;EUR
Muster offensiv cVV;25.09.2010;0,0000345304;35,47;0,2394596829;201.646,40;0;EUR
Muster offensiv cVV;26.09.2010;0,0000345292;35,47;0,2395018074;201.681,87;0;EUR
Muster offensiv cVV;27.09.2010;-0,0012061858;-1.239,18;0,2380404710;200.442,69;-0,001214596;EUR
Muster offensiv cVV;28.09.2010;-0,0042153883;-4.325,48;0,2329136005;196.117,21;-0,000749749;EUR
Muster offensiv cVV;29.09.2010;-0,0018133310;-1.852,85;0,2307229358;194.264,36;-0,003520915;EUR
Muster offensiv cVV;30.09.2010;-0,0030436251;-3.104,31;0,2270456458;191.160,05;-0,004412173;EUR
Muster offensiv cVV;01.10.2010;-0,0026330858;-2.677,41;0,2238750627;188.482,64;-0,002169230;EUR
Muster offensiv cVV;02.10.2010;0,0000360719;36,58;0,2239185146;188.519,22;0;EUR
Muster offensiv cVV;03.10.2010;0,0000360706;36,58;0,2239619666;188.555,80;0;EUR
Muster offensiv cVV;04.10.2010;-0,0031700073;-3.215,12;0,2201523796;185.340,69;-0,005172927;EUR
Muster offensiv cVV;05.10.2010;0,0076907425;7.775,45;0,2293978587;193.116,14;0,008167896;EUR
Muster offensiv cVV;06.10.2010;0,0060165374;6.129,59;0,2366889048;199.245,73;0,004734897;EUR
Muster offensiv cVV;07.10.2010;-0,0026840056;-2.750,89;0,2334307356;196.494,84;-0,000948385;EUR
Muster offensiv cVV;08.10.2010;0,0042762209;4.371,02;0,2386332484;200.865,86;0,002519173;EUR
Muster offensiv cVV;09.10.2010;0,0000356368;36,58;0,2386767094;200.902,44;0;EUR
Muster offensiv cVV;10.10.2010;0,0000356355;36,58;0,2387201704;200.939,03;0;EUR
Muster offensiv cVV;11.10.2010;-0,0001411842;-144,94;0,2385577863;200.794,09;0,002327085;EUR
Muster offensiv cVV;12.10.2010;-0,0012027659;-1.234,60;0,2371007000;199.559,48;0,000942186;EUR
Muster offensiv cVV;13.10.2010;0,0103053944;10.565,44;0,2496638905;210.124,92;0,008537272;EUR
Muster offensiv cVV;14.10.2010;0,0005966663;618,03;0,2504083766;210.742,95;-0,001014413;EUR
Muster offensiv cVV;15.10.2010;0,0042780808;4.433,88;0,2556871207;215.176,82;0,002873198;EUR
Muster offensiv cVV;16.10.2010;0,0000351468;36,58;0,2557305905;215.213,41;0;EUR
Muster offensiv cVV;17.10.2010;0,0000351456;36,58;0,2557740603;215.249,99;0;EUR
Muster offensiv cVV;18.10.2010;0,0059787896;6.223,47;0,2631797832;221.473,46;0,003497106;EUR
Muster offensiv cVV;19.10.2010;-0,0047664192;-4.991,14;0,2572590541;216.482,31;-0,002838157;EUR
Muster offensiv cVV;20.10.2010;-0,0011556312;-1.204,35;0,2558380663;215.277,96;0,000569294;EUR
Muster offensiv cVV;21.10.2010;0,0035291572;3.673,68;0,2602142451;218.951,65;0,004650492;EUR
Muster offensiv cVV;22.10.2010;-0,0015805640;-1.651,10;0,2582622120;217.300,55;0,001129295;EUR
Muster offensiv cVV;23.10.2010;0,0000350753;36,58;0,2583056905;217.337,13;0;EUR
Muster offensiv cVV;24.10.2010;0,0000350740;36,58;0,2583491690;217.373,71;0;EUR
Muster offensiv cVV;25.10.2010;0,0044103749;4.600,23;0,2638269553;221.973,95;0,002920337;EUR
Muster offensiv cVV;26.10.2010;0,0007019900;735,44;0,2647114511;222.709,38;-0,000786228;EUR
Muster offensiv cVV;27.10.2010;-0,0029336018;-3.075,54;0,2610660824;219.633,84;-0,003527383;EUR
Muster offensiv cVV;28.10.2010;0,0031926708;3.337,32;0,2650432849;222.971,17;0,000556089;EUR
Muster offensiv cVV;29.10.2010;0,0028112095;2.947,96;0,2685579045;225.919,13;0,001114058;EUR
Muster offensiv cVV;30.10.2010;0,0000347878;36,58;0,2686013915;225.955,71;0;EUR
Muster offensiv cVV;31.10.2010;0,0000347866;36,58;0,2686448785;225.992,29;0;EUR
Muster offensiv cVV;01.11.2010;-0,0016690590;-1.755,29;0,2665685917;224.237,00;0,001351840;EUR
Muster offensiv cVV;02.11.2010;0,0078585118;8.250,74;0,2763875363;232.487,74;0,002187013;EUR
Muster offensiv cVV;03.11.2010;-0,0044562566;-4.715,44;0,2707920646;227.772,30;-0,001153698;EUR
Muster offensiv cVV;04.11.2010;0,0126128759;13.286,99;0,2865995197;241.059,29;0,010490995;EUR
Muster offensiv cVV;05.11.2010;0,0054850561;5.851,09;0,2935671322;246.910,38;0,006621769;EUR
Muster offensiv cVV;06.11.2010;0,0000330721;35,47;0,2936093078;246.945,85;0;EUR
Muster offensiv cVV;07.11.2010;0,0000330710;35,47;0,2936514834;246.981,33;0;EUR
Muster offensiv cVV;08.11.2010;0,0010676065;1.145,17;0,2950242097;248.126,50;0,002537100;EUR
Muster offensiv cVV;09.11.2010;0,0049891294;5.357,33;0,3014054668;253.483,83;0,000940865;EUR
Muster offensiv cVV;10.11.2010;-0,0067530234;-7.287,58;0,2927511375;246.196,25;-0,000477617;EUR
Muster offensiv cVV;11.11.2010;0,0007296290;782,07;0,2936920635;246.978,32;0,000325737;EUR
Muster offensiv cVV;12.11.2010;-0,0023573522;-2.528,62;0,2906959940;244.449,70;-0,004669183;EUR
Muster offensiv cVV;13.11.2010;0,0000331481;35,47;0,2907381775;244.485,17;0;EUR
Muster offensiv cVV;14.11.2010;0,0000331470;35,47;0,2907803610;244.520,65;0;EUR
Muster offensiv cVV;15.11.2010;0,0049055086;5.249,85;0,2970344122;249.770,49;0,005369871;EUR
Muster offensiv cVV;16.11.2010;-0,0145381558;-15.634,98;0,2784511092;234.135,51;-0,013326585;EUR
Muster offensiv cVV;17.11.2010;0,0023306594;2.470,06;0,2813990234;236.605,57;0,003336337;EUR
Muster offensiv cVV;18.11.2010;0,0101100539;10.739,71;0,2941827069;247.345,27;0,010847840;EUR
Muster offensiv cVV;19.11.2010;-0,0001382152;-148,31;0,2940170362;247.196,97;-0,000788204;EUR
Muster offensiv cVV;20.11.2010;0,0000330632;35,47;0,2940592274;247.232,44;0;EUR
Muster offensiv cVV;21.11.2010;0,0000330622;35,47;0,2941014187;247.267,91;0;EUR
Muster offensiv cVV;22.11.2010;-0,0006297019;-675,63;0,2933084691;246.592,28;-0,000226573;EUR
Muster offensiv cVV;23.11.2010;-0,0073117549;-7.840,15;0,2839932985;238.752,13;-0,007086772;EUR
Muster offensiv cVV;24.11.2010;0,0134068218;14.270,57;0,3009788473;253.022,70;0,010189537;EUR
Muster offensiv cVV;25.11.2010;0,0074357055;8.020,87;0,3105310816;261.043,57;0,003835129;EUR
Muster offensiv cVV;26.11.2010;-0,0037618632;-4.088,08;0,3056789218;256.955,49;-0,001335078;EUR
Muster offensiv cVV;27.11.2010;0,0000272358;29,49;0,3057139992;256.984,98;0;EUR
Muster offensiv cVV;28.11.2010;0,0000272351;29,49;0,3057490767;257.014,46;0;EUR
Muster offensiv cVV;29.11.2010;-0,0101534654;-10.993,04;0,2926819737;246.021,42;-0,007779818;EUR
Muster offensiv cVV;30.11.2010;0,0004363203;467,60;0,2932486595;246.489,02;-0,000250034;EUR
Muster offensiv cVV;01.12.2010;0,0144250024;15.465,96;0,3116595558;261.954,98;0,015122992;EUR
Muster offensiv cVV;02.12.2010;0,0108045841;11.751,38;0,3256521537;273.706,36;0,007974288;EUR
Muster offensiv cVV;03.12.2010;0,0054430141;5.983,94;0,3327834294;279.690,30;-0,003454552;EUR
Muster offensiv cVV;04.12.2010;0,0000277160;30,64;0,3328198814;279.720,94;0;EUR
Muster offensiv cVV;05.12.2010;0,0000277153;30,64;0,3328563333;279.751,58;0;EUR
Muster offensiv cVV;06.12.2010;0,0036231115;4.005,08;0,3376334749;283.756,66;0,003038618;EUR
Muster offensiv cVV;07.12.2010;0,0036188952;4.014,91;0,3424226030;287.771,57;0,001502886;EUR
Muster offensiv cVV;08.12.2010;-0,0041144745;-4.581,24;0,3369829984;283.190,33;0,000256046;EUR
Muster offensiv cVV;09.12.2010;-0,0020803083;-2.306,78;0,3342495689;280.883,55;0,001921918;EUR
Muster offensiv cVV;10.12.2010;0,0026953840;2.982,60;0,3378104468;283.866,14;0,002388993;EUR
Muster offensiv cVV;11.12.2010;0,0000276117;30,64;0,3378469050;283.896,78;0;EUR
Muster offensiv cVV;12.12.2010;0,0000276109;30,64;0,3378833633;283.927,42;0;EUR
Muster offensiv cVV;13.12.2010;0,0060612850;6.725,61;0,3458989090;290.653,03;-0,000982008;EUR
Muster offensiv cVV;14.12.2010;0,0001706932;190,55;0,3461374769;290.843,58;0,000297064;EUR
Muster offensiv cVV;15.12.2010;0,0006457411;720,98;0,3470073116;291.564,56;-0,001260108;EUR
Muster offensiv cVV;16.12.2010;-0,0016906125;-1.888,82;0,3447709862;289.675,74;0,003949648;EUR
Muster offensiv cVV;17.12.2010;-0,0023749704;-2.648,92;0,3416297593;287.026,82;-0,001160146;EUR
Muster offensiv cVV;18.12.2010;0,0000275333;30,64;0,3416662238;287.057,46;0;EUR
Muster offensiv cVV;19.12.2010;0,0000275325;30,64;0,3417026882;287.088,09;0;EUR
Muster offensiv cVV;20.12.2010;0,0083956360;9.342,35;0,3528341319;296.430,44;0,004819707;EUR
Muster offensiv cVV;21.12.2010;0,0068444228;7.680,16;0,3619877458;304.110,60;0,005522149;EUR
Muster offensiv cVV;22.12.2010;0,0026471202;2.990,68;0,3655597715;307.101,27;0,001944066;EUR
Muster offensiv cVV;23.12.2010;-0,0008620745;-976,54;0,3644094365;306.124,74;0,000129943;EUR
Muster offensiv cVV;24.12.2010;-0,0002272039;-257,15;0,3641153625;305.867,59;-0,001196818;EUR
Muster offensiv cVV;25.12.2010;0,0000270748;30,64;0,3641518330;305.898,22;0;EUR
Muster offensiv cVV;26.12.2010;0,0000270741;30,64;0,3641883035;305.928,86;0;EUR
Muster offensiv cVV;27.12.2010;-0,0070790188;-8.010,64;0,3546638397;297.918,22;-0,006236290;EUR
Muster offensiv cVV;28.12.2010;0,0025741972;2.892,35;0,3581188512;300.810,57;0,002062944;EUR
Muster offensiv cVV;29.12.2010;0,0037417613;4.215,04;0,3631487732;305.025,61;0,001990235;EUR
Muster offensiv cVV;30.12.2010;-0,0063696395;-7.202,15;0,3545857836;297.823,46;-0,008615281;EUR
Muster offensiv cVV;31.12.2010;-0,0014270697;-1.603,31;0,3526883360;296.220,15;-0,002750691;EUR
Muster offensiv cVV;01.01.2011;0,0000273077;30,64;0,3527248124;296.250,78;0;EUR
Muster offensiv cVV;02.01.2011;0,0000273069;30,64;0,3527612889;296.281,42;0;EUR
Muster offensiv cVV;03.01.2011;0,0094701721;10.625,11;0,3654236624;306.906,53;0,008357274;EUR
Muster offensiv cVV;04.01.2011;-0,0031976921;-3.621,64;0,3611231104;303.284,89;0,001182553;EUR
Muster offensiv cVV;05.01.2011;-0,0058322807;-6.584,41;0,3532943468;296.700,48;0,001083711;EUR
Muster offensiv cVV;06.01.2011;0,0028199641;3.165,06;0,3570745244;299.865,54;0,005223002;EUR
Muster offensiv cVV;07.01.2011;-0,0024781453;-2.789,25;0,3537643919;297.076,29;-0,000541857;EUR
Muster offensiv cVV;08.01.2011;0,0000272868;30,64;0,3538008742;297.106,92;0;EUR
Muster offensiv cVV;09.01.2011;0,0000272861;30,64;0,3538373565;297.137,56;0;EUR
Muster offensiv cVV;10.01.2011;-0,0073247449;-8.224,31;0,3440545918;288.913,25;-0,005391648;EUR
Muster offensiv cVV;11.01.2011;0,0090744729;10.114,29;0,3561105238;299.027,54;0,006318972;EUR
Muster offensiv cVV;12.01.2011;0,0089290165;10.042,48;0,3680816489;309.070,02;0,006920309;EUR
Muster offensiv cVV;13.01.2011;-0,0037139759;-4.214,41;0,3630739485;304.855,61;-0,005799986;EUR
Muster offensiv cVV;14.01.2011;-0,0025285960;-2.858,65;0,3596806115;301.996,96;0,000085476;EUR
Muster offensiv cVV;15.01.2011;0,0000271766;30,65;0,3597171114;302.027,60;0;EUR
Muster offensiv cVV;16.01.2011;0,0000271670;30,64;0,3597535995;302.058,24;0;EUR
Muster offensiv cVV;17.01.2011;0,0017626654;1.987,81;0,3621323698;304.046,05;0,001911784;EUR
Muster offensiv cVV;18.01.2011;0,0037387884;4.223,78;0,3671744679;308.269,84;0,002451244;EUR
Muster offensiv cVV;19.01.2011;-0,0042047794;-4.767,98;0,3615065761;303.501,86;-0,007744852;EUR
Muster offensiv cVV;20.01.2011;-0,0116432098;-13.147,23;0,3458573106;290.354,62;-0,005680547;EUR
Muster offensiv cVV;21.01.2011;0,0004437373;495,22;0,3464578205;290.849,85;-0,000658886;EUR
Muster offensiv cVV;22.01.2011;0,0000274480;30,65;0,3464943261;290.880,49;0;EUR
Muster offensiv cVV;23.01.2011;0,0000274382;30,64;0,3465308198;290.911,13;0;EUR
Muster offensiv cVV;24.01.2011;0,0025981928;2.901,10;0,3499972804;293.812,23;0,001005545;EUR
Muster offensiv cVV;25.01.2011;-0,0027788107;-3.110,84;0,3463020999;290.701,39;-0,000668493;EUR
Muster offensiv cVV;26.01.2011;0,0070584909;7.879,93;0,3556999580;298.581,32;0,004786221;EUR
Muster offensiv cVV;27.01.2011;-0,0006965721;-783,12;0,3547777393;297.798,19;0,000704625;EUR
Muster offensiv cVV;28.01.2011;-0,0031216996;-3.507,14;0,3506101067;294.291,05;-0,004939952;EUR
Muster offensiv cVV;29.01.2011;0,0000273547;30,64;0,3506466059;294.321,69;0;EUR
Muster offensiv cVV;30.01.2011;0,0000273539;30,64;0,3506831051;294.352,32;0;EUR
Muster offensiv cVV;31.01.2011;-0,0053904415;-5.983,53;0,3435723204;288.368,79;-0,001853022;EUR
Muster offensiv cVV;01.02.2011;0,0108471778;11.975,75;0,3578591360;300.344,54;0,009431937;EUR
Muster offensiv cVV;02.02.2011;0,0019123470;2.134,21;0,3604206109;302.478,75;0,000165869;EUR
Muster offensiv cVV;03.02.2011;0,0004339948;485,27;0,3610173721;302.964,03;0,005551531;EUR
Muster offensiv cVV;04.02.2011;0,0010499561;1.174,52;0,3624354895;304.138,55;0,002980159;EUR
Muster offensiv cVV;05.02.2011;0,0000263940;29,56;0,3624707111;304.168,10;0;EUR
Muster offensiv cVV;06.02.2011;0,0000263843;29,55;0,3625059208;304.197,65;0;EUR
Muster offensiv cVV;07.02.2011;0,0081473352;9.123,97;0,3733977936;313.321,62;0,006621155;EUR
Muster offensiv cVV;08.02.2011;-0,0003873180;-437,28;0,3728956048;312.884,34;0,000536389;EUR
Muster offensiv cVV;09.02.2011;-0,0012740638;-1.437,86;0,3712007504;311.446,49;-0,002806487;EUR
Muster offensiv cVV;10.02.2011;0,0004979769;561,28;0,3718884674;312.007,77;0,002861407;EUR
Muster offensiv cVV;11.02.2011;0,0066888487;7.542,89;0,3808981326;319.550,66;0,004399855;EUR
Muster offensiv cVV;12.02.2011;0,0000260268;29,55;0,3809333512;319.580,21;0;EUR
Muster offensiv cVV;13.02.2011;0,0000260262;29,55;0,3809685698;319.609,75;0;EUR
Muster offensiv cVV;14.02.2011;0,0033207063;3.769,94;0,3854815663;323.379,70;0,004965199;EUR
Muster offensiv cVV;15.02.2011;-0,0025107016;-2.859,82;0,3820916000;320.519,87;-0,001456267;EUR
Muster offensiv cVV;16.02.2011;-0,0014464523;-1.643,45;0,3801513384;318.876,42;0,003197110;EUR
Muster offensiv cVV;17.02.2011;-0,0008008474;-908,60;0,3790869159;317.967,82;0,001011939;EUR
Muster offensiv cVV;18.02.2011;-0,0004285388;-485,81;0,3785264063;317.482,01;-0,000508035;EUR
Muster offensiv cVV;19.02.2011;0,0000260743;29,55;0,3785616337;317.511,56;0;EUR
Muster offensiv cVV;20.02.2011;0,0000260737;29,55;0,3785968611;317.541,10;0;EUR
Muster offensiv cVV;21.02.2011;-0,0072654407;-8.233,31;0,3687986165;309.307,79;-0,006805928;EUR
Muster offensiv cVV;22.02.2011;-0,0033487784;-3.767,32;0,3643245672;305.540,48;-0,006284735;EUR
Muster offensiv cVV;23.02.2011;-0,0123676112;-13.866,75;0,3478069295;291.673,73;-0,010552843;EUR
Muster offensiv cVV;24.02.2011;-0,0052369541;-5.799,13;0,3409083344;285.874,60;-0,004685606;EUR
Muster offensiv cVV;25.02.2011;0,0105518256;11.623,35;0,3547865002;297.497,95;0,008091970;EUR
Muster offensiv cVV;26.02.2011;0,0000265424;29,55;0,3548217361;297.527,50;0;EUR
Muster offensiv cVV;27.02.2011;0,0000265417;29,55;0,3548569721;297.557,05;0;EUR
Muster offensiv cVV;28.02.2011;0,0069299827;7.714,67;0,3640748356;305.271,72;0,005693403;EUR
Muster offensiv cVV;01.03.2011;-0,0034460557;-3.862,84;0,3594852221;301.408,88;-0,006070467;EUR
Muster offensiv cVV;02.03.2011;-0,0030386380;-3.394,41;0,3554538226;298.014,47;-0,004535949;EUR
Muster offensiv cVV;03.03.2011;-0,0001146584;-127,69;0,3553185077;297.886,77;0,003130928;EUR
Muster offensiv cVV;04.03.2011;-0,0041717433;-4.645,49;0,3497940482;293.241,28;-0,004531489;EUR
Muster offensiv cVV;05.03.2011;0,0000266443;29,55;0,3498292926;293.270,83;0;EUR
Muster offensiv cVV;06.03.2011;0,0000266436;29,55;0,3498645370;293.300,37;0;EUR
Muster offensiv cVV;07.03.2011;-0,0034518044;-3.827,96;0,3453147336;289.472,41;-0,004290437;EUR
Muster offensiv cVV;08.03.2011;0,0031156018;3.443,20;0,3494386958;292.915,61;0,003906128;EUR
Muster offensiv cVV;09.03.2011;-0,0033225372;-3.683,33;0,3450608759;289.232,28;-0,002456075;EUR
Muster offensiv cVV;10.03.2011;-0,0107334022;-11.859,40;0,3309278805;277.372,87;-0,007208381;EUR
Muster offensiv cVV;11.03.2011;-0,0049805528;-5.443,98;0,3244479769;271.928,89;-0,004567241;EUR
Muster offensiv cVV;12.03.2011;0,0000271664;29,55;0,3244832296;271.958,44;0;EUR
Muster offensiv cVV;13.03.2011;0,0000271749;29,56;0,3245184943;271.988,00;0;EUR
Muster offensiv cVV;14.03.2011;-0,0124977598;-13.593,34;0,3083141896;258.394,66;-0,013758873;EUR
Muster offensiv cVV;15.03.2011;-0,0230071533;-24.711,27;0,2788418989;233.683,39;-0,019385637;EUR
Muster offensiv cVV;16.03.2011;-0,0074791729;-7.848,33;0,2694894024;225.835,07;-0,008841231;EUR
Muster offensiv cVV;17.03.2011;0,0150956171;15.722,22;0,2882640780;241.557,29;0,010303110;EUR
Muster offensiv cVV;18.03.2011;-0,0002686432;-284,02;0,2879383990;241.273,27;-0,000886972;EUR
Muster offensiv cVV;19.03.2011;0,0000279638;29,56;0,2879736719;241.302,83;0;EUR
Muster offensiv cVV;20.03.2011;0,0000279536;29,55;0,2880089328;241.332,37;0;EUR
Muster offensiv cVV;21.03.2011;0,0140824123;14.885,20;0,3057871393;256.217,58;0,012709169;EUR
Muster offensiv cVV;22.03.2011;-0,0056245206;-6.028,88;0,2986055291;250.188,70;-0,001548279;EUR
Muster offensiv cVV;23.03.2011;0,0062085013;6.617,41;0,3065175172;256.806,11;0,004116958;EUR
Muster offensiv cVV;24.03.2011;0,0123435838;13.238,25;0,3223330083;270.044,36;0,008713141;EUR
Muster offensiv cVV;25.03.2011;0,0017004054;1.846,16;0,3245513312;271.890,52;0,002522465;EUR
Muster offensiv cVV;26.03.2011;0,0000271674;29,55;0,3245866002;271.920,07;0;EUR
Muster offensiv cVV;27.03.2011;0,0000271667;29,55;0,3246218691;271.949,61;0;EUR
Muster offensiv cVV;28.03.2011;0,0023924404;2.602,08;0,3277427079;274.551,69;-0,000878045;EUR
Muster offensiv cVV;29.03.2011;0,0023427202;2.554,09;0,3308064979;277.105,78;0,001550804;EUR
Muster offensiv cVV;30.03.2011;0,0113843399;12.440,58;0,3456734405;289.546,36;0,009453775;EUR
Muster offensiv cVV;31.03.2011;-0,0027727842;-3.064,54;0,3420301305;286.481,82;-0,003888834;EUR
Muster offensiv cVV;01.04.2011;0,0076885502;8.473,98;0,3521628741;294.955,80;0,010145859;EUR
Muster offensiv cVV;02.04.2011;0,0000271884;30,20;0,3521989270;294.986,00;0;EUR
Muster offensiv cVV;03.04.2011;0,0000271877;30,20;0,3522349799;295.016,20;0;EUR
Muster offensiv cVV;04.04.2011;0,0008777744;974,94;0,3534146811;295.991,13;-0,000948709;EUR
Muster offensiv cVV;05.04.2011;0,0028606310;3.180,06;0,3572274829;299.171,20;-0,000007867;EUR
Muster offensiv cVV;06.04.2011;0,0019471092;2.170,73;0,3598353070;301.341,92;-0,000238643;EUR
Muster offensiv cVV;07.04.2011;-0,0019191368;-2.143,71;0,3572911754;299.198,21;-0,001275990;EUR
Muster offensiv cVV;08.04.2011;0,0011489100;1.280,89;0,3588364679;300.479,10;-0,000686924;EUR
Muster offensiv cVV;09.04.2011;0,0000270539;30,20;0,3588725287;300.509,30;0;EUR
Muster offensiv cVV;10.04.2011;0,0000270532;30,20;0,3589085896;300.539,50;0;EUR
Muster offensiv cVV;11.04.2011;-0,0011966800;-1.335,75;0,3573290037;299.203,74;-0,001855992;EUR
Muster offensiv cVV;12.04.2011;-0,0123985699;-13.822,89;0,3408356058;285.380,85;-0,009784097;EUR
Muster offensiv cVV;13.04.2011;0,0060007587;6.607,17;0,3487417762;291.988,02;0,005120197;EUR
Muster offensiv cVV;14.04.2011;-0,0012912214;-1.430,24;0,3470485321;290.557,78;-0,000855891;EUR
Muster offensiv cVV;15.04.2011;0,0057173507;6.324,72;0,3546181748;296.882,50;0,003587981;EUR
Muster offensiv cVV;16.04.2011;0,0000332977;37,05;0,3546624248;296.919,54;0;EUR
Muster offensiv cVV;17.04.2011;0,0000333056;37,06;0,3547066867;296.956,60;0;EUR
Muster offensiv cVV;18.04.2011;-0,0110929250;-12.342,33;0,3399786919;284.614,27;-0,006809614;EUR
Muster offensiv cVV;19.04.2011;0,0019875032;2.186,83;0,3426055604;286.801,10;-0,000553564;EUR
Muster offensiv cVV;20.04.2011;0,0171978638;18.960,22;0,3652705417;305.761,32;0,012965839;EUR
Muster offensiv cVV;21.04.2011;0,0042127329;4.724,31;0,3709300826;310.485,62;0,004475402;EUR
Muster offensiv cVV;22.04.2011;0,0000045752;5,15;0,3709519451;310.490,78;0,000021090;EUR
Muster offensiv cVV;23.04.2011;0,0000328954;37,05;0,3709962046;310.527,82;0;EUR
Muster offensiv cVV;24.04.2011;0,0000328943;37,05;0,3710404640;310.564,87;0;EUR
Muster offensiv cVV;25.04.2011;0,0002730414;307,51;0,3714235303;310.872,38;-0,000701965;EUR
Muster offensiv cVV;26.04.2011;0,0036058006;4.062,10;0,3762926707;314.934,48;0,004436389;EUR
Muster offensiv cVV;27.04.2011;0,0015484616;1.750,70;0,3784003278;316.685,18;0,002676663;EUR
Muster offensiv cVV;28.04.2011;0,0038309476;4.338,01;0,3835997538;321.023,19;0,003284706;EUR
Muster offensiv cVV;29.04.2011;0,0060374321;6.862,73;0,3918165509;327.885,92;0,003041297;EUR
Muster offensiv cVV;30.04.2011;0,0000323735;37,02;0,3918607902;327.922,95;0;EUR
Muster offensiv cVV;01.05.2011;0,0000323724;37,02;0,3919050295;327.959,97;0;EUR
Muster offensiv cVV;02.05.2011;0,0056889887;6.506,12;0,3996962995;334.466,09;0,000055344;EUR
Muster offensiv cVV;03.05.2011;-0,0037281903;-4.287,94;0,3945884210;330.178,15;-0,002767253;EUR
Muster offensiv cVV;04.05.2011;-0,0113458485;-13.000,67;0,3790672573;317.177,48;-0,010674659;EUR
Muster offensiv cVV;05.05.2011;0,0024364208;2.760,10;0,3823816542;319.937,58;0,003887090;EUR
Muster offensiv cVV;06.05.2011;0,0062971119;7.151,07;0,3909444691;327.088,66;0,010118807;EUR
Muster offensiv cVV;07.05.2011;0,0000323960;37,02;0,3909887175;327.125,68;0;EUR
Muster offensiv cVV;08.05.2011;0,0000324037;37,03;0,3910329778;327.162,71;0;EUR
Muster offensiv cVV;09.05.2011;-0,0005030738;-574,93;0,3903617547;326.587,78;0,001797367;EUR
Muster offensiv cVV;10.05.2011;0,0056539349;6.458,27;0,3980973725;333.046,05;0,005596181;EUR
Muster offensiv cVV;11.05.2011;0,0016539826;1.899,96;0,4003846945;334.946,02;-0,001017323;EUR
Muster offensiv cVV;12.05.2011;-0,0033670414;-3.874,19;0,3957696208;331.071,83;-0,001057880;EUR
Muster offensiv cVV;13.05.2011;-0,0038631631;-4.430,07;0,3904895847;326.641,76;-0,004372457;EUR
Muster offensiv cVV;14.05.2011;0,0006723368;768,02;0,3914077288;327.409,78;0;EUR
Muster offensiv cVV;15.05.2011;0,0000323869;37,02;0,3914519861;327.446,81;0;EUR
Muster offensiv cVV;16.05.2011;0,0005164284;590,34;0,3921734867;328.037,15;-0,003507495;EUR
Muster offensiv cVV;17.05.2011;-0,0122179214;-13.973,77;0,3754826718;314.063,37;-0,006612387;EUR
Muster offensiv cVV;18.05.2011;0,0054060888;6.107,46;0,3827998224;320.170,83;0,003677466;EUR
Muster offensiv cVV;19.05.2011;0,0054475775;6.187,60;0,3902133304;326.358,44;0,003667290;EUR
Muster offensiv cVV;20.05.2011;-0,0032641597;-3.727,78;0,3857714959;322.630,66;-0,003758628;EUR
Muster offensiv cVV;21.05.2011;0,0000325317;37,03;0,3858157741;322.667,69;0;EUR
Muster offensiv cVV;22.05.2011;0,0000325219;37,02;0,3858600403;322.704,71;0;EUR
Muster offensiv cVV;23.05.2011;-0,0117350941;-13.358,98;0,3699012591;309.345,73;-0,009815331;EUR
Muster offensiv cVV;24.05.2011;0,0044464026;5.002,29;0,3758975950;314.348,02;-0,000405220;EUR
Muster offensiv cVV;25.05.2011;0,0028837805;3.258,74;0,3798093290;317.606,76;0,003665984;EUR
Muster offensiv cVV;26.05.2011;-0,0004906780;-556,08;0,3791592095;317.050,68;-0,001311553;EUR
Muster offensiv cVV;27.05.2011;0,0021338129;2.417,02;0,3820646437;319.467,70;0,001900229;EUR
Muster offensiv cVV;28.05.2011;0,0000326135;37,02;0,3821089187;319.504,72;0;EUR
Muster offensiv cVV;29.05.2011;0,0000326213;37,03;0,3821532056;319.541,75;0;EUR
Muster offensiv cVV;30.05.2011;0,0006548412;743,39;0,3830571731;320.285,14;-0,000414005;EUR
Muster offensiv cVV;31.05.2011;0,0095917527;10.895,84;0,3961038482;331.180,98;0,008514066;EUR
Muster offensiv cVV;01.06.2011;-0,0043562784;-4.996,02;0,3901435385;326.184,96;-0,010118990;EUR
Muster offensiv cVV;02.06.2011;-0,0105284957;-12.022,06;0,3757786869;314.162,90;-0,010807425;EUR
Muster offensiv cVV;03.06.2011;-0,0023776294;-2.686,33;0,3725798234;311.476,57;-0,003466471;EUR
Muster offensiv cVV;04.06.2011;0,0000328448;37,02;0,3726241069;311.513,59;0;EUR
Muster offensiv cVV;05.06.2011;0,0000328437;37,02;0,3726683904;311.550,61;0;EUR
Muster offensiv cVV;06.06.2011;-0,0009832269;-1.108,32;0,3713568917;310.442,29;-0,004854306;EUR
Muster offensiv cVV;07.06.2011;0,0005086535;572,80;0,3720563126;311.015,10;-0,000949006;EUR
Muster offensiv cVV;08.06.2011;-0,0047743132;-5.379,17;0,3656353403;305.635,93;-0,002707752;EUR
Muster offensiv cVV;09.06.2011;0,0089535169;10.039,67;0,3776602450;315.675,60;0,010027886;EUR
Muster offensiv cVV;10.06.2011;-0,0076213571;-8.622,42;0,3673586783;307.053,18;-0,005620082;EUR
Muster offensiv cVV;11.06.2011;0,0000329831;37,03;0,3674029822;307.090,21;0;EUR
Muster offensiv cVV;12.06.2011;0,0000329731;37,02;0,3674472741;307.127,23;0;EUR
Muster offensiv cVV;13.06.2011;0,0019568782;2.197,19;0,3700899622;309.324,41;0,000349691;EUR
Muster offensiv cVV;14.06.2011;0,0077439072;8.711,88;0,3805275848;318.036,30;0,008245160;EUR
Muster offensiv cVV;15.06.2011;-0,0039963146;-4.530,66;0,3751207626;313.505,64;-0,005488004;EUR
Muster offensiv cVV;16.06.2011;-0,0061646365;-6.960,98;0,3668054183;306.544,65;0,001022578;EUR
Muster offensiv cVV;17.06.2011;0,0011495406;1.290,04;0,3683627882;307.834,69;-0,000078542;EUR
Muster offensiv cVV;18.06.2011;0,0000329512;37,02;0,3684070884;307.871,71;0;EUR
Muster offensiv cVV;19.06.2011;0,0000329501;37,02;0,3684513887;307.908,73;0;EUR
Muster offensiv cVV;20.06.2011;-0,0011939871;-1.341,54;0,3668597035;306.567,19;-0,000419772;EUR
Muster offensiv cVV;21.06.2011;0,0072318886;8.115,92;0,3765857435;314.683,11;0,011296047;EUR
Muster offensiv cVV;22.06.2011;-0,0002726720;-308,22;0,3762307987;314.374,89;-0,002242985;EUR
Muster offensiv cVV;23.06.2011;-0,0058770147;-6.641,31;0,3682963173;307.733,58;-0,003192183;EUR
Muster offensiv cVV;24.06.2011;-0,0003087333;-346,83;0,3678947379;307.386,75;-0,003625964;EUR
Muster offensiv cVV;25.06.2011;0,0000329644;37,02;0,3679390464;307.423,77;0;EUR
Muster offensiv cVV;26.06.2011;0,0000329633;37,02;0,3679833548;307.460,79;0;EUR
Muster offensiv cVV;27.06.2011;-0,0035397922;-3.975,66;0,3632383952;303.485,12;-0,002424779;EUR
Muster offensiv cVV;28.06.2011;0,0046392958;5.192,11;0,3694662692;308.677,23;0,004950655;EUR
Muster offensiv cVV;29.06.2011;0,0108265688;12.172,87;0,3840503646;320.850,10;0,010013614;EUR
Muster offensiv cVV;30.06.2011;0,0052596625;5.977,73;0,3912197723;326.827,84;0,006013993;EUR
Muster offensiv cVV;01.07.2011;0,0006054670;691,75;0,3920619903;327.519,58;0,006226095;EUR
Muster offensiv cVV;02.07.2011;0,0000317628;36,31;0,3921054569;327.555,89;0;EUR
Muster offensiv cVV;03.07.2011;0,0000317618;36,31;0,3921489235;327.592,21;0;EUR
Muster offensiv cVV;04.07.2011;0,0061047079;6.979,31;0,4005180468;334.571,51;0,001758540;EUR
Muster offensiv cVV;05.07.2011;0,0015880608;1.826,66;0,4027192348;336.398,17;0,000739109;EUR
Muster offensiv cVV;06.07.2011;0,0031767022;3.659,79;0,4071151486;340.057,96;0,003556614;EUR
Muster offensiv cVV;07.07.2011;0,0040765090;4.711,35;0,4127703004;344.769,32;0,002855004;EUR
Muster offensiv cVV;08.07.2011;-0,0017018096;-1.974,85;0,4104205577;342.794,46;-0,001551327;EUR
Muster offensiv cVV;09.07.2011;0,0000313234;36,29;0,4104640036;342.830,75;0;EUR
Muster offensiv cVV;10.07.2011;0,0000313224;36,29;0,4105074494;342.867,04;0;EUR
Muster offensiv cVV;11.07.2011;-0,0107394001;-12.442,04;0,3956249158;330.425,00;-0,008007776;EUR
Muster offensiv cVV;12.07.2011;-0,0020308643;-2.327,57;0,3928519784;328.097,43;-0,005569088;EUR
Muster offensiv cVV;13.07.2011;0,0078169472;8.940,80;0,4035716218;337.038,23;0,003664383;EUR
Muster offensiv cVV;14.07.2011;-0,0042556012;-4.905,48;0,3977117675;332.132,74;-0,005235151;EUR
Muster offensiv cVV;15.07.2011;0,0037798000;4.338,48;0,4029210164;336.471,23;0,002202152;EUR
Muster offensiv cVV;16.07.2011;0,0000314953;36,29;0,4029644699;336.507,51;0;EUR
Muster offensiv cVV;17.07.2011;0,0000314943;36,29;0,4030079234;336.543,80;0;EUR
Muster offensiv cVV;18.07.2011;-0,0076553578;-8.820,64;0,3924590273;327.723,16;-0,007597455;EUR
Muster offensiv cVV;19.07.2011;0,0040322260;4.610,44;0,3979940603;332.333,60;0,005276031;EUR
Muster offensiv cVV;20.07.2011;0,0017364619;1.993,47;0,4003953196;334.327,07;0,002821445;EUR
Muster offensiv cVV;21.07.2011;0,0018853780;2.168,19;0,4030059532;336.495,25;0,003325725;EUR
Muster offensiv cVV;22.07.2011;0,0044397005;5.115,29;0,4091464633;341.610,54;0,004677759;EUR
Muster offensiv cVV;23.07.2011;0,0000313554;36,29;0,4091899243;341.646,83;0;EUR
Muster offensiv cVV;24.07.2011;0,0000313544;36,29;0,4092333854;341.683,12;0;EUR
Muster offensiv cVV;25.07.2011;0,0030194721;3.494,61;0,4134331282;345.177,72;0,000079592;EUR
Muster offensiv cVV;26.07.2011;-0,0037768458;-4.384,36;0,4081958409;340.793,36;-0,003136140;EUR
Muster offensiv cVV;27.07.2011;-0,0051416076;-5.946,10;0,4010874611;334.847,26;-0,008000831;EUR
Muster offensiv cVV;28.07.2011;-0,0081332383;-9.357,46;0,3898922085;325.489,80;-0,002737974;EUR
Muster offensiv cVV;29.07.2011;-0,0024387338;-2.783,00;0,3865717349;322.706,80;-0,004364463;EUR
Muster offensiv cVV;30.07.2011;0,0000318761;36,29;0,3866152034;322.743,09;0;EUR
Muster offensiv cVV;31.07.2011;0,0000318751;36,29;0,3866586719;322.779,38;0;EUR
Muster offensiv cVV;01.08.2011;-0,0088012781;-10.019,85;0,3746685897;312.759,53;-0,007952293;EUR
Muster offensiv cVV;02.08.2011;-0,0152743290;-17.236,07;0,3540327303;295.523,46;-0,016398216;EUR
Muster offensiv cVV;03.08.2011;-0,0157809985;-17.535,81;0,3330363422;277.987,66;-0,012829446;EUR
Muster offensiv cVV;04.08.2011;-0,0245655464;-26.866,40;0,3008598396;251.121,26;-0,024321365;EUR
Muster offensiv cVV;05.08.2011;-0,0228632141;-24.202,89;0,2718762460;226.918,36;-0,016560613;EUR
Muster offensiv cVV;06.08.2011;0,0000377972;39,10;0,2719230892;226.957,46;0;EUR
Muster offensiv cVV;07.08.2011;0,0000377958;39,10;0,2719699324;226.996,56;0;EUR
Muster offensiv cVV;08.08.2011;-0,0358962978;-37.133,67;0,2274901127;189.862,89;-0,037368015;EUR
Muster offensiv cVV;09.08.2011;0,0020583193;2.052,84;0,2299607750;191.915,73;0,007920408;EUR
Muster offensiv cVV;10.08.2011;-0,0143315509;-14.322,81;0,2128087811;177.592,92;-0,027411748;EUR
Muster offensiv cVV;11.08.2011;0,0082836559;8.159,96;0,2225973969;185.752,88;0,020381035;EUR
Muster offensiv cVV;12.08.2011;0,0225795305;22.426,60;0,2494841860;208.179,48;0,018782324;EUR
Muster offensiv cVV;13.08.2011;0,0000384946;39,10;0,2495310404;208.218,57;0;EUR
Muster offensiv cVV;14.08.2011;0,0000384931;39,10;0,2495778948;208.257,67;0;EUR
Muster offensiv cVV;15.08.2011;0,0039786379;4.041,23;0,2544329612;212.298,90;0,003359912;EUR
Muster offensiv cVV;16.08.2011;-0,0031715486;-3.234,26;0,2505686158;209.064,64;-0,002688987;EUR
Muster offensiv cVV;17.08.2011;-0,0000729471;-74,15;0,2504915078;208.990,49;-0,002173627;EUR
Muster offensiv cVV;18.08.2011;-0,0357740977;-36.363,10;0,2069171638;172.627,38;-0,033130567;EUR
Muster offensiv cVV;19.08.2011;-0,0109299447;-10.712,46;0,1940859084;161.914,93;-0,016955145;EUR
Muster offensiv cVV;20.08.2011;0,0000403317;39,10;0,1941327738;161.954,02;0;EUR
Muster offensiv cVV;21.08.2011;0,0000403198;39,09;0,1941796272;161.993,11;0;EUR
Muster offensiv cVV;22.08.2011;0,0026119943;2.532,24;0,1972241883;164.525,35;0,000115907;EUR
Muster offensiv cVV;23.08.2011;0,0084409571;8.204,61;0,2070690470;172.729,96;0,012382393;EUR
Muster offensiv cVV;24.08.2011;0,0105358932;10.327,33;0,2194596297;183.057,29;0,012142181;EUR
Muster offensiv cVV;25.08.2011;-0,0079288282;-7.853,75;0,2100537965;175.203,53;-0,008670722;EUR
Muster offensiv cVV;26.08.2011;-0,0025723941;-2.527,83;0,2070326759;172.675,70;-0,000471836;EUR
Muster offensiv cVV;27.08.2011;0,0000398787;39,09;0,2070795401;172.714,79;0;EUR
Muster offensiv cVV;28.08.2011;0,0000398874;39,10;0,2071264164;172.753,88;0;EUR
Muster offensiv cVV;29.08.2011;0,0159954975;15.679,23;0,2259356942;188.433,12;0,012608505;EUR
Muster offensiv cVV;30.08.2011;0,0029626583;2.950,53;0,2294839584;191.383,65;0,003740432;EUR
Muster offensiv cVV;31.08.2011;0,0223934071;22.367,83;0,2563164360;213.751,48;0,014387018;EUR
Muster offensiv cVV;01.09.2011;-0,0024556263;-2.507,75;0,2533208448;211.243,73;-0,001150946;EUR
Muster offensiv cVV;02.09.2011;-0,0169691614;-17.286,79;0,2326013040;193.956,94;-0,018975212;EUR
Muster offensiv cVV;03.09.2011;0,0000390413;39,10;0,2326481909;193.996,04;0;EUR
Muster offensiv cVV;04.09.2011;0,0000390398;39,10;0,2326950779;194.035,14;0;EUR
Muster offensiv cVV;05.09.2011;-0,0301922503;-30.237,82;0,1964415099;163.797,32;-0,022920961;EUR
Muster offensiv cVV;06.09.2011;-0,0056964903;-5.532,84;0,1898145662;158.264,48;-0,005754126;EUR
Muster offensiv cVV;07.09.2011;0,0235039180;22.698,64;0,2170479607;180.963,12;0,024805901;EUR
Muster offensiv cVV;08.09.2011;0,0006503440;642,82;0,2178287450;181.605,95;0,000118728;EUR
Muster offensiv cVV;09.09.2011;-0,0192260956;-19.016,15;0,1950283999;162.589,80;-0,017726840;EUR
Muster offensiv cVV;10.09.2011;0,0000403037;39,10;0,1950752974;162.628,90;0;EUR
Muster offensiv cVV;11.09.2011;0,0000403021;39,10;0,1951221949;162.667,99;0;EUR
Muster offensiv cVV;12.09.2011;-0,0171532644;-16.641,10;0,1751688110;146.026,89;-0,010436580;EUR
Muster offensiv cVV;13.09.2011;0,0071963890;6.861,76;0,1834081106;152.888,65;0,008036768;EUR
Muster offensiv cVV;14.09.2011;0,0215788608;20.723,53;0,2082776992;173.612,19;0,015720254;EUR
Muster offensiv cVV;15.09.2011;0,0142665730;13.996,74;0,2250791607;187.608,93;0,014518312;EUR
Muster offensiv cVV;16.09.2011;0,0080033793;7.964,03;0,2346441627;195.572,95;0,009354414;EUR
Muster offensiv cVV;17.09.2011;0,0000339936;34,10;0,2346850717;195.607,05;0;EUR
Muster offensiv cVV;18.09.2011;0,0000389671;39,09;0,2347319676;195.646,14;0;EUR
Muster offensiv cVV;19.09.2011;-0,0173891736;-17.443,43;0,2138131298;178.202,71;-0,011702172;EUR
Muster offensiv cVV;20.09.2011;0,0158730516;15.645,70;0,2325955353;193.848,41;0,009702901;EUR
Muster offensiv cVV;21.09.2011;-0,0129775514;-12.994,71;0,2170128894;180.853,69;-0,016561315;EUR
Muster offensiv cVV;22.09.2011;-0,0352612033;-34.849,63;0,1752032075;146.004,06;-0,028332310;EUR
Muster offensiv cVV;23.09.2011;-0,0052507611;-5.006,49;0,1692028473;140.997,58;0,002373423;EUR
Muster offensiv cVV;24.09.2011;0,0000412107;39,09;0,1692497535;141.036,66;0;EUR
Muster offensiv cVV;25.09.2011;0,0000412195;39,10;0,1692966717;141.075,76;0;EUR
Muster offensiv cVV;26.09.2011;0,0073353614;6.957,96;0,1776542161;148.033,72;0,016481986;EUR
Muster offensiv cVV;27.09.2011;0,0269605457;25.761,01;0,2085788561;173.794,73;0,024681259;EUR
Muster offensiv cVV;28.09.2011;-0,0045034363;-4.419,08;0,2032840946;169.375,65;-0,008094863;EUR
Muster offensiv cVV;29.09.2011;-0,0046487512;-4.541,13;0,1978423620;164.834,52;0,005020258;EUR
Muster offensiv cVV;30.09.2011;-0,0113884051;-11.073,04;0,1845598827;153.761,47;-0,010401774;EUR
Muster offensiv cVV;01.10.2011;0,0000406738;39,10;0,1846068110;153.800,57;0;EUR
Muster offensiv cVV;02.10.2011;0,0000406722;39,10;0,1846537393;153.839,67;0;EUR
Muster offensiv cVV;03.10.2011;-0,0125142743;-12.030,14;0,1702212468;141.809,52;-0,013946159;EUR
Muster offensiv cVV;04.10.2011;-0,0185757047;-17.633,61;0,1490610818;124.175,91;-0,011215105;EUR
Muster offensiv cVV;05.10.2011;0,0246332908;22.949,61;0,1766173706;147.125,51;0,024267721;EUR
Muster offensiv cVV;06.10.2011;0,0185480587;17.705,97;0,1978809728;164.831,48;0,017650847;EUR
Muster offensiv cVV;07.10.2011;0,0078638556;7.646,07;0,2070688876;172.477,56;0,000252053;EUR
Muster offensiv cVV;08.10.2011;0,0000398970;39,10;0,2071158259;172.516,65;0;EUR
Muster offensiv cVV;09.10.2011;0,0000398954;39,10;0,2071627642;172.555,75;0;EUR
Muster offensiv cVV;10.10.2011;0,0147613407;14.466,56;0,2245401520;187.022,30;0,016445652;EUR
Muster offensiv cVV;11.10.2011;0,0018736081;1.863,30;0,2267867913;188.885,60;0,002860963;EUR
Muster offensiv cVV;12.10.2011;0,0132232182;13.175,08;0,2426157367;202.060,68;0,008783913;EUR
Muster offensiv cVV;13.10.2011;-0,0076103836;-7.682,95;0,2334005450;194.377,74;-0,003587392;EUR
Muster offensiv cVV;14.10.2011;0,0118096820;11.831,55;0,2476177176;206.209,29;0,003766278;EUR
Muster offensiv cVV;15.10.2011;0,0000385694;39,10;0,2476646658;206.248,39;0;EUR
Muster offensiv cVV;16.10.2011;0,0000385580;39,09;0,2477116020;206.287,47;0;EUR
Muster offensiv cVV;17.10.2011;-0,0059898133;-6.072,24;0,2404300247;200.215,23;-0,007169349;EUR
Muster offensiv cVV;18.10.2011;-0,0012735237;-1.283,32;0,2388988729;198.931,91;0,005839253;EUR
Muster offensiv cVV;19.10.2011;0,0017721845;1.783,54;0,2410507274;200.715,45;-0,002033137;EUR
Muster offensiv cVV;20.10.2011;-0,0114657461;-11.559,65;0,2271774746;189.155,81;-0,008876955;EUR
Muster offensiv cVV;21.10.2011;0,0122720310;12.230,67;0,2418765722;201.386,48;0,015956794;EUR
Muster offensiv cVV;22.10.2011;0,0000387439;39,09;0,2419235181;201.425,57;0;EUR
Muster offensiv cVV;23.10.2011;0,0000387523;39,10;0,2419704760;201.464,66;0;EUR
Muster offensiv cVV;24.10.2011;0,0119873453;12.094,50;0,2565071993;213.559,16;0,011547676;EUR
Muster offensiv cVV;25.10.2011;0,0011823137;1.207,18;0,2579677301;214.766,34;-0,005287385;EUR
Muster offensiv cVV;26.10.2011;-0,0021257186;-2.173,00;0,2553680679;212.593,35;0,002583490;EUR
Muster offensiv cVV;27.10.2011;0,0226496525;23.104,17;0,2831324514;235.697,52;0,025696482;EUR
Muster offensiv cVV;28.10.2011;0,0028340260;2.956,38;0,2866954693;238.653,90;0,001093566;EUR
Muster offensiv cVV;29.10.2011;0,0000373490;39,07;0,2867424065;238.692,97;0;EUR
Muster offensiv cVV;30.10.2011;0,0000373477;39,07;0,2867893436;238.732,04;0;EUR
Muster offensiv cVV;31.10.2011;-0,0102173715;-10.689,48;0,2739591642;228.042,56;-0,015656453;EUR
Muster offensiv cVV;01.11.2011;-0,0197643195;-20.466,28;0,2493820645;207.576,28;-0,022946092;EUR
Muster offensiv cVV;02.11.2011;0,0087790517;8.911,18;0,2600984484;216.487,46;0,009289908;EUR
Muster offensiv cVV;03.11.2011;0,0153763971;15.744,84;0,2790262860;232.232,30;0,017288560;EUR
Muster offensiv cVV;04.11.2011;-0,0069716267;-7.248,45;0,2703281554;224.983,86;-0,011176041;EUR
Muster offensiv cVV;05.11.2011;0,0000410688;42,40;0,2703791030;225.026,26;0;EUR
Muster offensiv cVV;06.11.2011;0,0000410671;42,40;0,2704300507;225.068,66;0;EUR
Muster offensiv cVV;07.11.2011;-0,0056215273;-5.804,47;0,2634662707;219.264,19;-0,001152795;EUR
Muster offensiv cVV;08.11.2011;0,0076280094;7.831,97;0,2728880042;227.096,16;0,003973676;EUR
Muster offensiv cVV;09.11.2011;-0,0096802919;-10.014,94;0,2608640288;217.081,22;-0,012978503;EUR
Muster offensiv cVV;10.11.2011;-0,0006986886;-715,85;0,2600141324;216.365,37;0,001617581;EUR
Muster offensiv cVV;11.11.2011;0,0113606507;11.631,48;0,2740029618;227.996,86;0,015512756;EUR
Muster offensiv cVV;12.11.2011;0,0000409493;42,40;0,2740539196;228.039,26;0;EUR
Muster offensiv cVV;13.11.2011;0,0000409380;42,39;0,2741048654;228.081,65;0;EUR
Muster offensiv cVV;14.11.2011;-0,0056973403;-5.899,91;0,2670249932;222.181,74;-0,004059620;EUR
Muster offensiv cVV;15.11.2011;-0,0019919498;-2.051,02;0,2645704343;220.130,71;-0,001103945;EUR
Muster offensiv cVV;16.11.2011;-0,0000126281;-12,98;0,2645652352;220.117,74;-0,006005457;EUR
Muster offensiv cVV;17.11.2011;-0,0073872285;-7.591,06;0,2554513604;212.526,68;-0,009726642;EUR
Muster offensiv cVV;18.11.2011;-0,0043112736;-4.397,50;0,2501754608;208.129,18;-0,005877633;EUR
Muster offensiv cVV;19.11.2011;0,0000417405;42,39;0,2502264166;208.171,57;0;EUR
Muster offensiv cVV;20.11.2011;0,0000417486;42,40;0,2502773844;208.213,97;0;EUR
Muster offensiv cVV;21.11.2011;-0,0219452315;-22.289,51;0,2234936585;185.924,46;-0,019198605;EUR
Muster offensiv cVV;22.11.2011;-0,0039757999;-3.949,55;0,2187545374;181.974,91;-0,006604782;EUR
Muster offensiv cVV;23.11.2011;-0,0064441570;-6.376,16;0,2110978500;175.598,74;-0,011082765;EUR
Muster offensiv cVV;24.11.2011;-0,0058923981;-5.792,66;0,2041420453;169.806,09;-0,003275319;EUR
Muster offensiv cVV;25.11.2011;0,0031369717;3.065,70;0,2078356712;172.871,79;0,004611780;EUR
Muster offensiv cVV;26.11.2011;0,0000432519;42,40;0,2078866489;172.914,19;0;EUR
Muster offensiv cVV;27.11.2011;0,0000432500;42,40;0,2079376266;172.956,59;0;EUR
Muster offensiv cVV;28.11.2011;0,0247195515;24.235,81;0,2370843306;197.192,40;0,026418948;EUR
Muster offensiv cVV;29.11.2011;0,0072552441;7.289,10;0,2458574512;204.481,50;0,006089783;EUR
Muster offensiv cVV;30.11.2011;0,0256018212;25.907,91;0,2770183185;230.389,41;0,031150620;EUR
Muster offensiv cVV;01.12.2011;0,0003091242;320,83;0,2774146744;230.710,23;-0,002412744;EUR
Muster offensiv cVV;02.12.2011;0,0049748478;5.164,81;0,2836358393;235.875,04;0,005525719;EUR
Muster offensiv cVV;03.12.2011;0,0000355507;37,09;0,2836804415;235.912,13;0;EUR
Muster offensiv cVV;04.12.2011;0,0000355494;37,09;0,2837250438;235.949,23;0;EUR
Muster offensiv cVV;05.12.2011;0,0030944355;3.228,81;0,2876185571;239.178,03;0,004141339;EUR
Muster offensiv cVV;06.12.2011;-0,0075338852;-7.885,36;0,2781467252;231.292,68;-0,004142786;EUR
Muster offensiv cVV;07.12.2011;-0,0043620461;-4.531,15;0,2727079877;226.761,53;-0,000363642;EUR
Muster offensiv cVV;08.12.2011;-0,0102759656;-10.627,77;0,2599366163;216.133,76;-0,011468638;EUR
Muster offensiv cVV;09.12.2011;0,0051654084;5.287,35;0,2663055469;221.421,11;0,008659984;EUR
Muster offensiv cVV;10.12.2011;0,0000360501;37,09;0,2663501576;221.458,20;0;EUR
Muster offensiv cVV;11.12.2011;0,0000360488;37,09;0,2663947684;221.495,29;0;EUR
Muster offensiv cVV;12.12.2011;-0,0145499269;-14.971,43;0,2483977852;206.523,86;-0,013295961;EUR
Muster offensiv cVV;13.12.2011;0,0045019922;4.565,01;0,2538978773;211.088,87;-0,000083299;EUR
Muster offensiv cVV;14.12.2011;-0,0139359185;-14.194,61;0,2368334243;196.894,26;-0,008443320;EUR
Muster offensiv cVV;15.12.2011;0,0053496644;5.373,03;0,2433054108;202.267,30;0,003513996;EUR
Muster offensiv cVV;16.12.2011;-0,0054916837;-5.545,18;0,2366439510;196.722,12;-0,001376477;EUR
Muster offensiv cVV;17.12.2011;0,0000385202;38,68;0,2366904827;196.760,80;0;EUR
Muster offensiv cVV;18.12.2011;0,0000385087;38,67;0,2367370024;196.799,47;0;EUR
Muster offensiv cVV;19.12.2011;-0,0000621674;-62,43;0,2366706632;196.737,04;-0,004841566;EUR
Muster offensiv cVV;20.12.2011;0,0130226792;13.077,52;0,2524119773;209.814,56;0,017995931;EUR
Muster offensiv cVV;21.12.2011;-0,0022778338;-2.317,21;0,2496335091;207.497,34;-0,001456762;EUR
Muster offensiv cVV;22.12.2011;0,0035694448;3.622,88;0,2540014215;211.120,23;0,006452734;EUR
Muster offensiv cVV;23.12.2011;0,0058009353;5.908,80;0,2611199450;217.029,03;0,005190493;EUR
Muster offensiv cVV;24.12.2011;0,0000377566;38,68;0,2611664853;217.067,71;0;EUR
Muster offensiv cVV;25.12.2011;0,0000377552;38,68;0,2612130256;217.106,39;0;EUR
Muster offensiv cVV;26.12.2011;-0,0000067300;-6,90;0,2612142799;217.099,50;0,000194849;EUR
Muster offensiv cVV;27.12.2011;-0,0002673546;-273,92;0,2608942085;216.825,57;0,000729894;EUR
Muster offensiv cVV;28.12.2011;-0,0073830917;-7.562,50;0,2518038326;209.263,07;-0,008878444;EUR
Muster offensiv cVV;29.12.2011;0,0033513245;3.407,42;0,2559132233;212.670,49;0,009666359;EUR
Muster offensiv cVV;30.12.2011;0,0063778280;6.506,31;0,2637520176;219.176,80;0,003102575;EUR
Muster offensiv cVV;31.12.2011;0,0000376777;38,68;0,2637985663;219.215,48;0;EUR
Muster offensiv cVV;01.01.2012;0,0000361276;37,09;0,2638432017;219.252,57;0;EUR
Muster offensiv cVV;02.01.2012;0,0115190473;11.826,91;0,2780854612;231.079,48;0,011901032;EUR
Muster offensiv cVV;03.01.2012;0,0081888965;8.504,61;0,2883304526;239.584,09;0,010278378;EUR
Muster offensiv cVV;04.01.2012;-0,0018587128;-1.946,18;0,2859985713;237.637,91;0,000103292;EUR
Muster offensiv cVV;05.01.2012;0,0003682485;384,86;0,2864720186;238.022,77;0,000743689;EUR
Muster offensiv cVV;06.01.2012;0,0025926637;2.710,62;0,2897447407;240.733,39;-0,001608647;EUR
Muster offensiv cVV;07.01.2012;0,0000376756;39,49;0,2897922727;240.772,88;0;EUR
Muster offensiv cVV;08.01.2012;0,0000376646;39,48;0,2898397927;240.812,37;0;EUR
Muster offensiv cVV;09.01.2012;-0,0027441641;-2.876,67;0,2863876668;237.935,70;-0,002708213;EUR
Muster offensiv cVV;10.01.2012;0,0065679905;6.866,24;0,2946625935;244.801,94;0,012260912;EUR
Muster offensiv cVV;11.01.2012;-0,0004334418;-456,10;0,2941240300;244.345,84;0,001737971;EUR
Muster offensiv cVV;12.01.2012;0,0008765092;921,93;0,2952442236;245.267,77;-0,000618943;EUR
Muster offensiv cVV;13.01.2012;-0,0025477401;-2.682,11;0,2920259044;242.585,65;0,000311639;EUR
Muster offensiv cVV;14.01.2012;0,0000376091;39,49;0,2920734449;242.625,15;0;EUR
Muster offensiv cVV;15.01.2012;0,0000376077;39,49;0,2921209853;242.664,64;0;EUR
Muster offensiv cVV;16.01.2012;0,0048786290;5.123,24;0,2982988696;247.787,88;0,005011282;EUR
Muster offensiv cVV;17.01.2012;0,0071326768;7.526,84;0,3073708385;255.314,72;0,007690522;EUR
Muster offensiv cVV;18.01.2012;0,0007226865;768,06;0,3083063043;256.082,78;0,002374742;EUR
Muster offensiv cVV;19.01.2012;0,0019083093;2.029,60;0,3107606611;258.112,38;0,004408239;EUR
Muster offensiv cVV;20.01.2012;-0,0014004706;-1.492,32;0,3089747154;256.620,05;-0,000824278;EUR
Muster offensiv cVV;21.01.2012;0,0000371131;39,49;0,3090222641;256.659,55;0;EUR
Muster offensiv cVV;22.01.2012;0,0000371117;39,49;0,3090698129;256.699,04;0;EUR
Muster offensiv cVV;23.01.2012;0,0017390365;1.850,64;0,3113088356;258.549,67;0,000449705;EUR
Muster offensiv cVV;24.01.2012;-0,0024487927;-2.610,47;0,3081763679;255.939,20;-0,000694847;EUR
Muster offensiv cVV;25.01.2012;0,0001348129;143,36;0,3083596613;256.082,56;0,002974269;EUR
Muster offensiv cVV;26.01.2012;0,0117093979;12.453,61;0,3233667324;268.536,17;0,004868609;EUR
Muster offensiv cVV;27.01.2012;-0,0028681007;-3.086,11;0,3196615041;265.450,07;-0,001974717;EUR
Muster offensiv cVV;28.01.2012;0,0000304145;32,63;0,3197008009;265.482,70;0;EUR
Muster offensiv cVV;29.01.2012;0,0000304229;32,64;0,3197401098;265.515,34;0;EUR
Muster offensiv cVV;30.01.2012;-0,0068137896;-7.311,12;0,3109465556;258.204,22;-0,004947081;EUR
Muster offensiv cVV;31.01.2012;0,0017112798;1.823,67;0,3131534754;260.027,89;0,002419292;EUR
Muster offensiv cVV;01.02.2012;0,0083939813;8.960,59;0,3239558557;268.988,48;0,010997806;EUR
Muster offensiv cVV;02.02.2012;0,0050933538;5.482,80;0,3305703361;274.471,29;0,003599248;EUR
Muster offensiv cVV;03.02.2012;0,0071719840;7.759,70;0,3399275952;282.230,98;0,011569734;EUR
Muster offensiv cVV;04.02.2012;0,0000310933;33,88;0,3399684043;282.264,87;0;EUR
Muster offensiv cVV;05.02.2012;0,0000311015;33,89;0,3400092255;282.298,76;0;EUR
Muster offensiv cVV;06.02.2012;0,0012194713;1.328,95;0,3416214424;283.627,71;0,001623659;EUR
Muster offensiv cVV;07.02.2012;0,0013793688;1.505,03;0,3434458366;285.132,74;-0,004349573;EUR
Muster offensiv cVV;08.02.2012;0,0000877187;95,84;0,3435728821;285.228,58;0,000200568;EUR
Muster offensiv cVV;09.02.2012;-0,0010462936;-1.143,29;0,3422072599;284.085,29;0,001187022;EUR
Muster offensiv cVV;10.02.2012;-0,0053432381;-5.832,46;0,3351927795;278.252,83;-0,005507286;EUR
Muster offensiv cVV;11.02.2012;0,0000312164;33,89;0,3352336075;278.286,72;0;EUR
Muster offensiv cVV;12.02.2012;0,0000312062;33,88;0,3352744235;278.320,60;0;EUR
Muster offensiv cVV;13.02.2012;0,0063733240;6.920,12;0,3436221562;285.240,73;0,004718771;EUR
Muster offensiv cVV;14.02.2012;-0,0010479674;-1.145,13;0,3422540945;284.095,60;0,000438863;EUR
Muster offensiv cVV;15.02.2012;0,0035319598;3.855,38;0,3469103012;287.950,98;0,004380923;EUR
Muster offensiv cVV;16.02.2012;-0,0018611581;-2.038,76;0,3444655609;285.912,22;0,001589283;EUR
Muster offensiv cVV;17.02.2012;0,0014873195;1.626,21;0,3464363186;287.538,43;0,003923002;EUR
Muster offensiv cVV;18.02.2012;0,0000309517;33,89;0,3464771534;287.572,33;0;EUR
Muster offensiv cVV;19.02.2012;0,0000309507;33,89;0,3465179883;287.606,22;0;EUR
Muster offensiv cVV;20.02.2012;0,0037997590;4.161,04;0,3515429997;291.767,26;0,004935148;EUR
Muster offensiv cVV;21.02.2012;-0,0022521023;-2.475,60;0,3485717246;289.291,66;-0,002457391;EUR
Muster offensiv cVV;22.02.2012;-0,0014279021;-1.566,07;0,3466961672;287.725,58;-0,003976433;EUR
Muster offensiv cVV;23.02.2012;0,0006960047;762,26;0,3476260920;288.487,85;-0,001938348;EUR
Muster offensiv cVV;24.02.2012;-0,0016312366;-1.787,77;0,3454831697;286.700,07;0,001029470;EUR
Muster offensiv cVV;25.02.2012;0,0000301639;33,00;0,3455229412;286.733,08;0;EUR
Muster offensiv cVV;26.02.2012;0,0000301629;33,00;0,3455627127;286.766,08;0;EUR
Muster offensiv cVV;27.02.2012;-0,0017989944;-1.968,53;0,3432017976;284.797,55;0,001299391;EUR
Muster offensiv cVV;28.02.2012;0,0034008768;3.683,60;0,3476567927;288.481,15;0,003061640;EUR
Muster offensiv cVV;29.02.2012;-0,0021016988;-2.284,16;0,3449199172;286.196,99;-0,001658274;EUR
Muster offensiv cVV;01.03.2012;0,0025306625;2.744,58;0,3482435856;288.941,57;0,007504691;EUR
Muster offensiv cVV;02.03.2012;-0,0020571262;-2.236,66;0,3455636549;286.704,91;0,001702120;EUR
Muster offensiv cVV;03.03.2012;0,0000306298;33,23;0,3456037123;286.738,14;0;EUR
Muster offensiv cVV;04.03.2012;0,0000306196;33,22;0,3456437576;286.771,37;0;EUR
Muster offensiv cVV;05.03.2012;-0,0062707880;-6.804,47;0,3374577520;279.966,90;-0,005787256;EUR
Muster offensiv cVV;06.03.2012;-0,0160240045;-17.278,70;0,3166452855;262.688,20;-0,016851403;EUR
Muster offensiv cVV;07.03.2012;0,0044659325;4.738,45;0,3223716541;267.426,65;0,003652043;EUR
Muster offensiv cVV;08.03.2012;0,0059945856;6.388,79;0,3300880125;273.815,45;0,010775588;EUR
Muster offensiv cVV;09.03.2012;0,0024974423;2.677,63;0,3333309768;276.493,08;0,007612117;EUR
Muster offensiv cVV;10.03.2012;0,0000451350;48,51;0,3333894616;276.541,59;0;EUR
Muster offensiv cVV;11.03.2012;0,0000451236;48,50;0,3334479344;276.590,09;0;EUR
Muster offensiv cVV;12.03.2012;0,0003020555;324,69;0,3338543994;276.914,78;0,000272984;EUR
Muster offensiv cVV;13.03.2012;0,0085779469;9.223,43;0,3449898604;286.138,21;0,011241269;EUR
Muster offensiv cVV;14.03.2012;0,0043811582;4.751,24;0,3507340397;290.889,45;0,004991383;EUR
Muster offensiv cVV;15.03.2012;0,0048271106;5.257,80;0,3570894950;296.147,26;0,004323577;EUR
Muster offensiv cVV;16.03.2012;0,0049163685;5.380,87;0,3635938836;301.528,13;-0,001153243;EUR
Muster offensiv cVV;17.03.2012;0,0000427802;47,05;0,3636506210;301.575,18;0;EUR
Muster offensiv cVV;18.03.2012;0,0000427692;47,04;0,3637073463;301.622,22;0;EUR
Muster offensiv cVV;19.03.2012;0,0003374564;371,19;0,3641711449;301.993,41;-0,000630766;EUR
Muster offensiv cVV;20.03.2012;-0,0069239173;-7.618,58;0,3549997334;294.374,83;-0,007031682;EUR
Muster offensiv cVV;21.03.2012;0,0030998704;3.387,26;0,3591004835;297.762,09;0,001212903;EUR
Muster offensiv cVV;22.03.2012;-0,0053353204;-5.848,02;0,3520633364;291.914,07;-0,006708563;EUR
Muster offensiv cVV;23.03.2012;-0,0002375363;-258,97;0,3517665106;291.655,09;0,000188804;EUR
Muster offensiv cVV;24.03.2012;0,0000553913;60,38;0,3518393302;291.715,47;0;EUR
Muster offensiv cVV;25.03.2012;0,0000553882;60,38;0,3519121498;291.775,84;0;EUR
Muster offensiv cVV;26.03.2012;0,0042676394;4.652,20;0,3575389119;296.428,04;0,006604110;EUR
Muster offensiv cVV;27.03.2012;0,0002624816;287,35;0,3579012139;296.715,40;0,000379019;EUR
Muster offensiv cVV;28.03.2012;-0,0040498700;-4.434,81;0,3525673385;292.280,59;-0,005195710;EUR
Muster offensiv cVV;29.03.2012;-0,0094902585;-10.350,22;0,3400971097;281.930,37;-0,007979645;EUR
Muster offensiv cVV;30.03.2012;0,0057595994;6.221,89;0,3476178256;288.152,26;0,004756440;EUR
Muster offensiv cVV;31.03.2012;0,0000292452;31,77;0,3476561574;288.184,04;0;EUR
Muster offensiv cVV;01.04.2012;0,0000555682;60,38;0,3477289929;288.244,41;0;EUR
Muster offensiv cVV;02.04.2012;0,0084364306;9.166,84;0,3588031867;297.411,26;0,009906511;EUR
Muster offensiv cVV;03.04.2012;-0,0027717164;-3.037,10;0,3551545776;294.374,16;-0,007139756;EUR
Muster offensiv cVV;04.04.2012;-0,0113955096;-12.451,97;0,3401463319;281.922,19;-0,011515204;EUR
Muster offensiv cVV;05.04.2012;-0,0004992420;-539,31;0,3395103015;281.382,89;0,001186635;EUR
Muster offensiv cVV;06.04.2012;0,0001133811;122,42;0,3396726435;281.505,30;-0,000310541;EUR
Muster offensiv cVV;07.04.2012;0,0000559027;60,37;0,3397454828;281.565,67;0;EUR
Muster offensiv cVV;08.04.2012;0,0000559088;60,38;0,3398183341;281.626,05;0;EUR
Muster offensiv cVV;09.04.2012;0,0000221822;23,96;0,3398618478;281.650,00;-0,002794407;EUR
Muster offensiv cVV;10.04.2012;-0,0106951096;-11.550,55;0,3259379915;270.099,45;-0,015051215;EUR
Muster offensiv cVV;11.04.2012;0,0005451079;582,41;0,3266547827;270.681,87;0,004218904;EUR
Muster offensiv cVV;12.04.2012;0,0051830561;5.540,77;0,3333555299;276.222,64;0,007538179;EUR
Muster offensiv cVV;13.04.2012;-0,0049386599;-5.306,87;0,3269649306;270.915,76;-0,010329475;EUR
Muster offensiv cVV;14.04.2012;0,0000543240;58,09;0,3270350338;270.973,85;0;EUR
Muster offensiv cVV;15.04.2012;0,0000543117;58,08;0,3271051249;271.031,93;0;EUR
Muster offensiv cVV;16.04.2012;0,0021912289;2.343,23;0,3299471555;273.375,15;0,002398614;EUR
Muster offensiv cVV;17.04.2012;0,0100850527;10.808,24;0,3430065899;284.183,40;0,013354598;EUR
Muster offensiv cVV;18.04.2012;0,0000949344;102,77;0,3431451444;284.286,16;-0,003884099;EUR
Muster offensiv cVV;19.04.2012;-0,0035864538;-3.882,77;0,3384727675;280.403,40;-0,005581835;EUR
Muster offensiv cVV;20.04.2012;0,0002327105;251,03;0,3387900531;280.654,43;0,003515280;EUR
Muster offensiv cVV;21.04.2012;0,0000538337;58,09;0,3388601711;280.712,52;0;EUR
Muster offensiv cVV;22.04.2012;0,0000538215;58,08;0,3389302770;280.770,59;0;EUR
Muster offensiv cVV;23.04.2012;-0,0125606711;-13.554,28;0,3225818739;267.216,31;-0,014568699;EUR
Muster offensiv cVV;24.04.2012;0,0015191842;1.618,77;0,3245496432;268.835,08;0,003316826;EUR
Muster offensiv cVV;25.04.2012;0,0103016694;10.993,62;0,3378357627;279.828,70;0,011087236;EUR
Muster offensiv cVV;26.04.2012;0,0028376556;3.059,45;0,3415436777;282.888,16;0,003784914;EUR
Muster offensiv cVV;27.04.2012;0,0063793607;6.897,51;0,3498859159;289.785,67;0,004091966;EUR
Muster offensiv cVV;28.04.2012;0,0000630491;68,61;0,3499687493;289.854,27;0;EUR
Muster offensiv cVV;29.04.2012;0,0000803124;87,40;0,3500742697;289.941,67;0;EUR
Muster offensiv cVV;30.04.2012;0,0014722180;1.602,18;0,3520233554;291.543,85;-0,002223066;EUR
Muster offensiv cVV;01.05.2012;0,0000472365;51,48;0,3521001091;291.595,33;0,001173543;EUR
Muster offensiv cVV;02.05.2012;-0,0030386950;-3.311,96;0,3481153219;288.283,36;-0,001623643;EUR
Muster offensiv cVV;03.05.2012;-0,0016951542;-1.841,98;0,3459053125;286.441,38;-0,002972495;EUR
Muster offensiv cVV;04.05.2012;-0,0129403710;-14.037,40;0,3289673561;272.403,98;-0,011506827;EUR
Muster offensiv cVV;05.05.2012;0,0000567888;60,81;0,3290407881;272.464,79;0;EUR
Muster offensiv cVV;06.05.2012;0,0000567763;60,80;0,3291142080;272.525,59;0;EUR
Muster offensiv cVV;07.05.2012;-0,0040620236;-4.349,86;0,3238744254;268.175,73;0,000927252;EUR
Muster offensiv cVV;08.05.2012;-0,0081884493;-8.733,06;0,3133403923;259.442,67;-0,008008397;EUR
Muster offensiv cVV;09.05.2012;-0,0028844047;-3.051,06;0,3096681577;256.391,61;0,000965473;EUR
Muster offensiv cVV;10.05.2012;0,0018311659;1.931,38;0,3120135922;258.322,99;0,003011130;EUR
Muster offensiv cVV;11.05.2012;0,0022264004;2.352,54;0,3148679095;260.675,53;0,003284925;EUR
Muster offensiv cVV;12.05.2012;0,0000574177;60,81;0,3149413565;260.736,34;0;EUR
Muster offensiv cVV;13.05.2012;0,0000574050;60,80;0,3150147915;260.797,13;0;EUR
Muster offensiv cVV;14.05.2012;-0,0103574506;-10.969,90;0,3017765922;249.827,23;-0,009301246;EUR
Muster offensiv cVV;15.05.2012;-0,0017311631;-1.814,54;0,2995968771;248.012,69;-0,004345658;EUR
Muster offensiv cVV;16.05.2012;-0,0034250371;-3.583,78;0,2952796490;244.428,92;-0,003302645;EUR
Muster offensiv cVV;17.05.2012;-0,0082311406;-8.583,13;0,2849223889;235.845,79;-0,007196509;EUR
Muster offensiv cVV;18.05.2012;-0,0040831474;-4.222,71;0,2798322499;231.623,08;-0,007005404;EUR
Muster offensiv cVV;19.05.2012;0,0000590276;60,80;0,2799056997;231.683,87;0;EUR
Muster offensiv cVV;20.05.2012;0,0000590242;60,80;0,2799791495;231.744,67;0;EUR
Muster offensiv cVV;21.05.2012;0,0036076465;3.716,16;0,2844802029;235.460,83;0,006463697;EUR
Muster offensiv cVV;22.05.2012;0,0090256090;9.330,63;0,2957651797;244.791,46;0,008975704;EUR
Muster offensiv cVV;23.05.2012;-0,0128426777;-13.396,53;0,2795902310;231.394,93;-0,006813907;EUR
Muster offensiv cVV;24.05.2012;0,0040529143;4.173,40;0,2846442339;235.568,34;0,002932090;EUR
Muster offensiv cVV;25.05.2012;0,0043495228;4.496,98;0,2900896193;240.065,32;0,002859194;EUR
Muster offensiv cVV;26.05.2012;0,0000561961;58,35;0,2901601330;240.123,67;0;EUR
Muster offensiv cVV;27.05.2012;0,0000561930;58,35;0,2902306467;240.182,03;0;EUR
Muster offensiv cVV;28.05.2012;0,0004634612;481,31;0,2908238048;240.663,34;-0,001078647;EUR
Muster offensiv cVV;29.05.2012;0,0044666222;4.640,81;0,2964436273;245.304,15;0,008030254;EUR
Muster offensiv cVV;30.05.2012;-0,0086022210;-8.977,61;0,2856057187;236.326,54;-0,008082680;EUR
Muster offensiv cVV;31.05.2012;-0,0000954966;-98,81;0,2854975739;236.227,73;-0,000926530;EUR
Muster offensiv cVV;01.06.2012;-0,0156959429;-16.238,42;0,2658827821;219.989,31;-0,020456782;EUR
Muster offensiv cVV;02.06.2012;0,0000576673;58,72;0,2659537569;220.048,03;0;EUR
Muster offensiv cVV;03.06.2012;0,0000576640;58,72;0,2660247318;220.106,76;0;EUR
Muster offensiv cVV;04.06.2012;-0,0064027625;-6.520,84;0,2581536820;213.585,92;-0,009337269;EUR
Muster offensiv cVV;05.06.2012;-0,0008472865;-857,39;0,2571274686;212.728,54;0,002656979;EUR
Muster offensiv cVV;06.06.2012;0,0141840052;14.340,92;0,2744722391;227.069,46;0,014287063;EUR
Muster offensiv cVV;07.06.2012;0,0030941422;3.172,74;0,2783181842;230.242,20;0,003233200;EUR
Muster offensiv cVV;08.06.2012;-0,0035188802;-3.619,44;0,2739536546;226.622,76;0,002012027;EUR
Muster offensiv cVV;09.06.2012;0,0000572941;58,72;0,2740246433;226.681,49;0;EUR
Muster offensiv cVV;10.06.2012;0,0000572908;58,72;0,2740956320;226.740,21;0;EUR
Muster offensiv cVV;11.06.2012;0,0014343321;1.470,30;0,2758837250;228.210,51;-0,001820776;EUR
Muster offensiv cVV;12.06.2012;0,0030911203;3.173,17;0,2797306197;231.383,68;0,004213890;EUR
Muster offensiv cVV;13.06.2012;-0,0010866472;-1.118,94;0,2783886503;230.264,74;-0,005035880;EUR
Muster offensiv cVV;14.06.2012;-0,0007873421;-809,86;0,2774202445;229.454,88;0,000571333;EUR
Muster offensiv cVV;15.06.2012;0,0082578634;8.487,34;0,2876928652;237.942,22;0,009006689;EUR
Muster offensiv cVV;16.06.2012;0,0000566683;58,72;0,2877638677;238.000,95;0;EUR
Muster offensiv cVV;17.06.2012;0,0000566747;58,73;0,2878348822;238.059,68;0;EUR
Muster offensiv cVV;18.06.2012;0,0022329927;2.314,26;0,2906441945;240.373,94;0,004091013;EUR
Muster offensiv cVV;19.06.2012;0,0092650947;9.623,73;0,3022921607;249.997,67;0,007686842;EUR
Muster offensiv cVV;20.06.2012;0,0036970445;3.875,73;0,3069903625;253.873,40;0,001047002;EUR
Muster offensiv cVV;21.06.2012;-0,0068185128;-7.174,49;0,2983261721;246.698,91;-0,006123449;EUR
Muster offensiv cVV;22.06.2012;-0,0046047976;-4.812,17;0,2925180987;241.886,74;-0,003322110;EUR
Muster offensiv cVV;23.06.2012;0,0000564534;58,72;0,2925891147;241.945,47;0;EUR
Muster offensiv cVV;24.06.2012;0,0000564502;58,72;0,2926601308;242.004,19;0;EUR
Muster offensiv cVV;25.06.2012;-0,0116251489;-12.094,09;0,2780450983;229.910,10;-0,010483714;EUR
Muster offensiv cVV;26.06.2012;0,0037935547;3.900,70;0,2827731948;233.810,80;0,000824357;EUR
Muster offensiv cVV;27.06.2012;0,0078562233;8.108,76;0,2925910902;241.919,56;0,009175048;EUR
Muster offensiv cVV;28.06.2012;-0,0040447280;-4.207,54;0,2875131119;237.712,02;-0,003872910;EUR
Muster offensiv cVV;29.06.2012;0,0232125091;24.049,23;0,3166126333;261.761,25;0,019225930;EUR
Muster offensiv cVV;30.06.2012;0,0000553950;58,72;0,3166836627;261.819,98;0;EUR
Muster offensiv cVV;01.07.2012;0,0000553920;58,72;0,3167546922;261.878,70;0;EUR
Muster offensiv cVV;02.07.2012;0,0200013978;21.205,74;0,3424169163;283.084,44;0,010187440;EUR
Muster offensiv cVV;03.07.2012;0,0071290106;7.709,44;0,3517554071;290.793,88;0,007734440;EUR
Muster offensiv cVV;04.07.2012;0,0010973015;1.195,10;0,3532142759;291.988,99;0,002509511;EUR
Muster offensiv cVV;05.07.2012;-0,0010834891;-1.181,35;0,3517983591;290.807,63;0,000689156;EUR
Muster offensiv cVV;06.07.2012;-0,0072557093;-7.902,50;0,3422512449;282.905,14;-0,008222215;EUR
Muster offensiv cVV;07.07.2012;0,0000543118;58,72;0,3423222877;282.963,86;0;EUR
Muster offensiv cVV;08.07.2012;0,0000543291;58,75;0,3423933569;283.022,61;0;EUR
Muster offensiv cVV;09.07.2012;-0,0030284156;-3.274,80;0,3384441859;279.747,81;-0,002729354;EUR
Muster offensiv cVV;10.07.2012;0,0050951121;5.492,95;0,3451024725;285.240,76;0,002772674;EUR
Muster offensiv cVV;11.07.2012;0,0006836843;740,82;0,3460115879;285.981,58;0,001349081;EUR
Muster offensiv cVV;12.07.2012;-0,0037979864;-4.118,22;0,3410415315;281.863,36;-0,003200439;EUR
Muster offensiv cVV;13.07.2012;0,0109384497;11.815,69;0,3553510710;293.679,05;0,011850438;EUR
Muster offensiv cVV;14.07.2012;0,0000527795;57,64;0,3554208103;293.736,69;0;EUR
Muster offensiv cVV;15.07.2012;0,0000527859;57,65;0,3554905617;293.794,33;0;EUR
Muster offensiv cVV;16.07.2012;0,0017424860;1.903,02;0,3578063831;295.697,35;0,000870282;EUR
Muster offensiv cVV;17.07.2012;0,0011999128;1.312,74;0,3594080608;297.010,09;0,002794625;EUR
Muster offensiv cVV;18.07.2012;0,0069542363;7.617,28;0,3686391496;304.627,38;0,007921550;EUR
Muster offensiv cVV;19.07.2012;0,0057002715;6.287,18;0,3762612278;310.914,56;0,006974859;EUR
Muster offensiv cVV;20.07.2012;-0,0082010834;-9.097,04;0,3652655437;301.817,51;-0,008765527;EUR
Muster offensiv cVV;21.07.2012;0,0000523981;57,65;0,3653353079;301.875,16;0;EUR
Muster offensiv cVV;22.07.2012;0,0000523863;57,64;0,3654050600;301.932,80;0;EUR
Muster offensiv cVV;23.07.2012;-0,0186685019;-20.540,34;0,3405591441;281.392,46;-0,016739532;EUR
Muster offensiv cVV;24.07.2012;-0,0021009513;-2.268,45;0,3378259970;279.124,01;-0,003840379;EUR
Muster offensiv cVV;25.07.2012;0,0017498093;1.885,35;0,3401201836;281.009,35;-0,000858803;EUR
Muster offensiv cVV;26.07.2012;0,0083905107;9.056,24;0,3510941322;290.065,60;0,012740498;EUR
Muster offensiv cVV;27.07.2012;0,0077580471;8.443,86;0,3613275902;298.509,45;0,010225561;EUR
Muster offensiv cVV;28.07.2012;0,0000525471;57,64;0,3613973550;298.567,09;0;EUR
Muster offensiv cVV;29.07.2012;0,0000525534;57,65;0,3614671319;298.624,74;0;EUR
Muster offensiv cVV;30.07.2012;0,0108097937;11.755,64;0,3757147677;310.380,37;0,010474841;EUR
Muster offensiv cVV;31.07.2012;-0,0014268154;-1.568,43;0,3738342024;308.811,94;-0,002495674;EUR
Muster offensiv cVV;01.08.2012;-0,0005801868;-636,86;0,3730811900;308.175,08;-0,001668690;EUR
Muster offensiv cVV;02.08.2012;-0,0040369735;-4.428,76;0,3677373231;303.746,32;-0,006914305;EUR
Muster offensiv cVV;03.08.2012;0,0121353327;13.259,31;0,3838083938;317.005,63;0,015255529;EUR
Muster offensiv cVV;04.08.2012;0,0000516023;57,07;0,3838774852;317.062,70;0;EUR
Muster offensiv cVV;05.08.2012;0,0000515996;57,07;0,3839465767;317.119,76;0;EUR
Muster offensiv cVV;06.08.2012;0,0032917868;3.640,70;0,3883730436;320.760,46;0,003866316;EUR
Muster offensiv cVV;07.08.2012;0,0038556847;4.278,40;0,3935720565;325.038,86;0,004537976;EUR
Muster offensiv cVV;08.08.2012;0,0008803163;980,60;0,3947781999;326.019,46;0,002469568;EUR
Muster offensiv cVV;09.08.2012;0,0032822918;3.659,41;0,3992283539;329.678,86;0,002210281;EUR
Muster offensiv cVV;10.08.2012;0,0001598786;178,83;0,3994638504;329.857,70;-0,000339054;EUR
Muster offensiv cVV;11.08.2012;0,0000510095;57,07;0,3995329583;329.914,76;0;EUR
Muster offensiv cVV;12.08.2012;0,0000510069;57,07;0,3996020662;329.971,83;0;EUR
Muster offensiv cVV;13.08.2012;-0,0015030072;-1.681,63;0,3975843853;328.290,19;-0,003774912;EUR
Muster offensiv cVV;14.08.2012;0,0018250386;2.038,87;0,4000724970;330.329,06;0,004359932;EUR
Muster offensiv cVV;15.08.2012;0,0000441844;49,45;0,4001512412;330.378,51;-0,001067139;EUR
Muster offensiv cVV;16.08.2012;0,0022540136;2.522,81;0,4032258026;332.901,32;0,003817090;EUR
Muster offensiv cVV;17.08.2012;0,0027859684;3.125,23;0,4070303270;336.026,55;0,005577183;EUR
Muster offensiv cVV;18.08.2012;0,0000507297;57,07;0,4070994512;336.083,62;0;EUR
Muster offensiv cVV;19.08.2012;0,0000507272;57,07;0,4071685753;336.140,69;0;EUR
Muster offensiv cVV;20.08.2012;-0,0016530976;-1.859,76;0,4049348009;334.280,93;-0,001826872;EUR
Muster offensiv cVV;21.08.2012;0,0025301587;2.841,76;0,4083962805;337.122,69;-0,000582049;EUR
Muster offensiv cVV;22.08.2012;-0,0037590723;-4.232,70;0,4032875149;332.889,98;-0,004225681;EUR
Muster offensiv cVV;23.08.2012;-0,0034121602;-3.827,64;0,3986689818;329.062,35;-0,007321854;EUR
Muster offensiv cVV;24.08.2012;0,0004536554;507,16;0,3993019616;329.569,50;0,003520693;EUR
Muster offensiv cVV;25.08.2012;0,0000510226;57,07;0,3993711019;329.626,57;0;EUR
Muster offensiv cVV;26.08.2012;0,0000510200;57,07;0,3994402422;329.683,63;0;EUR
Muster offensiv cVV;27.08.2012;0,0034444699;3.852,84;0,4041270177;333.536,47;0,004233010;EUR
Muster offensiv cVV;28.08.2012;-0,0035680336;-4.004,80;0,3992930991;329.531,67;-0,004445210;EUR
Muster offensiv cVV;29.08.2012;-0,0012498994;-1.397,89;0,3976176230;328.133,78;0,001059020;EUR
Muster offensiv cVV;30.08.2012;-0,0044071194;-4.922,79;0,3916704527;323.210,99;-0,007927578;EUR
Muster offensiv cVV;31.08.2012;0,0034227051;3.806,34;0,3963012303;327.017,33;0,002798695;EUR
Muster offensiv cVV;01.09.2012;0,0001112527;124,15;0,3964516786;327.141,48;0;EUR
Muster offensiv cVV;02.09.2012;0,0000524687;58,56;0,3965226405;327.200,03;0;EUR
Muster offensiv cVV;03.09.2012;0,0036582111;4.082,83;0,4014889065;331.282,87;0,003369679;EUR
Muster offensiv cVV;04.09.2012;-0,0038747523;-4.340,33;0,3962469044;326.942,54;-0,005446239;EUR
Muster offensiv cVV;05.09.2012;0,0001538886;171,71;0,3964731274;327.114,25;-0,000006263;EUR
Muster offensiv cVV;06.09.2012;0,0085528030;9.544,83;0,4080603749;336.659,08;0,016206707;EUR
Muster offensiv cVV;07.09.2012;0,0056335946;6.340,80;0,4157648956;342.999,88;0,002372576;EUR
Muster offensiv cVV;08.09.2012;0,0000517336;58,56;0,4158358737;343.058,43;0;EUR
Muster offensiv cVV;09.09.2012;0,0000517309;58,56;0,4159068518;343.116,99;0;EUR
Muster offensiv cVV;10.09.2012;0,0015795464;1.788,03;0,4180931869;344.905,02;-0,001387151;EUR
Muster offensiv cVV;11.09.2012;0,0007632714;865,38;0,4191611943;345.770,40;0,004757033;EUR
Muster offensiv cVV;12.09.2012;-0,0005443385;-617,63;0,4184313923;345.152,77;0,001437579;EUR
Muster offensiv cVV;13.09.2012;-0,0007039516;-798,30;0,4174824484;344.354,47;0,002054400;EUR
Muster offensiv cVV;14.09.2012;0,0063915641;7.243,10;0,4262829149;351.597,57;0,002543252;EUR
Muster offensiv cVV;15.09.2012;0,0000513436;58,56;0,4263539091;351.656,13;0;EUR
Muster offensiv cVV;16.09.2012;0,0000513409;58,56;0,4264249033;351.714,69;0;EUR
Muster offensiv cVV;17.09.2012;-0,0014767344;-1.684,35;0,4244018489;350.030,34;-0,001233621;EUR
Muster offensiv cVV;18.09.2012;-0,0006733337;-766,86;0,4234910467;349.263,48;-0,001696652;EUR
Muster offensiv cVV;19.09.2012;0,0014966919;1.703,44;0,4255755656;350.966,92;0,003716083;EUR
Muster offensiv cVV;20.09.2012;-0,0001763406;-201,00;0,4253508404;350.765,92;0,001534145;EUR
Muster offensiv cVV;21.09.2012;0,0010489932;1.195,47;0,4268195452;351.961,39;0,003043946;EUR
Muster offensiv cVV;22.09.2012;0,0000753906;86,01;0,4269238465;352.047,40;0;EUR
Muster offensiv cVV;23.09.2012;0,0000753850;86,01;0,4270281478;352.133,41;0;EUR
Muster offensiv cVV;24.09.2012;-0,0014618571;-1.667,99;0,4250243083;350.465,42;-0,001233126;EUR
Muster offensiv cVV;25.09.2012;-0,0002774159;-316,07;0,4246598544;350.149,35;-0,002433784;EUR
Muster offensiv cVV;26.09.2012;-0,0064963684;-7.399,52;0,4157041721;342.749,83;-0,007743022;EUR
Muster offensiv cVV;27.09.2012;0,0027154751;3.072,90;0,4194496880;345.822,73;0,003045415;EUR
Muster offensiv cVV;28.09.2012;-0,0010545128;-1.196,55;0,4180168375;344.626,18;-0,006070945;EUR
Muster offensiv cVV;29.09.2012;0,0000758785;86,01;0,4181211619;344.712,18;0;EUR
Muster offensiv cVV;30.09.2012;0,0000758728;86,01;0,4182254863;344.798,19;0;EUR
Muster offensiv cVV;01.10.2012;0,0049144706;5.571,40;0,4250020791;350.369,59;0,006334379;EUR
Muster offensiv cVV;02.10.2012;0,0003361832;382,99;0,4254853628;350.752,59;-0,001467013;EUR
Muster offensiv cVV;03.10.2012;-0,0014585452;-1.662,20;0,4234875934;349.090,39;0,001927680;EUR
Muster offensiv cVV;04.10.2012;0,0004313482;490,86;0,4241016349;349.581,25;-0,000733067;EUR
Muster offensiv cVV;05.10.2012;0,0027397942;3.119,13;0,4279043766;352.700,38;0,004461170;EUR
Muster offensiv cVV;06.10.2012;0,0000811017;92,58;0,4280167012;352.792,97;0;EUR
Muster offensiv cVV;07.10.2012;0,0000810951;92,58;0,4281290259;352.885,55;0;EUR
Muster offensiv cVV;08.10.2012;-0,0029833011;-3.406,21;0,4240150229;349.479,34;-0,004701869;EUR
Muster offensiv cVV;09.10.2012;0,0000638372;72,67;0,4241216531;349.552,01;-0,004444935;EUR
Muster offensiv cVV;10.10.2012;-0,0027994274;-3.186,94;0,4202731027;346.365,06;-0,004150525;EUR
Muster offensiv cVV;11.10.2012;0,0005095606;578,47;0,4209932649;346.943,54;0,003818388;EUR
Muster offensiv cVV;12.10.2012;-0,0017491835;-1.986,75;0,4186005834;344.956,78;-0,003541473;EUR
Muster offensiv cVV;13.10.2012;0,0000816709;92,60;0,4187129535;345.049,39;0;EUR
Muster offensiv cVV;14.10.2012;0,0000816642;92,60;0,4188253235;345.141,99;0;EUR
Muster offensiv cVV;15.10.2012;-0,0011496555;-1.303,73;0,4172612867;343.838,26;0,004328325;EUR
Muster offensiv cVV;16.10.2012;0,0022283995;2.524,14;0,4203425421;346.362,39;0,007683948;EUR
Muster offensiv cVV;17.10.2012;0,0024611979;2.794,04;0,4237515963;349.156,44;0,000618215;EUR
Muster offensiv cVV;18.10.2012;0,0026657997;3.033,76;0,4274518537;352.190,20;0,002987773;EUR
Muster offensiv cVV;19.10.2012;-0,0017443198;-1.990,38;0,4250543481;350.199,82;-0,005758342;EUR
Muster offensiv cVV;20.10.2012;0,0000812862;92,59;0,4251667302;350.292,41;0;EUR
Muster offensiv cVV;21.10.2012;0,0000812884;92,60;0,4252791244;350.385,01;0;EUR
Muster offensiv cVV;22.10.2012;-0,0024701785;-2.814,17;0,4218814674;347.570,83;-0,004347256;EUR
Muster offensiv cVV;23.10.2012;-0,0051296993;-5.829,62;0,4148231775;341.741,21;-0,010477824;EUR
Muster offensiv cVV;24.10.2012;-0,0006156608;-696,08;0,4139958788;341.045,14;0,000683957;EUR
Muster offensiv cVV;25.10.2012;0,0012497972;1.412,17;0,4157277896;342.457,31;0,001846091;EUR
Muster offensiv cVV;26.10.2012;0,0013585754;1.537,00;0,4176113554;343.994,31;0,002107460;EUR
Muster offensiv cVV;27.10.2012;0,0000729458;82,64;0,4177116785;344.076,95;0;EUR
Muster offensiv cVV;28.10.2012;0,0000729405;82,64;0,4178120016;344.159,58;0;EUR
Muster offensiv cVV;29.10.2012;-0,0009781837;-1.108,32;0,4164841352;343.051,27;-0,001046506;EUR
Muster offensiv cVV;30.10.2012;0,0022525538;2.549,72;0,4195973793;345.600,99;0,003572162;EUR
Muster offensiv cVV;31.10.2012;0,0006621008;751,14;0,4205270787;346.352,13;-0,000688789;EUR
Muster offensiv cVV;01.11.2012;0,0014022390;1.591,86;0,4224776350;347.943,99;0,007975105;EUR
Muster offensiv cVV;02.11.2012;0,0018329382;2.083,72;0,4250255658;350.027,70;0,002443061;EUR
Muster offensiv cVV;03.11.2012;0,0000732003;83,37;0,4251267964;350.111,07;0;EUR
Muster offensiv cVV;04.11.2012;0,0000731862;83,36;0,4252280149;350.194,43;0;EUR
Muster offensiv cVV;05.11.2012;0,0008278047;942,93;0,4263908546;351.137,36;-0,000493568;EUR
Muster offensiv cVV;06.11.2012;0,0025512902;2.908,50;0,4299406788;354.045,86;0,004495210;EUR
Muster offensiv cVV;07.11.2012;-0,0020404040;-2.332,02;0,4271265990;351.713,84;-0,011575776;EUR
Muster offensiv cVV;08.11.2012;-0,0002464894;-281,14;0,4268029673;351.432,69;-0,004097871;EUR
Muster offensiv cVV;09.11.2012;-0,0028149119;-3.209,86;0,4229222947;348.222,83;-0,001721368;EUR
Muster offensiv cVV;10.11.2012;0,0000874112;99,40;0,4230430116;348.322,23;0;EUR
Muster offensiv cVV;11.11.2012;0,0000873948;99,39;0,4231637163;348.421,61;0;EUR
Muster offensiv cVV;12.11.2012;0,0010152066;1.154,59;0,4245836160;349.576,20;-0,000224415;EUR
Muster offensiv cVV;13.11.2012;-0,0057432306;-6.538,38;0,4166595824;343.037,82;-0,000679329;EUR
Muster offensiv cVV;14.11.2012;-0,0051893647;-5.873,90;0,4095419793;337.163,91;-0,008183000;EUR
Muster offensiv cVV;15.11.2012;-0,0072997581;-8.219,81;0,3995741471;328.944,11;-0,005855836;EUR
Muster offensiv cVV;16.11.2012;-0,0034532996;-3.860,16;0,3949014138;325.083,95;-0,002408331;EUR
Muster offensiv cVV;17.11.2012;0,0000835304;93,05;0,3950144472;325.177,00;0;EUR
Muster offensiv cVV;18.11.2012;0,0000835235;93,05;0,3951274806;325.270,05;0;EUR
Muster offensiv cVV;19.11.2012;0,0083926160;9.350,58;0,4065029841;334.620,63;0,014184792;EUR
Muster offensiv cVV;20.11.2012;0,0009917922;1.114,27;0,4078733645;335.734,90;0,002654972;EUR
Muster offensiv cVV;21.11.2012;-0,0011707353;-1.316,62;0,4062904910;334.418,29;0,000879344;EUR
Muster offensiv cVV;22.11.2012;0,0027295966;3.066,14;0,4100323565;337.484,42;0,003102598;EUR
Muster offensiv cVV;23.11.2012;0,0019952821;2.247,40;0,4127797219;339.731,82;0,005417293;EUR
Muster offensiv cVV;24.11.2012;0,0000824463;93,05;0,4128927784;339.824,87;0;EUR
Muster offensiv cVV;25.11.2012;0,0000824395;93,05;0,4130058350;339.917,92;0;EUR
Muster offensiv cVV;26.11.2012;0,0001646683;185,88;0,4132485098;340.103,80;-0,001420671;EUR
Muster offensiv cVV;27.11.2012;0,0026678416;3.011,93;0,4169251574;343.115,73;0,001941789;EUR
Muster offensiv cVV;28.11.2012;-0,0012881957;-1.458,22;0,4151700921;341.657,51;0,003137573;EUR
Muster offensiv cVV;29.11.2012;0,0049540166;5.600,67;0,4219929204;347.258,18;0,003971712;EUR
Muster offensiv cVV;30.11.2012;-0,0003513390;-399,17;0,4215248843;346.859,01;-0,000315714;EUR
Muster offensiv cVV;01.12.2012;0,0000819289;93,05;0,4216379638;346.952,06;0;EUR
Muster offensiv cVV;02.12.2012;0,0000804343;91,36;0,4217489895;347.043,42;0;EUR
Muster offensiv cVV;03.12.2012;-0,0002328570;-264,51;0,4214445468;346.778,92;-0,000904853;EUR
Muster offensiv cVV;04.12.2012;-0,0024211843;-2.749,63;0,4181197300;344.029,29;-0,000275156;EUR
Muster offensiv cVV;05.12.2012;0,0022285199;2.524,70;0,4212050765;346.553,99;0,002560713;EUR
Muster offensiv cVV;06.12.2012;0,0054457358;6.183,24;0,4287374457;352.737,23;0,008110153;EUR
Muster offensiv cVV;07.12.2012;0,0050315937;5.744,12;0,4357366352;358.481,35;0,001500155;EUR
Muster offensiv cVV;08.12.2012;0,0000661773;75,93;0,4358289273;358.557,28;0;EUR
Muster offensiv cVV;09.12.2012;0,0000661729;75,93;0,4359212193;358.633,21;0;EUR
Muster offensiv cVV;10.12.2012;0,0025789366;2.959,35;0,4395358921;361.592,56;0,000874665;EUR
Muster offensiv cVV;11.12.2012;0,0034268898;3.942,52;0,4443459697;365.535,08;0,003060316;EUR
Muster offensiv cVV;12.12.2012;0,0004339992;501,01;0,4449727160;366.036,10;0,000689597;EUR
Muster offensiv cVV;13.12.2012;-0,0019796100;-2.286,27;0,4422109736;363.749,82;-0,004126623;EUR
Muster offensiv cVV;14.12.2012;0,0000431340;49,72;0,4422889545;363.799,54;-0,000615092;EUR
Muster offensiv cVV;15.12.2012;0,0000658719;75,93;0,4423812649;363.875,47;0;EUR
Muster offensiv cVV;16.12.2012;0,0000658676;75,93;0,4424735753;363.951,40;0;EUR
Muster offensiv cVV;17.12.2012;-0,0003241310;-373,67;0,4420367870;363.577,73;0,001608963;EUR
Muster offensiv cVV;18.12.2012;0,0020672237;2.382,38;0,4449508513;365.960,11;0,004301868;EUR
Muster offensiv cVV;19.12.2012;0,0013314078;1.537,56;0,4468379001;367.497,66;-0,000304532;EUR
Muster offensiv cVV;20.12.2012;-0,0019009059;-2.198,15;0,4441826614;365.299,51;0,001785198;EUR
Muster offensiv cVV;21.12.2012;-0,0003526209;-406,99;0,4437052208;364.892,52;-0,002589043;EUR
Muster offensiv cVV;22.12.2012;0,0000658095;75,93;0,4437975494;364.968,45;0;EUR
Muster offensiv cVV;23.12.2012;0,0000658052;75,93;0,4438898780;365.044,38;0;EUR
Muster offensiv cVV;24.12.2012;-0,0000535713;-61,82;0,4438321115;364.982,56;-0,001295404;EUR
Muster offensiv cVV;25.12.2012;0,0000588603;67,92;0,4439320735;365.050,48;0,000197442;EUR
Muster offensiv cVV;26.12.2012;-0,0000094503;-10,90;0,4439361528;365.039,58;-0,001572895;EUR
Muster offensiv cVV;27.12.2012;0,0004011301;462,87;0,4445163937;365.502,45;0,001521355;EUR
Muster offensiv cVV;28.12.2012;-0,0016924950;-1.953,78;0,4421574581;363.548,67;-0,004442726;EUR
Muster offensiv cVV;29.12.2012;0,0000658863;75,93;0,4422498047;363.624,60;0;EUR
Muster offensiv cVV;30.12.2012;0,0000658733;75,92;0,4423421392;363.700,52;0;EUR
Muster offensiv cVV;31.12.2012;0,0005334644;614,86;0,4431071561;364.315,37;0,004372922;EUR
Muster offensiv cVV;01.01.2013;0,0000494783;57,06;0,4431937361;364.372,43;0,000001584;EUR
Muster offensiv cVV;02.01.2013;0,0131015835;15.109,36;0,4615894206;379.481,79;0,013836949;EUR
Muster offensiv cVV;03.01.2013;0,0013425811;1.568,61;0,4635153331;381.050,40;0,001869087;EUR
Muster offensiv cVV;04.01.2013;-0,0015497318;-1.813,07;0,4613276736;379.237,33;0,003411242;EUR
Muster offensiv cVV;05.01.2013;0,0000650296;75,96;0,4614200782;379.313,29;0;EUR
Muster offensiv cVV;06.01.2013;0,0000650253;75,96;0,4615124828;379.389,26;0;EUR
Muster offensiv cVV;07.01.2013;-0,0030457904;-3.558,29;0,4572015579;375.830,97;-0,004260285;EUR
Muster offensiv cVV;08.01.2013;-0,0009050263;-1.054,09;0,4559367614;374.776,88;-0,001719787;EUR
Muster offensiv cVV;09.01.2013;0,0019948820;2.321,35;0,4587783952;377.098,23;0,003444121;EUR
Muster offensiv cVV;10.01.2013;-0,0010507029;-1.225,09;0,4573054463;375.873,14;-0,003025778;EUR
Muster offensiv cVV;11.01.2013;-0,0030077262;-3.503,24;0,4530605379;372.369,90;-0,002760359;EUR
Muster offensiv cVV;12.01.2013;0,0000565432;65,66;0,4531404266;372.435,56;0;EUR
Muster offensiv cVV;13.01.2013;0,0000565400;65,66;0,4532203152;372.501,22;0;EUR
Muster offensiv cVV;14.01.2013;-0,0008583063;-996,82;0,4520247268;371.504,40;-0,000099895;EUR
Muster offensiv cVV;15.01.2013;-0,0003803503;-441,35;0,4515048980;371.063,05;-0,001184585;EUR
Muster offensiv cVV;16.01.2013;0,0005627944;652,81;0,4523164038;371.715,86;0,001163047;EUR
Muster offensiv cVV;17.01.2013;0,0032324614;3.751,56;0,4568987526;375.467,42;0,001702948;EUR
Muster offensiv cVV;18.01.2013;0,0012967522;1.509,86;0,4587534333;376.977,28;0,001133901;EUR
Muster offensiv cVV;19.01.2013;0,0000563197;65,66;0,4588333371;377.042,94;0;EUR
Muster offensiv cVV;20.01.2013;0,0000563165;65,66;0,4589132410;377.108,60;0;EUR
Muster offensiv cVV;21.01.2013;0,0015608372;1.819,91;0,4611453533;378.928,51;0,001674837;EUR
Muster offensiv cVV;22.01.2013;0,0045789714;5.347,33;0,4676705411;384.275,85;-0,000407583;EUR
Muster offensiv cVV;23.01.2013;0,0056641013;6.644,84;0,4757753337;390.920,69;0,000888846;EUR
Muster offensiv cVV;24.01.2013;-0,0023391118;-2.759,67;0,4724343826;388.161,01;-0,000144742;EUR
Muster offensiv cVV;25.01.2013;-0,0013472730;-1.585,79;0,4705219464;386.575,23;0,004057615;EUR
Muster offensiv cVV;26.01.2013;0,0000558598;65,66;0,4706018653;386.640,89;0;EUR
Muster offensiv cVV;27.01.2013;0,0000558567;65,66;0,4706817841;386.706,55;0;EUR
Muster offensiv cVV;28.01.2013;0,0150399697;17.680,70;0,4922203532;404.387,25;-0,002074611;EUR
Muster offensiv cVV;29.01.2013;0,0033046535;3.943,32;0,4970387250;408.330,56;0,002437980;EUR
Muster offensiv cVV;30.01.2013;-0,0025648461;-3.070,65;0,4933193874;405.259,92;-0,005061725;EUR
Muster offensiv cVV;31.01.2013;-0,0041697763;-4.979,27;0,4872762978;400.280,64;-0,002482472;EUR
Muster offensiv cVV;01.02.2013;0,0036837455;4.380,54;0,4926271943;404.661,19;0,002703372;EUR
Muster offensiv cVV;02.02.2013;0,0000383164;45,73;0,4926828675;404.706,92;0;EUR
Muster offensiv cVV;03.02.2013;0,0000383149;45,73;0,4927385407;404.752,65;0;EUR
Muster offensiv cVV;04.02.2013;-0,0088418328;-10.553,85;0,4799082721;394.198,80;-0,009577899;EUR
Muster offensiv cVV;05.02.2013;0,0006971152;824,74;0,4809301310;395.023,54;0,003224883;EUR
Muster offensiv cVV;06.02.2013;-0,0005085510;-602,07;0,4802148662;394.421,47;-0,003098222;EUR
Muster offensiv cVV;07.02.2013;0,0007374165;872,58;0,4812949981;395.294,05;0,003472883;EUR
Muster offensiv cVV;08.02.2013;0,0052350556;6.199,19;0,4888608864;401.493,24;0,005576334;EUR
Muster offensiv cVV;09.02.2013;0,0000384183;45,73;0,4889165699;401.538,97;0;EUR
Muster offensiv cVV;10.02.2013;0,0000384168;45,73;0,4889722533;401.584,70;0;EUR
Muster offensiv cVV;11.02.2013;-0,0019356875;-2.304,36;0,4861843172;399.280,34;-0,002060741;EUR
Muster offensiv cVV;12.02.2013;0,0020315984;2.413,85;0,4891414882;401.694,20;0,000886445;EUR
Muster offensiv cVV;13.02.2013;0,0062086989;7.391,88;0,4981607896;409.086,08;0,003282411;EUR
Muster offensiv cVV;14.02.2013;0,0004023686;482,02;0,4987659928;409.568,10;-0,001183106;EUR
Muster offensiv cVV;15.02.2013;-0,0030117994;-3.609,47;0,4943884695;405.958,63;-0,003494805;EUR
Muster offensiv cVV;16.02.2013;0,0000382664;45,72;0,4944441510;406.004,35;0;EUR
Muster offensiv cVV;17.02.2013;0,0000382733;45,73;0,4944998447;406.050,08;0;EUR
Muster offensiv cVV;18.02.2013;-0,0007371476;-880,84;0,4934451031;405.169,25;0,002568438;EUR
Muster offensiv cVV;19.02.2013;0,0082425086;9.841,91;0,5054496828;415.011,16;0,009076172;EUR
Muster offensiv cVV;20.02.2013;-0,0031972291;-3.849,10;0,5007799640;411.162,07;-0,004341118;EUR
Muster offensiv cVV;21.02.2013;-0,0107325372;-12.879,43;0,4851108645;398.282,63;-0,006924366;EUR
Muster offensiv cVV;22.02.2013;0,0026401985;3.134,33;0,4889461719;401.416,96;0,008696633;EUR
Muster offensiv cVV;23.02.2013;0,0000384208;45,73;0,4890018757;401.462,69;0;EUR
Muster offensiv cVV;24.02.2013;0,0000384109;45,72;0,4890575673;401.508,42;0;EUR
Muster offensiv cVV;25.02.2013;0,0096733753;11.515,02;0,5031015931;413.023,43;0,001114854;EUR
Muster offensiv cVV;26.02.2013;-0,0066333057;-7.904,41;0,4934967394;405.119,02;-0,004779966;EUR
Muster offensiv cVV;27.02.2013;0,0030045787;3.556,58;0,4978528262;408.675,60;0,006558226;EUR
Muster offensiv cVV;28.02.2013;0,0040819009;4.846,35;0,5037805630;413.521,95;0,005903816;EUR
Muster offensiv cVV;01.03.2013;-0,0012552865;-1.496,46;0,5019812189;412.025,49;0,000404920;EUR
Muster offensiv cVV;02.03.2013;0,0000385947;45,95;0,5020372033;412.071,44;0;EUR
Muster offensiv cVV;03.03.2013;0,0000385848;45,94;0,5020931755;412.117,39;0;EUR
Muster offensiv cVV;04.03.2013;-0,0045693422;-5.440,80;0,4954879002;406.676,59;-0,000652552;EUR
Muster offensiv cVV;05.03.2013;0,0124097051;14.708,95;0,5134332286;421.385,53;0,012054052;EUR
Muster offensiv cVV;06.03.2013;0,0037028194;4.443,33;0,5188715746;425.828,87;0,003873705;EUR
Muster offensiv cVV;07.03.2013;0,0001383975;166,69;0,5190990611;425.995,56;-0,001114156;EUR
Muster offensiv cVV;08.03.2013;0,0075019822;9.036,86;0,5301358253;435.032,42;0,006063110;EUR
Muster offensiv cVV;09.03.2013;0,0000120606;14,64;0,5301536623;435.047,06;0;EUR
Muster offensiv cVV;10.03.2013;0,0000120687;14,65;0,5301715114;435.061,70;0;EUR
Muster offensiv cVV;11.03.2013;-0,0010107560;-1.226,72;0,5287013565;433.834,99;0,000897813;EUR
Muster offensiv cVV;12.03.2013;0,0009833110;1.192,20;0,5301790185;435.027,19;-0,001146508;EUR
Muster offensiv cVV;13.03.2013;-0,0019481156;-2.364,29;0,5273221837;432.662,90;0,001651658;EUR
Muster offensiv cVV;14.03.2013;0,0044743356;5.419,60;0,5339523523;438.082,50;0,005965310;EUR
Muster offensiv cVV;15.03.2013;-0,0004510882;-548,83;0,5333081906;437.533,67;-0,001796040;EUR
Muster offensiv cVV;16.03.2013;0,0000120440;14,65;0,5333260439;437.548,32;0;EUR
Muster offensiv cVV;17.03.2013;0,0000120439;14,65;0,5333438972;437.562,97;0;EUR
Muster offensiv cVV;18.03.2013;-0,0015416462;-1.874,89;0,5310832238;435.688,07;-0,001479225;EUR
Muster offensiv cVV;19.03.2013;-0,0081740561;-9.925,67;0,5190083284;425.762,40;-0,001507963;EUR
Muster offensiv cVV;20.03.2013;0,0001975453;237,92;0,5193223489;426.000,32;0,002451890;EUR
Muster offensiv cVV;21.03.2013;-0,0006183422;-744,86;0,5184382356;425.255,46;-0,004467433;EUR
Muster offensiv cVV;22.03.2013;-0,0021690618;-2.611,24;0,5152785439;422.644,22;-0,001645826;EUR
Muster offensiv cVV;23.03.2013;0,0000121933;14,65;0,5152964014;422.658,87;0;EUR
Muster offensiv cVV;24.03.2013;0,0000121848;14,64;0,5153142467;422.673,51;0;EUR
Muster offensiv cVV;25.03.2013;-0,0026470011;-3.179,78;0,5114610445;419.493,73;0,000346697;EUR
Muster offensiv cVV;26.03.2013;-0,0017094568;-2.048,09;0,5089872965;417.445,64;0,002696618;EUR
Muster offensiv cVV;27.03.2013;-0,0034060134;-4.073,75;0,5040432995;413.371,89;-0,002316067;EUR
Muster offensiv cVV;28.03.2013;0,0000748737;89,25;0,5041751756;413.461,14;-0,000071645;EUR
Muster offensiv cVV;29.03.2013;-0,0001390967;-165,81;0,5039959882;413.295,33;-0,000027168;EUR
Muster offensiv cVV;30.03.2013;0,0000062466;7,45;0,5040050675;413.302,77;0;EUR
Muster offensiv cVV;31.03.2013;0,0000062550;7,46;0,5040141590;413.310,23;0;EUR
Muster offensiv cVV;01.04.2013;0,0000086728;10,34;0,5040497306;413.320,56;-0,001846839;EUR
Muster offensiv cVV;02.04.2013;0,0086657756;10.328,93;0,5166694880;423.649,49;0,009169603;EUR
Muster offensiv cVV;03.04.2013;-0,0086361542;-10.382,82;0,5040298121;413.266,67;-0,005787369;EUR
Muster offensiv cVV;04.04.2013;-0,0079779178;-9.508,62;0,4924551898;403.758,04;-0,003398625;EUR
Muster offensiv cVV;05.04.2013;-0,0093501940;-11.055,29;0,4789929596;392.702,76;-0,013251324;EUR
Muster offensiv cVV;06.04.2013;0,0000063735;7,47;0,4790020654;392.710,22;0;EUR
Muster offensiv cVV;07.04.2013;0,0000063735;7,47;0,4790111711;392.717,69;0;EUR
Muster offensiv cVV;08.04.2013;0,0009308530;1.090,33;0,4803627739;393.808,01;0,002345100;EUR
Muster offensiv cVV;09.04.2013;-0,0000293186;-34,37;0,4803425023;393.773,64;-0,000728255;EUR
Muster offensiv cVV;10.04.2013;0,0131438556;15.409,52;0,4991621880;409.183,16;0,012681700;EUR
Muster offensiv cVV;11.04.2013;0,0019798536;2.351,64;0,5020535069;411.534,80;0,004560024;EUR
Muster offensiv cVV;12.04.2013;-0,0137319838;-16.342,93;0,4821375120;395.191,88;-0,006291411;EUR
Muster offensiv cVV;13.04.2013;0,0000063600;7,47;0,4821466198;395.199,34;0;EUR
Muster offensiv cVV;14.04.2013;0,0000063685;7,48;0,4821557398;395.206,82;0;EUR
Muster offensiv cVV;15.04.2013;-0,0124302265;-14.590,70;0,4643757521;380.616,12;-0,007454090;EUR
Muster offensiv cVV;16.04.2013;-0,0053139949;-6.160,07;0,4568804911;374.456,04;-0,001015331;EUR
Muster offensiv cVV;17.04.2013;-0,0138531284;-15.973,45;0,4374105167;358.482,59;-0,010506244;EUR
Muster offensiv cVV;18.04.2013;-0,0020451034;-2.325,45;0,4345924187;356.157,14;-0,004536391;EUR
Muster offensiv cVV;19.04.2013;0,0038648762;4.385,70;0,4399635283;360.542,84;0,001478105;EUR
Muster offensiv cVV;20.04.2013;0,0000065535;7,47;0,4399726381;360.550,31;0;EUR
Muster offensiv cVV;21.04.2013;0,0000065534;7,47;0,4399817479;360.557,77;0;EUR
Muster offensiv cVV;22.04.2013;0,0026681393;3.039,43;0,4437104055;363.597,21;0,004127787;EUR
Muster offensiv cVV;23.04.2013;0,0165314502;18.882,19;0,4667736910;382.479,40;0,013838562;EUR
Muster offensiv cVV;24.04.2013;0,0108591974;12.608,40;0,4821821753;395.087,80;0,007583580;EUR
Muster offensiv cVV;25.04.2013;0,0078000064;9.154,78;0,4933768493;404.242,58;0,005481079;EUR
Muster offensiv cVV;26.04.2013;-0,0059920784;-7.087,69;0,4847477089;397.154,89;-0,001485351;EUR
Muster offensiv cVV;27.04.2013;0,0000063494;7,47;0,4847568207;397.162,36;0;EUR
Muster offensiv cVV;28.04.2013;0,0000063494;7,47;0,4847659326;397.169,82;0;EUR
Muster offensiv cVV;29.04.2013;0,0076666243;9.014,19;0,4957900298;406.184,02;0,003741462;EUR
Muster offensiv cVV;30.04.2013;0,0004979537;589,97;0,4965319581;406.773,99;0,001455524;EUR
Muster offensiv cVV;01.05.2013;-0,0001323319;-156,86;0,4963622475;406.617,12;-0,002666027;EUR
Muster offensiv cVV;02.05.2013;0,0002404210;284,95;0,4967318350;406.902,07;0,007298216;EUR
Muster offensiv cVV;03.05.2013;0,0143413481;17.001,71;0,5175095483;423.903,79;0,009120800;EUR
Muster offensiv cVV;04.05.2013;0,0000008565;1,03;0,5175108058;423.904,82;0;EUR
Muster offensiv cVV;05.05.2013;0,0000008565;1,03;0,5175120632;423.905,85;0;EUR
Muster offensiv cVV;06.05.2013;0,0021335613;2.565,62;0,5206669358;426.471,47;0,001258425;EUR
Muster offensiv cVV;07.05.2013;0,0039104445;4.712,37;0,5264430602;431.183,84;0,004519639;EUR
Muster offensiv cVV;08.05.2013;0,0035431160;4.286,41;0,5316995579;435.470,25;0,004124428;EUR
Muster offensiv cVV;09.05.2013;0,0009135651;1.109,13;0,5330769204;436.579,38;0,001158159;EUR
Muster offensiv cVV;10.05.2013;0,0015001329;1.822,93;0,5353259701;438.402,31;0,003530047;EUR
Muster offensiv cVV;11.05.2013;0,0000008381;1,02;0,5353272156;438.403,33;0;EUR
Muster offensiv cVV;12.05.2013;0,0000795313;96,79;0,5354454043;438.500,12;0;EUR
Muster offensiv cVV;13.05.2013;-0,0018840076;-2.293,03;0,5326684632;436.207,10;0,000463591;EUR
Muster offensiv cVV;14.05.2013;0,0027571200;3.349,37;0,5367816806;439.556,47;0,004961975;EUR
Muster offensiv cVV;15.05.2013;0,0041438247;5.047,83;0,5429694425;444.604,30;0,005768876;EUR
Muster offensiv cVV;16.05.2013;-0,0045663102;-5.585,54;0,5361712231;439.018,76;-0,001340031;EUR
Muster offensiv cVV;17.05.2013;0,0011379934;1.385,64;0,5378866072;440.404,41;0,005478236;EUR
Muster offensiv cVV;18.05.2013;0,0000008450;1,03;0,5378878652;440.405,44;0;EUR
Muster offensiv cVV;19.05.2013;0,0000008367;1,02;0,5378891110;440.406,46;0;EUR
Muster offensiv cVV;20.05.2013;0,0038349172;4.674,79;0,5436219676;445.081,25;0,002639117;EUR
Muster offensiv cVV;21.05.2013;0,0020547728;2.514,39;0,5467164459;447.595,64;0,000511323;EUR
Muster offensiv cVV;22.05.2013;0,0077728733;9.531,07;0,5583820534;457.126,71;0,000940508;EUR
Muster offensiv cVV;23.05.2013;-0,0186223233;-23.012,12;0,5302952799;434.114,59;-0,013735090;EUR
Muster offensiv cVV;24.05.2013;-0,0031269399;-3.792,09;0,5256854203;430.322,50;-0,002989748;EUR
Muster offensiv cVV;25.05.2013;0,0000008520;1,03;0,5256866785;430.323,53;0;EUR
Muster offensiv cVV;26.05.2013;0,0000008437;1,02;0,5256879246;430.324,55;0;EUR
Muster offensiv cVV;27.05.2013;0,0057226971;6.918,32;0,5341621065;437.242,86;0,002254227;EUR
Muster offensiv cVV;28.05.2013;0,0072958881;8.870,66;0,5450221736;446.113,53;0,008509928;EUR
Muster offensiv cVV;29.05.2013;-0,0102927658;-12.605,70;0,5296440831;433.507,83;-0,011995318;EUR
Muster offensiv cVV;30.05.2013;0,0025416901;3.080,81;0,5334306648;436.588,63;0,001064783;EUR
Muster offensiv cVV;31.05.2013;-0,0067673054;-8.223,56;0,5234050974;428.365,07;-0,004457806;EUR
Muster offensiv cVV;01.06.2013;0,0000008534;1,03;0,5234063559;428.366,10;0;EUR
Muster offensiv cVV;02.06.2013;0,0000008368;1,01;0,5234075900;428.367,11;0;EUR
Muster offensiv cVV;03.06.2013;-0,0043685355;-5.272,68;0,5169868689;423.094,43;-0,004968643;EUR
Muster offensiv cVV;04.06.2013;0,0001219301;146,52;0,5171876759;423.240,95;-0,000676148;EUR
Muster offensiv cVV;05.06.2013;-0,0081797914;-9.830,82;0,5051959407;413.410,13;-0,010511042;EUR
Muster offensiv cVV;06.06.2013;-0,0086033342;-10.255,27;0,4926844486;403.154,86;-0,007068848;EUR
Muster offensiv cVV;07.06.2013;0,0053778974;6.355,36;0,5004721200;409.510,22;0,010259525;EUR
Muster offensiv cVV;08.06.2013;0,0000008501;1,01;0,5004733544;409.511,23;0;EUR
Muster offensiv cVV;09.06.2013;0,0000008417;1,00;0,5004745765;409.512,23;0;EUR
Muster offensiv cVV;10.06.2013;0,0036310301;4.314,08;0,5057680541;413.826,31;0,003602797;EUR
Muster offensiv cVV;11.06.2013;-0,0104421812;-12.451,54;0,4905705668;401.374,77;-0,009011750;EUR
Muster offensiv cVV;12.06.2013;-0,0017013329;-2.007,53;0,4881372482;399.367,23;-0,006593648;EUR
Muster offensiv cVV;13.06.2013;-0,0056096335;-6.607,97;0,4800804490;392.759,26;0,000819254;EUR
Muster offensiv cVV;14.06.2013;0,0048154987;5.640,68;0,4869954356;398.399,95;0,000893141;EUR
Muster offensiv cVV;15.06.2013;0,0000008581;1,01;0,4869966702;398.400,96;0;EUR
Muster offensiv cVV;16.06.2013;0,0000008496;1,00;0,4869978926;398.401,96;0;EUR
Muster offensiv cVV;17.06.2013;0,0066418093;7.817,43;0,4965743352;406.219,39;0,007288857;EUR
Muster offensiv cVV;18.06.2013;-0,0002621278;-310,57;0,4962152168;405.908,81;0,000352391;EUR
Muster offensiv cVV;19.06.2013;-0,0004276379;-506,54;0,4956164580;405.402,27;-0,003682972;EUR
Muster offensiv cVV;20.06.2013;-0,0238558168;-28.245,37;0,4611046663;377.156,90;-0,020698105;EUR
Muster offensiv cVV;21.06.2013;-0,0055803909;-6.449,58;0,4532381977;370.707,32;-0,006854716;EUR
Muster offensiv cVV;22.06.2013;0,0000008701;1,00;0,4532394204;370.708,32;0;EUR
Muster offensiv cVV;23.06.2013;0,0000008788;1,01;0,4532406552;370.709,33;0;EUR
Muster offensiv cVV;24.06.2013;-0,0153730218;-17.668,37;0,4316565011;353.040,96;-0,010015710;EUR
Muster offensiv cVV;25.06.2013;0,0082108360;9.291,73;0,4430355037;362.332,68;0,009943981;EUR
Muster offensiv cVV;26.06.2013;0,0109227645;12.462,15;0,4582921438;374.794,84;0,012517152;EUR
Muster offensiv cVV;27.06.2013;0,0072264401;8.334,95;0,4685031259;383.129,78;0,005636173;EUR
Muster offensiv cVV;28.06.2013;0,0016706351;1.940,83;0,4708956620;385.070,61;-0,001782405;EUR
Muster offensiv cVV;29.06.2013;0,0000008679;1,01;0,4708968971;385.071,62;0;EUR
Muster offensiv cVV;30.06.2013;0,0000008679;1,01;0,4708981322;385.072,63;0;EUR
Muster offensiv cVV;01.07.2013;0,0048163208;5.604,63;0,4777714033;390.677,26;0,003084174;EUR
Muster offensiv cVV;02.07.2013;-0,0037852655;-4.426,03;0,4723779006;386.251,23;-0,002939209;EUR
Muster offensiv cVV;03.07.2013;-0,0070233685;-8.181,19;0,4623912530;378.070,04;-0,002895209;EUR
Muster offensiv cVV;04.07.2013;0,0143684862;16.619,61;0,4827371333;394.689,65;0,012092661;EUR
Muster offensiv cVV;05.07.2013;-0,0119772025;-14.052,74;0,4655683578;380.636,91;-0,006482993;EUR
Muster offensiv cVV;06.07.2013;0,0000008626;1,00;0,4655695809;380.637,91;0;EUR
Muster offensiv cVV;07.07.2013;0,0000008626;1,00;0,4655708041;380.638,91;0;EUR
Muster offensiv cVV;08.07.2013;0,0048077167;5.573,30;0,4724067712;386.212,21;0,009605897;EUR
Muster offensiv cVV;09.07.2013;0,0119114006;13.874,56;0,4893975982;400.086,77;0,009898857;EUR
Muster offensiv cVV;10.07.2013;-0,0021784259;-2.567,68;0,4862763295;397.519,08;-0,000692480;EUR
Muster offensiv cVV;11.07.2013;0,0089514079;10.527,93;0,4991749993;408.047,02;0,005037120;EUR
Muster offensiv cVV;12.07.2013;0,0016365861;1.942,05;0,5015709100;409.989,07;0,002891782;EUR
Muster offensiv cVV;13.07.2013;0,0000008413;1,00;0,5015721334;409.990,07;0;EUR
Muster offensiv cVV;14.07.2013;0,0000008413;1,00;0,5015733568;409.991,07;0;EUR
Muster offensiv cVV;15.07.2013;0,0021515621;2.557,33;0,5047221727;412.548,40;0,001663083;EUR
Muster offensiv cVV;16.07.2013;-0,0013170088;-1.568,75;0,5028230485;410.979,64;-0,003892119;EUR
Muster offensiv cVV;17.07.2013;0,0032562659;3.873,59;0,5075825748;414.853,24;0,004617284;EUR
Muster offensiv cVV;18.07.2013;0,0073149987;8.730,12;0,5182847566;423.583,35;0,005996433;EUR
Muster offensiv cVV;19.07.2013;-0,0009087028;-1.092,43;0,5169686858;422.490,92;-0,001025068;EUR
Muster offensiv cVV;20.07.2013;0,0000008326;1,00;0,5169699094;422.491,92;0;EUR
Muster offensiv cVV;21.07.2013;0,0000008326;1,00;0,5169711331;422.492,92;0;EUR
Muster offensiv cVV;22.07.2013;0,0018518028;2.224,19;0,5197133668;424.717,11;0,000170197;EUR
Muster offensiv cVV;23.07.2013;0,0010352074;1.245,68;0,5212583691;425.962,80;-0,002069443;EUR
Muster offensiv cVV;24.07.2013;0,0021093820;2.540,89;0,5243884835;428.503,68;0,001358699;EUR
Muster offensiv cVV;25.07.2013;-0,0041897191;-5.057,43;0,5182198784;423.446,25;-0,003892686;EUR
Muster offensiv cVV;26.07.2013;-0,0049736992;-5.978,62;0,5109233378;417.467,63;-0,003505321;EUR
Muster offensiv cVV;27.07.2013;0,0000008361;1,00;0,5109245617;417.468,63;0;EUR
Muster offensiv cVV;28.07.2013;0,0000008361;1,00;0,5109257856;417.469,63;0;EUR
Muster offensiv cVV;29.07.2013;-0,0007128441;-852,61;0,5099024186;416.617,02;-0,000785278;EUR
Muster offensiv cVV;30.07.2013;-0,0000730021;-87,25;0,5098157055;416.529,77;0,001026211;EUR
Muster offensiv cVV;31.07.2013;-0,0026985282;-3.225,09;0,5058882095;413.304,67;-0,001070417;EUR
Muster offensiv cVV;01.08.2013;0,0101308948;12.075,07;0,5206886329;425.379,74;0,011710545;EUR
Muster offensiv cVV;02.08.2013;0,0031053882;3.738,83;0,5252857533;429.118,57;0,000817976;EUR
Muster offensiv cVV;03.08.2013;0,0000008446;1,02;0,5252870018;429.119,59;0;EUR
Muster offensiv cVV;04.08.2013;0,0000008528;1,03;0,5252882627;429.120,62;0;EUR
Muster offensiv cVV;05.08.2013;0,0018583355;2.244,35;0,5280562435;431.364,97;-0,000199555;EUR
Muster offensiv cVV;06.08.2013;-0,0059937433;-7.252,23;0,5191986978;424.112,75;-0,006984849;EUR
Muster offensiv cVV;07.08.2013;-0,0029484230;-3.546,11;0,5148776311;420.566,64;-0,003928134;EUR
Muster offensiv cVV;08.08.2013;0,0012286422;1.473,35;0,5167014915;422.039,99;0,003044320;EUR
Muster offensiv cVV;09.08.2013;0,0040847198;4.904,28;0,5227260999;426.944,27;0,001718768;EUR
Muster offensiv cVV;10.08.2013;0,0000008544;1,03;0,5227273609;426.945,30;0;EUR
Muster offensiv cVV;11.08.2013;0,0000008461;1,02;0,5227286098;426.946,32;0;EUR
Muster offensiv cVV;12.08.2013;0,0030223985;3.643,64;0,5272101400;430.589,96;0,001905964;EUR
Muster offensiv cVV;13.08.2013;0,0025083697;3.033,10;0,5309444076;433.623,06;0,003891820;EUR
Muster offensiv cVV;14.08.2013;0,0016087744;1.950,20;0,5333529316;435.573,26;0,000407668;EUR
Muster offensiv cVV;15.08.2013;-0,0028226210;-3.427,15;0,5291768696;432.146,10;-0,007502200;EUR
Muster offensiv cVV;16.08.2013;0,0019533123;2.364,97;0,5320933650;434.511,07;-0,001320020;EUR
Muster offensiv cVV;17.08.2013;0,0000008491;1,03;0,5320946264;434.512,10;0;EUR
Muster offensiv cVV;18.08.2013;0,0000008491;1,03;0,5320958877;434.513,13;0;EUR
Muster offensiv cVV;19.08.2013;-0,0040221836;-4.879,37;0,5261409672;429.633,76;-0,003626669;EUR
Muster offensiv cVV;20.08.2013;-0,0053390925;-6.450,88;0,5182609685;423.182,88;-0,004874799;EUR
Muster offensiv cVV;21.08.2013;-0,0020564577;-2.471,42;0,5152540587;420.711,47;-0,002358857;EUR
Muster offensiv cVV;22.08.2013;0,0060972380;7.312,49;0,5242299052;428.023,96;0,007673748;EUR
Muster offensiv cVV;23.08.2013;0,0035239424;4.252,08;0,5294579625;432.276,04;0,001533894;EUR
Muster offensiv cVV;24.08.2013;0,0000008506;1,03;0,5294592241;432.277,07;0;EUR
Muster offensiv cVV;25.08.2013;0,0000008506;1,03;0,5294604857;432.278,10;0;EUR
Muster offensiv cVV;26.08.2013;0,0004961314;595,61;0,5302157920;432.873,71;0,001118999;EUR
Muster offensiv cVV;27.08.2013;-0,0079749076;-9.578,69;0,5185082850;423.295,02;-0,013644282;EUR
Muster offensiv cVV;28.08.2013;-0,0035811168;-4.266,99;0,5133063971;419.028,02;-0,003699463;EUR
Muster offensiv cVV;29.08.2013;0,0013740503;1.631,35;0,5153297431;420.659,38;0,005528823;EUR
Muster offensiv cVV;30.08.2013;-0,0037329717;-4.438,09;0,5099174988;416.221,29;-0,005141296;EUR
Muster offensiv cVV;31.08.2013;0,0000008696;1,03;0,5099187607;416.222,32;0;EUR
Muster offensiv cVV;01.09.2013;0,0000008696;1,03;0,5099200226;416.223,35;0;EUR
Muster offensiv cVV;02.09.2013;0,0077705602;9.203,87;0,5212209419;425.427,21;0,008142382;EUR
Muster offensiv cVV;03.09.2013;-0,0022316646;-2.663,84;0,5179822394;422.763,37;-0,001096235;EUR
Muster offensiv cVV;04.09.2013;-0,0020753122;-2.471,68;0,5149786349;420.291,69;0,002325550;EUR
Muster offensiv cVV;05.09.2013;0,0009812529;1.166,24;0,5164324219;421.457,93;0,003392951;EUR
Muster offensiv cVV;06.09.2013;0,0053165930;6.325,09;0,5242079911;427.783,01;0,002965929;EUR
Muster offensiv cVV;07.09.2013;0,0000022909;2,74;0,5242113487;427.785,75;0;EUR
Muster offensiv cVV;08.09.2013;0,0000022909;2,74;0,5242147063;427.788,49;0;EUR
Muster offensiv cVV;09.09.2013;-0,0003989487;-477,15;0,5236550766;427.311,34;0,000720170;EUR
Muster offensiv cVV;10.09.2013;0,0053297462;6.371,93;0,5314890644;433.683,28;0,010041913;EUR
Muster offensiv cVV;11.09.2013;0,0034341199;4.127,51;0,5365730411;437.810,79;0,003214283;EUR
Muster offensiv cVV;12.09.2013;-0,0017839750;-2.151,55;0,5339615892;435.659,25;-0,000279972;EUR
Muster offensiv cVV;13.09.2013;0,0015958760;1.921,26;0,5363418790;437.580,50;0,002346506;EUR
Muster offensiv cVV;14.09.2013;0,0000022723;2,74;0,5363452375;437.583,24;0;EUR
Muster offensiv cVV;15.09.2013;0,0000022723;2,74;0,5363485959;437.585,98;0;EUR
Muster offensiv cVV;16.09.2013;0,0024450257;2.948,25;0,5399879151;440.534,23;0,005622598;EUR
Muster offensiv cVV;17.09.2013;0,0003953981;477,94;0,5405993968;441.012,18;-0,000705733;EUR
Muster offensiv cVV;18.09.2013;0,0049724244;6.012,87;0,5479960082;447.025,04;0,004904109;EUR
Muster offensiv cVV;19.09.2013;0,0062406868;7.584,03;0,5573194127;454.609,07;0,000932250;EUR
Muster offensiv cVV;20.09.2013;-0,0026826007;-3.280,39;0,5533240005;451.328,68;-0,002386739;EUR
Muster offensiv cVV;21.09.2013;0,0000022467;2,74;0,5533273597;451.331,42;0;EUR
Muster offensiv cVV;22.09.2013;0,0000022467;2,74;0,5533307190;451.334,16;0;EUR
Muster offensiv cVV;23.09.2013;-0,0029592352;-3.608,98;0,5489320232;447.725,18;-0,002135296;EUR
Muster offensiv cVV;24.09.2013;-0,0001583099;-192,50;0,5487218325;447.532,69;0,001368010;EUR
Muster offensiv cVV;25.09.2013;0,0022741852;2.764,87;0,5521377921;450.297,56;-0,000690747;EUR
Muster offensiv cVV;26.09.2013;-0,0007454615;-908,37;0,5510498375;449.389,19;0,001670426;EUR
Muster offensiv cVV;27.09.2013;-0,0007818046;-951,94;0,5499083041;448.437,25;-0,001788984;EUR
Muster offensiv cVV;28.09.2013;0,0000022521;2,74;0,5499116641;448.439,99;0;EUR
Muster offensiv cVV;29.09.2013;0,0000022520;2,74;0,5499150241;448.442,73;0;EUR
Muster offensiv cVV;30.09.2013;-0,0044240228;-5.382,59;0,5433398866;443.060,14;-0,005474731;EUR
Muster offensiv cVV;01.10.2013;0,0027188220;3.293,28;0,5474041095;446.353,42;0,006659154;EUR
Muster offensiv cVV;02.10.2013;-0,0022646949;-2.750,66;0,5440560826;443.602,76;-0,004825500;EUR
Muster offensiv cVV;03.10.2013;-0,0010464942;-1.268,18;0,5425259797;442.334,59;-0,004361595;EUR
Muster offensiv cVV;04.10.2013;0,0003941603;477,16;0,5431364542;442.811,74;0,002891534;EUR
Muster offensiv cVV;05.10.2013;0,0000023038;2,79;0,5431398763;442.814,53;0;EUR
Muster offensiv cVV;06.10.2013;0,0000023038;2,79;0,5431432984;442.817,32;0;EUR
Muster offensiv cVV;07.10.2013;0,0010641245;1.288,71;0,5447492511;444.106,03;-0,003033537;EUR
Muster offensiv cVV;08.10.2013;-0,0021883584;-2.653,03;0,5415200824;441.453,00;-0,005600929;EUR
Muster offensiv cVV;09.10.2013;-0,0021461160;-2.596,12;0,5383603825;438.856,88;-0,000306680;EUR
Muster offensiv cVV;10.10.2013;0,0073939094;8.925,09;0,5493344590;447.781,97;0,013477020;EUR
Muster offensiv cVV;11.10.2013;0,0008982029;1.092,23;0,5506997822;448.874,20;0,003580780;EUR
Muster offensiv cVV;12.10.2013;0,0000022841;2,78;0,5507031928;448.876,98;0;EUR
Muster offensiv cVV;13.10.2013;0,0000022923;2,79;0,5507066157;448.879,77;0;EUR
Muster offensiv cVV;14.10.2013;0,0010285346;1.251,84;0,5522678553;450.131,61;0,000686947;EUR
Muster offensiv cVV;15.10.2013;0,0035159011;4.283,64;0,5575490933;454.415,25;0,004337785;EUR
Muster offensiv cVV;16.10.2013;0,0012904003;1.577,70;0,5595105475;455.992,95;0,004717349;EUR
Muster offensiv cVV;17.10.2013;0,0002652273;324,70;0,5599346137;456.317,65;-0,001552447;EUR
Muster offensiv cVV;18.10.2013;0,0032756837;4.011,23;0,5648825274;460.328,88;0,004437153;EUR
Muster offensiv cVV;19.10.2013;0,0000022710;2,79;0,5648859511;460.331,67;0;EUR
Muster offensiv cVV;20.10.2013;0,0000022709;2,79;0,5648893748;460.334,46;0;EUR
Muster offensiv cVV;21.10.2013;0,0031576391;3.879,36;0,5696758741;464.213,82;0,000939332;EUR
Muster offensiv cVV;22.10.2013;0,0042529786;5.241,56;0,5761345084;469.455,38;0,003880562;EUR
Muster offensiv cVV;23.10.2013;-0,0025799195;-3.193,13;0,5722418315;466.262,25;-0,003376066;EUR
Muster offensiv cVV;24.10.2013;0,0034913870;4.310,09;0,5775578498;470.572,34;0,003335658;EUR
Muster offensiv cVV;25.10.2013;-0,0015917567;-1.971,87;0,5751637804;468.600,47;0,000508220;EUR
Muster offensiv cVV;26.10.2013;0,0000022558;2,79;0,5751672049;468.603,26;0;EUR
Muster offensiv cVV;27.10.2013;0,0000022558;2,79;0,5751706293;468.606,05;0;EUR
Muster offensiv cVV;28.10.2013;-0,0003996658;-494,32;0,5745899411;468.111,73;0,000618193;EUR
Muster offensiv cVV;29.10.2013;0,0019957443;2.467,42;0,5776447545;470.579,15;0,003385404;EUR
Muster offensiv cVV;30.10.2013;0,0017903442;2.217,90;0,5803934896;472.797,05;-0,000568483;EUR
Muster offensiv cVV;31.10.2013;0,0002730594;338,87;0,5808356897;473.135,92;0,004129374;EUR
Muster offensiv cVV;01.11.2013;-0,0009735175;-1.208,49;0,5793782105;471.927,43;0,000691021;EUR
Muster offensiv cVV;02.11.2013;0,0000016933;2,10;0,5793807886;471.929,53;0;EUR
Muster offensiv cVV;03.11.2013;0,0000016853;2,09;0,5793833545;471.931,62;0;EUR
Muster offensiv cVV;04.11.2013;0,0015426069;1.913,08;0,5817581844;473.844,70;0,002139364;EUR
Muster offensiv cVV;05.11.2013;-0,0007847682;-974,74;0,5805875310;472.869,96;-0,001815629;EUR
Muster offensiv cVV;06.11.2013;0,0033510554;4.159,00;0,5857201910;477.028,96;0,002014782;EUR
Muster offensiv cVV;07.11.2013;0,0028176873;3.508,75;0,5900548309;480.537,71;0,002132120;EUR
Muster offensiv cVV;08.11.2013;-0,0016284709;-2.033,58;0,5875840526;478.504,12;0,002081819;EUR
Muster offensiv cVV;09.11.2013;0,0000016844;2,10;0,5875866313;478.506,22;0;EUR
Muster offensiv cVV;10.11.2013;0,0000016764;2,09;0,5875891978;478.508,31;0;EUR
Muster offensiv cVV;11.11.2013;0,0018288864;2.280,14;0,5904154770;480.788,46;0,000785642;EUR
Muster offensiv cVV;12.11.2013;-0,0029071825;-3.631,12;0,5859825171;477.157,33;-0,002762290;EUR
Muster offensiv cVV;13.11.2013;-0,0017568287;-2.187,93;0,5833215412;474.969,40;0,001260968;EUR
Muster offensiv cVV;14.11.2013;0,0060773644;7.555,38;0,5926268157;482.524,78;0,005274522;EUR
Muster offensiv cVV;15.11.2013;0,0017615119;2.203,22;0,5953591767;484.728,00;0,002230677;EUR
Muster offensiv cVV;16.11.2013;0;0;0,5953591767;484.728,00;0;EUR
Muster offensiv cVV;17.11.2013;0;0;0,5953591767;484.728,00;0;EUR
Muster offensiv cVV;18.11.2013;0,0034309842;4.298,88;0,6006658122;489.026,88;0,001475511;EUR
Muster offensiv cVV;19.11.2013;-0,0026615362;-3.346,24;0,5965820584;485.680,64;-0,003017670;EUR
Muster offensiv cVV;20.11.2013;-0,0003061682;-383,91;0,5961368149;485.296,73;0,001117127;EUR
Muster offensiv cVV;21.11.2013;-0,0024535646;-3.075,61;0,5923848684;482.221,12;0,000719366;EUR
Muster offensiv cVV;22.11.2013;-0,0010312527;-1.289,53;0,5908267554;480.931,59;0,000535268;EUR
Muster offensiv cVV;23.11.2013;0;0;0,5908267554;480.931,59;0;EUR
Muster offensiv cVV;24.11.2013;0;0;0,5908267554;480.931,59;0;EUR
Muster offensiv cVV;25.11.2013;0,0049140524;6.138,45;0,5983941717;487.070,04;0,004253824;EUR
Muster offensiv cVV;26.11.2013;-0,0033759778;-4.237,87;0,5932137433;482.832,17;-0,002035193;EUR
Muster offensiv cVV;27.11.2013;0,0032276234;4.037,96;0,5982010472;486.870,13;0,002766791;EUR
Muster offensiv cVV;28.11.2013;0,0043051016;5.403,33;0,6048664126;492.273,47;0,001708837;EUR
Muster offensiv cVV;29.11.2013;0,0001882161;237,25;0,6051843661;492.510,71;0,000277264;EUR
Muster offensiv cVV;30.11.2013;0;0;0,6051843661;492.510,71;0;EUR
Muster offensiv cVV;01.12.2013;0;0;0,6051843661;492.510,71;0;EUR
Muster offensiv cVV;02.12.2013;-0,0045629105;-5.752,65;0,5981417582;486.758,06;-0,000374054;EUR
Muster offensiv cVV;03.12.2013;-0,0110113876;-13.819,16;0,5811857085;472.938,90;-0,009758033;EUR
Muster offensiv cVV;04.12.2013;-0,0047251456;-5.864,70;0,5740036509;467.074,20;-0,005280778;EUR
Muster offensiv cVV;05.12.2013;-0,0009126056;-1.127,35;0,5726430872;465.946,85;-0,006975973;EUR
Muster offensiv cVV;06.12.2013;0,0052173415;6.439,12;0,5805818688;472.385,98;0,006266155;EUR
Muster offensiv cVV;07.12.2013;0;0;0,5805818688;472.385,98;0;EUR
Muster offensiv cVV;08.12.2013;0;0;0,5805818688;472.385,98;0;EUR
Muster offensiv cVV;09.12.2013;-0,0006591833;-817,79;0,5796018636;471.568,18;0,001185154;EUR
Muster offensiv cVV;10.12.2013;-0,0029695562;-3.681,65;0,5751016312;467.886,53;-0,005415845;EUR
Muster offensiv cVV;11.12.2013;-0,0024725247;-3.056,33;0,5713696173;464.830,20;-0,005314391;EUR
Muster offensiv cVV;12.12.2013;-0,0083639690;-10.313,28;0,5587166113;454.516,92;-0,004358777;EUR
Muster offensiv cVV;13.12.2013;0,0006952562;850,12;0,5597857204;455.367,05;0,000047235;EUR
Muster offensiv cVV;14.12.2013;0;0;0,5597857204;455.367,05;0;EUR
Muster offensiv cVV;15.12.2013;0;0;0,5597857204;455.367,05;0;EUR
Muster offensiv cVV;16.12.2013;0,0061593061;7.536,51;0,5690748575;462.903,56;0,008439987;EUR
Muster offensiv cVV;17.12.2013;-0,0016316485;-2.008,78;0,5666296624;460.894,78;-0,003700528;EUR
Muster offensiv cVV;18.12.2013;0,0053656615;6.595,07;0,5747623460;467.489,85;0,007864771;EUR
Muster offensiv cVV;19.12.2013;0,0089222448;11.025,40;0,5883428538;478.515,24;0,009917935;EUR
Muster offensiv cVV;20.12.2013;0,0035442716;4.418,80;0,5938012167;482.934,05;0,004367186;EUR
Muster offensiv cVV;21.12.2013;0;0;0,5938012167;482.934,05;0;EUR
Muster offensiv cVV;22.12.2013;0;0;0,5938012167;482.934,05;0;EUR
Muster offensiv cVV;23.12.2013;0,0039753641;4.973,83;0,5999424825;487.907,88;0,004971186;EUR
Muster offensiv cVV;24.12.2013;0,0003364356;422,61;0,6004877075;488.330,49;0,001651013;EUR
Muster offensiv cVV;25.12.2013;0,0000335198;42,12;0,6005650408;488.372,61;0,000017635;EUR
Muster offensiv cVV;26.12.2013;-0,0002832954;-355,99;0,6001527548;488.016,62;0,000825115;EUR
Muster offensiv cVV;27.12.2013;0,0057884376;7.271,71;0,6091211749;495.288,33;0,002903174;EUR
Muster offensiv cVV;28.12.2013;0;0;0,6091211749;495.288,33;0;EUR
Muster offensiv cVV;29.12.2013;0;0;0,6091211749;495.288,33;0;EUR
Muster offensiv cVV;30.12.2013;0,0007202532;910,05;0,6102662233;496.198,38;-0,001626532;EUR
Muster offensiv cVV;31.12.2013;0,0022429353;2.836,03;0,6137801580;499.034,41;0,002077261;EUR
Muster offensiv cVV;01.01.2014;-0,0016445817;-2.084,12;0,6112426252;496.950,29;0,000005848;EUR
Muster offensiv cVV;02.01.2014;-0,0027293428;-3.453,11;0,6070209263;493.497,18;-0,006341614;EUR
Muster offensiv cVV;03.01.2014;0,0048095554;6.068,35;0,6145110935;499.565,53;0,002972411;EUR
Muster offensiv cVV;04.01.2014;0;0;0,6145110935;499.565,53;0;EUR
Muster offensiv cVV;05.01.2014;0;0;0,6145110935;499.565,53;0;EUR
Muster offensiv cVV;06.01.2014;-0,0005958368;-755,40;0,6136076687;498.810,13;-0,001748900;EUR
Muster offensiv cVV;07.01.2014;0,0008423607;1.067,30;0,6149464091;499.877,43;0,005812641;EUR
Muster offensiv cVV;08.01.2014;0,0041740076;5.293,02;0,6214838975;505.170,45;0,000230370;EUR
Muster offensiv cVV;09.01.2014;-0,0045596205;-5.806,14;0,6143666264;499.364,31;-0,003362089;EUR
Muster offensiv cVV;10.01.2014;0,0040225107;5.098,84;0,6206656551;504.463,15;0,002234347;EUR
Muster offensiv cVV;11.01.2014;0;0;0,6206656551;504.463,15;0;EUR
Muster offensiv cVV;12.01.2014;0;0;0,6206656551;504.463,15;0;EUR
Muster offensiv cVV;13.01.2014;0,0020398102;2.596,02;0,6238856947;507.059,16;0,000148184;EUR
Muster offensiv cVV;14.01.2014;-0,0019852630;-2.531,75;0,6207964959;504.527,42;0,001629512;EUR
Muster offensiv cVV;15.01.2014;0,0071167696;9.057,80;0,6319679677;513.585,21;0,011893284;EUR
Muster offensiv cVV;16.01.2014;-0,0005306040;-680,13;0,6311572901;512.905,08;-0,000393770;EUR
Muster offensiv cVV;17.01.2014;0,0026394289;3.381,42;0,6353446629;516.286,50;0,002005802;EUR
Muster offensiv cVV;18.01.2014;0;0;0,6353446629;516.286,50;0;EUR
Muster offensiv cVV;19.01.2014;0;0;0,6353446629;516.286,50;0;EUR
Muster offensiv cVV;20.01.2014;-0,0003406078;-437,51;0,6348325557;515.848,99;-0,001072558;EUR
Muster offensiv cVV;21.01.2014;-0,0025935835;-3.330,32;0,6307601655;512.518,67;0,001706894;EUR
Muster offensiv cVV;22.01.2014;-0,0000267615;-34,27;0,6307440329;512.484,40;-0,000512599;EUR
Muster offensiv cVV;23.01.2014;-0,0056530500;-7.239,84;0,6218591855;505.244,55;-0,008868476;EUR
Muster offensiv cVV;24.01.2014;-0,0175088636;-22.296,79;0,5944405952;482.947,77;-0,016346475;EUR
Muster offensiv cVV;25.01.2014;0;0;0,5944405952;482.947,77;0;EUR
Muster offensiv cVV;26.01.2014;0;0;0,5944405952;482.947,77;0;EUR
Muster offensiv cVV;27.01.2014;-0,0045660737;-5.712,89;0,5874329870;477.234,88;-0,004599184;EUR
Muster offensiv cVV;28.01.2014;0,0034700492;4.321,76;0,5927770246;481.556,64;0,004086950;EUR
Muster offensiv cVV;29.01.2014;-0,0039147039;-4.892,48;0,5867786375;476.664,17;-0,003687063;EUR
Muster offensiv cVV;30.01.2014;0,0019159583;2.385,13;0,5897389015;479.049,30;0,004863525;EUR
Muster offensiv cVV;31.01.2014;-0,0004186246;-522,13;0,5891202031;478.527,16;-0,002125360;EUR
Muster offensiv cVV;01.02.2014;0;0;0,5891202031;478.527,16;0;EUR
Muster offensiv cVV;02.02.2014;0;0;0,5891202031;478.527,16;0;EUR
Muster offensiv cVV;03.02.2014;-0,0084919847;-10.587,29;0,5761095808;467.939,87;-0,011857465;EUR
Muster offensiv cVV;04.02.2014;0,0003552505;439,14;0,5766737409;468.379,01;-0,002628725;EUR
Muster offensiv cVV;05.02.2014;0,0009716252;1.201,50;0,5781765761;469.580,52;-0,000348963;EUR
Muster offensiv cVV;06.02.2014;0,0096611825;11.958,54;0,5929247699;481.539,06;0,008198837;EUR
Muster offensiv cVV;07.02.2014;0,0069887702;8.734,23;0,6037038236;490.273,29;0,006355793;EUR
Muster offensiv cVV;08.02.2014;0;0;0,6037038236;490.273,29;0;EUR
Muster offensiv cVV;09.02.2014;0;0;0,6037038236;490.273,29;0;EUR
Muster offensiv cVV;10.02.2014;0,0000469896;59,14;0,6038011066;490.332,42;-0,000192437;EUR
Muster offensiv cVV;11.02.2014;0,0076606394;9.641,26;0,6156983768;499.973,68;0,011031026;EUR
Muster offensiv cVV;12.02.2014;0,0045125505;5.722,75;0,6227708891;505.696,44;0,005469484;EUR
Muster offensiv cVV;13.02.2014;-0,0010313391;-1.313,83;0,6211779498;504.382,60;0,001848523;EUR
Muster offensiv cVV;14.02.2014;0,0043917286;5.588,89;0,6280863130;509.971,50;0,003467534;EUR
Muster offensiv cVV;15.02.2014;0;0;0,6280863130;509.971,50;0;EUR
Muster offensiv cVV;16.02.2014;0;0;0,6280863130;509.971,50;0;EUR
Muster offensiv cVV;17.02.2014;-0,0053409335;-6.826,70;0,6197034100;503.144,80;0,000232859;EUR
Muster offensiv cVV;18.02.2014;0,0004896847;622,56;0,6204951206;503.767,37;0,000580833;EUR
Muster offensiv cVV;19.02.2014;-0,0007293813;-927,73;0,6193772838;502.839,63;-0,001111823;EUR
Muster offensiv cVV;20.02.2014;-0,0000460234;-58,50;0,6193300538;502.781,14;-0,000595911;EUR
Muster offensiv cVV;21.02.2014;0,0026392737;3.354,41;0,6234869986;506.135,55;0,001824508;EUR
Muster offensiv cVV;22.02.2014;0;0;0,6234869986;506.135,55;0;EUR
Muster offensiv cVV;23.02.2014;0;0;0,6234869986;506.135,55;0;EUR
Muster offensiv cVV;24.02.2014;0,0041999600;5.352,07;0,6301051672;511.487,61;0,004349482;EUR
Muster offensiv cVV;25.02.2014;-0,0022746529;-2.910,80;0,6265443409;508.576,82;-0,000089160;EUR
Muster offensiv cVV;26.02.2014;-0,0028344007;-3.618,84;0,6221108847;504.957,98;-0,000165307;EUR
Muster offensiv cVV;27.02.2014;-0,0021970472;-2.797,14;0,6186894115;502.160,84;-0,001943091;EUR
Muster offensiv cVV;28.02.2014;0,0000537562;68,29;0,6187981345;502.229,13;0,001410671;EUR
Muster offensiv cVV;01.03.2014;0;0;0,6187981345;502.229,13;0;EUR
Muster offensiv cVV;02.03.2014;0;0;0,6187981345;502.229,13;0;EUR
Muster offensiv cVV;03.03.2014;-0,0166359644;-21.134,46;0,5927818240;481.094,67;-0,015712855;EUR
Muster offensiv cVV;04.03.2014;0,0134552357;16.809,26;0,6135177024;497.903,94;0,015045295;EUR
Muster offensiv cVV;05.03.2014;-0,0007959965;-1.007,80;0,6123001184;496.896,14;-0,001402801;EUR
Muster offensiv cVV;06.03.2014;-0,0000569128;-71,97;0,6122359237;496.824,17;-0,001535207;EUR
Muster offensiv cVV;07.03.2014;-0,0051187965;-6.472,53;0,6042839676;490.351,64;-0,009188017;EUR
Muster offensiv cVV;08.03.2014;0;0;0,6042839676;490.351,64;0;EUR
Muster offensiv cVV;09.03.2014;0;0;0,6042839676;490.351,64;0;EUR
Muster offensiv cVV;10.03.2014;-0,0059999461;-7.547,88;0,5950060873;482.803,77;-0,004669085;EUR
Muster offensiv cVV;11.03.2014;0,0005396018;674,74;0,5958613670;483.478,51;0,001050813;EUR
Muster offensiv cVV;12.03.2014;-0,0058600364;-7.331,59;0,5868489086;476.146,91;-0,006832238;EUR
Muster offensiv cVV;13.03.2014;-0,0071343070;-8.873,55;0,5759351696;467.273,36;-0,010206533;EUR
Muster offensiv cVV;14.03.2014;-0,0014139741;-1.746,13;0,5738057360;465.527,23;-0,000899727;EUR
Muster offensiv cVV;15.03.2014;0;0;0,5738057360;465.527,23;0;EUR
Muster offensiv cVV;16.03.2014;0;0;0,5738057360;465.527,23;0;EUR
Muster offensiv cVV;17.03.2014;0,0060551557;7.467,01;0,5830326130;472.994,24;0,007974516;EUR
Muster offensiv cVV;18.03.2014;0,0057664864;7.154,09;0,5918744543;480.148,34;0,005586211;EUR
Muster offensiv cVV;19.03.2014;-0,0000712337;-88,88;0,5917882537;480.059,45;-0,000419010;EUR
Muster offensiv cVV;20.03.2014;0,0002078731;259,36;0,5921313273;480.318,82;0,002726617;EUR
Muster offensiv cVV;21.03.2014;0,0016624349;2.074,65;0,5947123443;482.393,47;0,001793228;EUR
Muster offensiv cVV;22.03.2014;0;0;0,5947123443;482.393,47;0;EUR
Muster offensiv cVV;23.03.2014;0;0;0,5947123443;482.393,47;0;EUR
Muster offensiv cVV;24.03.2014;-0,0094297954;-11.787,55;0,5802030319;470.605,92;-0,007403203;EUR
Muster offensiv cVV;25.03.2014;0,0109945346;13.613,93;0,5970108770;484.219,84;0,008715005;EUR
Muster offensiv cVV;26.03.2014;0,0051429819;6.438,29;0,6049725740;490.658,13;0,004137964;EUR
Muster offensiv cVV;27.03.2014;0,0028437527;3.577,93;0,6094080192;494.236,06;0,001766151;EUR
Muster offensiv cVV;28.03.2014;0,0049269224;6.216,54;0,6170973930;500.452,59;0,006832760;EUR
Muster offensiv cVV;29.03.2014;0;0;0,6170973930;500.452,59;0;EUR
Muster offensiv cVV;30.03.2014;0;0;0,6170973930;500.452,59;0;EUR
Muster offensiv cVV;31.03.2014;0,0018491436;2.344,65;0,6200128044;502.797,24;0,000548713;EUR
Muster offensiv cVV;01.04.2014;0,0013742231;1.745,69;0,6221897849;504.542,93;0,003627530;EUR
Muster offensiv cVV;02.04.2014;0,0028974804;3.685,76;0,6267594360;508.228,69;0,002004987;EUR
Muster offensiv cVV;03.04.2014;0,0003862964;492,81;0,6273916440;508.721,50;0,001359631;EUR
Muster offensiv cVV;04.04.2014;0,0021995987;2.807,20;0,6308782462;511.528,71;0,001854116;EUR
Muster offensiv cVV;05.04.2014;0;0;0,6308782462;511.528,71;0;EUR
Muster offensiv cVV;06.04.2014;0;0;0,6308782462;511.528,71;0;EUR
Muster offensiv cVV;07.04.2014;-0,0093807574;-11.998,38;0,6161043651;499.530,33;-0,012156886;EUR
Muster offensiv cVV;08.04.2014;0,0004933573;625,10;0,6168992959;500.155,43;-0,001318756;EUR
Muster offensiv cVV;09.04.2014;-0,0011831331;-1.499,82;0,6150732371;498.655,61;0,002270603;EUR
Muster offensiv cVV;10.04.2014;-0,0021110096;-2.672,89;0,6118000036;495.982,72;-0,007251357;EUR
Muster offensiv cVV;11.04.2014;-0,0064516866;-8.151,68;0,6017680835;487.831,04;-0,009543608;EUR
Muster offensiv cVV;12.04.2014;0;0;0,6017680835;487.831,04;0;EUR
Muster offensiv cVV;13.04.2014;0;0;0,6017680835;487.831,04;0;EUR
Muster offensiv cVV;14.04.2014;0,0029336264;3.682,71;0,6063343250;491.513,75;0,004341437;EUR
Muster offensiv cVV;15.04.2014;-0,0080912480;-10.187,05;0,5937904144;481.326,71;-0,005811834;EUR
Muster offensiv cVV;16.04.2014;0,0085182729;10.637,68;0,6069370078;491.964,39;0,010359437;EUR
Muster offensiv cVV;17.04.2014;0,0047506920;5.982,52;0,6143413640;497.946,91;0,003714580;EUR
Muster offensiv cVV;18.04.2014;-0,0000913633;-115,60;0,6142224177;497.831,31;0,000176269;EUR
Muster offensiv cVV;19.04.2014;0;0;0,6142224177;497.831,31;0;EUR
Muster offensiv cVV;20.04.2014;0;0;0,6142224177;497.831,31;0;EUR
Muster offensiv cVV;21.04.2014;0,0003198497;404,66;0,6147453495;498.235,97;0,001264209;EUR
Muster offensiv cVV;22.04.2014;0,0047712250;6.038,30;0,6222195862;504.274,27;0,009894848;EUR
Muster offensiv cVV;23.04.2014;-0,0014265529;-1.814,01;0,6200050909;502.460,26;-0,003496758;EUR
Muster offensiv cVV;24.04.2014;-0,0007166269;-909,97;0,6189059703;501.550,30;0,000795675;EUR
Muster offensiv cVV;25.04.2014;-0,0057139833;-7.250,36;0,6099824719;494.299,93;-0,008155327;EUR
Muster offensiv cVV;26.04.2014;0;0;0,6099824719;494.299,93;0;EUR
Muster offensiv cVV;27.04.2014;0;0;0,6099824719;494.299,93;0;EUR
Muster offensiv cVV;28.04.2014;-0,0017830971;-2.249,61;0,6072295886;492.050,32;0,001970213;EUR
Muster offensiv cVV;29.04.2014;0,0048292257;6.081,83;0,6147585231;498.132,16;0,008656068;EUR
Muster offensiv cVV;30.04.2014;0,0018147334;2.296,48;0,6176162082;500.428,64;0,001017998;EUR
Muster offensiv cVV;01.05.2014;0,0004890645;620,02;0,6184049529;501.048,65;0,000602272;EUR
Muster offensiv cVV;02.05.2014;-0,0024681872;-3.130,60;0,6145644615;497.918,05;-0,001690438;EUR
Muster offensiv cVV;03.05.2014;0;0;0,6145644615;497.918,05;0;EUR
Muster offensiv cVV;04.05.2014;0;0;0,6145644615;497.918,05;0;EUR
Muster offensiv cVV;05.05.2014;-0,0014536169;-1.839,19;0,6123176521;496.078,87;-0,001154393;EUR
Muster offensiv cVV;06.05.2014;-0,0040548094;-5.122,88;0,6060173682;490.955,98;-0,005357081;EUR
Muster offensiv cVV;07.05.2014;0,0032768265;4.123,19;0,6111300024;495.079,17;0,002586624;EUR
Muster offensiv cVV;08.05.2014;0,0055602910;7.019,36;0,6198181930;502.098,53;0,006217474;EUR
Muster offensiv cVV;09.05.2014;0,0026053385;3.307,29;0,6239244459;505.405,83;0,001240858;EUR
Muster offensiv cVV;10.05.2014;0;0;0,6239244459;505.405,83;0;EUR
Muster offensiv cVV;11.05.2014;0;0;0,6239244459;505.405,83;0;EUR
Muster offensiv cVV;12.05.2014;0,0088532737;11.267,88;0,6378587086;516.673,71;0,007517373;EUR
Muster offensiv cVV;13.05.2014;0,0041326326;5.306,32;0,6444338694;521.980,03;0,004631323;EUR
Muster offensiv cVV;14.05.2014;0,0015005934;1.934,73;0,6468467902;523.914,76;-0,000256365;EUR
Muster offensiv cVV;15.05.2014;-0,0042703106;-5.514,02;0,6400629803;518.400,74;-0,006171406;EUR
Muster offensiv cVV;16.05.2014;-0,0030045958;-3.863,10;0,6353170683;514.537,64;-0,000648684;EUR
Muster offensiv cVV;17.05.2014;0;0;0,6353170683;514.537,64;0;EUR
Muster offensiv cVV;18.05.2014;0;0;0,6353170683;514.537,64;0;EUR
Muster offensiv cVV;19.05.2014;0,0001374014;176,13;0,6355583313;514.713,77;0,001340784;EUR
Muster offensiv cVV;20.05.2014;-0,0019616579;-2.514,93;0,6324765838;512.198,83;-0,001875895;EUR
Muster offensiv cVV;21.05.2014;0,0024530050;3.138,69;0,6363760758;515.337,53;0,004890357;EUR
Muster offensiv cVV;22.05.2014;0,0054817368;7.031,25;0,6450828145;522.368,77;0,002702463;EUR
Muster offensiv cVV;23.05.2014;0,0070968943;9.152,86;0,6564102813;531.521,63;0,003776682;EUR
Muster offensiv cVV;24.05.2014;0;0;0,6564102813;531.521,63;0;EUR
Muster offensiv cVV;25.05.2014;0;0;0,6564102813;531.521,63;0;EUR
Muster offensiv cVV;26.05.2014;0,0035669023;4.632,88;0,6621563340;536.154,51;0,005538500;EUR
Muster offensiv cVV;27.05.2014;-0,0001721446;-224,39;0,6619037824;535.930,12;0,004111259;EUR
Muster offensiv cVV;28.05.2014;0,0026622039;3.469,55;0,6662135612;539.399,67;0,000440048;EUR
Muster offensiv cVV;29.05.2014;0,0007734008;1.010,63;0,6674864960;540.410,29;0,000972250;EUR
Muster offensiv cVV;30.05.2014;-0,0041977315;-5.489,54;0,6607305235;534.920,75;-0,000305810;EUR
Muster offensiv cVV;31.05.2014;0;0;0,6607305235;534.920,75;0;EUR
Muster offensiv cVV;01.06.2014;0;0;0,6607305235;534.920,75;0;EUR
Muster offensiv cVV;02.06.2014;0,0025145381;3.274,56;0,6647997795;538.195,31;0,001849885;EUR
Muster offensiv cVV;03.06.2014;-0,0011587275;-1.512,75;0,6629556134;536.682,56;-0,002178940;EUR
Muster offensiv cVV;04.06.2014;0,0007006124;913,61;0,6641086273;537.596,17;0,000572295;EUR
Muster offensiv cVV;05.06.2014;0,0005570023;726,85;0,6650309721;538.323,02;0,003197387;EUR
Muster offensiv cVV;06.06.2014;0,0040220252;5.251,37;0,6715430404;543.574,39;0,003355617;EUR
Muster offensiv cVV;07.06.2014;0;0;0,6715430404;543.574,39;0;EUR
Muster offensiv cVV;08.06.2014;0;0;0,6715430404;543.574,39;0;EUR
Muster offensiv cVV;09.06.2014;0,0039712293;5.205,90;0,6779993782;548.780,29;0,002225585;EUR
Muster offensiv cVV;10.06.2014;0,0029717526;3.911,16;0,6828564784;552.691,45;0,001731713;EUR
Muster offensiv cVV;11.06.2014;-0,0018537581;-2.447,00;0,6798580381;550.244,44;-0,003216341;EUR
Muster offensiv cVV;12.06.2014;-0,0006998078;-922,05;0,6787435766;549.322,40;-0,001940842;EUR
Muster offensiv cVV;13.06.2014;-0,0004595613;-605,08;0,6780206576;548.717,31;0,000054309;EUR
Muster offensiv cVV;14.06.2014;0;0;0,6780206576;548.717,31;0;EUR
Muster offensiv cVV;15.06.2014;0;0;0,6780206576;548.717,31;0;EUR
Muster offensiv cVV;16.06.2014;0,0006760094;889,66;0,6791446929;549.606,97;-0,002127413;EUR
Muster offensiv cVV;17.06.2014;0,0006883334;906,49;0,6802895742;550.513,47;0,002043331;EUR
Muster offensiv cVV;18.06.2014;-0,0001444155;-190,32;0,6800790879;550.323,15;0,001818697;EUR
Muster offensiv cVV;19.06.2014;0,0069091923;9.103,92;0,6913546151;559.427,07;0,003873979;EUR
Muster offensiv cVV;20.06.2014;0,0007751126;1.028,39;0,6926506052;560.455,46;0,000497792;EUR
Muster offensiv cVV;21.06.2014;0;0;0,6926506052;560.455,46;0;EUR
Muster offensiv cVV;22.06.2014;0;0;0,6926506052;560.455,46;0;EUR
Muster offensiv cVV;23.06.2014;-0,0023393605;-3.106,17;0,6888366917;557.349,29;-0,002964586;EUR
Muster offensiv cVV;24.06.2014;0,0024933451;3.302,88;0,6929438026;560.652,17;-0,001320102;EUR
Muster offensiv cVV;25.06.2014;-0,0079942170;-10.616,18;0,6798471446;550.035,99;-0,003173700;EUR
Muster offensiv cVV;26.06.2014;0,0014845406;1.955,68;0,6822889531;551.991,67;-0,001178099;EUR
Muster offensiv cVV;27.06.2014;-0,0000803585;-106,02;0,6821824452;551.885,65;-0,000441154;EUR
Muster offensiv cVV;28.06.2014;0;0;0,6821824452;551.885,65;0;EUR
Muster offensiv cVV;29.06.2014;0;0;0,6821824452;551.885,65;0;EUR
Muster offensiv cVV;30.06.2014;0,0002490856;328,60;0,6826131415;552.214,25;0,000031812;EUR
Muster offensiv cVV;01.07.2014;0,0055439385;7.315,47;0,6916808894;559.529,73;0,005571807;EUR
Muster offensiv cVV;02.07.2014;0,0033014682;4.380,59;0,6971210657;563.910,31;0,001259629;EUR
Muster offensiv cVV;03.07.2014;0,0061197770;8.146,90;0,7072177765;572.057,21;0,007211322;EUR
Muster offensiv cVV;04.07.2014;-0,0003921311;-525,22;0,7065937104;571.531,99;-0,000128194;EUR
Muster offensiv cVV;05.07.2014;0;0;0,7065937104;571.531,99;0;EUR
Muster offensiv cVV;06.07.2014;0;0;0,7065937104;571.531,99;0;EUR
Muster offensiv cVV;07.07.2014;-0,0062128386;-8.318,14;0,6963347149;563.213,86;-0,005727982;EUR
Muster offensiv cVV;08.07.2014;-0,0047080727;-6.264,30;0,6886143241;556.949,56;-0,008060180;EUR
Muster offensiv cVV;09.07.2014;-0,0019488240;-2.580,79;0,6854478164;554.368,77;0,001477468;EUR
Muster offensiv cVV;10.07.2014;-0,0047440025;-6.270,14;0,6777191936;548.098,63;-0,007024809;EUR
Muster offensiv cVV;11.07.2014;-0,0010531610;-1.385,36;0,6760301978;546.713,27;0,000717488;EUR
Muster offensiv cVV;12.07.2014;0;0;0,6760301978;546.713,27;0;EUR
Muster offensiv cVV;13.07.2014;0;0;0,6760301978;546.713,27;0;EUR
Muster offensiv cVV;14.07.2014;0,0050481990;6.633,55;0,6842570675;553.346,82;0,006133726;EUR
Muster offensiv cVV;15.07.2014;-0,0020624099;-2.723,78;0,6809129971;550.623,04;-0,002125823;EUR
Muster offensiv cVV;16.07.2014;0,0086984817;11.464,19;0,6951144455;562.087,24;0,008640183;EUR
Muster offensiv cVV;17.07.2014;-0,0042242829;-5.615,84;0,6881938173;556.471,40;-0,006908964;EUR
Muster offensiv cVV;18.07.2014;-0,0016736079;-2.215,53;0,6854780147;554.255,88;0,000838966;EUR
Muster offensiv cVV;19.07.2014;0;0;0,6854780147;554.255,88;0;EUR
Muster offensiv cVV;20.07.2014;0;0;0,6854780147;554.255,88;0;EUR
Muster offensiv cVV;21.07.2014;-0,0023877186;-3.155,58;0,6815993349;551.100,30;-0,005232577;EUR
Muster offensiv cVV;22.07.2014;0,0092632668;12.212,97;0,6967287990;563.313,27;0,008368134;EUR
Muster offensiv cVV;23.07.2014;0,0030291090;4.030,66;0,7017387223;567.343,94;0,001811893;EUR
Muster offensiv cVV;24.07.2014;-0,0007553269;-1.008,12;0,7005163577;566.335,82;0,001637103;EUR
Muster offensiv cVV;25.07.2014;-0,0052009718;-6.936,36;0,6919608078;559.399,46;-0,006171206;EUR
Muster offensiv cVV;26.07.2014;0;0;0,6919608078;559.399,46;0;EUR
Muster offensiv cVV;27.07.2014;0;0;0,6919608078;559.399,46;0;EUR
Muster offensiv cVV;28.07.2014;-0,0025781845;-3.420,55;0,6877537272;555.978,91;-0,002741291;EUR
Muster offensiv cVV;29.07.2014;0,0017501902;2.316,04;0,6906428188;558.294,95;0,003064388;EUR
Muster offensiv cVV;30.07.2014;-0,0037148647;-4.924,52;0,6845747772;553.370,43;-0,002549290;EUR
Muster offensiv cVV;31.07.2014;-0,0110949103;-14.653,06;0,6664706825;538.717,38;-0,012782201;EUR
Muster offensiv cVV;01.08.2014;-0,0108897568;-14.222,54;0,6488979228;524.494,83;-0,010946093;EUR
Muster offensiv cVV;02.08.2014;0;0;0,6488979228;524.494,83;0;EUR
Muster offensiv cVV;03.08.2014;0;0;0,6488979228;524.494,83;0;EUR
Muster offensiv cVV;04.08.2014;-0,0008794316;-1.136,07;0,6475148774;523.358,76;-0,000993334;EUR
Muster offensiv cVV;05.08.2014;0,0022393891;2.890,36;0,6511134921;526.249,12;0,000005959;EUR
Muster offensiv cVV;06.08.2014;-0,0030217094;-3.908,82;0,6462996009;522.340,30;-0,002657934;EUR
Muster offensiv cVV;07.08.2014;-0,0067164505;-8.662,01;0,6356039505;513.678,29;-0,005201318;EUR
Muster offensiv cVV;08.08.2014;-0,0041491186;-5.315,06;0,6290490521;508.363,23;-0,001730996;EUR
Muster offensiv cVV;09.08.2014;0;0;0,6290490521;508.363,23;0;EUR
Muster offensiv cVV;10.08.2014;0;0;0,6290490521;508.363,23;0;EUR
Muster offensiv cVV;11.08.2014;0,0116716966;14.889,51;0,6474956786;523.252,74;0,010475651;EUR
Muster offensiv cVV;12.08.2014;-0,0022822753;-2.945,47;0,6438730137;520.307,27;-0,004044573;EUR
Muster offensiv cVV;13.08.2014;0,0048269509;6.215,36;0,6515868583;526.522,64;0,007240929;EUR
Muster offensiv cVV;14.08.2014;0,0050960665;6.593,56;0,6597692489;533.116,20;0,002698714;EUR
Muster offensiv cVV;15.08.2014;-0,0061658136;-8.018,31;0,6498683181;525.097,89;-0,005493892;EUR
Muster offensiv cVV;16.08.2014;0;0;0,6498683181;525.097,89;0;EUR
Muster offensiv cVV;17.08.2014;0;0;0,6498683181;525.097,89;0;EUR
Muster offensiv cVV;18.08.2014;0,0095251164;12.310,53;0,6651267910;537.408,42;0,009524381;EUR
Muster offensiv cVV;19.08.2014;0,0077987828;10.175,37;0,6777435998;547.583,79;0,006777960;EUR
Muster offensiv cVV;20.08.2014;0,0008938000;1.175,27;0,6792214447;548.759,06;0,000452257;EUR
Muster offensiv cVV;21.08.2014;0,0044596560;5.869,31;0,6865095567;554.628,37;0,004876810;EUR
Muster offensiv cVV;22.08.2014;-0,0025179149;-3.328,58;0,6824127595;551.299,79;-0,002214091;EUR
Muster offensiv cVV;23.08.2014;0;0;0,6824127595;551.299,79;0;EUR
Muster offensiv cVV;24.08.2014;0;0;0,6824127595;551.299,79;0;EUR
Muster offensiv cVV;25.08.2014;0,0090839566;11.978,38;0,6972636357;563.278,17;0,010229033;EUR
Muster offensiv cVV;26.08.2014;0,0042650058;5.675,05;0,7043125435;568.953,22;0,003801790;EUR
Muster offensiv cVV;27.08.2014;0,0007122933;951,83;0,7055147719;569.905,05;-0,000002002;EUR
Muster offensiv cVV;28.08.2014;-0,0058772361;-7.859,25;0,6958089978;562.045,80;-0,004709600;EUR
Muster offensiv cVV;29.08.2014;0,0027967660;3.717,95;0,7004355196;565.763,75;0,001388684;EUR
Muster offensiv cVV;30.08.2014;0;0;0,7004355196;565.763,75;0;EUR
Muster offensiv cVV;31.08.2014;0;0;0,7004355196;565.763,75;0;EUR
Muster offensiv cVV;01.09.2014;0,0010541585;1.392,87;0,7021906189;567.156,63;0,001449565;EUR
Muster offensiv cVV;02.09.2014;-0,0006452425;-853,47;0,7011645369;566.303,16;0,001151822;EUR
Muster offensiv cVV;03.09.2014;0,0044359128;5.863,63;0,7084554131;572.166,79;0,005234704;EUR
Muster offensiv cVV;04.09.2014;0,0095024347;12.616,55;0,7241086935;584.783,33;0,008490446;EUR
Muster offensiv cVV;05.09.2014;-0,0001640530;-219,89;0,7238678727;584.563,45;0,001703895;EUR
Muster offensiv cVV;06.09.2014;0;0;0,7238678727;584.563,45;0;EUR
Muster offensiv cVV;07.09.2014;0;0;0,7238678727;584.563,45;0;EUR
Muster offensiv cVV;08.09.2014;-0,0010677725;-1.430,94;0,7221272730;583.132,51;-0,000596063;EUR
Muster offensiv cVV;09.09.2014;-0,0025905168;-3.467,88;0,7178639031;579.664,63;-0,003541694;EUR
Muster offensiv cVV;10.09.2014;0,0000129521;17,29;0,7179163926;579.681,92;0,000082878;EUR
Muster offensiv cVV;11.09.2014;-0,0008244624;-1.100,85;0,7165840033;578.581,08;-0,000662980;EUR
Muster offensiv cVV;12.09.2014;-0,0044620110;-5.952,91;0,7092418249;572.628,17;-0,003428642;EUR
Muster offensiv cVV;13.09.2014;0;0;0,7092418249;572.628,17;0;EUR
Muster offensiv cVV;14.09.2014;0;0;0,7092418249;572.628,17;0;EUR
Muster offensiv cVV;15.09.2014;0,0015100980;2.005,68;0,7117566922;574.633,85;0,000013814;EUR
Muster offensiv cVV;16.09.2014;0,0012709385;1.690,58;0,7138814301;576.324,43;0,000001253;EUR
Muster offensiv cVV;17.09.2014;0,0045709411;6.087,92;0,7214534396;582.412,35;0,001422901;EUR
Muster offensiv cVV;18.09.2014;0,0033876854;4.532,60;0,7270993435;586.944,95;0,007585211;EUR
Muster offensiv cVV;19.09.2014;-0,0014502083;-1.946,90;0,7247186359;584.998,05;0,002399126;EUR
Muster offensiv cVV;20.09.2014;0;0;0,7247186359;584.998,05;0;EUR
Muster offensiv cVV;21.09.2014;0;0;0,7247186359;584.998,05;0;EUR
Muster offensiv cVV;22.09.2014;-0,0031610641;-4.237,56;0,7194997986;580.760,49;-0,004267570;EUR
Muster offensiv cVV;23.09.2014;-0,0075011349;-10.023,85;0,7071115764;570.736,64;-0,009360981;EUR
Muster offensiv cVV;24.09.2014;0,0041549293;5.510,63;0,7139694490;576.247,27;0,006186076;EUR
Muster offensiv cVV;25.09.2014;-0,0019677250;-2.620,61;0,7107528415;573.626,66;-0,008577817;EUR
Muster offensiv cVV;26.09.2014;0,0022786234;3.028,69;0,7145359975;576.655,35;0,002097236;EUR
Muster offensiv cVV;27.09.2014;0;0;0,7145359975;576.655,35;0;EUR
Muster offensiv cVV;28.09.2014;0;0;0,7145359975;576.655,35;0;EUR
Muster offensiv cVV;29.09.2014;-0,0031511655;-4.198,00;0,7093644261;572.457,35;-0,003637441;EUR
Muster offensiv cVV;30.09.2014;0,0031995148;4.248,98;0,7146599548;576.706,33;0,003016881;EUR
Muster offensiv cVV;01.10.2014;-0,0052445309;-6.987,06;0,7060314907;569.719,27;-0,006529677;EUR
Muster offensiv cVV;02.10.2014;-0,0122269678;-16.204,03;0,6859795300;553.515,24;-0,011780000;EUR
Muster offensiv cVV;03.10.2014;0,0020432558;2.674,76;0,6893235796;556.189,99;0,005928208;EUR
Muster offensiv cVV;04.10.2014;0;0;0,6893235796;556.189,99;0;EUR
Muster offensiv cVV;05.10.2014;0;0;0,6893235796;556.189,99;0;EUR
Muster offensiv cVV;06.10.2014;0,0043698481;5.732,11;0,6964572134;561.922,10;-0,000106405;EUR
Muster offensiv cVV;07.10.2014;-0,0076863044;-10.126,50;0,6839351195;551.795,60;-0,010927363;EUR
Muster offensiv cVV;08.10.2014;-0,0077445165;-10.124,76;0,6714140769;541.670,84;-0,002616403;EUR
Muster offensiv cVV;09.10.2014;-0,0031608443;-4.100,31;0,6663597057;537.570,53;-0,004902794;EUR
Muster offensiv cVV;10.10.2014;-0,0100657868;-13.016,28;0,6502523860;524.554,24;-0,012386838;EUR
Muster offensiv cVV;11.10.2014;0;0;0,6502523860;524.554,24;0;EUR
Muster offensiv cVV;12.10.2014;0;0;0,6502523860;524.554,24;0;EUR
Muster offensiv cVV;13.10.2014;-0,0017447759;-2.233,50;0,6475108848;522.320,75;-0,003694812;EUR
Muster offensiv cVV;14.10.2014;0,0016265804;2.078,56;0,6501149141;524.399,31;0,000551434;EUR
Muster offensiv cVV;15.10.2014;-0,0206051728;-26.373,59;0,6174445921;498.025,72;-0,016612416;EUR
Muster offensiv cVV;16.10.2014;-0,0040923774;-5.130,11;0,6111099407;492.895,61;-0,001398136;EUR
Muster offensiv cVV;17.10.2014;0,0204773936;25.564,92;0,6428331334;518.460,54;0,016785737;EUR
Muster offensiv cVV;18.10.2014;0;0;0,6428331334;518.460,54;0;EUR
Muster offensiv cVV;19.10.2014;0;0;0,6428331334;518.460,54;0;EUR
Muster offensiv cVV;20.10.2014;-0,0043168318;-5.499,69;0,6360406820;512.960,85;-0,002828387;EUR
Muster offensiv cVV;21.10.2014;0,0136894254;17.365,19;0,6575998949;530.326,04;0,014461169;EUR
Muster offensiv cVV;22.10.2014;0,0066199093;8.512,39;0,6681830054;538.838,42;0,003321671;EUR
Muster offensiv cVV;23.10.2014;0,0068524833;8.869,78;0,6792101607;547.708,20;0,007798862;EUR
Muster offensiv cVV;24.10.2014;-0,0015766803;-2.054,82;0,6766900902;545.653,38;-0,001264250;EUR
Muster offensiv cVV;25.10.2014;0;0;0,6766900902;545.653,38;0;EUR
Muster offensiv cVV;26.10.2014;0;0;0,6766900902;545.653,38;0;EUR
Muster offensiv cVV;27.10.2014;-0,0050318311;-6.547,44;0,6685980407;539.105,94;-0,004870634;EUR
Muster offensiv cVV;28.10.2014;0,0083505649;10.811,11;0,6820342140;549.917,06;0,009902178;EUR
Muster offensiv cVV;29.10.2014;0,0061390284;8.014,30;0,6920025773;557.931,36;0,000540037;EUR
Muster offensiv cVV;30.10.2014;0,0017575056;2.308,45;0,6948944649;560.239,81;0,006443251;EUR
Muster offensiv cVV;31.10.2014;0,0131026158;17.240,30;0,7163080575;577.480,11;0,015909051;EUR
Muster offensiv cVV;01.11.2014;0;0;0,7163080575;577.480,11;0;EUR
Muster offensiv cVV;02.11.2014;0;0;0,7163080575;577.480,11;0;EUR
Muster offensiv cVV;03.11.2014;-0,0031516993;-4.201,31;0,7111260474;573.278,79;-0,003746920;EUR
Muster offensiv cVV;04.11.2014;-0,0065185795;-8.662,08;0,7004099663;564.616,71;-0,005856045;EUR
Muster offensiv cVV;05.11.2014;0,0070364210;9.289,25;0,7119626020;573.905,97;0,010477890;EUR
Muster offensiv cVV;06.11.2014;0,0038481191;5.115,91;0,7183386664;579.021,87;0,004424795;EUR
Muster offensiv cVV;07.11.2014;-0,0017080508;-2.279,52;0,7155400228;576.742,36;-0,002668345;EUR
Muster offensiv cVV;08.11.2014;0;0;0,7155400228;576.742,36;0;EUR
Muster offensiv cVV;09.11.2014;0;0;0,7155400228;576.742,36;0;EUR
Muster offensiv cVV;10.11.2014;0,0042133442;5.613,41;0,7225339344;582.355,76;0,003244746;EUR
Muster offensiv cVV;11.11.2014;0,0014102632;1.886,80;0,7249045547;584.242,56;0,001711634;EUR
Muster offensiv cVV;12.11.2014;-0,0061716411;-8.268,72;0,7146742538;575.973,84;-0,008017565;EUR
Muster offensiv cVV;13.11.2014;0,0024351236;3.242,43;0,7187268136;579.216,27;0,001964928;EUR
Muster offensiv cVV;14.11.2014;0,0016629630;2.219,67;0,7215105129;581.435,94;0,000248284;EUR
Muster offensiv cVV;15.11.2014;0;0;0,7215105129;581.435,94;0;EUR
Muster offensiv cVV;16.11.2014;0;0;0,7215105129;581.435,94;0;EUR
Muster offensiv cVV;17.11.2014;0,0017802707;2.380,20;0,7244936121;583.816,13;0,002291235;EUR
Muster offensiv cVV;18.11.2014;0,0041298780;5.531,42;0,7313876226;589.347,56;0,006636535;EUR
Muster offensiv cVV;19.11.2014;-0,0019382118;-2.606,70;0,7281822387;586.740,86;-0,000809357;EUR
Muster offensiv cVV;20.11.2014;0,0010965673;1.471,91;0,7300385728;588.212,77;0,000899917;EUR
Muster offensiv cVV;21.11.2014;0,0225819281;30.344,77;0,7677309468;618.557,54;0,016521356;EUR
Muster offensiv cVV;22.11.2014;0;0;0,7677309468;618.557,54;0;EUR
Muster offensiv cVV;23.11.2014;0;0;0,7677309468;618.557,54;0;EUR
Muster offensiv cVV;24.11.2014;-0,0008518854;-1.170,58;0,7663090527;617.386,96;0,001992405;EUR
Muster offensiv cVV;25.11.2014;0,0014162966;1.944,49;0,7687536259;619.331,44;0,002207797;EUR
Muster offensiv cVV;26.11.2014;0,0012582276;1.729,91;0,7709320047;621.061,36;0,002047761;EUR
Muster offensiv cVV;27.11.2014;0,0029193301;4.018,78;0,7759518391;625.080,14;0,002971056;EUR
Muster offensiv cVV;28.11.2014;-0,0031507590;-4.350,03;0,7705828703;620.730,11;-0,000477308;EUR
Muster offensiv cVV;29.11.2014;0;0;0,7705828703;620.730,11;0;EUR
Muster offensiv cVV;30.11.2014;0;0;0,7705828703;620.730,11;0;EUR
Muster offensiv cVV;01.12.2014;0,0007271024;1.000,70;0,7718561680;621.730,80;-0,003254888;EUR
Muster offensiv cVV;02.12.2014;0,0013181594;1.815,48;0,7741410874;623.546,28;0,002294207;EUR
Muster offensiv cVV;03.12.2014;0,0020669167;2.850,48;0,7777111702;626.396,76;0,004855335;EUR
Muster offensiv cVV;04.12.2014;-0,0090705249;-12.534,99;0,7621787058;613.861,77;-0,008742627;EUR
Muster offensiv cVV;05.12.2014;0,0141970981;19.441,68;0,7863491912;633.303,45;0,013550505;EUR
Muster offensiv cVV;06.12.2014;0;0;0,7863491912;633.303,45;0;EUR
Muster offensiv cVV;07.12.2014;0;0;0,7863491912;633.303,45;0;EUR
Muster offensiv cVV;08.12.2014;-0,0049279911;-6.844,26;0,7778819952;626.459,19;-0,004665654;EUR
Muster offensiv cVV;09.12.2014;-0,0145896414;-20.163,03;0,7528753494;606.296,16;-0,013215824;EUR
Muster offensiv cVV;10.12.2014;-0,0128463528;-17.494,76;0,7311801503;588.801,40;-0,004714719;EUR
Muster offensiv cVV;11.12.2014;0,0007157147;962,17;0,7324041267;589.763,57;0,003591171;EUR
Muster offensiv cVV;12.12.2014;-0,0202515709;-27.244,72;0,6985977382;562.518,85;-0,017702503;EUR
Muster offensiv cVV;13.12.2014;0;0;0,6985977382;562.518,85;0;EUR
Muster offensiv cVV;14.12.2014;0;0;0,6985977382;562.518,85;0;EUR
Muster offensiv cVV;15.12.2014;-0,0199201716;-26.256,17;0,6660163747;536.262,68;-0,013654860;EUR
Muster offensiv cVV;16.12.2014;0,0098728663;12.753,90;0,6818832257;549.016,58;0,006845759;EUR
Muster offensiv cVV;17.12.2014;0,0057391083;7.487,05;0,6912095715;556.503,63;0,006678270;EUR
Muster offensiv cVV;18.12.2014;0,0247579493;32.483,77;0,7315852125;588.987,40;0,021829071;EUR
Muster offensiv cVV;19.12.2014;0,0026538513;3.568,20;0,7360463689;592.555,61;0,002134791;EUR
Muster offensiv cVV;20.12.2014;0;0;0,7360463689;592.555,61;0;EUR
Muster offensiv cVV;21.12.2014;0;0;0,7360463689;592.555,61;0;EUR
Muster offensiv cVV;22.12.2014;0,0040018922;5.394,98;0,7427770647;597.950,58;0,004695404;EUR
Muster offensiv cVV;23.12.2014;0,0054123859;7.325,67;0,7519066664;605.276,25;0,004766976;EUR
Muster offensiv cVV;24.12.2014;0,0001226709;166,93;0,7521436324;605.443,19;0,000073074;EUR
Muster offensiv cVV;25.12.2014;-0,0004958855;-674,90;0,7513347292;604.768,29;-0,000095373;EUR
Muster offensiv cVV;26.12.2014;0,0006384940;868,56;0,7524433101;605.636,85;0,001412066;EUR
Muster offensiv cVV;27.12.2014;0;0;0,7524433101;605.636,85;0;EUR
Muster offensiv cVV;28.12.2014;0;0;0,7524433101;605.636,85;0;EUR
Muster offensiv cVV;29.12.2014;0,0033421718;4.549,32;0,7581251047;610.186,17;0,000923033;EUR
Muster offensiv cVV;30.12.2014;-0,0065189683;-8.903,19;0,7470925885;601.282,97;-0,006360219;EUR
Muster offensiv cVV;31.12.2014;0,0012999504;1.763,82;0,7493134239;603.046,79;-0,000500190;EUR
Muster offensiv cVV;01.01.2015;-0,0000175099;-23,79;0,7493131269;603.023,00;0,000001803;EUR
Muster offensiv cVV;02.01.2015;-0,0011355600;-1.542,74;0,7474252763;601.480,26;-0,000283096;EUR
Muster offensiv cVV;03.01.2015;0;0;0,7474252763;601.480,26;0;EUR
Muster offensiv cVV;04.01.2015;0;0;0,7474252763;601.480,26;0;EUR
Muster offensiv cVV;05.01.2015;-0,0137123434;-18.608,07;0,7243303004;582.872,19;-0,015734877;EUR
Muster offensiv cVV;06.01.2015;-0,0018090839;-2.421,32;0,7213494133;580.450,87;-0,003350972;EUR
Muster offensiv cVV;07.01.2015;0,0068653098;9.172,06;0,7327763769;589.622,93;0,007461665;EUR
Muster offensiv cVV;08.01.2015;0,0235090659;31.623,77;0,7721079912;621.246,70;0,020106386;EUR
Muster offensiv cVV;09.01.2015;-0,0085893671;-11.825,82;0,7574397967;609.420,89;-0,010666580;EUR
Muster offensiv cVV;10.01.2015;0;0;0,7574397967;609.420,89;0;EUR
Muster offensiv cVV;11.01.2015;0;0;0,7574397967;609.420,89;0;EUR
Muster offensiv cVV;12.01.2015;0,0065510764;8.942,03;0,7685834661;618.362,92;0,004106529;EUR
Muster offensiv cVV;13.01.2015;0,0085037417;11.683,41;0,7831354340;630.046,32;0,007614484;EUR
Muster offensiv cVV;14.01.2015;-0,0097075397;-13.450,74;0,7664460279;616.595,59;-0,007543140;EUR
Muster offensiv cVV;15.01.2015;0,0341419576;46.847,75;0,8247109444;663.443,34;0,014233974;EUR
Muster offensiv cVV;16.01.2015;0,0018230937;2.586,96;0,8279586299;666.030,30;0,010875965;EUR
Muster offensiv cVV;17.01.2015;0;0;0,8279586299;666.030,30;0;EUR
Muster offensiv cVV;18.01.2015;0;0;0,8279586299;666.030,30;0;EUR
Muster offensiv cVV;19.01.2015;0,0044799026;6.368,54;0,8359076871;672.398,84;0,000072985;EUR
Muster offensiv cVV;20.01.2015;0,0051634319;7.373,12;0,8451062237;679.771,96;0,003104536;EUR
Muster offensiv cVV;21.01.2015;0,0012233971;1.755,97;0,8473218034;681.527,93;0,002700253;EUR
Muster offensiv cVV;22.01.2015;0,0154761855;22.240,49;0,8750062391;703.768,43;0,014569293;EUR
Muster offensiv cVV;23.01.2015;0,0167375286;24.425,39;0,9054093782;728.193,82;0,013158801;EUR
Muster offensiv cVV;24.01.2015;0;0;0,9054093782;728.193,82;0;EUR
Muster offensiv cVV;25.01.2015;0;0;0,9054093782;728.193,82;0;EUR
Muster offensiv cVV;26.01.2015;0,0059615294;8.845,39;0,9164424521;737.039,20;0,005735921;EUR
Muster offensiv cVV;27.01.2015;-0,0075754550;-11.307,05;0,9024176178;725.732,16;-0,012101271;EUR
Muster offensiv cVV;28.01.2015;0,0031575794;4.677,27;0,9082682544;730.409,43;0,001526954;EUR
Muster offensiv cVV;29.01.2015;-0,0094870238;-14.097,34;0,8907720759;716.312,09;0,002129877;EUR
Muster offensiv cVV;30.01.2015;-0,0018958437;-2.790,42;0,8873358071;713.521,67;-0,003195083;EUR
Muster offensiv cVV;31.01.2015;0;0;0,8873358071;713.521,67;0;EUR
Muster offensiv cVV;01.02.2015;0;0;0,8873358071;713.521,67;0;EUR
Muster offensiv cVV;02.02.2015;0,0009428450;1.385,11;0,8890921212;714.906,77;0,006555719;EUR
Muster offensiv cVV;03.02.2015;0,0000047732;7,02;0,8891346044;714.913,79;0,003240615;EUR
Muster offensiv cVV;04.02.2015;0,0101075114;14.862,74;0,9076537268;729.776,53;0,001540461;EUR
Muster offensiv cVV;05.02.2015;-0,0006624577;-983,97;0,9064642549;728.792,56;0,002351914;EUR
Muster offensiv cVV;06.02.2015;0,0008503136;1.262,16;0,9080684595;730.054,72;-0,000607936;EUR
Muster offensiv cVV;07.02.2015;0;0;0,9080684595;730.054,72;0;EUR
Muster offensiv cVV;08.02.2015;0;0;0,9080684595;730.054,72;0;EUR
Muster offensiv cVV;09.02.2015;-0,0067939489;-10.093,13;0,8955480966;719.961,59;-0,007165961;EUR
Muster offensiv cVV;10.02.2015;0,0040441325;5.967,17;0,9030046274;725.928,76;0,006010273;EUR
Muster offensiv cVV;11.02.2015;-0,0025196866;-3.732,86;0,8983950636;722.195,90;-0,000167876;EUR
Muster offensiv cVV;12.02.2015;0,0044724328;6.609,12;0,9066507859;728.805,02;0,008192893;EUR
Muster offensiv cVV;13.02.2015;0,0025932143;3.849,25;0,9114736142;732.654,27;0,002873489;EUR
Muster offensiv cVV;14.02.2015;0;0;0,9114736142;732.654,27;0;EUR
Muster offensiv cVV;15.02.2015;0;0;0,9114736142;732.654,27;0;EUR
Muster offensiv cVV;16.02.2015;0,0022598246;3.363,08;0,9156919092;736.017,35;-0,001233195;EUR
Muster offensiv cVV;17.02.2015;-0,0026430491;-3.942,29;0,9108214010;732.075,06;-0,000457100;EUR
Muster offensiv cVV;18.02.2015;0,0048762186;7.253,99;0,9198810085;739.329,05;0,004535474;EUR
Muster offensiv cVV;19.02.2015;0,0044741273;6.688,28;0,9282373674;746.017,33;0,000992449;EUR
Muster offensiv cVV;20.02.2015;0,0029362878;4.409,04;0,9337582338;750.426,37;0,004060978;EUR
Muster offensiv cVV;21.02.2015;0;0;0,9337582338;750.426,37;0;EUR
Muster offensiv cVV;22.02.2015;0;0;0,9337582338;750.426,37;0;EUR
Muster offensiv cVV;23.02.2015;0,0038322724;5.771,31;0,9409746201;756.197,68;0,003725315;EUR
Muster offensiv cVV;24.02.2015;0,0024953089;3.772,28;0,9457039091;759.969,96;0,004107955;EUR
Muster offensiv cVV;25.02.2015;0,0019061053;2.888,74;0,9493339950;762.858,70;0,000194534;EUR
Muster offensiv cVV;26.02.2015;0,0113940432;17.162,59;0,9707370754;780.021,29;0,008289037;EUR
Muster offensiv cVV;27.02.2015;0,0084770193;12.914,23;0,9868547598;792.935,52;0,001996612;EUR
Muster offensiv cVV;28.02.2015;0;0;0,9868547598;792.935,52;0;EUR
Muster offensiv cVV;01.03.2015;0;0;0,9868547598;792.935,52;0;EUR
Muster offensiv cVV;02.03.2015;-0,0020072778;-3.083,89;0,9830623619;789.851,63;0,001586208;EUR
Muster offensiv cVV;03.03.2015;-0,0095126605;-14.585,48;0,9649538213;775.266,15;-0,005561160;EUR
Muster offensiv cVV;04.03.2015;0,0078349641;11.898,84;0,9798094270;787.164,99;0,005852876;EUR
Muster offensiv cVV;05.03.2015;0,0108036092;16.535,83;1,0004384259;803.700,82;0,005891557;EUR
Muster offensiv cVV;06.03.2015;0,0035901082;5.554,33;1,0073989854;809.255,15;0,002506723;EUR
Muster offensiv cVV;07.03.2015;0;0;1,0073989854;809.255,15;0;EUR
Muster offensiv cVV;08.03.2015;0;0;1,0073989854;809.255,15;0;EUR
Muster offensiv cVV;09.03.2015;-0,0019033277;-2.955,25;1,0037665224;806.299,90;0,001980456;EUR
Muster offensiv cVV;10.03.2015;-0,0040191844;-6.228,60;0,9960584601;800.071,30;-0,003788674;EUR
Muster offensiv cVV;11.03.2015;0,0149829966;23.126,11;1,0248968172;823.197,40;0,014367225;EUR
Muster offensiv cVV;12.03.2015;0,0017731594;2.777,86;1,0284026436;825.975,26;0,002024392;EUR
Muster offensiv cVV;13.03.2015;0,0079192483;12.428,42;1,0439249758;838.403,68;0,004562533;EUR
Muster offensiv cVV;14.03.2015;0;0;1,0439249758;838.403,68;0;EUR
Muster offensiv cVV;15.03.2015;0;0;1,0439249758;838.403,68;0;EUR
Muster offensiv cVV;16.03.2015;0,0052193322;8.256,06;1,0542532840;846.659,74;0,010515695;EUR
Muster offensiv cVV;17.03.2015;-0,0100417714;-15.967,20;1,0344185048;830.692,54;-0,007642142;EUR
Muster offensiv cVV;18.03.2015;0,0000749954;118,05;1,0346129039;830.810,59;0,001065542;EUR
Muster offensiv cVV;19.03.2015;0,0048961770;7.707,71;1,0442591323;838.518,29;-0,000632139;EUR
Muster offensiv cVV;20.03.2015;0,0042841839;6.777,31;1,0527474507;845.295,60;0,003467232;EUR
Muster offensiv cVV;21.03.2015;0;0;1,0527474507;845.295,60;0;EUR
Muster offensiv cVV;22.03.2015;0;0;1,0527474507;845.295,60;0;EUR
Muster offensiv cVV;23.03.2015;-0,0075730454;-12.031,41;1,0378106797;833.264,20;-0,008540396;EUR
Muster offensiv cVV;24.03.2015;0,0028566274;4.504,00;1,0434678744;837.768,19;0,002809750;EUR
Muster offensiv cVV;25.03.2015;-0,0068886524;-10.892,25;1,0299481256;826.875,94;-0,010379335;EUR
Muster offensiv cVV;26.03.2015;-0,0014997411;-2.355,04;1,0270614344;824.520,91;-0,000625890;EUR
Muster offensiv cVV;27.03.2015;-0,0001563094;-245,08;1,0268027965;824.275,83;0,002120147;EUR
Muster offensiv cVV;28.03.2015;0;0;1,0268027965;824.275,83;0;EUR
Muster offensiv cVV;29.03.2015;0;0;1,0268027965;824.275,83;0;EUR
Muster offensiv cVV;30.03.2015;0,0053427229;8.375,76;1,0372835721;832.651,58;0,011704928;EUR
Muster offensiv cVV;31.03.2015;-0,0025711185;-4.052,26;1,0322822143;828.599,32;-0,003976442;EUR
Muster offensiv cVV;01.04.2015;0,0025526264;4.012,77;1,0373283538;832.612,09;-0,000067008;EUR
Muster offensiv cVV;02.04.2015;-0,0032929440;-5.189,78;1,0309091643;827.422,31;-0,002939080;EUR
Muster offensiv cVV;03.04.2015;-0,0008762498;-1.376,45;1,0292406918;826.045,86;0,000195865;EUR
Muster offensiv cVV;04.04.2015;0;0;1,0292406918;826.045,86;0;EUR
Muster offensiv cVV;05.04.2015;0;0;1,0292406918;826.045,86;0;EUR
Muster offensiv cVV;06.04.2015;-0,0001616906;-253,77;1,0289709190;825.792,10;-0,002122707;EUR
Muster offensiv cVV;07.04.2015;0,0135738568;21.300,24;1,0555594592;847.092,34;0,011040157;EUR
Muster offensiv cVV;08.04.2015;0,0003014191;479,41;1,0562043856;847.571,75;0,000519327;EUR
Muster offensiv cVV;09.04.2015;0,0090858013;14.455,42;1,0742663503;862.027,17;0,009259676;EUR
Muster offensiv cVV;10.04.2015;0,0094540698;15.178,00;1,0932303983;877.205,17;0,009887746;EUR
Muster offensiv cVV;11.04.2015;0;0;1,0932303983;877.205,17;0;EUR
Muster offensiv cVV;12.04.2015;0;0;1,0932303983;877.205,17;0;EUR
Muster offensiv cVV;13.04.2015;0,0008286911;1.343,00;1,0949532330;878.548,17;-0,000680759;EUR
Muster offensiv cVV;14.04.2015;-0,0044654921;-7.242,88;1,0859749222;871.305,29;-0,005924828;EUR
Muster offensiv cVV;15.04.2015;0,0030873596;4.985,23;1,0922372708;876.290,52;0,004102141;EUR
Muster offensiv cVV;16.04.2015;-0,0060067693;-9.729,22;1,0801587224;866.561,30;-0,009731823;EUR
Muster offensiv cVV;17.04.2015;-0,0154669682;-24.901,51;1,0491661066;841.659,79;-0,015921720;EUR
Muster offensiv cVV;18.04.2015;0;0;1,0491661066;841.659,79;0;EUR
Muster offensiv cVV;19.04.2015;0;0;1,0491661066;841.659,79;0;EUR
Muster offensiv cVV;20.04.2015;0,0078355524;12.419,97;1,0646956107;854.079,76;0,009434050;EUR
Muster offensiv cVV;21.04.2015;0,0026794939;4.280,49;1,0700793176;858.360,24;0,002499100;EUR
Muster offensiv cVV;22.04.2015;-0,0022989620;-3.682,43;1,0655359926;854.677,81;-0,001062467;EUR
Muster offensiv cVV;23.04.2015;-0,0060426971;-9.656,81;1,0535435460;845.021,00;-0,005921918;EUR
Muster offensiv cVV;24.04.2015;0,0016146157;2.564,72;1,0567880472;847.585,72;0,002213014;EUR
Muster offensiv cVV;25.04.2015;0;0;1,0567880472;847.585,72;0;EUR
Muster offensiv cVV;26.04.2015;0;0;1,0567880472;847.585,72;0;EUR
Muster offensiv cVV;27.04.2015;0,0086261957;13.724,32;1,0739474194;861.310,04;0,007049142;EUR
Muster offensiv cVV;28.04.2015;-0,0113499482;-18.213,59;1,0512838627;843.096,45;-0,009892300;EUR
Muster offensiv cVV;29.04.2015;-0,0190642598;-30.245,74;1,0136143099;812.850,71;-0,020121760;EUR
Muster offensiv cVV;30.04.2015;-0,0066320065;-10.321,19;1,0007881243;802.529,52;-0,005226607;EUR
Muster offensiv cVV;01.05.2015;-0,0001962283;-303,36;1,0004539602;802.226,16;0,001329827;EUR
Muster offensiv cVV;02.05.2015;0;0;1,0004539602;802.226,16;0;EUR
Muster offensiv cVV;03.05.2015;0;0;1,0004539602;802.226,16;0;EUR
Muster offensiv cVV;04.05.2015;0,0118582480;18.328,64;1,0233566502;820.554,80;0,007948048;EUR
Muster offensiv cVV;05.05.2015;-0,0112579827;-17.607,19;1,0014418878;802.947,62;-0,014132055;EUR
Muster offensiv cVV;06.05.2015;-0,0075767315;-11.716,40;0,9868724946;791.231,21;-0,005179742;EUR
Muster offensiv cVV;07.05.2015;0,0008917679;1.368,55;0,9886228491;792.599,77;0,004288257;EUR
Muster offensiv cVV;08.05.2015;0,0208972564;32.098,57;1,0287050513;824.698,34;0,017382370;EUR
Muster offensiv cVV;09.05.2015;0;0;1,0287050513;824.698,34;0;EUR
Muster offensiv cVV;10.05.2015;0;0;1,0287050513;824.698,34;0;EUR
Muster offensiv cVV;11.05.2015;0,0031084473;4.874,41;1,0348305856;829.572,75;-0,000165061;EUR
Muster offensiv cVV;12.05.2015;-0,0094952097;-14.935,88;1,0162436461;814.636,86;-0,010881970;EUR
Muster offensiv cVV;13.05.2015;-0,0052119762;-8.120,55;1,0061573971;806.516,32;-0,006403855;EUR
Muster offensiv cVV;14.05.2015;0,0039035360;6.050,23;1,0137495258;812.566,54;0,008815774;EUR
Muster offensiv cVV;15.05.2015;-0,0037711375;-5.867,83;1,0064727663;806.698,71;-0,004434780;EUR
Muster offensiv cVV;16.05.2015;0;0;1,0064727663;806.698,71;0;EUR
Muster offensiv cVV;17.05.2015;0;0;1,0064727663;806.698,71;0;EUR
Muster offensiv cVV;18.05.2015;0,0077362223;11.992,05;1,0214790709;818.690,76;0,007888932;EUR
Muster offensiv cVV;19.05.2015;0,0127132911;19.859,55;1,0463033215;838.550,31;0,015554004;EUR
Muster offensiv cVV;20.05.2015;0,0061825801;9.780,65;1,0585531535;848.330,96;0,000777818;EUR
Muster offensiv cVV;21.05.2015;0,0000624761;99,45;1,0587231977;848.430,41;0,001334688;EUR
Muster offensiv cVV;22.05.2015;0,0003876010;617,00;1,0595390675;849.047,41;0,000410936;EUR
Muster offensiv cVV;23.05.2015;0;0;1,0595390675;849.047,41;0;EUR
Muster offensiv cVV;24.05.2015;0;0;1,0595390675;849.047,41;0;EUR
Muster offensiv cVV;25.05.2015;0,0007361136;1.172,24;1,0610478674;850.219,65;0,000069395;EUR
Muster offensiv cVV;26.05.2015;-0,0068701292;-10.948,50;1,0474297824;839.271,15;-0,005998911;EUR
Muster offensiv cVV;27.05.2015;0,0072884547;11.535,36;1,0618720611;850.806,51;0,008132559;EUR
Muster offensiv cVV;28.05.2015;-0,0043981989;-7.011,72;1,0531663449;843.794,79;-0,004893491;EUR
Muster offensiv cVV;29.05.2015;-0,0104806649;-16.635,05;1,0324481261;827.159,74;-0,012277623;EUR
Muster offensiv cVV;30.05.2015;0;0;1,0324481261;827.159,74;0;EUR
Muster offensiv cVV;31.05.2015;0;0;1,0324481261;827.159,74;0;EUR
Muster offensiv cVV;01.06.2015;0,0012831478;2.015,28;1,0350081367;829.175,02;0,002753600;EUR
Muster offensiv cVV;02.06.2015;-0,0101731384;-15.998,21;1,0150822066;813.176,81;-0,011418002;EUR
Muster offensiv cVV;03.06.2015;-0,0040745934;-6.342,49;1,0072081883;806.834,31;-0,000947835;EUR
Muster offensiv cVV;04.06.2015;-0,0044394645;-6.882,29;0,9986595569;799.952,02;-0,006020648;EUR
Muster offensiv cVV;05.06.2015;-0,0068674687;-10.599,05;0,9854699455;789.352,97;-0,002213222;EUR
Muster offensiv cVV;06.06.2015;0;0;0,9854699455;789.352,97;0;EUR
Muster offensiv cVV;07.06.2015;0;0;0,9854699455;789.352,97;0;EUR
Muster offensiv cVV;08.06.2015;-0,0092793781;-14.223,17;0,9677544200;775.129,80;-0,009564000;EUR
Muster offensiv cVV;09.06.2015;-0,0078853909;-11.974,35;0,9528451143;763.155,45;-0,004173877;EUR
Muster offensiv cVV;10.06.2015;0,0088527734;13.337,36;0,9695390138;776.492,81;0,012350708;EUR
Muster offensiv cVV;11.06.2015;0,0046060788;7.000,83;0,9783220814;783.493,65;0,005721626;EUR
Muster offensiv cVV;12.06.2015;-0,0067820134;-10.355,54;0,9654326080;773.138,11;-0,007267871;EUR
Muster offensiv cVV;13.06.2015;0;0;0,9654326080;773.138,11;0;EUR
Muster offensiv cVV;14.06.2015;0;0;0,9654326080;773.138,11;0;EUR
Muster offensiv cVV;15.06.2015;-0,0092984275;-14.101,59;0,9478640186;759.036,51;-0,009398920;EUR
Muster offensiv cVV;16.06.2015;0,0022731976;3.415,38;0,9521695308;762.451,89;0,004051974;EUR
Muster offensiv cVV;17.06.2015;-0,0044405097;-6.686,83;0,9438589246;755.765,06;-0,002531335;EUR
Muster offensiv cVV;18.06.2015;0,0069537646;10.424,97;0,9569190406;766.190,03;0,002354099;EUR
Muster offensiv cVV;19.06.2015;-0,0014743152;-2.225,64;0,9541797980;763.964,39;-0,000520389;EUR
Muster offensiv cVV;20.06.2015;0;0;0,9541797980;763.964,39;0;EUR
Muster offensiv cVV;21.06.2015;0;0;0,9541797980;763.964,39;0;EUR
Muster offensiv cVV;22.06.2015;0,0142336465;21.455,56;0,9810189796;785.419,95;0,015939893;EUR
Muster offensiv cVV;23.06.2015;0,0084102996;12.857,99;0,9971212448;798.277,94;0,010113023;EUR
Muster offensiv cVV;24.06.2015;-0,0020746574;-3.198,49;0,9931679758;795.079,45;-0,004337044;EUR
Muster offensiv cVV;25.06.2015;-0,0016738684;-2.575,24;0,9899928832;792.504,20;-0,001128955;EUR
Muster offensiv cVV;26.06.2015;-0,0008522093;-1.308,93;0,9883994166;791.195,27;0,001002312;EUR
Muster offensiv cVV;27.06.2015;0;0;0,9883994166;791.195,27;0;EUR
Muster offensiv cVV;28.06.2015;0;0;0,9883994166;791.195,27;0;EUR
Muster offensiv cVV;29.06.2015;-0,0173348775;-26.602,35;0,9552066754;764.592,93;-0,021272984;EUR
Muster offensiv cVV;30.06.2015;-0,0049042963;-7.395,74;0,9460069390;757.197,19;-0,004653997;EUR
Muster offensiv cVV;01.07.2015;0,0084784403;12.722,88;0,9619427039;769.920,08;0,012015998;EUR
Muster offensiv cVV;02.07.2015;-0,0014083339;-2.131,29;0,9593200938;767.788,79;-0,002821599;EUR
Muster offensiv cVV;03.07.2015;-0,0027089713;-4.093,82;0,9542450124;763.694,97;-0,001470438;EUR
Muster offensiv cVV;04.07.2015;0;0;0,9542450124;763.694,97;0;EUR
Muster offensiv cVV;05.07.2015;0;0;0,9542450124;763.694,97;0;EUR
Muster offensiv cVV;06.07.2015;-0,0069600325;-10.489,56;0,9411775761;753.205,41;-0,007981449;EUR
Muster offensiv cVV;07.07.2015;-0,0064561285;-9.662,40;0,9291426355;743.543,01;-0,003020632;EUR
Muster offensiv cVV;08.07.2015;-0,0035401937;-5.264,13;0,9226030119;738.278,88;-0,006195363;EUR
Muster offensiv cVV;09.07.2015;0,0130858875;19.389,33;0,9468727071;757.668,21;0,011549499;EUR
Muster offensiv cVV;10.07.2015;0,0117593237;17.651,77;0,9689728248;775.319,98;0,011181677;EUR
Muster offensiv cVV;11.07.2015;0;0;0,9689728248;775.319,98;0;EUR
Muster offensiv cVV;12.07.2015;0;0;0,9689728248;775.319,98;0;EUR
Muster offensiv cVV;13.07.2015;0,0120121092;18.243,26;0,9918139908;793.563,23;0,015029599;EUR
Muster offensiv cVV;14.07.2015;0,0042106584;6.471,71;0,9999440376;800.034,94;0,003875619;EUR
Muster offensiv cVV;15.07.2015;0,0036855784;5.688,52;1,0070957848;805.723,46;0,002375169;EUR
Muster offensiv cVV;16.07.2015;0,0108625014;16.827,56;1,0281716443;822.551,02;0,010446000;EUR
Muster offensiv cVV;17.07.2015;-0,0020072352;-3.143,27;1,0242850466;819.407,75;0,000477338;EUR
Muster offensiv cVV;18.07.2015;0;0;1,0242850466;819.407,75;0;EUR
Muster offensiv cVV;19.07.2015;0;0;1,0242850466;819.407,75;0;EUR
Muster offensiv cVV;20.07.2015;0,0010347260;1.617,10;1,0263489296;821.024,84;0,002144522;EUR
Muster offensiv cVV;21.07.2015;-0,0081111101;-12.689,37;1,0105279227;808.335,47;-0,007501664;EUR
Muster offensiv cVV;22.07.2015;-0,0032800625;-5.089,85;1,0042063772;803.245,62;-0,003423643;EUR
Muster offensiv cVV;23.07.2015;-0,0034502289;-5.336,35;0,9975760840;797.909,27;-0,004007264;EUR
Muster offensiv cVV;24.07.2015;-0,0067823602;-10.453,84;0,9845468479;787.455,43;-0,008321454;EUR
Muster offensiv cVV;25.07.2015;0;0;0,9845468479;787.455,43;0;EUR
Muster offensiv cVV;26.07.2015;0;0;0,9845468479;787.455,43;0;EUR
Muster offensiv cVV;27.07.2015;-0,0138363727;-21.181,75;0,9581029602;766.273,69;-0,016763401;EUR
Muster offensiv cVV;28.07.2015;0,0057166375;8.630,36;0,9689336694;774.904,05;0,009166742;EUR
Muster offensiv cVV;29.07.2015;0,0066316680;10.069,01;0,9815641695;784.973,06;0,004410376;EUR
Muster offensiv cVV;30.07.2015;0,0044115791;6.742,62;0,9900360256;791.715,68;0,005311293;EUR
Muster offensiv cVV;31.07.2015;0,0041104832;6.310,14;0,9979676964;798.025,83;-0,001264784;EUR
Muster offensiv cVV;01.08.2015;0;0;0,9979676964;798.025,83;0;EUR
Muster offensiv cVV;02.08.2015;0;0;0,9979676964;798.025,83;0;EUR
Muster offensiv cVV;03.08.2015;0,0053310420;8.217,51;1,0082853090;806.243,33;0,006286288;EUR
Muster offensiv cVV;04.08.2015;0,0035696747;5.531,79;1,0152448322;811.775,12;0,000394266;EUR
Muster offensiv cVV;05.08.2015;0,0056987041;8.862,59;1,0263707037;820.637,71;0,009571807;EUR
Muster offensiv cVV;06.08.2015;-0,0045520064;-7.119,59;1,0175077185;813.518,12;-0,005152580;EUR
Muster offensiv cVV;07.08.2015;-0,0059235045;-9.222,52;1,0060136192;804.295,59;-0,004629236;EUR
Muster offensiv cVV;08.08.2015;0;0;1,0060136192;804.295,59;0;EUR
Muster offensiv cVV;09.08.2015;0;0;1,0060136192;804.295,59;0;EUR
Muster offensiv cVV;10.08.2015;0,0044492655;6.886,19;1,0146681500;811.181,79;0,006284795;EUR
Muster offensiv cVV;11.08.2015;-0,0146412000;-22.761,22;0,9862373166;788.420,57;-0,015370691;EUR
Muster offensiv cVV;12.08.2015;-0,0160015300;-24.511,77;0,9556142645;763.908,80;-0,018423085;EUR
Muster offensiv cVV;13.08.2015;0,0054906494;8.276,21;0,9660065781;772.185,00;0,004968078;EUR
Muster offensiv cVV;14.08.2015;0,0009471535;1.422,87;0,9678351387;773.607,87;-0,000188403;EUR
Muster offensiv cVV;15.08.2015;0;0;0,9678351387;773.607,87;0;EUR
Muster offensiv cVV;16.08.2015;0;0;0,9678351387;773.607,87;0;EUR
Muster offensiv cVV;17.08.2015;0,0000133673;20,10;0,9679087820;773.627,97;0,001011278;EUR
Muster offensiv cVV;18.08.2015;0,0000598183;89,95;0,9680697706;773.717,92;-0,000596569;EUR
Muster offensiv cVV;19.08.2015;-0,0122964545;-18.491,29;0,9449808617;755.226,63;-0,012609218;EUR
Muster offensiv cVV;20.08.2015;-0,0149263120;-22.170,03;0,9172863114;733.056,60;-0,019436639;EUR
Muster offensiv cVV;21.08.2015;-0,0264367150;-38.680,32;0,8689283097;694.376,28;-0,025024033;EUR
Muster offensiv cVV;22.08.2015;0;0;0,8689283097;694.376,28;0;EUR
Muster offensiv cVV;23.08.2015;0;0;0,8689283097;694.376,28;0;EUR
Muster offensiv cVV;24.08.2015;-0,0346144585;-49.306,51;0,8072673713;645.069,77;-0,039903070;EUR
Muster offensiv cVV;25.08.2015;0,0193750659;26.643,47;0,8406519645;671.713,24;0,021683385;EUR
Muster offensiv cVV;26.08.2015;-0,0059124135;-8.287,94;0,8303208611;663.425,30;0,003449523;EUR
Muster offensiv cVV;27.08.2015;0,0254610464;35.479,90;0,8747697638;698.905,21;0,026123826;EUR
Muster offensiv cVV;28.08.2015;0,0067486813;9.643,71;0,8868841087;708.548,92;0,000862077;EUR
Muster offensiv cVV;29.08.2015;0;0;0,8868841087;708.548,92;0;EUR
Muster offensiv cVV;30.08.2015;0;0;0,8868841087;708.548,92;0;EUR
Muster offensiv cVV;31.08.2015;-0,0005525134;-794,86;0,8859330951;707.754,06;-0,004055884;EUR
Muster offensiv cVV;01.09.2015;-0,0182720560;-26.272,04;0,8530892226;681.482,02;-0,020998634;EUR
Muster offensiv cVV;02.09.2015;0,0024340406;3.435,78;0,8574325791;684.917,80;0,005809248;EUR
Muster offensiv cVV;03.09.2015;0,0173539044;24.555,60;0,8882170320;709.473,40;0,016894047;EUR
Muster offensiv cVV;04.09.2015;-0,0162350135;-23.371,04;0,8590003063;686.102,36;-0,016774571;EUR
Muster offensiv cVV;05.09.2015;0;0;0,8590003063;686.102,36;0;EUR
Muster offensiv cVV;06.09.2015;0;0;0,8590003063;686.102,36;0;EUR
Muster offensiv cVV;07.09.2015;0,0025115504;3.556,79;0,8634959685;689.659,15;0,001987310;EUR
Muster offensiv cVV;08.09.2015;0,0071235015;10.113,46;0,8762017791;699.772,61;0,011737788;EUR
Muster offensiv cVV;09.09.2015;0,0089625470;12.815,05;0,8922916850;712.587,66;0,002037352;EUR
Muster offensiv cVV;10.09.2015;-0,0079044331;-11.403,41;0,8780556376;701.184,25;-0,005739798;EUR
Muster offensiv cVV;11.09.2015;-0,0062210974;-8.903,99;0,8669481900;692.280,27;-0,004707251;EUR
Muster offensiv cVV;12.09.2015;0;0;0,8669481900;692.280,27;0;EUR
Muster offensiv cVV;13.09.2015;0;0;0,8669481900;692.280,27;0;EUR
Muster offensiv cVV;14.09.2015;-0,0007815964;-1.111,71;0,8655984182;691.168,56;-0,001409948;EUR
Muster offensiv cVV;15.09.2015;0,0037938769;5.392,01;0,8723939224;696.560,57;0,005200527;EUR
Muster offensiv cVV;16.09.2015;0,0079400672;11.327,56;0,8866242690;707.888,13;0,005123854;EUR
Muster offensiv cVV;17.09.2015;-0,0012582823;-1.809,36;0,8844012655;706.078,77;-0,001009772;EUR
Muster offensiv cVV;18.09.2015;-0,0053506407;-7.684,33;0,8748189266;698.394,45;-0,017740026;EUR
Muster offensiv cVV;19.09.2015;0;0;0,8748189266;698.394,45;0;EUR
Muster offensiv cVV;20.09.2015;0;0;0,8748189266;698.394,45;0;EUR
Muster offensiv cVV;21.09.2015;0,0057796381;8.256,02;0,8852036865;706.650,47;0,006827361;EUR
Muster offensiv cVV;22.09.2015;-0,0180971114;-26.000,53;0,8526749807;680.649,94;-0,018173405;EUR
Muster offensiv cVV;23.09.2015;-0,0041780936;-5.894,13;0,8453323074;674.755,81;0,000140693;EUR
Muster offensiv cVV;24.09.2015;-0,0123964105;-17.414,82;0,8235550750;657.340,98;-0,014203527;EUR
Muster offensiv cVV;25.09.2015;0,0161948048;22.468,89;0,8517467423;679.809,87;0,015602968;EUR
Muster offensiv cVV;26.09.2015;0;0;0,8517467423;679.809,87;0;EUR
Muster offensiv cVV;27.09.2015;0;0;0,8517467423;679.809,87;0;EUR
Muster offensiv cVV;28.09.2015;-0,0131526096;-18.543,63;0,8285532464;661.266,24;-0,016811244;EUR
Muster offensiv cVV;29.09.2015;-0,0078080216;-10.863,60;0,8149808429;650.402,64;-0,004235960;EUR
Muster offensiv cVV;30.09.2015;0,0197780670;27.303,12;0,8492338447;677.705,76;0,018044624;EUR
Muster offensiv cVV;01.10.2015;-0,0076100383;-10.713,24;0,8358494576;666.992,52;-0,005397176;EUR
Muster offensiv cVV;02.10.2015;0,0052667500;7.357,99;0,8451110036;674.350,51;0,004089601;EUR
Muster offensiv cVV;03.10.2015;0;0;0,8451110036;674.350,51;0;EUR
Muster offensiv cVV;04.10.2015;0;0;0,8451110036;674.350,51;0;EUR
Muster offensiv cVV;05.10.2015;0,0187419317;26.321,59;0,8781401513;700.672,10;0,019312280;EUR
Muster offensiv cVV;06.10.2015;0,0021309607;3.048,86;0,8820037170;703.720,96;0,002335615;EUR
Muster offensiv cVV;07.10.2015;0,0069890789;10.020,89;0,8946063762;713.741,86;0,006486559;EUR
Muster offensiv cVV;08.10.2015;0,0051807342;7.480,02;0,9040253028;721.221,87;0,001867747;EUR
Muster offensiv cVV;09.10.2015;0,0047586497;6.906,20;0,9127257922;728.128,07;0,003580074;EUR
Muster offensiv cVV;10.10.2015;0;0;0,9127257922;728.128,07;0;EUR
Muster offensiv cVV;11.10.2015;0;0;0,9127257922;728.128,07;0;EUR
Muster offensiv cVV;12.10.2015;-0,0003608116;-526,14;0,9121100116;727.601,94;0,000776838;EUR
Muster offensiv cVV;13.10.2015;-0,0131559920;-19.177,15;0,8881123937;708.424,79;-0,006361691;EUR
Muster offensiv cVV;14.10.2015;-0,0051392467;-7.392,79;0,8788865251;701.032,00;-0,007848870;EUR
Muster offensiv cVV;15.10.2015;0,0135173058;19.344,67;0,9031821904;720.376,67;0,012301722;EUR
Muster offensiv cVV;16.10.2015;0,0003446971;499,97;0,9038521885;720.876,64;0,003649665;EUR
Muster offensiv cVV;17.10.2015;0;0;0,9038521885;720.876,64;0;EUR
Muster offensiv cVV;18.10.2015;0;0;0,9038521885;720.876,64;0;EUR
Muster offensiv cVV;19.10.2015;0,0023262136;3.375,22;0,9081274322;724.251,85;0,003589396;EUR
Muster offensiv cVV;20.10.2015;-0,0007364724;-1.071,07;0,9068276441;723.180,78;-0,002664517;EUR
Muster offensiv cVV;21.10.2015;0,0048966386;7.116,05;0,9157943608;730.296,84;0,002378696;EUR
Muster offensiv cVV;22.10.2015;0,0212669324;31.057,57;0,9547860382;761.354,41;0,020355017;EUR
Muster offensiv cVV;23.10.2015;0,0190244913;28.373,63;0,9904153858;789.728,04;0,019204305;EUR
Muster offensiv cVV;24.10.2015;0;0;0,9904153858;789.728,04;0;EUR
Muster offensiv cVV;25.10.2015;0;0;0,9904153858;789.728,04;0;EUR
Muster offensiv cVV;26.10.2015;-0,0024730264;-3.758,51;0,9857485268;785.969,53;-0,000476389;EUR
Muster offensiv cVV;27.10.2015;-0,0049091361;-7.442,46;0,9764606124;778.527,08;-0,005366135;EUR
Muster offensiv cVV;28.10.2015;0,0103426493;15.602,91;0,9960775813;794.129,99;0,008441150;EUR
Muster offensiv cVV;29.10.2015;-0,0033064675;-5.039,72;0,9898030596;789.090,27;0,000165736;EUR
Muster offensiv cVV;30.10.2015;-0,0004111718;-624,64;0,9890662627;788.465,63;-0,001379529;EUR
Muster offensiv cVV;31.10.2015;0;0;0,9890662627;788.465,63;0;EUR
Muster offensiv cVV;01.11.2015;0;0;0,9890662627;788.465,63;0;EUR
Muster offensiv cVV;02.11.2015;0,0021343192;3.241,04;0,9931787566;791.706,67;0,005777562;EUR
Muster offensiv cVV;03.11.2015;0,0020519937;3.122,68;0,9971430941;794.829,36;0,003474728;EUR
Muster offensiv cVV;04.11.2015;0,0036457570;5.559,42;1,0041648776;800.388,78;-0,001194196;EUR
Muster offensiv cVV;05.11.2015;0,0002137848;327,19;1,0046226219;800.715,97;0,000774073;EUR
Muster offensiv cVV;06.11.2015;0,0038496128;5.892,94;1,0120637859;806.608,91;0,005683425;EUR
Muster offensiv cVV;07.11.2015;0;0;1,0120637859;806.608,91;0;EUR
Muster offensiv cVV;08.11.2015;0;0;1,0120637859;806.608,91;0;EUR
Muster offensiv cVV;09.11.2015;-0,0075706484;-11.633,67;0,9975136691;794.975,23;-0,008344128;EUR
Muster offensiv cVV;10.11.2015;0,0013031295;1.987,33;1,0000542109;796.962,57;0,002642923;EUR
Muster offensiv cVV;11.11.2015;0,0071238828;10.878,42;1,0137522765;807.840,99;0,001873664;EUR
Muster offensiv cVV;12.11.2015;-0,0106153265;-16.325,45;0,9933120901;791.515,53;-0,009715053;EUR
Muster offensiv cVV;13.11.2015;-0,0031818368;-4.841,44;0,9872824631;786.674,09;-0,005344137;EUR
Muster offensiv cVV;14.11.2015;0;0;0,9872824631;786.674,09;0;EUR
Muster offensiv cVV;15.11.2015;0;0;0,9872824631;786.674,09;0;EUR
Muster offensiv cVV;16.11.2015;0,0015939347;2.417,59;0,9903627995;789.091,69;0,003902317;EUR
Muster offensiv cVV;17.11.2015;0,0180318631;27.393,35;1,0247910822;816.485,04;0,013530145;EUR
Muster offensiv cVV;18.11.2015;0,0005647066;873,35;1,0259350411;817.358,39;0,003317577;EUR
Muster offensiv cVV;19.11.2015;0,0028846948;4.463,86;1,0315860181;821.822,26;0,003357293;EUR
Muster offensiv cVV;20.11.2015;0,0021255533;3.298,63;1,0357747527;825.120,89;0,004121643;EUR
Muster offensiv cVV;21.11.2015;0;0;1,0357747527;825.120,89;0;EUR
Muster offensiv cVV;22.11.2015;0;0;1,0357747527;825.120,89;0;EUR
Muster offensiv cVV;23.11.2015;-0,0022685377;-3.528,01;1,0313939291;821.592,88;-0,000495495;EUR
Muster offensiv cVV;24.11.2015;-0,0069976582;-10.858,02;1,0178104285;810.734,86;-0,006370046;EUR
Muster offensiv cVV;25.11.2015;0,0114749915;17.680,75;1,0400553363;828.415,60;0,010362281;EUR
Muster offensiv cVV;26.11.2015;0,0055275566;8.614,63;1,0509194367;837.030,23;0,005892054;EUR
Muster offensiv cVV;27.11.2015;-0,0022860839;-3.582,53;1,0464698420;833.447,70;-0,000612301;EUR
Muster offensiv cVV;28.11.2015;0;0;1,0464698420;833.447,70;0;EUR
Muster offensiv cVV;29.11.2015;0;0;1,0464698420;833.447,70;0;EUR
Muster offensiv cVV;30.11.2015;0,0029300998;4.581,27;1,0522706495;838.028,97;0,002684010;EUR
Muster offensiv cVV;01.12.2015;-0,0030703675;-4.814,65;1,0462734171;833.214,33;-0,001896033;EUR
Muster offensiv cVV;02.12.2015;-0,0010837319;-1.694,18;1,0441941479;831.520,14;-0,004065477;EUR
Muster offensiv cVV;03.12.2015;-0,0294022597;-45.914,34;0,9865819343;785.605,80;-0,028752258;EUR
Muster offensiv cVV;04.12.2015;0,0010528115;1.595,72;0,9886313523;787.201,52;0,000651994;EUR
Muster offensiv cVV;05.12.2015;0;0;0,9886313523;787.201,52;0;EUR
Muster offensiv cVV;06.12.2015;0;0;0,9886313523;787.201,52;0;EUR
Muster offensiv cVV;07.12.2015;0,0060141233;9.125,07;1,0001373072;796.326,59;0,004804338;EUR
Muster offensiv cVV;08.12.2015;-0,0150682058;-23.000,09;0,9712951851;773.326,50;-0,011469079;EUR
Muster offensiv cVV;09.12.2015;-0,0089123916;-13.398,88;0,9545100079;759.927,63;-0,007481516;EUR
Muster offensiv cVV;10.12.2015;-0,0129951659;-19.362,79;0,9302319002;740.564,83;0,001277664;EUR
Muster offensiv cVV;11.12.2015;-0,0143904033;-21.163,06;0,9036900858;719.401,77;-0,016826121;EUR
Muster offensiv cVV;12.12.2015;0;0;0,9036900858;719.401,77;0;EUR
Muster offensiv cVV;13.12.2015;0;0;0,9036900858;719.401,77;0;EUR
Muster offensiv cVV;14.12.2015;-0,0148337114;-21.501,08;0,8767211705;697.900,69;-0,009861019;EUR
Muster offensiv cVV;15.12.2015;0,0197225911;28.163,33;0,9121423229;726.064,02;0,017896449;EUR
Muster offensiv cVV;16.12.2015;0,0066638915;9.703,53;0,9243748710;735.767,55;0,004846194;EUR
Muster offensiv cVV;17.12.2015;0,0113826977;16.685,21;0,9453802541;752.452,76;0,010846107;EUR
Muster offensiv cVV;18.12.2015;-0,0095906353;-14.218,36;0,9275585519;738.234,41;-0,009470604;EUR
Muster offensiv cVV;19.12.2015;0;0;0,9275585519;738.234,41;0;EUR
Muster offensiv cVV;20.12.2015;0;0;0,9275585519;738.234,41;0;EUR
Muster offensiv cVV;21.12.2015;-0,0071205853;-10.455,20;0,9144636314;727.779,20;-0,005148209;EUR
Muster offensiv cVV;22.12.2015;0,0000809250;117,98;0,9146534095;727.897,18;0,000182956;EUR
Muster offensiv cVV;23.12.2015;0,0192678976;28.092,00;0,9499960646;755.989,19;0,016126596;EUR
Muster offensiv cVV;24.12.2015;-0,0009598626;-1.426,41;0,9482465680;754.562,77;-0,002138959;EUR
Muster offensiv cVV;25.12.2015;-0,0005238795;-777,77;0,9473120440;753.785,00;-0,000156589;EUR
Muster offensiv cVV;26.12.2015;0;0;0,9473120440;753.785,00;0;EUR
Muster offensiv cVV;27.12.2015;0;0;0,9473120440;753.785,00;0;EUR
Muster offensiv cVV;28.12.2015;-0,0041796359;-6.201,98;0,9395602527;747.583,02;-0,003184719;EUR
Muster offensiv cVV;29.12.2015;0,0139189382;20.567,39;0,9654529088;768.150,41;0,012685465;EUR
Muster offensiv cVV;30.12.2015;-0,0061716262;-9.246,47;0,9538744940;758.903,94;-0,006329309;EUR
Muster offensiv cVV;31.12.2015;0,0001236487;184,11;0,9541489185;759.088,05;-0,001311787;EUR
Muster offensiv cVV;01.01.2016;0;0;0,9541977039;759.088,05;0;EUR
Muster offensiv cVV;02.01.2016;0;0;0,9541977039;759.088,05;0;EUR
Muster offensiv cVV;03.01.2016;0;0;0,9541977039;759.088,05;0;EUR
Muster offensiv cVV;04.01.2016;-0,0261744322;-38.746,01;0,9055389985;720.342,04;-0,020752702;EUR
Muster offensiv cVV;05.01.2016;0,0039129084;5.640,67;0,9126764239;725.982,71;0,004153226;EUR
Muster offensiv cVV;06.01.2016;-0,0101928956;-14.751,10;0,8941775032;711.231,61;-0,008884870;EUR
Muster offensiv cVV;07.01.2016;-0,0218159672;-31.250,14;0,8549326084;679.981,48;-0,019655370;EUR
Muster offensiv cVV;08.01.2016;-0,0109600557;-15.357,16;0,8356667436;664.624,32;-0,010731602;EUR
Muster offensiv cVV;09.01.2016;0;0;0,8356667436;664.624,32;0;EUR
Muster offensiv cVV;10.01.2016;0;0;0,8356667436;664.624,32;0;EUR
Muster offensiv cVV;11.01.2016;-0,0061674954;-8.547,14;0,8249618983;656.077,18;-0,000270262;EUR
Muster offensiv cVV;12.01.2016;0,0109025959;15.016,02;0,8438861181;671.093,21;0,007935691;EUR
Muster offensiv cVV;13.01.2016;0,0003307662;460,53;0,8445080412;671.553,73;-0,005758758;EUR
Muster offensiv cVV;14.01.2016;-0,0067731281;-9.433,38;0,8326873331;662.120,36;-0,004927222;EUR
Muster offensiv cVV;15.01.2016;-0,0216809488;-29.991,95;0,7950094649;632.128,40;-0,019853051;EUR
Muster offensiv cVV;16.01.2016;0;0;0,7950094649;632.128,40;0;EUR
Muster offensiv cVV;17.01.2016;0;0;0,7950094649;632.128,40;0;EUR
Muster offensiv cVV;18.01.2016;0,0013391735;1.812,36;0,7973291151;633.940,76;-0,000175867;EUR
Muster offensiv cVV;19.01.2016;0,0125539148;17.012,47;0,8187676243;650.953,23;0,006373804;EUR
Muster offensiv cVV;20.01.2016;-0,0263314558;-36.131,10;0,7733610107;614.822,13;-0,017441523;EUR
Muster offensiv cVV;21.01.2016;0,0140041101;18.709,96;0,7969357090;633.532,09;0,011812952;EUR
Muster offensiv cVV;22.01.2016;0,0242493277;32.851,63;0,8383027798;666.383,72;0,017350532;EUR
Muster offensiv cVV;23.01.2016;0;0;0,8383027798;666.383,72;0;EUR
Muster offensiv cVV;24.01.2016;0;0;0,8383027798;666.383,72;0;EUR
Muster offensiv cVV;25.01.2016;-0,0008523493;-1.182,72;0,8368570181;665.201,00;-0,005118540;EUR
Muster offensiv cVV;26.01.2016;0,0051352656;7.119,60;0,8458563265;672.320,60;0,006571795;EUR
Muster offensiv cVV;27.01.2016;0,0051086404;7.119,06;0,8548558106;679.439,66;0,000473076;EUR
Muster offensiv cVV;28.01.2016;-0,0171268105;-23.988,69;0,8247151181;655.450,97;-0,010888742;EUR
Muster offensiv cVV;29.01.2016;0,0191310519;26.337,00;0,8578963714;681.787,97;0,018236676;EUR
Muster offensiv cVV;30.01.2016;0;0;0,8578963714;681.787,97;0;EUR
Muster offensiv cVV;31.01.2016;0;0;0,8578963714;681.787,97;0;EUR
Muster offensiv cVV;01.02.2016;-0,0014143043;-1.984,27;0,8554423527;679.803,70;-0,003184033;EUR
Muster offensiv cVV;02.02.2016;-0,0139010030;-19.475,52;0,8309765347;660.328,18;-0,013507584;EUR
Muster offensiv cVV;03.02.2016;-0,0143162577;-19.778,48;0,8061269526;640.549,70;-0,010029204;EUR
Muster offensiv cVV;04.02.2016;0,0092894938;12.650,07;0,8220879729;653.199,78;-0,004025393;EUR
Muster offensiv cVV;05.02.2016;-0,0113288904;-15.570,56;0,8025315494;637.629,22;-0,009449285;EUR
Muster offensiv cVV;06.02.2016;0;0;0,8025315494;637.629,22;0;EUR
Muster offensiv cVV;07.02.2016;0;0;0,8025315494;637.629,22;0;EUR
Muster offensiv cVV;08.02.2016;-0,0232558470;-31.601,00;0,7627959328;606.028,22;-0,018406505;EUR
Muster offensiv cVV;09.02.2016;-0,0140927017;-18.704,40;0,7392898287;587.323,83;-0,012051240;EUR
Muster offensiv cVV;10.02.2016;0,0137430345;17.983,25;0,7619639629;605.307,08;0,009203943;EUR
Muster offensiv cVV;11.02.2016;-0,0235146488;-31.192,62;0,7227343717;574.114,45;-0,019961772;EUR
Muster offensiv cVV;12.02.2016;0,0105298519;13.639,59;0,7399414937;587.754,05;0,016485751;EUR
Muster offensiv cVV;13.02.2016;0;0;0,7399414937;587.754,05;0;EUR
Muster offensiv cVV;14.02.2016;0;0;0,7399414937;587.754,05;0;EUR
Muster offensiv cVV;15.02.2016;0,0271106428;35.486,90;0,7846558880;623.240,95;0,018110896;EUR
Muster offensiv cVV;16.02.2016;-0,0045495692;-6.116,68;0,7769934632;617.124,27;0,001019417;EUR
Muster offensiv cVV;17.02.2016;0,0194573196;26.040,43;0,8098198145;643.164,70;0,016387869;EUR
Muster offensiv cVV;18.02.2016;0,0068136738;9.296,42;0,8215656455;652.461,12;0,004990171;EUR
Muster offensiv cVV;19.02.2016;-0,0064758884;-8.895,75;0,8104042588;643.565,36;-0,004438271;EUR
Muster offensiv cVV;20.02.2016;0;0;0,8104042588;643.565,36;0;EUR
Muster offensiv cVV;21.02.2016;0;0;0,8104042588;643.565,36;0;EUR
Muster offensiv cVV;22.02.2016;0,0150164828;20.494,15;0,8362525394;664.059,51;0,015228029;EUR
Muster offensiv cVV;23.02.2016;-0,0098060067;-13.583,98;0,8191864978;650.475,54;-0,010247130;EUR
Muster offensiv cVV;24.02.2016;-0,0147687703;-20.258,13;0,7937131201;630.217,40;-0,011196968;EUR
Muster offensiv cVV;25.02.2016;0,0118810051;16.056,34;0,8139748843;646.273,74;0,011402732;EUR
Muster offensiv cVV;26.02.2016;0,0125146909;17.113,66;0,8355703453;663.387,40;0,011256520;EUR
Muster offensiv cVV;27.02.2016;0;0;0,8355703453;663.387,40;0;EUR
Muster offensiv cVV;28.02.2016;0;0;0,8355703453;663.387,40;0;EUR
Muster offensiv cVV;29.02.2016;0,0041303241;5.718,84;0,8428148256;669.106,24;0,000136000;EUR
Muster offensiv cVV;01.03.2016;0,0158434780;22.027,47;0,8706035355;691.133,71;0,015698961;EUR
Muster offensiv cVV;02.03.2016;0,0063694011;8.995,79;0,8819784449;700.129,50;0,006281658;EUR
Muster offensiv cVV;03.03.2016;-0,0037329700;-5.305,82;0,8753372744;694.823,68;-0,001632477;EUR
Muster offensiv cVV;04.03.2016;0,0035186192;4.982,49;0,8816572357;699.806,17;0,002096005;EUR
Muster offensiv cVV;05.03.2016;0;0;0,8816572357;699.806,17;0;EUR
Muster offensiv cVV;06.03.2016;0;0;0,8816572357;699.806,17;0;EUR
Muster offensiv cVV;07.03.2016;-0,0014336307;-2.037,21;0,8791334978;697.768,95;-0,000719776;EUR
Muster offensiv cVV;08.03.2016;-0,0080894152;-11.478,72;0,8647133370;686.290,23;-0,008586664;EUR
Muster offensiv cVV;09.03.2016;0,0016385527;2.306,27;0,8676614112;688.596,50;0,003230865;EUR
Muster offensiv cVV;10.03.2016;-0,0125035622;-17.627,62;0,8454909408;670.968,87;-0,014490759;EUR
Muster offensiv cVV;11.03.2016;0,0224115931;31.200,98;0,8848504129;702.169,86;0,020530187;EUR
Muster offensiv cVV;12.03.2016;0;0;0,8848504129;702.169,86;0;EUR
Muster offensiv cVV;13.03.2016;0;0;0,8848504129;702.169,86;0;EUR
Muster offensiv cVV;14.03.2016;0,0097940283;13.940,64;0,9024617091;716.110,50;0,008409280;EUR
Muster offensiv cVV;15.03.2016;-0,0064197940;-9.227,31;0,8908763761;706.883,18;-0,004535743;EUR
Muster offensiv cVV;16.03.2016;0,0013247429;1.891,86;0,8933039105;708.775,04;0,003819973;EUR
Muster offensiv cVV;17.03.2016;-0,0075886651;-10.851,69;0,8796695382;697.923,35;-0,006209114;EUR
Muster offensiv cVV;18.03.2016;0,0016925853;2.402,01;0,8827397016;700.325,36;0,003783644;EUR
Muster offensiv cVV;19.03.2016;0;0;0,8827397016;700.325,36;0;EUR
Muster offensiv cVV;20.03.2016;0;0;0,8827397016;700.325,36;0;EUR
Muster offensiv cVV;21.03.2016;0,0007143636;1.015,49;0,8840623730;701.340,85;0,000740070;EUR
Muster offensiv cVV;22.03.2016;0,0005983983;851,25;0,8851780855;702.192,11;0,002742996;EUR
Muster offensiv cVV;23.03.2016;0,0045561182;6.485,20;0,8933963084;708.677,30;0,000253513;EUR
Muster offensiv cVV;24.03.2016;-0,0118250399;-16.908,49;0,8721225274;691.768,81;-0,008054308;EUR
Muster offensiv cVV;25.03.2016;-0,0000056444;-7,98;0,8721543982;691.760,83;0,000346900;EUR
Muster offensiv cVV;26.03.2016;0;0;0,8721543982;691.760,83;0;EUR
Muster offensiv cVV;27.03.2016;0;0;0,8721543982;691.760,83;0;EUR
Muster offensiv cVV;28.03.2016;0,0002803502;396,13;0,8726957344;692.156,96;-0,000819558;EUR
Muster offensiv cVV;29.03.2016;0,0044371388;6.271,31;0,8806450734;698.428,27;0,005081664;EUR
Muster offensiv cVV;30.03.2016;0,0087330338;12.397,76;0,8963203147;710.826,04;0,004187627;EUR
Muster offensiv cVV;31.03.2016;-0,0061555373;-8.814,96;0,8852474198;702.011,08;-0,005429835;EUR
Muster offensiv cVV;01.04.2016;-0,0104805765;-14.916,19;0,8664792974;687.094,88;-0,006472817;EUR
Muster offensiv cVV;02.04.2016;0;0;0,8664792974;687.094,88;0;EUR
Muster offensiv cVV;03.04.2016;0;0;0,8664792974;687.094,88;0;EUR
Muster offensiv cVV;04.04.2016;0,0036647754;5.161,13;0,8730295885;692.256,01;0,000230184;EUR
Muster offensiv cVV;05.04.2016;-0,0144632503;-20.443,34;0,8472881853;671.812,67;-0,014464052;EUR
Muster offensiv cVV;06.04.2016;0,0064794390;9.026,02;0,8587127181;680.838,69;0,005981956;EUR
Muster offensiv cVV;07.04.2016;-0,0048062259;-6.738,57;0,8502541500;674.100,12;-0,006210509;EUR
Muster offensiv cVV;08.04.2016;0,0067460672;9.412,87;0,8621677918;683.512,98;0,005191866;EUR
Muster offensiv cVV;09.04.2016;0;0;0,8621677918;683.512,98;0;EUR
Muster offensiv cVV;10.04.2016;0;0;0,8621677918;683.512,98;0;EUR
Muster offensiv cVV;11.04.2016;0,0012230149;1.718,00;0,8643759302;685.230,98;0,001278761;EUR
Muster offensiv cVV;12.04.2016;0,0081140616;11.411,96;0,8788131429;696.642,94;0,007809858;EUR
Muster offensiv cVV;13.04.2016;0,0217084312;30.779,40;0,9176848100;727.422,34;0,018437901;EUR
Muster offensiv cVV;14.04.2016;0,0060484203;8.761,95;0,9287825290;736.184,29;0,004407169;EUR
Muster offensiv cVV;15.04.2016;-0,0050693854;-7.388,10;0,9195051135;728.796,19;-0,002747591;EUR
Muster offensiv cVV;16.04.2016;0;0;0,9195051135;728.796,19;0;EUR
Muster offensiv cVV;17.04.2016;0;0;0,9195051135;728.796,19;0;EUR
Muster offensiv cVV;18.04.2016;0,0037594383;5.451,22;0,9264266065;734.247,41;0,002465412;EUR
Muster offensiv cVV;19.04.2016;0,0150766555;21.943,46;0,9541585495;756.190,86;0,010891868;EUR
Muster offensiv cVV;20.04.2016;0,0023010540;3.399,58;0,9584933778;759.590,44;0,004654242;EUR
Muster offensiv cVV;21.04.2016;-0,0031648599;-4.686,53;0,9526245788;754.903,91;0,000480810;EUR
Muster offensiv cVV;22.04.2016;-0,0026464756;-3.906,50;0,9477395540;750.997,41;-0,001302437;EUR
Muster offensiv cVV;23.04.2016;0;0;0,9477395540;750.997,41;0;EUR
Muster offensiv cVV;24.04.2016;0;0;0,9477395540;750.997,41;0;EUR
Muster offensiv cVV;25.04.2016;-0,0035703895;-5.256,36;0,9411504584;745.741,05;-0,004661841;EUR
Muster offensiv cVV;26.04.2016;-0,0019035518;-2.792,42;0,9376704176;742.948,63;-0,002176694;EUR
Muster offensiv cVV;27.04.2016;0,0007922927;1.160,04;0,9391786158;744.108,67;0,001632021;EUR
Muster offensiv cVV;28.04.2016;-0,0059309939;-8.690,81;0,9282530517;735.417,87;-0,001004276;EUR
Muster offensiv cVV;29.04.2016;-0,0231927319;-33.783,22;0,8856529950;701.634,65;-0,016579718;EUR
Muster offensiv cVV;30.04.2016;0;0;0,8856529950;701.634,65;0;EUR
Muster offensiv cVV;01.05.2016;0;0;0,8856529950;701.634,65;0;EUR
Muster offensiv cVV;02.05.2016;0,0078784789;11.209,86;0,8998450221;712.844,51;0,002371730;EUR
Muster offensiv cVV;03.05.2016;-0,0120429536;-17.270,27;0,8780853201;695.574,24;-0,010568558;EUR
Muster offensiv cVV;04.05.2016;-0,0101349599;-14.359,07;0,8599987836;681.215,17;-0,006195460;EUR
Muster offensiv cVV;05.05.2016;0,0035346019;4.957,02;0,8662972135;686.172,19;0,003750956;EUR
Muster offensiv cVV;06.05.2016;-0,0003055837;-430,07;0,8657946276;685.742,12;0,000594481;EUR
Muster offensiv cVV;07.05.2016;0;0;0,8657946276;685.742,12;0;EUR
Muster offensiv cVV;08.05.2016;0;0;0,8657946276;685.742,12;0;EUR
Muster offensiv cVV;09.05.2016;0,0064832823;9.121,68;0,8773522316;694.863,80;0,005077152;EUR
Muster offensiv cVV;10.05.2016;0,0057096208;8.085,25;0,8876021934;702.949,05;0,007016038;EUR
Muster offensiv cVV;11.05.2016;-0,0024184244;-3.444,23;0,8832943055;699.504,83;-0,005743951;EUR
Muster offensiv cVV;12.05.2016;-0,0057792543;-8.210,68;0,8729668881;691.294,14;-0,004158386;EUR
Muster offensiv cVV;13.05.2016;0,0027908458;3.942,09;0,8779857084;695.236,23;0,003888653;EUR
Muster offensiv cVV;14.05.2016;0;0;0,8779857084;695.236,23;0;EUR
Muster offensiv cVV;15.05.2016;0;0;0,8779857084;695.236,23;0;EUR
Muster offensiv cVV;16.05.2016;0,0004499751;637,37;0,8788313616;695.873,60;0,001862506;EUR
Muster offensiv cVV;17.05.2016;-0,0018000110;-2.550,77;0,8756505105;693.322,83;-0,003958219;EUR
Muster offensiv cVV;18.05.2016;0,0037875394;5.357,61;0,8824578766;698.680,43;0,003607804;EUR
Muster offensiv cVV;19.05.2016;-0,0084335212;-11.974,69;0,8673735214;686.705,74;-0,006199131;EUR
Muster offensiv cVV;20.05.2016;0,0114717958;16.151,34;0,8878151773;702.857,08;0,007153654;EUR
Muster offensiv cVV;21.05.2016;0;0;0,8878151773;702.857,08;0;EUR
Muster offensiv cVV;22.05.2016;0;0;0,8878151773;702.857,08;0;EUR
Muster offensiv cVV;23.05.2016;-0,0010656323;-1.517,53;0,8859391774;701.339,55;-0,003247735;EUR
Muster offensiv cVV;24.05.2016;0,0148600755;21.139,22;0,9126845191;722.478,77;0,013904220;EUR
Muster offensiv cVV;25.05.2016;0,0076892942;11.100,96;0,9267506844;733.579,73;0,009628234;EUR
Muster offensiv cVV;26.05.2016;0,0010674715;1.552,95;0,9287552890;735.132,68;0,002074006;EUR
Muster offensiv cVV;27.05.2016;0,0034967087;5.092,41;0,9352319430;740.225,09;0,003233364;EUR
Muster offensiv cVV;28.05.2016;0;0;0,9352319430;740.225,09;0;EUR
Muster offensiv cVV;29.05.2016;0;0;0,9352319430;740.225,09;0;EUR
Muster offensiv cVV;30.05.2016;0,0019675556;2.875,46;0,9389080249;743.100,55;0,001543947;EUR
Muster offensiv cVV;31.05.2016;-0,0045636581;-6.682,62;0,9305072073;736.417,93;-0,002730009;EUR
Muster offensiv cVV;01.06.2016;-0,0050711871;-7.391,91;0,9212093022;729.026,01;-0,003697681;EUR
Muster offensiv cVV;02.06.2016;0,0004865429;705,60;0,9221431242;729.731,62;0,000895786;EUR
Muster offensiv cVV;03.06.2016;-0,0069036256;-10.016,77;0,9095267818;719.714,85;-0,008134646;EUR
Muster offensiv cVV;04.06.2016;0;0;0,9095267818;719.714,85;0;EUR
Muster offensiv cVV;05.06.2016;0;0;0,9095267818;719.714,85;0;EUR
Muster offensiv cVV;06.06.2016;0,0035702118;5.144,41;0,9160697915;724.859,26;0,001341185;EUR
Muster offensiv cVV;07.06.2016;0,0075126518;10.863,83;0,9298418238;735.723,09;0,008572577;EUR
Muster offensiv cVV;08.06.2016;-0,0041147981;-5.994,99;0,9223071192;729.728,10;-0,002685232;EUR
Muster offensiv cVV;09.06.2016;-0,0093301030;-13.537,42;0,9052383399;716.190,68;-0,004658948;EUR
Muster offensiv cVV;10.06.2016;-0,0143424266;-20.615,84;0,8792206973;695.574,84;-0,013676557;EUR
Muster offensiv cVV;11.06.2016;0;0;0,8792206973;695.574,84;0;EUR
Muster offensiv cVV;12.06.2016;0;0;0,8792206973;695.574,84;0;EUR
Muster offensiv cVV;13.06.2016;-0,0162786640;-23.063,39;0,8501067483;672.511,45;-0,011246504;EUR
Muster offensiv cVV;14.06.2016;-0,0075082768;-10.464,46;0,8369168672;662.046,99;-0,005547628;EUR
Muster offensiv cVV;15.06.2016;0,0044003617;6.086,84;0,8446497758;668.133,83;0,003501729;EUR
Muster offensiv cVV;16.06.2016;-0,0050784483;-7.055,72;0,8357678702;661.078,11;-0,000425129;EUR
Muster offensiv cVV;17.06.2016;0,0027147998;3.752,64;0,8405502059;664.830,75;0,001494775;EUR
Muster offensiv cVV;18.06.2016;0;0;0,8405502059;664.830,75;0;EUR
Muster offensiv cVV;19.06.2016;0;0;0,8405502059;664.830,75;0;EUR
Muster offensiv cVV;20.06.2016;0,0246979200;34.232,37;0,8838704103;699.063,11;0,016213060;EUR
Muster offensiv cVV;21.06.2016;0,0048213867;6.847,69;0,8925687275;705.910,81;0,005364728;EUR
Muster offensiv cVV;22.06.2016;0,0010575370;1.509,23;0,8945174223;707.420,04;0,001432511;EUR
Muster offensiv cVV;23.06.2016;0,0061147788;8.735,77;0,9056044582;716.155,81;0,009934508;EUR
Muster offensiv cVV;24.06.2016;-0,0343963036;-49.440,13;0,8431236504;666.715,68;-0,035915536;EUR
Muster offensiv cVV;25.06.2016;0;0;0,8431236504;666.715,68;0;EUR
Muster offensiv cVV;26.06.2016;0;0;0,8431236504;666.715,68;0;EUR
Muster offensiv cVV;27.06.2016;-0,0190216590;-26.400,68;0,8097739999;640.315,00;-0,015264336;EUR
Muster offensiv cVV;28.06.2016;0,0139962736;19.056,30;0,8339110414;659.371,30;0,011542208;EUR
Muster offensiv cVV;29.06.2016;0,0149327216;20.615,86;0,8600226903;679.987,16;0,013218107;EUR
Muster offensiv cVV;30.06.2016;0,0095147807;13.332,10;0,8769239985;693.319,26;0,006854978;EUR
Muster offensiv cVV;01.07.2016;0,0034429697;4.870,19;0,8831235076;698.189,45;0,004761802;EUR
Muster offensiv cVV;02.07.2016;0;0;0,8831235076;698.189,45;0;EUR
Muster offensiv cVV;03.07.2016;0;0;0,8831235076;698.189,45;0;EUR
Muster offensiv cVV;04.07.2016;-0,0021697544;-3.079,75;0,8792673897;695.109,70;-0,002304171;EUR
Muster offensiv cVV;05.07.2016;-0,0112783590;-15.973,78;0,8591000694;679.135,91;-0,008934982;EUR
Muster offensiv cVV;06.07.2016;-0,0093326021;-13.068,89;0,8426057316;666.067,03;-0,006055916;EUR
Muster offensiv cVV;07.07.2016;0,0043323916;6.010,23;0,8502469343;672.077,26;0,002536093;EUR
Muster offensiv cVV;08.07.2016;0,0114460492;15.947,65;0,8704612001;688.024,92;0,014111966;EUR
Muster offensiv cVV;09.07.2016;0;0;0,8704612001;688.024,92;0;EUR
Muster offensiv cVV;10.07.2016;0;0;0,8704612001;688.024,92;0;EUR
Muster offensiv cVV;11.07.2016;0,0132756277;18.708,50;0,8941702963;706.733,42;0,010740181;EUR
Muster offensiv cVV;12.07.2016;0,0098665703;14.088,92;0,9120364394;720.822,34;0,007209284;EUR
Muster offensiv cVV;13.07.2016;-0,0006068414;-875,09;0,9109697481;719.947,25;-0,001226113;EUR
Muster offensiv cVV;14.07.2016;0,0060013920;8.648,96;0,9219545025;728.596,21;0,006910412;EUR
Muster offensiv cVV;15.07.2016;0,0017308023;2.509,33;0,9251708539;731.105,54;0,000293286;EUR
Muster offensiv cVV;16.07.2016;0;0;0,9251708539;731.105,54;0;EUR
Muster offensiv cVV;17.07.2016;0;0;0,9251708539;731.105,54;0;EUR
Muster offensiv cVV;18.07.2016;-0,0009839426;-1.429,00;0,9234035072;729.676,55;0,001003150;EUR
Muster offensiv cVV;19.07.2016;-0,0045256887;-6.566,27;0,9151344719;723.110,28;-0,002346267;EUR
Muster offensiv cVV;20.07.2016;0,0053789586;7.768,95;0,9250074441;730.879,22;0,007947514;EUR
Muster offensiv cVV;21.07.2016;0,0009938400;1.443,15;0,9268749017;732.322,37;0,000410065;EUR
Muster offensiv cVV;22.07.2016;0,0011871182;1.725,52;0,9290998853;734.047,89;0,000706041;EUR
Muster offensiv cVV;23.07.2016;0;0;0,9290998853;734.047,89;0;EUR
Muster offensiv cVV;24.07.2016;0;0;0,9290998853;734.047,89;0;EUR
Muster offensiv cVV;25.07.2016;0,0005307124;772,32;0,9301184949;734.820,21;0,001520621;EUR
Muster offensiv cVV;26.07.2016;-0,0007812483;-1.137,52;0,9287196062;733.682,69;0,001810110;EUR
Muster offensiv cVV;27.07.2016;0,0055347351;8.052,46;0,9389540400;741.735,14;0,002951787;EUR
Muster offensiv cVV;28.07.2016;-0,0058103085;-8.500,17;0,9282346292;733.234,97;-0,004643157;EUR
Muster offensiv cVV;29.07.2016;0,0028569204;4.155,24;0,9335359833;737.390,21;0,002279822;EUR
Muster offensiv cVV;30.07.2016;0;0;0,9335359833;737.390,21;0;EUR
Muster offensiv cVV;31.07.2016;0;0;0,9335359833;737.390,21;0;EUR
Muster offensiv cVV;01.08.2016;0,0024810313;3.618,84;0,9381586481;741.009,05;-0,000908368;EUR
Muster offensiv cVV;02.08.2016;-0,0113823514;-16.643,51;0,9171272935;724.365,54;-0,011334779;EUR
Muster offensiv cVV;03.08.2016;0,0022167820;3.204,53;0,9212249795;727.570,07;0,002062446;EUR
Muster offensiv cVV;04.08.2016;0,0050523218;7.319,71;0,9305337185;734.889,78;0,004848365;EUR
Muster offensiv cVV;05.08.2016;0,0097216632;14.155,73;0,9484995259;749.045,51;0,009299708;EUR
Muster offensiv cVV;06.08.2016;0;0;0,9484995259;749.045,51;0;EUR
Muster offensiv cVV;07.08.2016;0;0;0,9484995259;749.045,51;0;EUR
Muster offensiv cVV;08.08.2016;0,0016953640;2.492,62;0,9516974869;751.538,13;0,003087444;EUR
Muster offensiv cVV;09.08.2016;0,0096261697;14.176,94;0,9696925692;765.715,07;0,010131570;EUR
Muster offensiv cVV;10.08.2016;-0,0028440643;-4.228,92;0,9643792045;761.486,15;-0,003078618;EUR
Muster offensiv cVV;11.08.2016;0,0072835442;10.799,30;0,9780985436;772.285,45;0,004598936;EUR
Muster offensiv cVV;12.08.2016;-0,0026106304;-3.898,97;0,9732028916;768.386,48;-0,000908450;EUR
Muster offensiv cVV;13.08.2016;0;0;0,9732028916;768.386,48;0;EUR
Muster offensiv cVV;14.08.2016;0;0;0,9732028916;768.386,48;0;EUR
Muster offensiv cVV;15.08.2016;0,0007637085;1.137,62;0,9746861583;769.524,10;0,000752786;EUR
Muster offensiv cVV;16.08.2016;-0,0054964053;-8.193,69;0,9643498801;761.330,41;-0,006256474;EUR
Muster offensiv cVV;17.08.2016;-0,0050597373;-7.501,27;0,9548897564;753.829,14;-0,005065814;EUR
Muster offensiv cVV;18.08.2016;0,0021368168;3.151,89;0,9589239232;756.981,03;0,001930971;EUR
Muster offensiv cVV;19.08.2016;-0,0034400128;-5.085,00;0,9525236625;751.896,03;-0,003220307;EUR
Muster offensiv cVV;20.08.2016;0;0;0,9525236625;751.896,03;0;EUR
Muster offensiv cVV;21.08.2016;0;0;0,9525236625;751.896,03;0;EUR
Muster offensiv cVV;22.08.2016;0,0023469946;3.457,38;0,9569450059;755.353,40;-0,001532535;EUR
Muster offensiv cVV;23.08.2016;0,0046894243;6.924,24;0,9657589950;762.277,64;0,005134327;EUR
Muster offensiv cVV;24.08.2016;0,0004964156;736,43;0,9667337862;763.014,07;0,001812212;EUR
Muster offensiv cVV;25.08.2016;-0,0066856667;-9.923,04;0,9542025638;753.091,03;-0,005313379;EUR
Muster offensiv cVV;26.08.2016;0,0026520855;3.909,98;0,9591980706;757.001,01;0,001989612;EUR
Muster offensiv cVV;27.08.2016;0;0;0,9591980706;757.001,01;0;EUR
Muster offensiv cVV;28.08.2016;0;0;0,9591980706;757.001,01;0;EUR
Muster offensiv cVV;29.08.2016;0,0004929118;728,63;0,9601626978;757.729,64;0,002237266;EUR
Muster offensiv cVV;30.08.2016;0,0068266461;10.096,21;0,9729980765;767.825,84;0,004203267;EUR
Muster offensiv cVV;31.08.2016;-0,0041446808;-6.171,59;0,9652188885;761.654,26;-0,002770861;EUR
Muster offensiv cVV;01.09.2016;-0,0028236777;-4.187,14;0,9599539246;757.467,12;-0,003038242;EUR
Muster offensiv cVV;02.09.2016;0,0107483768;15.893,40;0,9801380386;773.360,52;0,008632185;EUR
Muster offensiv cVV;03.09.2016;0;0;0,9801380386;773.360,52;0;EUR
Muster offensiv cVV;04.09.2016;0;0;0,9801380386;773.360,52;0;EUR
Muster offensiv cVV;05.09.2016;0,0012522377;1.871,56;0,9825521500;775.232,08;0,000963501;EUR
Muster offensiv cVV;06.09.2016;0,0026617784;3.983,20;0,9876428990;779.215,28;-0,000271556;EUR
Muster offensiv cVV;07.09.2016;0,0019822393;2.974,21;0,9914551002;782.189,49;0,002722903;EUR
Muster offensiv cVV;08.09.2016;-0,0027834619;-4.184,66;0,9861930618;778.004,83;-0,004889847;EUR
Muster offensiv cVV;09.09.2016;-0,0062361259;-9.349,30;0,9743835891;768.655,52;-0,009830627;EUR
Muster offensiv cVV;10.09.2016;0;0;0,9743835891;768.655,52;0;EUR
Muster offensiv cVV;11.09.2016;0;0;0,9743835891;768.655,52;0;EUR
Muster offensiv cVV;12.09.2016;-0,0084410405;-12.576,03;0,9584825424;756.079,50;-0,003800907;EUR
Muster offensiv cVV;13.09.2016;-0,0043683338;-6.453,30;0,9503422166;749.626,19;-0,006907586;EUR
Muster offensiv cVV;14.09.2016;-0,0026136661;-3.844,28;0,9455088975;745.781,91;-0,000792674;EUR
Muster offensiv cVV;15.09.2016;0,0021588569;3.167,03;0,9495645037;748.948,94;0,004753331;EUR
Muster offensiv cVV;16.09.2016;-0,0043396578;-6.379,99;0,9415155844;742.568,95;-0,004505909;EUR
Muster offensiv cVV;17.09.2016;0;0;0,9415155844;742.568,95;0;EUR
Muster offensiv cVV;18.09.2016;0;0;0,9415155844;742.568,95;0;EUR
Muster offensiv cVV;19.09.2016;0,0067650709;9.902,58;0,9541117658;752.471,53;0,004313028;EUR
Muster offensiv cVV;20.09.2016;0,0035437686;5.222,39;0,9607743848;757.693,92;0,001256123;EUR
Muster offensiv cVV;21.09.2016;0,0050514854;7.470,67;0,9702885207;765.164,59;0,006498284;EUR
Muster offensiv cVV;22.09.2016;0,0125038499;18.585,43;0,9938983987;783.750,02;0,009890503;EUR
Muster offensiv cVV;23.09.2016;-0,0043301280;-6.516,68;0,9856761100;777.233,34;-0,003310488;EUR
Muster offensiv cVV;24.09.2016;0;0;0,9856761100;777.233,34;0;EUR
Muster offensiv cVV;25.09.2016;0;0;0,9856761100;777.233,34;0;EUR
Muster offensiv cVV;26.09.2016;-0,0139038117;-20.834,10;0,9592951702;756.399,24;-0,012789079;EUR
Muster offensiv cVV;27.09.2016;0,0006720865;993,08;0,9605952148;757.392,33;0,002628437;EUR
Muster offensiv cVV;28.09.2016;0,0040062509;5.923,66;0,9681490072;763.315,99;0,004651856;EUR
Muster offensiv cVV;29.09.2016;-0,0034758507;-5.160,00;0,9616448907;758.155,99;-0,004033768;EUR
Muster offensiv cVV;30.09.2016;0,0023154995;3.425,48;0,9660304549;761.581,46;0,004679732;EUR
Muster offensiv cVV;01.10.2016;0;0;0,9660304549;761.581,46;0;EUR
Muster offensiv cVV;02.10.2016;0;0;0,9660304549;761.581,46;0;EUR
Muster offensiv cVV;03.10.2016;0,0013419062;1.989,77;0,9685951460;763.571,23;0,000077608;EUR
Muster offensiv cVV;04.10.2016;0,0050598888;7.512,84;0,9781663541;771.084,07;0,004799453;EUR
Muster offensiv cVV;05.10.2016;0,0043712134;6.523,14;0,9864827882;777.607,21;-0,002336195;EUR
Muster offensiv cVV;06.10.2016;-0,0033289685;-4.989,52;0,9801941491;772.617,69;-0,000215462;EUR
Muster offensiv cVV;07.10.2016;-0,0056780529;-8.482,04;0,9694739114;764.135,65;-0,004439303;EUR
Muster offensiv cVV;08.10.2016;0;0;0,9694739114;764.135,65;0;EUR
Muster offensiv cVV;09.10.2016;0;0;0,9694739114;764.135,65;0;EUR
Muster offensiv cVV;10.10.2016;0,0074727731;11.099,66;0,9835974707;775.235,31;0,006739870;EUR
Muster offensiv cVV;11.10.2016;-0,0042476095;-6.356,32;0,9755735651;768.878,99;-0,002425355;EUR
Muster offensiv cVV;12.10.2016;-0,0044249721;-6.593,61;0,9672478591;762.285,38;-0,001616919;EUR
Muster offensiv cVV;13.10.2016;-0,0080820364;-11.989,68;0,9520741750;750.295,70;-0,005608593;EUR
Muster offensiv cVV;14.10.2016;0,0098460633;14.488,55;0,9704996613;764.784,26;0,007722530;EUR
Muster offensiv cVV;15.10.2016;0;0;0,9704996613;764.784,26;0;EUR
Muster offensiv cVV;16.10.2016;0;0;0,9704996613;764.784,26;0;EUR
Muster offensiv cVV;17.10.2016;-0,0047879775;-7.114,92;0,9615110249;757.669,34;-0,003524685;EUR
Muster offensiv cVV;18.10.2016;0,0093940617;13.892,70;0,9791821673;771.562,04;0,008324618;EUR
Muster offensiv cVV;19.10.2016;0,0022169008;3.309,33;0,9834229284;774.871,37;0,002055373;EUR
Muster offensiv cVV;20.10.2016;0,0035027065;5.240,34;0,9901148309;780.111,71;0,002894082;EUR
Muster offensiv cVV;21.10.2016;-0,0014267281;-2.141,98;0,9874372472;777.969,73;0,001547879;EUR
Muster offensiv cVV;22.10.2016;0;0;0,9874372472;777.969,73;0;EUR
Muster offensiv cVV;23.10.2016;0;0;0,9874372472;777.969,73;0;EUR
Muster offensiv cVV;24.10.2016;-0,0090804106;-13.613,18;0,9701989853;764.356,55;0,002360672;EUR
Muster offensiv cVV;25.10.2016;0,0005497540;816,70;0,9712758828;765.173,25;-0,000403693;EUR
Muster offensiv cVV;26.10.2016;-0,0062596934;-9.304,31;0,9595051502;755.868,93;-0,004476432;EUR
Muster offensiv cVV;27.10.2016;-0,0013455675;-1.987,51;0,9570217868;753.881,42;-0,001436163;EUR
Muster offensiv cVV;28.10.2016;-0,0016077906;-2.371,64;0,9540505227;751.509,78;-0,001924819;EUR
Muster offensiv cVV;29.10.2016;0;0;0,9540505227;751.509,78;0;EUR
Muster offensiv cVV;30.10.2016;0;0;0,9540505227;751.509,78;0;EUR
Muster offensiv cVV;31.10.2016;-0,0030760400;-4.530,15;0,9483386083;746.979,63;-0,002133623;EUR
Muster offensiv cVV;01.11.2016;-0,0048450760;-7.113,50;0,9393463219;739.866,13;-0,009338583;EUR
Muster offensiv cVV;02.11.2016;-0,0101471426;-14.825,76;0,9205612309;725.040,37;-0,010066222;EUR
Muster offensiv cVV;03.11.2016;-0,0007406648;-1.071,19;0,9192390331;723.969,18;-0,002267008;EUR
Muster offensiv cVV;04.11.2016;-0,0045607054;-6.591,04;0,9109077225;717.378,14;-0,004688652;EUR
Muster offensiv cVV;05.11.2016;0;0;0,9109077225;717.378,14;0;EUR
Muster offensiv cVV;06.11.2016;0;0;0,9109077225;717.378,14;0;EUR
Muster offensiv cVV;07.11.2016;0,0155268497;22.336,77;0,9393089681;739.714,90;0,015981883;EUR
Muster offensiv cVV;08.11.2016;0,0001719099;251,15;0,9396664711;739.966,05;0,001802192;EUR
Muster offensiv cVV;09.11.2016;0,0153620453;22.446,68;0,9682107343;762.412,73;0,010381837;EUR
Muster offensiv cVV;10.11.2016;-0,0014188413;-2.105,03;0,9655770759;760.307,70;0,002188514;EUR
Muster offensiv cVV;11.11.2016;-0,0015985810;-2.368,33;0,9626087617;757.939,37;0,000841677;EUR
Muster offensiv cVV;12.11.2016;0;0;0,9626087617;757.939,37;0;EUR
Muster offensiv cVV;13.11.2016;0;0;0,9626087617;757.939,37;0;EUR
Muster offensiv cVV;14.11.2016;0,0025690976;3.800,08;0,9674745796;761.739,46;0,004244597;EUR
Muster offensiv cVV;15.11.2016;0,0002699354;400,30;0,9680225648;762.139,76;0,003693328;EUR
Muster offensiv cVV;16.11.2016;-0,0020750005;-3.077,96;0,9641525110;759.061,80;-0,001543328;EUR
Muster offensiv cVV;17.11.2016;0,0029108318;4.308,83;0,9696651007;763.370,63;0,002869030;EUR
Muster offensiv cVV;18.11.2016;-0,0032853495;-4.877,37;0,9635089344;758.493,26;0,000704053;EUR
Muster offensiv cVV;19.11.2016;0;0;0,9635089344;758.493,26;0;EUR
Muster offensiv cVV;20.11.2016;0;0;0,9635089344;758.493,26;0;EUR
Muster offensiv cVV;21.11.2016;-0,0028234258;-4.177,84;0,9582408786;754.315,42;0,001983377;EUR
Muster offensiv cVV;22.11.2016;-0,0012219882;-1.803,08;0,9559892440;752.512,34;0,003364507;EUR
Muster offensiv cVV;23.11.2016;-0,0019918825;-2.935,49;0,9522987220;749.576,86;-0,000886576;EUR
Muster offensiv cVV;24.11.2016;0,0029772611;4.378,92;0,9579008162;753.955,78;0,001003208;EUR
Muster offensiv cVV;25.11.2016;0,0021700617;3.201,20;0,9620069772;757.156,99;0,000732843;EUR
Muster offensiv cVV;26.11.2016;0;0;0,9620069772;757.156,99;0;EUR
Muster offensiv cVV;27.11.2016;0;0;0,9620069772;757.156,99;0;EUR
Muster offensiv cVV;28.11.2016;-0,0058083652;-8.586,91;0,9511354256;748.570,08;-0,004695125;EUR
Muster offensiv cVV;29.11.2016;0,0007500344;1.102,39;0,9525746982;749.672,47;0,000418900;EUR
Muster offensiv cVV;30.11.2016;-0,0008563024;-1.259,52;0,9510127588;748.412,95;0,000221943;EUR
Muster offensiv cVV;01.12.2016;-0,0022036456;-3.238,53;0,9469358142;745.174,41;-0,004937621;EUR
Muster offensiv cVV;02.12.2016;-0,0000600242;-88,02;0,9468622024;745.086,40;-0,002337039;EUR
Muster offensiv cVV;03.12.2016;0;0;0,9468622024;745.086,40;0;EUR
Muster offensiv cVV;04.12.2016;0;0;0,9468622024;745.086,40;0;EUR
Muster offensiv cVV;05.12.2016;0,0049573858;7.269,01;0,9561382942;752.355,40;0,005441977;EUR
Muster offensiv cVV;06.12.2016;0,0057646286;8.494,57;0,9669726768;760.849,97;0,004758833;EUR
Muster offensiv cVV;07.12.2016;0,0076544578;11.344,38;0,9814298978;772.194,35;0,011108227;EUR
Muster offensiv cVV;08.12.2016;0,0132824932;19.836,16;1,0066814074;792.030,50;0,013155373;EUR
Muster offensiv cVV;09.12.2016;0,0090278996;13.661,40;1,0240863946;805.691,90;0,005467207;EUR
Muster offensiv cVV;10.12.2016;0;0;1,0240863946;805.691,90;0;EUR
Muster offensiv cVV;11.12.2016;0;0;1,0240863946;805.691,90;0;EUR
Muster offensiv cVV;12.12.2016;-0,0027027843;-4.126,89;1,0188817687;801.565,01;-0,003284784;EUR
Muster offensiv cVV;13.12.2016;0,0070545957;10.742,57;1,0325782526;812.307,58;0,005349656;EUR
Muster offensiv cVV;14.12.2016;-0,0030986739;-4.751,88;1,0265789784;807.555,71;-0,003543899;EUR
Muster offensiv cVV;15.12.2016;0,0091830609;14.038,76;1,0444671321;821.594,47;0,010279433;EUR
Muster offensiv cVV;16.12.2016;0,0002594144;400,23;1,0450177409;821.994,70;0,001802715;EUR
Muster offensiv cVV;17.12.2016;0;0;1,0450177409;821.994,70;0;EUR
Muster offensiv cVV;18.12.2016;0;0;1,0450177409;821.994,70;0;EUR
Muster offensiv cVV;19.12.2016;-0,0000712913;-110,02;1,0449196455;821.884,68;0,001114245;EUR
Muster offensiv cVV;20.12.2016;0,0024662792;3.805,71;1,0498000350;825.690,39;0,003838663;EUR
Muster offensiv cVV;21.12.2016;-0,0013384287;-2.070,42;1,0472094480;823.619,97;-0,002026481;EUR
Muster offensiv cVV;22.12.2016;-0,0023437189;-3.620,65;1,0426474582;819.999,32;-0,001832224;EUR
Muster offensiv cVV;23.12.2016;-0,0000060487;-9,32;1,0426771332;819.989,99;0,000010053;EUR
Muster offensiv cVV;24.12.2016;0;0;1,0426771332;819.989,99;0;EUR
Muster offensiv cVV;25.12.2016;0;0;1,0426771332;819.989,99;0;EUR
Muster offensiv cVV;26.12.2016;-0,0000794279;-122,41;1,0425629601;819.867,58;-0,000141982;EUR
Muster offensiv cVV;27.12.2016;0,0014978282;2.308,27;1,0455397793;822.175,85;0,001960451;EUR
Muster offensiv cVV;28.12.2016;0,0011017720;1.700,46;1,0477438271;823.876,31;0,000226349;EUR
Muster offensiv cVV;29.12.2016;-0,0051359511;-7.935,50;1,0376932388;815.940,82;-0,003628009;EUR
Muster offensiv cVV;30.12.2016;0,0020769950;3.192,66;1,0417948851;819.133,48;-0,001562006;EUR
Muster offensiv cVV;31.12.2016;0;0;1,0417948851;819.133,48;0;EUR
Muster offensiv cVV;01.01.2017;0;0;1,0417948851;819.133,48;0;EUR
Muster offensiv cVV;02.01.2017;0,0051656062;7.861,57;1,0518469018;826.995,05;0,004381034;EUR
Muster offensiv cVV;03.01.2017;0,0057440749;8.787,10;1,0630771247;835.782,15;0,006098007;EUR
Muster offensiv cVV;04.01.2017;0,0061585421;9.475,26;1,0751837821;845.257,40;0,000191561;EUR
Muster offensiv cVV;05.01.2017;0,0015873226;2.457,22;1,0783640885;847.714,63;-0,002804091;EUR
Muster offensiv cVV;06.01.2017;0,0013039764;2.021,80;1,0809907408;849.736,43;0,001216489;EUR
Muster offensiv cVV;07.01.2017;0;0;1,0809907408;849.736,43;0;EUR
Muster offensiv cVV;08.01.2017;0;0;1,0809907408;849.736,43;0;EUR
Muster offensiv cVV;09.01.2017;-0,0028343310;-4.400,33;1,0754472977;845.336,10;-0,001569732;EUR
Muster offensiv cVV;10.01.2017;0,0008217877;1.272,22;1,0771202875;846.608,32;-0,000081418;EUR
Muster offensiv cVV;11.01.2017;0,0019882349;3.080,53;1,0810941910;849.688,85;0,006194274;EUR
Muster offensiv cVV;12.01.2017;-0,0087110458;-13.523,57;1,0639412944;836.165,29;-0,009306501;EUR
Muster offensiv cVV;13.01.2017;0,0067275865;10.353,34;1,0771692564;846.518,63;0,005428332;EUR
Muster offensiv cVV;14.01.2017;0;0;1,0771692564;846.518,63;0;EUR
Muster offensiv cVV;15.01.2017;0;0;1,0771692564;846.518,63;0;EUR
Muster offensiv cVV;16.01.2017;-0,0030403262;-4.710,35;1,0712294422;841.808,28;-0,002352862;EUR
Muster offensiv cVV;17.01.2017;-0,0015155311;-2.340,86;1,0683043875;839.467,41;-0,003667196;EUR
Muster offensiv cVV;18.01.2017;0,0049508897;7.635,46;1,0780754735;847.102,88;0,002217713;EUR
Muster offensiv cVV;19.01.2017;-0,0016490533;-2.555,83;1,0748767720;844.547,05;0,000526095;EUR
Muster offensiv cVV;20.01.2017;0,0020744267;3.209,80;1,0790161325;847.756,85;-0,000252139;EUR
Muster offensiv cVV;21.01.2017;0;0;1,0790161325;847.756,85;0;EUR
Muster offensiv cVV;22.01.2017;0;0;1,0790161325;847.756,85;0;EUR
Muster offensiv cVV;23.01.2017;-0,0035164591;-5.452,38;1,0721301744;842.304,48;-0,004955812;EUR
Muster offensiv cVV;24.01.2017;0,0037007679;5.717,97;1,0794624042;848.022,45;0,003026083;EUR
Muster offensiv cVV;25.01.2017;0,0071040969;11.017,00;1,0935408793;859.039,45;0,009975311;EUR
Muster offensiv cVV;26.01.2017;0,0025893497;4.044,08;1,0987438693;863.083,53;0,003235096;EUR
Muster offensiv cVV;27.01.2017;0,0009070131;1.420,25;1,1006069124;864.503,78;-0,002344731;EUR
Muster offensiv cVV;28.01.2017;0;0;1,1006069124;864.503,78;0;EUR
Muster offensiv cVV;29.01.2017;0;0;1,1006069124;864.503,78;0;EUR
Muster offensiv cVV;30.01.2017;-0,0071407644;-11.191,55;1,0864130917;853.312,23;-0,005906425;EUR
Muster offensiv cVV;31.01.2017;-0,0100222951;-15.595,55;1,0666104853;837.716,68;-0,008545495;EUR
Muster offensiv cVV;01.02.2017;0,0067478781;10.395,04;1,0798996322;848.111,72;0,005866904;EUR
Muster offensiv cVV;02.02.2017;-0,0021197497;-3.287,49;1,0757672424;844.824,23;-0,001783972;EUR
Muster offensiv cVV;03.02.2017;0,0014497035;2.243,56;1,0786777643;847.067,79;0,003729491;EUR
Muster offensiv cVV;04.02.2017;0;0;1,0786777643;847.067,79;0;EUR
Muster offensiv cVV;05.02.2017;0;0;1,0786777643;847.067,79;0;EUR
Muster offensiv cVV;06.02.2017;-0,0039629075;-6.141,88;1,0709097691;840.925,91;-0,003833254;EUR
Muster offensiv cVV;07.02.2017;0,0021652135;3.342,44;1,0752197197;844.268,35;0,003052634;EUR
Muster offensiv cVV;08.02.2017;-0,0013964595;-2.160,38;1,0725215738;842.107,97;0,000691572;EUR
Muster offensiv cVV;09.02.2017;0,0046224590;7.141,15;1,0816702680;849.249,12;0,005820376;EUR
Muster offensiv cVV;10.02.2017;0,0061487429;9.542,99;1,0938791365;858.792,10;0,003663348;EUR
Muster offensiv cVV;11.02.2017;0;0;1,0938791365;858.792,10;0;EUR
Muster offensiv cVV;12.02.2017;0;0;1,0938791365;858.792,10;0;EUR
Muster offensiv cVV;13.02.2017;0,0102862784;16.062,69;1,1143939973;874.854,80;0,005903267;EUR
Muster offensiv cVV;14.02.2017;-0,0019295004;-3.044,03;1,1105713957;871.810,77;0,001425190;EUR
Muster offensiv cVV;15.02.2017;0,0026375659;4.153,07;1,1159169722;875.963,83;0,002384779;EUR
Muster offensiv cVV;16.02.2017;-0,0024077793;-3.801,25;1,1111292759;872.162,58;-0,003761926;EUR
Muster offensiv cVV;17.02.2017;-0,0027025268;-4.256,31;1,1057612890;867.906,28;0,001849391;EUR
Muster offensiv cVV;18.02.2017;0;0;1,1057612890;867.906,28;0;EUR
Muster offensiv cVV;19.02.2017;0;0;1,1057612890;867.906,28;0;EUR
Muster offensiv cVV;20.02.2017;0,0052766179;8.287,87;1,1163754989;876.194,15;0,002909994;EUR
Muster offensiv cVV;21.02.2017;0,0056360815;8.899,19;1,1277696264;885.093,34;0,008721657;EUR
Muster offensiv cVV;22.02.2017;-0,0001621670;-257,50;1,1274969664;884.835,84;0,001129680;EUR
Muster offensiv cVV;23.02.2017;-0,0025719543;-4.083,26;1,1223490378;880.752,58;-0,002282927;EUR
Muster offensiv cVV;24.02.2017;-0,0091233531;-14.447,06;1,1039932343;866.305,52;-0,004144855;EUR
Muster offensiv cVV;25.02.2017;0;0;1,1039932343;866.305,52;0;EUR
Muster offensiv cVV;26.02.2017;0;0;1,1039932343;866.305,52;0;EUR
Muster offensiv cVV;27.02.2017;-0,0008329640;-1.306,99;1,1023817129;864.998,53;-0,000883490;EUR
Muster offensiv cVV;28.02.2017;0,0002635947;413,26;1,1029624217;865.411,79;-0,000820821;EUR
Muster offensiv cVV;01.03.2017;0,0119577480;18.751,96;1,1269168544;884.163,75;0,012689815;EUR
Muster offensiv cVV;02.03.2017;0,0032458632;5.150,98;1,1335375115;889.314,73;-0,000765349;EUR
Muster offensiv cVV;03.03.2017;-0,0034931971;-5.561,48;1,1265037957;883.753,25;-0,002823065;EUR
Muster offensiv cVV;04.03.2017;0;0;1,1265037957;883.753,25;0;EUR
Muster offensiv cVV;05.03.2017;0;0;1,1265037957;883.753,25;0;EUR
Muster offensiv cVV;06.03.2017;-0,0036683784;-5.819,98;1,1191398167;877.933,27;-0,003963415;EUR
Muster offensiv cVV;07.03.2017;-0,0018397748;-2.908,14;1,1154870921;875.025,13;0,000365274;EUR
Muster offensiv cVV;08.03.2017;0,0007390811;1.166,12;1,1170281095;876.191,25;-0,000852097;EUR
Muster offensiv cVV;09.03.2017;-0,0031194324;-4.925,47;1,1108028711;871.265,78;-0,000540900;EUR
Muster offensiv cVV;10.03.2017;-0,0002942490;-463,16;1,1102663896;870.802,62;-0,002025714;EUR
Muster offensiv cVV;11.03.2017;0;0;1,1102663896;870.802,62;0;EUR
Muster offensiv cVV;12.03.2017;0;0;1,1102663896;870.802,62;0;EUR
Muster offensiv cVV;13.03.2017;0,0055586496;8.746,96;1,1214731999;879.549,58;0,001398074;EUR
Muster offensiv cVV;14.03.2017;-0,0003111054;-492,27;1,1208999653;879.057,31;-0,000303502;EUR
Muster offensiv cVV;15.03.2017;0,0006216775;983,39;1,1222083498;880.040,69;0,003816325;EUR
Muster offensiv cVV;16.03.2017;0,0054109069;8.564,46;1,1331844907;888.605,15;0,000354570;EUR
Muster offensiv cVV;17.03.2017;0,0034011193;5.412,47;1,1401419059;894.017,62;-0,000027749;EUR
Muster offensiv cVV;18.03.2017;0;0;1,1401419059;894.017,62;0;EUR
Muster offensiv cVV;19.03.2017;0;0;1,1401419059;894.017,62;0;EUR
Muster offensiv cVV;20.03.2017;-0,0003625303;-578,89;1,1394587936;893.438,73;-0,002129188;EUR
Muster offensiv cVV;21.03.2017;-0,0128063437;-20.441,64;1,1134421180;872.997,10;-0,007980222;EUR
Muster offensiv cVV;22.03.2017;-0,0056281025;-8.868,60;1,1021841336;864.128,50;-0,001886871;EUR
Muster offensiv cVV;23.03.2017;0,0059887806;9.383,83;1,1142068565;873.512,33;0,005050676;EUR
Muster offensiv cVV;24.03.2017;0,0028814996;4.542,07;1,1200544897;878.054,40;0,000351768;EUR
Muster offensiv cVV;25.03.2017;0;0;1,1200544897;878.054,40;0;EUR
Muster offensiv cVV;26.03.2017;0;0;1,1200544897;878.054,40;0;EUR
Muster offensiv cVV;27.03.2017;-0,0071246148;-11.262,79;1,1057408455;866.791,61;-0,005144398;EUR
Muster offensiv cVV;28.03.2017;0,0091759979;14.402,32;1,1241675824;881.193,93;0,008463356;EUR
Muster offensiv cVV;29.03.2017;0,0047832177;7.576,46;1,1338876491;888.770,39;0,006287322;EUR
Muster offensiv cVV;30.03.2017;0,0060467152;9.623,61;1,1462204675;898.394,00;0,002944492;EUR
Muster offensiv cVV;31.03.2017;-0,0008241709;-1.319,64;1,1445917549;897.074,37;0,001962745;EUR
Muster offensiv cVV;01.04.2017;0;0;1,1445917549;897.074,37;0;EUR
Muster offensiv cVV;02.04.2017;0;0;1,1445917549;897.074,37;0;EUR
Muster offensiv cVV;03.04.2017;-0,0032876642;-5.259,76;1,1379353233;891.814,61;-0,000362529;EUR
Muster offensiv cVV;04.04.2017;0,0018979683;3.026,48;1,1418517623;894.841,08;0,000800216;EUR
Muster offensiv cVV;05.04.2017;-0,0017612361;-2.813,78;1,1383157811;892.027,31;-0,002699599;EUR
Muster offensiv cVV;06.04.2017;0,0003757765;599,29;1,1391350296;892.626,59;0,000695125;EUR
Muster offensiv cVV;07.04.2017;-0,0008441071;-1.346,69;1,1374708082;891.279,91;0,001361868;EUR
Muster offensiv cVV;08.04.2017;0;0;1,1374708082;891.279,91;0;EUR
Muster offensiv cVV;09.04.2017;0;0;1,1374708082;891.279,91;0;EUR
Muster offensiv cVV;10.04.2017;0,0003527337;562,28;1,1382427555;891.842,18;0,000464503;EUR
Muster offensiv cVV;11.04.2017;-0,0005015639;-799,80;1,1372762471;891.042,38;-0,002553639;EUR
Muster offensiv cVV;12.04.2017;-0,0016810625;-2.679,30;1,1339105915;888.363,08;-0,000313198;EUR
Muster offensiv cVV;13.04.2017;-0,0011151952;-1.774,43;1,1316996080;886.588,65;-0,003399388;EUR
Muster offensiv cVV;14.04.2017;-0,0001126799;-179,09;1,1315248548;886.409,56;-0,000172822;EUR
Muster offensiv cVV;15.04.2017;0;0;1,1315248548;886.409,56;0;EUR
Muster offensiv cVV;16.04.2017;0;0;1,1315248548;886.409,56;0;EUR
Muster offensiv cVV;17.04.2017;-0,0001917271;-304,69;1,1311896957;886.104,87;0,001471964;EUR
Muster offensiv cVV;18.04.2017;-0,0070425294;-11.189,72;1,1169581099;874.915,15;-0,006266593;EUR
Muster offensiv cVV;19.04.2017;0,0035604294;5.617,25;1,1241827121;880.532,40;-0,001044266;EUR
Muster offensiv cVV;20.04.2017;0,0053010432;8.393,17;1,1349521619;888.925,57;0,000669789;EUR
Muster offensiv cVV;21.04.2017;-0,0007755416;-1.234,43;1,1334297852;887.691,14;0,002467903;EUR
Muster offensiv cVV;22.04.2017;0;0;1,1334297852;887.691,14;0;EUR
Muster offensiv cVV;23.04.2017;0;0;1,1334297852;887.691,14;0;EUR
Muster offensiv cVV;24.04.2017;0,0161597151;25.701,45;1,1663013520;913.392,59;0,011580008;EUR
Muster offensiv cVV;25.04.2017;0,0039350820;6.359,74;1,1744775928;919.752,34;0,000084810;EUR
Muster offensiv cVV;26.04.2017;0,0086245191;13.993,50;1,1924029411;933.745,84;0,002278465;EUR
Muster offensiv cVV;27.04.2017;-0,0042283434;-6.919,76;1,1836222170;926.826,07;-0,000082925;EUR
Muster offensiv cVV;28.04.2017;-0,0006853552;-1.116,85;1,1822516870;925.709,22;-0,001560788;EUR
Muster offensiv cVV;29.04.2017;0;0;1,1822516870;925.709,22;0;EUR
Muster offensiv cVV;30.04.2017;0;0;1,1822516870;925.709,22;0;EUR
Muster offensiv cVV;01.05.2017;-0,0007664010;-1.248,07;1,1807133884;924.461,15;-0,000118280;EUR
Muster offensiv cVV;02.05.2017;0,0077741193;12.650,31;1,1969266188;937.111,46;0,003386813;EUR
Muster offensiv cVV;03.05.2017;0,0001458774;239,22;1,1972884987;937.350,68;-0,000139029;EUR
Muster offensiv cVV;04.05.2017;0,0042908010;7.037,44;1,2063342149;944.388,13;0,002628144;EUR
Muster offensiv cVV;05.05.2017;0,0043163891;7.109,79;1,2154731435;951.497,92;0,002386820;EUR
Muster offensiv cVV;06.05.2017;0;0;1,2154731435;951.497,92;0;EUR
Muster offensiv cVV;07.05.2017;0;0;1,2154731435;951.497,92;0;EUR
Muster offensiv cVV;08.05.2017;0,0007064684;1.168,69;1,2170231772;952.666,61;0,001573682;EUR
Muster offensiv cVV;09.05.2017;0,0018644245;3.086,44;1,2210233300;955.753,05;0,002292502;EUR
Muster offensiv cVV;10.05.2017;-0,0020883556;-3.463,59;1,2166554096;952.289,46;0,001668701;EUR
Muster offensiv cVV;11.05.2017;-0,0016974866;-2.809,45;1,2131228108;949.480,01;-0,002190223;EUR
Muster offensiv cVV;12.05.2017;0,0037132595;6.135,24;1,2210187336;955.615,25;0,000522661;EUR
Muster offensiv cVV;13.05.2017;0;0;1,2210187336;955.615,25;0;EUR
Muster offensiv cVV;14.05.2017;0;0;1,2210187336;955.615,25;0;EUR
Muster offensiv cVV;15.05.2017;0,0010778973;1.787,57;1,2233599296;957.402,83;0,000865231;EUR
Muster offensiv cVV;16.05.2017;0,0045747174;7.594,84;1,2331221024;964.997,66;-0,002652545;EUR
Muster offensiv cVV;17.05.2017;-0,0123936269;-20.669,73;1,2067655805;944.327,93;-0,011364222;EUR
Muster offensiv cVV;18.05.2017;-0,0033656172;-5.543,51;1,1997373856;938.784,42;-0,000673683;EUR
Muster offensiv cVV;19.05.2017;0,0075443468;12.384,48;1,2156209677;951.168,90;0,001783753;EUR
Muster offensiv cVV;20.05.2017;0;0;1,2156209677;951.168,90;0;EUR
Muster offensiv cVV;21.05.2017;0;0;1,2156209677;951.168,90;0;EUR
Muster offensiv cVV;22.05.2017;0,0004004707;662,36;1,2165240715;951.831,26;-0,000385412;EUR
Muster offensiv cVV;23.05.2017;0,0002378611;393,57;1,2170836553;952.224,82;0,002145685;EUR
Muster offensiv cVV;24.05.2017;0,0003437244;568,86;1,2178673053;952.793,69;0,001298284;EUR
Muster offensiv cVV;25.05.2017;0,0043293282;7.167,49;1,2270857796;959.961,18;0,000089171;EUR
Muster offensiv cVV;26.05.2017;-0,0001218901;-202,67;1,2268835916;959.758,51;0,000268236;EUR
Muster offensiv cVV;27.05.2017;0;0;1,2268835916;959.758,51;0;EUR
Muster offensiv cVV;28.05.2017;0;0;1,2268835916;959.758,51;0;EUR
Muster offensiv cVV;29.05.2017;0,0007447029;1.238,09;1,2285231820;960.996,60;0,001453673;EUR
Muster offensiv cVV;30.05.2017;-0,0021113532;-3.512,81;1,2240891173;957.483,79;-0,001261730;EUR
Muster offensiv cVV;31.05.2017;-0,0051159595;-8.493,81;1,2132863663;948.989,99;-0,001289600;EUR
Muster offensiv cVV;01.06.2017;0,0052020069;8.592,48;1,2243284445;957.582,47;0,004319498;EUR
Muster offensiv cVV;02.06.2017;0,0037869420;6.287,67;1,2324245094;963.870,14;0,005640026;EUR
Muster offensiv cVV;03.06.2017;0;0;1,2324245094;963.870,14;0;EUR
Muster offensiv cVV;04.06.2017;0;0;1,2324245094;963.870,14;0;EUR
Muster offensiv cVV;05.06.2017;-0,0003056657;-509,44;1,2318299472;963.360,70;0,000103717;EUR
Muster offensiv cVV;06.06.2017;-0,0073758586;-12.289,17;1,2161720788;951.071,54;-0,005259351;EUR
Muster offensiv cVV;07.06.2017;-0,0006195037;-1.024,56;1,2149178668;950.046,97;-0,000193518;EUR
Muster offensiv cVV;08.06.2017;0,0003379389;558,55;1,2156880654;950.605,53;0,001961941;EUR
Muster offensiv cVV;09.06.2017;0,0069390770;11.472,92;1,2304168381;962.078,45;0,003998016;EUR
Muster offensiv cVV;10.06.2017;0;0;1,2304168381;962.078,45;0;EUR
Muster offensiv cVV;11.06.2017;0;0;1,2304168381;962.078,45;0;EUR
Muster offensiv cVV;12.06.2017;-0,0109295923;-18.196,15;1,2072009431;943.882,30;-0,004967169;EUR
Muster offensiv cVV;13.06.2017;0,0039652973;6.529,48;1,2156077515;950.411,78;0,003944706;EUR
Muster offensiv cVV;14.06.2017;-0,0031710587;-5.242,35;1,2089580419;945.169,43;-0,000562910;EUR
Muster offensiv cVV;15.06.2017;-0,0070356647;-11.594,37;1,1941824805;933.575,06;-0,002450803;EUR
Muster offensiv cVV;16.06.2017;0,0057460977;9.402,62;1,2062650407;942.977,68;0,001675231;EUR
Muster offensiv cVV;17.06.2017;0;0;1,2062650407;942.977,68;0;EUR
Muster offensiv cVV;18.06.2017;0;0;1,2062650407;942.977,68;0;EUR
Muster offensiv cVV;19.06.2017;0,0091574025;15.070,80;1,2255997792;958.048,48;0,007655825;EUR
Muster offensiv cVV;20.06.2017;-0,0043699310;-7.257,68;1,2163708454;950.790,80;-0,003384755;EUR
Muster offensiv cVV;21.06.2017;-0,0027008955;-4.466,10;1,2107125108;946.324,70;-0,002290257;EUR
Muster offensiv cVV;22.06.2017;0,0007667866;1.264,51;1,2123855931;947.589,21;0,000394288;EUR
Muster offensiv cVV;23.06.2017;0,0017047049;2.813,38;1,2160405637;950.402,59;-0,002508220;EUR
Muster offensiv cVV;24.06.2017;0;0;1,2160405637;950.402,59;0;EUR
Muster offensiv cVV;25.06.2017;0;0;1,2160405637;950.402,59;0;EUR
Muster offensiv cVV;26.06.2017;0,0045524015;7.525,92;1,2257257874;957.928,51;0,001549996;EUR
Muster offensiv cVV;27.06.2017;-0,0070754607;-11.750,23;1,2107457565;946.178,28;-0,008555327;EUR
Muster offensiv cVV;28.06.2017;0,0008146613;1.343,34;1,2125198234;947.521,61;-0,000451581;EUR
Muster offensiv cVV;29.06.2017;-0,0107488738;-17.738,81;1,1898739453;929.782,81;-0,011947250;EUR
Muster offensiv cVV;30.06.2017;0,0000432921;70,68;1,1900183878;929.853,48;-0,002749619;EUR
Muster offensiv cVV;01.07.2017;0;0;1,1900183878;929.853,48;0;EUR
Muster offensiv cVV;02.07.2017;0;0;1,1900183878;929.853,48;0;EUR
Muster offensiv cVV;03.07.2017;0,0077885088;12.715,73;1,2063465527;942.569,21;0,006688863;EUR
Muster offensiv cVV;04.07.2017;-0,0010284360;-1.692,13;1,2042354290;940.877,08;-0,000670030;EUR
Muster offensiv cVV;05.07.2017;0,0004311216;708,61;1,2051969316;941.585,69;0,001659363;EUR
Muster offensiv cVV;06.07.2017;-0,0038919662;-6.399,79;1,1970595536;935.185,90;-0,007642163;EUR
Muster offensiv cVV;07.07.2017;0,0005508205;902,22;1,1982685551;936.088,13;0,001722849;EUR
Muster offensiv cVV;08.07.2017;0;0;1,1982685551;936.088,13;0;EUR
Muster offensiv cVV;09.07.2017;0;0;1,1982685551;936.088,13;0;EUR
Muster offensiv cVV;10.07.2017;0,0036337840;5.955,27;1,2059462173;942.043,39;0,002798069;EUR
Muster offensiv cVV;11.07.2017;-0,0013468176;-2.215,27;1,2031646330;939.828,13;-0,001771843;EUR
Muster offensiv cVV;12.07.2017;0,0093794693;15.406,73;1,2229433818;955.234,85;0,009554971;EUR
Muster offensiv cVV;13.07.2017;0,0027979192;4.638,97;1,2289377789;959.873,83;0,001597477;EUR
Muster offensiv cVV;14.07.2017;0,0016862310;2.803,61;1,2325827202;962.677,43;0,000369718;EUR
Muster offensiv cVV;15.07.2017;0;0;1,2325827202;962.677,43;0;EUR
Muster offensiv cVV;16.07.2017;0;0;1,2325827202;962.677,43;0;EUR
Muster offensiv cVV;17.07.2017;-0,0023311818;-3.882,47;1,2276669091;958.794,96;-0,001772179;EUR
Muster offensiv cVV;18.07.2017;-0,0072275355;-12.009,04;1,2123446550;946.785,92;-0,007821922;EUR
Muster offensiv cVV;19.07.2017;0,0048486078;7.998,06;1,2226409152;954.783,99;0,004627722;EUR
Muster offensiv cVV;20.07.2017;-0,0045514188;-7.544,24;1,2130345894;947.239,75;-0,002926329;EUR
Muster offensiv cVV;21.07.2017;-0,0082433699;-13.601,67;1,1956698660;933.638,08;-0,007471790;EUR
Muster offensiv cVV;22.07.2017;0;0;1,1956698660;933.638,08;0;EUR
Muster offensiv cVV;23.07.2017;0;0;1,1956698660;933.638,08;0;EUR
Muster offensiv cVV;24.07.2017;-0,0014889361;-2.436,51;1,1926029092;931.201,57;-0,001109308;EUR
Muster offensiv cVV;25.07.2017;0,0031991183;5.227,28;1,1993511924;936.428,85;0,001724813;EUR
Muster offensiv cVV;26.07.2017;0,0037618620;6.166,45;1,2073029508;942.595,30;0,002658906;EUR
Muster offensiv cVV;27.07.2017;0,0000929744;152,98;1,2075527981;942.748,28;-0,003338525;EUR
Muster offensiv cVV;28.07.2017;-0,0046944220;-7.724,77;1,1977116733;935.023,51;-0,004713307;EUR
Muster offensiv cVV;29.07.2017;0;0;1,1977116733;935.023,51;0;EUR
Muster offensiv cVV;30.07.2017;0;0;1,1977116733;935.023,51;0;EUR
Muster offensiv cVV;31.07.2017;-0,0026438390;-4.330,07;1,1922182353;930.693,44;-0,002614254;EUR
Muster offensiv cVV;01.08.2017;0,0063797982;10.421,19;1,2056214615;941.114,62;0,005739911;EUR
Muster offensiv cVV;02.08.2017;-0,0061317814;-10.079,96;1,1927615272;931.034,66;-0,003500957;EUR
Muster offensiv cVV;03.08.2017;0,0001909753;312,02;1,1932143005;931.346,68;-0,001617250;EUR
Muster offensiv cVV;04.08.2017;0,0069771471;11.401,49;1,2078752137;942.748,17;0,008254247;EUR
Muster offensiv cVV;05.08.2017;0;0;1,2078752137;942.748,17;0;EUR
Muster offensiv cVV;06.08.2017;0;0;1,2078752137;942.748,17;0;EUR
Muster offensiv cVV;07.08.2017;0,0007820614;1.286,90;1,2095777044;944.035,07;-0,001718862;EUR
Muster offensiv cVV;08.08.2017;0,0021257479;3.500,70;1,2141169328;947.535,77;0,001836213;EUR
Muster offensiv cVV;09.08.2017;-0,0053102340;-8.763,53;1,2029411582;938.772,25;-0,004873572;EUR
Muster offensiv cVV;10.08.2017;-0,0086262476;-14.160,38;1,1848485255;924.611,87;-0,008418143;EUR
Muster offensiv cVV;11.08.2017;-0,0068562208;-11.157,71;1,1706021964;913.454,16;-0,001539595;EUR
Muster offensiv cVV;12.08.2017;0;0;1,1706021964;913.454,16;0;EUR
Muster offensiv cVV;13.08.2017;0;0;1,1706021964;913.454,16;0;EUR
Muster offensiv cVV;14.08.2017;0,0076373177;12.343,64;1,1864731495;925.797,80;0,007751806;EUR
Muster offensiv cVV;15.08.2017;0,0004938455;804,26;1,1875563031;926.602,06;0,001618332;EUR
Muster offensiv cVV;16.08.2017;0,0040282014;6.563,45;1,1960209513;933.165,51;0,004085019;EUR
Muster offensiv cVV;17.08.2017;-0,0022779636;-3.726,61;1,1912971389;929.438,90;-0,006375200;EUR
Muster offensiv cVV;18.08.2017;-0,0033648551;-5.492,16;1,1843097934;923.946,75;-0,002412987;EUR
Muster offensiv cVV;19.08.2017;0;0;1,1843097934;923.946,75;0;EUR
Muster offensiv cVV;20.08.2017;0;0;1,1843097934;923.946,75;0;EUR
Muster offensiv cVV;21.08.2017;-0,0025479316;-4.144,77;1,1790489344;919.801,98;-0,004692784;EUR
Muster offensiv cVV;22.08.2017;0,0076651653;12.437,31;1,1950442502;932.239,28;0,009358598;EUR
Muster offensiv cVV;23.08.2017;-0,0006298539;-1.029,82;1,1937765625;931.209,46;-0,003626459;EUR
Muster offensiv cVV;24.08.2017;0,0002000815;326,93;1,1942480958;931.536,39;0,000044222;EUR
Muster offensiv cVV;25.08.2017;-0,0013687486;-2.236,96;1,1914325240;929.299,43;-0,001573572;EUR
Muster offensiv cVV;26.08.2017;0;0;1,1914325240;929.299,43;0;EUR
Muster offensiv cVV;27.08.2017;0;0;1,1914325240;929.299,43;0;EUR
Muster offensiv cVV;28.08.2017;-0,0018320647;-2.990,06;1,1876510806;926.309,37;-0,003363783;EUR
Muster offensiv cVV;29.08.2017;-0,0059093947;-9.626,89;1,1753595953;916.682,48;-0,007683777;EUR
Muster offensiv cVV;30.08.2017;0,0056523706;9.153,76;1,1871483782;925.836,24;0,005607668;EUR
Muster offensiv cVV;31.08.2017;0,0058975477;9.604,80;1,1995165126;935.441,05;0,004797610;EUR
Muster offensiv cVV;01.09.2017;0,0041424382;6.786,20;1,2082712310;942.227,25;0,004086394;EUR
Muster offensiv cVV;02.09.2017;0;0;1,2082712310;942.227,25;0;EUR
Muster offensiv cVV;03.09.2017;0;0;1,2082712310;942.227,25;0;EUR
Muster offensiv cVV;04.09.2017;-0,0033364528;-5.488,47;1,2012854817;936.738,78;-0,002551334;EUR
Muster offensiv cVV;05.09.2017;-0,0011360863;-1.862,63;1,1989491004;934.876,15;-0,001139586;EUR
Muster offensiv cVV;06.09.2017;0,0007371169;1.207,14;1,2005495186;936.083,29;0,003094179;EUR
Muster offensiv cVV;07.09.2017;-0,0001104182;-180,96;1,2003696825;935.902,33;0,001841391;EUR
Muster offensiv cVV;08.09.2017;-0,0005138257;-841,99;1,1993419188;935.060,34;-0,000311424;EUR
Muster offensiv cVV;09.09.2017;0;0;1,1993419188;935.060,34;0;EUR
Muster offensiv cVV;10.09.2017;0;0;1,1993419188;935.060,34;0;EUR
Muster offensiv cVV;11.09.2017;0,0061156831;10.016,47;1,2122420799;945.076,81;0,009682372;EUR
Muster offensiv cVV;12.09.2017;0,0030510214;5.027,63;1,2187438880;950.104,43;0,003101053;EUR
Muster offensiv cVV;13.09.2017;0,0003515608;581,09;1,2195421815;950.685,52;0,001658941;EUR
Muster offensiv cVV;14.09.2017;-0,0003534374;-584,34;1,2188455355;950.101,19;0,000314371;EUR
Muster offensiv cVV;15.09.2017;-0,0021552604;-3.562,02;1,2143286638;946.539,16;-0,002980291;EUR
Muster offensiv cVV;16.09.2017;0;0;1,2143286638;946.539,16;0;EUR
Muster offensiv cVV;17.09.2017;0;0;1,2143286638;946.539,16;0;EUR
Muster offensiv cVV;18.09.2017;0,0027559387;4.544,96;1,2202123671;951.084,12;0,002013449;EUR
Muster offensiv cVV;19.09.2017;-0,0001365228;-225,77;1,2199755739;950.858,35;0,000404732;EUR
Muster offensiv cVV;20.09.2017;0,0000792445;131,03;1,2201965112;950.989,38;0,000333903;EUR
Muster offensiv cVV;21.09.2017;0,0013745518;2.272,96;1,2231658111;953.262,34;0,001431781;EUR
Muster offensiv cVV;22.09.2017;0,0017489116;2.895,98;1,2269347713;956.158,31;-0,000941017;EUR
Muster offensiv cVV;23.09.2017;0;0;1,2269347713;956.158,31;0;EUR
Muster offensiv cVV;24.09.2017;0;0;1,2269347713;956.158,31;0;EUR
Muster offensiv cVV;25.09.2017;0,0044819415;7.434,51;1,2365280687;963.592,82;0,002833317;EUR
Muster offensiv cVV;26.09.2017;0,0033592894;5.597,26;1,2437644044;969.190,08;0,002372701;EUR
Muster offensiv cVV;27.09.2017;0,0016801881;2.808,94;1,2474229035;971.999,02;0,003517474;EUR
Muster offensiv cVV;28.09.2017;-0,0009247176;-1.548,54;1,2454892206;970.450,48;0,000413571;EUR
Muster offensiv cVV;29.09.2017;0,0016810666;2.812,53;1,2491526195;973.263,01;0,004117484;EUR
Muster offensiv cVV;30.09.2017;0;0;1,2491526195;973.263,01;0;EUR
Muster offensiv cVV;01.10.2017;0;0;1,2491526195;973.263,01;0;EUR
Muster offensiv cVV;02.10.2017;0,0072458674;12.143,16;1,2647923761;985.406,17;0,005901116;EUR
Muster offensiv cVV;03.10.2017;0,0016404976;2.769,19;1,2684011958;988.175,35;0,000344906;EUR
Muster offensiv cVV;04.10.2017;0,0005251902;887,98;1,2695955008;989.063,34;0,002029748;EUR
Muster offensiv cVV;05.10.2017;-0,0000472197;-79,88;1,2695474231;988.983,46;0,002300995;EUR
Muster offensiv cVV;06.10.2017;-0,0011697360;-1.978,72;1,2670616707;987.004,74;-0,001324157;EUR
Muster offensiv cVV;07.10.2017;0;0;1,2670616707;987.004,74;0;EUR
Muster offensiv cVV;08.10.2017;0;0;1,2670616707;987.004,74;0;EUR
Muster offensiv cVV;09.10.2017;-0,0026370417;-4.455,59;1,2613958566;982.549,15;0,000479797;EUR
Muster offensiv cVV;10.10.2017;-0,0021553964;-3.632,19;1,2567866343;978.916,96;-0,001696994;EUR
Muster offensiv cVV;11.10.2017;-0,0016232148;-2.729,48;1,2533359645;976.187,48;0,000230543;EUR
Muster offensiv cVV;12.10.2017;0,0005078447;852,57;1,2544841755;977.040,05;0,000337965;EUR
Muster offensiv cVV;13.10.2017;0,0022444571;3.769,90;1,2593783514;980.809,96;0,001786587;EUR
Muster offensiv cVV;14.10.2017;0;0;1,2593783514;980.809,96;0;EUR
Muster offensiv cVV;15.10.2017;0;0;1,2593783514;980.809,96;0;EUR
Muster offensiv cVV;16.10.2017;0,0011326434;1.906,72;1,2618804264;982.716,67;0,002266820;EUR
Muster offensiv cVV;17.10.2017;0,0012743247;2.147,65;1,2646920646;984.864,33;0,000753991;EUR
Muster offensiv cVV;18.10.2017;-0,0005095283;-859,82;1,2636417525;984.004,51;0,000908717;EUR
Muster offensiv cVV;19.10.2017;-0,0049527126;-8.353,32;1,2529678642;975.651,19;-0,003365714;EUR
Muster offensiv cVV;20.10.2017;0,0005744688;964,11;1,2542593241;976.615,30;0,002157298;EUR
Muster offensiv cVV;21.10.2017;0;0;1,2542593241;976.615,30;0;EUR
Muster offensiv cVV;22.10.2017;0;0;1,2542593241;976.615,30;0;EUR
Muster offensiv cVV;23.10.2017;-0,0014489885;-2.433,18;1,2511875510;974.182,12;0,000880818;EUR
Muster offensiv cVV;24.10.2017;-0,0028681291;-4.809,26;1,2450636319;969.372,86;-0,000375737;EUR
Muster offensiv cVV;25.10.2017;-0,0063028458;-10.538,26;1,2315805050;958.834,60;-0,004804740;EUR
Muster offensiv cVV;26.10.2017;0,0102009778;16.948,37;1,2534030343;975.782,97;0,009498817;EUR
Muster offensiv cVV;27.10.2017;0,0062021114;10.409,59;1,2668278781;986.192,56;0,008636111;EUR
Muster offensiv cVV;28.10.2017;0;0;1,2668278781;986.192,56;0;EUR
Muster offensiv cVV;29.10.2017;0;0;1,2668278781;986.192,56;0;EUR
Muster offensiv cVV;30.10.2017;0,0000740129;124,99;1,2670420313;986.317,55;-0,000916484;EUR
Muster offensiv cVV;31.10.2017;0,0003776669;637,85;1,2679150125;986.955,40;-0,000274879;EUR
Muster offensiv cVV;01.11.2017;0,0069411007;11.727,45;1,2830351293;998.682,85;0,008602260;EUR
Muster offensiv cVV;02.11.2017;-0,0081321854;-13.835,24;1,2653140099;984.847,62;-0,002056681;EUR
Muster offensiv cVV;03.11.2017;0,0035597761;6.006,97;1,2730853290;990.854,59;0,003310508;EUR
Muster offensiv cVV;04.11.2017;0;0;1,2730853290;990.854,59;0;EUR
Muster offensiv cVV;05.11.2017;0;0;1,2730853290;990.854,59;0;EUR
Muster offensiv cVV;06.11.2017;0,0040761084;6.902,75;1,2820082280;997.757,34;0,001281765;EUR
Muster offensiv cVV;07.11.2017;-0,0029407228;-5.000,31;1,2756370672;992.757,03;-0,002095823;EUR
Muster offensiv cVV;08.11.2017;-0,0007410481;-1.256,35;1,2740763078;991.500,68;0,000538368;EUR
Muster offensiv cVV;09.11.2017;-0,0086096060;-14.585,63;1,2553865493;976.915,05;-0,008778952;EUR
Muster offensiv cVV;10.11.2017;-0,0032279287;-5.421,39;1,2484721977;971.493,66;-0,003328871;EUR
Muster offensiv cVV;11.11.2017;0;0;1,2484721977;971.493,66;0;EUR
Muster offensiv cVV;12.11.2017;0;0;1,2484721977;971.493,66;0;EUR
Muster offensiv cVV;13.11.2017;-0,0035937943;-6.016,39;1,2407925534;965.477,27;-0,002389553;EUR
Muster offensiv cVV;14.11.2017;-0,0062936550;-10.498,37;1,2273519133;954.978,90;-0,004641646;EUR
Muster offensiv cVV;15.11.2017;-0,0037541610;-6.222,86;1,2194052794;948.756,04;-0,004997707;EUR
Muster offensiv cVV;16.11.2017;0,0069624358;11.497,54;1,2342343361;960.253,58;0,005787974;EUR
Muster offensiv cVV;17.11.2017;0,0002886086;479,92;1,2349028168;960.733,49;-0,002240205;EUR
Muster offensiv cVV;18.11.2017;0;0;1,2349028168;960.733,49;0;EUR
Muster offensiv cVV;19.11.2017;0;0;1,2349028168;960.733,49;0;EUR
Muster offensiv cVV;20.11.2017;0,0020224802;3.364,08;1,2392786962;964.097,57;0,003476497;EUR
Muster offensiv cVV;21.11.2017;0,0067938652;11.323,39;1,2538864510;975.420,97;0,006019028;EUR
Muster offensiv cVV;22.11.2017;-0,0019982990;-3.353,21;1,2496280801;972.067,76;-0,005941998;EUR
Muster offensiv cVV;23.11.2017;0,0007890494;1.321,40;1,2513789434;973.389,16;-0,001367008;EUR
Muster offensiv cVV;24.11.2017;-0,0014384886;-2.410,91;1,2483314877;970.978,25;-0,000399817;EUR
Muster offensiv cVV;25.11.2017;0;0;1,2483314877;970.978,25;0;EUR
Muster offensiv cVV;26.11.2017;0;0;1,2483314877;970.978,25;0;EUR
Muster offensiv cVV;27.11.2017;-0,0018502020;-3.096,48;1,2444022972;967.881,78;-0,001573043;EUR
Muster offensiv cVV;28.11.2017;0,0040067972;6.693,33;1,2530599752;974.575,10;0,005344047;EUR
Muster offensiv cVV;29.11.2017;-0,0035343547;-5.927,77;1,2454900801;968.647,33;0,000079983;EUR
Muster offensiv cVV;30.11.2017;-0,0027237560;-4.552,10;1,2396884274;964.095,23;-0,001203040;EUR
Muster offensiv cVV;01.12.2017;-0,0054808715;-9.135,00;1,2279930482;954.960,23;-0,003812888;EUR
Muster offensiv cVV;02.12.2017;0;0;1,2279930482;954.960,23;0;EUR
Muster offensiv cVV;03.12.2017;0;0;1,2279930482;954.960,23;0;EUR
Muster offensiv cVV;04.12.2017;0,0076917054;12.749,55;1,2444393871;967.709,78;0,006317429;EUR
Muster offensiv cVV;05.12.2017;0,0013042032;2.178,44;1,2472924192;969.888,22;-0,000685235;EUR
Muster offensiv cVV;06.12.2017;-0,0026494297;-4.431,17;1,2416452278;965.457,05;-0,000750052;EUR
Muster offensiv cVV;07.12.2017;0,0030369658;5.065,87;1,2482118793;970.522,91;0,002426536;EUR
Muster offensiv cVV;08.12.2017;0,0069045356;11.552,21;1,2631216134;982.075,12;0,006005334;EUR
Muster offensiv cVV;09.12.2017;0;0;1,2631216134;982.075,12;0;EUR
Muster offensiv cVV;10.12.2017;0;0;1,2631216134;982.075,12;0;EUR
Muster offensiv cVV;11.12.2017;0,0018114880;3.051,79;1,2670990411;985.126,91;-0,000894608;EUR
Muster offensiv cVV;12.12.2017;0,0045970479;7.758,61;1,2771310551;992.885,52;0,004095935;EUR
Muster offensiv cVV;13.12.2017;-0,0032940352;-5.585,02;1,2699994613;987.300,50;-0,002314230;EUR
Muster offensiv cVV;14.12.2017;0,0010563489;1.785,14;1,2723481233;989.085,64;-0,003583729;EUR
Muster offensiv cVV;15.12.2017;0,0006388000;1.080,66;1,2737906613;990.166,29;0,002805407;EUR
Muster offensiv cVV;16.12.2017;0;0;1,2737906613;990.166,29;0;EUR
Muster offensiv cVV;17.12.2017;0;0;1,2737906613;990.166,29;0;EUR
Muster offensiv cVV;18.12.2017;0,0116532866;19.726,42;1,2992209339;1.009.892,71;0,007694833;EUR
Muster offensiv cVV;19.12.2017;-0,0060701129;-10.395,09;1,2859005200;999.497,62;-0,004529824;EUR
Muster offensiv cVV;20.12.2017;-0,0060160448;-10.239,96;1,2727785564;989.257,66;-0,007005327;EUR
Muster offensiv cVV;21.12.2017;0,0048499806;8.205,53;1,2833884061;997.463,19;0,002672466;EUR
Muster offensiv cVV;22.12.2017;-0,0005957964;-1.012,90;1,2821376830;996.450,29;-0,000532130;EUR
Muster offensiv cVV;23.12.2017;0;0;1,2821376830;996.450,29;0;EUR
Muster offensiv cVV;24.12.2017;0;0;1,2821376830;996.450,29;0;EUR
Muster offensiv cVV;25.12.2017;-0,0000957016;-162,60;1,2819809363;996.287,69;0,000062741;EUR
Muster offensiv cVV;26.12.2017;0,0000980610;166,60;1,2822477484;996.454,28;-0,001081730;EUR
Muster offensiv cVV;27.12.2017;0,0032610337;5.540,71;1,2894302847;1.001.994,99;-0,000017368;EUR
Muster offensiv cVV;28.12.2017;-0,0027684297;-4.719,08;1,2834098794;997.275,91;-0,003554131;EUR
Muster offensiv cVV;29.12.2017;-0,0026948974;-4.581,02;1,2775666180;992.694,89;-0,004576384;EUR
Muster offensiv cVV;30.12.2017;0;0;1,2775666180;992.694,89;0;EUR
Muster offensiv cVV;31.12.2017;0;0;1,2775666180;992.694,89;0;EUR
Muster offensiv cVV;01.01.2018;0,0002327326;389,78;1,2781347171;993.084,67;0,000004045;EUR
Muster offensiv cVV;02.01.2018;0,0026235683;4.394,99;1,2838579240;997.479,66;-0,000301572;EUR
Muster offensiv cVV;03.01.2018;0,0109357669;18.367,59;1,3075667701;1.015.847,25;0,005638063;EUR
Muster offensiv cVV;04.01.2018;0,0072080687;12.238,99;1,3233890613;1.028.086,23;0,006852521;EUR
Muster offensiv cVV;05.01.2018;0,0081997830;14.023,23;1,3415097973;1.042.109,46;0,008084536;EUR
Muster offensiv cVV;06.01.2018;0;0;1,3415097973;1.042.109,46;0;EUR
Muster offensiv cVV;07.01.2018;0;0;1,3415097973;1.042.109,46;0;EUR
Muster offensiv cVV;08.01.2018;0,0064112722;11.054,43;1,3558104163;1.053.163,90;0,003641748;EUR
Muster offensiv cVV;09.01.2018;0,0047556299;8.252,32;1,3665049097;1.061.416,22;0,002509997;EUR
Muster offensiv cVV;10.01.2018;-0,0012413987;-2.164,41;1,3637888926;1.059.251,81;-0,004596292;EUR
Muster offensiv cVV;11.01.2018;-0,0022409363;-3.902,28;1,3588349095;1.055.349,53;-0,003310227;EUR
Muster offensiv cVV;12.01.2018;0,0016828726;2.923,92;1,3626700104;1.058.273,45;0,000294586;EUR
Muster offensiv cVV;13.01.2018;0;0;1,3626700104;1.058.273,45;0;EUR
Muster offensiv cVV;14.01.2018;0;0;1,3626700104;1.058.273,45;0;EUR
Muster offensiv cVV;15.01.2018;-0,0036561919;-6.363,17;1,3545464420;1.051.910,28;-0,003513325;EUR
Muster offensiv cVV;16.01.2018;-0,0038615614;-6.696,02;1,3459933434;1.045.214,25;0,001845617;EUR
Muster offensiv cVV;17.01.2018;-0,0017599307;-3.039,97;1,3421476947;1.042.174,28;-0,000126954;EUR
Muster offensiv cVV;18.01.2018;0,0059569294;10.271,43;1,3554453557;1.052.445,72;0,002244904;EUR
Muster offensiv cVV;19.01.2018;0,0069512382;12.057,30;1,3710444661;1.064.503,02;0,006785162;EUR
Muster offensiv cVV;20.01.2018;0;0;1,3710444661;1.064.503,02;0;EUR
Muster offensiv cVV;21.01.2018;0;0;1,3710444661;1.064.503,02;0;EUR
Muster offensiv cVV;22.01.2018;0,0031215804;5.452,19;1,3781375168;1.069.955,21;0,002450753;EUR
Muster offensiv cVV;23.01.2018;0,0027027197;4.735,34;1,3843078605;1.074.690,55;0,002938235;EUR
Muster offensiv cVV;24.01.2018;-0,0101539765;-17.838,50;1,3613999419;1.056.852,05;-0,006492175;EUR
Muster offensiv cVV;25.01.2018;-0,0038253157;-6.652,08;1,3529003188;1.050.199,97;-0,007010296;EUR
Muster offensiv cVV;26.01.2018;0,0048668302;8.430,85;1,3638310617;1.058.630,83;0,005407946;EUR
Muster offensiv cVV;27.01.2018;0;0;1,3638310617;1.058.630,83;0;EUR
Muster offensiv cVV;28.01.2018;0;0;1,3638310617;1.058.630,83;0;EUR
Muster offensiv cVV;29.01.2018;0,0023070744;4.016,02;1,3690749510;1.062.646,84;-0,001077063;EUR
Muster offensiv cVV;30.01.2018;-0,0094527982;-16.492,83;1,3478951303;1.046.154,02;-0,008375658;EUR
Muster offensiv cVV;31.01.2018;-0,0014513967;-2.508,40;1,3447319525;1.043.645,62;-0,001813951;EUR
Muster offensiv cVV;01.02.2018;-0,0081040539;-13.985,61;1,3267793078;1.029.660,01;-0,005621985;EUR
Muster offensiv cVV;02.02.2018;-0,0142084392;-24.321,57;1,2955055851;1.005.338,44;-0,012610592;EUR
Muster offensiv cVV;03.02.2018;0;0;1,2955055851;1.005.338,44;0;EUR
Muster offensiv cVV;04.02.2018;0;0;1,2955055851;1.005.338,44;0;EUR
Muster offensiv cVV;05.02.2018;-0,0085663110;-14.455,20;1,2769433256;990.883,24;-0,013831637;EUR
Muster offensiv cVV;06.02.2018;-0,0204322150;-34.182,94;1,2329548439;956.700,30;-0,006944954;EUR
Muster offensiv cVV;07.02.2018;0,0170768069;27.985,63;1,2690861328;984.685,94;0,007632389;EUR
Muster offensiv cVV;08.02.2018;-0,0219355963;-36.562,14;1,2220261368;948.123,79;-0,019074159;EUR
Muster offensiv cVV;09.02.2018;-0,0158741346;-25.878,54;1,1887319848;922.245,25;-0,003144995;EUR
Muster offensiv cVV;10.02.2018;0;0;1,1887319848;922.245,25;0;EUR
Muster offensiv cVV;11.02.2018;0;0;1,1887319848;922.245,25;0;EUR
Muster offensiv cVV;12.02.2018;0,0183534162;29.445,38;1,2267480270;951.690,64;0,009251909;EUR
Muster offensiv cVV;13.02.2018;-0,0062802652;-10.260,70;1,2135833575;941.429,94;-0,004184827;EUR
Muster offensiv cVV;14.02.2018;0,0117613146;19.094,95;1,2382611522;960.524,90;0,007364174;EUR
Muster offensiv cVV;15.02.2018;0,0100553409;16.517,25;1,2596181727;977.042,14;0,002536969;EUR
Muster offensiv cVV;16.02.2018;0,0083562901;13.864,35;1,2775569741;990.906,49;0,005818237;EUR
Muster offensiv cVV;17.02.2018;0;0;1,2775569741;990.906,49;0;EUR
Muster offensiv cVV;18.02.2018;0;0;1,2775569741;990.906,49;0;EUR
Muster offensiv cVV;19.02.2018;-0,0038032010;-6.362,81;1,2694177177;984.543,68;-0,000896233;EUR
Muster offensiv cVV;20.02.2018;0,0033927637;5.654,56;1,2767729238;990.198,24;0,003183415;EUR
Muster offensiv cVV;21.02.2018;0,0021450062;3.587,11;1,2814628913;993.785,35;-0,001239507;EUR
Muster offensiv cVV;22.02.2018;-0,0001882709;-315,52;1,2811206719;993.469,82;-0,000289782;EUR
Muster offensiv cVV;23.02.2018;0,0039630017;6.640,32;1,2897486670;1.000.110,15;0,005909422;EUR
Muster offensiv cVV;24.02.2018;0;0;1,2897486670;1.000.110,15;0;EUR
Muster offensiv cVV;25.02.2018;0;0;1,2897486670;1.000.110,15;0;EUR
Muster offensiv cVV;26.02.2018;0,0077296649;13.002,99;1,3065832310;1.013.113,14;0,005004642;EUR
Muster offensiv cVV;27.02.2018;-0,0013241446;-2.244,72;1,3037539060;1.010.868,42;-0,003087209;EUR
Muster offensiv cVV;28.02.2018;-0,0076639461;-12.974,89;1,2870844539;997.893,53;-0,004062251;EUR
Muster offensiv cVV;01.03.2018;-0,0193402313;-32.491,64;1,2452392727;965.401,89;-0,011636430;EUR
Muster offensiv cVV;02.03.2018;-0,0188336968;-31.028,72;1,2052768966;934.373,16;-0,012570341;EUR
Muster offensiv cVV;03.03.2018;0;0;1,2052768966;934.373,16;0;EUR
Muster offensiv cVV;04.03.2018;0;0;1,2052768966;934.373,16;0;EUR
Muster offensiv cVV;05.03.2018;0,0128077825;20.703,55;1,2320448741;955.076,72;0,008116756;EUR
Muster offensiv cVV;06.03.2018;0,0031518733;5.160,20;1,2387636232;960.236,92;0,000171659;EUR
Muster offensiv cVV;07.03.2018;0,0030705931;5.042,98;1,2453317579;965.279,90;0,003771902;EUR
Muster offensiv cVV;08.03.2018;0,0067596269;11.135,74;1,2597613126;976.415,63;0,007643828;EUR
Muster offensiv cVV;09.03.2018;0,0047825554;7.931,99;1,2700586088;984.347,62;0,004171335;EUR
Muster offensiv cVV;10.03.2018;0;0;1,2700586088;984.347,62;0;EUR
Muster offensiv cVV;11.03.2018;0;0;1,2700586088;984.347,62;0;EUR
Muster offensiv cVV;12.03.2018;0,0012461864;2.076,72;1,2728017166;986.424,34;0,003372620;EUR
Muster offensiv cVV;13.03.2018;-0,0061885808;-10.325,85;1,2595409786;976.098,48;-0,009932937;EUR
Muster offensiv cVV;14.03.2018;-0,0006384501;-1.058,68;1,2582376624;975.039,80;0,000102454;EUR
Muster offensiv cVV;15.03.2018;0,0062539003;10.363,64;1,2716748126;985.403,44;0,004333089;EUR
Muster offensiv cVV;16.03.2018;0,0045014055;7.506,15;1,2814254359;992.909,59;0,002770455;EUR
Muster offensiv cVV;17.03.2018;0;0;1,2814254359;992.909,59;0;EUR
Muster offensiv cVV;18.03.2018;0;0;1,2814254359;992.909,59;0;EUR
Muster offensiv cVV;19.03.2018;-0,0161192761;-27.000,09;1,2466418296;965.909,50;-0,010936219;EUR
Muster offensiv cVV;20.03.2018;0,0062695794;10.332,38;1,2600399053;976.241,89;0,004522058;EUR
Muster offensiv cVV;21.03.2018;0,0010861690;1.801,25;1,2624275398;978.043,14;-0,000152618;EUR
Muster offensiv cVV;22.03.2018;-0,0133142257;-22.103,64;1,2339581387;955.939,49;-0,013421301;EUR
Muster offensiv cVV;23.03.2018;-0,0117879423;-19.309,22;1,2090931667;936.630,27;-0,014846779;EUR
Muster offensiv cVV;24.03.2018;0;0;1,2090931667;936.630,27;0;EUR
Muster offensiv cVV;25.03.2018;0;0;1,2090931667;936.630,27;0;EUR
Muster offensiv cVV;26.03.2018;-0,0071659217;-11.599,76;1,1941782936;925.030,51;0,000340240;EUR
Muster offensiv cVV;27.03.2018;0,0141837948;22.795,34;1,2236668240;947.825,85;0,005066532;EUR
Muster offensiv cVV;28.03.2018;-0,0058374855;-9.514,72;1,2114430648;938.311,13;-0,000633501;EUR
Muster offensiv cVV;29.03.2018;0,0076215692;12.350,15;1,2274489296;950.661,27;0,009904498;EUR
Muster offensiv cVV;30.03.2018;-0,0001055717;-172,37;1,2272870420;950.488,90;0,000239072;EUR
Muster offensiv cVV;31.03.2018;0;0;1,2272870420;950.488,90;0;EUR
Muster offensiv cVV;01.04.2018;0;0;1,2272870420;950.488,90;0;EUR
Muster offensiv cVV;02.04.2018;0,0004171566;681,05;1,2282270970;951.169,95;-0,005457298;EUR
Muster offensiv cVV;03.04.2018;-0,0071609591;-11.695,84;1,2131843653;939.474,10;-0,000067879;EUR
Muster offensiv cVV;04.04.2018;-0,0034824101;-5.647,02;1,2059516021;933.827,09;0,000275178;EUR
Muster offensiv cVV;05.04.2018;0,0216859883;35.043,17;1,2512682991;968.870,26;0,016444298;EUR
Muster offensiv cVV;06.04.2018;-0,0075042020;-12.389,28;1,2353287277;956.480,98;-0,007589079;EUR
Muster offensiv cVV;07.04.2018;0;0;1,2353287277;956.480,98;0;EUR
Muster offensiv cVV;08.04.2018;0;0;1,2353287277;956.480,98;0;EUR
Muster offensiv cVV;09.04.2018;0,0004860357;796,41;1,2364181641;957.277,39;0,000590029;EUR
Muster offensiv cVV;10.04.2018;0,0082131538;13.464,53;1,2538705890;970.741,92;0,008001222;EUR
Muster offensiv cVV;11.04.2018;-0,0011264045;-1.861,78;1,2515272880;968.880,15;-0,005222953;EUR
Muster offensiv cVV;12.04.2018;0,0098708644;16.296,69;1,2726406189;985.176,84;0,007263837;EUR
Muster offensiv cVV;13.04.2018;0,0010076083;1.679,97;1,2748733254;986.856,81;0,000313654;EUR
Muster offensiv cVV;14.04.2018;0;0;1,2748733254;986.856,81;0;EUR
Muster offensiv cVV;15.04.2018;0;0;1,2748733254;986.856,81;0;EUR
Muster offensiv cVV;16.04.2018;-0,0026902659;-4.489,96;1,2691351654;982.366,85;-0,000747085;EUR
Muster offensiv cVV;17.04.2018;0,0119423082;19.877,69;1,2948788806;1.002.244,53;0,009685199;EUR
Muster offensiv cVV;18.04.2018;0,0051232134;8.629,30;1,3060916799;1.010.873,84;0,000197382;EUR
Muster offensiv cVV;19.04.2018;-0,0015526279;-2.628,57;1,3027591611;1.008.245,26;-0,002146758;EUR
Muster offensiv cVV;20.04.2018;0,0001149151;194,25;1,3030738231;1.008.439,51;-0,001001732;EUR
Muster offensiv cVV;21.04.2018;0;0;1,3030738231;1.008.439,51;0;EUR
Muster offensiv cVV;22.04.2018;0;0;1,3030738231;1.008.439,51;0;EUR
Muster offensiv cVV;23.04.2018;0,0023260366;3.932,28;1,3082188651;1.012.371,79;0,002089572;EUR
Muster offensiv cVV;24.04.2018;-0,0031856472;-5.398,02;1,3013068640;1.006.973,77;-0,003265992;EUR
Muster offensiv cVV;25.04.2018;-0,0077057773;-13.015,70;1,2845493712;993.958,07;-0,003348428;EUR
Muster offensiv cVV;26.04.2018;0,0087662213;14.692,78;1,3036011967;1.008.650,85;0,007409729;EUR
Muster offensiv cVV;27.04.2018;0,0051767639;8.752,67;1,3149773298;1.017.403,51;0,003707441;EUR
Muster offensiv cVV;28.04.2018;0;0;1,3149773298;1.017.403,51;0;EUR
Muster offensiv cVV;29.04.2018;0;0;1,3149773298;1.017.403,51;0;EUR
Muster offensiv cVV;30.04.2018;-0,0000501740;-85,27;1,3149310736;1.017.318,24;-0,000016597;EUR
Muster offensiv cVV;01.05.2018;-0,0006299927;-1.070,63;1,3136110809;1.016.247,62;0,002406670;EUR
Muster offensiv cVV;02.05.2018;0,0101656602;17.264,92;1,3359927535;1.033.512,53;0,005365155;EUR
Muster offensiv cVV;03.05.2018;-0,0077488549;-13.294,10;1,3188718364;1.020.218,43;-0,003638145;EUR
Muster offensiv cVV;04.05.2018;0,0044673628;7.604,91;1,3287674037;1.027.823,35;0,007684323;EUR
Muster offensiv cVV;05.05.2018;0;0;1,3287674037;1.027.823,35;0;EUR
Muster offensiv cVV;06.05.2018;0;0;1,3287674037;1.027.823,35;0;EUR
Muster offensiv cVV;07.05.2018;0,0085551353;14.628,70;1,3477446539;1.042.452,05;0,005804482;EUR
Muster offensiv cVV;08.05.2018;0,0013154844;2.268,63;1,3507430732;1.044.720,68;0,000334747;EUR
Muster offensiv cVV;09.05.2018;0,0023931704;4.132,60;1,3561518082;1.048.853,28;0,003549631;EUR
Muster offensiv cVV;10.05.2018;0,0031399741;5.435,18;1,3632453095;1.054.288,46;0,004298981;EUR
Muster offensiv cVV;11.05.2018;0,0022271591;3.867,23;1,3683119188;1.058.155,69;-0,001198066;EUR
Muster offensiv cVV;12.05.2018;0;0;1,3683119188;1.058.155,69;0;EUR
Muster offensiv cVV;13.05.2018;0;0;1,3683119188;1.058.155,69;0;EUR
Muster offensiv cVV;14.05.2018;0,0035836022;6.236,42;1,3764427261;1.064.392,11;-0,001126009;EUR
Muster offensiv cVV;15.05.2018;-0,0033628817;-5.873,28;1,3689135836;1.058.518,83;0,000132266;EUR
Muster offensiv cVV;16.05.2018;0,0072917968;12.692,31;1,3853944793;1.071.211,14;0,003989617;EUR
Muster offensiv cVV;17.05.2018;0,0089273383;15.652,48;1,4057054829;1.086.863,62;0,003639964;EUR
Muster offensiv cVV;18.05.2018;-0,0000351346;-62,15;1,4056927338;1.086.801,47;-0,000677810;EUR
Muster offensiv cVV;19.05.2018;0;0;1,4056927338;1.086.801,47;0;EUR
Muster offensiv cVV;20.05.2018;0;0;1,4056927338;1.086.801,47;0;EUR
Muster offensiv cVV;21.05.2018;0,0011318832;2.002,20;1,4083501351;1.088.803,67;0,002449786;EUR
Muster offensiv cVV;22.05.2018;0,0013859165;2.454,34;1,4115925969;1.091.258,01;0,001738914;EUR
Muster offensiv cVV;23.05.2018;-0,0076209421;-13.514,73;1,3941775993;1.077.743,28;-0,003884142;EUR
Muster offensiv cVV;24.05.2018;-0,0010734976;-1.889,20;1,3918004802;1.075.854,08;-0,004770350;EUR
Muster offensiv cVV;25.05.2018;0,0037906526;6.663,83;1,4004884038;1.082.517,91;0,003879082;EUR
Muster offensiv cVV;26.05.2018;0;0;1,4004884038;1.082.517,91;0;EUR
Muster offensiv cVV;27.05.2018;0;0;1,4004884038;1.082.517,91;0;EUR
Muster offensiv cVV;28.05.2018;0,0003762831;664,00;1,4014145614;1.083.181,91;-0,000919268;EUR
Muster offensiv cVV;29.05.2018;-0,0075396902;-13.309,75;1,3842607335;1.069.872,16;-0,007822857;EUR
Muster offensiv cVV;30.05.2018;0,0027516342;4.820,81;1,3905646690;1.074.692,97;0,004500641;EUR
Muster offensiv cVV;31.05.2018;-0,0072970188;-12.819,42;1,3740430501;1.061.873,55;-0,008432240;EUR
Muster offensiv cVV;01.06.2018;0,0063944993;11.151,90;1,3885396799;1.073.025,45;0,006247613;EUR
Muster offensiv cVV;02.06.2018;0;0;1,3885396799;1.073.025,45;0;EUR
Muster offensiv cVV;03.06.2018;0;0;1,3885396799;1.073.025,45;0;EUR
Muster offensiv cVV;04.06.2018;-0,0003999812;-702,02;1,3876974447;1.072.323,43;0,002484092;EUR
Muster offensiv cVV;05.06.2018;0,0040812518;7.160,28;1,3970301925;1.079.483,71;0,001332694;EUR
Muster offensiv cVV;06.06.2018;0,0041581781;7.325,02;1,4065769811;1.086.808,73;-0,000202920;EUR
Muster offensiv cVV;07.06.2018;-0,0030628288;-5.417,89;1,3996316244;1.081.390,83;-0,002009546;EUR
Muster offensiv cVV;08.06.2018;0,0014410240;2.541,25;1,4029874634;1.083.932,08;0,001102554;EUR
Muster offensiv cVV;09.06.2018;0;0;1,4029874634;1.083.932,08;0;EUR
Muster offensiv cVV;10.06.2018;0;0;1,4029874634;1.083.932,08;0;EUR
Muster offensiv cVV;11.06.2018;0,0049745835;8.785,32;1,4144259683;1.092.717,40;0,001646577;EUR
Muster offensiv cVV;12.06.2018;0,0000837516;148,64;1,4146855631;1.092.866,04;0,000851161;EUR
Muster offensiv cVV;13.06.2018;0,0024505974;4.349,75;1,4203836032;1.097.215,79;0,001082316;EUR
Muster offensiv cVV;14.06.2018;0,0101757479;18.105,96;1,4438908642;1.115.321,76;0,011296527;EUR
Muster offensiv cVV;15.06.2018;-0,0111679476;-20.073,61;1,4179708368;1.095.248,14;-0,002718293;EUR
Muster offensiv cVV;16.06.2018;0;0;1,4179708368;1.095.248,14;0;EUR
Muster offensiv cVV;17.06.2018;0;0;1,4179708368;1.095.248,14;0;EUR
Muster offensiv cVV;18.06.2018;-0,0079477405;-14.125,97;1,3997488183;1.081.122,17;-0,006329657;EUR
Muster offensiv cVV;19.06.2018;-0,0086388142;-15.232,23;1,3800926668;1.065.889,94;-0,005291499;EUR
Muster offensiv cVV;20.06.2018;0,0031442976;5.496,23;1,3872746578;1.071.386,17;0,001264048;EUR
Muster offensiv cVV;21.06.2018;-0,0051440634;-9.020,09;1,3756600608;1.062.366,08;-0,008007484;EUR
Muster offensiv cVV;22.06.2018;0,0043223700;7.540,27;1,3854893695;1.069.906,35;0,002563983;EUR
Muster offensiv cVV;23.06.2018;0;0;1,3854893695;1.069.906,35;0;EUR
Muster offensiv cVV;24.06.2018;0;0;1,3854893695;1.069.906,35;0;EUR
Muster offensiv cVV;25.06.2018;-0,0171395052;-30.028,68;1,3466668541;1.039.877,67;-0,015954461;EUR
Muster offensiv cVV;26.06.2018;0,0034262413;5.899,94;1,3543712573;1.045.777,61;-0,000114338;EUR
Muster offensiv cVV;27.06.2018;0,0061586330;10.641,42;1,3682172431;1.056.419,03;0,003593256;EUR
Muster offensiv cVV;28.06.2018;-0,0108925446;-18.937,00;1,3437542999;1.037.482,03;-0,003942228;EUR
Muster offensiv cVV;29.06.2018;0,0087053453;14.969,64;1,3632071849;1.052.451,67;0,002558611;EUR
Muster offensiv cVV;30.06.2018;0;0;1,3632071849;1.052.451,67;0;EUR
Muster offensiv cVV;01.07.2018;0;0;1,3632071849;1.052.451,67;0;EUR
Muster offensiv cVV;02.07.2018;-0,0074367831;-12.899,55;1,3465620781;1.039.552,12;-0,000999743;EUR
Muster offensiv cVV;03.07.2018;0,0041789014;7.194,65;1,3559451870;1.046.746,77;0,001986389;EUR
Muster offensiv cVV;04.07.2018;-0,0030043555;-5.194,10;1,3492801102;1.041.552,67;-0,000875942;EUR
Muster offensiv cVV;05.07.2018;0,0048345674;8.333,16;1,3601390732;1.049.885,83;0,005185977;EUR
Muster offensiv cVV;06.07.2018;0,0019265897;3.336,84;1,3645259154;1.053.222,67;0,002540362;EUR
Muster offensiv cVV;07.07.2018;0;0;1,3645259154;1.053.222,67;0;EUR
Muster offensiv cVV;08.07.2018;0;0;1,3645259154;1.053.222,67;0;EUR
Muster offensiv cVV;09.07.2018;0,0059769089;10.371,92;1,3780279928;1.063.594,59;0,004463597;EUR
Muster offensiv cVV;10.07.2018;0,0051721922;9.029,12;1,3897914184;1.072.623,71;0,003980438;EUR
Muster offensiv cVV;11.07.2018;-0,0107382834;-18.842,82;1,3654407239;1.053.780,89;-0,009023536;EUR
Muster offensiv cVV;12.07.2018;0,0048038518;8.338,96;1,3763102422;1.062.119,85;0,006064219;EUR
Muster offensiv cVV;13.07.2018;-0,0014347737;-2.502,57;1,3731314538;1.059.617,27;0,002804711;EUR
Muster offensiv cVV;14.07.2018;0;0;1,3731314538;1.059.617,27;0;EUR
Muster offensiv cVV;15.07.2018;0;0;1,3731314538;1.059.617,27;0;EUR
Muster offensiv cVV;16.07.2018;0,0002125669;370,23;1,3736752897;1.059.987,51;-0,001226593;EUR
Muster offensiv cVV;17.07.2018;0,0009139593;1.592,21;1,3758027957;1.061.579,71;0,004909055;EUR
Muster offensiv cVV;18.07.2018;0,0067834438;11.828,22;1,3911968916;1.073.407,93;0,005193684;EUR
Muster offensiv cVV;19.07.2018;-0,0031750704;-5.573,89;1,3840372139;1.067.834,04;-0,002657449;EUR
Muster offensiv cVV;20.07.2018;-0,0016316916;-2.855,37;1,3804005041;1.064.978,67;-0,006324396;EUR
Muster offensiv cVV;21.07.2018;0;0;1,3804005041;1.064.978,67;0;EUR
Muster offensiv cVV;22.07.2018;0;0;1,3804005041;1.064.978,67;0;EUR
Muster offensiv cVV;23.07.2018;-0,0014709430;-2.569,87;1,3771334817;1.062.408,80;-0,000440425;EUR
Muster offensiv cVV;24.07.2018;0,0105123939;18.339,06;1,4009702849;1.080.747,86;0,006379946;EUR
Muster offensiv cVV;25.07.2018;-0,0039971318;-7.046,37;1,3919006609;1.073.701,49;-0,000332450;EUR
Muster offensiv cVV;26.07.2018;0,0072176920;12.672,90;1,4083945499;1.086.374,39;0,007339246;EUR
Muster offensiv cVV;27.07.2018;-0,0003568286;-631,05;1,4076416505;1.085.743,35;0,000691333;EUR
Muster offensiv cVV;28.07.2018;0;0;1,4076416505;1.085.743,35;0;EUR
Muster offensiv cVV;29.07.2018;0;0;1,4076416505;1.085.743,35;0;EUR
Muster offensiv cVV;30.07.2018;-0,0049421000;-8.736,90;1,3963790810;1.077.006,44;-0,005384810;EUR
Muster offensiv cVV;31.07.2018;0,0002860671;503,23;1,3970961441;1.077.509,67;0,001465216;EUR
Muster offensiv cVV;01.08.2018;-0,0025600810;-4.504,77;1,3913195730;1.073.004,90;-0,002093009;EUR
Muster offensiv cVV;02.08.2018;-0,0033240646;-5.834,11;1,3838186311;1.067.170,79;-0,003723927;EUR
Muster offensiv cVV;03.08.2018;0,0062051961;10.854,63;1,3979585161;1.078.025,42;0,004646874;EUR
Muster offensiv cVV;04.08.2018;0;0;1,3979585161;1.078.025,42;0;EUR
Muster offensiv cVV;05.08.2018;0;0;1,3979585161;1.078.025,42;0;EUR
Muster offensiv cVV;06.08.2018;0,0009365201;1.648,40;1,4001606848;1.079.673,82;0,001066115;EUR
Muster offensiv cVV;07.08.2018;-0,0005651327;-995,64;1,3989339554;1.078.678,18;0,001904196;EUR
Muster offensiv cVV;08.08.2018;-0,0032861186;-5.786,16;1,3914939736;1.072.892,02;-0,000771069;EUR
Muster offensiv cVV;09.08.2018;0,0041527907;7.288,15;1,4010108419;1.080.180,17;0,002323498;EUR
Muster offensiv cVV;10.08.2018;-0,0071362962;-12.576,22;1,3847629444;1.067.603,95;-0,006555339;EUR
Muster offensiv cVV;11.08.2018;0;0;1,3847629444;1.067.603,95;0;EUR
Muster offensiv cVV;12.08.2018;0;0;1,3847629444;1.067.603,95;0;EUR
Muster offensiv cVV;13.08.2018;-0,0004479323;-783,75;1,3838099240;1.066.820,20;-0,003586098;EUR
Muster offensiv cVV;14.08.2018;0,0035057281;6.131,27;1,3918268973;1.072.951,47;0,003170977;EUR
Muster offensiv cVV;15.08.2018;-0,0186593178;-32.748,23;1,3494079565;1.040.203,24;-0,007413448;EUR
Muster offensiv cVV;16.08.2018;0,0066937096;11.528,66;1,3644260921;1.051.731,90;0,002308872;EUR
Muster offensiv cVV;17.08.2018;-0,0031835924;-5.519,84;1,3573272873;1.046.212,05;0,000019236;EUR
Muster offensiv cVV;18.08.2018;0;0;1,3573272873;1.046.212,05;0;EUR
Muster offensiv cVV;19.08.2018;0;0;1,3573272873;1.046.212,05;0;EUR
Muster offensiv cVV;20.08.2018;0,0085719529;14.815,09;1,3766109816;1.061.027,14;0,004242265;EUR
Muster offensiv cVV;21.08.2018;0,0021037701;3.667,16;1,3814320433;1.064.694,30;-0,000354496;EUR
Muster offensiv cVV;22.08.2018;-0,0035221531;-6.152,51;1,3735119763;1.058.541,79;-0,002050504;EUR
Muster offensiv cVV;23.08.2018;-0,0010113691;-1.760,44;1,3712903293;1.056.781,35;-0,001040527;EUR
Muster offensiv cVV;24.08.2018;0,0023546362;4.094,45;1,3766661483;1.060.875,80;0,001308770;EUR
Muster offensiv cVV;25.08.2018;0;0;1,3766661483;1.060.875,80;0;EUR
Muster offensiv cVV;26.08.2018;0;0;1,3766661483;1.060.875,80;0;EUR
Muster offensiv cVV;27.08.2018;0,0064964071;11.323,14;1,3914232799;1.072.198,94;0,005938853;EUR
Muster offensiv cVV;28.08.2018;0,0009070406;1.591,23;1,3935517512;1.073.790,17;-0,001363059;EUR
Muster offensiv cVV;29.08.2018;0,0022218611;3.901,36;1,3986785684;1.077.691,54;0,002913320;EUR
Muster offensiv cVV;30.08.2018;-0,0007211292;-1.269,04;1,3970950983;1.076.422,49;-0,001925261;EUR
Muster offensiv cVV;31.08.2018;-0,0023782678;-4.182,26;1,3917301825;1.072.240,23;-0,004144633;EUR
Muster offensiv cVV;01.09.2018;0;0;1,3917301825;1.072.240,23;0;EUR
Muster offensiv cVV;02.09.2018;0;0;1,3917301825;1.072.240,23;0;EUR
Muster offensiv cVV;03.09.2018;0,0002711490;475,69;1,3924108582;1.072.715,92;-0,000646240;EUR
Muster offensiv cVV;04.09.2018;-0,0096235549;-16.887,66;1,3705524857;1.055.828,27;-0,003912260;EUR
Muster offensiv cVV;05.09.2018;-0,0076389641;-13.276,04;1,3533804669;1.042.552,23;-0,009592905;EUR
Muster offensiv cVV;06.09.2018;-0,0097859823;-16.877,51;1,3315314196;1.025.674,72;-0,003908050;EUR
Muster offensiv cVV;07.09.2018;0,0034983131;5.974,36;1,3393479952;1.031.649,08;0,000334358;EUR
Muster offensiv cVV;08.09.2018;0;0;1,3393479952;1.031.649,08;0;EUR
Muster offensiv cVV;09.09.2018;0;0;1,3393479952;1.031.649,08;0;EUR
Muster offensiv cVV;10.09.2018;-0,0016379097;-2.806,98;1,3357642533;1.028.842,10;0,000939374;EUR
Muster offensiv cVV;11.09.2018;0,0017531077;2.999,48;1,3397191160;1.031.841,58;0,000819194;EUR
Muster offensiv cVV;12.09.2018;0,0034591986;5.928,90;1,3474779437;1.037.770,48;0,001745453;EUR
Muster offensiv cVV;13.09.2018;0,0006828863;1.174,48;1,3490638462;1.038.944,96;0,000888442;EUR
Muster offensiv cVV;14.09.2018;0,0052850352;9.095,83;1,3609361328;1.048.040,79;0,002953379;EUR
Muster offensiv cVV;15.09.2018;0;0;1,3609361328;1.048.040,79;0;EUR
Muster offensiv cVV;16.09.2018;0;0;1,3609361328;1.048.040,79;0;EUR
Muster offensiv cVV;17.09.2018;-0,0012315685;-2.130,80;1,3582304150;1.045.910,00;-0,002757796;EUR
Muster offensiv cVV;18.09.2018;0,0027280801;4.714,17;1,3644137639;1.050.624,17;0,003477331;EUR
Muster offensiv cVV;19.09.2018;0,0012228630;2.118,90;1,3672270588;1.052.743,07;0,003794666;EUR
Muster offensiv cVV;20.09.2018;0,0041822881;7.255,65;1,3767121088;1.059.998,72;0,003841721;EUR
Muster offensiv cVV;21.09.2018;0,0055707931;9.704,92;1,3893791860;1.069.703,64;0,003854343;EUR
Muster offensiv cVV;22.09.2018;0;0;1,3893791860;1.069.703,64;0;EUR
Muster offensiv cVV;23.09.2018;0;0;1,3893791860;1.069.703,64;0;EUR
Muster offensiv cVV;24.09.2018;-0,0034151071;-5.982,63;1,3816707408;1.063.721,01;-0,005100388;EUR
Muster offensiv cVV;25.09.2018;0,0017345358;3.028,20;1,3856662808;1.066.749,22;0,000762446;EUR
Muster offensiv cVV;26.09.2018;-0,0014977565;-2.619,36;1,3823258262;1.064.129,85;0,001034378;EUR
Muster offensiv cVV;27.09.2018;0,0033641959;5.874,69;1,3900194628;1.070.004,54;0,003626583;EUR
Muster offensiv cVV;28.09.2018;0,0017153712;3.005,53;1,3939863039;1.073.010,07;-0,003986198;EUR
Muster offensiv cVV;29.09.2018;0;0;1,3939863039;1.073.010,07;0;EUR
Muster offensiv cVV;30.09.2018;0;0;1,3939863039;1.073.010,07;0;EUR
Muster offensiv cVV;01.10.2018;0,0078846972;13.838,58;1,4120277000;1.086.848,65;0,004666292;EUR
Muster offensiv cVV;02.10.2018;0,0042767253;7.565,35;1,4219201417;1.094.414,00;-0,000948604;EUR
Muster offensiv cVV;03.10.2018;0,0004621322;820,99;1,4230504020;1.095.234,99;0,000570646;EUR
Muster offensiv cVV;04.10.2018;-0,0078696601;-13.987,09;1,4049395556;1.081.247,89;-0,004834463;EUR
Muster offensiv cVV;05.10.2018;-0,0089747691;-15.825,72;1,3844378809;1.065.422,17;-0,006333776;EUR
Muster offensiv cVV;06.10.2018;0;0;1,3844378809;1.065.422,17;0;EUR
Muster offensiv cVV;07.10.2018;0;0;1,3844378809;1.065.422,17;0;EUR
Muster offensiv cVV;08.10.2018;-0,0057145072;-9.986,28;1,3715225931;1.055.435,89;-0,004928541;EUR
Muster offensiv cVV;09.10.2018;0,0035216629;6.119,05;1,3795356633;1.061.554,94;0,000264099;EUR
Muster offensiv cVV;10.10.2018;-0,0132807257;-23.157,12;1,3495020773;1.038.397,81;-0,019105873;EUR
Muster offensiv cVV;11.10.2018;-0,0139451157;-23.992,67;1,3183798491;1.014.405,14;-0,014088917;EUR
Muster offensiv cVV;12.10.2018;0,0038546601;6.539,49;1,3269379329;1.020.944,63;0,003071109;EUR
Muster offensiv cVV;13.10.2018;0;0;1,3269379329;1.020.944,63;0;EUR
Muster offensiv cVV;14.10.2018;0;0;1,3269379329;1.020.944,63;0;EUR
Muster offensiv cVV;15.10.2018;0,0043629656;7.430,37;1,3366546723;1.028.375,00;0,000700285;EUR
Muster offensiv cVV;16.10.2018;0,0100142671;17.129,25;1,3589791362;1.045.504,24;0,012093182;EUR
Muster offensiv cVV;17.10.2018;-0,0006505049;-1.123,82;1,3575785747;1.044.380,42;-0,000288997;EUR
Muster offensiv cVV;18.10.2018;-0,0064015385;-11.052,19;1,3432714934;1.033.328,23;-0,006960599;EUR
Muster offensiv cVV;19.10.2018;-0,0035859731;-6.151,51;1,3353339983;1.027.176,72;-0,001900214;EUR
Muster offensiv cVV;20.10.2018;0;0;1,3353339983;1.027.176,72;0;EUR
Muster offensiv cVV;21.10.2018;0;0;1,3353339983;1.027.176,72;0;EUR
Muster offensiv cVV;22.10.2018;-0,0003809052;-651,08;1,3345466609;1.026.525,64;-0,001837340;EUR
Muster offensiv cVV;23.10.2018;-0,0098444180;-16.820,52;1,3127370093;1.009.705,13;-0,011140840;EUR
Muster offensiv cVV;24.10.2018;-0,0032263460;-5.458,38;1,3056981690;1.004.246,75;-0,008759109;EUR
Muster offensiv cVV;25.10.2018;-0,0007935224;-1.338,16;1,3040159083;1.002.908,59;0,007599563;EUR
Muster offensiv cVV;26.10.2018;-0,0034745197;-5.854,63;1,2964607318;997.053,96;-0,007387663;EUR
Muster offensiv cVV;27.10.2018;0;0;1,2964607318;997.053,96;0;EUR
Muster offensiv cVV;28.10.2018;0;0;1,2964607318;997.053,96;0;EUR
Muster offensiv cVV;29.10.2018;0,0065229127;10.953,03;1,3107606668;1.008.006,99;0,002385152;EUR
Muster offensiv cVV;30.10.2018;-0,0007394659;-1.249,78;1,3091931990;1.006.757,21;0,003429779;EUR
Muster offensiv cVV;31.10.2018;0,0125263201;21.155,28;1,3367625125;1.027.912,49;0,011003062;EUR
Muster offensiv cVV;01.11.2018;0,0088689741;15.166,14;1,3565452035;1.043.078,63;0,001879799;EUR
Muster offensiv cVV;02.11.2018;0,0035116931;6.058,33;1,3644841763;1.049.136,96;0,001405545;EUR
Muster offensiv cVV;03.11.2018;0;0;1,3644841763;1.049.136,96;0;EUR
Muster offensiv cVV;04.11.2018;0;0;1,3644841763;1.049.136,96;0;EUR
Muster offensiv cVV;05.11.2018;-0,0004849722;-839,61;1,3634521037;1.048.297,35;-0,000717335;EUR
Muster offensiv cVV;06.11.2018;-0,0041357818;-7.156,58;1,3542034518;1.041.140,77;0,000938643;EUR
Muster offensiv cVV;07.11.2018;0,0052141864;8.985,35;1,3659505420;1.050.126,12;0,007345231;EUR
Muster offensiv cVV;08.11.2018;0,0019040322;3.298,23;1,3703007827;1.053.424,35;-0,000497005;EUR
Muster offensiv cVV;09.11.2018;-0,0068330365;-11.858,96;1,3549339224;1.041.565,38;-0,000621534;EUR
Muster offensiv cVV;10.11.2018;0;0;1,3549339224;1.041.565,38;0;EUR
Muster offensiv cVV;11.11.2018;0;0;1,3549339224;1.041.565,38;0;EUR
Muster offensiv cVV;12.11.2018;-0,0038365702;-6.613,00;1,3463902515;1.034.952,39;-0,009351373;EUR
Muster offensiv cVV;13.11.2018;-0,0007836741;-1.345,62;1,3446985290;1.033.606,77;0,003303709;EUR
Muster offensiv cVV;14.11.2018;-0,0071494747;-12.266,47;1,3287982171;1.021.340,30;-0,004958944;EUR
Muster offensiv cVV;15.11.2018;-0,0037405969;-6.371,92;1,3205658139;1.014.968,38;0,000191706;EUR
Muster offensiv cVV;16.11.2018;-0,0001198476;-203,39;1,3203588099;1.014.764,99;-0,002146647;EUR
Muster offensiv cVV;17.11.2018;0;0;1,3203588099;1.014.764,99;0;EUR
Muster offensiv cVV;18.11.2018;0;0;1,3203588099;1.014.764,99;0;EUR
Muster offensiv cVV;19.11.2018;-0,0080632809;-13.682,37;1,3026128358;1.001.082,62;-0,009371235;EUR
Muster offensiv cVV;20.11.2018;-0,0071769771;-12.080,23;1,2869500775;989.002,39;-0,010743996;EUR
Muster offensiv cVV;21.11.2018;0,0042478870;7.098,69;1,2962437780;996.101,08;0,007977263;EUR
Muster offensiv cVV;22.11.2018;-0,0030274350;-5.080,67;1,2896883327;991.020,41;-0,004009173;EUR
Muster offensiv cVV;23.11.2018;0,0011082727;1.854,28;1,2921576387;992.874,70;0,002490274;EUR
Muster offensiv cVV;24.11.2018;0;0;1,2921576387;992.874,70;0;EUR
Muster offensiv cVV;25.11.2018;0;0;1,2921576387;992.874,70;0;EUR
Muster offensiv cVV;26.11.2018;0,0032542471;5.450,81;1,2993079508;998.325,51;0,010050170;EUR
Muster offensiv cVV;27.11.2018;0,0002743509;461,03;1,2999644197;998.786,54;0,000488491;EUR
Muster offensiv cVV;28.11.2018;0,0049154176;8.262,30;1,3107750445;1.007.048,84;0,005600654;EUR
Muster offensiv cVV;29.11.2018;0,0027360619;4.621,64;1,3168476691;1.011.670,48;-0,002439819;EUR
Muster offensiv cVV;30.11.2018;-0,0048306247;-8.182,01;1,3062540909;1.003.488,47;0,002018985;EUR
Muster offensiv cVV;01.12.2018;0;0;1,3062540909;1.003.488,47;0;EUR
Muster offensiv cVV;02.12.2018;0;0;1,3062540909;1.003.488,47;0;EUR
Muster offensiv cVV;03.12.2018;0,0154179339;25.988,43;1,3401415953;1.029.476,90;0,010766086;EUR
Muster offensiv cVV;04.12.2018;-0,0061609678;-10.545,03;1,3264717887;1.018.931,87;-0,013178739;EUR
Muster offensiv cVV;05.12.2018;-0,0072987375;-12.415,45;1,3103656821;1.006.516,42;-0,005867697;EUR
Muster offensiv cVV;06.12.2018;-0,0172978126;-29.209,53;1,2723932874;977.306,89;-0,017311363;EUR
Muster offensiv cVV;07.12.2018;-0,0072544543;-12.038,16;1,2567746016;965.268,73;-0,006155154;EUR
Muster offensiv cVV;08.12.2018;0;0;1,2567746016;965.268,73;0;EUR
Muster offensiv cVV;09.12.2018;0;0;1,2567746016;965.268,73;0;EUR
Muster offensiv cVV;10.12.2018;-0,0082801220;-13.640,49;1,2390682082;951.628,24;-0,007851483;EUR
Muster offensiv cVV;11.12.2018;0,0080996129;13.232,64;1,2563519329;964.860,89;0,007891105;EUR
Muster offensiv cVV;12.12.2018;0,0110869108;18.259,81;1,2801832991;983.120,70;0,007600725;EUR
Muster offensiv cVV;13.12.2018;0,0059258750;9.867,94;1,2930886282;992.988,64;0,000449223;EUR
Muster offensiv cVV;14.12.2018;-0,0051703651;-8.660,87;1,2818654180;984.327,77;-0,006147438;EUR
Muster offensiv cVV;15.12.2018;0;0;1,2818654180;984.327,77;0;EUR
Muster offensiv cVV;16.12.2018;0;0;1,2818654180;984.327,77;0;EUR
Muster offensiv cVV;17.12.2018;-0,0136323769;-22.717,50;1,2523348171;961.610,28;-0,009957752;EUR
Muster offensiv cVV;18.12.2018;-0,0062054242;-10.199,98;1,2391042910;951.410,30;-0,003138820;EUR
Muster offensiv cVV;19.12.2018;0,0008013598;1.309,04;1,2408624189;952.719,34;-0,004040019;EUR
Muster offensiv cVV;20.12.2018;-0,0208424929;-34.073,90;1,1965344278;918.645,43;-0,011120178;EUR
Muster offensiv cVV;21.12.2018;-0,0001031619;-165,14;1,1963706087;918.480,30;-0,004779355;EUR
Muster offensiv cVV;22.12.2018;0;0;1,1963706087;918.480,30;0;EUR
Muster offensiv cVV;23.12.2018;0;0;1,1963706087;918.480,30;0;EUR
Muster offensiv cVV;24.12.2018;-0,0018419827;-2.948,26;1,1925814141;915.532,04;-0,006524488;EUR
Muster offensiv cVV;25.12.2018;0,0005857370;935,80;1,1938514829;916.467,84;-0,001595770;EUR
Muster offensiv cVV;26.12.2018;0,0033613097;5.373,31;1,2009024681;921.841,15;0,011841806;EUR
Muster offensiv cVV;27.12.2018;-0,0064390564;-10.327,93;1,1874987979;911.513,22;-0,006002122;EUR
Muster offensiv cVV;28.12.2018;0,0122565196;19.532,26;1,2129967853;931.045,49;0,006976699;EUR
Muster offensiv cVV;29.12.2018;0;0;1,2129967853;931.045,49;0;EUR
Muster offensiv cVV;30.12.2018;0;0;1,2129967853;931.045,49;0;EUR
Muster offensiv cVV;31.12.2018;0,0003817988;615,90;1,2138509958;931.661,39;0,002762919;EUR
Muster offensiv cVV;01.01.2019;-0,0001769207;-285,51;1,2135307526;931.375,88;0,000004895;EUR
Muster offensiv cVV;02.01.2019;0,0064577338;10.419,46;1,2271590100;941.795,34;0,003287160;EUR
Muster offensiv cVV;03.01.2019;-0,0111697862;-18.138,67;1,2035755791;923.656,67;-0,012500685;EUR
Muster offensiv cVV;04.01.2019;0,0227138835;36.473,18;1,2511553740;960.129,85;0,021790561;EUR
Muster offensiv cVV;05.01.2019;0;0;1,2511553740;960.129,85;0;EUR
Muster offensiv cVV;06.01.2019;0;0;1,2511553740;960.129,85;0;EUR
Muster offensiv cVV;07.01.2019;0,0063799401;10.477,39;1,2648623439;970.607,23;0,000488288;EUR
Muster offensiv cVV;08.01.2019;0,0075428821;12.466,24;1,2811623607;983.073,48;0,005561408;EUR
Muster offensiv cVV;09.01.2019;0,0052615331;8.761,41;1,2926353002;991.834,89;0,004062508;EUR
Muster offensiv cVV;10.01.2019;-0,0022628401;-3.787,87;1,2877532918;988.047,02;0,002099121;EUR
Muster offensiv cVV;11.01.2019;0,0001151900;192,39;1,2880586387;988.239,41;0,000260350;EUR
Muster offensiv cVV;12.01.2019;0;0;1,2880586387;988.239,41;0;EUR
Muster offensiv cVV;13.01.2019;0;0;1,2880586387;988.239,41;0;EUR
Muster offensiv cVV;14.01.2019;-0,0015842381;-2.646,23;1,2846639980;985.593,18;-0,002259561;EUR
Muster offensiv cVV;15.01.2019;0,0049104647;8.189,19;1,2953929771;993.782,37;0,005756903;EUR
Muster offensiv cVV;16.01.2019;0,0040115145;6.722,86;1,3042113835;1.000.505,24;0,003077292;EUR
Muster offensiv cVV;17.01.2019;0,0039890830;6.712,09;1,3130164478;1.007.217,33;0,001658641;EUR
Muster offensiv cVV;18.01.2019;0,0117251130;19.807,54;1,3388942741;1.027.024,87;0,015041194;EUR
Muster offensiv cVV;19.01.2019;0;0;1,3388942741;1.027.024,87;0;EUR
Muster offensiv cVV;20.01.2019;0;0;1,3388942741;1.027.024,87;0;EUR
Muster offensiv cVV;21.01.2019;0,0026067918;4.455,36;1,3447593200;1.031.480,23;-0,002176359;EUR
Muster offensiv cVV;22.01.2019;-0,0073963020;-12.674,22;1,3282917325;1.018.806,00;-0,005199220;EUR
Muster offensiv cVV;23.01.2019;0,0003052518;519,21;1,3290246788;1.019.325,21;-0,001109588;EUR
Muster offensiv cVV;24.01.2019;0,0047452512;8.073,73;1,3396078611;1.027.398,94;0,003807911;EUR
Muster offensiv cVV;25.01.2019;0,0081694156;13.965,68;1,3578746260;1.041.364,62;0,007030363;EUR
Muster offensiv cVV;26.01.2019;0;0;1,3578746260;1.041.364,62;0;EUR
Muster offensiv cVV;27.01.2019;0;0;1,3578746260;1.041.364,62;0;EUR
Muster offensiv cVV;28.01.2019;-0,0020387761;-3.513,78;1,3533497995;1.037.850,85;-0,005969411;EUR
Muster offensiv cVV;29.01.2019;0,0000327824;56,38;1,3534802089;1.037.907,23;0,001115159;EUR
Muster offensiv cVV;30.01.2019;0,0064884457;11.160,23;1,3680911389;1.049.067,46;0,002494521;EUR
Muster offensiv cVV;31.01.2019;0,0032267777;5.586,12;1,3754337372;1.054.653,59;0,001865126;EUR
Muster offensiv cVV;01.02.2019;-0,0002837446;-492,80;1,3748487108;1.054.160,79;0,000788031;EUR
Muster offensiv cVV;02.02.2019;0;0;1,3748487108;1.054.160,79;0;EUR
Muster offensiv cVV;03.02.2019;0;0;1,3748487108;1.054.160,79;0;EUR
Muster offensiv cVV;04.02.2019;0,0008923347;1.549,33;1,3769270741;1.055.710,12;0,002577651;EUR
Muster offensiv cVV;05.02.2019;0,0119261514;20.725,50;1,4040174359;1.076.435,62;0,009693944;EUR
Muster offensiv cVV;06.02.2019;0,0014942897;2.627,78;1,4075037989;1.079.063,39;-0,001083522;EUR
Muster offensiv cVV;07.02.2019;-0,0169947339;-29.930,66;1,3685202106;1.049.132,74;-0,012425305;EUR
Muster offensiv cVV;08.02.2019;-0,0195248603;-33.802,26;1,3244828808;1.015.330,48;-0,003978322;EUR
Muster offensiv cVV;09.02.2019;0;0;1,3244828808;1.015.330,48;0;EUR
Muster offensiv cVV;10.02.2019;0;0;1,3244828808;1.015.330,48;0;EUR
Muster offensiv cVV;11.02.2019;0,0069678139;11.827,44;1,3399675520;1.027.157,92;0,005500487;EUR
Muster offensiv cVV;12.02.2019;0,0046664124;7.976,15;1,3504290950;1.035.134,07;0,007240205;EUR
Muster offensiv cVV;13.02.2019;0,0022756896;3.907,91;1,3555838574;1.039.041,98;0,003294976;EUR
Muster offensiv cVV;14.02.2019;-0,0007461723;-1.284,28;1,3539647478;1.037.757,71;-0,002830202;EUR
Muster offensiv cVV;15.02.2019;0,0066706809;11.472,68;1,3689901852;1.049.230,39;0,011017244;EUR
Muster offensiv cVV;16.02.2019;0;0;1,3689901852;1.049.230,39;0;EUR
Muster offensiv cVV;17.02.2019;0;0;1,3689901852;1.049.230,39;0;EUR
Muster offensiv cVV;18.02.2019;0,0041098314;7.115,51;1,3783315486;1.056.345,90;-0,000273449;EUR
Muster offensiv cVV;19.02.2019;0,0028150070;4.893,76;1,3847745613;1.061.239,66;0,000099382;EUR
Muster offensiv cVV;20.02.2019;0,0023872024;4.161,73;1,3902628173;1.065.401,39;0,004056767;EUR
Muster offensiv cVV;21.02.2019;-0,0021344291;-3.729,94;1,3854530736;1.061.671,45;-0,000593280;EUR
Muster offensiv cVV;22.02.2019;0,0037382760;6.518,73;1,3940176852;1.068.190,19;0,003432298;EUR
Muster offensiv cVV;23.02.2019;0;0;1,3940176852;1.068.190,19;0;EUR
Muster offensiv cVV;24.02.2019;0;0;1,3940176852;1.068.190,19;0;EUR
Muster offensiv cVV;25.02.2019;0,0017782010;3.078,28;1,3981061027;1.071.268,47;0,002141881;EUR
Muster offensiv cVV;26.02.2019;-0,0032700334;-5.670,89;1,3907758111;1.065.597,58;0,000791093;EUR
Muster offensiv cVV;27.02.2019;-0,0018268445;-3.157,75;1,3867249343;1.062.439,83;-0,002638565;EUR
Muster offensiv cVV;28.02.2019;0,0007123768;1.229,11;1,3883997394;1.063.668,94;-0,000387823;EUR
Muster offensiv cVV;01.03.2019;0,0072640797;12.542,16;1,4048422495;1.076.211,10;0,004649060;EUR
Muster offensiv cVV;02.03.2019;0;0;1,4048422495;1.076.211,10;0;EUR
Muster offensiv cVV;03.03.2019;0;0;1,4048422495;1.076.211,10;0;EUR
Muster offensiv cVV;04.03.2019;-0,0019091097;-3.320,21;1,4005792300;1.072.890,89;0,001120605;EUR
Muster offensiv cVV;05.03.2019;-0,0024290829;-4.216,45;1,3951456879;1.068.674,43;0,000869110;EUR
Muster offensiv cVV;06.03.2019;-0,0030507041;-5.282,62;1,3883196077;1.063.391,82;-0,002715368;EUR
Muster offensiv cVV;07.03.2019;-0,0050328619;-8.688,34;1,3770461826;1.054.703,47;-0,001704952;EUR
Muster offensiv cVV;08.03.2019;-0,0045419755;-7.801,45;1,3669295681;1.046.902,02;-0,004175532;EUR
Muster offensiv cVV;09.03.2019;0;0;1,3669295681;1.046.902,02;0;EUR
Muster offensiv cVV;10.03.2019;0;0;1,3669295681;1.046.902,02;0;EUR
Muster offensiv cVV;11.03.2019;0,0096741855;16.541,24;1,3885974969;1.063.443,26;0,007640168;EUR
Muster offensiv cVV;12.03.2019;-0,0004188729;-723,13;1,3877233668;1.062.720,13;-0,000607127;EUR
Muster offensiv cVV;13.03.2019;0,0077213169;13.324,30;1,4051934640;1.076.044,43;0,002660571;EUR
Muster offensiv cVV;14.03.2019;0,0037351472;6.495,33;1,4137469526;1.082.539,75;0,000811941;EUR
Muster offensiv cVV;15.03.2019;0,0027161964;4.741,04;1,4200101165;1.087.280,79;0,004755572;EUR
Muster offensiv cVV;16.03.2019;0;0;1,4200101165;1.087.280,79;0;EUR
Muster offensiv cVV;17.03.2019;0;0;1,4200101165;1.087.280,79;0;EUR
Muster offensiv cVV;18.03.2019;-0,0047241950;-8.268,34;1,4092824934;1.079.012,45;0,000501806;EUR
Muster offensiv cVV;19.03.2019;0,0050031525;8.715,21;1,4207368193;1.087.727,66;0,004262606;EUR
Muster offensiv cVV;20.03.2019;-0,0059243807;-10.371,57;1,4072607760;1.077.356,09;-0,007419647;EUR
Muster offensiv cVV;21.03.2019;0,0027369624;4.763,10;1,4135534761;1.082.119,19;0,001159351;EUR
Muster offensiv cVV;22.03.2019;-0,0097282083;-16.976,21;1,3914476472;1.065.142,98;-0,008871162;EUR
Muster offensiv cVV;23.03.2019;0;0;1,3914476472;1.065.142,98;0;EUR
Muster offensiv cVV;24.03.2019;0;0;1,3914476472;1.065.142,98;0;EUR
Muster offensiv cVV;25.03.2019;-0,0057998948;-10.022,65;1,3784237770;1.055.120,34;-0,003374294;EUR
Muster offensiv cVV;26.03.2019;0,0085768781;14.735,52;1,3977445738;1.069.855,85;0,006566123;EUR
Muster offensiv cVV;27.03.2019;0,0002059814;356,92;1,3982809793;1.070.212,78;0,000642163;EUR
Muster offensiv cVV;28.03.2019;0,0046234890;8.013,17;1,4088211189;1.078.225,95;0,000918097;EUR
Muster offensiv cVV;29.03.2019;0,0065144354;11.342,65;1,4237128159;1.089.568,60;0,005863038;EUR
Muster offensiv cVV;30.03.2019;0;0;1,4237128159;1.089.568,60;0;EUR
Muster offensiv cVV;31.03.2019;0;0;1,4237128159;1.089.568,60;0;EUR
Muster offensiv cVV;01.04.2019;0,0066943298;11.731,81;1,4391144759;1.101.300,41;0,009435785;EUR
Muster offensiv cVV;02.04.2019;0,0011776849;2.077,71;1,4419015823;1.103.378,12;0,003690364;EUR
Muster offensiv cVV;03.04.2019;0,0054261620;9.584,28;1,4544990370;1.112.962,39;0,006698388;EUR
Muster offensiv cVV;04.04.2019;0,0020684884;3.673,41;1,4593725696;1.116.635,81;0,001550065;EUR
Muster offensiv cVV;05.04.2019;0,0044585386;7.934,27;1,4698154766;1.124.570,07;0,001692492;EUR
Muster offensiv cVV;06.04.2019;0;0;1,4698154766;1.124.570,07;0;EUR
Muster offensiv cVV;07.04.2019;0;0;1,4698154766;1.124.570,07;0;EUR
Muster offensiv cVV;08.04.2019;-0,0006907039;-1.234,63;1,4682750009;1.123.335,44;-0,002147569;EUR
Muster offensiv cVV;09.04.2019;-0,0081192686;-14.503,18;1,4493905768;1.108.832,27;-0,005472406;EUR
Muster offensiv cVV;10.04.2019;0,0020985287;3.718,10;1,4543230170;1.112.550,36;0,003734618;EUR
Muster offensiv cVV;11.04.2019;0,0004586831;814,38;1,4554599799;1.113.364,74;0,000012878;EUR
Muster offensiv cVV;12.04.2019;-0,0012622241;-2.242,08;1,4526011995;1.111.122,66;0,002251809;EUR
Muster offensiv cVV;13.04.2019;0;0;1,4526011995;1.111.122,66;0;EUR
Muster offensiv cVV;14.04.2019;0;0;1,4526011995;1.111.122,66;0;EUR
Muster offensiv cVV;15.04.2019;-0,0013549074;-2.403,68;1,4495308130;1.108.718,98;0,001306140;EUR
Muster offensiv cVV;16.04.2019;-0,0004181946;-740,89;1,4486340867;1.107.978,09;0,003243365;EUR
Muster offensiv cVV;17.04.2019;-0,0066830012;-11.834,99;1,4332314465;1.096.143,10;0,001041554;EUR
Muster offensiv cVV;18.04.2019;0,0008708266;1.531,85;1,4353055249;1.097.674,95;0,004438364;EUR
Muster offensiv cVV;19.04.2019;-0,0004185244;-736,86;1,4344130800;1.096.938,09;0,000026648;EUR
Muster offensiv cVV;20.04.2019;0;0;1,4344130800;1.096.938,09;0;EUR
Muster offensiv cVV;21.04.2019;0;0;1,4344130800;1.096.938,09;0;EUR
Muster offensiv cVV;22.04.2019;-0,0005155982;-907,39;1,4332974907;1.096.030,71;-0,000164993;EUR
Muster offensiv cVV;23.04.2019;0,0152094629;26.752,86;1,4683552873;1.122.783,57;0,004238608;EUR
Muster offensiv cVV;24.04.2019;0,0079763403;14.243,47;1,4870561378;1.137.027,03;0,002082617;EUR
Muster offensiv cVV;25.04.2019;-0,0016088737;-2.895,90;1,4833420198;1.134.131,13;0,000528345;EUR
Muster offensiv cVV;26.04.2019;0,0049081555;8.820,26;1,4949519311;1.142.951,39;0,001963047;EUR
Muster offensiv cVV;27.04.2019;0;0;1,4949519311;1.142.951,39;0;EUR
Muster offensiv cVV;28.04.2019;0;0;1,4949519311;1.142.951,39;0;EUR
Muster offensiv cVV;29.04.2019;0,0013379141;2.416,12;1,4981860596;1.145.367,50;0,000567332;EUR
Muster offensiv cVV;30.04.2019;-0,0019492538;-3.524,83;1,4936490745;1.141.842,67;-0,000399420;EUR
Muster offensiv cVV;01.05.2019;0,0006729982;1.214,61;1,4953115760;1.143.057,28;-0,002599198;EUR
Muster offensiv cVV;02.05.2019;-0,0049142124;-8.875,01;1,4837746156;1.134.182,27;0,000563546;EUR
Muster offensiv cVV;03.05.2019;0,0067431154;12.118,14;1,4997017466;1.146.300,41;0,004866443;EUR
Muster offensiv cVV;04.05.2019;0;0;1,4997017466;1.146.300,41;0;EUR
Muster offensiv cVV;05.05.2019;0;0;1,4997017466;1.146.300,41;0;EUR
Muster offensiv cVV;06.05.2019;-0,0082200638;-14.872,00;1,4803175303;1.131.428,42;-0,005781200;EUR
Muster offensiv cVV;07.05.2019;-0,0074591213;-13.384,34;1,4628778384;1.118.044,07;-0,010738547;EUR
Muster offensiv cVV;08.05.2019;0,0003371757;600,50;1,4637354114;1.118.644,58;0,001542566;EUR
Muster offensiv cVV;09.05.2019;-0,0074854501;-13.335,89;1,4463564852;1.105.308,68;-0,009339632;EUR
Muster offensiv cVV;10.05.2019;-0,0006895146;-1.219,23;1,4448318958;1.104.089,46;0,003525862;EUR
Muster offensiv cVV;11.05.2019;0;0;1,4448318958;1.104.089,46;0;EUR
Muster offensiv cVV;12.05.2019;0;0;1,4448318958;1.104.089,46;0;EUR
Muster offensiv cVV;13.05.2019;-0,0134697173;-23.801,26;1,4137543861;1.080.288,19;-0,012603401;EUR
Muster offensiv cVV;14.05.2019;0,0078368642;13.661,37;1,4317028789;1.093.949,56;0,006998822;EUR
Muster offensiv cVV;15.05.2019;0,0020707597;3.638,08;1,4365344830;1.097.587,64;0,005906148;EUR
Muster offensiv cVV;16.05.2019;0,0103891346;18.290,26;1,4605443834;1.115.877,90;0,010429282;EUR
Muster offensiv cVV;17.05.2019;0,0003891795;692,28;1,4615218924;1.116.570,18;-0,003087447;EUR
Muster offensiv cVV;18.05.2019;0;0;1,4615218924;1.116.570,18;0;EUR
Muster offensiv cVV;19.05.2019;0;0;1,4615218924;1.116.570,18;0;EUR
Muster offensiv cVV;20.05.2019;-0,0094193967;-16.761,83;1,4396519804;1.099.808,35;-0,008339028;EUR
Muster offensiv cVV;21.05.2019;0,0050436961;8.890,72;1,4513607689;1.108.699,07;0,004793953;EUR
Muster offensiv cVV;22.05.2019;0,0021129155;3.743,30;1,4563320090;1.112.442,38;0,000740518;EUR
Muster offensiv cVV;23.05.2019;-0,0115153502;-20.444,04;1,4296377486;1.091.998,33;-0,010728431;EUR
Muster offensiv cVV;24.05.2019;0,0007530988;1.321,64;1,4314377216;1.093.319,97;0,001426051;EUR
Muster offensiv cVV;25.05.2019;0;0;1,4314377216;1.093.319,97;0;EUR
Muster offensiv cVV;26.05.2019;0;0;1,4314377216;1.093.319,97;0;EUR
Muster offensiv cVV;27.05.2019;0,0036031650;6.328,06;1,4397928400;1.099.648,03;0,002786778;EUR
Muster offensiv cVV;28.05.2019;-0,0024353087;-4.292,42;1,4342424140;1.095.355,61;-0,002799227;EUR
Muster offensiv cVV;29.05.2019;-0,0128847140;-22.655,02;1,4046465204;1.072.700,59;-0,008315113;EUR
Muster offensiv cVV;30.05.2019;0,0028355489;4.921,47;1,4111594503;1.077.622,06;0,002948111;EUR
Muster offensiv cVV;31.05.2019;-0,0077073881;-13.415,12;1,3936598129;1.064.206,94;-0,009511828;EUR
Muster offensiv cVV;01.06.2019;0;0;1,3936598129;1.064.206,94;0;EUR
Muster offensiv cVV;02.06.2019;0;0;1,3936598129;1.064.206,94;0;EUR
Muster offensiv cVV;03.06.2019;-0,0002780472;-480,23;1,3930984708;1.063.726,71;-0,000141217;EUR
Muster offensiv cVV;04.06.2019;0,0068500886;11.827,76;1,4086568252;1.075.554,47;0,010705987;EUR
Muster offensiv cVV;05.06.2019;0,0032683663;5.682,01;1,4161671402;1.081.236,48;0,003042903;EUR
Muster offensiv cVV;06.06.2019;-0,0017934780;-3.128,13;1,4121383590;1.078.108,35;-0,000034272;EUR
Muster offensiv cVV;07.06.2019;0,0044796977;7.799,33;1,4224229346;1.085.907,68;0,005380365;EUR
Muster offensiv cVV;08.06.2019;0;0;1,4224229346;1.085.907,68;0;EUR
Muster offensiv cVV;09.06.2019;0;0;1,4224229346;1.085.907,68;0;EUR
Muster offensiv cVV;10.06.2019;0,0021054008;3.682,01;1,4273149406;1.089.589,69;0,002278595;EUR
Muster offensiv cVV;11.06.2019;0,0029633256;5.193,29;1,4341871789;1.094.782,98;0,004270383;EUR
Muster offensiv cVV;12.06.2019;-0,0022863673;-4.018,78;1,4289914576;1.090.764,20;-0,002333919;EUR
Muster offensiv cVV;13.06.2019;0,0038245994;6.707,18;1,4378477583;1.097.471,38;0,003754642;EUR
Muster offensiv cVV;14.06.2019;0,0009473518;1.667,72;1,4401021145;1.099.139,10;-0,001573778;EUR
Muster offensiv cVV;15.06.2019;0;0;1,4401021145;1.099.139,10;0;EUR
Muster offensiv cVV;16.06.2019;0;0;1,4401021145;1.099.139,10;0;EUR
Muster offensiv cVV;17.06.2019;0,0007828801;1.379,49;1,4419789763;1.100.518,59;-0,000371727;EUR
Muster offensiv cVV;18.06.2019;0,0129398379;22.818,75;1,4719485871;1.123.337,34;0,013593883;EUR
Muster offensiv cVV;19.06.2019;0,0004564796;815,39;1,4730878710;1.124.152,73;-0,000213357;EUR
Muster offensiv cVV;20.06.2019;0,0050048370;8.944,06;1,4848795162;1.133.096,79;0,003120683;EUR
Muster offensiv cVV;21.06.2019;-0,0058407661;-10.490,18;1,4712032009;1.122.606,62;-0,002634330;EUR
Muster offensiv cVV;22.06.2019;0;0;1,4712032009;1.122.606,62;0;EUR
Muster offensiv cVV;23.06.2019;0;0;1,4712032009;1.122.606,62;0;EUR
Muster offensiv cVV;24.06.2019;-0,0003280786;-585,80;1,4705060743;1.122.020,82;-0,004002722;EUR
Muster offensiv cVV;25.06.2019;0,0013377021;2.387,73;1,4737060865;1.124.408,55;-0,003491582;EUR
Muster offensiv cVV;26.06.2019;-0,0029705277;-5.309,34;1,4668176995;1.119.099,21;-0,000394994;EUR
Muster offensiv cVV;27.06.2019;0,0034822037;6.205,39;1,4750218317;1.125.304,60;0,002616356;EUR
Muster offensiv cVV;28.06.2019;0,0062303521;11.141,34;1,4896969234;1.136.445,94;0,005492962;EUR
Muster offensiv cVV;29.06.2019;0;0;1,4896969234;1.136.445,94;0;EUR
Muster offensiv cVV;30.06.2019;0;0;1,4896969234;1.136.445,94;0;EUR
Muster offensiv cVV;01.07.2019;0,0057439631;10.335,55;1,5033170662;1.146.781,49;0,008603715;EUR
Muster offensiv cVV;02.07.2019;0,0014391178;2.604,39;1,5068031832;1.149.385,88;0,002311934;EUR
Muster offensiv cVV;03.07.2019;0,0051018116;9.246,10;1,5189970362;1.158.631,98;0,005838493;EUR
Muster offensiv cVV;04.07.2019;0,0004525436;824,34;1,5201503224;1.159.456,32;0,000774353;EUR
Muster offensiv cVV;05.07.2019;-0,0024162054;-4.403,26;1,5144494930;1.155.053,06;-0,001665138;EUR
Muster offensiv cVV;06.07.2019;0;0;1,5144494930;1.155.053,06;0;EUR
Muster offensiv cVV;07.07.2019;0;0;1,5144494930;1.155.053,06;0;EUR
Muster offensiv cVV;08.07.2019;-0,0026715416;-4.856,82;1,5081533557;1.150.196,24;-0,002305871;EUR
Muster offensiv cVV;09.07.2019;0,0009085203;1.647,26;1,5103852155;1.151.843,50;-0,003183138;EUR
Muster offensiv cVV;10.07.2019;0,0010978963;1.992,43;1,5130698720;1.153.835,93;-0,002348836;EUR
Muster offensiv cVV;11.07.2019;-0,0014896486;-2.706,34;1,5095927484;1.151.129,59;-0,000823128;EUR
Muster offensiv cVV;12.07.2019;-0,0021140410;-3.835,00;1,5046350531;1.147.294,59;0,000938615;EUR
Muster offensiv cVV;13.07.2019;0;0;1,5046350531;1.147.294,59;0;EUR
Muster offensiv cVV;14.07.2019;0;0;1,5046350531;1.147.294,59;0;EUR
Muster offensiv cVV;15.07.2019;0,0016197292;2.932,07;1,5085520259;1.150.226,67;0,002210900;EUR
Muster offensiv cVV;16.07.2019;0,0018467306;3.348,41;1,5130153830;1.153.575,08;0,001645868;EUR
Muster offensiv cVV;17.07.2019;-0,0016347502;-2.969,53;1,5091921746;1.150.605,55;-0,004196756;EUR
Muster offensiv cVV;18.07.2019;-0,0020992710;-3.807,10;1,5042698994;1.146.798,44;-0,002966758;EUR
Muster offensiv cVV;19.07.2019;-0,0007158058;-1.295,41;1,5026418765;1.145.503,03;0,000412619;EUR
Muster offensiv cVV;20.07.2019;0;0;1,5026418765;1.145.503,03;0;EUR
Muster offensiv cVV;21.07.2019;0;0;1,5026418765;1.145.503,03;0;EUR
Muster offensiv cVV;22.07.2019;-0,0011153488;-2.017,03;1,5000670004;1.143.485,99;0,001643380;EUR
Muster offensiv cVV;23.07.2019;0,0095074130;17.174,35;1,5226689847;1.160.660,34;0,010768456;EUR
Muster offensiv cVV;24.07.2019;-0,0004533181;-826,67;1,5216564243;1.159.833,68;0,002802125;EUR
Muster offensiv cVV;25.07.2019;-0,0081291767;-14.817,57;1,5022873251;1.145.016,10;-0,007154903;EUR
Muster offensiv cVV;26.07.2019;0,0015599420;2.820,29;1,5060587220;1.147.836,39;0,004306182;EUR
Muster offensiv cVV;27.07.2019;0;0;1,5060587220;1.147.836,39;0;EUR
Muster offensiv cVV;28.07.2019;0;0;1,5060587220;1.147.836,39;0;EUR
Muster offensiv cVV;29.07.2019;-0,0011353113;-2.055,78;1,5034322952;1.145.780,61;-0,000633627;EUR
Muster offensiv cVV;30.07.2019;-0,0021186553;-3.832,04;1,4984747567;1.141.948,57;-0,009989912;EUR
Muster offensiv cVV;31.07.2019;0,0008802161;1.588,68;1,5006301501;1.143.537,26;-0,000899018;EUR
Muster offensiv cVV;01.08.2019;0,0004335158;783,13;1,5017285441;1.144.320,39;0,002107223;EUR
Muster offensiv cVV;02.08.2019;-0,0062360934;-11.270,19;1,4870082862;1.133.050,20;-0,017091345;EUR
Muster offensiv cVV;03.08.2019;0;0;1,4870082862;1.133.050,20;0;EUR
Muster offensiv cVV;04.08.2019;0;0;1,4870082862;1.133.050,20;0;EUR
Muster offensiv cVV;05.08.2019;-0,0162199842;-29.130,78;1,4488453513;1.103.919,42;-0,018545380;EUR
Muster offensiv cVV;06.08.2019;-0,0012717190;-2.246,94;1,4459642948;1.101.672,48;-0,000598193;EUR
Muster offensiv cVV;07.08.2019;0,0043587378;7.691,44;1,4561278273;1.109.363,92;0,003120997;EUR
Muster offensiv cVV;08.08.2019;0,0118577446;21.015,42;1,4837818560;1.130.379,34;0,012702577;EUR
Muster offensiv cVV;09.08.2019;-0,0068864340;-12.349,51;1,4676402126;1.118.029,83;-0,006682695;EUR
Muster offensiv cVV;10.08.2019;0;0;1,4676402126;1.118.029,83;0;EUR
Muster offensiv cVV;11.08.2019;0;0;1,4676402126;1.118.029,83;0;EUR
Muster offensiv cVV;12.08.2019;-0,0048018190;-8.551,85;1,4564824378;1.109.477,98;-0,003959657;EUR
Muster offensiv cVV;13.08.2019;0,0033380010;5.916,30;1,4643177236;1.115.394,28;0,006312411;EUR
Muster offensiv cVV;14.08.2019;-0,0086141979;-15.318,84;1,4442743536;1.100.075,44;-0,015124902;EUR
Muster offensiv cVV;15.08.2019;-0,0019447379;-3.428,59;1,4398403517;1.096.646,85;-0,001383613;EUR
Muster offensiv cVV;16.08.2019;0,0084070542;14.792,86;1,4593308215;1.111.439,72;0,009593203;EUR
Muster offensiv cVV;17.08.2019;0;0;1,4593308215;1.111.439,72;0;EUR
Muster offensiv cVV;18.08.2019;0;0;1,4593308215;1.111.439,72;0;EUR
Muster offensiv cVV;19.08.2019;0,0066669351;11.829,61;1,4749321048;1.123.269,33;0,009408636;EUR
Muster offensiv cVV;20.08.2019;-0,0033733150;-6.025,42;1,4670887850;1.117.243,92;-0,003643331;EUR
Muster offensiv cVV;21.08.2019;0,0056000166;9.969,01;1,4802484537;1.127.212,92;0,007396499;EUR
Muster offensiv cVV;22.08.2019;-0,0025381848;-4.543,72;1,4743504005;1.122.669,21;-0,002309276;EUR
Muster offensiv cVV;23.08.2019;-0,0031235370;-5.525,69;1,4671735904;1.117.143,52;-0,011428596;EUR
Muster offensiv cVV;24.08.2019;0;0;1,4671735904;1.117.143,52;0;EUR
Muster offensiv cVV;25.08.2019;0;0;1,4671735904;1.117.143,52;0;EUR
Muster offensiv cVV;26.08.2019;0,0040682171;7.174,39;1,4766761919;1.124.317,91;0,003193416;EUR
Muster offensiv cVV;27.08.2019;0,0051741078;9.161,78;1,4887901356;1.133.479,69;0,002806699;EUR
Muster offensiv cVV;28.08.2019;-0,0012021105;-2.139,59;1,4860605450;1.131.340,10;0,001284116;EUR
Muster offensiv cVV;29.08.2019;0,0044700127;7.946,43;1,4965797007;1.139.286,53;0,008583104;EUR
Muster offensiv cVV;30.08.2019;0,0052149274;9.312,12;1,5088940211;1.148.598,64;0,006153273;EUR
Muster offensiv cVV;31.08.2019;0;0;1,5088940211;1.148.598,64;0;EUR
Muster offensiv cVV;01.09.2019;0;0;1,5088940211;1.148.598,64;0;EUR
Muster offensiv cVV;02.09.2019;0,0001052444;188,91;1,5092239747;1.148.787,55;0,001642402;EUR
Muster offensiv cVV;03.09.2019;-0,0008061403;-1.447,16;1,5074043994;1.147.340,40;-0,002923428;EUR
Muster offensiv cVV;04.09.2019;0,0022832761;4.095,56;1,5128671157;1.151.435,95;0,004979208;EUR
Muster offensiv cVV;05.09.2019;0,0010982084;1.974,38;1,5155432026;1.153.410,33;0,006573286;EUR
Muster offensiv cVV;06.09.2019;0,0030768959;5.537,76;1,5229019483;1.158.948,09;0,002925609;EUR
Muster offensiv cVV;07.09.2019;0;0;1,5229019483;1.158.948,09;0;EUR
Muster offensiv cVV;08.09.2019;0;0;1,5229019483;1.158.948,09;0;EUR
Muster offensiv cVV;09.09.2019;-0,0065028602;-11.739,79;1,5075568422;1.147.208,31;0,000239226;EUR
Muster offensiv cVV;10.09.2019;-0,0013662439;-2.450,48;1,5044178472;1.144.757,83;0,001828823;EUR
Muster offensiv cVV;11.09.2019;0,0086242868;15.447,28;1,5248005934;1.160.205,10;0,006816849;EUR
Muster offensiv cVV;12.09.2019;0,0008755507;1.581,76;1,5269617246;1.161.786,86;0,001227799;EUR
Muster offensiv cVV;13.09.2019;-0,0031142822;-5.631,14;1,5196424558;1.156.155,72;0,000067298;EUR
Muster offensiv cVV;14.09.2019;0;0;1,5196424558;1.156.155,72;0;EUR
Muster offensiv cVV;15.09.2019;0;0;1,5196424558;1.156.155,72;0;EUR
Muster offensiv cVV;16.09.2019;0,0005651483;1.018,70;1,5210633074;1.157.174,42;-0,001222910;EUR
Muster offensiv cVV;17.09.2019;-0,0012848632;-2.317,32;1,5180989437;1.154.857,10;-0,001211443;EUR
Muster offensiv cVV;18.09.2019;-0,0013728110;-2.472,76;1,5149298639;1.152.384,35;0,000209700;EUR
Muster offensiv cVV;19.09.2019;0,0015879856;2.856,41;1,5187665088;1.155.240,76;0,002624239;EUR
Muster offensiv cVV;20.09.2019;0,0018517543;3.336,16;1,5232342527;1.158.576,91;0,000699768;EUR
Muster offensiv cVV;21.09.2019;0;0;1,5232342527;1.158.576,91;0;EUR
Muster offensiv cVV;22.09.2019;0;0;1,5232342527;1.158.576,91;0;EUR
Muster offensiv cVV;23.09.2019;0,0026407156;4.766,37;1,5295828918;1.163.343,29;-0,003361920;EUR
Muster offensiv cVV;24.09.2019;0,0016077937;2.909,66;1,5334907831;1.166.252,95;-0,003041698;EUR
Muster offensiv cVV;25.09.2019;-0,0033321617;-6.039,98;1,5256306367;1.160.212,96;-0,000614869;EUR
Muster offensiv cVV;26.09.2019;0,0009353479;1.689,79;1,5279344576;1.161.902,76;0,002106532;EUR
Muster offensiv cVV;27.09.2019;-0,0038569678;-6.974,48;1,5188440938;1.154.928,27;0,001716726;EUR
Muster offensiv cVV;28.09.2019;0;0;1,5188440938;1.154.928,27;0;EUR
Muster offensiv cVV;29.09.2019;0;0;1,5188440938;1.154.928,27;0;EUR
Muster offensiv cVV;30.09.2019;-0,0039069952;-7.037,70;1,5096695618;1.147.890,57;0,003907800;EUR
Muster offensiv cVV;01.10.2019;-0,0039370297;-7.064,09;1,5004592772;1.140.826,48;-0,009118372;EUR
Muster offensiv cVV;02.10.2019;-0,0141663534;-25.318,18;1,4672381815;1.115.508,30;-0,017927797;EUR
Muster offensiv cVV;03.10.2019;0,0014070326;2.479,03;1,4705773615;1.117.987,33;0,000489476;EUR
Muster offensiv cVV;04.10.2019;0,0057911933;10.217,79;1,4840967798;1.128.205,12;0,007176147;EUR
Muster offensiv cVV;05.10.2019;0;0;1,4840967798;1.128.205,12;0;EUR
Muster offensiv cVV;06.10.2019;0;0;1,4840967798;1.128.205,12;0;EUR
Muster offensiv cVV;07.10.2019;0,0016950265;3.007,97;1,4881329262;1.131.213,09;0,001667279;EUR
Muster offensiv cVV;08.10.2019;-0,0064163644;-11.405,68;1,4732070059;1.119.807,41;-0,007265561;EUR
Muster offensiv cVV;09.10.2019;0,0017627319;3.113,31;1,4773814895;1.122.920,72;0,005157462;EUR
Muster offensiv cVV;10.10.2019;0,0007482386;1.323,86;1,4792019231;1.124.244,58;0,002588746;EUR
Muster offensiv cVV;11.10.2019;0,0099525795;17.622,27;1,5024679378;1.141.866,85;0,014897686;EUR
Muster offensiv cVV;12.10.2019;0;0;1,5024679378;1.141.866,85;0;EUR
Muster offensiv cVV;13.10.2019;0;0;1,5024679378;1.141.866,85;0;EUR
Muster offensiv cVV;14.10.2019;0,0007268307;1.299,75;1,5042580650;1.143.166,60;-0,001077530;EUR
Muster offensiv cVV;15.10.2019;0,0022415811;4.011,41;1,5096167051;1.147.178,01;0,007209016;EUR
Muster offensiv cVV;16.10.2019;0,0002198065;394,24;1,5102156204;1.147.572,25;0,000418282;EUR
Muster offensiv cVV;17.10.2019;-0,0032734521;-5.872,41;1,5025671385;1.141.699,83;-0,001570528;EUR
Muster offensiv cVV;18.10.2019;-0,0018094261;-3.235,40;1,4983884953;1.138.464,44;-0,002604677;EUR
Muster offensiv cVV;19.10.2019;0;0;1,4983884953;1.138.464,44;0;EUR
Muster offensiv cVV;20.10.2019;0;0;1,4983884953;1.138.464,44;0;EUR
Muster offensiv cVV;21.10.2019;0,0044350797;7.915,92;1,5088869232;1.146.380,36;0,005318088;EUR
Muster offensiv cVV;22.10.2019;-0,0024351725;-4.365,68;1,5032202829;1.142.014,68;0,000037410;EUR
Muster offensiv cVV;23.10.2019;0,0011240118;2.010,18;1,5059458898;1.144.024,86;0,002608077;EUR
Muster offensiv cVV;24.10.2019;0,0045878988;8.214,19;1,5168388631;1.152.239,05;0,003983483;EUR
Muster offensiv cVV;25.10.2019;0,0043086742;7.749,66;1,5271213753;1.159.988,71;0,002111701;EUR
Muster offensiv cVV;26.10.2019;0;0;1,5271213753;1.159.988,71;0;EUR
Muster offensiv cVV;27.10.2019;0;0;1,5271213753;1.159.988,71;0;EUR
Muster offensiv cVV;28.10.2019;0,0027217242;4.916,43;1,5336747888;1.164.905,14;0,002473070;EUR
Muster offensiv cVV;29.10.2019;0,0008565959;1.551,54;1,5357984949;1.166.456,68;-0,000613082;EUR
Muster offensiv cVV;30.10.2019;0,0008362453;1.515,98;1,5378755411;1.167.972,65;-0,000289478;EUR
Muster offensiv cVV;31.10.2019;-0,0028815490;-5.228,14;1,5310722671;1.162.744,51;-0,002533106;EUR
Muster offensiv cVV;01.11.2019;0,0061860530;11.191,33;1,5458901032;1.173.935,85;0,005336225;EUR
Muster offensiv cVV;02.11.2019;0;0;1,5458901032;1.173.935,85;0;EUR
Muster offensiv cVV;03.11.2019;0;0;1,5458901032;1.173.935,85;0;EUR
Muster offensiv cVV;04.11.2019;0,0076115715;13.855,45;1,5642178587;1.187.791,30;0,006998539;EUR
Muster offensiv cVV;05.11.2019;0,0018869187;3.460,93;1,5688580786;1.191.252,23;0,002516392;EUR
Muster offensiv cVV;06.11.2019;0,0018427254;3.386,25;1,5734003698;1.194.638,48;0,001280885;EUR
Muster offensiv cVV;07.11.2019;0,0017095340;3.147,28;1,5776283305;1.197.785,76;0,004471829;EUR
Muster offensiv cVV;08.11.2019;0,0006803443;1.254,67;1,5793637439;1.199.040,43;-0,000483516;EUR
Muster offensiv cVV;09.11.2019;0;0;1,5793637439;1.199.040,43;0;EUR
Muster offensiv cVV;10.11.2019;0;0;1,5793637439;1.199.040,43;0;EUR
Muster offensiv cVV;11.11.2019;0,0002693919;497,14;1,5801014230;1.199.537,57;-0,001787022;EUR
Muster offensiv cVV;12.11.2019;0,0045385765;8.377,83;1,5912205756;1.207.915,40;0,003843040;EUR
Muster offensiv cVV;13.11.2019;-0,0016137180;-2.992,31;1,5873618473;1.204.923,09;-0,001327525;EUR
Muster offensiv cVV;14.11.2019;-0,0018210519;-3.371,32;1,5830033251;1.201.551,78;-0,001188142;EUR
Muster offensiv cVV;15.11.2019;0,0038723419;7.155,82;1,5925141548;1.208.707,60;0,002833343;EUR
Muster offensiv cVV;16.11.2019;0;0;1,5925141548;1.208.707,60;0;EUR
Muster offensiv cVV;17.11.2019;0;0;1,5925141548;1.208.707,60;0;EUR
Muster offensiv cVV;18.11.2019;0,0002178427;404,12;1,5931298540;1.209.111,71;-0,001506043;EUR
Muster offensiv cVV;19.11.2019;0,0028614737;5.309,44;1,6002091638;1.214.421,15;0,000302165;EUR
Muster offensiv cVV;20.11.2019;-0,0025467277;-4.738,95;1,5940479801;1.209.682,20;-0,002904971;EUR
Muster offensiv cVV;21.11.2019;-0,0026002856;-4.826,29;1,5877709999;1.204.855,91;-0,001961387;EUR
Muster offensiv cVV;22.11.2019;0,0050352154;9.321,37;1,6001381968;1.214.177,28;0,003073862;EUR
Muster offensiv cVV;23.11.2019;0;0;1,6001381968;1.214.177,28;0;EUR
Muster offensiv cVV;24.11.2019;0;0;1,6001381968;1.214.177,28;0;EUR
Muster offensiv cVV;25.11.2019;0,0062485196;11.625,72;1,6155436431;1.225.803,00;0,005859836;EUR
Muster offensiv cVV;26.11.2019;0,0009794516;1.833,71;1,6180446113;1.227.636,71;0,000557726;EUR
Muster offensiv cVV;27.11.2019;0,0036338015;6.809,80;1,6271046857;1.234.446,51;0,003232687;EUR
Muster offensiv cVV;28.11.2019;-0,0005504537;-1.035,31;1,6258245915;1.233.411,20;-0,001562095;EUR
Muster offensiv cVV;29.11.2019;-0,0022532706;-4.235,68;1,6203255110;1.229.175,53;-0,002552866;EUR
Muster offensiv cVV;30.11.2019;0;0;1,6203255110;1.229.175,53;0;EUR
Muster offensiv cVV;01.12.2019;0;0;1,6203255110;1.229.175,53;0;EUR
Muster offensiv cVV;02.12.2019;-0,0092467852;-17.342,85;1,5975467473;1.211.832,68;-0,012403335;EUR
Muster offensiv cVV;03.12.2019;-0,0046465620;-8.634,29;1,5862465535;1.203.198,38;-0,001136290;EUR
Muster offensiv cVV;04.12.2019;0,0064955606;12.014,04;1,6021684453;1.215.212,42;0,006173927;EUR
Muster offensiv cVV;05.12.2019;-0,0026868064;-5.001,74;1,5956567147;1.210.210,69;-0,002290498;EUR
Muster offensiv cVV;06.12.2019;0,0075403554;13.999,34;1,6141983772;1.224.210,03;0,007606650;EUR
Muster offensiv cVV;07.12.2019;0;0;1,6141983772;1.224.210,03;0;EUR
Muster offensiv cVV;08.12.2019;0;0;1,6141983772;1.224.210,03;0;EUR
Muster offensiv cVV;09.12.2019;-0,0016081043;-3.008,10;1,6103153464;1.221.201,93;-0,002758424;EUR
Muster offensiv cVV;10.12.2019;-0,0041008295;-7.658,63;1,6002992051;1.213.543,30;-0,002142645;EUR
Muster offensiv cVV;11.12.2019;0,0019723369;3.668,39;1,6052196843;1.217.211,69;0,003360282;EUR
Muster offensiv cVV;12.12.2019;0,0043682682;8.140,66;1,6160388047;1.225.352,36;0,002969659;EUR
Muster offensiv cVV;13.12.2019;0,0046831423;8.765,58;1,6276831941;1.234.117,94;0,002994189;EUR
Muster offensiv cVV;14.12.2019;0;0;1,6276831941;1.234.117,94;0;EUR
Muster offensiv cVV;15.12.2019;0;0;1,6276831941;1.234.117,94;0;EUR
Muster offensiv cVV;16.12.2019;0,0070267748;13.213,83;1,6451958359;1.247.331,77;0,006441905;EUR
Muster offensiv cVV;17.12.2019;-0,0040837522;-7.733,44;1,6350799327;1.239.598,32;-0,003928431;EUR
Muster offensiv cVV;18.12.2019;-0,0014393028;-2.714,49;1,6315834689;1.236.883,83;-0,001708294;EUR
Muster offensiv cVV;19.12.2019;-0,0007964650;-1.499,95;1,6296887771;1.235.383,88;0,001099431;EUR
Muster offensiv cVV;20.12.2019;0,0084830949;15.963,17;1,6508319517;1.251.347,05;0,005724254;EUR
Muster offensiv cVV;21.12.2019;0;0;1,6508319517;1.251.347,05;0;EUR
Muster offensiv cVV;22.12.2019;0;0;1,6508319517;1.251.347,05;0;EUR
Muster offensiv cVV;23.12.2019;0,0015612061;2.962,74;1,6548256221;1.254.309,79;-0,000500441;EUR
Muster offensiv cVV;24.12.2019;-0,0000097841;-18,60;1,6548861277;1.254.291,19;0,000129793;EUR
Muster offensiv cVV;25.12.2019;0,0000067964;12,92;1,6549881617;1.254.304,11;-0,000098901;EUR
Muster offensiv cVV;26.12.2019;0,0012989422;2.468,88;1,6583308222;1.256.772,99;0,001168362;EUR
Muster offensiv cVV;27.12.2019;0,0025467822;4.846,91;1,6648117813;1.261.619,90;-0,000306412;EUR
Muster offensiv cVV;28.12.2019;0;0;1,6648117813;1.261.619,90;0;EUR
Muster offensiv cVV;29.12.2019;0;0;1,6648117813;1.261.619,90;0;EUR
Muster offensiv cVV;30.12.2019;-0,0047850515;-9.129,87;1,6528488766;1.252.490,03;-0,006218105;EUR
Muster offensiv cVV;31.12.2019;-0,0002628972;-499,21;1,6522747297;1.251.990,82;0,000126454;EUR
Muster offensiv cVV;01.01.2020;0,0009040943;1.716,31;1,6546244661;1.253.707,13;0,000001069;EUR
Muster offensiv cVV;02.01.2020;0,0066001548;12.540,86;1,6712612069;1.266.247,99;0,007963810;EUR
Muster offensiv cVV;03.01.2020;0,0001374415;262,87;1,6716936235;1.266.510,86;-0,005011723;EUR
Muster offensiv cVV;04.01.2020;0;0;1,6716936235;1.266.510,86;0;EUR
Muster offensiv cVV;05.01.2020;0;0;1,6716936235;1.266.510,86;0;EUR
Muster offensiv cVV;06.01.2020;-0,0011536958;-2.206,89;1,6688659622;1.264.303,97;-0,003147945;EUR
Muster offensiv cVV;07.01.2020;0,0041470722;7.923,74;1,6794109473;1.272.227,71;0,004113598;EUR
Muster offensiv cVV;08.01.2020;0,0013952845;2.677,00;1,6830306125;1.274.904,71;0,003859683;EUR
Muster offensiv cVV;09.01.2020;0,0033196990;6.378,08;1,6915367173;1.281.282,79;0,007201391;EUR
Muster offensiv cVV;10.01.2020;-0,0005313603;-1.024,28;1,6902706023;1.280.258,51;-0,000948542;EUR
Muster offensiv cVV;11.01.2020;0;0;1,6902706023;1.280.258,51;0;EUR
Muster offensiv cVV;12.01.2020;0;0;1,6902706023;1.280.258,51;0;EUR
Muster offensiv cVV;13.01.2020;-0,0015312069;-2.950,08;1,6864616208;1.277.308,43;-0,000170657;EUR
Muster offensiv cVV;14.01.2020;0,0014493524;2.788,10;1,6902288383;1.280.096,53;0,000712882;EUR
Muster offensiv cVV;15.01.2020;0,0014336896;2.761,97;1,6939618719;1.282.858,50;-0,000879413;EUR
Muster offensiv cVV;16.01.2020;0,0041888818;8.081,35;1,7047196039;1.290.939,85;0,002638139;EUR
Muster offensiv cVV;17.01.2020;0,0078777212;15.261,66;1,7249606355;1.306.201,50;0,005706247;EUR
Muster offensiv cVV;18.01.2020;0;0;1,7249606355;1.306.201,50;0;EUR
Muster offensiv cVV;19.01.2020;0;0;1,7249606355;1.306.201,50;0;EUR
Muster offensiv cVV;20.01.2020;-0,0001150330;-224,61;1,7247515668;1.305.976,89;0,001035481;EUR
Muster offensiv cVV;21.01.2020;0,0015439074;3.014,26;1,7288200763;1.308.991,15;-0,000961869;EUR
Muster offensiv cVV;22.01.2020;0,0011259014;2.201,55;1,7318155249;1.311.192,70;-0,000103978;EUR
Muster offensiv cVV;23.01.2020;-0,0064951421;-12.714,71;1,7151089123;1.298.478,00;-0,002760676;EUR
Muster offensiv cVV;24.01.2020;0,0029992165;5.833,05;1,7229007886;1.304.311,04;0,004451982;EUR
Muster offensiv cVV;25.01.2020;0;0;1,7229007886;1.304.311,04;0;EUR
Muster offensiv cVV;26.01.2020;0;0;1,7229007886;1.304.311,04;0;EUR
Muster offensiv cVV;27.01.2020;-0,0142755051;-27.847,08;1,6862021214;1.276.463,96;-0,015545476;EUR
Muster offensiv cVV;28.01.2020;0,0032639122;6.275,99;1,6945783597;1.282.739,95;0,006164527;EUR
Muster offensiv cVV;29.01.2020;0,0049563192;9.561,33;1,7072957389;1.292.301,28;0,001001033;EUR
Muster offensiv cVV;30.01.2020;-0,0094396751;-18.300,51;1,6832034225;1.274.000,77;-0,006438508;EUR
Muster offensiv cVV;31.01.2020;-0,0077584111;-14.899,09;1,6636027750;1.259.101,68;-0,010919892;EUR
Muster offensiv cVV;01.02.2020;0;0;1,6636027750;1.259.101,68;0;EUR
Muster offensiv cVV;02.02.2020;0;0;1,6636027750;1.259.101,68;0;EUR
Muster offensiv cVV;03.02.2020;0,0052989473;10.097,04;1,6770281919;1.269.198,72;0,004024080;EUR
Muster offensiv cVV;04.02.2020;0,0120781807;23.136,69;1,7076854322;1.292.335,41;0,012365611;EUR
Muster offensiv cVV;05.02.2020;0,0095189088;18.454,44;1,7321582932;1.310.789,85;0,009959330;EUR
Muster offensiv cVV;06.02.2020;0,0039892172;7.807,57;1,7425634182;1.318.597,42;0,005299166;EUR
Muster offensiv cVV;07.02.2020;-0,0039714645;-7.803,83;1,7323375843;1.310.793,59;-0,002820286;EUR
Muster offensiv cVV;08.02.2020;0;0;1,7323375843;1.310.793,59;0;EUR
Muster offensiv cVV;09.02.2020;0;0;1,7323375843;1.310.793,59;0;EUR
Muster offensiv cVV;10.02.2020;0,0042561023;8.329,93;1,7434340210;1.319.123,51;0,002320578;EUR
Muster offensiv cVV;11.02.2020;0,0056602461;11.125,23;1,7582261382;1.330.248,74;0,005188480;EUR
Muster offensiv cVV;12.02.2020;0,0040894764;8.083,37;1,7689989756;1.338.332,11;0,006098500;EUR
Muster offensiv cVV;13.02.2020;0,0015126917;3.002,26;1,7730563092;1.341.334,37;0,000949033;EUR
Muster offensiv cVV;14.02.2020;0,0015806856;3.141,95;1,7772986535;1.344.476,32;0,000497121;EUR
Muster offensiv cVV;15.02.2020;0;0;1,7772986535;1.344.476,32;0;EUR
Muster offensiv cVV;16.02.2020;0;0;1,7772986535;1.344.476,32;0;EUR
Muster offensiv cVV;17.02.2020;0,0029261635;5.825,57;1,7850890850;1.350.301,89;0,001539596;EUR
Muster offensiv cVV;18.02.2020;-0,0010428618;-2.082,26;1,7824256198;1.348.219,62;-0,003960198;EUR
Muster offensiv cVV;19.02.2020;0,0080502739;16.057,06;1,8037442818;1.364.276,69;0,005659861;EUR
Muster offensiv cVV;20.02.2020;-0,0030831728;-6.199,20;1,7956379838;1.358.077,49;-0,005370475;EUR
Muster offensiv cVV;21.02.2020;-0,0062898369;-12.607,70;1,7790571214;1.345.469,79;-0,006749564;EUR
Muster offensiv cVV;22.02.2020;0;0;1,7790571214;1.345.469,79;0;EUR
Muster offensiv cVV;23.02.2020;0;0;1,7790571214;1.345.469,79;0;EUR
Muster offensiv cVV;24.02.2020;-0,0300855124;-59.925,79;1,6999047399;1.285.544,00;-0,026087028;EUR
Muster offensiv cVV;25.02.2020;-0,0165903684;-32.051,31;1,6576052997;1.253.492,69;-0,017015235;EUR
Muster offensiv cVV;26.02.2020;-0,0021640436;-4.111,40;1,6522508562;1.249.381,28;-0,002436594;EUR
Muster offensiv cVV;27.02.2020;-0,0294571277;-55.843,65;1,5784788349;1.193.537,64;-0,029074697;EUR
Muster offensiv cVV;28.02.2020;-0,0327253955;-60.211,99;1,4989218866;1.133.325,65;-0,020632928;EUR
Muster offensiv cVV;29.02.2020;0;0;1,4989218866;1.133.325,65;0;EUR
Muster offensiv cVV;01.03.2020;0;0;1,4989218866;1.133.325,65;0;EUR
Muster offensiv cVV;02.03.2020;0,0178078249;31.692,67;1,5409149293;1.165.018,31;0,006636373;EUR
Muster offensiv cVV;03.03.2020;0,0073356980;13.287,86;1,5585677219;1.178.306,17;-0,002957856;EUR
Muster offensiv cVV;04.03.2020;0,0127976333;23.351,65;1,5895344401;1.201.657,82;0,016999474;EUR
Muster offensiv cVV;05.03.2020;-0,0131940931;-24.383,17;1,5573581659;1.177.274,65;-0,015302167;EUR
Muster offensiv cVV;06.03.2020;-0,0233834700;-42.643,35;1,5010219579;1.134.631,31;-0,024198286;EUR
Muster offensiv cVV;07.03.2020;0;0;1,5010219579;1.134.631,31;0;EUR
Muster offensiv cVV;08.03.2020;0;0;1,5010219579;1.134.631,31;0;EUR
Muster offensiv cVV;09.03.2020;-0,0551990257;-98.310,02;1,3710341085;1.036.321,29;-0,059962492;EUR
Muster offensiv cVV;10.03.2020;0,0153892450;25.895,48;1,4053630760;1.062.216,77;0,007432156;EUR
Muster offensiv cVV;11.03.2020;-0,0133441917;-22.799,83;1,3752660055;1.039.416,94;-0,014128791;EUR
Muster offensiv cVV;12.03.2020;-0,0637985703;-107.551,36;1,2330245016;931.865,59;-0,078232965;EUR
Muster offensiv cVV;13.03.2020;0,0142912133;22.555,03;1,2629313593;954.420,61;0,024283418;EUR
Muster offensiv cVV;14.03.2020;0;0;1,2629313593;954.420,61;0;EUR
Muster offensiv cVV;15.03.2020;0;0;1,2629313593;954.420,61;0;EUR
Muster offensiv cVV;16.03.2020;-0,0369027080;-59.073,83;1,1848208900;895.346,78;-0,059681844;EUR
Muster offensiv cVV;17.03.2020;0,0240006720;37.002,45;1,2338475964;932.349,23;0,028547194;EUR
Muster offensiv cVV;18.03.2020;-0,0275006938;-43.416,12;1,1764499353;888.933,11;-0,038945003;EUR
Muster offensiv cVV;19.03.2020;0,0189424856;29.082,62;1,2149990578;918.015,74;0,013625314;EUR
Muster offensiv cVV;20.03.2020;0,0104304974;16.317,41;1,2366562833;934.333,15;0,006080166;EUR
Muster offensiv cVV;21.03.2020;0;0;1,2366562833;934.333,15;0;EUR
Muster offensiv cVV;22.03.2020;0;0;1,2366562833;934.333,15;0;EUR
Muster offensiv cVV;23.03.2020;-0,0158880945;-25.114,50;1,2034748187;909.218,65;-0,021456840;EUR
Muster offensiv cVV;24.03.2020;0,0608700419;94.689,28;1,3288744947;1.003.907,93;0,071885100;EUR
Muster offensiv cVV;25.03.2020;0,0121000931;19.968,62;1,3553737607;1.023.876,55;0,014452484;EUR
Muster offensiv cVV;26.03.2020;0,0124310252;20.762,99;1,3829271950;1.044.639,54;0,018016050;EUR
Muster offensiv cVV;27.03.2020;-0,0171896300;-29.067,98;1,3445122249;1.015.571,56;-0,023393010;EUR
Muster offensiv cVV;28.03.2020;0;0;1,3445122249;1.015.571,56;0;EUR
Muster offensiv cVV;29.03.2020;0;0;1,3445122249;1.015.571,56;0;EUR
Muster offensiv cVV;30.03.2020;0,0146476329;24.343,64;1,3768083931;1.039.915,20;0,018071293;EUR
Muster offensiv cVV;31.03.2020;0,0084977562;14.329,72;1,3958489828;1.054.244,91;0,002723942;EUR
Muster offensiv cVV;01.04.2020;-0,0153198276;-26.053,26;1,3614206090;1.028.191,65;-0,027832010;EUR
Muster offensiv cVV;02.04.2020;0,0014821685;2.482,00;1,3647739772;1.030.673,65;0,007385925;EUR
Muster offensiv cVV;03.04.2020;0,0023200200;3.890,80;1,3699931926;1.034.564,44;-0,004860324;EUR
Muster offensiv cVV;04.04.2020;0;0;1,3699931926;1.034.564,44;0;EUR
Muster offensiv cVV;05.04.2020;0;0;1,3699931926;1.034.564,44;0;EUR
Muster offensiv cVV;06.04.2020;0,0291145764;48.939,95;1,4348708889;1.083.504,39;0,044420153;EUR
Muster offensiv cVV;07.04.2020;0,0060413862;10.450,89;1,4487818359;1.093.955,29;0,009402169;EUR
Muster offensiv cVV;08.04.2020;0,0050955318;8.867,93;1,4605975922;1.102.823,21;0,009092129;EUR
Muster offensiv cVV;09.04.2020;0,0091181198;15.949,43;1,4817937803;1.118.772,65;0,012918720;EUR
Muster offensiv cVV;10.04.2020;-0,0000826970;-145,97;1,4816728810;1.118.626,67;0,000244236;EUR
Muster offensiv cVV;11.04.2020;0;0;1,4816728810;1.118.626,67;0;EUR
Muster offensiv cVV;12.04.2020;0;0;1,4816728810;1.118.626,67;0;EUR
Muster offensiv cVV;13.04.2020;0,0026878345;4.744,04;1,4880292892;1.123.370,72;-0,001588729;EUR
Muster offensiv cVV;14.04.2020;0,0167216597;29.593,15;1,5273032777;1.152.963,87;0,013001487;EUR
Muster offensiv cVV;15.04.2020;-0,0067615878;-12.166,41;1,5112604708;1.140.797,45;-0,020501726;EUR
Muster offensiv cVV;16.04.2020;0,0119120952;21.289,01;1,5395379654;1.162.086,47;0,003285754;EUR
Muster offensiv cVV;17.04.2020;0,0077599088;14.033,53;1,5582055911;1.176.119,99;0,020713102;EUR
Muster offensiv cVV;18.04.2020;0;0;1,5582055911;1.176.119,99;0;EUR
Muster offensiv cVV;19.04.2020;0;0;1,5582055911;1.176.119,99;0;EUR
Muster offensiv cVV;20.04.2020;0,0067040779;12.218,17;1,5744697633;1.188.338,17;-0,002733166;EUR
Muster offensiv cVV;21.04.2020;-0,0243171294;-44.615,05;1,5154315257;1.143.723,12;-0,025793502;EUR
Muster offensiv cVV;22.04.2020;0,0172470982;30.874,06;1,5564153272;1.174.597,18;0,013835665;EUR
Muster offensiv cVV;23.04.2020;0,0017611684;3.207,05;1,5607407376;1.177.804,22;0,005093290;EUR
Muster offensiv cVV;24.04.2020;-0,0028436743;-5.187,38;1,5539422899;1.172.616,84;-0,002681827;EUR
Muster offensiv cVV;25.04.2020;0;0;1,5539422899;1.172.616,84;0;EUR
Muster offensiv cVV;26.04.2020;0;0;1,5539422899;1.172.616,84;0;EUR
Muster offensiv cVV;27.04.2020;0,0101435858;18.451,14;1,5784702269;1.191.067,98;0,017428523;EUR
Muster offensiv cVV;28.04.2020;-0,0048598747;-8.929,76;1,5667120256;1.182.138,22;0,005627345;EUR
Muster offensiv cVV;29.04.2020;0,0071104363;13.001,55;1,5840200630;1.195.139,77;0,019120314;EUR
Muster offensiv cVV;30.04.2020;-0,0090888866;-16.737,35;1,5619123216;1.178.402,42;-0,013997443;EUR
Muster offensiv cVV;01.05.2020;-0,0066923972;-12.212,16;1,5458005893;1.166.190,26;-0,010591051;EUR
Muster offensiv cVV;02.05.2020;0;0;1,5458005893;1.166.190,26;0;EUR
Muster offensiv cVV;03.05.2020;0;0;1,5458005893;1.166.190,26;0;EUR
Muster offensiv cVV;04.05.2020;-0,0108711314;-19.704,68;1,5197553371;1.146.485,58;-0,012095081;EUR
Muster offensiv cVV;05.05.2020;0,0181174923;32.482,21;1,5628886116;1.178.967,79;0,016320252;EUR
Muster offensiv cVV;06.05.2020;0,0043872089;8.008,18;1,5735806492;1.186.975,97;-0,005490111;EUR
Muster offensiv cVV;07.05.2020;0,0123772514;22.691,89;1,6037408934;1.209.667,86;0,009937027;EUR
Muster offensiv cVV;08.05.2020;0,0022608479;4.196,24;1,6093818392;1.213.864,10;0,008504719;EUR
Muster offensiv cVV;09.05.2020;0;0;1,6093818392;1.213.864,10;0;EUR
Muster offensiv cVV;10.05.2020;0;0;1,6093818392;1.213.864,10;0;EUR
Muster offensiv cVV;11.05.2020;0,0060173520;11.193,74;1,6243012417;1.225.057,83;-0,001521616;EUR
Muster offensiv cVV;12.05.2020;0,0031689921;5.930,57;1,6322432717;1.230.988,40;-0,006968918;EUR
Muster offensiv cVV;13.05.2020;-0,0096158300;-18.052,44;1,6083839310;1.212.935,96;-0,014842835;EUR
Muster offensiv cVV;14.05.2020;-0,0049723360;-9.245,14;1,5962015135;1.203.690,82;-0,006316605;EUR
Muster offensiv cVV;15.05.2020;0,0056588741;10.469,31;1,6101622487;1.214.160,13;0,006118750;EUR
Muster offensiv cVV;16.05.2020;0;0;1,6101622487;1.214.160,13;0;EUR
Muster offensiv cVV;17.05.2020;0;0;1,6101622487;1.214.160,13;0;EUR
Muster offensiv cVV;18.05.2020;0,0167610092;31.184,51;1,6515971224;1.245.344,64;0,030917031;EUR
Muster offensiv cVV;19.05.2020;-0,0014321781;-2.709,28;1,6480832427;1.242.635,36;-0,004063688;EUR
Muster offensiv cVV;20.05.2020;0,0041784077;7.893,07;1,6586313476;1.250.528,43;0,009268986;EUR
Muster offensiv cVV;21.05.2020;-0,0063180442;-11.984,74;1,6428143181;1.238.543,68;-0,006159663;EUR
Muster offensiv cVV;22.05.2020;0,0003277152;617,72;1,6437125257;1.239.161,40;0,001629496;EUR
Muster offensiv cVV;23.05.2020;0;0;1,6437125257;1.239.161,40;0;EUR
Muster offensiv cVV;24.05.2020;0;0;1,6437125257;1.239.161,40;0;EUR
Muster offensiv cVV;25.05.2020;0,0124995592;23.568,42;1,6750556847;1.262.729,82;0,012465878;EUR
Muster offensiv cVV;26.05.2020;-0,0052555500;-10.033,42;1,6618256356;1.252.696,41;0,006143632;EUR
Muster offensiv cVV;27.05.2020;-0,0066912651;-12.707,22;1,6450470357;1.239.989,19;0,009594071;EUR
Muster offensiv cVV;28.05.2020;0,0087981676;16.596,58;1,6671448829;1.256.585,77;0,003495710;EUR
Muster offensiv cVV;29.05.2020;-0,0023994489;-4.566,07;1,6611664152;1.252.019,71;-0,008265823;EUR
Muster offensiv cVV;30.05.2020;0;0;1,6611664152;1.252.019,71;0;EUR
Muster offensiv cVV;31.05.2020;0;0;1,6611664152;1.252.019,71;0;EUR
Muster offensiv cVV;01.06.2020;-0,0012322715;-2.339,34;1,6581418573;1.249.680,37;0,002340890;EUR
Muster offensiv cVV;02.06.2020;0,0087504871;16.591,44;1,6802365198;1.266.271,81;0,016579835;EUR
Muster offensiv cVV;03.06.2020;0,0027084592;5.180,34;1,6871909360;1.271.452,14;0,019301364;EUR
Muster offensiv cVV;04.06.2020;-0,0094922032;-18.204,44;1,6631133616;1.253.247,70;-0,006176184;EUR
Muster offensiv cVV;05.06.2020;0,0055047319;10.456,93;1,6770701231;1.263.704,64;0,022082495;EUR
Muster offensiv cVV;06.06.2020;0;0;1,6770701231;1.263.704,64;0;EUR
Muster offensiv cVV;07.06.2020;0;0;1,6770701231;1.263.704,64;0;EUR
Muster offensiv cVV;08.06.2020;0,0037634053;7.188,42;1,6866902868;1.270.893,05;0,003767295;EUR
Muster offensiv cVV;09.06.2020;-0,0019022836;-3.647,19;1,6819299352;1.267.245,86;-0,010011925;EUR
Muster offensiv cVV;10.06.2020;0,0027629105;5.287,17;1,6890276257;1.272.533,03;-0,003934499;EUR
Muster offensiv cVV;11.06.2020;-0,0212794206;-40.833,33;1,6349074774;1.231.699,70;-0,035876684;EUR
Muster offensiv cVV;12.06.2020;-0,0000543180;-102,01;1,6348497755;1.231.597,69;0,005880501;EUR
Muster offensiv cVV;13.06.2020;0;0;1,6348497755;1.231.597,69;0;EUR
Muster offensiv cVV;14.06.2020;0;0;1,6348497755;1.231.597,69;0;EUR
Muster offensiv cVV;15.06.2020;-0,0007458076;-1.400,61;1,6330681499;1.230.197,08;-0,001038586;EUR
Muster offensiv cVV;16.06.2020;0,0188373639;35.349,74;1,6800741591;1.265.546,82;0,022620330;EUR
Muster offensiv cVV;17.06.2020;0,0094035671;17.978,92;1,7040228830;1.283.525,74;0,002307794;EUR
Muster offensiv cVV;18.06.2020;-0,0008828164;-1.703,75;1,7018416538;1.281.821,99;-0,003515110;EUR
Muster offensiv cVV;19.06.2020;0,0048731059;9.396,33;1,7143981466;1.291.218,32;0,001740886;EUR
Muster offensiv cVV;20.06.2020;0;0;1,7143981466;1.291.218,32;0;EUR
Muster offensiv cVV;21.06.2020;0;0;1,7143981466;1.291.218,32;0;EUR
Muster offensiv cVV;22.06.2020;0,0004177524;809,44;1,7155541033;1.292.027,75;-0,002457783;EUR
Muster offensiv cVV;23.06.2020;0,0076905328;14.907,38;1,7354302466;1.306.935,13;0,007963356;EUR
Muster offensiv cVV;24.06.2020;-0,0132702422;-25.920,95;1,7010912429;1.281.014,18;-0,020231778;EUR
Muster offensiv cVV;25.06.2020;0,0073855125;14.234,78;1,7200752768;1.295.248,97;0,007252702;EUR
Muster offensiv cVV;26.06.2020;-0,0042239230;-8.201,29;1,7092648065;1.287.047,68;-0,008499365;EUR
Muster offensiv cVV;27.06.2020;0;0;1,7092648065;1.287.047,68;0;EUR
Muster offensiv cVV;28.06.2020;0;0;1,7092648065;1.287.047,68;0;EUR
Muster offensiv cVV;29.06.2020;-0,0000606019;-117,17;1,7091898867;1.286.930,51;0,006338892;EUR
Muster offensiv cVV;30.06.2020;0,0072928901;14.099,41;1,7279970318;1.301.029,93;0,007298045;EUR
Muster offensiv cVV;01.07.2020;0,0006166059;1.200,78;1,7296734371;1.302.230,71;-0,001531056;EUR
Muster offensiv cVV;02.07.2020;0,0080648547;15.715,25;1,7506295362;1.317.945,96;0,015122849;EUR
Muster offensiv cVV;03.07.2020;-0,0008640544;-1.697,28;1,7484573686;1.316.248,68;-0,002945188;EUR
Muster offensiv cVV;04.07.2020;0;0;1,7484573686;1.316.248,68;0;EUR
Muster offensiv cVV;05.07.2020;0;0;1,7484573686;1.316.248,68;0;EUR
Muster offensiv cVV;06.07.2020;0,0071392114;14.011,61;1,7671530556;1.330.260,29;0,010065242;EUR
Muster offensiv cVV;07.07.2020;-0,0026058963;-5.150,92;1,7603932375;1.325.109,37;-0,006006033;EUR
Muster offensiv cVV;08.07.2020;0,0019101552;3.765,85;1,7654791097;1.328.875,22;-0,003361134;EUR
Muster offensiv cVV;09.07.2020;0,0076888186;15.187,37;1,7857401963;1.344.062,59;-0,000692332;EUR
Muster offensiv cVV;10.07.2020;-0,0015915873;-3.167,96;1,7816148381;1.340.894,63;0,006751698;EUR
Muster offensiv cVV;11.07.2020;0;0;1,7816148381;1.340.894,63;0;EUR
Muster offensiv cVV;12.07.2020;0;0;1,7816148381;1.340.894,63;0;EUR
Muster offensiv cVV;13.07.2020;-0,0014344504;-2.850,65;1,7779106671;1.338.043,99;0,001783927;EUR
Muster offensiv cVV;14.07.2020;-0,0093899812;-18.633,69;1,7532335657;1.319.410,29;-0,000859979;EUR
Muster offensiv cVV;15.07.2020;0,0100302444;19.717,34;1,7795173768;1.339.127,64;0,011087739;EUR
Muster offensiv cVV;16.07.2020;-0,0045908957;-9.115,25;1,7674872238;1.330.012,39;-0,003347320;EUR
Muster offensiv cVV;17.07.2020;0,0038512366;7.611,55;1,7776856030;1.337.623,94;0,002352946;EUR
Muster offensiv cVV;18.07.2020;0;0;1,7776856030;1.337.623,94;0;EUR
Muster offensiv cVV;19.07.2020;0;0;1,7776856030;1.337.623,94;0;EUR
Muster offensiv cVV;20.07.2020;0,0094599576;18.768,58;1,8027131313;1.356.392,52;0,006388824;EUR
Muster offensiv cVV;21.07.2020;-0,0046930666;-9.399,14;1,7903048923;1.346.993,38;0,003637770;EUR
Muster offensiv cVV;22.07.2020;-0,0047271978;-9.423,06;1,7778636370;1.337.570,31;-0,003888271;EUR
Muster offensiv cVV;23.07.2020;-0,0043939559;-8.717,38;1,7663591793;1.328.852,93;-0,003361589;EUR
Muster offensiv cVV;24.07.2020;-0,0135377742;-26.740,24;1,7308958457;1.302.112,69;-0,011589136;EUR
Muster offensiv cVV;25.07.2020;0;0;1,7308958457;1.302.112,69;0;EUR
Muster offensiv cVV;26.07.2020;0;0;1,7308958457;1.302.112,69;0;EUR
Muster offensiv cVV;27.07.2020;-0,0003426812;-667,71;1,7300889289;1.301.444,98;-0,001182502;EUR
Muster offensiv cVV;28.07.2020;0,0026647316;5.190,43;1,7370698219;1.306.635,40;-0,000171317;EUR
Muster offensiv cVV;29.07.2020;0,0028056026;5.479,38;1,7444354719;1.312.114,79;0,001245016;EUR
Muster offensiv cVV;30.07.2020;-0,0078985588;-15.469,28;1,7239495538;1.296.645,51;-0,015754327;EUR
Muster offensiv cVV;31.07.2020;-0,0012408081;-2.410,92;1,7208241661;1.294.234,59;-0,002838231;EUR
Muster offensiv cVV;01.08.2020;0;0;1,7208241661;1.294.234,59;0;EUR
Muster offensiv cVV;02.08.2020;0;0;1,7208241661;1.294.234,59;0;EUR
Muster offensiv cVV;03.08.2020;0,0142503461;27.654,41;1,7576753884;1.321.889,00;0,015900563;EUR
Muster offensiv cVV;04.08.2020;0,0000426900;84,03;1,7578687782;1.321.973,03;0,000445953;EUR
Muster offensiv cVV;05.08.2020;0,0029572784;5.820,96;1,7656910728;1.327.793,99;0,000459142;EUR
Muster offensiv cVV;06.08.2020;-0,0012722370;-2.511,62;1,7624329194;1.325.282,37;0,000258274;EUR
Muster offensiv cVV;07.08.2020;-0,0006492230;-1.280,05;1,7608122918;1.324.002,33;0,003457729;EUR
Muster offensiv cVV;08.08.2020;0;0;1,7608122918;1.324.002,33;0;EUR
Muster offensiv cVV;09.08.2020;0;0;1,7608122918;1.324.002,33;0;EUR
Muster offensiv cVV;10.08.2020;-0,0022592364;-4.451,56;1,7549734230;1.319.550,77;0,002163632;EUR
Muster offensiv cVV;11.08.2020;-0,0022430835;-4.409,74;1,7491895719;1.315.141,03;0,007206232;EUR
Muster offensiv cVV;12.08.2020;0,0061312064;12.026,48;1,7652669755;1.327.167,51;0,006977964;EUR
Muster offensiv cVV;13.08.2020;0,0011724545;2.313,89;1,7684264895;1.329.481,40;-0,003399510;EUR
Muster offensiv cVV;14.08.2020;-0,0064134903;-12.672,16;1,7516514316;1.316.809,24;-0,003225696;EUR
Muster offensiv cVV;15.08.2020;0;0;1,7516514316;1.316.809,24;0;EUR
Muster offensiv cVV;16.08.2020;0;0;1,7516514316;1.316.809,24;0;EUR
Muster offensiv cVV;17.08.2020;0,0046351899;9.099,75;1,7638376274;1.325.908,99;0,001143823;EUR
Muster offensiv cVV;18.08.2020;-0,0035002270;-6.903,45;1,7547350802;1.319.005,54;-0,001774802;EUR
Muster offensiv cVV;19.08.2020;0,0033660185;6.615,52;1,7636173970;1.325.621,06;0,002848446;EUR
Muster offensiv cVV;20.08.2020;-0,0000272164;-53,67;1,7636273233;1.325.567,39;-0,003025126;EUR
Muster offensiv cVV;21.08.2020;0,0028359806;5.592,40;1,7711494710;1.331.159,79;0,000650512;EUR
Muster offensiv cVV;22.08.2020;0;0;1,7711494710;1.331.159,79;0;EUR
Muster offensiv cVV;23.08.2020;0;0;1,7711494710;1.331.159,79;0;EUR
Muster offensiv cVV;24.08.2020;0,0081101986;16.038,23;1,7925713991;1.347.198,02;0,011669036;EUR
Muster offensiv cVV;25.08.2020;-0,0009554016;-1.904,67;1,7901194649;1.345.293,35;-0,000097788;EUR
Muster offensiv cVV;26.08.2020;0,0064568414;12.859,91;1,8073146932;1.358.153,26;0,007312683;EUR
Muster offensiv cVV;27.08.2020;-0,0014563262;-2.919,25;1,8035129159;1.355.234,01;-0,002266939;EUR
Muster offensiv cVV;28.08.2020;-0,0055840285;-11.177,06;1,7887209337;1.344.056,95;-0,002882316;EUR
Muster offensiv cVV;29.08.2020;0;0;1,7887209337;1.344.056,95;0;EUR
Muster offensiv cVV;30.08.2020;0;0;1,7887209337;1.344.056,95;0;EUR
Muster offensiv cVV;31.08.2020;0,0013683299;2.723,57;1,7924278705;1.346.780,52;-0,004725683;EUR
Muster offensiv cVV;01.09.2020;0,0035504375;7.076,59;1,8019287795;1.353.857,11;0,002703741;EUR
Muster offensiv cVV;02.09.2020;0,0109677747;21.938,14;1,8312115309;1.375.795,24;0,016407255;EUR
Muster offensiv cVV;03.09.2020;-0,0185819018;-37.575,84;1,7812789657;1.338.219,40;-0,015120428;EUR
Muster offensiv cVV;04.09.2020;-0,0152614293;-30.287,81;1,7410431822;1.307.931,60;-0,009177398;EUR
Muster offensiv cVV;05.09.2020;0;0;1,7410431822;1.307.931,60;0;EUR
Muster offensiv cVV;06.09.2020;0;0;1,7410431822;1.307.931,60;0;EUR
Muster offensiv cVV;07.09.2020;0,0082251663;16.074,53;1,7625213528;1.324.006,13;0,007849499;EUR
Muster offensiv cVV;08.09.2020;-0,0126718207;-24.968,36;1,7293625019;1.299.037,76;-0,010871446;EUR
Muster offensiv cVV;09.09.2020;0,0160340939;31.192,99;1,7709695890;1.330.230,75;0,013184469;EUR
Muster offensiv cVV;10.09.2020;-0,0084025394;-16.608,54;1,7489381403;1.313.622,21;-0,007189565;EUR
Muster offensiv cVV;11.09.2020;-0,0035864528;-7.029,45;1,7396586725;1.306.592,76;0,001661233;EUR
Muster offensiv cVV;12.09.2020;0;0;1,7396586725;1.306.592,76;0;EUR
Muster offensiv cVV;13.09.2020;0;0;1,7396586725;1.306.592,76;0;EUR
Muster offensiv cVV;14.09.2020;0,0066142014;12.917,35;1,7569376168;1.319.510,11;0,003038597;EUR
Muster offensiv cVV;15.09.2020;0,0050976120;10.021,34;1,7703618530;1.329.531,45;0,003176535;EUR
Muster offensiv cVV;16.09.2020;-0,0005870963;-1.160,05;1,7688977999;1.328.371,40;0,001025029;EUR
Muster offensiv cVV;17.09.2020;-0,0054273221;-10.717,61;1,7547058630;1.317.653,79;-0,003544124;EUR
Muster offensiv cVV;18.09.2020;-0,0027441203;-5.389,54;1,7476082313;1.312.264,25;-0,006744019;EUR
Muster offensiv cVV;19.09.2020;0;0;1,7476082313;1.312.264,25;0;EUR
Muster offensiv cVV;20.09.2020;0;0;1,7476082313;1.312.264,25;0;EUR
Muster offensiv cVV;21.09.2020;-0,0098776338;-19.346,76;1,7219215284;1.292.917,49;-0,018521457;EUR
Muster offensiv cVV;22.09.2020;0,0071183250;13.804,54;1,7403857057;1.306.722,04;0,004742098;EUR
Muster offensiv cVV;23.09.2020;-0,0037605803;-7.344,79;1,7306820371;1.299.377,24;-0,003641686;EUR
Muster offensiv cVV;24.09.2020;-0,0067558770;-13.145,29;1,7132512188;1.286.231,95;-0,000927386;EUR
Muster offensiv cVV;25.09.2020;0,0055415408;10.709,64;1,7275947947;1.296.941,60;0,001002277;EUR
Muster offensiv cVV;26.09.2020;0;0;1,7275947947;1.296.941,60;0;EUR
Muster offensiv cVV;27.09.2020;0;0;1,7275947947;1.296.941,60;0;EUR
Muster offensiv cVV;28.09.2020;0,0129548915;25.175,50;1,7612097905;1.322.117,10;0,017637194;EUR
Muster offensiv cVV;29.09.2020;-0,0020075002;-3.951,76;1,7560252124;1.318.165,34;-0,004661642;EUR
Muster offensiv cVV;30.09.2020;0,0041691282;8.190,44;1,7670163545;1.326.355,78;-0,000664261;EUR
Muster offensiv cVV;01.10.2020;0,0043279412;8.537,88;1,7784713363;1.334.893,66;0,001029455;EUR
Muster offensiv cVV;02.10.2020;-0,0082739862;-16.393,02;1,7567105012;1.318.500,64;-0,003206898;EUR
Muster offensiv cVV;03.10.2020;0;0;1,7567105012;1.318.500,64;0;EUR
Muster offensiv cVV;04.10.2020;0;0;1,7567105012;1.318.500,64;0;EUR
Muster offensiv cVV;05.10.2020;0,0076990539;15.127,71;1,7769463418;1.333.628,35;0,008067842;EUR
Muster offensiv cVV;06.10.2020;-0,0043221557;-8.557,90;1,7656234702;1.325.070,45;-0,000881179;EUR
Muster offensiv cVV;07.10.2020;0,0040442371;7.973,01;1,7763275420;1.333.043,46;0,005778894;EUR
Muster offensiv cVV;08.10.2020;0,0048548083;9.609,72;1,7892135971;1.342.653,18;0,006863882;EUR
Muster offensiv cVV;09.10.2020;0,0049657970;9.877,13;1,8024571329;1.352.530,31;0,001483934;EUR
Muster offensiv cVV;10.10.2020;0;0;1,8024571329;1.352.530,31;0;EUR
Muster offensiv cVV;11.10.2020;0;0;1,8024571329;1.352.530,31;0;EUR
Muster offensiv cVV;12.10.2020;0,0085744454;17.139,54;1,8253805356;1.369.669,84;0,007316800;EUR
Muster offensiv cVV;13.10.2020;0,0007887727;1.590,20;1,8275821774;1.371.260,05;-0,003170172;EUR
Muster offensiv cVV;14.10.2020;-0,0024647161;-4.972,91;1,8210364144;1.366.287,14;-0,001654690;EUR
Muster offensiv cVV;15.10.2020;-0,0110162207;-22.171,97;1,7915654473;1.344.115,17;-0,009888571;EUR
Muster offensiv cVV;16.10.2020;0,0055894830;11.125,83;1,8064762751;1.355.241,00;0,006184536;EUR
Muster offensiv cVV;17.10.2020;0;0;1,8064762751;1.355.241,00;0;EUR
Muster offensiv cVV;18.10.2020;0;0;1,8064762751;1.355.241,00;0;EUR
Muster offensiv cVV;19.10.2020;-0,0106605104;-21.338,29;1,7781132095;1.333.902,71;-0,006903327;EUR
Muster offensiv cVV;20.10.2020;-0,0068542238;-13.573,29;1,7600988691;1.320.329,42;-0,004281285;EUR
Muster offensiv cVV;21.10.2020;-0,0081204534;-15.970,56;1,7388869738;1.304.358,86;-0,007448633;EUR
Muster offensiv cVV;22.10.2020;-0,0047132223;-9.194,26;1,7267072575;1.295.164,60;0,001287231;EUR
Muster offensiv cVV;23.10.2020;0,0020163290;3.914,79;1,7320041054;1.299.079,39;0,004316055;EUR
Muster offensiv cVV;24.10.2020;0;0;1,7320041054;1.299.079,39;0;EUR
Muster offensiv cVV;25.10.2020;0;0;1,7320041054;1.299.079,39;0;EUR
Muster offensiv cVV;26.10.2020;-0,0184750785;-35.942,49;1,6841590739;1.263.136,89;-0,019605984;EUR
Muster offensiv cVV;27.10.2020;0,0026895153;5.135,67;1,6910822826;1.268.272,57;-0,004942662;EUR
Muster offensiv cVV;28.10.2020;-0,0268665198;-51.440,02;1,6225661032;1.216.832,55;-0,024989802;EUR
Muster offensiv cVV;29.10.2020;0,0075296836;14.029,39;1,6413467991;1.230.861,94;0,006351776;EUR
Muster offensiv cVV;30.10.2020;-0,0106924106;-20.072,23;1,6146527936;1.210.789,71;-0,005311172;EUR
Muster offensiv cVV;31.10.2020;0;0;1,6146527936;1.210.789,71;0;EUR
Muster offensiv cVV;01.11.2020;0;0;1,6146527936;1.210.789,71;0;EUR
Muster offensiv cVV;02.11.2020;0,0080950460;15.033,86;1,6347742987;1.225.823,57;0,012738267;EUR
Muster offensiv cVV;03.11.2020;0,0078354097;14.669,47;1,6544115747;1.240.493,05;0,014137464;EUR
Muster offensiv cVV;04.11.2020;0,0294222412;55.516,00;1,7285288791;1.296.009,05;0,015682145;EUR
Muster offensiv cVV;05.11.2020;0,0083662114;16.250,43;1,7502806588;1.312.259,47;0,011518092;EUR
Muster offensiv cVV;06.11.2020;-0,0025255630;-4.946,66;1,7437605647;1.307.312,81;-0,003646598;EUR
Muster offensiv cVV;07.11.2020;0;0;1,7437605647;1.307.312,81;0;EUR
Muster offensiv cVV;08.11.2020;0;0;1,7437605647;1.307.312,81;0;EUR
Muster offensiv cVV;09.11.2020;0,0010940485;2.137,43;1,7466893913;1.309.450,24;0,024447205;EUR
Muster offensiv cVV;10.11.2020;-0,0076989940;-15.057,92;1,7266803509;1.294.392,33;0,002675667;EUR
Muster offensiv cVV;11.11.2020;0,0148590147;28.837,95;1,7652278427;1.323.230,27;0,006858997;EUR
Muster offensiv cVV;12.11.2020;-0,0036657208;-7.220,04;1,7556741708;1.316.010,24;-0,008858024;EUR
Muster offensiv cVV;13.11.2020;0,0024979094;4.901,87;1,7622920146;1.320.912,11;0,003500971;EUR
Muster offensiv cVV;14.11.2020;0;0;1,7622920146;1.320.912,11;0;EUR
Muster offensiv cVV;15.11.2020;0;0;1,7622920146;1.320.912,11;0;EUR
Muster offensiv cVV;16.11.2020;0,0035594616;7.002,50;1,7717130667;1.327.914,60;0,006100979;EUR
Muster offensiv cVV;17.11.2020;-0,0036013663;-7.110,15;1,7623048712;1.320.804,45;-0,001662616;EUR
Muster offensiv cVV;18.11.2020;-0,0020890066;-4.109,46;1,7568996940;1.316.694,99;-0,000222014;EUR
Muster offensiv cVV;19.11.2020;-0,0028424108;-5.579,86;1,7495319035;1.311.115,13;-0,001624484;EUR
Muster offensiv cVV;20.11.2020;0,0056538179;11.067,31;1,7643781304;1.322.182,44;0,000292972;EUR
Muster offensiv cVV;21.11.2020;0;0;1,7643781304;1.322.182,44;0;EUR
Muster offensiv cVV;22.11.2020;0;0;1,7643781304;1.322.182,44;0;EUR
Muster offensiv cVV;23.11.2020;-0,0036521350;-7.189,45;1,7548619164;1.314.992,99;0,001875601;EUR
Muster offensiv cVV;24.11.2020;0,0031015779;6.083,35;1,7630581816;1.321.076,34;0,008940380;EUR
Muster offensiv cVV;25.11.2020;0,0030242313;5.950,04;1,7710772063;1.327.026,38;-0,000540672;EUR
Muster offensiv cVV;26.11.2020;0,0017292974;3.412,60;1,7757102259;1.330.438,98;0,000008078;EUR
Muster offensiv cVV;27.11.2020;0,0011737697;2.320,33;1,7788857017;1.332.759,31;0,001593361;EUR
Muster offensiv cVV;28.11.2020;0;0;1,7788857017;1.332.759,31;0;EUR
Muster offensiv cVV;29.11.2020;0;0;1,7788857017;1.332.759,31;0;EUR
Muster offensiv cVV;30.11.2020;0,0007709139;1.525,75;1,7810007988;1.334.285,06;-0,004418152;EUR
Muster offensiv cVV;01.12.2020;0,0016701965;3.308,10;1,7854952177;1.337.593,15;0,003767775;EUR
Muster offensiv cVV;02.12.2020;-0,0023995603;-4.760,66;1,7792188715;1.332.832,49;-0,002618686;EUR
Muster offensiv cVV;03.12.2020;-0,0019172450;-3.794,63;1,7742315432;1.329.037,86;-0,002806836;EUR
Muster offensiv cVV;04.12.2020;0,0049508948;9.780,08;1,7873664180;1.338.817,94;0,004568611;EUR
Muster offensiv cVV;05.12.2020;0;0;1,7873664180;1.338.817,94;0;EUR
Muster offensiv cVV;06.12.2020;0;0;1,7873664180;1.338.817,94;0;EUR
Muster offensiv cVV;07.12.2020;-0,0008234576;-1.634,73;1,7852625837;1.337.183,22;-0,000706119;EUR
Muster offensiv cVV;08.12.2020;0,0032692049;6.484,67;1,7939991311;1.343.667,89;0,001972660;EUR
Muster offensiv cVV;09.12.2020;-0,0036088388;-7.181,76;1,7844888526;1.336.486,13;0,000655295;EUR
Muster offensiv cVV;10.12.2020;-0,0028177418;-5.587,20;1,7771068481;1.330.898,93;-0,002679777;EUR
Muster offensiv cVV;11.12.2020;-0,0024565840;-4.857,35;1,7706987364;1.326.041,58;-0,005071633;EUR
Muster offensiv cVV;12.12.2020;0;0;1,7706987364;1.326.041,58;0;EUR
Muster offensiv cVV;13.12.2020;0;0;1,7706987364;1.326.041,58;0;EUR
Muster offensiv cVV;14.12.2020;0,0029490480;5.816,76;1,7785440637;1.331.858,34;0,002108338;EUR
Muster offensiv cVV;15.12.2020;0,0029794004;5.893,96;1,7864931231;1.337.752,30;0,006465752;EUR
Muster offensiv cVV;16.12.2020;0,0096303470;19.107,87;1,8120900385;1.356.860,17;0,005752404;EUR
Muster offensiv cVV;17.12.2020;0,0039373711;7.887,50;1,8227036510;1.364.747,67;0,003943104;EUR
Muster offensiv cVV;18.12.2020;-0,0022779488;-4.581,24;1,8166646536;1.360.166,42;-0,001904231;EUR
Muster offensiv cVV;19.12.2020;0;0;1,8166646536;1.360.166,42;0;EUR
Muster offensiv cVV;20.12.2020;0;0;1,8166646536;1.360.166,42;0;EUR
Muster offensiv cVV;21.12.2020;-0,0106782397;-21.426,37;1,7881254128;1.338.740,05;-0,012822645;EUR
Muster offensiv cVV;22.12.2020;0,0101577033;20.164,25;1,8151377224;1.358.904,30;0,005961264;EUR
Muster offensiv cVV;23.12.2020;0,0006753468;1.354,26;1,8170260639;1.360.258,56;0,004854496;EUR
Muster offensiv cVV;24.12.2020;-0,0047727251;-9.577,13;1,8043117901;1.350.681,43;0,001199913;EUR
Muster offensiv cVV;25.12.2020;0,0000403737;80,63;1,8044982622;1.350.762,06;0,000032670;EUR
Muster offensiv cVV;26.12.2020;0;0;1,8044982622;1.350.762,06;0;EUR
Muster offensiv cVV;27.12.2020;0;0;1,8044982622;1.350.762,06;0;EUR
Muster offensiv cVV;28.12.2020;0,0075039384;14.986,42;1,8245983861;1.365.748,49;0,007265234;EUR
Muster offensiv cVV;29.12.2020;0,0036936263;7.432,05;1,8346073565;1.373.180,53;-0,000559879;EUR
Muster offensiv cVV;30.12.2020;-0,0024427583;-4.933,30;1,8280959883;1.368.247,24;-0,002446998;EUR
Muster offensiv cVV;31.12.2020;0,0024823289;5.000,96;1,8348576054;1.373.248,20;0,002569811;EUR
Muster offensiv cVV;01.01.2021;0;0;1,8349374599;1.373.248,20;0;EUR
Muster offensiv cVV;02.01.2021;0;0;1,8349374599;1.373.248,20;0;EUR
Muster offensiv cVV;03.01.2021;0;0;1,8349374599;1.373.248,20;0;EUR
Muster offensiv cVV;04.01.2021;-0,0011867711;-2.396,84;1,8318144745;1.370.851,37;-0,003351891;EUR
Muster offensiv cVV;05.01.2021;0,0048118247;9.706,56;1,8448651551;1.380.557,92;-0,000217436;EUR
Muster offensiv cVV;06.01.2021;-0,0045222598;-9.166,33;1,8326956273;1.371.391,59;0,008378654;EUR
Muster offensiv cVV;07.01.2021;0,0109935339;22.182,43;1,8624205618;1.393.574,02;0,007612871;EUR
Muster offensiv cVV;08.01.2021;0,0084632025;17.264,53;1,8855752969;1.410.838,55;0,004996750;EUR
Muster offensiv cVV;09.01.2021;0;0;1,8855752969;1.410.838,55;0;EUR
Muster offensiv cVV;10.01.2021;0;0;1,8855752969;1.410.838,55;0;EUR
Muster offensiv cVV;11.01.2021;-0,0032243790;-6.633,25;1,8767913946;1.404.205,30;-0,003136809;EUR
Muster offensiv cVV;12.01.2021;-0,0044647703;-9.155,39;1,8646355668;1.395.049,91;-0,000328373;EUR
Muster offensiv cVV;13.01.2021;0,0117860055;24.060,29;1,8968769134;1.419.110,20;0,001458799;EUR
Muster offensiv cVV;14.01.2021;0,0005959061;1.230,84;1,8986043170;1.420.341,04;0,002224835;EUR
Muster offensiv cVV;15.01.2021;-0,0012376332;-2.557,84;1,8952671801;1.417.783,20;-0,007378637;EUR
Muster offensiv cVV;16.01.2021;0;0;1,8952671801;1.417.783,20;0;EUR
Muster offensiv cVV;17.01.2021;0;0;1,8952671801;1.417.783,20;0;EUR
Muster offensiv cVV;18.01.2021;0,0024173558;4.989,81;1,9020197088;1.422.773,01;0,001851407;EUR
Muster offensiv cVV;19.01.2021;0,0030131045;6.234,57;1,9104368811;1.429.007,59;0,000089638;EUR
Muster offensiv cVV;20.01.2021;0,0109227953;22.669,02;1,9408268545;1.451.676,61;0,007683267;EUR
Muster offensiv cVV;21.01.2021;-0,0011511994;-2.415,28;1,9376813607;1.449.261,33;-0,001532290;EUR
Muster offensiv cVV;22.01.2021;-0,0000408152;-85,53;1,9376505775;1.449.175,79;-0,002713484;EUR
Muster offensiv cVV;23.01.2021;0;0;1,9376505775;1.449.175,79;0;EUR
Muster offensiv cVV;24.01.2021;0;0;1,9376505775;1.449.175,79;0;EUR
Muster offensiv cVV;25.01.2021;-0,0011599209;-2.430,68;1,9344839804;1.446.745,11;-0,004404622;EUR
Muster offensiv cVV;26.01.2021;0,0006279844;1.314,45;1,9363249888;1.448.059,56;0,004601456;EUR
Muster offensiv cVV;27.01.2021;-0,0133435450;-27.947,23;1,8990361065;1.420.112,33;-0,012500056;EUR
Muster offensiv cVV;28.01.2021;0,0041280133;8.530,50;1,9105256788;1.428.642,83;0,002499176;EUR
Muster offensiv cVV;29.01.2021;-0,0123122696;-25.548,23;1,8764407052;1.403.094,61;-0,014162486;EUR
Muster offensiv cVV;30.01.2021;0;0;1,8764407052;1.403.094,61;0;EUR
Muster offensiv cVV;31.01.2021;0;0;1,8764407052;1.403.094,61;0;EUR
Muster offensiv cVV;01.02.2021;0,0168620830;34.558,39;1,9227403077;1.437.653,00;0,012488529;EUR
Muster offensiv cVV;02.02.2021;0,0082010542;17.091,26;1,9456820080;1.454.744,26;0,012144436;EUR
Muster offensiv cVV;03.02.2021;0,0022125257;4.648,79;1,9519834378;1.459.393,05;0,003940616;EUR
Muster offensiv cVV;04.02.2021;0,0093171372;19.619,77;1,9783103595;1.479.012,81;0,007118925;EUR
Muster offensiv cVV;05.02.2021;0,0010485244;2.228,52;1,9813761676;1.481.241,34;0,000606203;EUR
Muster offensiv cVV;06.02.2021;0;0;1,9813761676;1.481.241,34;0;EUR
Muster offensiv cVV;07.02.2021;0;0;1,9813761676;1.481.241,34;0;EUR
Muster offensiv cVV;08.02.2021;0,0079274565;16.866,62;2,0040236042;1.498.107,95;0,002463493;EUR
Muster offensiv cVV;09.02.2021;0,0003325429;713,13;2,0050634388;1.498.821,09;-0,002382983;EUR
Muster offensiv cVV;10.02.2021;-0,0019632484;-4.211,56;1,9995149656;1.494.609,53;-0,002839168;EUR
Muster offensiv cVV;11.02.2021;0,0037590062;8.047,99;2,0103677052;1.502.657,51;0,003954501;EUR
Muster offensiv cVV;12.02.2021;0,0052717829;11.329,25;2,0256114276;1.513.986,77;0,001972515;EUR
Muster offensiv cVV;13.02.2021;0;0;2,0256114276;1.513.986,77;0;EUR
Muster offensiv cVV;14.02.2021;0;0;2,0256114276;1.513.986,77;0;EUR
Muster offensiv cVV;15.02.2021;0,0033526152;7.242,87;2,0353888682;1.521.229,64;0,002249087;EUR
Muster offensiv cVV;16.02.2021;-0,0002197449;-476,32;2,0348384477;1.520.753,32;-0,001110698;EUR
Muster offensiv cVV;17.02.2021;-0,0064935092;-14.072,29;2,0160951088;1.506.681,03;-0,002926137;EUR
Muster offensiv cVV;18.02.2021;-0,0090711048;-19.530,63;1,9900459826;1.487.150,40;-0,003775319;EUR
Muster offensiv cVV;19.02.2021;-0,0016976503;-3.621,99;1,9852838093;1.483.528,41;0,001527198;EUR
Muster offensiv cVV;20.02.2021;0;0;1,9852838093;1.483.528,41;0;EUR
Muster offensiv cVV;21.02.2021;0;0;1,9852838093;1.483.528,41;0;EUR
Muster offensiv cVV;22.02.2021;-0,0136096658;-28.987,33;1,9465753881;1.454.541,08;-0,003689075;EUR
Muster offensiv cVV;23.02.2021;-0,0139016959;-29.062,86;1,9077708390;1.425.478,22;-0,003021373;EUR
Muster offensiv cVV;24.02.2021;0,0073828016;15.219,91;1,9282306564;1.440.698,13;0,005807228;EUR
Muster offensiv cVV;25.02.2021;-0,0198925936;-41.312,05;1,8730264083;1.399.386,08;-0,011923978;EUR
Muster offensiv cVV;26.02.2021;0,0003792629;771,97;1,8741474663;1.400.158,05;-0,004280837;EUR
Muster offensiv cVV;27.02.2021;0;0;1,8741474663;1.400.158,05;0;EUR
Muster offensiv cVV;28.02.2021;0;0;1,8741474663;1.400.158,05;0;EUR
Muster offensiv cVV;01.03.2021;0,0193402308;39.380,87;1,9269500022;1.439.538,92;0,017581310;EUR
Muster offensiv cVV;02.03.2021;-0,0054348685;-11.280,59;1,9119394072;1.428.258,33;-0,001606675;EUR
Muster offensiv cVV;03.03.2021;-0,0111695299;-23.057,43;1,8811615332;1.405.200,90;-0,003154560;EUR
Muster offensiv cVV;04.03.2021;-0,0112165525;-22.895,88;1,8505970119;1.382.305,02;-0,004127546;EUR
Muster offensiv cVV;05.03.2021;-0,0009146296;-1.846,05;1,8482118993;1.380.458,96;0,003477231;EUR
Muster offensiv cVV;06.03.2021;0;0;1,8482118993;1.380.458,96;0;EUR
Muster offensiv cVV;07.03.2021;0;0;1,8482118993;1.380.458,96;0;EUR
Muster offensiv cVV;08.03.2021;0,0068587471;13.830,77;1,8668162334;1.394.289,74;0,013057678;EUR
Muster offensiv cVV;09.03.2021;0,0170914318;34.701,54;1,9133674414;1.428.991,27;0,006266458;EUR
Muster offensiv cVV;10.03.2021;0,0014004547;2.892,01;1,9173291462;1.431.883,28;0,004116641;EUR
Muster offensiv cVV;11.03.2021;0,0110281409;22.805,54;1,9479571464;1.454.688,82;0,003113659;EUR
Muster offensiv cVV;12.03.2021;-0,0043783497;-9.154,02;1,9357892756;1.445.534,80;-0,000990803;EUR
Muster offensiv cVV;13.03.2021;0;0;1,9357892756;1.445.534,80;0;EUR
Muster offensiv cVV;14.03.2021;0;0;1,9357892756;1.445.534,80;0;EUR
Muster offensiv cVV;15.03.2021;0,0043735625;9.103,97;1,9480715566;1.454.638,77;0,001976591;EUR
Muster offensiv cVV;16.03.2021;0,0046433107;9.707,75;1,9611635494;1.464.346,53;0,003429318;EUR
Muster offensiv cVV;17.03.2021;-0,0024673620;-5.182,46;1,9543136849;1.459.164,07;0,000772418;EUR
Muster offensiv cVV;18.03.2021;-0,0004488731;-940,49;1,9531448186;1.458.223,58;0,000621749;EUR
Muster offensiv cVV;19.03.2021;-0,0041494841;-8.690,18;1,9415953609;1.449.533,40;-0,003921962;EUR
Muster offensiv cVV;20.03.2021;0;0;1,9415953609;1.449.533,40;0;EUR
Muster offensiv cVV;21.03.2021;0;0;1,9415953609;1.449.533,40;0;EUR
Muster offensiv cVV;22.03.2021;0,0044737110;9.330,33;1,9541836937;1.458.863,73;0,002197679;EUR
Muster offensiv cVV;23.03.2021;-0,0049242180;-10.315,85;1,9404553825;1.448.547,88;-0,000666845;EUR
Muster offensiv cVV;24.03.2021;-0,0042210265;-8.799,17;1,9287575520;1.439.748,71;-0,002663219;EUR
Muster offensiv cVV;25.03.2021;-0,0004076186;-846,14;1,9277133495;1.438.902,57;0,003304296;EUR
Muster offensiv cVV;26.03.2021;0,0093801945;19.463,53;1,9538793296;1.458.366,09;0,007826208;EUR
Muster offensiv cVV;27.03.2021;0;0;1,9538793296;1.458.366,09;0;EUR
Muster offensiv cVV;28.03.2021;0;0;1,9538793296;1.458.366,09;0;EUR
Muster offensiv cVV;29.03.2021;0,0032205217;6.745,14;1,9630071329;1.465.111,23;0,002151937;EUR
Muster offensiv cVV;30.03.2021;0,0032683912;6.867,44;1,9722995999;1.471.978,67;0,004956373;EUR
Muster offensiv cVV;31.03.2021;0,0046762829;9.857,77;1,9855997904;1.481.836,44;0,000249995;EUR
Muster offensiv cVV;01.04.2021;0,0095531348;20.232,52;2,0128035344;1.502.068,96;0,006461579;EUR
Muster offensiv cVV;02.04.2021;0,0004233462;905,17;2,0141094809;1.502.974,13;0,000224610;EUR
Muster offensiv cVV;03.04.2021;0;0;2,0141094809;1.502.974,13;0;EUR
Muster offensiv cVV;04.04.2021;0;0;2,0141094809;1.502.974,13;0;EUR
Muster offensiv cVV;05.04.2021;0,0020343368;4.351,51;2,0200340865;1.507.325,64;0,002917276;EUR
Muster offensiv cVV;06.04.2021;0,0018791732;4.027,79;2,0255253255;1.511.353,43;0,001810092;EUR
Muster offensiv cVV;07.04.2021;-0,0012023774;-2.582,00;2,0221581283;1.508.771,43;-0,002160109;EUR
Muster offensiv cVV;08.04.2021;0,0058735465;12.597,75;2,0391364314;1.521.369,18;0,002813469;EUR
Muster offensiv cVV;09.04.2021;0,0026760843;5.773,45;2,0469690122;1.527.142,64;0,002564757;EUR
Muster offensiv cVV;10.04.2021;0;0;2,0469690122;1.527.142,64;0;EUR
Muster offensiv cVV;11.04.2021;0;0;2,0469690122;1.527.142,64;0;EUR
Muster offensiv cVV;12.04.2021;0,0005873151;1.270,48;2,0487662280;1.528.413,12;-0,001352031;EUR
Muster offensiv cVV;13.04.2021;0,0042455791;9.189,43;2,0611790203;1.537.602,55;0,001278794;EUR
Muster offensiv cVV;14.04.2021;-0,0041500520;-9.020,80;2,0491806886;1.528.581,75;-0,002756761;EUR
Muster offensiv cVV;15.04.2021;0,0104103742;22.534,70;2,0794857012;1.551.116,45;0,004977335;EUR
Muster offensiv cVV;16.04.2021;0,0039865097;8.719,19;2,0912709866;1.559.835,64;0,006035415;EUR
Muster offensiv cVV;17.04.2021;0;0;2,0912709866;1.559.835,64;0;EUR
Muster offensiv cVV;18.04.2021;0;0;2,0912709866;1.559.835,64;0;EUR
Muster offensiv cVV;19.04.2021;-0,0092729930;-20.362,50;2,0640656988;1.539.473,14;-0,004815708;EUR
Muster offensiv cVV;20.04.2021;-0,0138041488;-30.031,34;2,0238936498;1.509.441,79;-0,010128809;EUR
Muster offensiv cVV;21.04.2021;0,0066226570;14.208,90;2,0430389012;1.523.650,70;0,004580653;EUR
Muster offensiv cVV;22.04.2021;0,0045236609;9.769,79;2,0562332340;1.533.420,48;0,002116265;EUR
Muster offensiv cVV;23.04.2021;0,0004338127;941,15;2,0575894514;1.534.361,63;0,000979656;EUR
Muster offensiv cVV;24.04.2021;0;0;2,0575894514;1.534.361,63;0;EUR
Muster offensiv cVV;25.04.2021;0;0;2,0575894514;1.534.361,63;0;EUR
Muster offensiv cVV;26.04.2021;0,0048191441;10.459,56;2,0717105767;1.544.821,19;0,000674873;EUR
Muster offensiv cVV;27.04.2021;-0,0008458030;-1.844,59;2,0693314702;1.542.976,60;-0,001655064;EUR
Muster offensiv cVV;28.04.2021;-0,0027719342;-6.040,14;2,0613250610;1.536.936,46;0,000671577;EUR
Muster offensiv cVV;29.04.2021;-0,0060714569;-13.193,24;2,0437237529;1.523.743,22;-0,002879492;EUR
Muster offensiv cVV;30.04.2021;-0,0004234330;-914,53;2,0425903717;1.522.828,69;-0,001076310;EUR
Muster offensiv cVV;01.05.2021;0;0;2,0425903717;1.522.828,69;0;EUR
Muster offensiv cVV;02.05.2021;0;0;2,0425903717;1.522.828,69;0;EUR
Muster offensiv cVV;03.05.2021;0,0024284955;5.242,84;2,0497161752;1.528.071,54;0,002709341;EUR
Muster offensiv cVV;04.05.2021;-0,0182676363;-39.533,52;1,9967779645;1.488.538,02;-0,011054735;EUR
Muster offensiv cVV;05.05.2021;0,0116032880;24.652,29;2,0299399224;1.513.190,31;0,010083170;EUR
Muster offensiv cVV;06.05.2021;-0,0026931055;-5.788,15;2,0222672326;1.507.402,16;0,001537932;EUR
Muster offensiv cVV;07.05.2021;0,0037821591;8.106,90;2,0332356550;1.515.509,06;0,005887038;EUR
Muster offensiv cVV;08.05.2021;0;0;2,0332356550;1.515.509,06;0;EUR
Muster offensiv cVV;09.05.2021;0;0;2,0332356550;1.515.509,06;0;EUR
Muster offensiv cVV;10.05.2021;-0,0051148893;-11.005,02;2,0185629285;1.504.504,04;-0,002775628;EUR
Muster offensiv cVV;11.05.2021;-0,0121822399;-26.076,83;1,9836663496;1.478.427,21;-0,011588829;EUR
Muster offensiv cVV;12.05.2021;-0,0027402139;-5.794,14;1,9759818959;1.472.633,07;-0,003555094;EUR
Muster offensiv cVV;13.05.2021;-0,0005020722;-1.058,71;1,9746509788;1.471.574,36;0,003318748;EUR
Muster offensiv cVV;14.05.2021;0,0119038235;25.088,87;2,0084079553;1.496.663,23;0,009514427;EUR
Muster offensiv cVV;15.05.2021;0;0;2,0084079553;1.496.663,23;0;EUR
Muster offensiv cVV;16.05.2021;0;0;2,0084079553;1.496.663,23;0;EUR
Muster offensiv cVV;17.05.2021;0,0001641704;350,13;2,0089689247;1.497.013,36;-0,001401355;EUR
Muster offensiv cVV;18.05.2021;-0,0018349006;-3.913,97;2,0038072696;1.493.099,39;-0,003161944;EUR
Muster offensiv cVV;19.05.2021;-0,0074002052;-15.756,20;1,9827515687;1.477.343,19;-0,008818513;EUR
Muster offensiv cVV;20.05.2021;0,0141426458;29.889,07;2,0229574792;1.507.232,26;0,010345765;EUR
Muster offensiv cVV;21.05.2021;0,0040404281;8.659,81;2,0346724629;1.515.892,07;0,002861504;EUR
Muster offensiv cVV;22.05.2021;0;0;2,0346724629;1.515.892,07;0;EUR
Muster offensiv cVV;23.05.2021;0;0;2,0346724629;1.515.892,07;0;EUR
Muster offensiv cVV;24.05.2021;0,0031654708;6.811,93;2,0439080693;1.522.704,00;0,002093767;EUR
Muster offensiv cVV;25.05.2021;0,0009534331;2.058,23;2,0467633308;1.524.762,24;0,000191511;EUR
Muster offensiv cVV;26.05.2021;0,0051690697;11.169,43;2,0618497464;1.535.931,66;0,001288037;EUR
Muster offensiv cVV;27.05.2021;0,0001697819;368,76;2,0624378984;1.536.300,43;-0,000659353;EUR
Muster offensiv cVV;28.05.2021;0,0053322096;11.583,47;2,0780821307;1.547.883,89;0,004640119;EUR
Muster offensiv cVV;29.05.2021;0;0;2,0780821307;1.547.883,89;0;EUR
Muster offensiv cVV;30.05.2021;0;0;2,0780821307;1.547.883,89;0;EUR
Muster offensiv cVV;31.05.2021;-0,0023886474;-5.216,67;2,0711720026;1.542.667,23;-0,004253485;EUR
Muster offensiv cVV;01.06.2021;0,0043497307;9.476,86;2,0839894913;1.552.144,09;0,003808718;EUR
Muster offensiv cVV;02.06.2021;0,0046943517;10.272,19;2,0978759659;1.562.416,28;0,002767819;EUR
Muster offensiv cVV;03.06.2021;-0,0010574900;-2.324,86;2,0948486544;1.560.091,42;0,001230166;EUR
Muster offensiv cVV;04.06.2021;0,0070061256;15.386,49;2,1156044137;1.575.477,91;0,003962171;EUR
Muster offensiv cVV;05.06.2021;0;0;2,1156044137;1.575.477,91;0;EUR
Muster offensiv cVV;06.06.2021;0;0;2,1156044137;1.575.477,91;0;EUR
Muster offensiv cVV;07.06.2021;0,0025598103;5.661,11;2,1233018258;1.581.139,02;-0,000733501;EUR
Muster offensiv cVV;08.06.2021;0,0010770889;2.388,12;2,1266043916;1.583.527,14;-0,000606989;EUR
Muster offensiv cVV;09.06.2021;0,0028198113;6.258,81;2,1351055902;1.589.785,95;-0,001731770;EUR
Muster offensiv cVV;10.06.2021;0,0041390297;9.212,83;2,1475749655;1.598.998,78;0,001533759;EUR
Muster offensiv cVV;11.06.2021;0,0073185828;16.357,44;2,1696415786;1.615.356,22;0,005667650;EUR
Muster offensiv cVV;12.06.2021;0;0;2,1696415786;1.615.356,22;0;EUR
Muster offensiv cVV;13.06.2021;0;0;2,1696415786;1.615.356,22;0;EUR
Muster offensiv cVV;14.06.2021;0,0004196262;944,75;2,1710078590;1.616.300,97;-0,000034259;EUR
Muster offensiv cVV;15.06.2021;-0,0021076920;-4.747,28;2,1647283523;1.611.553,69;0,000830387;EUR
Muster offensiv cVV;16.06.2021;0,0026389937;5.931,43;2,1727930993;1.617.485,12;-0,001231551;EUR
Muster offensiv cVV;17.06.2021;0,0051973597;11.712,47;2,1886246164;1.629.197,59;0,004249242;EUR
Muster offensiv cVV;18.06.2021;-0,0065342706;-14.801,79;2,1688372850;1.614.395,81;-0,009279288;EUR
Muster offensiv cVV;19.06.2021;0;0;2,1688372850;1.614.395,81;0;EUR
Muster offensiv cVV;20.06.2021;0;0;2,1688372850;1.614.395,81;0;EUR
Muster offensiv cVV;21.06.2021;0,0007291940;1.641,02;2,1711389654;1.616.036,82;0,005248659;EUR
Muster offensiv cVV;22.06.2021;0,0028090677;6.326,28;2,1797357114;1.622.363,11;0,003468139;EUR
Muster offensiv cVV;23.06.2021;-0,0025422496;-5.741,47;2,1721187402;1.616.621,64;-0,006074005;EUR
Muster offensiv cVV;24.06.2021;0,0082293191;18.538,01;2,1971247845;1.635.159,65;0,005908706;EUR
Muster offensiv cVV;25.06.2021;0,0007764044;1.763,38;2,1995923273;1.636.923,03;0,000902282;EUR
Muster offensiv cVV;26.06.2021;0;0;2,1995923273;1.636.923,03;0;EUR
Muster offensiv cVV;27.06.2021;0;0;2,1995923273;1.636.923,03;0;EUR
Muster offensiv cVV;28.06.2021;0,0023489510;5.339,12;2,2068650898;1.642.262,15;-0,000270026;EUR
Muster offensiv cVV;29.06.2021;0,0024696058;5.626,55;2,2145247068;1.647.888,70;0,003889224;EUR
Muster offensiv cVV;30.06.2021;-0,0061758667;-14.105,35;2,1956669431;1.633.783,36;-0,003008003;EUR
Muster offensiv cVV;01.07.2021;0,0022269480;5.054,82;2,2025582269;1.638.838,18;0,002865202;EUR
Muster offensiv cVV;02.07.2021;0,0060077375;13.666,97;2,2210251065;1.652.505,15;0,004370366;EUR
Muster offensiv cVV;03.07.2021;0;0;2,2210251065;1.652.505,15;0;EUR
Muster offensiv cVV;04.07.2021;0;0;2,2210251065;1.652.505,15;0;EUR
Muster offensiv cVV;05.07.2021;-0,0012398086;-2.837,38;2,2173101501;1.649.667,77;0,000001080;EUR
Muster offensiv cVV;06.07.2021;0,0014828827;3.389,46;2,2219646409;1.653.057,23;-0,003049131;EUR
Muster offensiv cVV;07.07.2021;0,0051484481;11.785,39;2,2379054075;1.664.842,62;0,006425561;EUR
Muster offensiv cVV;08.07.2021;-0,0148345831;-34.132,89;2,1921207824;1.630.709,73;-0,011363733;EUR
Muster offensiv cVV;09.07.2021;0,0120982616;27.423,94;2,2290849515;1.658.133,67;0,009849376;EUR
Muster offensiv cVV;10.07.2021;0;0;2,2290849515;1.658.133,67;0;EUR
Muster offensiv cVV;11.07.2021;0;0;2,2290849515;1.658.133,67;0;EUR
Muster offensiv cVV;12.07.2021;0,0063220198;14.503,92;2,2486827521;1.672.637,59;0,004273638;EUR
Muster offensiv cVV;13.07.2021;0,0003877689;895,24;2,2499860004;1.673.532,83;0,000270302;EUR
Muster offensiv cVV;14.07.2021;-0,0028423662;-6.564,70;2,2412593206;1.666.968,13;0,000231666;EUR
Muster offensiv cVV;15.07.2021;-0,0099209432;-22.848,18;2,2106374943;1.644.119,95;-0,005536742;EUR
Muster offensiv cVV;16.07.2021;-0,0043300801;-9.873,35;2,1974592668;1.634.246,60;-0,004041100;EUR
Muster offensiv cVV;17.07.2021;0;0;2,1974592668;1.634.246,60;0;EUR
Muster offensiv cVV;18.07.2021;0;0;2,1974592668;1.634.246,60;0;EUR
Muster offensiv cVV;19.07.2021;-0,0121082222;-27.489,34;2,1605917502;1.606.757,25;-0,015531328;EUR
Muster offensiv cVV;20.07.2021;0,0063459728;14.232,84;2,1798268303;1.620.990,09;0,007560739;EUR
Muster offensiv cVV;21.07.2021;0,0114217802;25.779,50;2,2145916082;1.646.769,59;0,008036792;EUR
Muster offensiv cVV;22.07.2021;0,0066921639;15.277,05;2,2352349810;1.662.046,64;0,003497855;EUR
Muster offensiv cVV;23.07.2021;0,0061638063;14.165,07;2,2543845766;1.676.211,71;0,007961463;EUR
Muster offensiv cVV;24.07.2021;0;0;2,2543845766;1.676.211,71;0;EUR
Muster offensiv cVV;25.07.2021;0;0;2,2543845766;1.676.211,71;0;EUR
Muster offensiv cVV;26.07.2021;-0,0054438571;-12.587,66;2,2375537130;1.663.624,05;-0,001660398;EUR
Muster offensiv cVV;27.07.2021;-0,0073145873;-16.821,22;2,2150269725;1.646.802,83;-0,004126309;EUR
Muster offensiv cVV;28.07.2021;0,0087441622;19.961,70;2,2419751131;1.666.764,53;0,002302693;EUR
Muster offensiv cVV;29.07.2021;-0,0011874940;-2.734,59;2,2383953119;1.664.029,94;0,001508247;EUR
Muster offensiv cVV;30.07.2021;-0,0090628592;-20.845,37;2,2104520735;1.643.184,57;-0,003870987;EUR
Muster offensiv cVV;31.07.2021;0;0;2,2104520735;1.643.184,57;0;EUR
Muster offensiv cVV;01.08.2021;0;0;2,2104520735;1.643.184,57;0;EUR
Muster offensiv cVV;02.08.2021;0,0021496417;4.899,55;2,2171405347;1.648.084,13;0,000946063;EUR
Muster offensiv cVV;03.08.2021;0,0024041724;5.491,47;2,2246258548;1.653.575,60;0,002316054;EUR
Muster offensiv cVV;04.08.2021;0,0079597504;18.224,91;2,2492433602;1.671.800,50;0,002964806;EUR
Muster offensiv cVV;05.08.2021;0,0025686334;5.928,04;2,2573180167;1.677.728,54;0,003629512;EUR
Muster offensiv cVV;06.08.2021;-0,0027893987;-6.454,07;2,2487329456;1.671.274,47;0,002025769;EUR
Muster offensiv cVV;07.08.2021;0;0;2,2487329456;1.671.274,47;0;EUR
Muster offensiv cVV;08.08.2021;0;0;2,2487329456;1.671.274,47;0;EUR
Muster offensiv cVV;09.08.2021;0,0021286678;4.911,54;2,2554403903;1.676.186,01;-0,000048897;EUR
Muster offensiv cVV;10.08.2021;-0,0013334757;-3.083,32;2,2513901735;1.673.102,69;0,001712233;EUR
Muster offensiv cVV;11.08.2021;-0,0010312313;-2.381,28;2,2482842780;1.670.721,42;0,001920432;EUR
Muster offensiv cVV;12.08.2021;0,0012932462;2.983,23;2,2523973705;1.673.704,65;0,003754225;EUR
Muster offensiv cVV;13.08.2021;0,0027214080;6.285,80;2,2609554117;1.679.990,45;0,000053739;EUR
Muster offensiv cVV;14.08.2021;0;0;2,2609554117;1.679.990,45;0;EUR
Muster offensiv cVV;15.08.2021;0;0;2,2609554117;1.679.990,45;0;EUR
Muster offensiv cVV;16.08.2021;-0,0038263741;-8.862,06;2,2491270297;1.671.128,39;-0,001350617;EUR
Muster offensiv cVV;17.08.2021;0,0000957410;220,89;2,2495225968;1.671.349,28;-0,000388199;EUR
Muster offensiv cVV;18.08.2021;0,0009443248;2.178,94;2,2525536546;1.673.528,22;-0,001353602;EUR
Muster offensiv cVV;19.08.2021;-0,0088244406;-20.380,80;2,2252183888;1.653.147,42;-0,005497870;EUR
Muster offensiv cVV;20.08.2021;0,0033160285;7.591,07;2,2355338405;1.660.738,49;0,003220391;EUR
Muster offensiv cVV;21.08.2021;0;0;2,2355338405;1.660.738,49;0;EUR
Muster offensiv cVV;22.08.2021;0;0;2,2355338405;1.660.738,49;0;EUR
Muster offensiv cVV;23.08.2021;0,0089202094;20.487,90;2,2632114197;1.681.226,39;0,003009040;EUR
Muster offensiv cVV;24.08.2021;0,0023576869;5.463,43;2,2706650265;1.686.689,82;0,001716290;EUR
Muster offensiv cVV;25.08.2021;-0,0024390521;-5.665,30;2,2631367888;1.681.024,52;-0,000689042;EUR
Muster offensiv cVV;26.08.2021;-0,0030823092;-7.058,85;2,2537564133;1.673.965,66;-0,003585517;EUR
Muster offensiv cVV;27.08.2021;0,0041536094;9.482,94;2,2666473229;1.683.448,60;0,003188732;EUR
Muster offensiv cVV;28.08.2021;0;0;2,2666473229;1.683.448,60;0;EUR
Muster offensiv cVV;29.08.2021;0;0;2,2666473229;1.683.448,60;0;EUR
Muster offensiv cVV;30.08.2021;0,0010253453;2.350,65;2,2699359020;1.685.799,25;0,002133316;EUR
Muster offensiv cVV;31.08.2021;0,0008796945;2.018,81;2,2727779122;1.687.818,05;-0,002384100;EUR
Muster offensiv cVV;01.09.2021;0,0013020846;2.990,77;2,2769290594;1.690.808,83;-0,000631328;EUR
Muster offensiv cVV;02.09.2021;0,0001392178;320,19;2,2774840401;1.691.129,01;0,001370471;EUR
Muster offensiv cVV;03.09.2021;0,0016842240;3.874,09;2,2828253937;1.695.003,11;-0,001701467;EUR
Muster offensiv cVV;04.09.2021;0;0;2,2828253937;1.695.003,11;0;EUR
Muster offensiv cVV;05.09.2021;0;0;2,2828253937;1.695.003,11;0;EUR
Muster offensiv cVV;06.09.2021;0,0057062379;13.147,73;2,3006576378;1.708.150,83;0,004894425;EUR
Muster offensiv cVV;07.09.2021;-0,0032582399;-7.550,14;2,2906128869;1.700.600,69;-0,003274184;EUR
Muster offensiv cVV;08.09.2021;-0,0062753207;-14.494,08;2,2712133748;1.686.106,62;-0,005878248;EUR
Muster offensiv cVV;09.09.2021;-0,0013504387;-3.099,53;2,2671611601;1.683.007,09;-0,000854215;EUR
Muster offensiv cVV;10.09.2021;-0,0025316174;-5.802,72;2,2594667884;1.677.204,37;-0,002674591;EUR
Muster offensiv cVV;11.09.2021;0;0;2,2594667884;1.677.204,37;0;EUR
Muster offensiv cVV;12.09.2021;0;0;2,2594667884;1.677.204,37;0;EUR
Muster offensiv cVV;13.09.2021;-0,0017821843;-4.074,61;2,2540996913;1.673.129,76;0,003448569;EUR
Muster offensiv cVV;14.09.2021;0,0032255118;7.361,34;2,2641396841;1.680.491,10;-0,000947918;EUR
Muster offensiv cVV;15.09.2021;-0,0034940045;-7.999,82;2,2534833490;1.672.491,28;-0,001183616;EUR
Muster offensiv cVV;16.09.2021;0,0005436834;1.240,46;2,2552766427;1.673.731,74;0,001937078;EUR
Muster offensiv cVV;17.09.2021;-0,0036166735;-8.256,24;2,2442730036;1.665.475,50;-0,006336917;EUR
Muster offensiv cVV;18.09.2021;0;0;2,2442730036;1.665.475,50;0;EUR
Muster offensiv cVV;19.09.2021;0;0;2,2442730036;1.665.475,50;0;EUR
Muster offensiv cVV;20.09.2021;-0,0126119828;-28.686,83;2,2057358364;1.636.788,67;-0,014121473;EUR
Muster offensiv cVV;21.09.2021;0,0048023248;10.785,46;2,2203901543;1.647.574,13;0,005901068;EUR
Muster offensiv cVV;22.09.2021;0,0043057306;9.716,61;2,2336054401;1.657.290,73;0,006545014;EUR
Muster offensiv cVV;23.09.2021;0,0038840114;8.802,66;2,2455902529;1.666.093,40;0,006144268;EUR
Muster offensiv cVV;24.09.2021;-0,0039761265;-9.046,43;2,2335176570;1.657.046,97;-0,002061560;EUR
Muster offensiv cVV;25.09.2021;0;0;2,2335176570;1.657.046,97;0;EUR
Muster offensiv cVV;26.09.2021;0;0;2,2335176570;1.657.046,97;0;EUR
Muster offensiv cVV;27.09.2021;-0,0028322835;-6.418,35;2,2249862417;1.650.628,61;0,000366186;EUR
Muster offensiv cVV;28.09.2021;-0,0198692478;-44.898,99;2,1645805694;1.605.729,62;-0,014767380;EUR
Muster offensiv cVV;29.09.2021;0,0038955779;8.628,02;2,1763285186;1.614.357,64;0,004691548;EUR
Muster offensiv cVV;30.09.2021;0,0000445291;99,01;2,1765790156;1.614.456,65;-0,004584197;EUR
Muster offensiv cVV;01.10.2021;-0,0071330075;-15.860,60;2,1553118739;1.598.596,04;-0,000510748;EUR
Muster offensiv cVV;02.10.2021;0;0;2,1553118739;1.598.596,04;0;EUR
Muster offensiv cVV;03.10.2021;0;0;2,1553118739;1.598.596,04;0;EUR
Muster offensiv cVV;04.10.2021;-0,0097049896;-21.425,61;2,1265389387;1.577.170,43;-0,007525794;EUR
Muster offensiv cVV;05.10.2021;0,0085456914;18.683,14;2,1518453979;1.595.853,57;0,007687395;EUR
Muster offensiv cVV;06.10.2021;-0,0078553952;-17.320,74;2,1286043501;1.578.532,84;-0,003963327;EUR
Muster offensiv cVV;07.10.2021;0,0159813146;34.961,16;2,1758650882;1.613.493,99;0,010335820;EUR
Muster offensiv cVV;08.10.2021;-0,0029803773;-6.624,15;2,1670482683;1.606.869,84;-0,002184757;EUR
Muster offensiv cVV;09.10.2021;0;0;2,1670482683;1.606.869,84;0;EUR
Muster offensiv cVV;10.10.2021;0;0;2,1670482683;1.606.869,84;0;EUR
Muster offensiv cVV;11.10.2021;-0,0003775804;-836,70;2,1660358875;1.606.033,14;-0,001952408;EUR
Muster offensiv cVV;12.10.2021;-0,0013450628;-2.979,49;2,1621332338;1.603.053,65;-0,001739128;EUR
Muster offensiv cVV;13.10.2021;0,0088309087;19.535,28;2,1885987063;1.622.588,93;0,003613722;EUR
Muster offensiv cVV;14.10.2021;0,0101869361;22.734,01;2,2193817281;1.645.322,94;0,010853626;EUR
Muster offensiv cVV;15.10.2021;0,0075935370;17.119,00;2,2425934549;1.662.441,94;0,005515124;EUR
Muster offensiv cVV;16.10.2021;0;0;2,2425934549;1.662.441,94;0;EUR
Muster offensiv cVV;17.10.2021;0;0;2,2425934549;1.662.441,94;0;EUR
Muster offensiv cVV;18.10.2021;-0,0051737765;-11.752,42;2,2268586719;1.650.689,52;-0,002566452;EUR
Muster offensiv cVV;19.10.2021;0,0051609739;11.662,68;2,2427119134;1.662.352,21;0,001982243;EUR
Muster offensiv cVV;20.10.2021;0,0016995695;3.860,48;2,2480401082;1.666.212,69;0,001691391;EUR
Muster offensiv cVV;21.10.2021;0,0000721588;164,18;2,2483815203;1.666.376,87;-0,000990940;EUR
Muster offensiv cVV;22.10.2021;-0,0004336556;-986,77;2,2471698737;1.665.390,10;0,001429773;EUR
Muster offensiv cVV;23.10.2021;0;0;2,2471698737;1.665.390,10;0;EUR
Muster offensiv cVV;24.10.2021;0;0;2,2471698737;1.665.390,10;0;EUR
Muster offensiv cVV;25.10.2021;0,0041589826;9.459,54;2,2600543551;1.674.849,64;0,003849774;EUR
Muster offensiv cVV;26.10.2021;0,0049427584;11.288,98;2,2754089307;1.686.138,62;0,005333338;EUR
Muster offensiv cVV;27.10.2021;-0,0033124804;-7.602,91;2,2652694920;1.678.535,71;-0,002829486;EUR
Muster offensiv cVV;28.10.2021;0,0005390230;1.233,09;2,2670541671;1.679.768,79;0,000111964;EUR
Muster offensiv cVV;29.10.2021;0,0003608809;826,01;2,2682895288;1.680.594,80;0,001906280;EUR
Muster offensiv cVV;30.10.2021;0;0;2,2682895288;1.680.594,80;0;EUR
Muster offensiv cVV;31.10.2021;0;0;2,2682895288;1.680.594,80;0;EUR
Muster offensiv cVV;01.11.2021;0,0061032502;13.974,54;2,2872724012;1.694.569,35;0,004287940;EUR
Muster offensiv cVV;02.11.2021;0,0021709563;5.001,15;2,2941445937;1.699.570,50;0,005496887;EUR
Muster offensiv cVV;03.11.2021;0,0020918179;4.829,31;2,3007854657;1.704.399,80;0,001900900;EUR
Muster offensiv cVV;04.11.2021;0,0102940535;23.815,23;2,3330576083;1.728.215,03;0,005244994;EUR
Muster offensiv cVV;05.11.2021;-0,0057586220;-13.459,68;2,3150100078;1.714.755,35;0,001630936;EUR
Muster offensiv cVV;06.11.2021;0;0;2,3150100078;1.714.755,35;0;EUR
Muster offensiv cVV;07.11.2021;0;0;2,3150100078;1.714.755,35;0;EUR
Muster offensiv cVV;08.11.2021;0,0017564995;4.081,84;2,3206436522;1.718.837,19;-0,000776579;EUR
Muster offensiv cVV;09.11.2021;-0,0022318480;-5.195,59;2,3137514750;1.713.641,61;-0,000910351;EUR
Muster offensiv cVV;10.11.2021;0,0012548843;2.914,76;2,3178096389;1.716.556,37;-0,000654539;EUR
Muster offensiv cVV;11.11.2021;0,0023387466;5.439,11;2,3252768763;1.721.995,48;0,001721333;EUR
Muster offensiv cVV;12.11.2021;0,0052487512;12.235,31;2,3419224894;1.734.230,79;0,004016324;EUR
Muster offensiv cVV;13.11.2021;0;0;2,3419224894;1.734.230,79;0;EUR
Muster offensiv cVV;14.11.2021;0;0;2,3419224894;1.734.230,79;0;EUR
Muster offensiv cVV;15.11.2021;0,0034545243;8.095,07;2,3529784765;1.742.325,86;0,002215899;EUR
Muster offensiv cVV;16.11.2021;0,0035223405;8.282,50;2,3642886901;1.750.608,36;0,005254568;EUR
Muster offensiv cVV;17.11.2021;-0,0011632103;-2.744,83;2,3607062453;1.747.863,53;0,000071684;EUR
Muster offensiv cVV;18.11.2021;-0,0031931708;-7.526,17;2,3506652180;1.740.337,36;-0,001144040;EUR
Muster offensiv cVV;19.11.2021;0,0048506513;11.396,27;2,3661828554;1.751.733,64;-0,000509570;EUR
Muster offensiv cVV;20.11.2021;0;0;2,3661828554;1.751.733,64;0;EUR
Muster offensiv cVV;21.11.2021;0;0;2,3661828554;1.751.733,64;0;EUR
Muster offensiv cVV;22.11.2021;-0,0041517738;-9.801,62;2,3530671409;1.741.932,01;-0,001049365;EUR
Muster offensiv cVV;23.11.2021;-0,0128346669;-30.174,64;2,3124278883;1.711.757,38;-0,005852583;EUR
Muster offensiv cVV;24.11.2021;0,0041443367;9.618,39;2,3255438601;1.721.375,77;0,000881559;EUR
Muster offensiv cVV;25.11.2021;0,0022934869;5.344,90;2,3328874402;1.726.720,67;0,001053686;EUR
Muster offensiv cVV;26.11.2021;-0,0189077726;-44.165,06;2,2733377317;1.682.555,61;-0,026805618;EUR
Muster offensiv cVV;27.11.2021;0;0;2,2733377317;1.682.555,61;0;EUR
Muster offensiv cVV;28.11.2021;0;0;2,2733377317;1.682.555,61;0;EUR
Muster offensiv cVV;29.11.2021;0,0079268154;18.165,48;2,2980022748;1.700.721,10;0,004871515;EUR
Muster offensiv cVV;30.11.2021;-0,0083696487;-19.332,34;2,2719998793;1.681.388,76;-0,010287374;EUR
Muster offensiv cVV;01.12.2021;0,0031421853;7.197,12;2,2818448702;1.688.585,88;0,004794288;EUR
Muster offensiv cVV;02.12.2021;-0,0123340547;-28.339,71;2,2436661446;1.660.246,17;-0,001131866;EUR
Muster offensiv cVV;03.12.2021;-0,0047096216;-10.687,73;2,2293395773;1.649.558,43;-0,004032424;EUR
Muster offensiv cVV;04.12.2021;0;0;2,2293395773;1.649.558,43;0;EUR
Muster offensiv cVV;05.12.2021;0;0;2,2293395773;1.649.558,43;0;EUR
Muster offensiv cVV;06.12.2021;-0,0017256849;-3.897,72;2,2241884610;1.645.660,71;0,009445106;EUR
Muster offensiv cVV;07.12.2021;0,0246476956;55.574,51;2,2994204899;1.701.235,22;0,019296650;EUR
Muster offensiv cVV;08.12.2021;-0,0028087524;-6.489,14;2,2907695702;1.694.746,08;-0,004924070;EUR
Muster offensiv cVV;09.12.2021;0,0016371371;3.771,70;2,2959878711;1.698.517,78;-0,001946545;EUR
Muster offensiv cVV;10.12.2021;-0,0045482974;-10.495,71;2,2819195316;1.688.022,07;0,000827794;EUR
Muster offensiv cVV;11.12.2021;0;0;2,2819195316;1.688.022,07;0;EUR
Muster offensiv cVV;12.12.2021;0;0;2,2819195316;1.688.022,07;0;EUR
Muster offensiv cVV;13.12.2021;0,0008247753;1.894,60;2,2846001235;1.689.916,68;-0,001925997;EUR
Muster offensiv cVV;14.12.2021;-0,0057571853;-13.235,83;2,2668250039;1.676.680,85;-0,006942830;EUR
Muster offensiv cVV;15.12.2021;0,0076221420;17.422,50;2,2904993196;1.694.103,35;0,005670187;EUR
Muster offensiv cVV;16.12.2021;0,0074828895;17.234,57;2,3139219346;1.711.337,92;0,001087010;EUR
Muster offensiv cVV;17.12.2021;-0,0018561321;-4.307,03;2,3082187284;1.707.030,89;-0,004378819;EUR
Muster offensiv cVV;18.12.2021;0;0;2,3082187284;1.707.030,89;0;EUR
Muster offensiv cVV;19.12.2021;0;0;2,3082187284;1.707.030,89;0;EUR
Muster offensiv cVV;20.12.2021;-0,0086459087;-20.025,01;2,2812601615;1.687.005,89;-0,012102563;EUR
Muster offensiv cVV;21.12.2021;0,0058226249;13.369,33;2,2994586842;1.700.375,22;0,011770964;EUR
Muster offensiv cVV;22.12.2021;0,0046746905;10.796,05;2,3141789488;1.711.171,27;0,005029994;EUR
Muster offensiv cVV;23.12.2021;0,0058263910;13.518,77;2,3325830576;1.724.690,04;0,006677357;EUR
Muster offensiv cVV;24.12.2021;0,0000687400;160,42;2,3329213692;1.724.850,47;-0,000585137;EUR
Muster offensiv cVV;25.12.2021;0;0;2,3329213692;1.724.850,47;0;EUR
Muster offensiv cVV;26.12.2021;0;0;2,3329213692;1.724.850,47;0;EUR
Muster offensiv cVV;27.12.2021;0,0029749157;6.943,29;2,3424341854;1.731.793,76;0,005840390;EUR
Muster offensiv cVV;28.12.2021;0,0023822371;5.576,55;2,3500991643;1.737.370,31;0,003702965;EUR
Muster offensiv cVV;29.12.2021;-0,0026375444;-6.188,90;2,3418491929;1.731.181,40;-0,004081567;EUR
Muster offensiv cVV;30.12.2021;0,0044447549;10.401,95;2,3560426762;1.741.583,36;0,000483873;EUR
Muster offensiv cVV;31.12.2021;-0,0021232669;-4.991,12;2,3494124852;1.736.592,24;-0,001952023;EUR
Muster offensiv cVV;01.01.2022;0;0;2,3494124852;1.736.592,24;0;EUR
Muster offensiv cVV;02.01.2022;0;0;2,3494124852;1.736.592,24;0;EUR
Muster offensiv cVV;03.01.2022;0,0014200170;3.330,91;2,3540408823;1.739.923,15;0,006600138;EUR
Muster offensiv cVV;04.01.2022;-0,0056930635;-13.373,10;2,3360686995;1.726.550,05;0,003339222;EUR
Muster offensiv cVV;05.01.2022;-0,0049279022;-11.509,83;2,3206157797;1.715.040,22;-0,003260177;EUR
Muster offensiv cVV;06.01.2022;-0,0144151146;-33.502,66;2,2754012064;1.681.537,56;-0,006235182;EUR
Muster offensiv cVV;07.01.2022;-0,0061536643;-14.095,78;2,2564439993;1.667.441,78;-0,005171256;EUR
Muster offensiv cVV;08.01.2022;0;0;2,2564439993;1.667.441,78;0;EUR
Muster offensiv cVV;09.01.2022;0;0;2,2564439993;1.667.441,78;0;EUR
Muster offensiv cVV;10.01.2022;-0,0127754608;-29.083,80;2,2172013737;1.638.357,99;-0,004700250;EUR
Muster offensiv cVV;11.01.2022;0,0080726470;18.142,89;2,2418701287;1.656.500,87;0,006458484;EUR
Muster offensiv cVV;12.01.2022;0,0025055303;5.676,52;2,2496687945;1.662.177,39;0,001689134;EUR
Muster offensiv cVV;13.01.2022;-0,0119007901;-27.029,93;2,2131994791;1.635.147,46;-0,004324055;EUR
Muster offensiv cVV;14.01.2022;-0,0085790347;-19.253,43;2,1872524968;1.615.894,04;-0,004051446;EUR
Muster offensiv cVV;15.01.2022;0;0;2,1872524968;1.615.894,04;0;EUR
Muster offensiv cVV;16.01.2022;0;0;2,1872524968;1.615.894,04;0;EUR
Muster offensiv cVV;17.01.2022;0,0050953114;11.337,01;2,2027117082;1.627.231,05;0,002222495;EUR
Muster offensiv cVV;18.01.2022;-0,0135889276;-30.389,26;2,1616865051;1.596.841,78;-0,008025512;EUR
Muster offensiv cVV;19.01.2022;-0,0016336811;-3.603,80;2,1569190616;1.593.237,99;-0,002342550;EUR
Muster offensiv cVV;20.01.2022;0,0047667229;10.497,91;2,1712428725;1.603.735,90;0,000578306;EUR
Muster offensiv cVV;21.01.2022;-0,0205007561;-45.364,69;2,1099337529;1.558.371,21;-0,013840199;EUR
Muster offensiv cVV;22.01.2022;0;0;2,1099337529;1.558.371,21;0;EUR
Muster offensiv cVV;23.01.2022;0;0;2,1099337529;1.558.371,21;0;EUR
Muster offensiv cVV;24.01.2022;-0,0291398348;-63.159,58;2,0245238878;1.495.211,62;-0,015080555;EUR
Muster offensiv cVV;25.01.2022;0,0014380253;3.026,04;2,0287254498;1.498.237,67;0,000110448;EUR
Muster offensiv cVV;26.01.2022;0,0153115224;32.266,46;2,0725231153;1.530.504,13;0,008510076;EUR
Muster offensiv cVV;27.01.2022;0,0030626519;6.552,84;2,0815034919;1.537.056,97;0,002543409;EUR
Muster offensiv cVV;28.01.2022;-0,0026560120;-5.700,20;2,0738906318;1.531.356,77;0,000585293;EUR
Muster offensiv cVV;29.01.2022;0;0;2,0738906318;1.531.356,77;0;EUR
Muster offensiv cVV;30.01.2022;0;0;2,0738906318;1.531.356,77;0;EUR
Muster offensiv cVV;31.01.2022;0,0123887811;26.517,58;2,1099111637;1.557.874,35;0,008083939;EUR
Muster offensiv cVV;01.02.2022;0,0081554253;17.672,55;2,1339554256;1.575.546,90;0,005384983;EUR
Muster offensiv cVV;02.02.2022;0,0009801335;2.141,24;2,1369650622;1.577.688,14;0,001418310;EUR
Muster offensiv cVV;03.02.2022;-0,0287156222;-62.794,81;2,0520151097;1.514.893,32;-0,018854370;EUR
Muster offensiv cVV;04.02.2022;-0,0037249651;-7.911,78;2,0414026097;1.506.981,54;-0,007673702;EUR
Muster offensiv cVV;05.02.2022;0;0;2,0414026097;1.506.981,54;0;EUR
Muster offensiv cVV;06.02.2022;0;0;2,0414026097;1.506.981,54;0;EUR
Muster offensiv cVV;07.02.2022;0,0004010503;848,65;2,0426567146;1.507.830,20;0,001769062;EUR
Muster offensiv cVV;08.02.2022;-0,0001423060;-301,25;2,0423530331;1.507.528,94;0,003864044;EUR
Muster offensiv cVV;09.02.2022;0,0149944278;31.737,55;2,0854566457;1.539.266,50;0,012127673;EUR
Muster offensiv cVV;10.02.2022;-0,0037389601;-8.032,63;2,0746796902;1.531.233,86;-0,006127618;EUR
Muster offensiv cVV;11.02.2022;-0,0065048239;-13.922,46;2,0559210027;1.517.311,40;-0,005461655;EUR
Muster offensiv cVV;12.02.2022;0;0;2,0559210027;1.517.311,40;0;EUR
Muster offensiv cVV;13.02.2022;0;0;2,0559210027;1.517.311,40;0;EUR
Muster offensiv cVV;14.02.2022;-0,0094032278;-19.995,08;2,0289316644;1.497.316,33;-0,007663379;EUR
Muster offensiv cVV;15.02.2022;0,0114254381;24.066,66;2,0616482146;1.521.382,99;0,010792230;EUR
Muster offensiv cVV;16.02.2022;-0,0003776204;-804,51;2,0606630319;1.520.578,48;-0,000043153;EUR
Muster offensiv cVV;17.02.2022;-0,0052616781;-11.205,65;2,0455815146;1.509.372,83;-0,008417061;EUR
Muster offensiv cVV;18.02.2022;-0,0080943597;-17.147,63;2,0224451037;1.492.225,19;-0,007319337;EUR
Muster offensiv cVV;19.02.2022;0;0;2,0224451037;1.492.225,19;0;EUR
Muster offensiv cVV;20.02.2022;0;0;2,0224451037;1.492.225,19;0;EUR
Muster offensiv cVV;21.02.2022;-0,0124570711;-26.176,28;1,9870689289;1.466.048,91;-0,008764301;EUR
Muster offensiv cVV;22.02.2022;-0,0005060364;-1.050,10;1,9857466250;1.464.998,81;-0,005054992;EUR
Muster offensiv cVV;23.02.2022;-0,0025603519;-5.310,41;1,9786491565;1.459.688,40;-0,006435507;EUR
Muster offensiv cVV;24.02.2022;-0,0037949769;-7.850,98;1,9681069126;1.451.837,42;-0,007893345;EUR
Muster offensiv cVV;25.02.2022;0,0205433015;42.338,34;2,0256035029;1.494.175,76;0,018481685;EUR
Muster offensiv cVV;26.02.2022;0;0;2,0256035029;1.494.175,76;0;EUR
Muster offensiv cVV;27.02.2022;0;0;2,0256035029;1.494.175,76;0;EUR
Muster offensiv cVV;28.02.2022;0,0088800106;18.677,06;2,0510274471;1.512.852,82;-0,001710947;EUR
Muster offensiv cVV;01.03.2022;-0,0054619019;-11.589,87;2,0354179008;1.501.262,95;-0,014525273;EUR
Muster offensiv cVV;02.03.2022;0,0013156189;2.776,43;2,0392855707;1.504.039,38;0,008275571;EUR
Muster offensiv cVV;03.03.2022;-0,0118130838;-24.962,62;2,0055410539;1.479.076,76;-0,010842916;EUR
Muster offensiv cVV;04.03.2022;-0,0073490904;-15.346,16;1,9848330824;1.463.730,60;-0,016155410;EUR
Muster offensiv cVV;05.03.2022;0;0;1,9848330824;1.463.730,60;0;EUR
Muster offensiv cVV;06.03.2022;0;0;1,9848330824;1.463.730,60;0;EUR
Muster offensiv cVV;07.03.2022;-0,0079934704;-16.569,06;1,9624645983;1.447.161,54;-0,017351877;EUR
Muster offensiv cVV;08.03.2022;-0,0086382044;-17.762,36;1,9384755110;1.429.399,18;-0,004329712;EUR
Muster offensiv cVV;09.03.2022;0,0149131561;30.400,37;1,9798029826;1.459.799,55;0,034347450;EUR
Muster offensiv cVV;10.03.2022;-0,0013916595;-2.879,20;1,9759980269;1.456.920,35;-0,012459218;EUR
Muster offensiv cVV;11.03.2022;0,0016226167;3.352,35;1,9806448017;1.460.272,70;0,002518132;EUR
Muster offensiv cVV;12.03.2022;0;0;1,9806448017;1.460.272,70;0;EUR
Muster offensiv cVV;13.03.2022;0;0;1,9806448017;1.460.272,70;0;EUR
Muster offensiv cVV;14.03.2022;-0,0061208438;-12.666,27;1,9635639915;1.447.606,43;0,005269457;EUR
Muster offensiv cVV;15.03.2022;0,0052679657;10.770,57;1,9782827029;1.458.377,00;0,006137796;EUR
Muster offensiv cVV;16.03.2022;0,0230059691;47.284,42;2,0425366134;1.505.661,43;0,021787912;EUR
Muster offensiv cVV;17.03.2022;0,0079206982;16.654,03;2,0652429474;1.522.315,45;0,000340420;EUR
Muster offensiv cVV;18.03.2022;0,0131789881;27.929,57;2,1032494797;1.550.245,02;0,006880240;EUR
Muster offensiv cVV;19.03.2022;0;0;2,1032494797;1.550.245,02;0;EUR
Muster offensiv cVV;20.03.2022;0;0;2,1032494797;1.550.245,02;0;EUR
Muster offensiv cVV;21.03.2022;-0,0008618232;-1.850,49;2,1008546934;1.548.394,53;-0,002937702;EUR
Muster offensiv cVV;22.03.2022;0,0057362636;12.306,17;2,1176683263;1.560.700,70;0,007686087;EUR
Muster offensiv cVV;23.03.2022;0,0002247838;485,00;2,1184430675;1.561.185,70;-0,007329344;EUR
Muster offensiv cVV;24.03.2022;0,0040923740;8.831,83;2,1305446416;1.570.017,53;0,002603590;EUR
Muster offensiv cVV;25.03.2022;-0,0011272207;-2.442,63;2,1273469658;1.567.574,90;0,002068737;EUR
Muster offensiv cVV;26.03.2022;0;0;2,1273469658;1.567.574,90;0;EUR
Muster offensiv cVV;27.03.2022;0;0;2,1273469658;1.567.574,90;0;EUR
Muster offensiv cVV;28.03.2022;0,0007674696;1.661,19;2,1297184579;1.569.236,10;0,004553710;EUR
Muster offensiv cVV;29.03.2022;0,0084935662;18.398,51;2,1548067557;1.587.634,61;0,011301016;EUR
Muster offensiv cVV;30.03.2022;-0,0035857465;-7.833,31;2,1442928184;1.579.801,30;-0,009397299;EUR
Muster offensiv cVV;31.03.2022;-0,0013707588;-2.983,78;2,1403603750;1.576.817,52;-0,007571789;EUR
Muster offensiv cVV;01.04.2022;0,0009675533;2.103,22;2,1433328669;1.578.920,74;0,004086156;EUR
Muster offensiv cVV;02.04.2022;0;0;2,1433328669;1.578.920,74;0;EUR
Muster offensiv cVV;03.04.2022;0;0;2,1433328669;1.578.920,74;0;EUR
Muster offensiv cVV;04.04.2022;0,0134084297;29.174,80;2,1830564054;1.608.095,53;0,006844606;EUR
Muster offensiv cVV;05.04.2022;0,0029901198;6.593,30;2,1921272348;1.614.688,84;-0,005318066;EUR
Muster offensiv cVV;06.04.2022;-0,0165391992;-36.578,47;2,1425850882;1.578.110,36;-0,011257755;EUR
Muster offensiv cVV;07.04.2022;0,0034181252;7.434,57;2,1527968057;1.585.544,94;-0,001836827;EUR
Muster offensiv cVV;08.04.2022;0,0029804501;6.504,77;2,1617470485;1.592.049,71;0,006276900;EUR
Muster offensiv cVV;09.04.2022;0;0;2,1617470485;1.592.049,71;0;EUR
Muster offensiv cVV;10.04.2022;0;0;2,1617470485;1.592.049,71;0;EUR
Muster offensiv cVV;11.04.2022;-0,0095122518;-20.822,17;2,1335905961;1.571.227,54;-0,009255403;EUR
Muster offensiv cVV;12.04.2022;-0,0026655668;-5.779,38;2,1258589107;1.565.448,16;-0,002118724;EUR
Muster offensiv cVV;13.04.2022;-0,0007660934;-1.656,59;2,1237253200;1.563.791,58;0,003073923;EUR
Muster offensiv cVV;14.04.2022;0,0000281344;60,79;2,1239238613;1.563.852,37;0,001436716;EUR
Muster offensiv cVV;15.04.2022;0,0006601347;1.426,41;2,1259771551;1.565.278,78;-0,000122715;EUR
Muster offensiv cVV;16.04.2022;0;0;2,1259771551;1.565.278,78;0;EUR
Muster offensiv cVV;17.04.2022;0;0;2,1259771551;1.565.278,78;0;EUR
Muster offensiv cVV;18.04.2022;0,0003404542;736,13;2,1270930158;1.566.014,91;-0,001288769;EUR
Muster offensiv cVV;19.04.2022;-0,0048941962;-10.585,90;2,1128295583;1.555.429,02;0,003242631;EUR
Muster offensiv cVV;20.04.2022;-0,0033414554;-7.192,03;2,1031748234;1.548.236,99;0,004404572;EUR
Muster offensiv cVV;21.04.2022;-0,0063862221;-13.699,54;2,0846784732;1.534.537,45;-0,000959675;EUR
Muster offensiv cVV;22.04.2022;-0,0191912850;-40.905,68;2,0292183246;1.493.631,77;-0,017538029;EUR
Muster offensiv cVV;23.04.2022;0;0;2,0292183246;1.493.631,77;0;EUR
Muster offensiv cVV;24.04.2022;0;0;2,0292183246;1.493.631,77;0;EUR
Muster offensiv cVV;25.04.2022;-0,0046031979;-9.623,29;2,0162540192;1.484.008,48;-0,002803559;EUR
Muster offensiv cVV;26.04.2022;-0,0120002105;-24.971,75;1,9824338586;1.459.036,73;-0,010811572;EUR
Muster offensiv cVV;27.04.2022;0,0046294852;9.518,09;1,9954748071;1.468.554,82;0,005339796;EUR
Muster offensiv cVV;28.04.2022;0,0117609935;24.292,20;2,0285932948;1.492.847,02;0,011318804;EUR
Muster offensiv cVV;29.04.2022;-0,0091572187;-19.136,58;2,0026977981;1.473.710,44;-0,007175124;EUR
Muster offensiv cVV;30.04.2022;0;0;2,0026977981;1.473.710,44;0;EUR
Muster offensiv cVV;01.05.2022;0;0;2,0026977981;1.473.710,44;0;EUR
Muster offensiv cVV;02.05.2022;-0,0087489758;-18.116,02;1,9781863972;1.455.594,42;-0,002944920;EUR
Muster offensiv cVV;03.05.2022;0,0020924346;4.294,78;1,9841307226;1.459.889,20;0,003851422;EUR
Muster offensiv cVV;04.05.2022;-0,0038881858;-7.997,31;1,9733685808;1.451.891,89;0,004497126;EUR
Muster offensiv cVV;05.05.2022;-0,0099080752;-20.299,92;1,9458829591;1.431.591,97;-0,011824340;EUR
Muster offensiv cVV;06.05.2022;-0,0176067025;-35.715,66;1,8974394193;1.395.876,31;-0,012505376;EUR
Muster offensiv cVV;07.05.2022;0;0;1,8974394193;1.395.876,31;0;EUR
Muster offensiv cVV;08.05.2022;0;0;1,8974394193;1.395.876,31;0;EUR
Muster offensiv cVV;09.05.2022;-0,0312076316;-62.190,89;1,8130003645;1.333.685,42;-0,017889583;EUR
Muster offensiv cVV;10.05.2022;-0,0007326734;-1.414,51;1,8111754687;1.332.270,90;0,005599709;EUR
Muster offensiv cVV;11.05.2022;0,0075828793;14.628,93;1,8311619952;1.346.899,83;0,004737747;EUR
Muster offensiv cVV;12.05.2022;-0,0034821221;-6.768,67;1,8220582003;1.340.131,16;0,002231730;EUR
Muster offensiv cVV;13.05.2022;0,0220964321;42.802,23;1,8803541879;1.382.933,40;0,016786278;EUR
Muster offensiv cVV;14.05.2022;0;0;1,8803541879;1.382.933,40;0;EUR
Muster offensiv cVV;15.05.2022;0;0;1,8803541879;1.382.933,40;0;EUR
Muster offensiv cVV;16.05.2022;-0,0037279106;-7.380,77;1,8704196412;1.375.552,63;-0,002927724;EUR
Muster offensiv cVV;17.05.2022;0,0075133298;14.819,94;1,8906732056;1.390.372,57;0,007406052;EUR
Muster offensiv cVV;18.05.2022;-0,0085726901;-17.036,56;1,8676070588;1.373.336,01;-0,015043879;EUR
Muster offensiv cVV;19.05.2022;-0,0080290335;-15.819,37;1,8461937324;1.357.516,64;-0,007504560;EUR
Muster offensiv cVV;20.05.2022;0,0047709806;9.324,65;1,8589752042;1.366.841,29;0,004611047;EUR
Muster offensiv cVV;21.05.2022;0;0;1,8589752042;1.366.841,29;0;EUR
Muster offensiv cVV;22.05.2022;0;0;1,8589752042;1.366.841,29;0;EUR
Muster offensiv cVV;23.05.2022;0,0096158906;18.883,45;1,8847591646;1.385.724,74;0,007270016;EUR
Muster offensiv cVV;24.05.2022;-0,0151384638;-30.014,41;1,8440350514;1.355.710,33;-0,011211480;EUR
Muster offensiv cVV;25.05.2022;0,0078405155;15.309,74;1,8649596515;1.371.020,07;0,006913186;EUR
Muster offensiv cVV;26.05.2022;0,0042600057;8.383,50;1,8764643666;1.379.403,56;0,010606358;EUR
Muster offensiv cVV;27.05.2022;0,0188633657;37.280,38;1,9272820983;1.416.683,95;0,014647013;EUR
Muster offensiv cVV;28.05.2022;0;0;1,9272820983;1.416.683,95;0;EUR
Muster offensiv cVV;29.05.2022;0;0;1,9272820983;1.416.683,95;0;EUR
Muster offensiv cVV;30.05.2022;0,0056703956;11.418,01;1,9429197125;1.428.101,96;0,001324605;EUR
Muster offensiv cVV;31.05.2022;-0,0052897169;-10.711,87;1,9284498311;1.417.390,09;-0,006461615;EUR
Muster offensiv cVV;01.06.2022;-0,0032520012;-6.550,58;1,9196403326;1.410.839,50;-0,002845138;EUR
Muster offensiv cVV;02.06.2022;0,0064309795;12.911,95;1,9373126958;1.423.751,46;0,007216005;EUR
Muster offensiv cVV;03.06.2022;-0,0024343480;-4.919,05;1,9307227715;1.418.832,40;-0,006002011;EUR
Muster offensiv cVV;04.06.2022;0;0;1,9307227715;1.418.832,40;0;EUR
Muster offensiv cVV;05.06.2022;0;0;1,9307227715;1.418.832,40;0;EUR
Muster offensiv cVV;06.06.2022;0,0038185818;7.697,37;1,9413012113;1.426.529,77;0,006070045;EUR
Muster offensiv cVV;07.06.2022;0,0025876153;5.235,95;1,9485309036;1.431.765,72;0,000485115;EUR
Muster offensiv cVV;08.06.2022;-0,0006328979;-1.283,96;1,9468877090;1.430.481,76;-0,007346565;EUR
Muster offensiv cVV;09.06.2022;-0,0124151932;-25.170,76;1,9127325710;1.405.311,00;-0,013378073;EUR
Muster offensiv cVV;10.06.2022;-0,0189518875;-37.946,32;1,8611843002;1.367.364,67;-0,019869807;EUR
Muster offensiv cVV;11.06.2022;0;0;1,8611843002;1.367.364,67;0;EUR
Muster offensiv cVV;12.06.2022;0;0;1,8611843002;1.367.364,67;0;EUR
Muster offensiv cVV;13.06.2022;-0,0271327549;-53.296,84;1,7887350406;1.314.067,83;-0,021566757;EUR
Muster offensiv cVV;14.06.2022;-0,0155784931;-29.770,53;1,7483041696;1.284.297,30;-0,007008860;EUR
Muster offensiv cVV;15.06.2022;0,0133563912;25.126,46;1,7826037789;1.309.423,77;0,011084371;EUR
Muster offensiv cVV;16.06.2022;-0,0278495186;-53.091,15;1,7104185870;1.256.332,62;-0,026445296;EUR
Muster offensiv cVV;17.06.2022;0,0058072129;10.762,31;1,7251627929;1.267.094,93;0,003598653;EUR
Muster offensiv cVV;18.06.2022;0;0;1,7251627929;1.267.094,93;0;EUR
Muster offensiv cVV;19.06.2022;0;0;1,7251627929;1.267.094,93;0;EUR
Muster offensiv cVV;20.06.2022;0,0017117354;3.190,72;1,7295991710;1.270.285,66;0,002135405;EUR
Muster offensiv cVV;21.06.2022;0,0119140404;22.246,13;1,7599828679;1.292.531,79;0,006807588;EUR
Muster offensiv cVV;22.06.2022;-0,0042939845;-8.113,34;1,7490284114;1.284.418,45;-0,004825204;EUR
Muster offensiv cVV;23.06.2022;0,0050504159;9.501,61;1,7620607813;1.293.920,06;0,000255781;EUR
Muster offensiv cVV;24.06.2022;0,0164309443;31.068,52;1,8044658684;1.324.988,58;0,015780808;EUR
Muster offensiv cVV;25.06.2022;0;0;1,8044658684;1.324.988,58;0;EUR
Muster offensiv cVV;26.06.2022;0;0;1,8044658684;1.324.988,58;0;EUR
Muster offensiv cVV;27.06.2022;0,0008167212;1.569,68;1,8066996008;1.326.558,26;-0,000643494;EUR
Muster offensiv cVV;28.06.2022;-0,0023539647;-4.527,83;1,8006286029;1.322.030,43;-0,002512824;EUR
Muster offensiv cVV;29.06.2022;-0,0034823132;-6.682,44;1,7916221437;1.315.347,99;-0,005158565;EUR
Muster offensiv cVV;30.06.2022;-0,0098812411;-18.895,72;1,7659781992;1.296.452,27;-0,008141711;EUR
Muster offensiv cVV;01.07.2022;0,0074443335;14.095,00;1,7852725751;1.310.547,27;0,007481802;EUR
Muster offensiv cVV;02.07.2022;0;0;1,7852725751;1.310.547,27;0;EUR
Muster offensiv cVV;03.07.2022;0;0;1,7852725751;1.310.547,27;0;EUR
Muster offensiv cVV;04.07.2022;0,0016069786;3.065,28;1,7895430856;1.313.612,55;-0,002831156;EUR
Muster offensiv cVV;05.07.2022;-0,0031037084;-5.929,78;1,7815593136;1.307.682,77;-0,004121879;EUR
Muster offensiv cVV;06.07.2022;0,0131829529;25.108,48;1,8158627431;1.332.791,25;0,009487360;EUR
Muster offensiv cVV;07.07.2022;0,0170355935;32.874,02;1,8607504818;1.365.665,26;0,013061177;EUR
Muster offensiv cVV;08.07.2022;0,0048350621;9.489,29;1,8737789988;1.375.154,55;0,005348014;EUR
Muster offensiv cVV;09.07.2022;0;0;1,8737789988;1.375.154,55;0;EUR
Muster offensiv cVV;10.07.2022;0;0;1,8737789988;1.375.154,55;0;EUR
Muster offensiv cVV;11.07.2022;-0,0008511306;-1.678,51;1,8715908492;1.373.476,05;-0,005198609;EUR
Muster offensiv cVV;12.07.2022;-0,0057515319;-11.332,88;1,8562460201;1.362.143,17;0,001953942;EUR
Muster offensiv cVV;13.07.2022;-0,0050252105;-9.844,78;1,8429275146;1.352.298,40;-0,008832756;EUR
Muster offensiv cVV;14.07.2022;-0,0132163574;-25.761,75;1,8079145642;1.326.536,64;-0,006879690;EUR
Muster offensiv cVV;15.07.2022;0,0093177984;17.922,51;1,8324375610;1.344.459,16;0,015064801;EUR
Muster offensiv cVV;16.07.2022;0;0;1,8324375610;1.344.459,16;0;EUR
Muster offensiv cVV;17.07.2022;0;0;1,8324375610;1.344.459,16;0;EUR
Muster offensiv cVV;18.07.2022;0,0023732163;4.607,35;1,8388141580;1.349.066,50;-0,002475899;EUR
Muster offensiv cVV;19.07.2022;0,0106683668;20.760,65;1,8672099222;1.369.827,15;0,016067978;EUR
Muster offensiv cVV;20.07.2022;0,0069004298;13.571,50;1,8858085844;1.383.398,65;0,003264029;EUR
Muster offensiv cVV;21.07.2022;0,0042013134;8.320,00;1,8972500824;1.391.718,65;0,002745089;EUR
Muster offensiv cVV;22.07.2022;0,0031488638;6.262,00;1,9058870254;1.397.980,64;-0,000262782;EUR
Muster offensiv cVV;23.07.2022;0;0;1,9058870254;1.397.980,64;0;EUR
Muster offensiv cVV;24.07.2022;0;0;1,9058870254;1.397.980,64;0;EUR
Muster offensiv cVV;25.07.2022;-0,0062971494;-12.562,28;1,8888600692;1.385.418,37;-0,000273709;EUR
Muster offensiv cVV;26.07.2022;0,0029841796;5.915,70;1,8970252001;1.391.334,06;-0,003079491;EUR
Muster offensiv cVV;27.07.2022;0,0063602334;12.645,85;1,9143678962;1.403.979,91;0,009648077;EUR
Muster offensiv cVV;28.07.2022;0,0148599665;29.733,52;1,9550131173;1.433.713,43;0,008767487;EUR
Muster offensiv cVV;29.07.2022;0,0155599151;31.596,70;1,9982033283;1.465.310,13;0,009055428;EUR
Muster offensiv cVV;30.07.2022;0;0;1,9982033283;1.465.310,13;0;EUR
Muster offensiv cVV;31.07.2022;0;0;1,9982033283;1.465.310,13;0;EUR
Muster offensiv cVV;01.08.2022;-0,0005647139;-1.164,58;1,9967200062;1.464.145,56;-0,001792573;EUR
Muster offensiv cVV;02.08.2022;-0,0009300790;-1.916,97;1,9942103495;1.462.228,59;-0,001330474;EUR
Muster offensiv cVV;03.08.2022;0,0105154332;21.652,99;2,0238471314;1.483.881,58;0,009071249;EUR
Muster offensiv cVV;04.08.2022;-0,0005767677;-1.200,15;2,0223162276;1.482.681,43;0,000757127;EUR
Muster offensiv cVV;05.08.2022;-0,0011911414;-2.477,12;2,0190432794;1.480.204,31;-0,003478974;EUR
Muster offensiv cVV;06.08.2022;0;0;2,0190432794;1.480.204,31;0;EUR
Muster offensiv cVV;07.08.2022;0;0;2,0190432794;1.480.204,31;0;EUR
Muster offensiv cVV;08.08.2022;0,0089810079;18.654,80;2,0445960039;1.498.859,11;0,002607625;EUR
Muster offensiv cVV;09.08.2022;-0,0102562243;-21.494,93;2,0153801791;1.477.364,18;-0,006883819;EUR
Muster offensiv cVV;10.08.2022;0,0129666445;26.896,69;2,0521792201;1.504.260,87;0,008511800;EUR
Muster offensiv cVV;11.08.2022;0,0005760111;1.210,31;2,0539377245;1.505.471,18;-0,000539394;EUR
Muster offensiv cVV;12.08.2022;0,0077710110;16.337,81;2,0763361181;1.521.809,00;0,010637701;EUR
Muster offensiv cVV;13.08.2022;0;0;2,0763361181;1.521.809,00;0;EUR
Muster offensiv cVV;14.08.2022;0;0;2,0763361181;1.521.809,00;0;EUR
Muster offensiv cVV;15.08.2022;0,0087851205;18.613,41;2,1018417495;1.540.422,41;0,004399216;EUR
Muster offensiv cVV;16.08.2022;0,0008044221;1.719,34;2,1042975198;1.542.141,75;0,002600704;EUR
Muster offensiv cVV;17.08.2022;-0,0100155063;-21.423,93;2,0751721754;1.520.717,82;-0,011489920;EUR
Muster offensiv cVV;18.08.2022;0,0038344542;8.120,04;2,0863615449;1.528.837,86;0,003347599;EUR
Muster offensiv cVV;19.08.2022;-0,0076898340;-16.346,83;2,0641610336;1.512.491,03;-0,007675358;EUR
Muster offensiv cVV;20.08.2022;0;0;2,0641610336;1.512.491,03;0;EUR
Muster offensiv cVV;21.08.2022;0;0;2,0641610336;1.512.491,03;0;EUR
Muster offensiv cVV;22.08.2022;-0,0051522355;-10.868,26;2,0494353882;1.501.622,77;-0,013812207;EUR
Muster offensiv cVV;23.08.2022;-0,0052285106;-10.972,33;2,0345661033;1.490.650,45;-0,002819762;EUR
Muster offensiv cVV;24.08.2022;0,0071452473;14.916,31;2,0550320542;1.505.566,75;0,000811185;EUR
Muster offensiv cVV;25.08.2022;0,0044420311;9.339,37;2,0678874102;1.514.906,13;0,007051724;EUR
Muster offensiv cVV;26.08.2022;-0,0212735176;-44.926,27;2,0066661335;1.469.979,86;-0,020847521;EUR
Muster offensiv cVV;27.08.2022;0;0;2,0066661335;1.469.979,86;0;EUR
Muster offensiv cVV;28.08.2022;0;0;2,0066661335;1.469.979,86;0;EUR
Muster offensiv cVV;29.08.2022;-0,0111282422;-23.001,12;1,9753699652;1.446.978,74;-0,005950557;EUR
Muster offensiv cVV;30.08.2022;-0,0116578332;-23.827,60;1,9429421514;1.423.151,14;-0,001982967;EUR
Muster offensiv cVV;31.08.2022;-0,0065612075;-13.254,20;1,9249468824;1.409.896,94;-0,009387187;EUR
Muster offensiv cVV;01.09.2022;-0,0064441504;-12.932,32;1,9073891754;1.396.964,62;-0,004138089;EUR
Muster offensiv cVV;02.09.2022;0,0107096650;21.353,99;1,9366458998;1.418.318,61;0,009514884;EUR
Muster offensiv cVV;03.09.2022;0;0;1,9366458998;1.418.318,61;0;EUR
Muster offensiv cVV;04.09.2022;0;0;1,9366458998;1.418.318,61;0;EUR
Muster offensiv cVV;05.09.2022;-0,0075632542;-15.241,87;1,9159331276;1.403.076,74;-0,006192095;EUR
Muster offensiv cVV;06.09.2022;-0,0014139743;-2.827,96;1,9121705005;1.400.248,78;0,002009882;EUR
Muster offensiv cVV;07.09.2022;0,0088677233;17.710,47;1,9364560243;1.417.959,24;0,004194916;EUR
Muster offensiv cVV;08.09.2022;0,0066515001;13.402,06;1,9548598712;1.431.361,31;0,000865916;EUR
Muster offensiv cVV;09.09.2022;0,0072867008;14.779,58;1,9751469875;1.446.140,89;0,009035469;EUR
Muster offensiv cVV;10.09.2022;0;0;1,9751469875;1.446.140,89;0;EUR
Muster offensiv cVV;11.09.2022;0;0;1,9751469875;1.446.140,89;0;EUR
Muster offensiv cVV;12.09.2022;0,0051052896;10.430,49;1,9894958235;1.456.571,38;0,011504525;EUR
Muster offensiv cVV;13.09.2022;-0,0112262058;-23.053,08;1,9581093251;1.433.518,30;-0,016672833;EUR
Muster offensiv cVV;14.09.2022;-0,0061829015;-12.554,09;1,9410613253;1.420.964,21;-0,004160388;EUR
Muster offensiv cVV;15.09.2022;-0,0116449183;-23.498,26;1,9090608095;1.397.465,95;-0,006232762;EUR
Muster offensiv cVV;16.09.2022;-0,0085458095;-17.043,76;1,8858748010;1.380.422,19;-0,011641057;EUR
Muster offensiv cVV;17.09.2022;0,0000024579;4,86;1,8858814408;1.380.427,05;0;EUR
Muster offensiv cVV;18.09.2022;0,0000024579;4,86;1,8858880806;1.380.431,91;0;EUR
Muster offensiv cVV;19.09.2022;0,0004422229;874,44;1,8871799813;1.381.306,35;0,004027847;EUR
Muster offensiv cVV;20.09.2022;-0,0043355399;-8.576,74;1,8755588286;1.372.729,61;-0,008733989;EUR
Muster offensiv cVV;21.09.2022;0,0066378192;12.942,88;1,8933544666;1.385.672,48;0,001701746;EUR
Muster offensiv cVV;22.09.2022;-0,0186904366;-36.685,81;1,8433365254;1.348.986,67;-0,009854391;EUR
Muster offensiv cVV;23.09.2022;-0,0060553896;-11.663,44;1,8275067014;1.337.323,23;-0,011611083;EUR
Muster offensiv cVV;24.09.2022;0,0000023971;4,59;1,8275129726;1.337.327,82;0;EUR
Muster offensiv cVV;25.09.2022;0,0000023971;4,59;1,8275192439;1.337.332,41;0;EUR
Muster offensiv cVV;26.09.2022;-0,0052964285;-10.139,86;1,8137696508;1.327.192,55;-0,004958749;EUR
Muster offensiv cVV;27.09.2022;0,0006094446;1.160,58;1,8154627185;1.328.353,13;-0,003321559;EUR
Muster offensiv cVV;28.09.2022;0,0033815024;6.443,43;1,8243764216;1.334.796,56;0,007061908;EUR
Muster offensiv cVV;29.09.2022;-0,0188839526;-36.104,90;1,7751333817;1.298.691,66;-0,017429485;EUR
Muster offensiv cVV;30.09.2022;0,0047141012;8.842,86;1,7873255259;1.307.534,51;0,000651260;EUR
Muster offensiv cVV;01.10.2022;0,0000024553;4,63;1,7873318515;1.307.539,14;0;EUR
Muster offensiv cVV;02.10.2022;0,0000024553;4,63;1,7873381770;1.307.543,77;0;EUR
Muster offensiv cVV;03.10.2022;0,0091164083;17.181,54;1,8109308748;1.324.725,31;0,012431131;EUR
Muster offensiv cVV;04.10.2022;0,0212029363;40.325,11;1,8661659597;1.365.050,42;0,022302176;EUR
Muster offensiv cVV;05.10.2022;-0,0043009747;-8.353,31;1,8548551009;1.356.697,11;-0,004008244;EUR
Muster offensiv cVV;06.10.2022;-0,0000405575;-78,43;1,8548567991;1.356.618,68;-0,005129571;EUR
Muster offensiv cVV;07.10.2022;-0,0135353783;-26.174,14;1,8191765963;1.330.444,53;-0,014024457;EUR
Muster offensiv cVV;08.10.2022;0,0000024258;4,63;1,8191829237;1.330.449,16;0;EUR
Muster offensiv cVV;09.10.2022;0,0000024258;4,63;1,8191892511;1.330.453,79;0;EUR
Muster offensiv cVV;10.10.2022;-0,0081641117;-15.573,80;1,7979999761;1.314.879,99;-0,001285943;EUR
Muster offensiv cVV;11.10.2022;-0,0105039746;-19.873,72;1,7709279942;1.295.006,27;-0,004474230;EUR
Muster offensiv cVV;12.10.2022;-0,0039646351;-7.422,37;1,7608810626;1.287.583,89;-0,002891539;EUR
Muster offensiv cVV;13.10.2022;0,0015123677;2.820,15;1,7648412394;1.290.404,04;0,011676717;EUR
Muster offensiv cVV;14.10.2022;0,0032184622;6.010,62;1,7731655746;1.296.414,66;-0,004312616;EUR
Muster offensiv cVV;15.10.2022;0,0000024699;4,63;1,7731719038;1.296.419,28;0;EUR
Muster offensiv cVV;16.10.2022;0,0000024699;4,63;1,7731782330;1.296.423,91;0;EUR
Muster offensiv cVV;17.10.2022;0,0091453970;17.134,48;1,7967189896;1.313.558,39;0,012988760;EUR
Muster offensiv cVV;18.10.2022;0,0080425321;15.206,00;1,8176244605;1.328.764,39;0,006482046;EUR
Muster offensiv cVV;19.10.2022;-0,0129254719;-24.634,70;1,7840308094;1.304.129,68;-0,002629809;EUR
Muster offensiv cVV;20.10.2022;0,0030548908;5.747,07;1,7919974353;1.309.876,75;-0,003151874;EUR
Muster offensiv cVV;21.10.2022;-0,0031308507;-5.907,97;1,7840191478;1.303.968,79;0,005732868;EUR
Muster offensiv cVV;22.10.2022;0,0000024600;4,63;1,7840254789;1.303.973,42;0;EUR
Muster offensiv cVV;23.10.2022;0,0000024600;4,63;1,7840318100;1.303.978,04;0;EUR
Muster offensiv cVV;24.10.2022;0,0109423445;20.583,83;1,8122992859;1.324.561,88;0,008060285;EUR
Muster offensiv cVV;25.10.2022;0,0102048545;19.406,58;1,8389591654;1.343.968,46;0,008833434;EUR
Muster offensiv cVV;26.10.2022;0,0041155922;7.906,50;1,8498855484;1.351.874,96;0,000971916;EUR
Muster offensiv cVV;27.10.2022;-0,0011391525;-2.197,44;1,8469862630;1.349.677,51;0,002275347;EUR
Muster offensiv cVV;28.10.2022;0,0031352462;6.041,04;1,8553613155;1.355.718,56;0,007229285;EUR
Muster offensiv cVV;29.10.2022;0,0000023941;4,63;1,8553676485;1.355.723,19;0;EUR
Muster offensiv cVV;30.10.2022;0,0000023941;4,63;1,8553739814;1.355.727,81;0;EUR
Muster offensiv cVV;31.10.2022;0,0048782534;9.429,01;1,8683868088;1.365.156,83;0,000474182;EUR
Muster offensiv cVV;01.11.2022;-0,0007817868;-1.518,46;1,8664172370;1.363.638,37;0,003173156;EUR
Muster offensiv cVV;02.11.2022;-0,0050797906;-9.858,74;1,8530313345;1.353.779,62;-0,009389463;EUR
Muster offensiv cVV;03.11.2022;-0,0095652759;-18.469,77;1,8278564965;1.335.309,85;-0,005370947;EUR
Muster offensiv cVV;04.11.2022;0,0053173895;10.169,24;1,8418838340;1.345.479,09;0,009916201;EUR
Muster offensiv cVV;05.11.2022;0,0000060172;11,57;1,8418996709;1.345.490,66;0;EUR
Muster offensiv cVV;06.11.2022;0,0000060171;11,57;1,8419155079;1.345.502,23;0;EUR
Muster offensiv cVV;07.11.2022;0,0030711817;5.904,78;1,8501062839;1.351.407,01;0,001913788;EUR
Muster offensiv cVV;08.11.2022;0,0124885655;24.084,78;1,8831882138;1.375.491,78;0,005213545;EUR
Muster offensiv cVV;09.11.2022;0,0000575105;112,30;1,8834512567;1.375.604,08;-0,004828936;EUR
Muster offensiv cVV;10.11.2022;0,0280474312;54.769,43;1,9585541337;1.430.373,51;0,028422757;EUR
Muster offensiv cVV;11.11.2022;0,0051382508;10.315,10;1,9727925676;1.440.688,62;0,000750145;EUR
Muster offensiv cVV;12.11.2022;0,0000057333;11,57;1,9728084091;1.440.700,18;0;EUR
Muster offensiv cVV;13.11.2022;0,0000057332;11,57;1,9728242507;1.440.711,75;0;EUR
Muster offensiv cVV;14.11.2022;-0,0031222468;-6.300,23;1,9643109160;1.434.411,52;-0,000404894;EUR
Muster offensiv cVV;15.11.2022;0,0012450995;2.504,58;1,9678547069;1.436.916,11;0,004475685;EUR
Muster offensiv cVV;16.11.2022;-0,0148511289;-29.910,99;1,9270031875;1.407.005,11;-0,007205512;EUR
Muster offensiv cVV;17.11.2022;-0,0031700744;-6.289,89;1,9184997008;1.400.715,23;0,001282769;EUR
Muster offensiv cVV;18.11.2022;0,0069492586;13.744,62;1,9374371626;1.414.459,85;0,005899269;EUR
Muster offensiv cVV;19.11.2022;0,0000058088;11,57;1,9374530087;1.414.471,42;0;EUR
Muster offensiv cVV;20.11.2022;0,0000058087;11,57;1,9374688549;1.414.482,98;0;EUR
Muster offensiv cVV;21.11.2022;-0,0004350235;-866,40;1,9363940376;1.413.616,58;0,000835863;EUR
Muster offensiv cVV;22.11.2022;0,0053740568;10.698,43;1,9511616439;1.424.315,02;0,004575913;EUR
Muster offensiv cVV;23.11.2022;0,0022543705;4.512,02;1,9574556668;1.428.827,04;0,000222578;EUR
Muster offensiv cVV;24.11.2022;0,0087609201;17.574,11;1,9816461092;1.446.401,15;0,003921989;EUR
Muster offensiv cVV;25.11.2022;-0,0025765664;-5.213,79;1,9746168564;1.441.187,36;-0,001428166;EUR
Muster offensiv cVV;26.11.2022;0,0000057318;11,57;1,9746327071;1.441.198,93;0;EUR
Muster offensiv cVV;27.11.2022;0,0000057318;11,57;1,9746485578;1.441.210,50;0;EUR
Muster offensiv cVV;28.11.2022;-0,0073695527;-14.874,33;1,9543814440;1.426.336,16;-0,008553887;EUR
Muster offensiv cVV;29.11.2022;-0,0093654315;-18.763,41;1,9287827685;1.407.572,75;0,001100877;EUR
Muster offensiv cVV;30.11.2022;0,0095340206;18.922,28;1,9548243857;1.426.495,04;0,011032925;EUR
Muster offensiv cVV;01.12.2022;0,0086469166;17.325,26;1,9786802990;1.443.820,29;0,000324250;EUR
Muster offensiv cVV;02.12.2022;-0,0038875487;-7.856,58;1,9680265187;1.435.963,72;-0,000133929;EUR
Muster offensiv cVV;03.12.2022;0,0000072028;14,50;1,9680463912;1.435.978,22;0;EUR
Muster offensiv cVV;04.12.2022;0,0000072027;14,50;1,9680662637;1.435.992,72;0;EUR
Muster offensiv cVV;05.12.2022;-0,0064418314;-12.968,26;1,9504051038;1.423.024,46;-0,009051323;EUR
Muster offensiv cVV;06.12.2022;-0,0099662639;-19.934,16;1,9231937980;1.403.090,30;-0,005753177;EUR
Muster offensiv cVV;07.12.2022;-0,0042682203;-8.452,06;1,9117185454;1.394.638,25;-0,002970755;EUR
Muster offensiv cVV;08.12.2022;-0,0024184349;-4.768,62;1,9052913278;1.389.869,63;0,000684364;EUR
Muster offensiv cVV;09.12.2022;0,0052361670;10.299,59;1,9195206183;1.400.169,22;0,000679447;EUR
Muster offensiv cVV;10.12.2022;0,0000073332;14,50;1,9195404965;1.400.183,72;0;EUR
Muster offensiv cVV;11.12.2022;0,0000073331;14,50;1,9195603747;1.400.198,22;0;EUR
Muster offensiv cVV;12.12.2022;-0,0016375894;-3.238,07;1,9152311295;1.396.960,15;0,001756056;EUR
Muster offensiv cVV;13.12.2022;0,0096795562;19.108,41;1,9415400777;1.416.068,55;0,005849083;EUR
Muster offensiv cVV;14.12.2022;-0,0026767721;-5.335,36;1,9343357541;1.410.733,19;-0,002552745;EUR
Muster offensiv cVV;15.12.2022;-0,0194819978;-38.727,73;1,8813417711;1.372.005,47;-0,024172712;EUR
Muster offensiv cVV;16.12.2022;-0,0095207186;-18.557,26;1,8560016907;1.353.448,21;-0,006804429;EUR
Muster offensiv cVV;17.12.2022;0,0000086788;16,76;1,8560246673;1.353.464,96;0;EUR
Muster offensiv cVV;18.12.2022;0,0000086787;16,76;1,8560476438;1.353.481,72;0;EUR
Muster offensiv cVV;19.12.2022;-0,0027324600;-5.275,34;1,8489193146;1.348.206,37;-0,000273838;EUR
Muster offensiv cVV;20.12.2022;0,0004963477;955,64;1,8503357230;1.349.162,02;-0,003723329;EUR
Muster offensiv cVV;21.12.2022;0,0106612571;20.536,79;1,8786087400;1.369.698,81;0,011593729;EUR
Muster offensiv cVV;22.12.2022;-0,0074615985;-14.526,52;1,8587911339;1.355.172,28;-0,009377362;EUR
Muster offensiv cVV;23.12.2022;0,0007668843;1.481,86;1,8609299921;1.356.654,14;0,001250905;EUR
Muster offensiv cVV;24.12.2022;0,0000106851;20,66;1,8609583352;1.356.674,81;0;EUR
Muster offensiv cVV;25.12.2022;0,0000106850;20,66;1,8609866784;1.356.695,47;0;EUR
Muster offensiv cVV;26.12.2022;-0,0005334110;-1.031,53;1,8596779006;1.355.663,94;0,000041974;EUR
Muster offensiv cVV;27.12.2022;-0,0000291989;-56,44;1,8597066084;1.355.607,50;-0,001580527;EUR
Muster offensiv cVV;28.12.2022;-0,0052875813;-10.219,56;1,8457920673;1.345.387,95;-0,004258363;EUR
Muster offensiv cVV;29.12.2022;0,0086718332;16.671,83;1,8687713687;1.362.059,78;0,008175923;EUR
Muster offensiv cVV;30.12.2022;-0,0060782125;-11.786,86;1,8527051433;1.350.272,92;-0,006265214;EUR
Muster offensiv cVV;31.12.2022;0;0;1,8527051433;1.350.272,92;0;EUR
Muster offensiv cVV;01.01.2023;0,0000107204;20,66;1,8527334946;1.350.293,58;0;EUR
Muster offensiv cVV;02.01.2023;0,0013324317;2.568,17;1,8563630026;1.352.861,76;0,005551186;EUR
Muster offensiv cVV;03.01.2023;0,0038825511;7.493,33;1,8667514251;1.360.355,08;0,006757818;EUR
Muster offensiv cVV;04.01.2023;0,0036926254;7.154,44;1,8766759070;1.367.509,52;0,011131715;EUR
Muster offensiv cVV;05.01.2023;-0,0033915605;-6.595,39;1,8677310608;1.360.914,13;-0,003100692;EUR
Muster offensiv cVV;06.01.2023;0,0045561614;8.830,08;1,8799564097;1.369.744,21;0,010639676;EUR
Muster offensiv cVV;07.01.2023;0,0000106132;20,66;1,8799847691;1.369.764,88;0;EUR
Muster offensiv cVV;08.01.2023;0,0000106131;20,66;1,8800131284;1.369.785,54;0;EUR
Muster offensiv cVV;09.01.2023;-0,0009970353;-1.941,15;1,8774555876;1.367.844,39;0,001671856;EUR
Muster offensiv cVV;10.01.2023;-0,0009477488;-1.843,36;1,8750319381;1.366.001,03;0,000406516;EUR
Muster offensiv cVV;11.01.2023;0,0088364123;17.170,39;1,8987085219;1.383.171,42;0,008748336;EUR
Muster offensiv cVV;12.01.2023;0,0035316114;6.923,06;1,9083202064;1.390.094,47;0,004405914;EUR
Muster offensiv cVV;13.01.2023;0,0044551380;8.764,30;1,9204607209;1.398.858,77;0,002354282;EUR
Muster offensiv cVV;14.01.2023;0,0000104569;20,66;1,9204890883;1.398.879,43;0;EUR
Muster offensiv cVV;15.01.2023;0,0000104567;20,66;1,9205174556;1.398.900,10;0;EUR
Muster offensiv cVV;16.01.2023;0,0028101881;5.553,04;1,9282503826;1.404.453,14;0,001395584;EUR
Muster offensiv cVV;17.01.2023;0,0015133192;2.998,78;1,9324770444;1.407.451,92;0,003440226;EUR
Muster offensiv cVV;18.01.2023;-0,0061339310;-12.173,34;1,9158711246;1.395.278,58;-0,003662434;EUR
Muster offensiv cVV;19.01.2023;-0,0084808052;-16.727,69;1,8930092930;1.378.550,88;-0,009571043;EUR
Muster offensiv cVV;20.01.2023;0,0026248499;5.133,39;1,9001658880;1.383.684,28;0,006008191;EUR
Muster offensiv cVV;21.01.2023;0,0000105378;20,66;1,9001942634;1.383.704,94;0;EUR
Muster offensiv cVV;22.01.2023;0,0000105377;20,66;1,9002226388;1.383.725,60;0;EUR
Muster offensiv cVV;23.01.2023;0,0050618951;9.925,69;1,9139614589;1.393.651,30;0,004461340;EUR
Muster offensiv cVV;24.01.2023;-0,0003350969;-660,41;1,9131626070;1.392.990,89;-0,000071604;EUR
Muster offensiv cVV;25.01.2023;-0,0014148002;-2.787,34;1,9094422649;1.390.203,55;-0,000798033;EUR
Muster offensiv cVV;26.01.2023;0,0018441463;3.628,07;1,9145334936;1.393.831,62;0,005414558;EUR
Muster offensiv cVV;27.01.2023;-0,0015119209;-2.979,95;1,9105481095;1.390.851,66;0,001779847;EUR
Muster offensiv cVV;28.01.2023;0,0000104994;20,66;1,9105764929;1.390.872,33;0;EUR
Muster offensiv cVV;29.01.2023;0,0000104993;20,66;1,9106048764;1.390.892,99;0;EUR
Muster offensiv cVV;30.01.2023;-0,0037021643;-7.285,98;1,9007036655;1.383.607,01;-0,005980904;EUR
Muster offensiv cVV;31.01.2023;0,0009843025;1.929,97;1,9034622227;1.385.536,98;0,004187874;EUR
Muster offensiv cVV;01.02.2023;-0,0018000803;-3.532,97;1,8987155744;1.382.004,00;0,002462212;EUR
Muster offensiv cVV;02.02.2023;0,0120836950;23.673,69;1,9313492847;1.405.677,69;0,015758288;EUR
Muster offensiv cVV;03.02.2023;0,0005504631;1.091,47;1,9329577257;1.406.769,16;-0,002723458;EUR
Muster offensiv cVV;04.02.2023;0,0000104152;20,66;1,9329861171;1.406.789,82;0;EUR
Muster offensiv cVV;05.02.2023;0,0000104151;20,66;1,9330145085;1.406.810,49;0;EUR
Muster offensiv cVV;06.02.2023;0,0002834070;562,27;1,9338958883;1.407.372,75;-0,003381903;EUR
Muster offensiv cVV;07.02.2023;0,0029582853;5.870,75;1,9420722048;1.413.243,50;0,004192813;EUR
Muster offensiv cVV;08.02.2023;-0,0008789376;-1.749,42;1,9397771867;1.411.494,08;-0,002048494;EUR
Muster offensiv cVV;09.02.2023;-0,0046507209;-9.248,58;1,9271753901;1.402.245,50;0,000440854;EUR
Muster offensiv cVV;10.02.2023;-0,0007385302;-1.461,84;1,9252744262;1.400.783,67;-0,003890797;EUR
Muster offensiv cVV;11.02.2023;0,0000087260;17,26;1,9252981479;1.400.800,93;0;EUR
Muster offensiv cVV;12.02.2023;0,0000087259;17,26;1,9253218696;1.400.818,19;0;EUR
Muster offensiv cVV;13.02.2023;0,0033836650;6.692,75;1,9346291381;1.407.510,93;0,003972068;EUR
Muster offensiv cVV;14.02.2023;-0,0049095868;-9.743,81;1,9213440143;1.397.767,12;-0,000723817;EUR
Muster offensiv cVV;15.02.2023;0,0016083393;3.176,32;1,9258181037;1.400.943,44;0,004665791;EUR
Muster offensiv cVV;16.02.2023;-0,0042946237;-8.495,12;1,9142474987;1.392.448,32;-0,002692650;EUR
Muster offensiv cVV;17.02.2023;-0,0020590482;-4.055,48;1,9087792161;1.388.392,84;-0,002139207;EUR
Muster offensiv cVV;18.02.2023;0,0000087810;17,26;1,9088029444;1.388.410,10;0;EUR
Muster offensiv cVV;19.02.2023;0,0000087809;17,26;1,9088266728;1.388.427,36;0;EUR
Muster offensiv cVV;20.02.2023;0,0020446513;4.018,90;1,9144590906;1.392.446,26;-0,000529505;EUR
Muster offensiv cVV;21.02.2023;-0,0049459884;-9.741,55;1,9011719371;1.382.704,71;-0,008511749;EUR
Muster offensiv cVV;22.02.2023;-0,0035062003;-6.871,61;1,8918295316;1.375.833,11;0,000956515;EUR
Muster offensiv cVV;23.02.2023;-0,0017879887;-3.491,89;1,8871335339;1.372.341,22;0,004245230;EUR
Muster offensiv cVV;24.02.2023;-0,0053347220;-10.399,94;1,8729370361;1.361.941,28;-0,009588609;EUR
Muster offensiv cVV;25.02.2023;0,0000138253;26,81;1,8729739028;1.361.968,09;0;EUR
Muster offensiv cVV;26.02.2023;0,0000138251;26,81;1,8730107696;1.361.994,90;0;EUR
Muster offensiv cVV;27.02.2023;0,0023620284;4.580,29;1,8794145390;1.366.575,19;0,003864416;EUR
Muster offensiv cVV;28.02.2023;-0,0038388190;-7.461,57;1,8692571958;1.359.113,62;-0,002295324;EUR
Muster offensiv cVV;01.03.2023;-0,0052559973;-10.176,94;1,8553638665;1.348.936,68;-0,005764258;EUR
Muster offensiv cVV;02.03.2023;0,0050368705;9.701,39;1,8688116527;1.358.638,07;0,004491603;EUR
Muster offensiv cVV;03.03.2023;0,0067681083;13.101,55;1,8869380691;1.371.739,62;0,011724202;EUR
Muster offensiv cVV;04.03.2023;0,0000137558;26,81;1,8869749462;1.371.766,43;0;EUR
Muster offensiv cVV;05.03.2023;0,0000137556;26,81;1,8870118232;1.371.793,24;0;EUR
Muster offensiv cVV;06.03.2023;0,0005568843;1.085,33;1,8886100101;1.372.878,57;-0,000211391;EUR
Muster offensiv cVV;07.03.2023;-0,0032170505;-6.223,24;1,8801645494;1.366.655,33;-0,004142422;EUR
Muster offensiv cVV;08.03.2023;-0,0018474503;-3.562,31;1,8753789626;1.363.093,01;0,003354841;EUR
Muster offensiv cVV;09.03.2023;-0,0035231954;-6.780,99;1,8661641156;1.356.312,03;-0,004936524;EUR
Muster offensiv cVV;10.03.2023;-0,0092963915;-17.829,45;1,8417454487;1.338.482,58;-0,011495418;EUR
Muster offensiv cVV;11.03.2023;0,0000135973;25,84;1,8417809985;1.338.508,41;0;EUR
Muster offensiv cVV;12.03.2023;0,0000135971;25,84;1,8418165483;1.338.534,25;0;EUR
Muster offensiv cVV;13.03.2023;-0,0042025346;-7.985,28;1,8309411808;1.330.548,96;-0,012334776;EUR
Muster offensiv cVV;14.03.2023;0,0071291953;13.489,34;1,8496170169;1.344.038,30;0,008981831;EUR
Muster offensiv cVV;15.03.2023;-0,0110075612;-20.976,18;1,8208619748;1.323.062,12;-0,006760917;EUR
Muster offensiv cVV;16.03.2023;0,0087330354;16.458,62;1,8436260851;1.339.520,74;0,007114668;EUR
Muster offensiv cVV;17.03.2023;-0,0065979057;-12.543,26;1,8264742364;1.326.977,48;-0,007392789;EUR
Muster offensiv cVV;18.03.2023;0,0000137421;25,95;1,8265099581;1.327.003,43;0;EUR
Muster offensiv cVV;19.03.2023;0,0000137419;25,95;1,8265456798;1.327.029,38;0;EUR
Muster offensiv cVV;20.03.2023;0,0047077599;8.891,11;1,8388961115;1.335.920,49;0,004429547;EUR
Muster offensiv cVV;21.03.2023;0,0023873960;4.530,08;1,8452446668;1.340.450,57;0,008287605;EUR
Muster offensiv cVV;22.03.2023;-0,0034340969;-6.531,75;1,8363654590;1.333.918,82;-0,004347669;EUR
Muster offensiv cVV;23.03.2023;0,0012029141;2.280,12;1,8396168747;1.336.198,94;-0,000147886;EUR
Muster offensiv cVV;24.03.2023;0,0006355948;1.206,22;1,8413900380;1.337.405,16;-0,001470874;EUR
Muster offensiv cVV;25.03.2023;0,0000167106;31,73;1,8414337294;1.337.436,89;0;EUR
Muster offensiv cVV;26.03.2023;0,0000167103;31,73;1,8414774209;1.337.468,62;0;EUR
Muster offensiv cVV;27.03.2023;0,0038678009;7.345,13;1,8517035517;1.344.813,75;0,003925008;EUR
Muster offensiv cVV;28.03.2023;-0,0025689120;-4.897,35;1,8450728999;1.339.916,40;-0,002004240;EUR
Muster offensiv cVV;29.03.2023;0,0080930846;15.388,95;1,8663774373;1.355.305,35;0,009381370;EUR
Muster offensiv cVV;30.03.2023;0,0022419684;4.297,59;1,8724097826;1.359.602,94;0,004514725;EUR
Muster offensiv cVV;31.03.2023;0,0050587965;9.718,86;1,8859092881;1.369.321,80;0,009246378;EUR
Muster offensiv cVV;01.04.2023;0,0000167117;32,27;1,8859537302;1.369.354,07;0;EUR
Muster offensiv cVV;02.04.2023;0,0000167114;32,27;1,8859981724;1.369.386,34;0;EUR
Muster offensiv cVV;03.04.2023;0,0034052072;6.575,33;1,8951695536;1.375.961,67;0,000616304;EUR
Muster offensiv cVV;04.04.2023;-0,0015228575;-2.950,60;1,8912207341;1.373.011,07;-0,002992740;EUR
Muster offensiv cVV;05.04.2023;0,0033028864;6.389,73;1,9001377529;1.379.400,80;-0,000605137;EUR
Muster offensiv cVV;06.04.2023;0,0056608364;10.987,56;1,9153897398;1.390.388,36;0,002321383;EUR
Muster offensiv cVV;07.04.2023;0,0003779207;737,69;1,9165225072;1.391.126,05;0,000037599;EUR
Muster offensiv cVV;08.04.2023;0,0000136626;26,68;1,9165592623;1.391.152,72;0;EUR
Muster offensiv cVV;09.04.2023;0,0000136624;26,68;1,9165960173;1.391.179,40;0;EUR
Muster offensiv cVV;10.04.2023;0,0012275571;2.397,12;1,9200151648;1.393.576,52;0,002354589;EUR
Muster offensiv cVV;11.04.2023;0,0009984660;1.952,15;1,9228215717;1.395.528,68;-0,001162129;EUR
Muster offensiv cVV;12.04.2023;-0,0008367439;-1.637,60;1,9206818377;1.393.891,08;-0,001965612;EUR
Muster offensiv cVV;13.04.2023;0,0037669672;7.366,18;1,9309490984;1.401.257,27;0,002956806;EUR
Muster offensiv cVV;14.04.2023;0,0006808826;1.336,46;1,9329080058;1.402.593,73;0,002158591;EUR
Muster offensiv cVV;15.04.2023;0,0000135828;26,68;1,9329447721;1.402.620,41;0;EUR
Muster offensiv cVV;16.04.2023;0,0000135826;26,68;1,9329815383;1.402.647,08;0;EUR
Muster offensiv cVV;17.04.2023;0,0002552168;501,30;1,9337896292;1.403.148,39;0,002519870;EUR
Muster offensiv cVV;18.04.2023;0,0017644486;3.466,66;1,9386847918;1.406.615,05;0,002071329;EUR
Muster offensiv cVV;19.04.2023;-0,0016527430;-3.252,92;1,9343185879;1.403.362,13;-0,000522331;EUR
Muster offensiv cVV;20.04.2023;-0,0036210579;-7.115,16;1,9246279626;1.396.246,97;-0,003837426;EUR
Muster offensiv cVV;21.04.2023;-0,0018003576;-3.524,78;1,9198854803;1.392.722,19;0,001972137;EUR
Muster offensiv cVV;22.04.2023;0,0000136514;26,68;1,9199222577;1.392.748,87;0;EUR
Muster offensiv cVV;23.04.2023;0,0000136513;26,68;1,9199590350;1.392.775,54;0;EUR
Muster offensiv cVV;24.04.2023;-0,0015416079;-3.012,85;1,9159216770;1.389.762,70;-0,001667429;EUR
Muster offensiv cVV;25.04.2023;-0,0019096988;-3.726,47;1,9108999070;1.386.036,23;-0,001611141;EUR
Muster offensiv cVV;26.04.2023;-0,0101759658;-19.818,85;1,8836898965;1.366.217,38;-0,005134181;EUR
Muster offensiv cVV;27.04.2023;0,0063064731;12.157,58;1,9005671196;1.378.374,96;0,005332650;EUR
Muster offensiv cVV;28.04.2023;0,0042492124;8.243,27;1,9120487542;1.386.618,23;0,006083799;EUR
Muster offensiv cVV;29.04.2023;0,0000136942;26,68;1,9120855426;1.386.644,91;0;EUR
Muster offensiv cVV;30.04.2023;0,0000136940;26,68;1,9121223311;1.386.671,59;0;EUR
Muster offensiv cVV;01.05.2023;0,0033483136;6.523,35;1,9212335019;1.393.194,94;0,001722667;EUR
Muster offensiv cVV;02.05.2023;-0,0034128262;-6.671,30;1,9121490292;1.386.523,64;-0,007703916;EUR
Muster offensiv cVV;03.05.2023;0,0025294552;4.927,63;1,9190604017;1.391.451,28;-0,001339987;EUR
Muster offensiv cVV;04.05.2023;-0,0002255304;-440,47;1,9185685271;1.391.010,81;-0,001303410;EUR
Muster offensiv cVV;05.05.2023;0,0066525079;12.989,61;1,9366012402;1.404.000,42;0,010158065;EUR
Muster offensiv cVV;06.05.2023;0,0000158341;31,12;1,9366441699;1.404.031,54;0;EUR
Muster offensiv cVV;07.05.2023;0,0000158339;31,12;1,9366870996;1.404.062,66;0;EUR
Muster offensiv cVV;08.05.2023;0,0021383714;4.203,27;1,9426018030;1.408.265,93;-0,000068446;EUR
Muster offensiv cVV;09.05.2023;0,0031806254;6.265,33;1,9513617980;1.414.531,26;0,000429159;EUR
Muster offensiv cVV;10.05.2023;-0,0000137044;-27,08;1,9514418057;1.414.504,18;-0,000448706;EUR
Muster offensiv cVV;11.05.2023;0,0040970692;8.096,14;1,9627291864;1.422.600,32;0,000216743;EUR
Muster offensiv cVV;12.05.2023;0,0055715918;11.055,03;1,9781004123;1.433.655,35;0,002721303;EUR
Muster offensiv cVV;13.05.2023;0,0000173932;34,70;1,9781482949;1.433.690,05;0;EUR
Muster offensiv cVV;14.05.2023;0,0000173929;34,70;1,9781961775;1.433.724,76;0;EUR
Muster offensiv cVV;15.05.2023;0,0001953145;389,71;1,9788527320;1.434.114,47;0,001073822;EUR
Muster offensiv cVV;16.05.2023;-0,0034981409;-6.981,21;1,9693379768;1.427.133,26;-0,003250586;EUR
Muster offensiv cVV;17.05.2023;-0,0004101022;-815,57;1,9683306471;1.426.317,68;0,005120705;EUR
Muster offensiv cVV;18.05.2023;0,0040214613;7.994,24;1,9794814856;1.434.311,93;0,008335137;EUR
Muster offensiv cVV;19.05.2023;0,0057749479;11.526,16;1,9955082532;1.445.838,08;0,002501368;EUR
Muster offensiv cVV;20.05.2023;0,0000172877;34,70;1,9955561502;1.445.872,79;0;EUR
Muster offensiv cVV;21.05.2023;0,0000172874;34,70;1,9956040471;1.445.907,49;0;EUR
Muster offensiv cVV;22.05.2023;-0,0010950419;-2.198,28;1,9926894329;1.443.709,21;-0,001203920;EUR
Muster offensiv cVV;23.05.2023;-0,0051263974;-10.279,89;1,9786190336;1.433.429,31;-0,004863148;EUR
Muster offensiv cVV;24.05.2023;-0,0077130800;-15.387,64;1,9574960356;1.418.041,67;-0,010378260;EUR
Muster offensiv cVV;25.05.2023;-0,0024986436;-4.946,36;1,9507846865;1.413.095,31;0,000708260;EUR
Muster offensiv cVV;26.05.2023;0,0053011777;10.468,09;1,9653534675;1.423.563,40;0,008906612;EUR
Muster offensiv cVV;27.05.2023;0,0000175173;34,77;1,9654014764;1.423.598,17;0;EUR
Muster offensiv cVV;28.05.2023;0,0000175170;34,77;1,9654494853;1.423.632,95;0;EUR
Muster offensiv cVV;29.05.2023;0,0004104570;814,84;1,9666920064;1.424.447,79;0,000488428;EUR
Muster offensiv cVV;30.05.2023;-0,0055524120;-11.027,23;1,9515836454;1.413.420,56;-0,001166318;EUR
Muster offensiv cVV;31.05.2023;0,0003479714;687,24;1,9526491665;1.414.107,80;-0,005670744;EUR
Muster offensiv cVV;01.06.2023;0,0071976582;14.220,31;1,9724027910;1.428.328,11;0,006472760;EUR
Muster offensiv cVV;02.06.2023;0,0116588229;23.199,95;2,0045596009;1.451.528,06;0,009803011;EUR
Muster offensiv cVV;03.06.2023;0,0000172739;34,77;2,0046076241;1.451.562,84;0;EUR
Muster offensiv cVV;04.06.2023;0,0000172736;34,77;2,0046556473;1.451.597,61;0;EUR
Muster offensiv cVV;05.06.2023;-0,0012638724;-2.544,40;2,0012611807;1.449.053,21;-0,002659306;EUR
Muster offensiv cVV;06.06.2023;0,0029162432;5.863,49;2,0094789136;1.454.916,70;0,002570009;EUR
Muster offensiv cVV;07.06.2023;-0,0059160065;-11.929,59;1,9931209348;1.442.987,11;-0,003435010;EUR
Muster offensiv cVV;08.06.2023;-0,0000208904;-41,88;1,9931817867;1.442.945,23;0,000833419;EUR
Muster offensiv cVV;09.06.2023;0,0041691606;8.357,18;2,0048451260;1.451.302,41;0,000321842;EUR
Muster offensiv cVV;10.06.2023;0,0000122531;24,66;2,0048791970;1.451.327,07;0;EUR
Muster offensiv cVV;11.06.2023;0,0000122529;24,66;2,0049132681;1.451.351,74;0;EUR
Muster offensiv cVV;12.06.2023;0,0024554504;4.942,65;2,0118607879;1.456.294,39;0,006689436;EUR
Muster offensiv cVV;13.06.2023;0,0032144980;6.486,44;2,0209419426;1.462.780,83;0,003652316;EUR
Muster offensiv cVV;14.06.2023;-0,0006044567;-1.223,64;2,0193714225;1.461.557,19;0,001000825;EUR
Muster offensiv cVV;15.06.2023;-0,0018210888;-3.684,31;2,0144006462;1.457.872,89;0,000025505;EUR
Muster offensiv cVV;16.06.2023;0,0011572326;2.336,97;2,0177495519;1.460.209,86;0,000895115;EUR
Muster offensiv cVV;17.06.2023;0,0000122132;24,69;2,0177836727;1.460.234,55;0;EUR
Muster offensiv cVV;18.06.2023;0,0000122131;24,69;2,0178177934;1.460.259,24;0;EUR
Muster offensiv cVV;19.06.2023;-0,0058128256;-11.752,58;2,0016966288;1.448.506,66;-0,004920020;EUR
Muster offensiv cVV;20.06.2023;-0,0031725236;-6.377,04;1,9930024122;1.442.129,62;-0,002229047;EUR
Muster offensiv cVV;21.06.2023;-0,0052589477;-10.537,39;1,9785572156;1.431.592,23;-0,005671272;EUR
Muster offensiv cVV;22.06.2023;-0,0008623740;-1.718,86;1,9762987735;1.429.873,38;-0,001459651;EUR
Muster offensiv cVV;23.06.2023;-0,0032715453;-6.515,12;1,9674104560;1.423.358,26;-0,003142924;EUR
Muster offensiv cVV;24.06.2023;0,0000135212;26,84;1,9674475533;1.423.385,09;0;EUR
Muster offensiv cVV;25.06.2023;0,0000135210;26,84;1,9674846506;1.423.411,93;0;EUR
Muster offensiv cVV;26.06.2023;-0,0043527737;-8.640,21;1,9556576860;1.414.771,72;-0,001829388;EUR
Muster offensiv cVV;27.06.2023;-0,0006841516;-1.352,12;1,9539042740;1.413.419,60;0,002015996;EUR
Muster offensiv cVV;28.06.2023;0,0055551660;10.971,43;1,9691876258;1.424.391,04;0,005064623;EUR
Muster offensiv cVV;29.06.2023;0,0040333063;8.010,02;1,9803783917;1.432.401,06;0,000733071;EUR
Muster offensiv cVV;30.06.2023;0,0068058538;13.570,72;1,9992588756;1.445.971,78;0,008202001;EUR
Muster offensiv cVV;01.07.2023;0,0000133977;26,90;1,9992960639;1.445.998,68;0;EUR
Muster offensiv cVV;02.07.2023;0,0000133975;26,90;1,9993332522;1.446.025,57;0;EUR
Muster offensiv cVV;03.07.2023;0,0000588676;118,18;1,9996147841;1.446.143,76;-0,001162175;EUR
Muster offensiv cVV;04.07.2023;0,0019736369;3.962,51;2,0052122397;1.450.106,27;-0,000704501;EUR
Muster offensiv cVV;05.07.2023;-0,0040402417;-8.127,69;1,9940909347;1.441.978,58;-0,002626377;EUR
Muster offensiv cVV;06.07.2023;-0,0145549772;-29.161,71;1,9538789012;1.412.816,87;-0,015590781;EUR
Muster offensiv cVV;07.07.2023;-0,0035984268;-7.104,71;1,9441679561;1.405.712,16;-0,000719284;EUR
Muster offensiv cVV;08.07.2023;0,0000137926;27,13;1,9442054837;1.405.739,29;0;EUR
Muster offensiv cVV;09.07.2023;0,0000137924;27,13;1,9442430113;1.405.766,43;0;EUR
Muster offensiv cVV;10.07.2023;-0,0025780865;-5.071,98;1,9373423955;1.400.694,45;0,001551235;EUR
Muster offensiv cVV;11.07.2023;0,0065410423;12.835,30;1,9552104653;1.413.529,75;0,005121033;EUR
Muster offensiv cVV;12.07.2023;0,0047736872;9.428,54;1,9683680336;1.422.958,29;0,006583501;EUR
Muster offensiv cVV;13.07.2023;0,0051796181;10.279,14;1,9827037787;1.433.237,43;0,005447218;EUR
Muster offensiv cVV;14.07.2023;0,0034894516;6.960,81;1,9924503916;1.440.198,23;-0,002786657;EUR
Muster offensiv cVV;15.07.2023;0,0000135550;27,13;1,9924879303;1.440.225,37;0;EUR
Muster offensiv cVV;16.07.2023;0,0000135548;27,13;1,9925254690;1.440.252,50;0;EUR
Muster offensiv cVV;17.07.2023;-0,0009953273;-1.992,48;1,9898859701;1.438.260,03;0,000153772;EUR
Muster offensiv cVV;18.07.2023;0,0073203890;14.639,59;2,0102585249;1.452.899,61;0,005047072;EUR
Muster offensiv cVV;19.07.2023;-0,0005217591;-1.051,07;2,0089222548;1.451.848,54;0,001566314;EUR
Muster offensiv cVV;20.07.2023;0,0031202625;6.282,42;2,0177337064;1.458.130,96;0,000701763;EUR
Muster offensiv cVV;21.07.2023;-0,0006824716;-1.378,39;2,0159446253;1.456.752,56;0,000676761;EUR
Muster offensiv cVV;22.07.2023;0,0000107293;21,66;2,0159745932;1.456.774,22;0;EUR
Muster offensiv cVV;23.07.2023;0,0000107292;21,66;2,0160045611;1.456.795,88;0;EUR
Muster offensiv cVV;24.07.2023;0,0028944244;5.842,03;2,0242078652;1.462.637,90;0,003187638;EUR
Muster offensiv cVV;25.07.2023;0,0020613684;4.172,65;2,0301016132;1.466.810,56;0,002494180;EUR
Muster offensiv cVV;26.07.2023;-0,0054643909;-11.083,90;2,0148793052;1.455.726,65;-0,003240919;EUR
Muster offensiv cVV;27.07.2023;0,0068823508;13.883,79;2,0342151018;1.469.610,45;0,007981480;EUR
Muster offensiv cVV;28.07.2023;0,0002543484;516,63;2,0350493688;1.470.127,07;0,003084704;EUR
Muster offensiv cVV;29.07.2023;0,0000116431;23,66;2,0350821140;1.470.150,73;0;EUR
Muster offensiv cVV;30.07.2023;0,0000116429;23,66;2,0351148592;1.470.174,39;0;EUR
Muster offensiv cVV;31.07.2023;0,0018712142;3.801,84;2,0404970457;1.473.976,23;0,000832292;EUR
Muster offensiv cVV;01.08.2023;-0,0040972606;-8.340,19;2,0290700053;1.465.636,03;-0,005532739;EUR
Muster offensiv cVV;02.08.2023;-0,0121128155;-24.555,26;1,9951916337;1.441.080,78;-0,008873489;EUR
Muster offensiv cVV;03.08.2023;-0,0061999780;-12.416,44;1,9781165532;1.428.664,34;-0,004696235;EUR
Muster offensiv cVV;04.08.2023;-0,0037545685;-7.472,50;1,9678851500;1.421.191,84;-0,002140059;EUR
Muster offensiv cVV;05.08.2023;0,0000114597;22,72;1,9679166124;1.421.214,56;0;EUR
Muster offensiv cVV;06.08.2023;0,0000114596;22,72;1,9679480749;1.421.237,29;0;EUR
Muster offensiv cVV;07.08.2023;0,0049259227;9.767,19;1,9815881354;1.431.004,48;0,002884402;EUR
Muster offensiv cVV;08.08.2023;0,0022080603;4.364,32;1,9877592362;1.435.368,79;-0,003020733;EUR
Muster offensiv cVV;09.08.2023;0,0008188172;1.622,00;1,9901331378;1.436.990,79;-0,001192203;EUR
Muster offensiv cVV;10.08.2023;0,0013027297;2.582,70;1,9938378615;1.439.573,49;0,003032111;EUR
Muster offensiv cVV;11.08.2023;0,0006970867;1.383,79;1,9958823832;1.440.957,28;-0,004612744;EUR
Muster offensiv cVV;12.08.2023;0,0000077051;15,31;1,9959035838;1.440.972,59;0;EUR
Muster offensiv cVV;13.08.2023;0,0000077050;15,31;1,9959247845;1.440.987,89;0;EUR
Muster offensiv cVV;14.08.2023;0,0023623907;4.692,94;2,0025533303;1.445.680,84;0,004357730;EUR
Muster offensiv cVV;15.08.2023;-0,0051527111;-10.260,16;1,9884683322;1.435.420,68;-0,008486783;EUR
Muster offensiv cVV;16.08.2023;-0,0014468290;-2.866,10;1,9846250020;1.432.554,57;-0,000845606;EUR
Muster offensiv cVV;17.08.2023;-0,0050193806;-9.928,78;1,9709960281;1.422.625,79;-0,005452189;EUR
Muster offensiv cVV;18.08.2023;-0,0037021262;-7.286,38;1,9610264334;1.415.339,41;-0,001752473;EUR
Muster offensiv cVV;19.08.2023;0,0000079150;15,52;1,9610479378;1.415.354,93;0;EUR
Muster offensiv cVV;20.08.2023;0,0000079150;15,52;1,9610694421;1.415.370,45;0;EUR
Muster offensiv cVV;21.08.2023;0,0003915120;767,72;1,9622585944;1.416.138,17;0,001123366;EUR
Muster offensiv cVV;22.08.2023;0,0056588772;11.100,87;1,9777667799;1.427.239,03;0,003984828;EUR
Muster offensiv cVV;23.08.2023;0,0065326739;12.887,49;1,9957528128;1.440.126,52;0,005801270;EUR
Muster offensiv cVV;24.08.2023;-0,0022099616;-4.388,24;1,9897985424;1.435.738,29;-0,006196076;EUR
Muster offensiv cVV;25.08.2023;0,0002557949;506,80;1,9906279378;1.436.245,09;0,002855599;EUR
Muster offensiv cVV;26.08.2023;0,0000049404;9,79;1,9906415078;1.436.254,88;0;EUR
Muster offensiv cVV;27.08.2023;0,0000049404;9,79;1,9906550777;1.436.264,67;0;EUR
Muster offensiv cVV;28.08.2023;0,0059029309;11.698,43;2,0069970382;1.447.963,10;0,005488103;EUR
Muster offensiv cVV;29.08.2023;0,0066441568;13.245,11;2,0254849896;1.461.208,21;0,008191648;EUR
Muster offensiv cVV;30.08.2023;-0,0035927402;-7.209,71;2,0156195368;1.453.998,50;-0,002469942;EUR
Muster offensiv cVV;31.08.2023;0,0033940298;6.786,48;2,0251563402;1.460.784,98;0,004378328;EUR
Muster offensiv cVV;01.09.2023;0,0019464497;3.905,20;2,0306995863;1.464.690,18;-0,000974863;EUR
Muster offensiv cVV;02.09.2023;0,0000048705;9,79;2,0307131605;1.464.699,97;0;EUR
Muster offensiv cVV;03.09.2023;0,0000048704;9,79;2,0307267348;1.464.709,76;0;EUR
Muster offensiv cVV;04.09.2023;-0,0020310540;-4.082,92;2,0251949015;1.460.626,85;-0,000016020;EUR
Muster offensiv cVV;05.09.2023;-0,0002132864;-427,89;2,0247304061;1.460.198,96;-0,000871176;EUR
Muster offensiv cVV;06.09.2023;-0,0050283172;-10.085,47;2,0108736108;1.450.113,49;-0,003592089;EUR
Muster offensiv cVV;07.09.2023;0,0016076825;3.208,37;2,0154507318;1.453.321,86;-0,001162968;EUR
Muster offensiv cVV;08.09.2023;0,0015597065;3.117,63;2,0199025236;1.456.439,49;0,000847184;EUR
Muster offensiv cVV;09.09.2023;0,0000048905;9,79;2,0199161021;1.456.449,28;0;EUR
Muster offensiv cVV;10.09.2023;0,0000048905;9,79;2,0199296807;1.456.459,07;0;EUR
Muster offensiv cVV;11.09.2023;-0,0019086603;-3.821,13;2,0147581593;1.452.637,95;0,002635174;EUR
Muster offensiv cVV;12.09.2023;-0,0032941963;-6.582,37;2,0057559178;1.446.055,57;-0,002693856;EUR
Muster offensiv cVV;13.09.2023;0,0014915584;2.970,57;2,0100037541;1.449.026,15;-0,002600079;EUR
Muster offensiv cVV;14.09.2023;0,0128751483;25.680,27;2,0457556142;1.474.706,42;0,010383009;EUR
Muster offensiv cVV;15.09.2023;-0,0026819978;-5.418,28;2,0383683879;1.469.288,13;-0,001250294;EUR
Muster offensiv cVV;16.09.2023;0,0000049018;9,88;2,0383820893;1.469.298,01;0;EUR
Muster offensiv cVV;17.09.2023;0,0000049017;9,88;2,0383957906;1.469.307,89;0;EUR
Muster offensiv cVV;18.09.2023;-0,0060529533;-12.195,75;2,0216044724;1.457.112,14;-0,005385178;EUR
Muster offensiv cVV;19.09.2023;-0,0000485451;-97,22;2,0215975842;1.457.014,92;-0,002858322;EUR
Muster offensiv cVV;20.09.2023;0,0027838154;5.574,73;2,0294609131;1.462.589,65;0,000272252;EUR
Muster offensiv cVV;21.09.2023;-0,0136777793;-27.466,69;1,9914746462;1.435.122,96;-0,009594331;EUR
Muster offensiv cVV;22.09.2023;-0,0022665320;-4.489,22;1,9853706189;1.430.633,74;-0,000960761;EUR
Muster offensiv cVV;23.09.2023;0,0000053011;10,48;1,9853851568;1.430.644,21;0;EUR
Muster offensiv cVV;24.09.2023;0,0000053011;10,48;1,9853996947;1.430.654,69;0;EUR
Muster offensiv cVV;25.09.2023;-0,0003093633;-611,36;1,9846767016;1.430.043,33;-0,000967778;EUR
Muster offensiv cVV;26.09.2023;-0,0089990431;-17.778,31;1,9601269972;1.412.265,01;-0,008551817;EUR
Muster offensiv cVV;27.09.2023;-0,0008881336;-1.738,79;1,9578372958;1.410.526,22;0,000849384;EUR
Muster offensiv cVV;28.09.2023;-0,0008288560;-1.621,29;1,9557103363;1.408.904,93;0,001601072;EUR
Muster offensiv cVV;29.09.2023;0,0006778216;1.324,76;1,9576727406;1.410.229,69;0,002089159;EUR
Muster offensiv cVV;30.09.2023;0,0000078748;15,40;1,9576941207;1.410.245,09;0;EUR
Muster offensiv cVV;01.10.2023;0,0000078748;15,40;1,9577155007;1.410.260,50;0;EUR
Muster offensiv cVV;02.10.2023;-0,0001112948;-217,67;1,9575367613;1.410.042,83;-0,002683810;EUR
Muster offensiv cVV;03.10.2023;-0,0106312082;-20.790,15;1,9287957294;1.389.252,67;-0,008621415;EUR
Muster offensiv cVV;04.10.2023;0,0028096804;5.436,13;1,9364650809;1.394.688,81;0,001035736;EUR
Muster offensiv cVV;05.10.2023;-0,0019354920;-3.755,29;1,9313726390;1.390.933,52;-0,000530343;EUR
Muster offensiv cVV;06.10.2023;0,0067438478;13.059,25;1,9496286889;1.403.992,77;0,007474104;EUR
Muster offensiv cVV;07.10.2023;0,0000080173;15,63;1,9496503930;1.404.008,40;0;EUR
Muster offensiv cVV;08.10.2023;0,0000080172;15,63;1,9496720971;1.404.024,03;0;EUR
Muster offensiv cVV;09.10.2023;0,0074037511;14.434,05;1,9698395958;1.418.458,08;0,000294456;EUR
Muster offensiv cVV;10.10.2023;0,0077872315;15.294,07;1,9912039671;1.433.752,15;0,009207835;EUR
Muster offensiv cVV;11.10.2023;0,0053079475;10.505,95;2,0059207755;1.444.258,10;0,001778262;EUR
Muster offensiv cVV;12.10.2023;0,0014895208;2.963,84;2,0101635166;1.447.221,94;-0,000914816;EUR
Muster offensiv cVV;13.10.2023;-0,0013198844;-2.630,21;2,0066362135;1.444.591,73;-0,006452032;EUR
Muster offensiv cVV;14.10.2023;0,0000048037;9,56;2,0066494931;1.444.601,29;0;EUR
Muster offensiv cVV;15.10.2023;0,0000048037;9,56;2,0066627727;1.444.610,85;0;EUR
Muster offensiv cVV;16.10.2023;0,0016944350;3.372,17;2,0114732026;1.447.983,02;0,002301702;EUR
Muster offensiv cVV;17.10.2023;-0,0032648743;-6.508,59;2,0025574024;1.441.474,43;-0,001195126;EUR
Muster offensiv cVV;18.10.2023;-0,0022383883;-4.447,70;1,9965036696;1.437.026,74;-0,007689337;EUR
Muster offensiv cVV;19.10.2023;-0,0099479541;-19.722,43;1,9692261433;1.417.304,30;-0,006088054;EUR
Muster offensiv cVV;20.10.2023;-0,0091364834;-17.933,45;1,9444309344;1.399.370,85;-0,010484477;EUR
Muster offensiv cVV;21.10.2023;0,0000036053;7,01;1,9444406776;1.399.377,87;0;EUR
Muster offensiv cVV;22.10.2023;0,0000036053;7,01;1,9444504209;1.399.384,88;0;EUR
Muster offensiv cVV;23.10.2023;-0,0079087622;-15.381,91;1,9231976396;1.384.002,97;-0,001993486;EUR
Muster offensiv cVV;24.10.2023;0,0118773559;22.917,81;1,9551663973;1.406.920,78;0,005834249;EUR
Muster offensiv cVV;25.10.2023;-0,0012898609;-2.518,40;1,9517887549;1.404.402,38;-0,003529205;EUR
Muster offensiv cVV;26.10.2023;-0,0076059869;-14.831,20;1,9312976600;1.389.571,18;-0,006201165;EUR
Muster offensiv cVV;27.10.2023;-0,0030227070;-5.849,26;1,9232882826;1.383.721,93;-0,003257616;EUR
Muster offensiv cVV;28.10.2023;0,0000036346;7,01;1,9232980288;1.383.728,94;0;EUR
Muster offensiv cVV;29.10.2023;0,0000036346;7,01;1,9233077751;1.383.735,95;0;EUR
Muster offensiv cVV;30.10.2023;-0,0001021441;-197,06;1,9231540297;1.383.538,89;0,003115470;EUR
Muster offensiv cVV;31.10.2023;0,0058724251;11.328,34;1,9390218088;1.394.867,23;0,006045105;EUR
Muster offensiv cVV;01.11.2023;0,0101991606;19.790,47;1,9666555534;1.414.657,70;0,008476549;EUR
Muster offensiv cVV;02.11.2023;0,0117264623;22.986,13;1,9987355530;1.437.643,83;0,010473432;EUR
Muster offensiv cVV;03.11.2023;0,0005911679;1.172,39;2,0004902784;1.438.816,22;0,001702553;EUR
Muster offensiv cVV;04.11.2023;0,0000035337;7,01;2,0005000277;1.438.823,23;0;EUR
Muster offensiv cVV;05.11.2023;0,0000035336;7,01;2,0005097770;1.438.830,24;0;EUR
Muster offensiv cVV;06.11.2023;0,0060162561;11.938,45;2,0172344204;1.450.768,69;-0,001601613;EUR
Muster offensiv cVV;07.11.2023;-0,0002736538;-546,30;2,0166004749;1.450.222,40;0,002669472;EUR
Muster offensiv cVV;08.11.2023;0,0008880796;1.772,39;2,0191908272;1.451.994,79;0,001527809;EUR
Muster offensiv cVV;09.11.2023;-0,0002791034;-557,52;2,0185411892;1.451.437,27;0,001504894;EUR
Muster offensiv cVV;10.11.2023;-0,0014409647;-2.877,57;2,0146646686;1.448.559,70;0,000961817;EUR
Muster offensiv cVV;11.11.2023;0,0000035164;7,01;2,0146744209;1.448.566,72;0;EUR
Muster offensiv cVV;12.11.2023;0,0000035164;7,01;2,0146841733;1.448.573,73;0;EUR
Muster offensiv cVV;13.11.2023;0,0020816531;4.151,04;2,0205831425;1.452.724,77;0,002465431;EUR
Muster offensiv cVV;14.11.2023;0,0030902592;6.175,14;2,0292982573;1.458.899,91;0,010429158;EUR
Muster offensiv cVV;15.11.2023;0,0067529636;13.535,88;2,0482536505;1.472.435,79;0,003859855;EUR
Muster offensiv cVV;16.11.2023;0,0021401761;4.318,81;2,0543890051;1.476.754,60;0,000964140;EUR
Muster offensiv cVV;17.11.2023;-0,0029985534;-6.063,94;2,0460801749;1.470.690,66;0,004224454;EUR
Muster offensiv cVV;18.11.2023;0,0000034778;7,01;2,0460899303;1.470.697,67;0;EUR
Muster offensiv cVV;19.11.2023;0,0000034778;7,01;2,0460996857;1.470.704,68;0;EUR
Muster offensiv cVV;20.11.2023;0,0028926130;5.832,20;2,0543411505;1.476.536,88;-0,000154322;EUR
Muster offensiv cVV;21.11.2023;0,0038301027;7.744,74;2,0652447026;1.484.281,62;0,000090438;EUR
Muster offensiv cVV;22.11.2023;0,0046156026;9.368,83;2,0784094487;1.493.650,45;0,004231961;EUR
Muster offensiv cVV;23.11.2023;0,0001200474;244,80;2,0788789204;1.493.895,25;-0,000652450;EUR
Muster offensiv cVV;24.11.2023;-0,0002940297;-599,65;2,0781731865;1.493.295,60;0,000355134;EUR
Muster offensiv cVV;25.11.2023;0,0000034548;7,04;2,0781829891;1.493.302,64;0;EUR
Muster offensiv cVV;26.11.2023;0,0000034548;7,04;2,0781927918;1.493.309,68;0;EUR
Muster offensiv cVV;27.11.2023;-0,0022714740;-4.631,18;2,0718760033;1.488.678,50;-0,000991272;EUR
Muster offensiv cVV;28.11.2023;0,0003508193;713,64;2,0729975135;1.489.392,14;0,000367890;EUR
Muster offensiv cVV;29.11.2023;0,0046376055;9.437,19;2,0862616420;1.498.829,33;0,005625119;EUR
Muster offensiv cVV;30.11.2023;0,0071646167;14.647,09;2,1067795926;1.513.476,42;0,004374605;EUR
Muster offensiv cVV;01.12.2023;0,0048911484;10.070,93;2,1209295479;1.523.547,35;0,010357733;EUR
Muster offensiv cVV;02.12.2023;0,0000034043;7,04;2,1209393537;1.523.554,39;0;EUR
Muster offensiv cVV;03.12.2023;0,0000034043;7,04;2,1209491594;1.523.561,44;0;EUR
Muster offensiv cVV;04.12.2023;-0,0016733293;-3.462,28;2,1162600584;1.520.099,16;-0,000499800;EUR
Muster offensiv cVV;05.12.2023;0,0041802312;8.634,83;2,1284127698;1.528.733,99;0,003764782;EUR
Muster offensiv cVV;06.12.2023;0,0056921498;11.807,05;2,1449837804;1.540.541,04;0,003396216;EUR
Muster offensiv cVV;07.12.2023;-0,0012370686;-2.580,62;2,1415227545;1.537.960,42;0,001967027;EUR
Muster offensiv cVV;08.12.2023;0,0058671662;12.224,21;2,1586773965;1.550.184,63;0,003716050;EUR
Muster offensiv cVV;09.12.2023;0,0000033835;7,09;2,1586872707;1.550.191,72;0;EUR
Muster offensiv cVV;10.12.2023;0,0000033835;7,09;2,1586971448;1.550.198,81;0;EUR
Muster offensiv cVV;11.12.2023;0,0004520481;947,37;2,1601495361;1.551.146,18;0,002815445;EUR
Muster offensiv cVV;12.12.2023;0,0018114119;3.797,95;2,1655720442;1.554.944,14;0,000279115;EUR
Muster offensiv cVV;13.12.2023;-0,0000101353;-21,29;2,1656757626;1.554.922,85;0,003713162;EUR
Muster offensiv cVV;14.12.2023;-0,0070073472;-14.718,64;2,1453078947;1.540.204,21;-0,002520995;EUR
Muster offensiv cVV;15.12.2023;0,0055929650;11.665,47;2,1616894024;1.551.869,68;0,003312817;EUR
Muster offensiv cVV;16.12.2023;0,0000033985;7,13;2,1616993315;1.551.876,81;0;EUR
Muster offensiv cVV;17.12.2023;0,0000033985;7,13;2,1617092606;1.551.883,93;0;EUR
Muster offensiv cVV;18.12.2023;-0,0012649983;-2.653,23;2,1581461445;1.549.230,70;-0,001989523;EUR
Muster offensiv cVV;19.12.2023;0,0015576267;3.262,86;2,1628244074;1.552.493,57;0,002845304;EUR
Muster offensiv cVV;20.12.2023;-0,0048808776;-10.240,22;2,1486904787;1.542.253,34;-0,003020755;EUR
Muster offensiv cVV;21.12.2023;-0,0001816228;-379,19;2,1482941252;1.541.874,15;0,001581366;EUR
Muster offensiv cVV;22.12.2023;0,0032061848;6.692,62;2,1577514164;1.548.566,77;0,000624917;EUR
Muster offensiv cVV;23.12.2023;0,0000034624;7,25;2,1577615192;1.548.574,02;0;EUR
Muster offensiv cVV;24.12.2023;0,0000034624;7,25;2,1577716221;1.548.581,28;0;EUR
Muster offensiv cVV;25.12.2023;-0,0002733494;-572,43;2,1571063742;1.548.008,85;0,000027923;EUR
Muster offensiv cVV;26.12.2023;-0,0002243814;-469,75;2,1565840578;1.547.539,10;0,000732314;EUR
Muster offensiv cVV;27.12.2023;0,0015616994;3.268,75;2,1612717490;1.550.807,85;0,000425709;EUR
Muster offensiv cVV;28.12.2023;0,0007826796;1.640,76;2,1636909749;1.552.448,61;-0,000574717;EUR
Muster offensiv cVV;29.12.2023;0,0047947126;10.059,23;2,1778441960;1.562.507,84;0,001336199;EUR
Muster offensiv cVV;30.12.2023;0,0000034395;7,25;2,1778543019;1.562.515,09;0;EUR
Muster offensiv cVV;31.12.2023;0;0;2,1778543019;1.562.515,09;0;EUR
Muster offensiv cVV;01.01.2024;-0,0006177310;-1.302,21;2,1761724987;1.561.212,89;0,000008585;EUR
Muster offensiv cVV;02.01.2024;0,0031216334;6.576,49;2,1854732060;1.567.789,38;0,000664294;EUR
Muster offensiv cVV;03.01.2024;-0,0040674327;-8.595,80;2,1736237484;1.559.193,58;-0,007407442;EUR
Muster offensiv cVV;04.01.2024;-0,0027812042;-5.853,68;2,1655957186;1.553.339,90;-0,001053976;EUR
Muster offensiv cVV;05.01.2024;-0,0012403835;-2.603,41;2,1620982952;1.550.736,49;-0,000997520;EUR
Muster offensiv cVV;06.01.2024;0,0000034819;7,30;2,1621084719;1.550.743,79;0;EUR
Muster offensiv cVV;07.01.2024;0,0000034819;7,30;2,1621186485;1.550.751,08;0;EUR
Muster offensiv cVV;08.01.2024;0,0067720539;14.196,16;2,1820447919;1.564.947,25;0,007022086;EUR
Muster offensiv cVV;09.01.2024;0,0001335571;281,87;2,1825710734;1.565.229,12;-0,000009498;EUR
Muster offensiv cVV;10.01.2024;-0,0016205369;-3.420,57;2,1779343154;1.561.808,55;-0,000196142;EUR
Muster offensiv cVV;11.01.2024;-0,0050811389;-10.707,71;2,1631344313;1.551.100,84;-0,002815373;EUR
Muster offensiv cVV;12.01.2024;0,0064895778;13.606,28;2,1822425449;1.564.707,12;0,005092824;EUR
Muster offensiv cVV;13.01.2024;0,0000034589;7,30;2,1822527247;1.564.714,42;0;EUR
Muster offensiv cVV;14.01.2024;0,0000034589;7,30;2,1822629045;1.564.721,72;0;EUR
Muster offensiv cVV;15.01.2024;-0,0019997133;-4.219,91;2,1765102000;1.560.501,81;-0,002117063;EUR
Muster offensiv cVV;16.01.2024;-0,0004501030;-947,93;2,1753205923;1.559.553,88;-0,001129580;EUR
Muster offensiv cVV;17.01.2024;-0,0096276406;-20.267,04;2,1471821633;1.539.286,84;-0,006334106;EUR
Muster offensiv cVV;18.01.2024;0,0034284872;7.147,79;2,1572840584;1.546.434,62;0,005786229;EUR
Muster offensiv cVV;19.01.2024;0,0018981014;3.970,77;2,1629548954;1.550.405,39;0,002377622;EUR
Muster offensiv cVV;20.01.2024;0,0000035311;7,40;2,1629652203;1.550.412,80;0;EUR
Muster offensiv cVV;21.01.2024;0,0000035311;7,40;2,1629755452;1.550.420,20;0;EUR
Muster offensiv cVV;22.01.2024;0,0027009103;5.660,99;2,1710051536;1.556.081,18;0,005079042;EUR
Muster offensiv cVV;23.01.2024;0,0040613624;8.535,42;2,1830462584;1.564.616,61;0,000462300;EUR
Muster offensiv cVV;24.01.2024;-0,0005911375;-1.247,39;2,1814383643;1.563.369,22;0,005110029;EUR
Muster offensiv cVV;25.01.2024;0,0073560132;15.513,13;2,2032183201;1.578.882,35;0,004769208;EUR
Muster offensiv cVV;26.01.2024;0,0004895914;1.040,10;2,2048035389;1.579.922,44;0,000499922;EUR
Muster offensiv cVV;27.01.2024;0,0000024857;5,28;2,2048109117;1.579.927,73;0;EUR
Muster offensiv cVV;28.01.2024;0,0000024857;5,28;2,2048182845;1.579.933,01;0;EUR
Muster offensiv cVV;29.01.2024;0,0047247936;10.042,40;2,2189672262;1.589.975,41;0,005023846;EUR
Muster offensiv cVV;30.01.2024;-0,0000255084;-54,47;2,2190257840;1.589.920,93;-0,001051396;EUR
Muster offensiv cVV;31.01.2024;-0,0048116216;-10.275,01;2,2048187912;1.579.645,93;-0,004663206;EUR
Muster offensiv cVV;01.02.2024;0,0039052469;8.299,36;2,2165370743;1.587.945,28;0,002778201;EUR
Muster offensiv cVV;02.02.2024;0,0015690838;3.347,61;2,2213443830;1.591.292,89;0,003292818;EUR
Muster offensiv cVV;03.02.2024;0,0000024724;5,28;2,2213517580;1.591.298,18;0;EUR
Muster offensiv cVV;04.02.2024;0,0000024724;5,28;2,2213591330;1.591.303,46;0;EUR
Muster offensiv cVV;05.02.2024;0,0059947067;12.809,72;2,2393762649;1.604.113,18;-0,000201132;EUR
Muster offensiv cVV;06.02.2024;0,0026111594;5.613,07;2,2473482300;1.609.726,25;0,003795735;EUR
Muster offensiv cVV;07.02.2024;0,0002246355;484,15;2,2481601343;1.610.210,40;-0,000491269;EUR
Muster offensiv cVV;08.02.2024;0,0029855076;6.435,99;2,2572824799;1.616.646,39;0,000234829;EUR
Muster offensiv cVV;09.02.2024;0,0010599650;2.291,84;2,2606191269;1.618.938,23;-0,000370790;EUR
Muster offensiv cVV;10.02.2024;0,0000045432;9,83;2,2606328582;1.618.948,06;0;EUR
Muster offensiv cVV;11.02.2024;0,0000045432;9,83;2,2606465894;1.618.957,90;0;EUR
Muster offensiv cVV;12.02.2024;0,0022909107;4.958,66;2,2677076402;1.623.916,56;0,003322756;EUR
Muster offensiv cVV;13.02.2024;-0,0054150104;-11.747,60;2,2514387148;1.612.168,96;-0,006715162;EUR
Muster offensiv cVV;14.02.2024;0,0038730315;8.356,86;2,2632458847;1.620.525,81;0,004688525;EUR
Muster offensiv cVV;15.02.2024;0,0024207332;5.243,46;2,2707059360;1.625.769,27;0,003805593;EUR
Muster offensiv cVV;16.02.2024;0,0021433297;4.653,82;2,2773432279;1.630.423,09;0,000054719;EUR
Muster offensiv cVV;17.02.2024;0,0000098456;21,42;2,2773731521;1.630.444,51;0;EUR
Muster offensiv cVV;18.02.2024;0,0000098455;21,42;2,2774030763;1.630.465,93;0;EUR
Muster offensiv cVV;19.02.2024;-0,0009993948;-2.174,68;2,2745026051;1.628.291,25;-0,000178710;EUR
Muster offensiv cVV;20.02.2024;-0,0050699266;-11.021,14;2,2592436687;1.617.270,11;-0,003426811;EUR
Muster offensiv cVV;21.02.2024;-0,0003940713;-852,30;2,2581890303;1.616.417,81;0,000959808;EUR
Muster offensiv cVV;22.02.2024;0,0089373676;19.322,17;2,2853202878;1.635.739,98;0,011850507;EUR
Muster offensiv cVV;23.02.2024;0,0017041114;3.717,14;2,2906513736;1.639.457,11;0,001787186;EUR
Muster offensiv cVV;24.02.2024;0,0000151061;33,01;2,2906974908;1.639.490,12;0;EUR
Muster offensiv cVV;25.02.2024;0,0000151059;33,01;2,2907436079;1.639.523,13;0;EUR
Muster offensiv cVV;26.02.2024;-0,0062163139;-13.583,01;2,2719020380;1.625.940,12;-0,002361772;EUR
Muster offensiv cVV;27.02.2024;0,0020757629;4.507,47;2,2783372045;1.630.447,59;0,003519479;EUR
Muster offensiv cVV;28.02.2024;-0,0034405723;-7.486,63;2,2680118928;1.622.960,96;0,000266907;EUR
Muster offensiv cVV;29.02.2024;0,0043397785;9.410,79;2,2813000389;1.632.371,76;0,004161993;EUR
Muster offensiv cVV;01.03.2024;0,0023981657;5.222,98;2,2887367392;1.637.594,74;0,004006899;EUR
Muster offensiv cVV;02.03.2024;0,0000151715;33,12;2,2887830302;1.637.627,86;0;EUR
Muster offensiv cVV;03.03.2024;0,0000151712;33,12;2,2888293212;1.637.660,98;0;EUR
Muster offensiv cVV;04.03.2024;-0,0024801669;-5.414,69;2,2813985255;1.632.246,29;-0,001539910;EUR
Muster offensiv cVV;05.03.2024;-0,0045634683;-9.938,24;2,2676438083;1.622.308,05;-0,002559368;EUR
Muster offensiv cVV;06.03.2024;0,0040631797;8.808,34;2,2800926891;1.631.116,39;0,001174578;EUR
Muster offensiv cVV;07.03.2024;0,0056005226;12.190,39;2,2972709504;1.643.306,77;0,006349394;EUR
Muster offensiv cVV;08.03.2024;-0,0022991956;-5.032,58;2,2903728133;1.638.274,20;-0,002046602;EUR
Muster offensiv cVV;09.03.2024;0,0000151667;33,12;2,2904191181;1.638.307,32;0;EUR
Muster offensiv cVV;10.03.2024;0,0000151665;33,12;2,2904654230;1.638.340,44;0;EUR
Muster offensiv cVV;11.03.2024;-0,0018555239;-4.052,23;2,2849370358;1.634.288,21;-0,002079061;EUR
Muster offensiv cVV;12.03.2024;0,0083667616;18.238,06;2,3105743707;1.652.526,27;0,008048943;EUR
Muster offensiv cVV;13.03.2024;-0,0018405172;-4.045,57;2,3050557040;1.648.480,70;-0,001269725;EUR
Muster offensiv cVV;14.03.2024;0,0005786587;1.269,59;2,3069688866;1.649.750,29;-0,000461829;EUR
Muster offensiv cVV;15.03.2024;-0,0040151013;-8.814,29;2,2947803454;1.640.935,99;-0,002498836;EUR
Muster offensiv cVV;16.03.2024;0,0000109939;24,04;2,2948139613;1.640.960,03;0;EUR
Muster offensiv cVV;17.03.2024;0,0000109938;24,04;2,2948475771;1.640.984,07;0;EUR
Muster offensiv cVV;18.03.2024;0,0033856975;7.402,89;2,3053379237;1.648.386,96;0,001870906;EUR
Muster offensiv cVV;19.03.2024;-0,0010513747;-2.306,63;2,3022494658;1.646.080,33;0,003845962;EUR
Muster offensiv cVV;20.03.2024;0,0020077909;4.400,31;2,3085416245;1.650.480,63;0,003129903;EUR
Muster offensiv cVV;21.03.2024;0,0037172095;8.163,05;2,3200977625;1.658.643,68;0,005898715;EUR
Muster offensiv cVV;22.03.2024;0,0014090117;3.105,71;2,3245806249;1.661.749,39;0,002242002;EUR
Muster offensiv cVV;23.03.2024;0,0000108997;24,06;2,3246142799;1.661.773,45;0;EUR
Muster offensiv cVV;24.03.2024;0,0000108995;24,06;2,3246479349;1.661.797,51;0;EUR
Muster offensiv cVV;25.03.2024;-0,0039478660;-8.714,25;2,3125956182;1.653.083,26;-0,001049560;EUR
Muster offensiv cVV;26.03.2024;0,0000814573;179,09;2,3129839635;1.653.262,35;0,002412568;EUR
Muster offensiv cVV;27.03.2024;0,0052040330;11.442,61;2,3291313656;1.664.704,97;0,005415042;EUR
Muster offensiv cVV;28.03.2024;0,0033241230;7.347,11;2,3395501546;1.672.052,08;0,001251831;EUR
Muster offensiv cVV;29.03.2024;-0,0000880193;-195,19;2,3394162326;1.671.856,89;0,000106926;EUR
Muster offensiv cVV;30.03.2024;0,0000109055;24,18;2,3394500699;1.671.881,07;0;EUR
Muster offensiv cVV;31.03.2024;0;0;2,3394500699;1.671.881,07;0;EUR
Muster offensiv cVV;01.04.2024;0,0011502970;2.550,69;2,3431585775;1.674.431,75;0,000514935;EUR
Muster offensiv cVV;02.04.2024;-0,0090142767;-20.011,39;2,3152927576;1.654.420,36;-0,007974556;EUR
Muster offensiv cVV;03.04.2024;-0,0004578218;-1.007,19;2,3140207367;1.653.413,17;0,000559891;EUR
Muster offensiv cVV;04.04.2024;-0,0020083431;-4.416,24;2,3079770977;1.648.996,93;-0,002851673;EUR
Muster offensiv cVV;05.04.2024;-0,0014572966;-3.198,08;2,3036377382;1.645.798,85;-0,001502796;EUR
Muster offensiv cVV;06.04.2024;0,0000112647;24,68;2,3036722897;1.645.823,53;0;EUR
Muster offensiv cVV;07.04.2024;0,0000112646;24,68;2,3037068412;1.645.848,22;0;EUR
Muster offensiv cVV;08.04.2024;0,0032622446;7.148,83;2,3138504164;1.652.997,04;0,001992838;EUR
Muster offensiv cVV;09.04.2024;-0,0008579361;-1.886,20;2,3113472252;1.651.110,84;-0,004033986;EUR
Muster offensiv cVV;10.04.2024;0,0024517132;5.385,55;2,3190237995;1.656.496,39;-0,000232618;EUR
Muster offensiv cVV;11.04.2024;0,0034015926;7.490,41;2,3296481147;1.663.986,80;-0,000434638;EUR
Muster offensiv cVV;12.04.2024;0,0009068958;2.003,81;2,3325916943;1.665.990,61;-0,000872106;EUR
Muster offensiv cVV;13.04.2024;0,0000111619;24,68;2,3326262560;1.666.015,29;0;EUR
Muster offensiv cVV;14.04.2024;0,0000111618;24,68;2,3326608178;1.666.039,98;0;EUR
Muster offensiv cVV;15.04.2024;-0,0027148485;-6.004,09;2,3243919768;1.660.035,89;-0,002491394;EUR
Muster offensiv cVV;16.04.2024;-0,0085629644;-18.886,22;2,2980833806;1.641.149,66;-0,008531251;EUR
Muster offensiv cVV;17.04.2024;-0,0041337758;-9.039,26;2,2855610067;1.632.110,40;-0,001802811;EUR
Muster offensiv cVV;18.04.2024;-0,0003019928;-657,63;2,2847751754;1.631.452,76;0,000420178;EUR
Muster offensiv cVV;19.04.2024;-0,0049621274;-10.802,49;2,2697809339;1.620.650,27;-0,005705552;EUR
Muster offensiv cVV;20.04.2024;0,0000082199;17,81;2,2698058715;1.620.668,08;0;EUR
Muster offensiv cVV;21.04.2024;0,0000082198;17,81;2,2698308091;1.620.685,89;0;EUR
Muster offensiv cVV;22.04.2024;0,0028879959;6.256,04;2,2787272443;1.626.941,92;0,007084391;EUR
Muster offensiv cVV;23.04.2024;0,0051550179;11.199,16;2,2945485047;1.638.141,08;0,008633260;EUR
Muster offensiv cVV;24.04.2024;0,0011485842;2.508,14;2,2981973105;1.640.649,22;-0,001313905;EUR
Muster offensiv cVV;25.04.2024;-0,0067962288;-14.857,81;2,2775190849;1.625.791,41;-0,006804306;EUR
Muster offensiv cVV;26.04.2024;0,0107202822;23.277,23;2,3102636581;1.649.068,64;0,010056172;EUR
Muster offensiv cVV;27.04.2024;0,0000117564;25,80;2,3102998036;1.649.094,44;0;EUR
Muster offensiv cVV;28.04.2024;0,0000117563;25,80;2,3103359491;1.649.120,24;0;EUR
Muster offensiv cVV;29.04.2024;0,0011792113;2.587,96;2,3140979675;1.651.708,20;-0,000004670;EUR
Muster offensiv cVV;30.04.2024;-0,0013604141;-2.989,16;2,3100461665;1.648.719,04;-0,008598244;EUR
Muster offensiv cVV;01.05.2024;-0,0016312478;-3.579,37;2,3051668168;1.645.139,67;-0,000963294;EUR
Muster offensiv cVV;02.05.2024;-0,0001777512;-389,40;2,3047568779;1.644.750,28;0,002649537;EUR
Muster offensiv cVV;03.05.2024;0,0030918211;6.719,44;2,3143226463;1.651.469,71;0,004674143;EUR
Muster offensiv cVV;04.05.2024;0,0000120218;26,21;2,3143593729;1.651.495,92;0;EUR
Muster offensiv cVV;05.05.2024;0,0000120216;26,21;2,3143960995;1.651.522,13;0;EUR
Muster offensiv cVV;06.05.2024;0,0035878052;7.821,65;2,3255077510;1.659.343,78;0,006909722;EUR
Muster offensiv cVV;07.05.2024;0,0171992856;37.630,11;2,3783989042;1.696.973,90;0,007054162;EUR
Muster offensiv cVV;08.05.2024;-0,0016370859;-3.643,36;2,3734461144;1.693.330,53;0,001330266;EUR
Muster offensiv cVV;09.05.2024;0,0015753829;3.500,30;2,3785061328;1.696.830,84;0,004546932;EUR
Muster offensiv cVV;10.05.2024;0,0058573896;13.034,89;2,3969325505;1.709.865,73;0,002927102;EUR
Muster offensiv cVV;11.05.2024;0,0000112763;25,24;2,3969679340;1.709.890,97;0;EUR
Muster offensiv cVV;12.05.2024;0,0000112762;25,24;2,3970033174;1.709.916,21;0;EUR
Muster offensiv cVV;13.05.2024;-0,0010393378;-2.326,52;2,3938966485;1.707.589,69;-0,001591665;EUR
Muster offensiv cVV;14.05.2024;-0,0001498033;-334,98;2,3935816473;1.707.254,71;-0,000027149;EUR
Muster offensiv cVV;15.05.2024;0,0047609387;10.644,50;2,4086608253;1.717.899,22;0,007306664;EUR
Muster offensiv cVV;16.05.2024;0,0007910371;1.777,02;2,4113080025;1.719.676,24;-0,003441760;EUR
Muster offensiv cVV;17.05.2024;0,0006000226;1.348,98;2,4133552168;1.721.025,22;-0,001209664;EUR
Muster offensiv cVV;18.05.2024;0,0000115280;25,93;2,4133915821;1.721.051,15;0;EUR
Muster offensiv cVV;19.05.2024;0,0000115279;25,93;2,4134279473;1.721.077,08;0;EUR
Muster offensiv cVV;20.05.2024;0,0022073463;4.965,69;2,4205473126;1.726.042,78;0,002037979;EUR
Muster offensiv cVV;21.05.2024;-0,0001019113;-229,77;2,4203810987;1.725.813,01;0,000013969;EUR
Muster offensiv cVV;22.05.2024;-0,0015650839;-3.528,26;2,4155884913;1.722.284,75;-0,001860479;EUR
Muster offensiv cVV;23.05.2024;-0,0029570301;-6.655,77;2,4064084193;1.715.628,98;-0,002512830;EUR
Muster offensiv cVV;24.05.2024;-0,0015748532;-3.534,24;2,4016057445;1.712.094,74;0,001395457;EUR
Muster offensiv cVV;25.05.2024;0,0000170830;38,28;2,4016594367;1.712.133,02;0;EUR
Muster offensiv cVV;26.05.2024;0,0000170827;38,28;2,4017131289;1.712.171,29;0;EUR
Muster offensiv cVV;27.05.2024;0,0015599122;3.495,32;2,4067709761;1.715.666,61;0,002266789;EUR
Muster offensiv cVV;28.05.2024;-0,0025910406;-5.814,84;2,3987680784;1.709.851,77;-0,002960833;EUR
Muster offensiv cVV;29.05.2024;-0,0046046641;-10.307,06;2,3844614884;1.699.544,71;-0,006539990;EUR
Muster offensiv cVV;30.05.2024;-0,0027538257;-6.135,77;2,3760056846;1.693.408,94;-0,001402676;EUR
Muster offensiv cVV;31.05.2024;0,0020061392;4.457,55;2,3824130534;1.697.866,49;0,002434441;EUR
Muster offensiv cVV;01.06.2024;0,0000119210;26,54;2,3824502951;1.697.893,03;0;EUR
Muster offensiv cVV;02.06.2024;0,0000119208;26,54;2,3824875369;1.697.919,57;0;EUR
Muster offensiv cVV;03.06.2024;0,0035902172;7.993,49;2,3938575402;1.705.913,06;0,003409785;EUR
Muster offensiv cVV;04.06.2024;-0,0001020267;-227,97;2,3936912485;1.705.685,08;-0,003847750;EUR
Muster offensiv cVV;05.06.2024;0,0079653955;17.796,52;2,4188213499;1.723.481,61;0,007396462;EUR
Muster offensiv cVV;06.06.2024;0,0030211598;6.803,73;2,4285257686;1.730.285,34;0,001394228;EUR
Muster offensiv cVV;07.06.2024;0,0024143627;5.453,63;2,4363363180;1.735.738,97;-0,001566122;EUR
Muster offensiv cVV;08.06.2024;0,0000117216;26,54;2,4363735718;1.735.765,51;0;EUR
Muster offensiv cVV;09.06.2024;0,0000117214;26,54;2,4364108255;1.735.792,05;0;EUR
Muster offensiv cVV;10.06.2024;0,0007072985;1.601,56;2,4388150699;1.737.393,61;0,001535652;EUR
Muster offensiv cVV;11.06.2024;0,0012719992;2.882,27;2,4430174184;1.740.275,89;-0,001778007;EUR
Muster offensiv cVV;12.06.2024;0,0027638055;6.270,58;2,4519770719;1.746.546,46;0,005833264;EUR
Muster offensiv cVV;13.06.2024;0,0013299184;3.025,69;2,4563819970;1.749.572,15;-0,005621794;EUR
Muster offensiv cVV;14.06.2024;0,0013299182;3.029,71;2,4607930572;1.752.601,86;-0,002279198;EUR
Muster offensiv cVV;15.06.2024;0,0000108758;24,81;2,4608278915;1.752.626,67;0;EUR
Muster offensiv cVV;16.06.2024;0,0000108757;24,81;2,4608627257;1.752.651,48;0;EUR
Muster offensiv cVV;17.06.2024;0,0018222904;4.157,00;2,4668571867;1.756.808,48;0,001523039;EUR
Muster offensiv cVV;18.06.2024;0,0031529217;7.205,54;2,4771332729;1.764.014,02;0,002252803;EUR
Muster offensiv cVV;19.06.2024;-0,0001239793;-284,23;2,4768923441;1.763.729,79;-0,001500487;EUR
Muster offensiv cVV;20.06.2024;0,0037484296;8.592,43;2,4891180293;1.772.322,22;0,004066398;EUR
Muster offensiv cVV;21.06.2024;-0,0004679072;-1.076,59;2,4877647826;1.771.245,62;-0,001198622;EUR
Muster offensiv cVV;22.06.2024;0,0000108049;24,85;2,4877996838;1.771.270,47;0;EUR
Muster offensiv cVV;23.06.2024;0,0000108048;24,85;2,4878345850;1.771.295,32;0;EUR
Muster offensiv cVV;24.06.2024;0,0008663384;1.992,44;2,4907919084;1.773.287,76;0,001690830;EUR
Muster offensiv cVV;25.06.2024;0,0046672250;10.743,17;2,5060417459;1.784.030,93;-0,000662987;EUR
Muster offensiv cVV;26.06.2024;-0,0022242430;-5.143,73;2,4989755802;1.778.887,20;-0,000107717;EUR
Muster offensiv cVV;27.06.2024;0,0005200674;1.200,02;2,5008206838;1.780.087,22;0,000403826;EUR
Muster offensiv cVV;28.06.2024;-0,0019733303;-4.555,69;2,4945793048;1.775.531,53;-0,000933395;EUR
Muster offensiv cVV;29.06.2024;0,0000090387;20,83;2,4946085646;1.775.552,35;0;EUR
Muster offensiv cVV;30.06.2024;0,0000090386;20,83;2,4946378244;1.775.573,18;0;EUR
Muster offensiv cVV;01.07.2024;0,0006975206;1.607,17;2,4970548012;1.777.180,35;0,000634664;EUR
Muster offensiv cVV;02.07.2024;-0,0005127305;-1.182,22;2,4955524889;1.775.998,13;-0,001115422;EUR
Muster offensiv cVV;03.07.2024;0,0040266644;9.279,62;2,5087513408;1.785.277,75;0,005390649;EUR
Muster offensiv cVV;04.07.2024;0,0036299711;8.399,11;2,5207143793;1.793.676,86;0,001884261;EUR
Muster offensiv cVV;05.07.2024;0,0022108521;5.134,09;2,5280901258;1.798.810,95;0,001750547;EUR
Muster offensiv cVV;06.07.2024;0,0000089483;20,83;2,5281193949;1.798.831,77;0;EUR
Muster offensiv cVV;07.07.2024;0,0000089482;20,83;2,5281486640;1.798.852,60;0;EUR
Muster offensiv cVV;08.07.2024;0,0003769485;877,31;2,5295423173;1.799.729,91;0,000010606;EUR
Muster offensiv cVV;09.07.2024;-0,0016708349;-3.890,16;2,5242349045;1.795.839,75;-0,004816420;EUR
Muster offensiv cVV;10.07.2024;0,0066806721;15.528,45;2,5462232976;1.811.368,20;0,007214520;EUR
Muster offensiv cVV;11.07.2024;-0,0039734703;-9.297,57;2,5333144813;1.802.070,62;0,000816355;EUR
Muster offensiv cVV;12.07.2024;0,0038438218;8.958,47;2,5460695511;1.811.029,09;0,005304961;EUR
Muster offensiv cVV;13.07.2024;0,0000089016;20,83;2,5460988295;1.811.049,92;0;EUR
Muster offensiv cVV;14.07.2024;0,0000089015;20,83;2,5461281079;1.811.070,74;0;EUR
Muster offensiv cVV;15.07.2024;-0,0020891662;-4.887,85;2,5394173825;1.806.182,90;-0,002881351;EUR
Muster offensiv cVV;16.07.2024;-0,0027666467;-6.459,37;2,5304960949;1.799.723,53;0,001617821;EUR
Muster offensiv cVV;17.07.2024;-0,0085219015;-19.841,27;2,5027568181;1.779.882,26;-0,007004585;EUR
Muster offensiv cVV;18.07.2024;-0,0070727698;-16.326,97;2,4799558472;1.763.555,29;-0,003706695;EUR
Muster offensiv cVV;19.07.2024;-0,0062095897;-14.233,00;2,4600966950;1.749.322,29;-0,005986428;EUR
Muster offensiv cVV;20.07.2024;0,0000091427;20,83;2,4601259826;1.749.343,12;0;EUR
Muster offensiv cVV;21.07.2024;0,0000091426;20,83;2,4601552703;1.749.363,94;0;EUR
Muster offensiv cVV;22.07.2024;0,0081850556;18.644,81;2,4865329799;1.768.008,75;0,008039978;EUR
Muster offensiv cVV;23.07.2024;-0,0007181009;-1.649,16;2,4843706503;1.766.359,59;0,004528755;EUR
Muster offensiv cVV;24.07.2024;-0,0101952979;-23.397,23;2,4516175458;1.742.962,36;-0,010147810;EUR
Muster offensiv cVV;25.07.2024;-0,0085838089;-19.498,18;2,4243449017;1.723.464,18;-0,004143208;EUR
Muster offensiv cVV;26.07.2024;0,0048717695;10.971,27;2,4399318929;1.734.435,45;0,006175458;EUR
Muster offensiv cVV;27.07.2024;0,0000092028;20,83;2,4399611898;1.734.456,28;0;EUR
Muster offensiv cVV;28.07.2024;0,0000092028;20,83;2,4399904868;1.734.477,10;0;EUR
Muster offensiv cVV;29.07.2024;0,0010374886;2.347,86;2,4434475553;1.736.824,96;0,000033814;EUR
Muster offensiv cVV;30.07.2024;0,0001194854;270,68;2,4439825243;1.737.095,64;0,001287716;EUR
Muster offensiv cVV;31.07.2024;0,0086688498;19.640,49;2,4717712948;1.756.736,13;0,007973027;EUR
Muster offensiv cVV;01.08.2024;-0,0031366281;-7.168,08;2,4618407939;1.749.568,06;-0,012561226;EUR
Muster offensiv cVV;02.08.2024;-0,0265791303;-60.550,25;2,3767894566;1.689.017,81;-0,019612395;EUR
Muster offensiv cVV;03.08.2024;0,0000134407;29,81;2,3768313992;1.689.047,61;0;EUR
Muster offensiv cVV;04.08.2024;0,0000134406;29,81;2,3768733418;1.689.077,42;0;EUR
Muster offensiv cVV;05.08.2024;-0,0267171573;-59.248,55;2,2936430872;1.629.828,87;-0,020585609;EUR
Muster offensiv cVV;06.08.2024;0,0064945233;14.017,61;2,3135155574;1.643.846,47;0,005970776;EUR
Muster offensiv cVV;07.08.2024;0,0086927397;18.884,03;2,3402397914;1.662.730,50;0,004169264;EUR
Muster offensiv cVV;08.08.2024;0,0093617786;20.514,23;2,3692619171;1.683.244,73;0,008566806;EUR
Muster offensiv cVV;09.08.2024;0,0060754645;13.437,65;2,3883263018;1.696.682,38;0,002957974;EUR
Muster offensiv cVV;10.08.2024;0,0000133944;29,81;2,3883682576;1.696.712,18;0;EUR
Muster offensiv cVV;11.08.2024;0,0000133943;29,81;2,3884102134;1.696.741,99;0;EUR
Muster offensiv cVV;12.08.2024;0,0001072792;238,73;2,3888963667;1.696.980,72;-0,000447228;EUR
Muster offensiv cVV;13.08.2024;0,0047612474;10.534,30;2,4038876483;1.707.515,02;0,007665422;EUR
Muster offensiv cVV;14.08.2024;0,0014564095;3.237,66;2,4086077641;1.710.752,68;0,001100377;EUR
Muster offensiv cVV;15.08.2024;0,0086380901;19.230,81;2,4358470687;1.729.983,49;0,012093803;EUR
Muster offensiv cVV;16.08.2024;0,0028455921;6.389,81;2,4450083871;1.736.373,29;0,004550929;EUR
Muster offensiv cVV;17.08.2024;0,0000126773;28,55;2,4450485860;1.736.401,84;0;EUR
Muster offensiv cVV;18.08.2024;0,0000126772;28,55;2,4450887850;1.736.430,39;0;EUR
Muster offensiv cVV;19.08.2024;0,0033797979;7.611,16;2,4559711790;1.744.041,55;0,003052208;EUR
Muster offensiv cVV;20.08.2024;0,0008329261;1.882,05;2,4587866433;1.745.923,61;-0,002671903;EUR
Muster offensiv cVV;21.08.2024;0,0003564057;805,99;2,4600868862;1.746.729,60;0,003212943;EUR
Muster offensiv cVV;22.08.2024;0,0004797122;1.085,23;2,4617805273;1.747.814,83;-0,001463636;EUR
Muster offensiv cVV;23.08.2024;0,0004580893;1.036,81;2,4634061116;1.748.851,65;0,005406123;EUR
Muster offensiv cVV;24.08.2024;0,0000126075;28,55;2,4634463241;1.748.880,19;0;EUR
Muster offensiv cVV;25.08.2024;0,0000126073;28,55;2,4634865365;1.748.908,74;0;EUR
Muster offensiv cVV;26.08.2024;0,0005267258;1.192,74;2,4653319105;1.750.101,48;-0,001208842;EUR
Muster offensiv cVV;27.08.2024;0,0017510805;3.967,30;2,4710861809;1.754.068,78;0,001934996;EUR
Muster offensiv cVV;28.08.2024;0,0027065090;6.142,68;2,4799059709;1.760.211,46;0,001799349;EUR
Muster offensiv cVV;29.08.2024;0,0065588423;14.926,21;2,5011025264;1.775.137,67;0,004762422;EUR
Muster offensiv cVV;30.08.2024;0,0031567733;7.231,11;2,5114590015;1.782.368,78;0,002906628;EUR
Muster offensiv cVV;31.08.2024;0;0;2,5114590015;1.782.368,78;0;EUR
Muster offensiv cVV;01.09.2024;0,0000124236;28,55;2,5114992275;1.782.397,33;0;EUR
Muster offensiv cVV;02.09.2024;-0,0008240683;-1.893,65;2,5089988466;1.780.503,68;-0,000203157;EUR
Muster offensiv cVV;03.09.2024;-0,0075854194;-17.416,36;2,4846227381;1.763.087,33;-0,008652342;EUR
Muster offensiv cVV;04.09.2024;-0,0089129201;-20.309,11;2,4561664176;1.742.778,21;-0,005645430;EUR
Muster offensiv cVV;05.09.2024;-0,0075820812;-17.122,66;2,4321973091;1.725.655,56;-0,001069999;EUR
Muster offensiv cVV;06.09.2024;-0,0102318293;-22.931,40;2,4000373294;1.702.724,15;-0,011433394;EUR
Muster offensiv cVV;07.09.2024;0,0000128696;28,55;2,4000775688;1.702.752,70;0;EUR
Muster offensiv cVV;08.09.2024;0,0000128695;28,55;2,4001178081;1.702.781,25;0;EUR
Muster offensiv cVV;09.09.2024;0,0087464845;19.402,40;2,4276281266;1.722.183,65;0,008654808;EUR
Muster offensiv cVV;10.09.2024;-0,0005173225;-1.157,62;2,4261582445;1.721.026,04;-0,001906409;EUR
Muster offensiv cVV;11.09.2024;0,0026837897;6.002,44;2,4347824097;1.727.028,47;0,004988568;EUR
Muster offensiv cVV;12.09.2024;0,0049886527;11.187,33;2,4507178494;1.738.215,81;0,005588792;EUR
Muster offensiv cVV;13.09.2024;-0,0000814342;-183,53;2,4506224355;1.738.032,28;0,004555090;EUR
Muster offensiv cVV;14.09.2024;0,0000126842;28,58;2,4506627398;1.738.060,86;0;EUR
Muster offensiv cVV;15.09.2024;0,0000126841;28,58;2,4507030441;1.738.089,44;0;EUR
Muster offensiv cVV;16.09.2024;-0,0049021519;-11.047,57;2,4352882442;1.727.041,87;-0,001465182;EUR
Muster offensiv cVV;17.09.2024;-0,0011491304;-2.577,00;2,4318163885;1.724.464,87;0,001623727;EUR
Muster offensiv cVV;18.09.2024;-0,0047225271;-10.578,42;2,4170597488;1.713.886,44;-0,001604409;EUR
Muster offensiv cVV;19.09.2024;0,0095339338;21.255,08;2,4471982148;1.735.141,53;0,012041260;EUR
Muster offensiv cVV;20.09.2024;-0,0049621835;-11.168,23;2,4316085716;1.723.973,30;-0,007674915;EUR
Muster offensiv cVV;21.09.2024;0,0000118680;26,58;2,4316460596;1.723.999,87;0;EUR
Muster offensiv cVV;22.09.2024;0,0000118679;26,58;2,4316835476;1.724.026,45;0;EUR
Muster offensiv cVV;23.09.2024;0,0081093024;18.161,22;2,4574627517;1.742.187,67;0,004892359;EUR
Muster offensiv cVV;24.09.2024;0,0013418267;3.029,46;2,4618996117;1.745.217,13;0,004278795;EUR
Muster offensiv cVV;25.09.2024;-0,0000717721;-162,26;2,4618342649;1.745.054,88;-0,003252972;EUR
Muster offensiv cVV;26.09.2024;0,0047709144;10.785,04;2,4772137516;1.755.839,92;0,009216217;EUR
Muster offensiv cVV;27.09.2024;0,0035074199;7.966,64;2,4886186096;1.763.806,56;0,005325770;EUR
Muster offensiv cVV;28.09.2024;0,0000117067;26,68;2,4886562581;1.763.833,24;0;EUR
Muster offensiv cVV;29.09.2024;0,0000117065;26,68;2,4886939067;1.763.859,93;0;EUR
Muster offensiv cVV;30.09.2024;-0,0007666220;-1.747,43;2,4863933633;1.762.112,50;-0,002425346;EUR
Muster offensiv cVV;01.10.2024;-0,0029919026;-6.814,48;2,4769422036;1.755.298,02;-0,001406843;EUR
Muster offensiv cVV;02.10.2024;0,0014966862;3.398,71;2,4819027381;1.758.696,73;-0,000850135;EUR
Muster offensiv cVV;03.10.2024;-0,0044578274;-10.138,10;2,4677592048;1.748.558,64;-0,003608229;EUR
Muster offensiv cVV;04.10.2024;0,0033632843;7.614,77;2,4786701817;1.756.173,40;0,005067677;EUR
Muster offensiv cVV;05.10.2024;0,0000078494;17,83;2,4786953493;1.756.191,23;0;EUR
Muster offensiv cVV;06.10.2024;0,0000078494;17,83;2,4787205168;1.756.209,06;0;EUR
Muster offensiv cVV;07.10.2024;-0,0037239600;-8.459,86;2,4669435753;1.747.749,21;-0,002979190;EUR
Muster offensiv cVV;08.10.2024;-0,0001194980;-270,46;2,4667250760;1.747.478,75;0,001091461;EUR
Muster offensiv cVV;09.10.2024;0,0042913596;9.711,37;2,4805976614;1.757.190,12;0,006671938;EUR
Muster offensiv cVV;10.10.2024;0,0010210317;2.320,52;2,4840377561;1.759.510,64;-0,000516924;EUR
Muster offensiv cVV;11.10.2024;0,0048934979;11.132,89;2,4999201659;1.770.643,54;0,004535597;EUR
Muster offensiv cVV;12.10.2024;0,0000077998;17,83;2,4999453418;1.770.661,37;0;EUR
Muster offensiv cVV;13.10.2024;0,0000077997;17,83;2,4999705177;1.770.679,20;0;EUR
Muster offensiv cVV;14.10.2024;0,0056807703;12.987,41;2,5184734667;1.783.666,61;0,005839285;EUR
Muster offensiv cVV;15.10.2024;-0,0066810008;-15.360,92;2,4969493043;1.768.305,70;-0,001827529;EUR
Muster offensiv cVV;16.10.2024;-0,0005580150;-1.274,41;2,4953144864;1.767.031,28;0,001006962;EUR
Muster offensiv cVV;17.10.2024;0,0028426608;6.488,54;2,5046425566;1.773.519,82;0,004918438;EUR
Muster offensiv cVV;18.10.2024;-0,0005141826;-1.176,99;2,5031454673;1.772.342,83;0,002401824;EUR
Muster offensiv cVV;19.10.2024;0,0000077940;17,83;2,5031706515;1.772.360,67;0;EUR
Muster offensiv cVV;20.10.2024;0,0000077939;17,83;2,5031958357;1.772.378,50;0;EUR
Muster offensiv cVV;21.10.2024;-0,0027921943;-6.388,28;2,4943378893;1.765.990,22;-0,005134194;EUR
Muster offensiv cVV;22.10.2024;-0,0027138383;-6.191,67;2,4857564086;1.759.798,55;-0,001041558;EUR
Muster offensiv cVV;23.10.2024;-0,0078379402;-17.833,87;2,4607277569;1.741.964,68;-0,002900099;EUR
Muster offensiv cVV;24.10.2024;-0,0007079880;-1.598,28;2,4586319018;1.740.366,40;0,002223529;EUR
Muster offensiv cVV;25.10.2024;0,0013515580;3.048,97;2,4631013363;1.743.415,37;-0,001366118;EUR
Muster offensiv cVV;26.10.2024;0,0000064346;14,54;2,4631218719;1.743.429,91;0;EUR
Muster offensiv cVV;27.10.2024;0,0000064346;14,54;2,4631424075;1.743.444,45;0;EUR
Muster offensiv cVV;28.10.2024;0,0014810070;3.345,55;2,4680313936;1.746.790,00;0,002921579;EUR
Muster offensiv cVV;29.10.2024;-0,0001845366;-417,48;2,4676038220;1.746.372,52;-0,000720481;EUR
Muster offensiv cVV;30.10.2024;-0,0095215789;-21.536,86;2,4373327199;1.724.835,66;-0,008434948;EUR
Muster offensiv cVV;31.10.2024;-0,0157398071;-35.262,88;2,3876603003;1.689.572,78;-0,009723982;EUR
Muster offensiv cVV;01.11.2024;0,0057311034;12.637,66;2,4056775225;1.702.210,43;0,005295050;EUR
Muster offensiv cVV;02.11.2024;0,0000065542;14,54;2,4056980648;1.702.224,97;0;EUR
Muster offensiv cVV;03.11.2024;0,0000065541;14,54;2,4057186072;1.702.239,50;0;EUR
Muster offensiv cVV;04.11.2024;-0,0044082393;-9.776,45;2,3920589316;1.692.463,06;-0,004113862;EUR
Muster offensiv cVV;05.11.2024;0,0029128237;6.431,49;2,4013065301;1.698.894,54;0,005573289;EUR
Muster offensiv cVV;06.11.2024;0,0126368409;27.983,30;2,4410197239;1.726.877,84;0,008454820;EUR
Muster offensiv cVV;07.11.2024;0,0072730678;16.309,17;2,4642350546;1.743.187,01;0,007106180;EUR
Muster offensiv cVV;08.11.2024;0,0058064266;13.115,06;2,4829377467;1.756.302,07;0,000245569;EUR
Muster offensiv cVV;09.11.2024;0,0000020469;4,65;2,4829443208;1.756.306,72;0;EUR
Muster offensiv cVV;10.11.2024;0,0000020469;4,65;2,4829508950;1.756.311,37;0;EUR
Muster offensiv cVV;11.11.2024;0,0057951441;13.165,63;2,5017274630;1.769.477,00;0,009171264;EUR
Muster offensiv cVV;12.11.2024;-0,0061417372;-14.033,90;2,4820485686;1.755.443,11;-0,008890827;EUR
Muster offensiv cVV;13.11.2024;0,0025253759;5.735,05;2,4903204790;1.761.178,16;-0,000904377;EUR
Muster offensiv cVV;14.11.2024;-0,0005265275;-1.198,75;2,4887882981;1.759.979,41;0,004656876;EUR
Muster offensiv cVV;15.11.2024;-0,0127090199;-28.919,46;2,4480533897;1.731.059,95;-0,003740024;EUR
Muster offensiv cVV;16.11.2024;0,0000019986;4,49;2,4480597393;1.731.064,44;0;EUR
Muster offensiv cVV;17.11.2024;0,0000019986;4,49;2,4480660890;1.731.068,93;0;EUR
Muster offensiv cVV;18.11.2024;-0,0019817153;-4.452,11;2,4419295975;1.726.616,81;-0,000777551;EUR
Muster offensiv cVV;19.11.2024;-0,0009087147;-2.037,47;2,4392074482;1.724.579,35;-0,001028097;EUR
Muster offensiv cVV;20.11.2024;0,0035993413;8.062,91;2,4507715544;1.732.642,25;0,000442363;EUR
Muster offensiv cVV;21.11.2024;0,0080821849;18.170,12;2,4766343858;1.750.812,38;0,005630974;EUR
Muster offensiv cVV;22.11.2024;0,0098206092;22.256,84;2,5082818089;1.773.069,22;0,009026982;EUR
Muster offensiv cVV;23.11.2024;0,0000019837;4,54;2,5082882313;1.773.073,76;0;EUR
Muster offensiv cVV;24.11.2024;0,0000019837;4,54;2,5082946536;1.773.078,30;0;EUR
Muster offensiv cVV;25.11.2024;0,0008379659;1.917,77;2,5111714864;1.774.996,07;0,000774382;EUR
Muster offensiv cVV;26.11.2024;0,0036710037;8.408,52;2,5232319832;1.783.404,59;-0,001131517;EUR
Muster offensiv cVV;27.11.2024;-0,0050478728;-11.604,72;2,5069766015;1.771.799,87;-0,003955208;EUR
Muster offensiv cVV;28.11.2024;0,0036594636;8.370,39;2,5189842856;1.780.170,26;0,004654184;EUR
Muster offensiv cVV;29.11.2024;0,0017648391;4.051,54;2,5248817740;1.784.221,80;0,006188164;EUR
Muster offensiv cVV;30.11.2024;0,0000019741;4,54;2,5248881984;1.784.226,34;0;EUR
Muster offensiv cVV;01.12.2024;0,0000019741;4,54;2,5248946229;1.784.230,88;0;EUR
Muster offensiv cVV;02.12.2024;0,0106955135;24.597,10;2,5598690548;1.808.827,98;0,010718124;EUR
Muster offensiv cVV;03.12.2024;-0,0005734474;-1.332,90;2,5581492221;1.807.495,08;0,000862887;EUR
Muster offensiv cVV;04.12.2024;0,0060110929;13.963,90;2,5780800670;1.821.458,99;0,005460402;EUR
Muster offensiv cVV;05.12.2024;-0,0074545943;-17.421,29;2,5535881606;1.804.037,70;0,000188380;EUR
Muster offensiv cVV;06.12.2024;0,0031110354;7.216,25;2,5639693162;1.811.253,95;0,001600421;EUR
Muster offensiv cVV;07.12.2024;0,0000018304;4,26;2,5639753450;1.811.258,21;0;EUR
Muster offensiv cVV;08.12.2024;0,0000018304;4,26;2,5639813739;1.811.262,47;0;EUR
Muster offensiv cVV;09.12.2024;-0,0037315724;-8.682,59;2,5518563135;1.802.579,88;-0,003175084;EUR
Muster offensiv cVV;10.12.2024;-0,0004813257;-1.115,76;2,5504424063;1.801.464,12;0,000919148;EUR
Muster offensiv cVV;11.12.2024;0,0065003388;15.061,23;2,5719324793;1.816.525,35;0,004450432;EUR
Muster offensiv cVV;12.12.2024;-0,0107058911;-24.966,70;2,5367479222;1.791.558,64;-0,001051541;EUR
Muster offensiv cVV;13.12.2024;-0,0052829719;-12.188,27;2,5196534470;1.779.370,37;-0,002411937;EUR
Muster offensiv cVV;14.12.2024;0,0000018710;4,29;2,5196595272;1.779.374,67;0;EUR
Muster offensiv cVV;15.12.2024;0,0000018710;4,29;2,5196656074;1.779.378,96;0;EUR
Muster offensiv cVV;16.12.2024;-0,0038418318;-8.816,64;2,5073434931;1.770.562,32;-0,001197079;EUR
Muster offensiv cVV;17.12.2024;-0,0001301138;-297,45;2,5070847552;1.770.264,86;-0,002406339;EUR
Muster offensiv cVV;18.12.2024;-0,0074201353;-16.960,89;2,4832252824;1.753.303,98;-0,008264166;EUR
Muster offensiv cVV;19.12.2024;-0,0078466159;-17.802,65;2,4581703684;1.735.501,33;-0,004810533;EUR
Muster offensiv cVV;20.12.2024;0,0000168753;37,99;2,4583833102;1.735.539,31;0,000832089;EUR
Muster offensiv cVV;21.12.2024;0,0000019682;4,43;2,4583895861;1.735.543,74;0;EUR
Muster offensiv cVV;22.12.2024;0,0000019682;4,43;2,4583958619;1.735.548,17;0;EUR
Muster offensiv cVV;23.12.2024;0,0057129691;12.860,33;2,4767727140;1.748.408,50;0,001441542;EUR
Muster offensiv cVV;24.12.2024;0,0036801857;8.331,70;2,4887362670;1.756.740,20;0,003227126;EUR
Muster offensiv cVV;25.12.2024;-0,0004273567;-971,07;2,4875213977;1.755.769,14;0,000063284;EUR
Muster offensiv cVV;26.12.2024;-0,0012992085;-2.950,89;2,4835011642;1.752.818,25;-0,000592769;EUR
Muster offensiv cVV;27.12.2024;-0,0012052205;-2.733,86;2,4797878572;1.750.084,39;-0,000667926;EUR
Muster offensiv cVV;28.12.2024;0,0000019556;4,43;2,4797941351;1.750.088,82;0;EUR
Muster offensiv cVV;29.12.2024;0,0000019556;4,43;2,4798004129;1.750.093,25;0;EUR
Muster offensiv cVV;30.12.2024;-0,0053437329;-12.106,87;2,4628045676;1.737.986,38;-0,003100052;EUR
Muster offensiv cVV;31.12.2024;0,0018038067;4.064,90;2,4687240611;1.742.051,28;-0,000164183;EUR
Muster offensiv cVV;01.01.2025;-0,0000645416;-145,71;2,4686768474;1.741.905,58;0,000003915;EUR
Muster offensiv cVV;02.01.2025;0,0076784119;17.333,50;2,4934031678;1.759.239,08;0,004581283;EUR
Muster offensiv cVV;03.01.2025;0,0016819748;3.826,10;2,4989870686;1.763.065,18;0,000022302;EUR
Muster offensiv cVV;04.01.2025;0,0000019444;4,43;2,4989933485;1.763.069,61;0;EUR
Muster offensiv cVV;05.01.2025;0,0000019444;4,43;2,4989996284;1.763.074,04;0;EUR
Muster offensiv cVV;06.01.2025;-0,0024907520;-5.675,43;2,4911157349;1.757.398,61;0,004144447;EUR
Muster offensiv cVV;07.01.2025;0,0019939425;4.532,08;2,4977008520;1.761.930,69;0,000134141;EUR
Muster offensiv cVV;08.01.2025;-0,0012273401;-2.795,22;2,4938989419;1.759.135,47;0,002116848;EUR
Muster offensiv cVV;09.01.2025;0,0005463870;1.242,85;2,4958215316;1.760.378,32;-0,000482184;EUR
Muster offensiv cVV;10.01.2025;-0,0065288067;-14.858,95;2,4749140898;1.745.519,37;-0,005952702;EUR
Muster offensiv cVV;11.01.2025;0,0000019595;4,43;2,4749203717;1.745.523,80;0;EUR
Muster offensiv cVV;12.01.2025;0,0000019595;4,43;2,4749266537;1.745.528,23;0;EUR
Muster offensiv cVV;13.01.2025;0,0032393176;7.324,28;2,4854713316;1.752.852,51;-0,000261120;EUR
Muster offensiv cVV;14.01.2025;-0,0031648031;-7.178,98;2,4754509620;1.745.673,53;-0,000482552;EUR
Muster offensiv cVV;15.01.2025;0,0141270102;31.944,01;2,5209111118;1.777.617,54;0,012528452;EUR
Muster offensiv cVV;16.01.2025;0,0083350587;19.113,50;2,5481803910;1.796.731,04;0,002096300;EUR
Muster offensiv cVV;17.01.2025;0,0050809883;11.748,56;2,5650072350;1.808.479,60;0,007866240;EUR
Muster offensiv cVV;18.01.2025;0,0000020790;4,83;2,5650140879;1.808.484,43;0;EUR
Muster offensiv cVV;19.01.2025;0,0000020790;4,83;2,5650209409;1.808.489,26;0;EUR
Muster offensiv cVV;20.01.2025;-0,0061357891;-14.259,68;2,5449594361;1.794.229,59;-0,000831166;EUR
Muster offensiv cVV;21.01.2025;0,0050138232;11.580,71;2,5615499879;1.805.810,30;0,003885064;EUR
Muster offensiv cVV;22.01.2025;0,0103167506;23.948,66;2,5956877058;1.829.758,96;0,005117889;EUR
Muster offensiv cVV;23.01.2025;0,0004248123;996,31;2,5972675267;1.830.755,27;0,005090292;EUR
Muster offensiv cVV;24.01.2025;-0,0056570100;-13.272,94;2,5786025813;1.817.482,33;-0,004890531;EUR
Muster offensiv cVV;25.01.2025;0,0000020710;4,83;2,5786094365;1.817.487,16;0;EUR
Muster offensiv cVV;26.01.2025;0,0000020710;4,83;2,5786162916;1.817.491,99;0;EUR
Muster offensiv cVV;27.01.2025;-0,0115889315;-27.037,20;2,5404192103;1.790.454,79;-0,005094433;EUR
Muster offensiv cVV;28.01.2025;0,0071089829;16.393,19;2,5638431019;1.806.847,98;0,007426161;EUR
Muster offensiv cVV;29.01.2025;0,0002801901;650,71;2,5649305489;1.807.498,68;0,003044078;EUR
Muster offensiv cVV;30.01.2025;0,0120373402;27.963,06;2,6047781187;1.835.461,74;0,004332184;EUR
Muster offensiv cVV;31.01.2025;0,0010242457;2.407,99;2,6083621584;1.837.869,73;0,000656125;EUR
Muster offensiv cVV;01.02.2025;0,0000024069;5,66;2,6083701973;1.837.875,39;0;EUR
Muster offensiv cVV;02.02.2025;0,0000024069;5,66;2,6083782363;1.837.881,06;0;EUR
Muster offensiv cVV;03.02.2025;-0,0046935961;-11.045,95;2,5928671837;1.826.835,11;-0,005459796;EUR
Muster offensiv cVV;04.02.2025;0,0030514738;7.147,66;2,6031783055;1.833.982,77;0,001827710;EUR
Muster offensiv cVV;05.02.2025;0,0018681328;4.389,20;2,6095750210;1.838.371,96;0,002467496;EUR
Muster offensiv cVV;06.02.2025;0,0044196438;10.403,40;2,6245101956;1.848.775,36;0,008788188;EUR
Muster offensiv cVV;07.02.2025;0,0002020455;477,70;2,6253558344;1.849.253,06;-0,004182276;EUR
Muster offensiv cVV;08.02.2025;0,0000050663;11,98;2,6253728432;1.849.265,04;0;EUR
Muster offensiv cVV;09.02.2025;0,0000050663;11,98;2,6253898519;1.849.277,02;0;EUR
Muster offensiv cVV;10.02.2025;0,0038646233;9.139,08;2,6385327344;1.858.416,10;0,005688510;EUR
Muster offensiv cVV;11.02.2025;-0,0043519180;-10.331,21;2,6240320246;1.848.084,89;0,000577410;EUR
Muster offensiv cVV;12.02.2025;-0,0067848143;-16.036,67;2,6014278800;1.832.048,22;-0,000528423;EUR
Muster offensiv cVV;13.02.2025;0,0031877863;7.483,57;2,6122206107;1.839.531,79;0,010919774;EUR
Muster offensiv cVV;14.02.2025;-0,0080189695;-18.715,40;2,5858269825;1.820.816,39;-0,003753960;EUR
Muster offensiv cVV;15.02.2025;0,0000048121;11,14;2,5858428041;1.820.827,53;0;EUR
Muster offensiv cVV;16.02.2025;0,0000048121;11,14;2,5858586257;1.820.838,67;0;EUR
Muster offensiv cVV;17.02.2025;0,0048962266;11.335,73;2,6021412298;1.832.174,40;0,005696998;EUR
Muster offensiv cVV;18.02.2025;0,0098504317;22.917,36;2,6348759950;1.855.091,76;0,002048510;EUR
Muster offensiv cVV;19.02.2025;-0,0011884539;-2.792,21;2,6310961719;1.852.299,55;-0,006071337;EUR
Muster offensiv cVV;20.02.2025;-0,0077724774;-18.239,35;2,6053723075;1.834.060,20;-0,004821157;EUR
Muster offensiv cVV;21.02.2025;-0,0049877369;-11.613,54;2,5890576707;1.822.446,65;-0,003877043;EUR
Muster offensiv cVV;22.02.2025;0,0000034998;8,11;2,5890691897;1.822.454,76;0;EUR
Muster offensiv cVV;23.02.2025;0,0000034998;8,11;2,5890807088;1.822.462,87;0;EUR
Muster offensiv cVV;24.02.2025;-0,0009649708;-2.235,67;2,5860872998;1.820.227,20;0,000565014;EUR
Muster offensiv cVV;25.02.2025;-0,0051957855;-12.026,10;2,5691826482;1.808.201,11;-0,002570897;EUR
Muster offensiv cVV;26.02.2025;0,0074618506;17.181,36;2,5937778726;1.825.382,47;0,006968162;EUR
Muster offensiv cVV;27.02.2025;-0,0011562848;-2.682,28;2,5901492362;1.822.700,19;-0,005578157;EUR
Muster offensiv cVV;28.02.2025;0,0053271693;12.343,37;2,6078737187;1.835.043,56;0,004555938;EUR
Muster offensiv cVV;01.03.2025;0,0000104426;24,32;2,6079082881;1.835.067,88;0;EUR
Muster offensiv cVV;02.03.2025;0,0000034808;8,11;2,6079198112;1.835.075,99;0;EUR
Muster offensiv cVV;03.03.2025;-0,0068568036;-15.972,48;2,5854027770;1.819.103,51;0,002574508;EUR
Muster offensiv cVV;04.03.2025;-0,0170846371;-39.524,68;2,5294065422;1.779.578,83;-0,018770875;EUR
Muster offensiv cVV;05.03.2025;-0,0060544693;-13.767,49;2,5100149179;1.765.811,34;0,006624129;EUR
Muster offensiv cVV;06.03.2025;-0,0103181430;-23.320,77;2,4770400046;1.742.490,58;-0,002075835;EUR
Muster offensiv cVV;07.03.2025;-0,0069088714;-15.454,11;2,4552440092;1.727.036,47;-0,006565165;EUR
Muster offensiv cVV;08.03.2025;0,0000036552;8,12;2,4552555526;1.727.044,59;0;EUR
Muster offensiv cVV;09.03.2025;0,0000036552;8,12;2,4552670960;1.727.052,71;0;EUR
Muster offensiv cVV;10.03.2025;-0,0132127304;-29.350,92;2,4137101400;1.697.701,79;-0,013773016;EUR
Muster offensiv cVV;11.03.2025;-0,0125941507;-27.607,15;2,3746266392;1.670.094,64;-0,011249170;EUR
Muster offensiv cVV;12.03.2025;0,0062656076;13.561,62;2,3940775572;1.683.656,26;0,007887947;EUR
Muster offensiv cVV;13.03.2025;-0,0018175889;-3.958,74;2,3886162804;1.679.697,52;-0,003786049;EUR
Muster offensiv cVV;14.03.2025;0,0128932354;28.030,63;2,4286478765;1.707.728,15;0,013229115;EUR
Muster offensiv cVV;15.03.2025;0,0000059808;13,17;2,4286666065;1.707.741,32;0;EUR
Muster offensiv cVV;16.03.2025;0,0000059807;13,17;2,4286853365;1.707.754,49;0;EUR
Muster offensiv cVV;17.03.2025;0,0053548064;11.791,89;2,4456269180;1.719.546,38;0,004902682;EUR
Muster offensiv cVV;18.03.2025;-0,0025322692;-5.606,21;2,4378245920;1.713.940,18;0,000955094;EUR
Muster offensiv cVV;19.03.2025;0,0094230030;20.808,81;2,4675951573;1.734.748,99;0,003401826;EUR
Muster offensiv cVV;20.03.2025;-0,0014027649;-3.126,92;2,4633200316;1.731.622,08;-0,004214541;EUR
Muster offensiv cVV;21.03.2025;-0,0004289380;-954,81;2,4621343733;1.730.667,27;-0,000405204;EUR
Muster offensiv cVV;22.03.2025;0,0000057904;12,88;2,4621527024;1.730.680,15;0;EUR
Muster offensiv cVV;23.03.2025;0,0000057903;12,88;2,4621710314;1.730.693,04;0;EUR
Muster offensiv cVV;24.03.2025;0,0095071783;21.153,97;2,4924403942;1.751.847,01;0,004447423;EUR
Muster offensiv cVV;25.03.2025;0,0055650320;12.500,21;2,5104009164;1.764.347,22;0,005009235;EUR
Muster offensiv cVV;26.03.2025;-0,0033009736;-7.455,93;2,4999672924;1.756.891,29;-0,007424974;EUR
Muster offensiv cVV;27.03.2025;-0,0035367040;-7.962,01;2,4888119531;1.748.929,28;-0,004051796;EUR
Muster offensiv cVV;28.03.2025;-0,0145832538;-32.714,45;2,4424285701;1.716.214,83;-0,009907758;EUR
Muster offensiv cVV;29.03.2025;0,0000058776;12,99;2,4424470610;1.716.227,82;0;EUR
Muster offensiv cVV;30.03.2025;0,0000058776;12,99;2,4424655519;1.716.240,82;0;EUR
Muster offensiv cVV;31.03.2025;0,0009115373;2.015,04;2,4455042852;1.718.255,86;-0,004851023;EUR
Muster offensiv cVV;01.04.2025;0,0065554747;14.504,74;2,4663205455;1.732.760,60;0,008541897;EUR
Muster offensiv cVV;02.04.2025;-0,0003904272;-869,53;2,4652551728;1.731.891,08;-0,002181731;EUR
Muster offensiv cVV;03.04.2025;-0,0359192444;-79.965,24;2,3515931542;1.651.925,84;-0,032913421;EUR
Muster offensiv cVV;04.04.2025;-0,0488369770;-104.818,09;2,2025335259;1.547.107,75;-0,035831282;EUR
Muster offensiv cVV;05.04.2025;0,0000057281;11,69;2,2025501735;1.547.119,45;0;EUR
Muster offensiv cVV;06.04.2025;0,0000057280;11,69;2,2025668211;1.547.131,14;0;EUR
Muster offensiv cVV;07.04.2025;-0,0135104359;-27.581,43;2,1634516322;1.519.549,71;-0,020161756;EUR
Muster offensiv cVV;08.04.2025;0,0094572722;19.046,09;2,1907212466;1.538.595,80;0,007941535;EUR
Muster offensiv cVV;09.04.2025;0,0283370655;57.607,99;2,2729045731;1.596.203,78;0,008866730;EUR
Muster offensiv cVV;10.04.2025;-0,0138345497;-28.922,00;2,2318768520;1.567.281,78;0,007679796;EUR
Muster offensiv cVV;11.04.2025;0,0021696264;4.472,99;2,2384025619;1.571.754,77;-0,002906203;EUR
Muster offensiv cVV;12.04.2025;0,0000056597;11,69;2,2384192153;1.571.766,47;0;EUR
Muster offensiv cVV;13.04.2025;0,0000056597;11,69;2,2384358687;1.571.778,16;0;EUR
Muster offensiv cVV;14.04.2025;0,0123567135;25.530,67;2,2749536394;1.597.308,83;0,014407273;EUR
Muster offensiv cVV;15.04.2025;0,0074953498;15.677,79;2,2974425564;1.612.986,62;0,007803382;EUR
Muster offensiv cVV;16.04.2025;-0,0130984636;-27.603,00;2,2582836580;1.585.383,62;-0,006056352;EUR
Muster offensiv cVV;17.04.2025;0,0103284588;21.480,54;2,2890406472;1.606.864,16;0,000545027;EUR
Muster offensiv cVV;18.04.2025;-0,0011086917;-2.329,61;2,2858809948;1.604.534,55;0,000215445;EUR
Muster offensiv cVV;19.04.2025;0,0000055713;11,69;2,2858976540;1.604.546,25;0;EUR
Muster offensiv cVV;20.04.2025;0,0000055713;11,69;2,2859143132;1.604.557,94;0;EUR
Muster offensiv cVV;21.04.2025;-0,0160867095;-33.764,67;2,2379674446;1.570.793,27;-0,010313855;EUR
Muster offensiv cVV;22.04.2025;0,0168262648;34.748,81;2,2876343202;1.605.542,07;0,009707789;EUR
Muster offensiv cVV;23.04.2025;0,0141717172;29.759,21;2,3301981723;1.635.301,28;0,020913711;EUR
Muster offensiv cVV;24.04.2025;0,0074246806;15.812,05;2,3528926831;1.651.113,34;0,007959173;EUR
Muster offensiv cVV;25.04.2025;0,0077791882;16.690,04;2,3768415149;1.667.803,37;0,005248694;EUR
Muster offensiv cVV;26.04.2025;0,0000054179;11,71;2,3768582096;1.667.815,09;0;EUR
Muster offensiv cVV;27.04.2025;0,0000054179;11,71;2,3768749042;1.667.826,80;0;EUR
Muster offensiv cVV;28.04.2025;-0,0038236374;-8.267,42;2,3652568287;1.659.559,38;0,001069668;EUR
Muster offensiv cVV;29.04.2025;0,0046622252;10.042,05;2,3797341147;1.669.601,44;0,004450862;EUR
Muster offensiv cVV;30.04.2025;0,0095915808;20.755,81;2,4094850279;1.690.357,25;0,002956027;EUR
Muster offensiv cVV;01.05.2025;-0,0014934580;-3.262,78;2,4050008103;1.687.094,46;0,003716404;EUR
Muster offensiv cVV;02.05.2025;0,0159758899;34.850,67;2,4548514570;1.721.945,13;0,012456213;EUR
Muster offensiv cVV;03.05.2025;0,0000047370;10,50;2,4548664242;1.721.955,63;0;EUR
Muster offensiv cVV;04.05.2025;0,0000047370;10,50;2,4548813914;1.721.966,13;0;EUR
Muster offensiv cVV;05.05.2025;0,0032654757;7.237,36;2,4653698589;1.729.203,49;0,003584461;EUR
Muster offensiv cVV;06.05.2025;-0,0079363581;-17.646,99;2,4403789867;1.711.556,49;-0,003635324;EUR
Muster offensiv cVV;07.05.2025;0,0005232079;1.154,15;2,4421935614;1.712.710,65;-0,001388399;EUR
Muster offensiv cVV;08.05.2025;0,0046290356;10.216,61;2,4569315629;1.722.927,25;0,007952403;EUR
Muster offensiv cVV;09.05.2025;-0,0021175013;-4.695,11;2,4504056263;1.718.232,14;0,002588492;EUR
Muster offensiv cVV;10.05.2025;0,0000048424;10,71;2,4504209061;1.718.242,86;0;EUR
Muster offensiv cVV;11.05.2025;0,0000048424;10,71;2,4504361859;1.718.253,57;0;EUR
Muster offensiv cVV;12.05.2025;0,0202490557;44.803,32;2,5145048639;1.763.056,90;0,013724738;EUR
Muster offensiv cVV;13.05.2025;-0,0030028040;-6.778,58;2,5050101520;1.756.278,32;0,002268922;EUR
Muster offensiv cVV;14.05.2025;-0,0005932833;-1.335,27;2,5032784753;1.754.943,05;-0,002817593;EUR
Muster offensiv cVV;15.05.2025;0,0037735215;8.487,79;2,5155592096;1.763.430,84;0,005337048;EUR
Muster offensiv cVV;16.05.2025;0,0072480852;16.364,66;2,5390787932;1.779.795,50;0,004861804;EUR
Muster offensiv cVV;17.05.2025;0,0000047247;10,74;2,5390941216;1.779.806,25;0;EUR
Muster offensiv cVV;18.05.2025;0,0000047246;10,74;2,5391094500;1.779.816,99;0;EUR
Muster offensiv cVV;19.05.2025;-0,0007786857;-1.770,87;2,5367580445;1.778.046,12;0,000766594;EUR
Muster offensiv cVV;20.05.2025;-0,0016971134;-3.856,53;2,5314303916;1.774.189,59;0,000608823;EUR
Muster offensiv cVV;21.05.2025;-0,0079242017;-17.976,44;2,5059541134;1.756.213,15;-0,005209885;EUR
Muster offensiv cVV;22.05.2025;0,0006175752;1.389,90;2,5081101249;1.757.603,05;-0,000813736;EUR
Muster offensiv cVV;23.05.2025;-0,0088856405;-20.010,13;2,4797262823;1.737.592,92;-0,008738605;EUR
Muster offensiv cVV;24.05.2025;0,0000038658;8,63;2,4797385957;1.737.601,55;0;EUR
Muster offensiv cVV;25.05.2025;0,0000038658;8,63;2,4797509091;1.737.610,18;0;EUR
Muster offensiv cVV;26.05.2025;0,0019788342;4.416,70;2,4862251091;1.742.026,87;0,006164912;EUR
Muster offensiv cVV;27.05.2025;0,0138929550;31.070,01;2,5307424183;1.773.096,89;0,010217823;EUR
Muster offensiv cVV;28.05.2025;-0,0021516064;-4.878,67;2,5239526538;1.768.218,22;-0,003935290;EUR
Muster offensiv cVV;29.05.2025;-0,0069533815;-15.732,57;2,5016679761;1.752.485,65;-0,001591072;EUR
Muster offensiv cVV;30.05.2025;0,0034682319;7.792,58;2,5129645371;1.760.278,23;0,001494119;EUR
Muster offensiv cVV;31.05.2025;0;0;2,5129645371;1.760.278,23;0;EUR
Muster offensiv cVV;01.06.2025;0,0000038269;8,63;2,5129768548;1.760.286,86;0;EUR
Muster offensiv cVV;02.06.2025;-0,0004741253;-1.068,98;2,5116232930;1.759.217,87;-0,001990497;EUR
Muster offensiv cVV;03.06.2025;0,0061196552;13.791,12;2,5314865862;1.773.008,99;0,005428740;EUR
Muster offensiv cVV;04.06.2025;0,0013518515;3.065,15;2,5360370277;1.776.074,13;0,002239360;EUR
Muster offensiv cVV;05.06.2025;-0,0025578123;-5.807,34;2,5279182132;1.770.266,79;-0,002214522;EUR
Muster offensiv cVV;06.06.2025;0,0087327824;19.776,49;2,5563340919;1.790.043,28;0,004536741;EUR
Muster offensiv cVV;07.06.2025;0,0000037807;8,64;2,5563464259;1.790.051,92;0;EUR
Muster offensiv cVV;08.06.2025;0,0000037807;8,64;2,5563587598;1.790.060,55;0;EUR
Muster offensiv cVV;09.06.2025;-0,0040388050;-9.226,33;2,5433571280;1.780.834,23;-0,002192878;EUR
Muster offensiv cVV;10.06.2025;0,0004219442;960,00;2,5449025752;1.781.794,23;-0,001337319;EUR
Muster offensiv cVV;11.06.2025;-0,0036558634;-8.321,31;2,5331909250;1.773.472,92;-0,002896665;EUR
Muster offensiv cVV;12.06.2025;-0,0040335739;-9.147,47;2,5202974357;1.764.325,45;-0,004109180;EUR
Muster offensiv cVV;13.06.2025;-0,0064855903;-14.648,91;2,4995428914;1.749.676,55;-0,007448482;EUR
Muster offensiv cVV;14.06.2025;0,0000033750;7,57;2,4995537109;1.749.684,12;0;EUR
Muster offensiv cVV;15.06.2025;0,0000033750;7,57;2,4995645304;1.749.691,70;0;EUR
Muster offensiv cVV;16.06.2025;0,0051173119;11.483,51;2,5161417170;1.761.175,21;0,004951259;EUR
Muster offensiv cVV;17.06.2025;-0,0033285349;-7.507,63;2,5055871319;1.753.667,58;-0,005484011;EUR
Muster offensiv cVV;18.06.2025;-0,0020992193;-4.719,10;2,4990154547;1.748.948,48;-0,001158829;EUR
Muster offensiv cVV;19.06.2025;-0,0028575387;-6.410,34;2,4900260803;1.742.538,14;-0,004181930;EUR
Muster offensiv cVV;20.06.2025;-0,0053102308;-11.878,44;2,4732211362;1.730.659,70;0,002754662;EUR
Muster offensiv cVV;21.06.2025;0,0000053647;11,94;2,4732381943;1.730.671,63;0;EUR
Muster offensiv cVV;22.06.2025;0,0000053647;11,94;2,4732552525;1.730.683,57;0;EUR
Muster offensiv cVV;23.06.2025;0,0023778544;5.290,83;2,4809855757;1.735.974,40;0,000686955;EUR
Muster offensiv cVV;24.06.2025;0,0036499182;8.140,54;2,4927898428;1.744.114,94;0,008204827;EUR
Muster offensiv cVV;25.06.2025;-0,0004916003;-1.100,43;2,4913870113;1.743.014,50;-0,003352677;EUR
Muster offensiv cVV;26.06.2025;0,0074123822;16.584,27;2,5152633611;1.759.598,77;0,003084518;EUR
Muster offensiv cVV;27.06.2025;0,0012017325;2.708,65;2,5193069971;1.762.307,43;0,007755665;EUR
Muster offensiv cVV;28.06.2025;0,0000045555;10,28;2,5193216933;1.762.317,71;0;EUR
Muster offensiv cVV;29.06.2025;0,0000045555;10,28;2,5193363895;1.762.327,99;0;EUR
Muster offensiv cVV;30.06.2025;-0,0002911298;-656,99;2,5185688141;1.761.671,00;-0,000775992;EUR
Muster offensiv cVV;01.07.2025;-0,0047764113;-10.775,73;2,5033338353;1.750.895,27;-0,005104923;EUR
Muster offensiv cVV;02.07.2025;0,0017455428;3.919,19;2,5091081183;1.754.814,46;0,003318960;EUR
Muster offensiv cVV;03.07.2025;0,0069178478;15.559,44;2,5315279710;1.770.373,90;0,005742845;EUR
Muster offensiv cVV;04.07.2025;-0,0020319742;-4.601,88;2,5251193574;1.765.772,02;-0,002956946;EUR
Muster offensiv cVV;05.07.2025;0,0000030015;6,78;2,5251290585;1.765.778,80;0;EUR
Muster offensiv cVV;06.07.2025;0,0000030015;6,78;2,5251387596;1.765.785,59;0;EUR
Muster offensiv cVV;07.07.2025;0,0011595132;2.620,67;2,5290584087;1.768.406,26;0,003028602;EUR
Muster offensiv cVV;08.07.2025;-0,0023389295;-5.292,45;2,5216609210;1.763.113,81;0,002668683;EUR
Muster offensiv cVV;09.07.2025;0,0065934441;14.884,52;2,5431220525;1.777.998,33;0,007187386;EUR
Muster offensiv cVV;10.07.2025;0,0011089511;2.519,93;2,5468993906;1.780.518,26;0,000241527;EUR
Muster offensiv cVV;11.07.2025;-0,0012884186;-2.930,99;2,5428794829;1.777.587,27;-0,005384986;EUR
Muster offensiv cVV;12.07.2025;0,0000029859;6,78;2,5428891873;1.777.594,05;0;EUR
Muster offensiv cVV;13.07.2025;0,0000029859;6,78;2,5428988917;1.777.600,84;0;EUR
Muster offensiv cVV;14.07.2025;0,0010298754;2.339,84;2,5464189160;1.779.940,67;-0,000519107;EUR
Muster offensiv cVV;15.07.2025;-0,0025778583;-5.862,82;2,5382036519;1.774.077,85;-0,001037676;EUR
Muster offensiv cVV;16.07.2025;-0,0015043925;-3.412,62;2,5334929794;1.770.665,23;0,000507904;EUR
Muster offensiv cVV;17.07.2025;0,0101889436;23.078,21;2,5666876129;1.793.743,44;0,008422697;EUR
Muster offensiv cVV;18.07.2025;0,0000312196;71,43;2,5669637820;1.793.814,87;-0,002882568;EUR
Muster offensiv cVV;19.07.2025;0,0000029845;6,83;2,5669735545;1.793.821,70;0;EUR
Muster offensiv cVV;20.07.2025;0,0000029845;6,83;2,5669833269;1.793.828,53;0;EUR
Muster offensiv cVV;21.07.2025;-0,0013313203;-3.046,31;2,5627976336;1.790.782,22;0,000079066;EUR
Muster offensiv cVV;22.07.2025;-0,0080529413;-18.402,11;2,5366340395;1.772.380,11;-0,004411094;EUR
Muster offensiv cVV;23.07.2025;0,0070178347;15.907,60;2,5595742822;1.788.287,71;0,006480349;EUR
Muster offensiv cVV;24.07.2025;0,0017725746;4.046,16;2,5655391330;1.792.333,87;-0,000370221;EUR
Muster offensiv cVV;25.07.2025;-0,0008444122;-1.930,91;2,5629485731;1.790.402,96;-0,000081380;EUR
Muster offensiv cVV;26.07.2025;0,0000029889;6,83;2,5629583488;1.790.409,79;0;EUR
Muster offensiv cVV;27.07.2025;0,0000029889;6,83;2,5629681245;1.790.416,62;0;EUR
Muster offensiv cVV;28.07.2025;0,0045957359;10.500,23;2,5781734221;1.800.916,85;-0,001078727;EUR
Muster offensiv cVV;29.07.2025;0,0046070795;10.574,52;2,5934870591;1.811.491,37;0,006020685;EUR
Muster offensiv cVV;30.07.2025;0,0069205106;15.957,67;2,6165101791;1.827.449,03;0,001287521;EUR
Muster offensiv cVV;31.07.2025;-0,0046052807;-10.692,58;2,6013763869;1.816.756,45;-0,003666332;EUR
Muster offensiv cVV;01.08.2025;-0,0210304609;-48.603,83;2,5319524577;1.768.152,62;-0,018161182;EUR
Muster offensiv cVV;02.08.2025;0,0000030276;6,85;2,5319622667;1.768.159,47;0;EUR
Muster offensiv cVV;03.08.2025;0,0000030276;6,85;2,5319720757;1.768.166,32;0;EUR
Muster offensiv cVV;04.08.2025;0,0122995613;27.828,07;2,5719947555;1.795.994,39;0,010077134;EUR
Muster offensiv cVV;05.08.2025;-0,0030149460;-6.905,29;2,5622786883;1.789.089,10;0,000612139;EUR
Muster offensiv cVV;06.08.2025;0,0056064613;12.802,07;2,5807874108;1.801.891,17;0,001962967;EUR
Muster offensiv cVV;07.08.2025;-0,0070048250;-16.084,83;2,5579220360;1.785.806,33;0,004787813;EUR
Muster offensiv cVV;08.08.2025;-0,0006741328;-1.537,13;2,5558924831;1.784.269,20;0,000550464;EUR
Muster offensiv cVV;09.08.2025;0,0000019908;4,54;2,5558989811;1.784.273,73;0;EUR
Muster offensiv cVV;10.08.2025;0,0000019908;4,54;2,5559054791;1.784.278,27;0;EUR
Muster offensiv cVV;11.08.2025;-0,0001732768;-394,84;2,5555119813;1.783.883,44;-0,000482619;EUR
Muster offensiv cVV;12.08.2025;0,0030801968;6.961,99;2,5656733874;1.790.845,43;0,000788772;EUR
Muster offensiv cVV;13.08.2025;0,0013054788;2.959,79;2,5701019751;1.793.805,22;0,003240206;EUR
Muster offensiv cVV;14.08.2025;0,0073092445;16.593,19;2,5940660188;1.810.398,41;0,004377661;EUR
Muster offensiv cVV;15.08.2025;-0,0028622728;-6.545,32;2,5848765691;1.803.853,08;-0,002294679;EUR
Muster offensiv cVV;16.08.2025;0,0000021179;4,83;2,5848834893;1.803.857,91;0;EUR
Muster offensiv cVV;17.08.2025;0,0000021179;4,83;2,5848904095;1.803.862,74;0;EUR
Muster offensiv cVV;18.08.2025;0,0029696678;6.771,50;2,5947836069;1.810.634,24;0,000573171;EUR
Muster offensiv cVV;19.08.2025;-0,0018698137;-4.276,25;2,5888446907;1.806.357,99;0,000269869;EUR
Muster offensiv cVV;20.08.2025;-0,0004999181;-1.141,17;2,5873982967;1.805.216,82;-0,002186300;EUR
Muster offensiv cVV;21.08.2025;0,0006933996;1.582,04;2,5898550462;1.806.798,86;-0,000180101;EUR
Muster offensiv cVV;22.08.2025;0,0036113648;8.245,32;2,6018638628;1.815.044,18;0,003643204;EUR
Muster offensiv cVV;23.08.2025;0,0000028020;6,42;2,6018730665;1.815.050,60;0;EUR
Muster offensiv cVV;24.08.2025;0,0000028020;6,42;2,6018822703;1.815.057,02;0;EUR
Muster offensiv cVV;25.08.2025;0,0003407132;780,72;2,6031914748;1.815.837,74;-0,002533282;EUR
Muster offensiv cVV;26.08.2025;0,0019830040;4.545,44;2,6098982937;1.820.383,17;0,000080679;EUR
Muster offensiv cVV;27.08.2025;-0,0000343138;-78,81;2,6099757002;1.820.304,36;0,001026083;EUR
Muster offensiv cVV;28.08.2025;0,0014941706;3.431,61;2,6150866792;1.823.735,97;-0,001002242;EUR
Muster offensiv cVV;29.08.2025;-0,0036502690;-8.395,97;2,6032373147;1.815.340,00;-0,005301902;EUR
Muster offensiv cVV;30.08.2025;0,0000028016;6,42;2,6032465218;1.815.346,42;0;EUR
Muster offensiv cVV;31.08.2025;0;0;2,6032465218;1.815.346,42;0;EUR
Muster offensiv cVV;01.09.2025;-0,0001865509;-427,52;2,6028231039;1.814.918,90;0,001561180;EUR
Muster offensiv cVV;02.09.2025;-0,0061740399;-14.146,44;2,5827234325;1.800.772,46;-0,010441235;EUR
Muster offensiv cVV;03.09.2025;0,0045321512;10.320,31;2,5977142703;1.811.092,77;0,003505570;EUR
Muster offensiv cVV;04.09.2025;0,0101391349;23.192,79;2,6311720011;1.834.285,55;0,006723285;EUR
Muster offensiv cVV;05.09.2025;-0,0061299921;-14.164,24;2,6110442188;1.820.121,32;-0,005116412;EUR
Muster offensiv cVV;06.09.2025;0,0000027989;6,43;2,6110534396;1.820.127,74;0;EUR
Muster offensiv cVV;07.09.2025;0,0000027989;6,43;2,6110626604;1.820.134,17;0;EUR
Muster offensiv cVV;08.09.2025;0,0019724911;4.529,81;2,6177512511;1.824.663,99;0,004508293;EUR
Muster offensiv cVV;09.09.2025;0,0051419493;11.831,75;2,6349171947;1.836.495,73;-0,000372303;EUR
Muster offensiv cVV;10.09.2025;-0,0007373082;-1.705,29;2,6326618400;1.834.790,44;-0,000226697;EUR
Muster offensiv cVV;11.09.2025;0,0040305599;9.315,23;2,6462200812;1.844.105,67;0,003713376;EUR
Muster offensiv cVV;12.09.2025;-0,0039314752;-9.122,85;2,6333203540;1.834.982,82;-0,000723403;EUR
Muster offensiv cVV;13.09.2025;0,0000027879;6,44;2,6333296014;1.834.989,26;0;EUR
Muster offensiv cVV;14.09.2025;0,0000027879;6,44;2,6333388488;1.834.995,71;0;EUR
Muster offensiv cVV;15.09.2025;0,0038120020;8.810,89;2,6461751225;1.843.806,60;0,001909045;EUR
Muster offensiv cVV;16.09.2025;-0,0106726028;-24.762,21;2,6108265814;1.819.044,39;-0,009864874;EUR
Muster offensiv cVV;17.09.2025;0,0024330979;5.584,94;2,6190324551;1.824.629,33;0,000221436;EUR
Muster offensiv cVV;18.09.2025;0,0060679183;13.962,21;2,6392648507;1.838.591,54;0,008563501;EUR
Muster offensiv cVV;19.09.2025;0,0034868135;8.071,80;2,6510439030;1.846.663,35;0,001051966;EUR
Muster offensiv cVV;20.09.2025;0,0000027817;6,46;2,6510531797;1.846.669,81;0;EUR
Muster offensiv cVV;21.09.2025;0,0000027817;6,46;2,6510624563;1.846.676,27;0;EUR
Muster offensiv cVV;22.09.2025;-0,0051898537;-12.056,22;2,6339455360;1.834.620,05;-0,000696520;EUR
Muster offensiv cVV;23.09.2025;-0,0028468798;-6.579,08;2,6246900852;1.828.040,97;-0,000891039;EUR
Muster offensiv cVV;24.09.2025;0,0004771444;1.099,53;2,6264589104;1.829.140,50;0,001165621;EUR
Muster offensiv cVV;25.09.2025;-0,0018618234;-4.292,43;2,6204850325;1.824.848,07;-0,002433565;EUR
Muster offensiv cVV;26.09.2025;0,0050763637;11.681,77;2,6374508423;1.836.529,84;0,005105293;EUR
Muster offensiv cVV;27.09.2025;0,0000027939;6,46;2,6374601223;1.836.536,30;0;EUR
Muster offensiv cVV;28.09.2025;0,0000027939;6,46;2,6374694023;1.836.542,76;0;EUR
Muster offensiv cVV;29.09.2025;0,0010427618;2.411,81;2,6411239751;1.838.954,57;0,000437531;EUR
Muster offensiv cVV;30.09.2025;0,0038961177;9.020,74;2,6542714829;1.847.975,30;0,003179326;EUR
Muster offensiv cVV;01.10.2025;0,0048519812;11.277,63;2,6706626424;1.859.252,93;0,005337293;EUR
Muster offensiv cVV;02.10.2025;0,0044106350;10.301,53;2,6856539012;1.869.554,47;0,006322798;EUR
Muster offensiv cVV;03.10.2025;0,0007330756;1.719,73;2,6883184099;1.871.274,20;-0,000659291;EUR
Muster offensiv cVV;04.10.2025;0,0000027574;6,47;2,6883277096;1.871.280,67;0;EUR
Muster offensiv cVV;05.10.2025;0,0000027574;6,47;2,6883370093;1.871.287,14;0;EUR
Muster offensiv cVV;06.10.2025;0,0112486044;26.407,75;2,7264717841;1.897.694,89;0,002143052;EUR
Muster offensiv cVV;07.10.2025;-0,0024786946;-5.884,56;2,7182133615;1.891.810,34;0,000032619;EUR
Muster offensiv cVV;08.10.2025;0,0101026671;23.924,83;2,7527878236;1.915.735,17;0,006817837;EUR
Muster offensiv cVV;09.10.2025;0,0047314181;11.318,00;2,7692506719;1.927.053,17;0,000054028;EUR
Muster offensiv cVV;10.10.2025;-0,0210299398;-50.543,62;2,6968118274;1.876.509,54;-0,013751078;EUR
Muster offensiv cVV;11.10.2025;0,0000007865;1,85;2,6968144869;1.876.511,39;0;EUR
Muster offensiv cVV;12.10.2025;0,0000007865;1,85;2,6968171463;1.876.513,25;0;EUR
Muster offensiv cVV;13.10.2025;0,0101961137;23.990,16;2,7314911636;1.900.503,40;0,007403248;EUR
Muster offensiv cVV;14.10.2025;-0,0057932503;-13.769,76;2,7118958801;1.886.733,64;-0,003932275;EUR
Muster offensiv cVV;15.10.2025;0,0020262738;4.788,27;2,7189739906;1.891.521,92;0,000928602;EUR
Muster offensiv cVV;16.10.2025;-0,0058239371;-13.790,39;2,6993451488;1.877.731,52;-0,001210990;EUR
Muster offensiv cVV;17.10.2025;-0,0013176477;-3.101,86;2,6950798644;1.874.629,66;-0,006168760;EUR
Muster offensiv cVV;18.10.2025;0,0000007927;1,86;2,6950825438;1.874.631,52;0;EUR
Muster offensiv cVV;19.10.2025;0,0000007927;1,86;2,6950852232;1.874.633,39;0;EUR
Muster offensiv cVV;20.10.2025;0,0150151799;35.300,58;2,7460328589;1.909.933,97;0,011482807;EUR
Muster offensiv cVV;21.10.2025;-0,0010782800;-2.573,09;2,7425304403;1.907.360,88;0,002570591;EUR
Muster offensiv cVV;22.10.2025;-0,0007926993;-1.889,57;2,7400103085;1.905.471,30;-0,004648506;EUR
Muster offensiv cVV;23.10.2025;0,0058970449;14.045,76;2,7604059041;1.919.517,07;0,002504867;EUR
Muster offensiv cVV;24.10.2025;0,0061570804;14.751,60;2,7818194626;1.934.268,67;0,002041330;EUR
Muster offensiv cVV;25.10.2025;0,0000007731;1,86;2,7818221429;1.934.270,53;0;EUR
Muster offensiv cVV;26.10.2025;0,0000007731;1,86;2,7818248233;1.934.272,40;0;EUR
Muster offensiv cVV;27.10.2025;0,0053778335;12.963,98;2,8006702567;1.947.236,37;0,004975639;EUR
Muster offensiv cVV;28.10.2025;-0,0036119277;-8.753,85;2,7882797515;1.938.482,52;-0,000517798;EUR
Muster offensiv cVV;29.10.2025;0,0001221447;294,96;2,7889039677;1.938.777,48;-0,002621086;EUR
Muster offensiv cVV;30.10.2025;-0,0029008905;-7.006,05;2,7790250327;1.931.771,43;-0,000767810;EUR
Muster offensiv cVV;31.10.2025;0,0004250716;1.023,63;2,7806968220;1.932.795,06;-0,000832791;EUR
Muster offensiv cVV;01.11.2025;0,0000007736;1,86;2,7806995033;1.932.796,93;0;EUR
Muster offensiv cVV;02.11.2025;0,0000007736;1,86;2,7807021846;1.932.798,79;0;EUR
Muster offensiv cVV;03.11.2025;0,0040111440;9.663,48;2,7948051001;1.942.462,27;0,003433226;EUR
Muster offensiv cVV;04.11.2025;-0,0034830948;-8.424,99;2,7828824857;1.934.037,28;-0,005796989;EUR
Muster offensiv cVV;05.11.2025;-0,0007471584;-1.800,95;2,7804900702;1.932.236,34;0,002660029;EUR
Muster offensiv cVV;06.11.2025;-0,0140912390;-33.940,10;2,7318456420;1.898.296,24;-0,009638776;EUR
Muster offensiv cVV;07.11.2025;-0,0033734966;-8.010,89;2,7205116582;1.890.285,34;-0,003588308;EUR
Muster offensiv cVV;08.11.2025;0,0000007969;1,89;2,7205143725;1.890.287,23;0;EUR
Muster offensiv cVV;09.11.2025;0,0000007969;1,89;2,7205170868;1.890.289,12;0;EUR
Muster offensiv cVV;10.11.2025;0,0182964893;43.301,36;2,7830356211;1.933.590,48;0,012319159;EUR
Muster offensiv cVV;11.11.2025;0,0022644262;5.457,15;2,7910895733;1.939.047,63;0,002239128;EUR
Muster offensiv cVV;12.11.2025;0,0052885774;12.774,07;2,8096773957;1.951.821,70;0,005567696;EUR
Muster offensiv cVV;13.11.2025;-0,0152717149;-37.082,49;2,7564933745;1.914.739,21;-0,011905112;EUR
Muster offensiv cVV;14.11.2025;-0,0053205586;-12.721,98;2,7383740065;1.902.017,23;-0,003064611;EUR
Muster offensiv cVV;15.11.2025;0,0000016233;3,86;2,7383795650;1.902.021,09;0;EUR
Muster offensiv cVV;16.11.2025;0,0000016233;3,86;2,7383851236;1.902.024,95;0;EUR
Muster offensiv cVV;17.11.2025;-0,0092772437;-22.064,85;2,7068109945;1.879.960,10;-0,007255501;EUR
Muster offensiv cVV;18.11.2025;-0,0116429214;-27.434,44;2,6675004570;1.852.525,65;-0,010039501;EUR
Muster offensiv cVV;19.11.2025;0,0063525729;14.794,41;2,6889950036;1.867.320,07;0,001476105;EUR
Muster offensiv cVV;20.11.2025;-0,0075206644;-17.626,03;2,6638028276;1.849.694,04;-0,001510189;EUR
Muster offensiv cVV;21.11.2025;0,0043706784;10.166,43;2,6786346251;1.859.860,47;0,000229202;EUR
Muster offensiv cVV;22.11.2025;0,0000016526;3,86;2,6786401856;1.859.864,33;0;EUR
Muster offensiv cVV;23.11.2025;0,0000016526;3,86;2,6786457461;1.859.868,19;0;EUR
Muster offensiv cVV;24.11.2025;0,0110719551;25.866,61;2,7160931109;1.885.734,80;0,006193139;EUR
Muster offensiv cVV;25.11.2025;0,0089425264;21.123,09;2,7467129714;1.906.857,89;0,006167032;EUR
Muster offensiv cVV;26.11.2025;0,0048090727;11.461,07;2,7634185514;1.918.318,96;0,006578322;EUR
Muster offensiv cVV;27.11.2025;0,0002762865;661,62;2,7645682567;1.918.980,57;0,000794192;EUR
Muster offensiv cVV;28.11.2025;0,0052047937;12.467,25;2,7827269631;1.931.447,82;0,002604640;EUR
Muster offensiv cVV;29.11.2025;0,0000016035;3,86;2,7827325256;1.931.451,68;0;EUR
Muster offensiv cVV;30.11.2025;0,0000016035;3,86;2,7827380881;1.931.455,55;0;EUR
Muster offensiv cVV;01.12.2025;-0,0083787916;-20.174,58;2,7538673365;1.911.280,97;-0,006787550;EUR
Muster offensiv cVV;02.12.2025;0,0017798450;4.249,63;2,7601864931;1.915.530,60;0,003357246;EUR
Muster offensiv cVV;03.12.2025;-0,0043275817;-10.351,10;2,7454660226;1.905.179,50;-0,000472101;EUR
Muster offensiv cVV;04.12.2025;0,0029955091;7.133,92;2,7559420174;1.912.313,42;0,003787880;EUR
Muster offensiv cVV;05.12.2025;0,0038846156;9.279,08;2,7695111321;1.921.592,49;0,002914081;EUR
Muster offensiv cVV;06.12.2025;0,0000008611;2,06;2,7695141079;1.921.594,56;0;EUR
Muster offensiv cVV;07.12.2025;0,0000008611;2,06;2,7695170838;1.921.596,62;0;EUR
Muster offensiv cVV;08.12.2025;-0,0034625943;-8.303,15;2,7577457101;1.913.293,47;-0,001069969;EUR
Muster offensiv cVV;09.12.2025;-0,0012256110;-2.928,78;2,7537195239;1.910.364,69;0,001487801;EUR
Muster offensiv cVV;10.12.2025;-0,0018847517;-4.498,38;2,7474300018;1.905.866,31;0,001001077;EUR
Muster offensiv cVV;11.12.2025;0,0036633711;8.726,98;2,7602060653;1.914.593,28;0,000743997;EUR
Muster offensiv cVV;12.12.2025;-0,0050502514;-12.074,91;2,7429923275;1.902.518,37;-0,004169092;EUR
Muster offensiv cVV;13.12.2025;0,0000008737;2,08;2,7429953243;1.902.520,45;0;EUR
Muster offensiv cVV;14.12.2025;0,0000008737;2,08;2,7429983210;1.902.522,53;0;EUR
Muster offensiv cVV;15.12.2025;0,0039403147;9.373,54;2,7567079700;1.911.896,07;0,000201922;EUR
Muster offensiv cVV;16.12.2025;-0,0028320410;-6.763,64;2,7471500872;1.905.132,43;-0,003879256;EUR
Muster offensiv cVV;17.12.2025;-0,0075532978;-17.988,12;2,7214042185;1.887.144,32;-0,004857285;EUR
Muster offensiv cVV;18.12.2025;0,0111938940;26.456,81;2,7597520872;1.913.601,13;0,007401394;EUR
Muster offensiv cVV;19.12.2025;0,0077850304;18.605,92;2,7867821080;1.932.207,04;0,004295209;EUR
Muster offensiv cVV;20.12.2025;0,0000008705;2,10;2,7867851318;1.932.209,14;0;EUR
Muster offensiv cVV;21.12.2025;0,0000008705;2,10;2,7867881557;1.932.211,24;0;EUR
Muster offensiv cVV;22.12.2025;0,0028332780;6.824,15;2,7968281124;1.939.035,39;0,000531542;EUR
Muster offensiv cVV;23.12.2025;0,0030412622;7.345,85;2,8076219400;1.946.381,24;0,002670793;EUR
Muster offensiv cVV;24.12.2025;0,0020824755;5.045,30;2,8150984629;1.951.426,53;0,000748672;EUR
Muster offensiv cVV;25.12.2025;-0,0001694833;-411,47;2,8147035459;1.951.015,06;0,000032962;EUR
Muster offensiv cVV;26.12.2025;-0,0001480956;-359,48;2,8143834876;1.950.655,58;-0,000057086;EUR
Muster offensiv cVV;27.12.2025;0,0000008651;2,10;2,8143865169;1.950.657,68;0;EUR
Muster offensiv cVV;28.12.2025;0,0000008651;2,10;2,8143895462;1.950.659,78;0;EUR
Muster offensiv cVV;29.12.2025;-0,0019198881;-4.659,61;2,8078647496;1.946.000,18;0,000049512;EUR
Muster offensiv cVV;30.12.2025;0,0028278530;6.850,08;2,8179473231;1.952.850,25;0,002043664;EUR
Muster offensiv cVV;31.12.2025;-0,0037486265;-9.106,20;2,8050048256;1.943.744,05;-0,001863019;EUR
Muster offensiv cVV;01.01.2026;-0,0002312278;-559,60;2,8043948355;1.943.184,46;0,000016564;EUR
Muster offensiv cVV;02.01.2026;-0,0020264560;-4.903,10;2,7975157038;1.938.281,36;0,001510320;EUR
Muster offensiv cVV;03.01.2026;0,0000008730;2,11;2,7975187462;1.938.283,47;0;EUR
Muster offensiv cVV;04.01.2026;0,0000008730;2,11;2,7975217886;1.938.285,57;0;EUR
Muster offensiv cVV;05.01.2026;0,0125404999;30.280,86;2,8414260724;1.968.566,43;0,009567150;EUR
Muster offensiv cVV;06.01.2026;0,0079200623;19.363,97;2,8695779132;1.987.930,39;0,003440850;EUR
Muster offensiv cVV;07.01.2026;0,0018203587;4.485,89;2,8762556111;1.992.416,29;0,002668113;EUR
Muster offensiv cVV;08.01.2026;-0,0010266349;-2.534,53;2,8727987500;1.989.881,76;0,000136740;EUR
Muster offensiv cVV;09.01.2026;0,0060826681;15.001,33;2,8946596668;2.004.883,08;0,005137449;EUR
Muster offensiv cVV;10.01.2026;0,0000008495;2,11;2,8946627103;2.004.885,19;0;EUR
Muster offensiv cVV;11.01.2026;0,0000008495;2,11;2,8946657537;2.004.887,30;0;EUR
Muster offensiv cVV;12.01.2026;-0,0000798865;-198,22;2,8945829353;2.004.689,08;0,001993323;EUR
Muster offensiv cVV;13.01.2026;-0,0055173550;-13.688,83;2,8750194741;1.991.000,25;0,000957067;EUR
Muster offensiv cVV;14.01.2026;-0,0067758704;-16.718,51;2,8510779801;1.974.281,74;-0,002843963;EUR
Muster offensiv cVV;15.01.2026;0,0055099494;13.502,91;2,8707791201;1.987.784,65;0,003615628;EUR
Muster offensiv cVV;16.01.2026;-0,0009225206;-2.273,22;2,8676972821;1.985.511,43;-0,001055070;EUR
Muster offensiv cVV;17.01.2026;0,0000008562;2,11;2,8677003266;1.985.513,54;0;EUR
Muster offensiv cVV;18.01.2026;0,0000008562;2,11;2,8677033711;1.985.515,65;0;EUR
Muster offensiv cVV;19.01.2026;-0,0041620259;-10.246,39;2,8531044692;1.975.269,26;-0,006691915;EUR
Muster offensiv cVV;20.01.2026;-0,0148177147;-36.327,54;2,8008288426;1.938.941,72;-0,012628851;EUR
Muster offensiv cVV;21.01.2026;0,0048357021;11.679,68;2,8178977588;1.950.621,40;0,001243633;EUR
Muster offensiv cVV;22.01.2026;0,0084529616;20.515,18;2,8477337702;1.971.136,58;0,006019712;EUR
Muster offensiv cVV;23.01.2026;-0,0037076203;-9.074,39;2,8348223457;1.962.062,19;0,000149402;EUR
Muster offensiv cVV;24.01.2026;0,0000008645;2,11;2,8348253913;1.962.064,30;0;EUR
Muster offensiv cVV;25.01.2026;0,0000008645;2,11;2,8348284369;1.962.066,41;0;EUR
Muster offensiv cVV;26.01.2026;0,0014755117;3.597,93;2,8402255791;1.965.664,33;-0,001067433;EUR
Muster offensiv cVV;27.01.2026;-0,0038640005;-9.435,98;2,8267891308;1.956.228,35;-0,000055418;EUR
Muster offensiv cVV;28.01.2026;0,0070586284;17.170,73;2,8518006384;1.973.399,08;-0,001240428;EUR
Muster offensiv cVV;29.01.2026;-0,0012784216;-3.131,82;2,8474738490;1.970.267,26;-0,007511878;EUR
Muster offensiv cVV;30.01.2026;-0,0037501566;-9.175,23;2,8344116864;1.961.092,03;0,002964996;EUR
Muster offensiv cVV;31.01.2026;0;0;2,8344116864;1.961.092,03;0;EUR
Muster offensiv cVV;01.02.2026;0,0000008648;2,11;2,8344147330;1.961.094,13;0;EUR
Muster offensiv cVV;02.02.2026;0,0066898232;16.306,13;2,8581820384;1.977.400,27;0,007976476;EUR
Muster offensiv cVV;03.02.2026;-0,0070103278;-17.201,66;2,8335162191;1.960.198,61;-0,002322558;EUR
Muster offensiv cVV;04.02.2026;-0,0052447753;-12.779,20;2,8152400902;1.947.419,41;-0,003323966;EUR
Muster offensiv cVV;05.02.2026;-0,0102726163;-24.898,55;2,7794400506;1.922.520,86;-0,005810909;EUR
Muster offensiv cVV;06.02.2026;0,0119719998;28.719,39;2,8211572397;1.951.240,25;0,009144081;EUR
Muster offensiv cVV;07.02.2026;0,0000008683;2,11;2,8211602874;1.951.242,36;0;EUR
Muster offensiv cVV;08.02.2026;0,0000008683;2,11;2,8211633351;1.951.244,47;0;EUR
Muster offensiv cVV;09.02.2026;0,0001234875;299,78;2,8217935220;1.951.544,25;0,005217581;EUR
Muster offensiv cVV;10.02.2026;-0,0009871218;-2.396,64;2,8185246126;1.949.147,61;-0,000223212;EUR
Muster offensiv cVV;11.02.2026;0,0000542080;131,48;2,8189111480;1.949.279,09;-0,000387444;EUR
Muster offensiv cVV;12.02.2026;-0,0075207324;-18.101,14;2,7929460696;1.931.177,95;-0,005004470;EUR
Muster offensiv cVV;13.02.2026;0,0029194037;6.973,67;2,8032439003;1.938.151,62;0,001919521;EUR
Muster offensiv cVV;14.02.2026;0,0000008799;2,11;2,8032469491;1.938.153,73;0;EUR
Muster offensiv cVV;15.02.2026;0,0000008799;2,11;2,8032499979;1.938.155,84;0;EUR
Muster offensiv cVV;16.02.2026;-0,0013929478;-3.337,10;2,7986351924;1.934.818,74;-0,001988429;EUR
Muster offensiv cVV;17.02.2026;0,0025666834;6.140,46;2,8077295290;1.940.959,20;0,004454359;EUR
Muster offensiv cVV;18.02.2026;0,0107210581;25.714,59;2,8451426012;1.966.673,79;0,006634225;EUR
Muster offensiv cVV;19.02.2026;-0,0025739249;-6.239,78;2,8363300707;1.960.434,01;-0,002628818;EUR
Muster offensiv cVV;20.02.2026;0,0068612449;16.590,40;2,8605490161;1.977.024,42;0,004741742;EUR
Muster offensiv cVV;21.02.2026;0,0000003802;0,93;2,8605503556;1.977.025,35;0;EUR
Muster offensiv cVV;22.02.2026;0,0000003802;0,93;2,8605516950;1.977.026,27;0;EUR
Muster offensiv cVV;23.02.2026;0,0000003802;0,93;2,8607691380;1.977.027,20;0;EUR
