Portfolio Name;Datum;Performance [%] (Intervall);Performance (Intervall);Performance [%] (kumuliert);Performance (kumuliert);Benchmark Performance [%] (Intervall);Währung
Muster Defensiv Plus cVV;30.12.2008;0;0;0;0;0;EUR
Muster Defensiv Plus cVV;31.12.2008;0,0013533311;1.359,01;0,0013533311;1.359,01;0,007796362;EUR
Muster Defensiv Plus cVV;01.01.2009;0,0000785740;79,01;0,0014320114;1.438,02;0;EUR
Muster Defensiv Plus cVV;02.01.2009;0,0014451924;1.453,34;0,0028792733;2.891,36;0,011338005;EUR
Muster Defensiv Plus cVV;03.01.2009;0,0000784545;79,01;0,0029579537;2.970,37;0;EUR
Muster Defensiv Plus cVV;04.01.2009;0,0000784483;79,01;0,0030366341;3.049,38;0;EUR
Muster Defensiv Plus cVV;05.01.2009;0,0021979094;2.213,84;0,0052412177;5.263,21;0,004614411;EUR
Muster Defensiv Plus cVV;06.01.2009;0,0013881786;1.401,31;0,0066366720;6.664,52;0,008375310;EUR
Muster Defensiv Plus cVV;07.01.2009;-0,0062543350;-6.322,26;0,0003408291;342,26;-0,011200889;EUR
Muster Defensiv Plus cVV;08.01.2009;-0,0036134632;-3.629,86;-0,0032738657;-3.287,61;-0,000541928;EUR
Muster Defensiv Plus cVV;09.01.2009;-0,0060569334;-6.062,44;-0,0093109695;-9.350,04;0,001648362;EUR
Muster Defensiv Plus cVV;10.01.2009;0,0000794198;79,01;-0,0092322891;-9.271,03;0;EUR
Muster Defensiv Plus cVV;11.01.2009;0,0000794135;79,01;-0,0091536088;-9.192,02;0;EUR
Muster Defensiv Plus cVV;12.01.2009;-0,0028665923;-2.852,27;-0,0119939614;-12.044,30;-0,004215014;EUR
Muster Defensiv Plus cVV;13.01.2009;-0,0067477767;-6.694,82;-0,0186608055;-18.739,12;0,000065150;EUR
Muster Defensiv Plus cVV;14.01.2009;-0,0109874573;-10.827,67;-0,0294432280;-29.566,79;-0,010724851;EUR
Muster Defensiv Plus cVV;15.01.2009;-0,0062946692;-6.134,97;-0,0355525618;-35.701,76;-0,000840955;EUR
Muster Defensiv Plus cVV;16.01.2009;-0,0013337864;-1.291,77;-0,0368389288;-36.993,53;0,001707155;EUR
Muster Defensiv Plus cVV;17.01.2009;0,0000870744;84,22;-0,0367550621;-36.909,31;0;EUR
Muster Defensiv Plus cVV;18.01.2009;0,0000870668;84,22;-0,0366711954;-36.825,09;0;EUR
Muster Defensiv Plus cVV;19.01.2009;-0,0039022558;-3.774,93;-0,0404303508;-40.600,02;-0,000369930;EUR
Muster Defensiv Plus cVV;20.01.2009;-0,0029079402;-2.802,08;-0,0432207220;-43.402,10;-0,007726980;EUR
Muster Defensiv Plus cVV;21.01.2009;0,0020889155;2.007,02;-0,0412220909;-41.395,09;0,008894498;EUR
Muster Defensiv Plus cVV;22.01.2009;-0,0048501233;-4.669,71;-0,0458722820;-46.064,79;-0,005850768;EUR
Muster Defensiv Plus cVV;23.01.2009;-0,0038406053;-3.679,81;-0,0495367100;-49.744,60;0,004225019;EUR
Muster Defensiv Plus cVV;24.01.2009;0,0000882377;84,22;-0,0494528433;-49.660,38;0;EUR
Muster Defensiv Plus cVV;25.01.2009;0,0000882299;84,22;-0,0493689766;-49.576,16;0;EUR
Muster Defensiv Plus cVV;26.01.2009;0,0002030583;193,84;-0,0491759430;-49.382,32;-0,009342602;EUR
Muster Defensiv Plus cVV;27.01.2009;0,0036272692;3.463,37;-0,0457270482;-45.918,95;0,000753623;EUR
Muster Defensiv Plus cVV;28.01.2009;0,0087412225;8.376,52;-0,0373855360;-37.542,43;0,010930026;EUR
Muster Defensiv Plus cVV;29.01.2009;0,0028428921;2.748,09;-0,0346489270;-34.794,34;-0,006282341;EUR
Muster Defensiv Plus cVV;30.01.2009;-0,0032850461;-3.184,53;-0,0378201498;-37.978,87;-0,001375894;EUR
Muster Defensiv Plus cVV;31.01.2009;0,0000871632;84,22;-0,0377362831;-37.894,65;0;EUR
Muster Defensiv Plus cVV;01.02.2009;0,0000871556;84,22;-0,0376524164;-37.810,43;0;EUR
Muster Defensiv Plus cVV;02.02.2009;-0,0058153575;-5.619,88;-0,0432488116;-43.430,31;-0,001893524;EUR
Muster Defensiv Plus cVV;03.02.2009;0,0033307460;3.200,07;-0,0400621164;-40.230,24;0,002799630;EUR
Muster Defensiv Plus cVV;04.02.2009;0,0115149693;11.100,04;-0,0290084611;-29.130,20;0,003272286;EUR
Muster Defensiv Plus cVV;05.02.2009;0,0015514775;1.512,79;-0,0275019896;-27.617,41;0,003694141;EUR
Muster Defensiv Plus cVV;06.02.2009;0,0137567623;13.434,57;-0,0141235656;-14.182,84;0,007672488;EUR
Muster Defensiv Plus cVV;07.02.2009;0,0000850682;84,22;-0,0140396989;-14.098,62;0;EUR
Muster Defensiv Plus cVV;08.02.2009;0,0000850609;84,22;-0,0139558322;-14.014,40;0;EUR
Muster Defensiv Plus cVV;09.02.2009;0,0010499013;1.039,59;-0,0129205832;-12.974,81;-0,006524586;EUR
Muster Defensiv Plus cVV;10.02.2009;-0,0076485969;-7.581,46;-0,0204703557;-20.556,26;-0,010989892;EUR
Muster Defensiv Plus cVV;11.02.2009;-0,0007828891;-770,08;-0,0212372188;-21.326,34;0,001820806;EUR
Muster Defensiv Plus cVV;12.02.2009;-0,0040644287;-3.994,81;-0,0252153304;-25.321,15;0,005521077;EUR
Muster Defensiv Plus cVV;13.02.2009;-0,0006502424;-636,51;-0,0258491767;-25.957,66;-0,002861981;EUR
Muster Defensiv Plus cVV;14.02.2009;0,0000860921;84,22;-0,0257653100;-25.873,44;0;EUR
Muster Defensiv Plus cVV;15.02.2009;0,0000860847;84,22;-0,0256814433;-25.789,22;0;EUR
Muster Defensiv Plus cVV;16.02.2009;-0,0016921952;-1.655,66;-0,0273301804;-27.444,88;0,001650566;EUR
Muster Defensiv Plus cVV;17.02.2009;-0,0084389724;-8.242,78;-0,0355385142;-35.687,66;-0,007479463;EUR
Muster Defensiv Plus cVV;18.02.2009;-0,0012077135;-1.169,68;-0,0367033073;-36.857,34;-0,000577489;EUR
Muster Defensiv Plus cVV;19.02.2009;-0,0025935381;-2.508,83;-0,0392016540;-39.366,17;-0,006473211;EUR
Muster Defensiv Plus cVV;20.02.2009;-0,0104580354;-10.090,23;-0,0492497171;-49.456,40;-0,004377668;EUR
Muster Defensiv Plus cVV;21.02.2009;0,0000882111;84,22;-0,0491658504;-49.372,18;0;EUR
Muster Defensiv Plus cVV;22.02.2009;0,0000882033;84,22;-0,0490819837;-49.287,96;0;EUR
Muster Defensiv Plus cVV;23.02.2009;-0,0083979021;-8.019,23;-0,0570677001;-57.307,19;-0,012147462;EUR
Muster Defensiv Plus cVV;24.02.2009;-0,0004376102;-414,37;-0,0574803369;-57.721,56;0,008604147;EUR
Muster Defensiv Plus cVV;25.02.2009;-0,0075278640;-7.124,94;-0,0645754967;-64.846,50;-0,000212714;EUR
Muster Defensiv Plus cVV;26.02.2009;0,0014616911;1.373,04;-0,0632081950;-63.473,46;-0,001994063;EUR
Muster Defensiv Plus cVV;27.02.2009;-0,0021513716;-2.023,85;-0,0652235823;-65.497,30;-0,004770660;EUR
Muster Defensiv Plus cVV;28.02.2009;0,0000959357;90,05;-0,0651339038;-65.407,25;0;EUR
Muster Defensiv Plus cVV;01.03.2009;0,0000959265;90,05;-0,0650442254;-65.317,19;0;EUR
Muster Defensiv Plus cVV;02.03.2009;-0,0094407435;-8.863,72;-0,0738709030;-74.180,91;-0,012695548;EUR
Muster Defensiv Plus cVV;03.03.2009;-0,0050927312;-4.736,32;-0,0785874296;-78.917,23;-0,002994677;EUR
Muster Defensiv Plus cVV;04.03.2009;0,0085870328;7.945,40;-0,0706752296;-70.971,83;0,009909631;EUR
Muster Defensiv Plus cVV;05.03.2009;-0,0049478111;-4.617,42;-0,0752733531;-75.589,25;-0,011180809;EUR
Muster Defensiv Plus cVV;06.03.2009;-0,0050058509;-4.648,47;-0,0799023968;-80.237,72;-0,002656147;EUR
Muster Defensiv Plus cVV;07.03.2009;0,0000974662;90,05;-0,0798127183;-80.147,66;0;EUR
Muster Defensiv Plus cVV;08.03.2009;0,0000974567;90,05;-0,0797230399;-80.057,61;0;EUR
Muster Defensiv Plus cVV;09.03.2009;-0,0022598279;-2.088,40;-0,0818027074;-82.146,01;-0,005603682;EUR
Muster Defensiv Plus cVV;10.03.2009;0,0102313574;9.433,83;-0,0724083027;-72.712,18;0,014118422;EUR
Muster Defensiv Plus cVV;11.03.2009;0,0062066034;5.781,35;-0,0666511089;-66.930,82;0,000426027;EUR
Muster Defensiv Plus cVV;12.03.2009;0,0049226747;4.613,85;-0,0620565359;-62.316,97;0,008925621;EUR
Muster Defensiv Plus cVV;13.03.2009;0,0013137875;1.237,43;-0,0608242775;-61.079,54;0,000651136;EUR
Muster Defensiv Plus cVV;14.03.2009;0,0000954863;90,05;-0,0607345991;-60.989,48;0;EUR
Muster Defensiv Plus cVV;15.03.2009;0,0000954772;90,05;-0,0606449206;-60.899,43;0;EUR
Muster Defensiv Plus cVV;16.03.2009;0,0010539412;994,18;-0,0596548956;-59.905,25;0,004060453;EUR
Muster Defensiv Plus cVV;17.03.2009;-0,0023981953;-2.264,60;-0,0619100268;-62.169,84;0,007585010;EUR
Muster Defensiv Plus cVV;18.03.2009;-0,0013948862;-1.314,02;-0,0632185556;-63.483,86;-0,002244458;EUR
Muster Defensiv Plus cVV;19.03.2009;0,0014931016;1.404,58;-0,0618198457;-62.079,28;-0,005837884;EUR
Muster Defensiv Plus cVV;20.03.2009;0,0021990145;2.071,73;-0,0597567739;-60.007,55;-0,001667024;EUR
Muster Defensiv Plus cVV;21.03.2009;0,0000953779;90,05;-0,0596670955;-59.917,50;0;EUR
Muster Defensiv Plus cVV;22.03.2009;0,0000953688;90,05;-0,0595774170;-59.827,44;0;EUR
Muster Defensiv Plus cVV;23.03.2009;0,0072294339;6.827,25;-0,0527786941;-53.000,19;0,017046687;EUR
Muster Defensiv Plus cVV;24.03.2009;0,0015925782;1.514,85;-0,0512701701;-51.485,33;-0,003311713;EUR
Muster Defensiv Plus cVV;25.03.2009;-0,0029058332;-2.768,42;-0,0540270207;-54.253,75;0,002178766;EUR
Muster Defensiv Plus cVV;26.03.2009;0,0031177977;2.961,73;-0,0510776684;-51.292,02;0,003071979;EUR
Muster Defensiv Plus cVV;27.03.2009;0,0004633777;441,55;-0,0506379589;-50.850,47;0,003353373;EUR
Muster Defensiv Plus cVV;28.03.2009;0,0000944618;90,05;-0,0505482804;-50.760,41;0;EUR
Muster Defensiv Plus cVV;29.03.2009;0,0000944529;90,05;-0,0504586020;-50.670,36;0;EUR
Muster Defensiv Plus cVV;30.03.2009;-0,0104580180;-9.972,00;-0,0603889230;-60.642,35;-0,007379887;EUR
Muster Defensiv Plus cVV;31.03.2009;0,0035996389;3.396,45;-0,0570066624;-57.245,90;0,003216690;EUR
Muster Defensiv Plus cVV;01.04.2009;0,0023772406;2.251,13;-0,0547649404;-54.994,77;0,008179681;EUR
Muster Defensiv Plus cVV;02.04.2009;0,0097644715;9.268,45;-0,0455352196;-45.726,32;0,009896200;EUR
Muster Defensiv Plus cVV;03.04.2009;0,0059557970;5.708,45;-0,0398506211;-40.017,86;-0,002942148;EUR
Muster Defensiv Plus cVV;04.04.2009;0,0000934005;90,05;-0,0397609426;-39.927,81;0;EUR
Muster Defensiv Plus cVV;05.04.2009;0,0000933918;90,05;-0,0396712642;-39.837,75;0;EUR
Muster Defensiv Plus cVV;06.04.2009;-0,0009202955;-887,50;-0,0405550504;-40.725,25;-0,003499988;EUR
Muster Defensiv Plus cVV;07.04.2009;-0,0021248116;-2.047,20;-0,0425936902;-42.772,44;-0,002509040;EUR
Muster Defensiv Plus cVV;08.04.2009;0,0022062111;2.121,10;-0,0404814497;-40.651,34;0,002392633;EUR
Muster Defensiv Plus cVV;09.04.2009;0,0101092077;9.740,68;-0,0307814774;-30.910,66;0,009303156;EUR
Muster Defensiv Plus cVV;10.04.2009;0,0013665611;1.330,05;-0,0294569811;-29.580,60;0,000241756;EUR
Muster Defensiv Plus cVV;11.04.2009;0,0000924003;90,05;-0,0293673026;-29.490,55;0;EUR
Muster Defensiv Plus cVV;12.04.2009;0,0000923917;90,05;-0,0292776242;-29.400,49;0;EUR
Muster Defensiv Plus cVV;13.04.2009;0,0000923832;90,05;-0,0291879457;-29.310,44;-0,001150176;EUR
Muster Defensiv Plus cVV;14.04.2009;0,0075686318;7.378,55;-0,0218402268;-21.931,88;0,002305152;EUR
Muster Defensiv Plus cVV;15.04.2009;0,0002080700;204,38;-0,0216367011;-21.727,50;0,003637366;EUR
Muster Defensiv Plus cVV;16.04.2009;0,0031230291;3.068,28;-0,0185812440;-18.659,22;0,004774382;EUR
Muster Defensiv Plus cVV;17.04.2009;0,0052319725;5.156,30;-0,0134464880;-13.502,92;0,006625185;EUR
Muster Defensiv Plus cVV;18.04.2009;0,0000909007;90,05;-0,0133568096;-13.412,86;0;EUR
Muster Defensiv Plus cVV;19.04.2009;0,0000908925;90,05;-0,0132671312;-13.322,81;0;EUR
Muster Defensiv Plus cVV;20.04.2009;-0,0076766787;-7.606,62;-0,0208419624;-20.929,43;-0,009879383;EUR
Muster Defensiv Plus cVV;21.04.2009;-0,0000930268;-91,47;-0,0209330503;-21.020,90;0,002833185;EUR
Muster Defensiv Plus cVV;22.04.2009;0,0051280809;5.041,80;-0,0159123158;-15.979,09;-0,000728782;EUR
Muster Defensiv Plus cVV;23.04.2009;-0,0017405026;-1.720,00;-0,0176251230;-17.699,09;0,000379045;EUR
Muster Defensiv Plus cVV;24.04.2009;0,0095432367;9.414,38;-0,0082500870;-8.284,71;0,000957135;EUR
Muster Defensiv Plus cVV;25.04.2009;0,0000904245;90,05;-0,0081604086;-8.194,65;0;EUR
Muster Defensiv Plus cVV;26.04.2009;0,0000904163;90,05;-0,0080707301;-8.104,60;0;EUR
Muster Defensiv Plus cVV;27.04.2009;0,0014381500;1.432,53;-0,0066441870;-6.672,07;0,002135520;EUR
Muster Defensiv Plus cVV;28.04.2009;-0,0041256579;-4.115,45;-0,0107424333;-10.787,52;-0,003084116;EUR
Muster Defensiv Plus cVV;29.04.2009;0,0076017821;7.551,68;-0,0032223129;-3.235,84;0,002273269;EUR
Muster Defensiv Plus cVV;30.04.2009;0,0072810590;7.288,05;0,0040352843;4.052,22;0,002676712;EUR
Muster Defensiv Plus cVV;01.05.2009;0,0000893180;90,05;0,0041249627;4.142,27;0,001200285;EUR
Muster Defensiv Plus cVV;02.05.2009;0,0000893100;90,05;0,0042146412;4.232,33;0;EUR
Muster Defensiv Plus cVV;03.05.2009;0,0000893021;90,05;0,0043043196;4.322,38;0;EUR
Muster Defensiv Plus cVV;04.05.2009;0,0043836106;4.420,95;0,0087067987;8.743,34;0,008420201;EUR
Muster Defensiv Plus cVV;05.05.2009;0,0006355557;643,78;0,0093478881;9.387,12;-0,001841809;EUR
Muster Defensiv Plus cVV;06.05.2009;0,0028758894;2.914,95;0,0122506609;12.302,07;0,006515550;EUR
Muster Defensiv Plus cVV;07.05.2009;-0,0045829326;-4.658,55;0,0076115843;7.643,53;-0,004190916;EUR
Muster Defensiv Plus cVV;08.05.2009;0,0080520668;8.147,40;0,0157249402;15.790,93;0,003269888;EUR
Muster Defensiv Plus cVV;09.05.2009;0,0000882901;90,05;0,0158146186;15.880,99;0;EUR
Muster Defensiv Plus cVV;10.05.2009;0,0000882823;90,05;0,0159042970;15.971,04;0;EUR
Muster Defensiv Plus cVV;11.05.2009;-0,0014936468;-1.523,77;0,0143868949;14.447,27;-0,005018774;EUR
Muster Defensiv Plus cVV;12.05.2009;-0,0013480375;-1.373,17;0,0130194633;13.074,10;-0,003874094;EUR
Muster Defensiv Plus cVV;13.05.2009;-0,0071622478;-7.285,95;0,0057639669;5.788,16;-0,004602298;EUR
Muster Defensiv Plus cVV;14.05.2009;0,0012811626;1.293,95;0,0070525141;7.082,11;0,003386678;EUR
Muster Defensiv Plus cVV;15.05.2009;-0,0006691233;-676,67;0,0063786718;6.405,44;0,001628132;EUR
Muster Defensiv Plus cVV;16.05.2009;0,0000891100;90,05;0,0064683502;6.495,50;0;EUR
Muster Defensiv Plus cVV;17.05.2009;0,0000891021;90,05;0,0065580287;6.585,55;0;EUR
Muster Defensiv Plus cVV;18.05.2009;0,0083482423;8.438,25;0,0149610190;15.023,81;0,007181330;EUR
Muster Defensiv Plus cVV;19.05.2009;0,0067599995;6.889,93;0,0218221550;21.913,74;0,000049521;EUR
Muster Defensiv Plus cVV;20.05.2009;0,0035591247;3.652,05;0,0254589474;25.565,79;-0,002522620;EUR
Muster Defensiv Plus cVV;21.05.2009;-0,0031560145;-3.249,95;0,0222225841;22.315,84;-0,004654797;EUR
Muster Defensiv Plus cVV;22.05.2009;-0,0000971690;-99,75;0,0221232557;22.216,10;-0,003856311;EUR
Muster Defensiv Plus cVV;23.05.2009;0,0000877374;90,05;0,0222129342;22.306,15;0;EUR
Muster Defensiv Plus cVV;24.05.2009;0,0000877297;90,05;0,0223026126;22.396,21;0;EUR
Muster Defensiv Plus cVV;25.05.2009;-0,0019752915;-2.027,82;0,0202832669;20.368,39;-0,006926445;EUR
Muster Defensiv Plus cVV;26.05.2009;0,0042097179;4.313,13;0,0245783716;24.681,52;0,007167663;EUR
Muster Defensiv Plus cVV;27.05.2009;0,0011825548;1.216,70;0,0257899917;25.898,22;-0,002289826;EUR
Muster Defensiv Plus cVV;28.05.2009;-0,0047435875;-4.886,35;0,0209240671;21.011,88;0,000288340;EUR
Muster Defensiv Plus cVV;29.05.2009;0,0018813780;1.928,80;0,0228448112;22.940,68;0,001038302;EUR
Muster Defensiv Plus cVV;30.05.2009;0,0000876755;90,05;0,0229344896;23.030,74;0;EUR
Muster Defensiv Plus cVV;31.05.2009;0,0000876678;90,05;0,0230241681;23.120,79;0;EUR
Muster Defensiv Plus cVV;01.06.2009;0,0070514278;7.244,05;0,0302379491;30.364,85;0,009562275;EUR
Muster Defensiv Plus cVV;02.06.2009;0,0076170723;7.880,33;0,0380853461;38.245,18;-0,001891597;EUR
Muster Defensiv Plus cVV;03.06.2009;-0,0025447897;-2.652,80;0,0354436372;35.592,38;-0,002419039;EUR
Muster Defensiv Plus cVV;04.06.2009;-0,0020009301;-2.080,55;0,0333717868;33.511,84;0,000515509;EUR
Muster Defensiv Plus cVV;05.06.2009;-0,0018880256;-1.959,22;0,0314207545;31.552,62;0,001135030;EUR
Muster Defensiv Plus cVV;06.06.2009;0,0000869465;90,05;0,0315104329;31.642,67;0;EUR
Muster Defensiv Plus cVV;07.06.2009;0,0000869390;90,05;0,0316001113;31.732,73;0;EUR
Muster Defensiv Plus cVV;08.06.2009;-0,0056670805;-5.870,70;0,0257539505;25.862,03;-0,001282421;EUR
Muster Defensiv Plus cVV;09.06.2009;0,0010150924;1.045,60;0,0267951856;26.907,64;-0,001010684;EUR
Muster Defensiv Plus cVV;10.06.2009;0,0015652682;1.613,95;0,0284023954;28.521,59;0,002053945;EUR
Muster Defensiv Plus cVV;11.06.2009;0,0019938205;2.059,05;0,0304528452;30.580,65;0,000270044;EUR
Muster Defensiv Plus cVV;12.06.2009;0,0020859607;2.158,50;0,0326023294;32.739,15;0,002169407;EUR
Muster Defensiv Plus cVV;13.06.2009;0,0000868470;90,05;0,0326920078;32.829,20;0;EUR
Muster Defensiv Plus cVV;14.06.2009;0,0000868395;90,05;0,0327816862;32.919,26;0;EUR
Muster Defensiv Plus cVV;15.06.2009;-0,0069148444;-7.171,50;0,0256401616;25.747,76;-0,002472725;EUR
Muster Defensiv Plus cVV;16.06.2009;0,0004322124;445,15;0,0260834560;26.192,92;-0,003357322;EUR
Muster Defensiv Plus cVV;17.06.2009;-0,0053368360;-5.499,02;0,0206074169;20.693,90;-0,000586711;EUR
Muster Defensiv Plus cVV;18.06.2009;-0,0006842879;-701,32;0,0199090276;19.992,58;0,000489123;EUR
Muster Defensiv Plus cVV;19.06.2009;0,0022067746;2.260,15;0,0221597369;22.252,73;0,002763597;EUR
Muster Defensiv Plus cVV;20.06.2009;0,0000877343;90,05;0,0222494153;22.342,79;0;EUR
Muster Defensiv Plus cVV;21.06.2009;0,0000877266;90,05;0,0223390938;22.432,84;0;EUR
Muster Defensiv Plus cVV;22.06.2009;-0,0066679315;-6.845,50;0,0155222067;15.587,35;-0,006874983;EUR
Muster Defensiv Plus cVV;23.06.2009;-0,0020974493;-2.138,95;0,0133922004;13.448,40;-0,003907065;EUR
Muster Defensiv Plus cVV;24.06.2009;0,0081002504;8.243,18;0,0216009310;21.691,58;0,004792052;EUR
Muster Defensiv Plus cVV;25.06.2009;-0,0018502212;-1.898,12;0,0197107432;19.793,46;0,007277822;EUR
Muster Defensiv Plus cVV;26.06.2009;-0,0009872851;-1.010,97;0,0187039980;18.782,49;-0,000658417;EUR
Muster Defensiv Plus cVV;27.06.2009;0,0000880319;90,05;0,0187936765;18.872,55;0;EUR
Muster Defensiv Plus cVV;28.06.2009;0,0000880241;90,05;0,0188833549;18.962,60;0;EUR
Muster Defensiv Plus cVV;29.06.2009;0,0096804380;9.904,63;0,0287465921;28.867,23;0,004389015;EUR
Muster Defensiv Plus cVV;30.06.2009;-0,0031426132;-3.246,52;0,0255136395;25.620,71;-0,002101026;EUR
Muster Defensiv Plus cVV;01.07.2009;0,0043759019;4.506,38;0,0300011866;30.127,09;0,000912386;EUR
Muster Defensiv Plus cVV;02.07.2009;-0,0079970321;-8.271,52;0,0217642340;21.855,57;-0,007823264;EUR
Muster Defensiv Plus cVV;03.07.2009;0,0006412488;657,95;0,0224194391;22.513,53;0,001361149;EUR
Muster Defensiv Plus cVV;04.07.2009;0,0000877120;90,05;0,0225091176;22.603,58;0;EUR
Muster Defensiv Plus cVV;05.07.2009;0,0000877043;90,05;0,0225987960;22.693,64;0;EUR
Muster Defensiv Plus cVV;06.07.2009;-0,0005083505;-522,02;0,0220789574;22.171,62;0,001069576;EUR
Muster Defensiv Plus cVV;07.07.2009;-0,0018709368;-1.920,27;0,0201667122;20.251,35;-0,007506475;EUR
Muster Defensiv Plus cVV;08.07.2009;-0,0017356617;-1.778,10;0,0183960479;18.473,25;0,000566439;EUR
Muster Defensiv Plus cVV;09.07.2009;0,0029818319;3.049,43;0,0214327338;21.522,68;0,000423751;EUR
Muster Defensiv Plus cVV;10.07.2009;-0,0015314815;-1.570,87;0,0198684284;19.951,81;-0,001775659;EUR
Muster Defensiv Plus cVV;11.07.2009;0,0000879314;90,05;0,0199581069;20.041,86;0;EUR
Muster Defensiv Plus cVV;12.07.2009;0,0000879237;90,05;0,0200477853;20.131,92;0;EUR
Muster Defensiv Plus cVV;13.07.2009;0,0080242610;8.219,48;0,0282329149;28.351,40;0,005677688;EUR
Muster Defensiv Plus cVV;14.07.2009;0,0036548951;3.773,85;0,0319909983;32.125,25;0,001543411;EUR
Muster Defensiv Plus cVV;15.07.2009;0,0084083475;8.713,75;0,0406683373;40.839,01;0,006978775;EUR
Muster Defensiv Plus cVV;16.07.2009;0,0036289956;3.792,43;0,0444449181;44.631,44;0,000382578;EUR
Muster Defensiv Plus cVV;17.07.2009;0,0019646497;2.060,58;0,0464968865;46.692,02;0,002669431;EUR
Muster Defensiv Plus cVV;18.07.2009;0,0000856939;90,05;0,0465865649;46.782,07;0;EUR
Muster Defensiv Plus cVV;19.07.2009;0,0000856866;90,05;0,0466762434;46.872,13;0;EUR
Muster Defensiv Plus cVV;20.07.2009;0,0028886595;3.036,18;0,0496997346;49.908,31;-0,000939319;EUR
Muster Defensiv Plus cVV;21.07.2009;0,0055235769;5.822,43;0,0554978318;55.730,74;0,003800922;EUR
Muster Defensiv Plus cVV;22.07.2009;0,0045385229;4.810,50;0,0602882329;60.541,24;0,001815228;EUR
Muster Defensiv Plus cVV;23.07.2009;0,0074684388;7.951,93;0,0682069306;68.493,17;0,005010440;EUR
Muster Defensiv Plus cVV;24.07.2009;0,0015121611;1.622,08;0,0698222316;70.115,25;0,002770223;EUR
Muster Defensiv Plus cVV;25.07.2009;0,0000838256;90,05;0,0699119100;70.205,31;0;EUR
Muster Defensiv Plus cVV;26.07.2009;0,0000838185;90,05;0,0700015884;70.295,36;0;EUR
Muster Defensiv Plus cVV;27.07.2009;0,0008825843;948,33;0,0709459551;71.243,69;0,000267516;EUR
Muster Defensiv Plus cVV;28.07.2009;-0,0012997190;-1.397,77;0,0695540263;69.845,92;-0,000371618;EUR
Muster Defensiv Plus cVV;29.07.2009;0,0054851222;5.891,25;0,0754206608;75.737,18;0,001901016;EUR
Muster Defensiv Plus cVV;30.07.2009;0,0027173931;2.934,60;0,0783430016;78.671,78;0,004971161;EUR
Muster Defensiv Plus cVV;31.07.2009;0,0019887963;2.153,60;0,0804876062;80.825,39;0,000328294;EUR
Muster Defensiv Plus cVV;01.08.2009;0,0000829981;90,05;0,0805772846;80.915,44;0;EUR
Muster Defensiv Plus cVV;02.08.2009;0,0000829912;90,05;0,0806669631;81.005,49;0;EUR
Muster Defensiv Plus cVV;03.08.2009;0,0051094672;5.544,80;0,0861885955;86.550,30;0,002958928;EUR
Muster Defensiv Plus cVV;04.08.2009;-0,0012497355;-1.363,15;0,0848311470;85.187,15;-0,000054514;EUR
Muster Defensiv Plus cVV;05.08.2009;-0,0043314350;-4.718,60;0,0801322714;80.468,56;-0,002111338;EUR
Muster Defensiv Plus cVV;06.08.2009;0,0010474244;1.136,10;0,0812636283;81.604,66;0,000642562;EUR
Muster Defensiv Plus cVV;07.08.2009;0,0029620334;3.216,18;0,0844663673;84.820,84;0,004664014;EUR
Muster Defensiv Plus cVV;08.08.2009;0,0000826936;90,05;0,0845560457;84.910,90;0;EUR
Muster Defensiv Plus cVV;09.08.2009;0,0000826868;90,05;0,0846457242;85.000,95;0;EUR
Muster Defensiv Plus cVV;10.08.2009;-0,0015272208;-1.663,45;0,0829892307;83.337,51;-0,000468689;EUR
Muster Defensiv Plus cVV;11.08.2009;-0,0047582599;-5.174,77;0,0778360865;78.162,74;-0,004486833;EUR
Muster Defensiv Plus cVV;12.08.2009;0,0025647025;2.775,93;0,0806004153;80.938,67;0,003265378;EUR
Muster Defensiv Plus cVV;13.08.2009;0,0051060957;5.540,80;0,0861180644;86.479,47;0,001427008;EUR
Muster Defensiv Plus cVV;14.08.2009;-0,0031192763;-3.402,12;0,0827301621;83.077,35;0,000871906;EUR
Muster Defensiv Plus cVV;15.08.2009;0,0000828262;90,05;0,0828198405;83.167,41;0;EUR
Muster Defensiv Plus cVV;16.08.2009;0,0000828194;90,05;0,0829095190;83.257,46;0;EUR
Muster Defensiv Plus cVV;17.08.2009;-0,0072851765;-7.922,30;0,0750203320;75.335,17;-0,004654014;EUR
Muster Defensiv Plus cVV;18.08.2009;0,0019005274;2.051,68;0,0770634376;77.386,85;0,002251871;EUR
Muster Defensiv Plus cVV;19.08.2009;-0,0008060591;-871,82;0,0761952608;76.515,03;-0,000288932;EUR
Muster Defensiv Plus cVV;20.08.2009;0,0049075576;5.303,65;0,0814767510;81.818,68;0,005086039;EUR
Muster Defensiv Plus cVV;21.08.2009;0,0070506875;7.657,15;0,0891019056;89.475,84;0,004226820;EUR
Muster Defensiv Plus cVV;22.08.2009;0,0000823416;90,05;0,0891915841;89.565,89;0;EUR
Muster Defensiv Plus cVV;23.08.2009;0,0000823349;90,05;0,0892812625;89.655,95;0;EUR
Muster Defensiv Plus cVV;24.08.2009;0,0037486584;4.100,48;0,0933646059;93.756,43;0,000787960;EUR
Muster Defensiv Plus cVV;25.08.2009;0,0054898337;6.027,58;0,0993669957;99.784,00;0,001870488;EUR
Muster Defensiv Plus cVV;26.08.2009;-0,0025902358;-2.859,57;0,0965193760;96.924,43;0,000550267;EUR
Muster Defensiv Plus cVV;27.08.2009;-0,0021300066;-2.345,40;0,0941837825;94.579,04;0,001581283;EUR
Muster Defensiv Plus cVV;28.08.2009;0,0038712221;4.253,60;0,0984196110;98.832,64;-0,001865956;EUR
Muster Defensiv Plus cVV;29.08.2009;0,0000816432;90,05;0,0985092894;98.922,70;0;EUR
Muster Defensiv Plus cVV;30.08.2009;0,0000816365;90,05;0,0985989679;99.012,75;0;EUR
Muster Defensiv Plus cVV;31.08.2009;-0,0032004306;-3.530,75;0,0950829781;95.482,01;-0,000914982;EUR
Muster Defensiv Plus cVV;01.09.2009;-0,0064395813;-7.081,47;0,0880311022;88.400,54;-0,004324560;EUR
Muster Defensiv Plus cVV;02.09.2009;0,0004508567;492,60;0,0885216483;88.893,14;-0,000087294;EUR
Muster Defensiv Plus cVV;03.09.2009;-0,0023000811;-2.514,20;0,0860179602;86.378,95;0,001303550;EUR
Muster Defensiv Plus cVV;04.09.2009;0,0056598596;6.172,50;0,0921646694;92.551,45;0,004379537;EUR
Muster Defensiv Plus cVV;05.09.2009;0,0000821107;90,05;0,0922543478;92.641,51;0;EUR
Muster Defensiv Plus cVV;06.09.2009;0,0000821040;90,05;0,0923440263;92.731,56;0;EUR
Muster Defensiv Plus cVV;07.09.2009;0,0089247223;9.789,78;0,1020928934;102.521,34;0,001824923;EUR
Muster Defensiv Plus cVV;08.09.2009;0,0014472339;1.601,68;0,1036878796;104.123,02;0,000226161;EUR
Muster Defensiv Plus cVV;09.09.2009;0,0033896852;3.756,85;0,1074290340;107.879,88;-0,001247316;EUR
Muster Defensiv Plus cVV;10.09.2009;0,0014988445;1.666,83;0,1090888980;109.546,71;0,003246906;EUR
Muster Defensiv Plus cVV;11.09.2009;0,0019076700;2.124,65;0,1112046736;111.671,36;0,001026955;EUR
Muster Defensiv Plus cVV;12.09.2009;0,0000807038;90,05;0,1112943520;111.761,42;0;EUR
Muster Defensiv Plus cVV;13.09.2009;0,0000806973;90,05;0,1113840305;111.851,47;0;EUR
Muster Defensiv Plus cVV;14.09.2009;-0,0005405862;-603,32;0,1107832316;111.248,15;-0,002638891;EUR
Muster Defensiv Plus cVV;15.09.2009;-0,0018573489;-2.071,77;0,1087201196;109.176,38;0,002913530;EUR
Muster Defensiv Plus cVV;16.09.2009;0,0037726841;4.200,40;0,1129029704;113.376,79;0,003821522;EUR
Muster Defensiv Plus cVV;17.09.2009;0,0002756909;308,10;0,1132097876;113.684,89;-0,001590296;EUR
Muster Defensiv Plus cVV;18.09.2009;0,0012080035;1.350,40;0,1145545489;115.035,30;-0,000449225;EUR
Muster Defensiv Plus cVV;19.09.2009;0,0000804612;90,05;0,1146442273;115.125,35;0;EUR
Muster Defensiv Plus cVV;20.09.2009;0,0000804548;90,05;0,1147339057;115.215,40;0;EUR
Muster Defensiv Plus cVV;21.09.2009;-0,0027447625;-3.072,52;0,1116742260;112.142,88;-0,000484764;EUR
Muster Defensiv Plus cVV;22.09.2009;0,0013373214;1.492,90;0,1131608917;113.635,79;0,000918979;EUR
Muster Defensiv Plus cVV;23.09.2009;0,0014443173;1.614,50;0,1147686493;115.250,29;-0,002655125;EUR
Muster Defensiv Plus cVV;24.09.2009;-0,0019481005;-2.180,80;0,1125969679;113.069,50;-0,000631088;EUR
Muster Defensiv Plus cVV;25.09.2009;-0,0018805011;-2.101,02;0,1105047281;110.968,48;-0,000922735;EUR
Muster Defensiv Plus cVV;26.09.2009;0,0000807547;90,05;0,1105944066;111.058,53;0;EUR
Muster Defensiv Plus cVV;27.09.2009;0,0000807482;90,05;0,1106840850;111.148,59;0;EUR
Muster Defensiv Plus cVV;28.09.2009;0,0079450778;8.861,50;0,1195085565;120.010,09;0,005345662;EUR
Muster Defensiv Plus cVV;29.09.2009;-0,0012306413;-1.383,50;0,1181308431;118.626,60;0,001709718;EUR
Muster Defensiv Plus cVV;30.09.2009;-0,0004119706;-462,57;0,1176702060;118.164,03;-0,002208557;EUR
Muster Defensiv Plus cVV;01.10.2009;-0,0071897968;-8.069,55;0,1096343844;110.094,48;-0,005830217;EUR
Muster Defensiv Plus cVV;02.10.2009;-0,0048933084;-5.452,57;0,1042046012;104.641,91;-0,002295857;EUR
Muster Defensiv Plus cVV;03.10.2009;0,0000812154;90,05;0,1042942796;104.731,97;0;EUR
Muster Defensiv Plus cVV;04.10.2009;0,0000812088;90,05;0,1043839581;104.822,02;0;EUR
Muster Defensiv Plus cVV;05.10.2009;0,0043100985;4.779,98;0,1091439617;109.602,00;0,002273996;EUR
Muster Defensiv Plus cVV;06.10.2009;0,0039947344;4.449,33;0,1135746973;114.051,33;0,004222286;EUR
Muster Defensiv Plus cVV;07.10.2009;0,0001972995;220,63;0,1137944050;114.271,96;0,001065299;EUR
Muster Defensiv Plus cVV;08.10.2009;0,0056164784;6.281,85;0,1200500072;120.553,82;0,003628923;EUR
Muster Defensiv Plus cVV;09.10.2009;-0,0005137319;-577,82;0,1194746018;119.976,00;-0,000359706;EUR
Muster Defensiv Plus cVV;10.10.2009;0,0000801076;90,05;0,1195642802;120.066,05;0;EUR
Muster Defensiv Plus cVV;11.10.2009;0,0000801012;90,05;0,1196539587;120.156,11;0;EUR
Muster Defensiv Plus cVV;12.10.2009;0,0035985635;4.046,05;0,1236831045;124.202,16;-0,000285180;EUR
Muster Defensiv Plus cVV;13.10.2009;-0,0014607160;-1.648,27;0,1220417226;122.553,89;-0,000241879;EUR
Muster Defensiv Plus cVV;14.10.2009;0,0100149761;11.284,38;0,1332789437;133.838,27;0,003524452;EUR
Muster Defensiv Plus cVV;15.10.2009;-0,0022450719;-2.554,97;0,1307346510;131.283,30;0,000096311;EUR
Muster Defensiv Plus cVV;16.10.2009;-0,0040148399;-4.558,77;0,1261949324;126.724,53;-0,003123987;EUR
Muster Defensiv Plus cVV;17.10.2009;0,0000796296;90,05;0,1262846109;126.814,58;0;EUR
Muster Defensiv Plus cVV;18.10.2009;0,0000796233;90,05;0,1263742893;126.904,64;0;EUR
Muster Defensiv Plus cVV;19.10.2009;0,0071603709;8.099,10;0,1344395470;135.003,74;0,002440214;EUR
Muster Defensiv Plus cVV;20.10.2009;-0,0016195967;-1.845,05;0,1326022124;133.158,70;-0,000078965;EUR
Muster Defensiv Plus cVV;21.10.2009;0,0002414855;274,65;0,1328757194;133.433,35;-0,001742814;EUR
Muster Defensiv Plus cVV;22.10.2009;-0,0031022346;-3.529,20;0,1293612731;129.904,16;-0,000559095;EUR
Muster Defensiv Plus cVV;23.10.2009;-0,0007150160;-810,90;0,1285537618;129.093,26;-0,003471395;EUR
Muster Defensiv Plus cVV;24.10.2009;0,0000908858;103,00;0,1286563313;129.196,26;0;EUR
Muster Defensiv Plus cVV;25.10.2009;0,0000908776;103,00;0,1287589009;129.299,26;0;EUR
Muster Defensiv Plus cVV;26.10.2009;-0,0046141101;-5.230,08;0,1235506830;124.069,18;-0,003029737;EUR
Muster Defensiv Plus cVV;27.10.2009;0,0028264172;3.188,95;0,1267263060;127.258,13;0,001900324;EUR
Muster Defensiv Plus cVV;28.10.2009;-0,0068323543;-7.730,50;0,1190281127;119.527,63;-0,003448031;EUR
Muster Defensiv Plus cVV;29.10.2009;0,0029117685;3.272,03;0,1222864635;122.799,66;0,005182048;EUR
Muster Defensiv Plus cVV;30.10.2009;-0,0056400806;-6.356,35;0,1159566774;116.443,31;-0,004828871;EUR
Muster Defensiv Plus cVV;31.10.2009;0,0000919118;103,00;0,1160592470;116.546,31;0;EUR
Muster Defensiv Plus cVV;01.11.2009;0,0000919033;103,00;0,1161618165;116.649,31;0;EUR
Muster Defensiv Plus cVV;02.11.2009;-0,0010707314;-1.200,13;0,1149667070;115.449,18;0,000444229;EUR
Muster Defensiv Plus cVV;03.11.2009;-0,0027007424;-3.023,88;0,1119554691;112.425,31;0,003189990;EUR
Muster Defensiv Plus cVV;04.11.2009;0,0024110891;2.692,27;0,1146364928;115.117,58;-0,002005039;EUR
Muster Defensiv Plus cVV;05.11.2009;0,0055887567;6.255,57;0,1208659250;121.373,16;0,003184297;EUR
Muster Defensiv Plus cVV;06.11.2009;0,0002905639;327,05;0,1211916082;121.700,21;0,001480000;EUR
Muster Defensiv Plus cVV;07.11.2009;0,0000914826;103,00;0,1212941778;121.803,21;0;EUR
Muster Defensiv Plus cVV;08.11.2009;0,0000914743;103,00;0,1213967473;121.906,21;0;EUR
Muster Defensiv Plus cVV;09.11.2009;0,0066645777;7.505,00;0,1288703830;129.411,21;0,005151784;EUR
Muster Defensiv Plus cVV;10.11.2009;0,0013329786;1.511,07;0,1303751431;130.922,28;0,001784391;EUR
Muster Defensiv Plus cVV;11.11.2009;0,0031475336;3.572,82;0,1339330368;134.495,11;0,000984836;EUR
Muster Defensiv Plus cVV;12.11.2009;0,0010979266;1.250,20;0,1351780121;135.745,31;-0,000174025;EUR
Muster Defensiv Plus cVV;13.11.2009;0,0018774859;2.140,23;0,1373092928;137.885,53;0,002001278;EUR
Muster Defensiv Plus cVV;14.11.2009;0,0000901862;103,00;0,1374118624;137.988,53;0;EUR
Muster Defensiv Plus cVV;15.11.2009;0,0000901780;103,00;0,1375144319;138.091,53;0;EUR
Muster Defensiv Plus cVV;16.11.2009;0,0069320291;7.918,38;0,1453997151;146.009,91;0,004127563;EUR
Muster Defensiv Plus cVV;17.11.2009;-0,0008990559;-1.034,10;0,1443699367;144.975,81;0,001183597;EUR
Muster Defensiv Plus cVV;18.11.2009;0,0003294980;378,65;0,1447470043;145.354,46;-0,001795884;EUR
Muster Defensiv Plus cVV;19.11.2009;-0,0050484706;-5.803,48;0,1389677827;139.550,98;-0,003734056;EUR
Muster Defensiv Plus cVV;20.11.2009;0,0002885514;330,03;0,1392964335;139.881,01;-0,000635116;EUR
Muster Defensiv Plus cVV;21.11.2009;0,0000991886;113,48;0,1394094387;139.994,49;0;EUR
Muster Defensiv Plus cVV;22.11.2009;0,0000991788;113,48;0,1395224439;140.107,97;0;EUR
Muster Defensiv Plus cVV;23.11.2009;0,0078655886;9.000,63;0,1484854586;149.108,60;0,002153393;EUR
Muster Defensiv Plus cVV;24.11.2009;-0,0007707158;-888,87;0,1476003028;148.219,73;-0,000611875;EUR
Muster Defensiv Plus cVV;25.11.2009;0,0027189647;3.133,38;0,1507205875;151.353,11;0,001091146;EUR
Muster Defensiv Plus cVV;26.11.2009;-0,0080851304;-9.342,77;0,1414168615;142.010,34;-0,000934120;EUR
Muster Defensiv Plus cVV;27.11.2009;0,0012662455;1.451,38;0,1428621754;143.461,72;-0,002174266;EUR
Muster Defensiv Plus cVV;28.11.2009;0,0000988791;113,48;0,1429751806;143.575,20;0;EUR
Muster Defensiv Plus cVV;29.11.2009;0,0000988693;113,48;0,1430881858;143.688,68;0;EUR
Muster Defensiv Plus cVV;30.11.2009;-0,0034026008;-3.905,80;0,1391987131;139.782,88;0,000868471;EUR
Muster Defensiv Plus cVV;01.12.2009;0,0083246939;9.523,28;0,1486821936;149.306,16;0,004823695;EUR
Muster Defensiv Plus cVV;02.12.2009;0,0010443880;1.204,70;0,1498818635;150.510,87;0,000541586;EUR
Muster Defensiv Plus cVV;03.12.2009;-0,0093023748;-10.741,52;0,1391852314;139.769,34;-0,002252049;EUR
Muster Defensiv Plus cVV;04.12.2009;0,0012737686;1.457,15;0,1406362898;141.226,49;0,005293527;EUR
Muster Defensiv Plus cVV;05.12.2009;0,0000904015;103,55;0,1407394050;141.330,04;0;EUR
Muster Defensiv Plus cVV;06.12.2009;0,0000903933;103,55;0,1408425202;141.433,59;0;EUR
Muster Defensiv Plus cVV;07.12.2009;0,0006516046;746,50;0,1415858984;142.180,09;-0,002041910;EUR
Muster Defensiv Plus cVV;08.12.2009;-0,0036425870;-4.175,78;0,1374275725;138.004,31;0,000839259;EUR
Muster Defensiv Plus cVV;09.12.2009;-0,0009302891;-1.062,58;0,1363694360;136.941,73;-0,000948748;EUR
Muster Defensiv Plus cVV;10.12.2009;0,0037327619;4.259,60;0,1406112326;141.201,33;0,002982699;EUR
Muster Defensiv Plus cVV;11.12.2009;0,0021921620;2.510,90;0,1431116372;143.712,23;0,002396945;EUR
Muster Defensiv Plus cVV;12.12.2009;0,0000902057;103,55;0,1432147524;143.815,78;0;EUR
Muster Defensiv Plus cVV;13.12.2009;0,0000901976;103,55;0,1433178676;143.919,32;0;EUR
Muster Defensiv Plus cVV;14.12.2009;0,0013583540;1.559,55;0,1448708980;145.478,87;0,002134646;EUR
Muster Defensiv Plus cVV;15.12.2009;0,0012438057;1.429,97;0,1462948950;146.908,84;0,000316437;EUR
Muster Defensiv Plus cVV;16.12.2009;0,0045693014;5.259,75;0,1515326618;152.168,59;0,002243934;EUR
Muster Defensiv Plus cVV;17.12.2009;-0,0013598879;-1.572,53;0,1499667065;150.596,07;0,000866190;EUR
Muster Defensiv Plus cVV;18.12.2009;-0,0002529693;-292,13;0,1496758003;150.303,94;0,002147754;EUR
Muster Defensiv Plus cVV;19.12.2009;0,0000896907;103,55;0,1497789155;150.407,49;0;EUR
Muster Defensiv Plus cVV;20.12.2009;0,0000896826;103,55;0,1498820307;150.511,03;0;EUR
Muster Defensiv Plus cVV;21.12.2009;0,0057516920;6.641,52;0,1564957979;157.152,56;0,002232076;EUR
Muster Defensiv Plus cVV;22.12.2009;0,0013075722;1.518,55;0,1580079997;158.671,11;0,002141252;EUR
Muster Defensiv Plus cVV;23.12.2009;0,0006446330;749,62;0,1587544899;159.420,73;-0,000369869;EUR
Muster Defensiv Plus cVV;24.12.2009;0,0000889880;103,55;0,1588576051;159.524,28;0,001154101;EUR
Muster Defensiv Plus cVV;25.12.2009;0,0000889800;103,55;0,1589607203;159.627,82;-0,000180523;EUR
Muster Defensiv Plus cVV;26.12.2009;0,0000889721;103,55;0,1590638355;159.731,37;0;EUR
Muster Defensiv Plus cVV;27.12.2009;0,0000889642;103,55;0,1591669507;159.834,92;0;EUR
Muster Defensiv Plus cVV;28.12.2009;0,0015638948;1.820,42;0,1609797659;161.655,34;-0,001120925;EUR
Muster Defensiv Plus cVV;29.12.2009;-0,0007216843;-841,38;0,1601419050;160.813,97;-0,001313915;EUR
Muster Defensiv Plus cVV;30.12.2009;-0,0031714535;-3.694,78;0,1564625689;157.119,19;-0,000256731;EUR
Muster Defensiv Plus cVV;31.12.2009;0,0000891643;103,55;0,1565656841;157.222,74;-0,001975297;EUR
Muster Defensiv Plus cVV;01.01.2010;0,0000891564;103,55;0,1566687993;157.326,28;0;EUR
Muster Defensiv Plus cVV;02.01.2010;0,0000891484;103,55;0,1567719145;157.429,83;0;EUR
Muster Defensiv Plus cVV;03.01.2010;0,0000891405;103,55;0,1568750297;157.533,38;0;EUR
Muster Defensiv Plus cVV;04.01.2010;0,0065973356;7.664,32;0,1645073226;165.197,70;0,002508487;EUR
Muster Defensiv Plus cVV;05.01.2010;-0,0002171655;-253,95;0,1642544318;164.943,75;0,000309041;EUR
Muster Defensiv Plus cVV;06.01.2010;0,0019012883;2.222,87;0,1664680151;167.166,62;0,000911635;EUR
Muster Defensiv Plus cVV;07.01.2010;-0,0000693654;-81,25;0,1663871026;167.085,37;0,000846490;EUR
Muster Defensiv Plus cVV;08.01.2010;0,0010938851;1.281,25;0,1676629961;168.366,62;0,001533759;EUR
Muster Defensiv Plus cVV;09.01.2010;0,0000883090;103,55;0,1677661113;168.470,17;0;EUR
Muster Defensiv Plus cVV;10.01.2010;0,0000883012;103,55;0,1678692265;168.573,72;0;EUR
Muster Defensiv Plus cVV;11.01.2010;0,0000049438;5,80;0,1678750002;168.579,51;-0,002609140;EUR
Muster Defensiv Plus cVV;12.01.2010;-0,0054621480;-6.405,88;0,1614958940;162.173,64;-0,002536326;EUR
Muster Defensiv Plus cVV;13.01.2010;0,0015490560;1.806,77;0,1632951163;163.980,41;0,000913340;EUR
Muster Defensiv Plus cVV;14.01.2010;0,0003675581;429,37;0,1637226948;164.409,78;0,003894711;EUR
Muster Defensiv Plus cVV;15.01.2010;-0,0044866705;-5.243,15;0,1585014545;159.166,63;-0,000105699;EUR
Muster Defensiv Plus cVV;16.01.2010;0,0000890074;103,55;0,1586045697;159.270,18;0;EUR
Muster Defensiv Plus cVV;17.01.2010;0,0000889995;103,55;0,1587076849;159.373,73;0;EUR
Muster Defensiv Plus cVV;18.01.2010;0,0030938162;3.599,87;0,1622925136;162.973,60;0,000722622;EUR
Muster Defensiv Plus cVV;19.01.2010;0,0016786951;1.959,32;0,1642436483;164.932,92;0,004700405;EUR
Muster Defensiv Plus cVV;20.01.2010;-0,0055749184;-6.517,80;0,1577530849;158.415,12;-0,000956509;EUR
Muster Defensiv Plus cVV;21.01.2010;-0,0052713229;-6.128,50;0,1516501946;152.286,62;-0,002030956;EUR
Muster Defensiv Plus cVV;22.01.2010;-0,0050384015;-5.826,83;0,1458477185;146.459,79;-0,006334446;EUR
Muster Defensiv Plus cVV;23.01.2010;0,0000899903;103,55;0,1459508337;146.563,34;0;EUR
Muster Defensiv Plus cVV;24.01.2010;0,0000899822;103,55;0,1460539489;146.666,89;0;EUR
Muster Defensiv Plus cVV;25.01.2010;-0,0012420474;-1.429,43;0,1446304956;145.237,46;-0,000944765;EUR
Muster Defensiv Plus cVV;26.01.2010;0,0029336809;3.372,07;0,1479884763;148.609,53;0,001475939;EUR
Muster Defensiv Plus cVV;27.01.2010;0,0002542257;293,07;0,1482803244;148.902,61;-0,000814102;EUR
Muster Defensiv Plus cVV;28.01.2010;-0,0051373522;-5.923,88;0,1423812040;142.978,73;-0,001560823;EUR
Muster Defensiv Plus cVV;29.01.2010;0,0023084290;2.648,17;0,1450183099;145.626,90;-0,000627671;EUR
Muster Defensiv Plus cVV;30.01.2010;0,0000900555;103,55;0,1451214251;145.730,45;0;EUR
Muster Defensiv Plus cVV;31.01.2010;0,0000900474;103,55;0,1452245403;145.834,00;0;EUR
Muster Defensiv Plus cVV;01.02.2010;0,0038443088;4.421,07;0,1496271371;150.255,07;0,003700628;EUR
Muster Defensiv Plus cVV;02.02.2010;0,0034136100;3.940,85;0,1535515157;154.195,92;0,003885383;EUR
Muster Defensiv Plus cVV;03.02.2010;-0,0013871610;-1.606,88;0,1519513540;152.589,04;-0,000923760;EUR
Muster Defensiv Plus cVV;04.02.2010;-0,0097133826;-11.236,30;0,1407620098;141.352,74;-0,006251683;EUR
Muster Defensiv Plus cVV;05.02.2010;-0,0058020650;-6.646,55;0,1341432345;134.706,19;0,000239525;EUR
Muster Defensiv Plus cVV;06.02.2010;0,0000909190;103,55;0,1342463497;134.809,74;0;EUR
Muster Defensiv Plus cVV;07.02.2010;0,0000909108;103,55;0,1343494649;134.913,28;0;EUR
Muster Defensiv Plus cVV;08.02.2010;0,0032473581;3.699,10;0,1380331039;138.612,38;-0,001432058;EUR
Muster Defensiv Plus cVV;09.02.2010;0,0010237694;1.169,97;0,1391981873;139.782,35;0,002009270;EUR
Muster Defensiv Plus cVV;10.02.2010;0,0018164869;2.078,02;0,1412675260;141.860,38;-0,000572609;EUR
Muster Defensiv Plus cVV;11.02.2010;-0,0012473001;-1.429,48;0,1398440229;140.430,90;0,004794025;EUR
Muster Defensiv Plus cVV;12.02.2010;-0,0007021734;-803,73;0,1390436547;139.627,17;0,000551777;EUR
Muster Defensiv Plus cVV;13.02.2010;0,0000905279;103,55;0,1391467699;139.730,72;0;EUR
Muster Defensiv Plus cVV;14.02.2010;0,0000905197;103,55;0,1392498851;139.834,27;0;EUR
Muster Defensiv Plus cVV;15.02.2010;0,0019951803;2.282,55;0,1415228940;142.116,82;0,000381773;EUR
Muster Defensiv Plus cVV;16.02.2010;0,0009200252;1.054,64;0,1425731238;143.171,45;0,003378084;EUR
Muster Defensiv Plus cVV;17.02.2010;0,0051051306;5.857,46;0,1484061088;149.028,92;0,003945568;EUR
Muster Defensiv Plus cVV;18.02.2010;0,0024818987;2.862,19;0,1512563364;151.891,11;0,002309120;EUR
Muster Defensiv Plus cVV;19.02.2010;0,0009475829;1.095,49;0,1523472473;152.986,60;0,001089892;EUR
Muster Defensiv Plus cVV;20.02.2010;0,0000800124;92,59;0,1524394494;153.079,19;0;EUR
Muster Defensiv Plus cVV;21.02.2010;0,0000800060;92,59;0,1525316515;153.171,77;0;EUR
Muster Defensiv Plus cVV;22.02.2010;-0,0013681563;-1.583,46;0,1509548080;151.588,31;-0,000173080;EUR
Muster Defensiv Plus cVV;23.02.2010;-0,0042499566;-4.912,04;0,1460633000;146.676,28;-0,002194194;EUR
Muster Defensiv Plus cVV;24.02.2010;0,0004784968;550,69;0,1466116877;147.226,97;0,001680708;EUR
Muster Defensiv Plus cVV;25.02.2010;-0,0025961652;-2.989,29;0,1436348943;144.237,68;0,000782668;EUR
Muster Defensiv Plus cVV;26.02.2010;0,0031146875;3.577,01;0,1471969596;147.814,69;-0,000187381;EUR
Muster Defensiv Plus cVV;27.02.2010;0,0000803716;92,59;0,1472891617;147.907,28;0;EUR
Muster Defensiv Plus cVV;28.02.2010;0,0000803652;92,59;0,1473813638;147.999,87;0;EUR
Muster Defensiv Plus cVV;01.03.2010;0,0051040026;5.880,81;0,1532376012;153.880,69;0,006738887;EUR
Muster Defensiv Plus cVV;02.03.2010;0,0028332642;3.281,14;0,1565050280;157.161,83;0,000573919;EUR
Muster Defensiv Plus cVV;03.03.2010;0,0025517220;2.963,46;0,1594561073;160.125,29;-0,000924749;EUR
Muster Defensiv Plus cVV;04.03.2010;-0,0009866352;-1.148,76;0,1583121472;158.976,53;0,001269468;EUR
Muster Defensiv Plus cVV;05.03.2010;0,0062227312;7.238,11;0,1655200123;166.214,64;0,005884750;EUR
Muster Defensiv Plus cVV;06.03.2010;0,0000791081;92,59;0,1656122144;166.307,23;0;EUR
Muster Defensiv Plus cVV;07.03.2010;0,0000791019;92,59;0,1657044165;166.399,82;0;EUR
Muster Defensiv Plus cVV;08.03.2010;0,0005764916;674,84;0,1663764353;167.074,66;-0,001242120;EUR
Muster Defensiv Plus cVV;09.03.2010;0,0013585572;1.591,24;0,1679610244;168.665,90;0,001604698;EUR
Muster Defensiv Plus cVV;10.03.2010;0,0032465987;3.807,81;0,1717529251;172.473,71;0,000141040;EUR
Muster Defensiv Plus cVV;11.03.2010;-0,0003817857;-449,24;0,1713055666;172.024,48;0,000036865;EUR
Muster Defensiv Plus cVV;12.03.2010;0,0018981669;2.232,66;0,1735289000;174.257,14;-0,001152132;EUR
Muster Defensiv Plus cVV;13.03.2010;0,0000785682;92,59;0,1736211021;174.349,73;0;EUR
Muster Defensiv Plus cVV;14.03.2010;0,0000785621;92,59;0,1737133042;174.442,32;0;EUR
Muster Defensiv Plus cVV;15.03.2010;-0,0026181138;-3.085,81;0,1706403892;171.356,51;0,001555718;EUR
Muster Defensiv Plus cVV;16.03.2010;0,0046915905;5.515,21;0,1761325546;176.871,72;0,001023787;EUR
Muster Defensiv Plus cVV;17.03.2010;0,0051144490;6.040,51;0,1821478246;182.912,24;0,004670260;EUR
Muster Defensiv Plus cVV;18.03.2010;0,0000019072;2,26;0,1821500791;182.914,50;0,002831368;EUR
Muster Defensiv Plus cVV;19.03.2010;-0,0019956311;-2.369,04;0,1797909437;180.545,46;-0,000064118;EUR
Muster Defensiv Plus cVV;20.03.2010;0,0000781512;92,59;0,1798831458;180.638,05;0;EUR
Muster Defensiv Plus cVV;21.03.2010;0,0000781451;92,59;0,1799753479;180.730,64;0;EUR
Muster Defensiv Plus cVV;22.03.2010;0,0011594923;1.373,91;0,1813435202;182.104,56;0,000722761;EUR
Muster Defensiv Plus cVV;23.03.2010;0,0022024879;2.612,81;0,1839454149;184.717,37;0,002410062;EUR
Muster Defensiv Plus cVV;24.03.2010;0,0005128748;609,76;0,1845526307;185.327,13;0,001980092;EUR
Muster Defensiv Plus cVV;25.03.2010;0,0043786968;5.208,56;0,1897394275;190.535,70;-0,000230560;EUR
Muster Defensiv Plus cVV;26.03.2010;-0,0012776384;-1.526,44;0,1882193707;189.009,26;-0,002087554;EUR
Muster Defensiv Plus cVV;27.03.2010;0,0000775969;92,59;0,1883115728;189.101,85;0;EUR
Muster Defensiv Plus cVV;28.03.2010;0,0000775908;92,59;0,1884037749;189.194,44;0;EUR
Muster Defensiv Plus cVV;29.03.2010;0,0022910042;2.734,06;0,1911264130;191.928,51;0,000310048;EUR
Muster Defensiv Plus cVV;30.03.2010;0,0007173071;857,99;0,1919808164;192.786,49;0,002466337;EUR
Muster Defensiv Plus cVV;31.03.2010;0,0010628713;1.272,24;0,1932477386;194.058,73;-0,002022040;EUR
Muster Defensiv Plus cVV;01.04.2010;0,0047225442;5.658,81;0,1988829038;199.717,55;0,003436790;EUR
Muster Defensiv Plus cVV;02.04.2010;0,0000769067;92,59;0,1989751059;199.810,14;0,000179917;EUR
Muster Defensiv Plus cVV;03.04.2010;0,0000769008;92,59;0,1990673080;199.902,73;0;EUR
Muster Defensiv Plus cVV;04.04.2010;0,0000768948;92,59;0,1991595101;199.995,31;0;EUR
Muster Defensiv Plus cVV;05.04.2010;0,0000768889;92,59;0,1992517122;200.087,90;0,002134940;EUR
Muster Defensiv Plus cVV;06.04.2010;0,0015153097;1.824,86;0,2010689499;201.912,77;0,002871140;EUR
Muster Defensiv Plus cVV;07.04.2010;-0,0022221955;-2.680,21;0,1983999399;199.232,56;0,000254916;EUR
Muster Defensiv Plus cVV;08.04.2010;-0,0020963933;-2.522,86;0,1958876223;196.709,70;0,000908777;EUR
Muster Defensiv Plus cVV;09.04.2010;0,0030937167;3.715,26;0,1995873598;200.424,96;-0,000487812;EUR
Muster Defensiv Plus cVV;10.04.2010;0,0000768615;92,59;0,1996795619;200.517,55;0;EUR
Muster Defensiv Plus cVV;11.04.2010;0,0000768556;92,59;0,1997717640;200.610,14;0;EUR
Muster Defensiv Plus cVV;12.04.2010;-0,0007002874;-843,71;0,1989315790;199.766,43;-0,003888652;EUR
Muster Defensiv Plus cVV;13.04.2010;-0,0012932381;-1.557,01;0,1973810750;198.209,42;0,000931443;EUR
Muster Defensiv Plus cVV;14.04.2010;0,0015168245;1.823,84;0,1991972920;200.033,25;0,001670102;EUR
Muster Defensiv Plus cVV;15.04.2010;0,0003810643;458,89;0,1996542632;200.492,14;0,002437175;EUR
Muster Defensiv Plus cVV;16.04.2010;-0,0037253695;-4.487,91;0,1951851078;196.004,23;-0,003957576;EUR
Muster Defensiv Plus cVV;17.04.2010;0,0000771446;92,59;0,1952773099;196.096,82;0;EUR
Muster Defensiv Plus cVV;18.04.2010;0,0000771387;92,59;0,1953695120;196.189,41;0;EUR
Muster Defensiv Plus cVV;19.04.2010;-0,0015766894;-1.892,64;0,1934847856;194.296,77;0,000696640;EUR
Muster Defensiv Plus cVV;20.04.2010;0,0051220465;6.138,74;0,1995978701;200.435,51;0,002264332;EUR
Muster Defensiv Plus cVV;21.04.2010;-0,0008511610;-1.025,34;0,1985768192;199.410,18;0,001164014;EUR
Muster Defensiv Plus cVV;22.04.2010;-0,0031717259;-3.817,51;0,1947752620;195.592,67;0,001592626;EUR
Muster Defensiv Plus cVV;23.04.2010;0,0052753545;6.329,31;0,2010781251;201.921,98;-0,000483258;EUR
Muster Defensiv Plus cVV;24.04.2010;0,0000767661;92,59;0,2011703272;202.014,57;0;EUR
Muster Defensiv Plus cVV;25.04.2010;0,0000767602;92,59;0,2012625293;202.107,16;0;EUR
Muster Defensiv Plus cVV;26.04.2010;0,0058951476;7.111,34;0,2083441492;209.218,50;0,003125693;EUR
Muster Defensiv Plus cVV;27.04.2010;-0,0093032759;-11.288,74;0,1971025902;197.929,76;-0,006918970;EUR
Muster Defensiv Plus cVV;28.04.2010;-0,0054293882;-6.526,81;0,1906030556;191.402,95;0,003149255;EUR
Muster Defensiv Plus cVV;29.04.2010;0,0021104591;2.523,26;0,1931157746;193.926,22;0,002511311;EUR
Muster Defensiv Plus cVV;30.04.2010;0,0002198139;263,36;0,1933780380;194.189,58;-0,003695560;EUR
Muster Defensiv Plus cVV;01.05.2010;0,0000772614;92,59;0,1934702401;194.282,17;0;EUR
Muster Defensiv Plus cVV;02.05.2010;0,0000772555;92,59;0,1935624422;194.374,76;0;EUR
Muster Defensiv Plus cVV;03.05.2010;0,0013677442;1.639,34;0,1951949303;196.014,10;0,003978404;EUR
Muster Defensiv Plus cVV;04.05.2010;-0,0082001106;-9.841,86;0,1853941996;186.172,24;-0,003524353;EUR
Muster Defensiv Plus cVV;05.05.2010;-0,0011852300;-1.410,86;0,1839892348;184.761,37;0,001557180;EUR
Muster Defensiv Plus cVV;06.05.2010;-0,0048810057;-5.803,31;0,1782101766;178.958,06;-0,003574570;EUR
Muster Defensiv Plus cVV;07.05.2010;-0,0160704772;-19.013,86;0,1592757768;159.944,20;-0,002749902;EUR
Muster Defensiv Plus cVV;08.05.2010;0,0000795342;92,59;0,1593679789;160.036,79;0;EUR
Muster Defensiv Plus cVV;09.05.2010;0,0000795279;92,59;0,1594601810;160.129,38;0;EUR
Muster Defensiv Plus cVV;10.05.2010;0,0201363392;23.445,26;0,1828074645;183.574,64;0,005951268;EUR
Muster Defensiv Plus cVV;11.05.2010;0,0019907360;2.364,54;0,1851621219;185.939,18;0,005732845;EUR
Muster Defensiv Plus cVV;12.05.2010;0,0086798613;10.330,21;0,1954491647;196.269,40;0,002313770;EUR
Muster Defensiv Plus cVV;13.05.2010;0,0033343625;4.002,79;0,1994352256;200.272,19;0,001088065;EUR
Muster Defensiv Plus cVV;14.05.2010;-0,0080564857;-9.703,79;0,1897719929;190.568,40;-0,002924234;EUR
Muster Defensiv Plus cVV;15.05.2010;0,0000774956;92,59;0,1898641950;190.660,99;0;EUR
Muster Defensiv Plus cVV;16.05.2010;0,0000774896;92,59;0,1899563971;190.753,58;0;EUR
Muster Defensiv Plus cVV;17.05.2010;0,0003343353;399,51;0,1903542416;191.153,09;0,002273421;EUR
Muster Defensiv Plus cVV;18.05.2010;0,0053537377;6.399,59;0,1967270860;197.552,68;-0,001372195;EUR
Muster Defensiv Plus cVV;19.05.2010;-0,0092344640;-11.097,51;0,1856759528;186.455,17;-0,002806793;EUR
Muster Defensiv Plus cVV;20.05.2010;-0,0084033054;-10.005,41;0,1757123557;176.449,76;-0,010337270;EUR
Muster Defensiv Plus cVV;21.05.2010;-0,0055040915;-6.498,39;0,1692411272;169.951,37;-0,001943898;EUR
Muster Defensiv Plus cVV;22.05.2010;0,0000788564;92,59;0,1693333293;170.043,96;0;EUR
Muster Defensiv Plus cVV;23.05.2010;0,0000788501;92,59;0,1694255314;170.136,55;0;EUR
Muster Defensiv Plus cVV;24.05.2010;-0,0007045794;-827,41;0,1686015783;169.309,14;0,002633396;EUR
Muster Defensiv Plus cVV;25.05.2010;-0,0101802530;-11.946,59;0,1567049186;157.362,56;0,000326186;EUR
Muster Defensiv Plus cVV;26.05.2010;0,0083257392;9.670,84;0,1663353420;167.033,39;0,000942939;EUR
Muster Defensiv Plus cVV;27.05.2010;0,0109368471;12.809,56;0,1790913734;179.842,96;0,008632289;EUR
Muster Defensiv Plus cVV;28.05.2010;-0,0007245416;-857,89;0,1782370726;178.985,07;-0,004551574;EUR
Muster Defensiv Plus cVV;29.05.2010;0,0000782543;92,59;0,1783292747;179.077,66;0;EUR
Muster Defensiv Plus cVV;30.05.2010;0,0000782482;92,59;0,1784214768;179.170,25;0;EUR
Muster Defensiv Plus cVV;31.05.2010;0,0017146956;2.029,11;0,1804421109;181.199,36;0,002928889;EUR
Muster Defensiv Plus cVV;01.06.2010;-0,0003951515;-468,41;0,1799756575;180.730,95;-0,002755357;EUR
Muster Defensiv Plus cVV;02.06.2010;-0,0002284620;-270,71;0,1797060779;180.460,24;0,005282772;EUR
Muster Defensiv Plus cVV;03.06.2010;0,0024240883;2.871,71;0,1825657896;183.331,96;0,003153520;EUR
Muster Defensiv Plus cVV;04.06.2010;-0,0026113617;-3.101,07;0,1794776825;180.230,89;-0,004657407;EUR
Muster Defensiv Plus cVV;05.06.2010;0,0000851113;100,81;0,1795780694;180.331,70;0;EUR
Muster Defensiv Plus cVV;06.06.2010;0,0000851041;100,81;0,1796784564;180.432,51;0;EUR
Muster Defensiv Plus cVV;07.06.2010;-0,0012937313;-1.532,59;0,1781522695;178.899,91;-0,001757925;EUR
Muster Defensiv Plus cVV;08.06.2010;-0,0008153322;-964,62;0,1771916839;177.935,30;0,001013003;EUR
Muster Defensiv Plus cVV;09.06.2010;0,0059335451;7.014,23;0,1841766038;184.949,53;-0,001768315;EUR
Muster Defensiv Plus cVV;10.06.2010;0,0037135537;4.415,96;0,1885741072;189.365,49;0,005772473;EUR
Muster Defensiv Plus cVV;11.06.2010;-0,0000168335;-20,09;0,1885540994;189.345,40;0,002002000;EUR
Muster Defensiv Plus cVV;12.06.2010;0,0000844614;100,81;0,1886544864;189.446,20;0;EUR
Muster Defensiv Plus cVV;13.06.2010;0,0000844543;100,81;0,1887548733;189.547,01;0;EUR
Muster Defensiv Plus cVV;14.06.2010;0,0052775008;6.299,98;0,1950285281;195.847,00;-0,000876145;EUR
Muster Defensiv Plus cVV;15.06.2010;0,0023144227;2.777,41;0,1977943292;198.624,40;0,003205595;EUR
Muster Defensiv Plus cVV;16.06.2010;0,0009922575;1.193,51;0,1989828496;199.817,91;0,001816338;EUR
Muster Defensiv Plus cVV;17.06.2010;0,0009909832;1.193,16;0,2001710215;201.011,07;-0,001475135;EUR
Muster Defensiv Plus cVV;18.06.2010;-0,0007054525;-850,22;0,1993243579;200.160,85;0,000138833;EUR
Muster Defensiv Plus cVV;19.06.2010;0,0000837029;100,81;0,1994247448;200.261,66;0;EUR
Muster Defensiv Plus cVV;20.06.2010;0,0000836959;100,81;0,1995251317;200.362,47;0;EUR
Muster Defensiv Plus cVV;21.06.2010;-0,0005581850;-672,37;0,1988555749;199.690,10;-0,000758172;EUR
Muster Defensiv Plus cVV;22.06.2010;-0,0014503133;-1.746,01;0,1971168586;197.944,09;-0,001085364;EUR
Muster Defensiv Plus cVV;23.06.2010;0,0001495141;179,74;0,1972958445;198.123,83;-0,000308380;EUR
Muster Defensiv Plus cVV;24.06.2010;-0,0053531800;-6.436,24;0,1908865043;191.687,59;-0,005426472;EUR
Muster Defensiv Plus cVV;25.06.2010;0,0001482894;177,34;0,1910631001;191.864,93;0,000251902;EUR
Muster Defensiv Plus cVV;26.06.2010;0,0000778697;93,14;0,1911558479;191.958,06;0;EUR
Muster Defensiv Plus cVV;27.06.2010;0,0000778637;93,14;0,1912485957;192.051,20;0;EUR
Muster Defensiv Plus cVV;28.06.2010;0,0042125567;5.039,26;0,1962667980;197.090,46;-0,000599556;EUR
Muster Defensiv Plus cVV;29.06.2010;-0,0086099009;-10.342,96;0,1859670594;186.747,50;-0,004968567;EUR
Muster Defensiv Plus cVV;30.06.2010;-0,0002892352;-344,46;0,1856240360;186.403,04;-0,004986394;EUR
Muster Defensiv Plus cVV;01.07.2010;-0,0055326430;-6.587,16;0,1790644015;179.815,87;-0,008933692;EUR
Muster Defensiv Plus cVV;02.07.2010;-0,0022432094;-2.655,99;0,1764195132;177.159,89;-0,005693383;EUR
Muster Defensiv Plus cVV;03.07.2010;0,0000788390;93,14;0,1765122609;177.253,02;0;EUR
Muster Defensiv Plus cVV;04.07.2010;0,0000788328;93,14;0,1766050087;177.346,16;0;EUR
Muster Defensiv Plus cVV;05.07.2010;-0,0001494555;-176,59;0,1764291586;177.169,57;0,001379179;EUR
Muster Defensiv Plus cVV;06.07.2010;0,0049046281;5.794,16;0,1821991061;182.963,73;0,001829654;EUR
Muster Defensiv Plus cVV;07.07.2010;0,0015437779;1.832,71;0,1840241590;184.796,45;0,007871562;EUR
Muster Defensiv Plus cVV;08.07.2010;0,0028301779;3.365,06;0,1873751580;188.161,51;0,001789178;EUR
Muster Defensiv Plus cVV;09.07.2010;0,0016759117;1.998,29;0,1893650939;190.159,79;0,002259003;EUR
Muster Defensiv Plus cVV;10.07.2010;0,0000779809;93,14;0,1894578417;190.252,93;0;EUR
Muster Defensiv Plus cVV;11.07.2010;0,0000779748;93,14;0,1895505894;190.346,07;0;EUR
Muster Defensiv Plus cVV;12.07.2010;0,0031520111;3.765,21;0,1933000661;194.111,28;0,002194412;EUR
Muster Defensiv Plus cVV;13.07.2010;0,0032032768;3.838,51;0,1971225365;197.949,79;0,002090570;EUR
Muster Defensiv Plus cVV;14.07.2010;0,0005097232;612,76;0,1977327377;198.562,55;-0,000223035;EUR
Muster Defensiv Plus cVV;15.07.2010;-0,0026094899;-3.138,59;0,1946072662;195.423,97;-0,004784906;EUR
Muster Defensiv Plus cVV;16.07.2010;-0,0048915990;-5.868,06;0,1887637265;189.555,90;-0,008110836;EUR
Muster Defensiv Plus cVV;17.07.2010;0,0000780203;93,14;0,1888564743;189.649,04;0;EUR
Muster Defensiv Plus cVV;18.07.2010;0,0000780143;93,14;0,1889492221;189.742,18;0;EUR
Muster Defensiv Plus cVV;19.07.2010;-0,0027105350;-3.236,21;0,1857265336;186.505,96;-0,001029326;EUR
Muster Defensiv Plus cVV;20.07.2010;-0,0013321236;-1.586,16;0,1841469993;184.919,80;0,003153558;EUR
Muster Defensiv Plus cVV;21.07.2010;0,0019836678;2.358,81;0,1864959535;187.278,61;0,001289838;EUR
Muster Defensiv Plus cVV;22.07.2010;0,0081115297;9.664,69;0,1961202506;196.943,30;0,004809955;EUR
Muster Defensiv Plus cVV;23.07.2010;0,0019643314;2.359,44;0,1984698273;199.302,74;0,003529916;EUR
Muster Defensiv Plus cVV;24.07.2010;0,0000773885;93,14;0,1985625750;199.395,87;0;EUR
Muster Defensiv Plus cVV;25.07.2010;0,0000773825;93,14;0,1986553228;199.489,01;0;EUR
Muster Defensiv Plus cVV;26.07.2010;0,0005979235;719,71;0,1993720270;200.208,72;0,000499186;EUR
Muster Defensiv Plus cVV;27.07.2010;0,0003804051;458,16;0,1998282743;200.666,89;-0,002956024;EUR
Muster Defensiv Plus cVV;28.07.2010;-0,0024587747;-2.962,49;0,1968781669;197.704,40;-0,001140882;EUR
Muster Defensiv Plus cVV;29.07.2010;-0,0104014544;-12.501,52;0,1844288932;185.202,88;-0,003277648;EUR
Muster Defensiv Plus cVV;30.07.2010;-0,0000721617;-85,83;0,1843434228;185.117,05;0,000195261;EUR
Muster Defensiv Plus cVV;31.07.2010;0,0000665055;79,10;0,1844221881;185.196,14;0;EUR
Muster Defensiv Plus cVV;01.08.2010;0,0000665011;79,10;0,1845009535;185.275,24;0;EUR
Muster Defensiv Plus cVV;02.08.2010;0,0091083874;10.834,17;0,1952898471;196.109,41;0,003946339;EUR
Muster Defensiv Plus cVV;03.08.2010;0,0004145783;497,62;0,1957853883;196.607,03;0,001984098;EUR
Muster Defensiv Plus cVV;04.08.2010;0,0014127587;1.696,45;0,1974747446;198.303,48;0,004924608;EUR
Muster Defensiv Plus cVV;05.08.2010;-0,0005665938;-681,33;0,1967962628;197.622,15;0,000695304;EUR
Muster Defensiv Plus cVV;06.08.2010;-0,0032936988;-3.958,43;0,1928543765;193.663,72;-0,004462104;EUR
Muster Defensiv Plus cVV;07.08.2010;0,0000660310;79,10;0,1929331418;193.742,82;0;EUR
Muster Defensiv Plus cVV;08.08.2010;0,0000660266;79,10;0,1930119072;193.821,91;0;EUR
Muster Defensiv Plus cVV;09.08.2010;0,0048666782;5.830,37;0,1988179122;199.652,28;0,003803365;EUR
Muster Defensiv Plus cVV;10.08.2010;-0,0018937418;-2.279,78;0,1965476606;197.372,50;0,000353438;EUR
Muster Defensiv Plus cVV;11.08.2010;-0,0049695884;-5.971,30;0,1906013113;191.401,20;-0,002494245;EUR
Muster Defensiv Plus cVV;12.08.2010;-0,0005741932;-686,50;0,1899176761;190.714,70;-0,000151368;EUR
Muster Defensiv Plus cVV;13.08.2010;-0,0017061760;-2.038,73;0,1878874671;188.675,97;0,002223488;EUR
Muster Defensiv Plus cVV;14.08.2010;0,0000663071;79,10;0,1879662325;188.755,06;0;EUR
Muster Defensiv Plus cVV;15.08.2010;0,0000663027;79,10;0,1880449978;188.834,16;0;EUR
Muster Defensiv Plus cVV;16.08.2010;0,0004488953;535,55;0,1885783056;189.369,70;-0,000043871;EUR
Muster Defensiv Plus cVV;17.08.2010;0,0042646317;5.090,12;0,1936471543;194.459,82;0,003574823;EUR
Muster Defensiv Plus cVV;18.08.2010;0,0000953742;114,32;0,1937609974;194.574,15;0,003473979;EUR
Muster Defensiv Plus cVV;19.08.2010;-0,0050832937;-6.093,70;0,1876927596;188.480,44;-0,003537431;EUR
Muster Defensiv Plus cVV;20.08.2010;-0,0037015082;-4.414,70;0,1832965050;184.065,74;0,000321310;EUR
Muster Defensiv Plus cVV;21.08.2010;0,0000665643;79,10;0,1833752704;184.144,83;0;EUR
Muster Defensiv Plus cVV;22.08.2010;0,0000665599;79,10;0,1834540357;184.223,93;0;EUR
Muster Defensiv Plus cVV;23.08.2010;0,0005103378;606,50;0,1840579970;184.830,43;0,000170339;EUR
Muster Defensiv Plus cVV;24.08.2010;-0,0035252596;-4.191,63;0,1798838852;180.638,80;-0,004953008;EUR
Muster Defensiv Plus cVV;25.08.2010;-0,0022259666;-2.637,40;0,1772575031;178.001,39;0,000898956;EUR
Muster Defensiv Plus cVV;26.08.2010;0,0013898440;1.643,07;0,1788937074;179.644,46;0,000127611;EUR
Muster Defensiv Plus cVV;27.08.2010;0,0014982761;1.773,72;0,1806600157;181.418,18;0,004673029;EUR
Muster Defensiv Plus cVV;28.08.2010;0,0000667130;79,10;0,1807387811;181.497,28;0;EUR
Muster Defensiv Plus cVV;29.08.2010;0,0000667085;79,10;0,1808175464;181.576,38;0;EUR
Muster Defensiv Plus cVV;30.08.2010;-0,0013649780;-1.618,55;0,1792057564;179.957,82;-0,000313355;EUR
Muster Defensiv Plus cVV;31.08.2010;0,0004226821;500,52;0,1797041856;180.458,34;-0,001314396;EUR
Muster Defensiv Plus cVV;01.09.2010;0,0072024099;8.532,37;0,1882008987;188.990,71;0,007987630;EUR
Muster Defensiv Plus cVV;02.09.2010;-0,0000426413;-50,88;0,1881502322;188.939,83;0,000830234;EUR
Muster Defensiv Plus cVV;03.09.2010;0,0026546174;3.167,32;0,1913043165;192.107,16;0,001436034;EUR
Muster Defensiv Plus cVV;04.09.2010;0,0000661169;79,10;0,1913830818;192.186,25;0;EUR
Muster Defensiv Plus cVV;05.09.2010;0,0000661125;79,10;0,1914618472;192.265,35;0;EUR
Muster Defensiv Plus cVV;06.09.2010;0,0017570728;2.102,27;0,1935553324;194.367,62;0,001013221;EUR
Muster Defensiv Plus cVV;07.09.2010;-0,0009888741;-1.185,23;0,1923750565;193.182,39;-0,000950168;EUR
Muster Defensiv Plus cVV;08.09.2010;0,0021945189;2.627,67;0,1949917460;195.810,06;0,002333976;EUR
Muster Defensiv Plus cVV;09.09.2010;0,0011621151;1.394,55;0,1963804640;197.204,61;0,000584986;EUR
Muster Defensiv Plus cVV;10.09.2010;-0,0008535900;-1.025,50;0,1953592456;196.179,10;0,001900958;EUR
Muster Defensiv Plus cVV;11.09.2010;0,0000658926;79,10;0,1954380109;196.258,20;0;EUR
Muster Defensiv Plus cVV;12.09.2010;0,0000658883;79,10;0,1955167762;196.337,29;0;EUR
Muster Defensiv Plus cVV;13.09.2010;0,0026147290;3.139,07;0,1986427286;199.476,36;-0,003460711;EUR
Muster Defensiv Plus cVV;14.09.2010;0,0008396765;1.010,70;0,1996492007;200.487,06;0,000723958;EUR
Muster Defensiv Plus cVV;15.09.2010;-0,0015455755;-1.861,93;0,1977950522;198.625,13;-0,001753725;EUR
Muster Defensiv Plus cVV;16.09.2010;0,0007331499;881,85;0,1986732155;199.506,98;-0,004960508;EUR
Muster Defensiv Plus cVV;17.09.2010;-0,0033075013;-3.981,25;0,1947086023;195.525,73;0,000279316;EUR
Muster Defensiv Plus cVV;18.09.2010;0,0000722656;86,70;0,1947949386;195.612,43;0;EUR
Muster Defensiv Plus cVV;19.09.2010;0,0000722604;86,70;0,1948812749;195.699,12;0;EUR
Muster Defensiv Plus cVV;20.09.2010;0,0040231399;4.827,35;0,1996884494;200.526,47;0,003994392;EUR
Muster Defensiv Plus cVV;21.09.2010;0,0000181358;21,85;0,1997102068;200.548,32;-0,001190886;EUR
Muster Defensiv Plus cVV;22.09.2010;-0,0025440458;-3.064,93;0,1966580891;197.483,40;-0,004625413;EUR
Muster Defensiv Plus cVV;23.09.2010;-0,0006471576;-777,68;0,1958836627;196.705,72;0,001290343;EUR
Muster Defensiv Plus cVV;24.09.2010;0,0061658831;7.404,62;0,2032573415;204.110,34;0,002228570;EUR
Muster Defensiv Plus cVV;25.09.2010;0,0000717522;86,70;0,2033436778;204.197,04;0;EUR
Muster Defensiv Plus cVV;26.09.2010;0,0000717470;86,70;0,2034300141;204.283,74;0;EUR
Muster Defensiv Plus cVV;27.09.2010;-0,0014596028;-1.763,90;0,2016734843;202.519,84;-0,000548278;EUR
Muster Defensiv Plus cVV;28.09.2010;0,0001261884;152,27;0,2018251216;202.672,11;-0,000573732;EUR
Muster Defensiv Plus cVV;29.09.2010;-0,0020678937;-2.495,68;0,1993398749;200.176,44;-0,000184377;EUR
Muster Defensiv Plus cVV;30.09.2010;-0,0010625871;-1.279,75;0,1980654718;198.896,68;-0,003359853;EUR
Muster Defensiv Plus cVV;01.10.2010;-0,0007309502;-879,40;0,1971897456;198.017,28;-0,002576434;EUR
Muster Defensiv Plus cVV;02.10.2010;0,0000721158;86,70;0,1972760819;198.103,98;0;EUR
Muster Defensiv Plus cVV;03.10.2010;0,0000721106;86,70;0,1973624182;198.190,68;0;EUR
Muster Defensiv Plus cVV;04.10.2010;-0,0028352148;-3.409,03;0,1939676385;194.781,65;0,000266541;EUR
Muster Defensiv Plus cVV;05.10.2010;0,0034306489;4.113,27;0,1980637223;198.894,93;0,003442431;EUR
Muster Defensiv Plus cVV;06.10.2010;0,0058671748;7.058,75;0,2050929716;205.953,68;0,001319572;EUR
Muster Defensiv Plus cVV;07.10.2010;-0,0019391197;-2.346,63;0,2027561520;203.607,05;-0,001137244;EUR
Muster Defensiv Plus cVV;08.10.2010;0,0020190563;2.438,62;0,2051845844;206.045,67;0,001199547;EUR
Muster Defensiv Plus cVV;09.10.2010;0,0000716374;86,70;0,2052709207;206.132,37;0;EUR
Muster Defensiv Plus cVV;10.10.2010;0,0000716323;86,70;0,2053572570;206.219,07;0;EUR
Muster Defensiv Plus cVV;11.10.2010;0,0014397521;1.742,70;0,2070926727;207.961,77;0,001310653;EUR
Muster Defensiv Plus cVV;12.10.2010;-0,0005894868;-714,55;0,2063811075;207.247,22;0,002899317;EUR
Muster Defensiv Plus cVV;13.10.2010;0,0070695794;8.564,40;0,2149097145;215.811,62;-0,001350168;EUR
Muster Defensiv Plus cVV;14.10.2010;0,0020140836;2.457,20;0,2173566442;218.268,82;-0,001150015;EUR
Muster Defensiv Plus cVV;15.10.2010;0,0030919267;3.779,77;0,2211206217;222.048,59;0,001089509;EUR
Muster Defensiv Plus cVV;16.10.2010;0,0000707025;86,70;0,2212069580;222.135,29;0;EUR
Muster Defensiv Plus cVV;17.10.2010;0,0000706975;86,70;0,2212932943;222.221,99;0;EUR
Muster Defensiv Plus cVV;18.10.2010;0,0011656694;1.429,60;0,2227169185;223.651,59;0,001283761;EUR
Muster Defensiv Plus cVV;19.10.2010;-0,0018469313;-2.267,75;0,2204586443;221.383,83;-0,004004480;EUR
Muster Defensiv Plus cVV;20.10.2010;0,0030238721;3.706,00;0,2241491551;225.089,83;-0,000232234;EUR
Muster Defensiv Plus cVV;21.10.2010;0,0049103880;6.036,27;0,2301602025;231.126,11;-0,000470749;EUR
Muster Defensiv Plus cVV;22.10.2010;-0,0003789102;-468,08;0,2296940822;230.658,03;-0,001005651;EUR
Muster Defensiv Plus cVV;23.10.2010;0,0000702096;86,70;0,2297804186;230.744,73;0;EUR
Muster Defensiv Plus cVV;24.10.2010;0,0000702047;86,70;0,2298667549;230.831,43;0;EUR
Muster Defensiv Plus cVV;25.10.2010;0,0015945780;1.969,35;0,2318278733;232.800,78;0,001351625;EUR
Muster Defensiv Plus cVV;26.10.2010;-0,0022630818;-2.799,43;0,2290401461;230.001,35;-0,000001147;EUR
Muster Defensiv Plus cVV;27.10.2010;-0,0027327474;-3.372,75;0,2256814899;226.628,60;-0,002289066;EUR
Muster Defensiv Plus cVV;28.10.2010;0,0022375830;2.754,07;0,2284240539;229.382,67;-0,000872892;EUR
Muster Defensiv Plus cVV;29.10.2010;0,0003138214;387,12;0,2288095597;229.769,79;0,000609036;EUR
Muster Defensiv Plus cVV;30.10.2010;0,0000702601;86,70;0,2288958960;229.856,49;0;EUR
Muster Defensiv Plus cVV;31.10.2010;0,0000702552;86,70;0,2289822323;229.943,19;0;EUR
Muster Defensiv Plus cVV;01.11.2010;0,0007418111;915,50;0,2298939050;230.858,69;0,001848613;EUR
Muster Defensiv Plus cVV;02.11.2010;0,0052607145;6.497,27;0,2363640257;237.355,96;-0,000860242;EUR
Muster Defensiv Plus cVV;03.11.2010;-0,0012163611;-1.510,18;0,2348601605;235.845,79;0,001547921;EUR
Muster Defensiv Plus cVV;04.11.2010;0,0073587793;9.125,20;0,2439472239;244.970,99;0,002853417;EUR
Muster Defensiv Plus cVV;05.11.2010;0,0029904502;3.735,57;0,2476671861;248.706,56;0,007533923;EUR
Muster Defensiv Plus cVV;06.11.2010;0,0000691982;86,70;0,2477535224;248.793,26;0;EUR
Muster Defensiv Plus cVV;07.11.2010;0,0000691934;86,70;0,2478398587;248.879,96;0;EUR
Muster Defensiv Plus cVV;08.11.2010;-0,0000249597;-31,28;0,2478087131;248.848,68;0,002122644;EUR
Muster Defensiv Plus cVV;09.11.2010;0,0017775683;2.227,37;0,2500267782;251.076,05;0,000934660;EUR
Muster Defensiv Plus cVV;10.11.2010;-0,0119027931;-14.941,25;0,2351479681;236.134,80;0,000208607;EUR
Muster Defensiv Plus cVV;11.11.2010;0,0018282439;2.267,63;0,2374061199;238.402,43;0,003183004;EUR
Muster Defensiv Plus cVV;12.11.2010;-0,0010424694;-1.295,37;0,2361161618;237.107,06;-0,006324580;EUR
Muster Defensiv Plus cVV;13.11.2010;0,0000634441;78,75;0,2361945861;237.185,81;0;EUR
Muster Defensiv Plus cVV;14.11.2010;0,0000634401;78,75;0,2362730104;237.264,57;0;EUR
Muster Defensiv Plus cVV;15.11.2010;0,0014699842;1.824,93;0,2380903122;239.089,50;0,000846476;EUR
Muster Defensiv Plus cVV;16.11.2010;-0,0087282373;-10.851,70;0,2272839662;228.237,80;-0,006512272;EUR
Muster Defensiv Plus cVV;17.11.2010;0,0021162005;2.608,08;0,2298811452;230.845,88;-0,000557968;EUR
Muster Defensiv Plus cVV;18.11.2010;0,0076576135;9.457,48;0,2392990997;240.303,36;0,002313518;EUR
Muster Defensiv Plus cVV;19.11.2010;0,0000903402;112,43;0,2394110582;240.415,78;-0,000999763;EUR
Muster Defensiv Plus cVV;20.11.2010;0,0000632755;78,75;0,2394894825;240.494,54;0;EUR
Muster Defensiv Plus cVV;21.11.2010;0,0000632715;78,75;0,2395679068;240.573,29;0;EUR
Muster Defensiv Plus cVV;22.11.2010;0,0002383400;296,68;0,2398633454;240.869,97;-0,000656601;EUR
Muster Defensiv Plus cVV;23.11.2010;-0,0065460526;-8.150,27;0,2317471348;232.719,70;0,000836949;EUR
Muster Defensiv Plus cVV;24.11.2010;0,0071351053;8.825,53;0,2405357803;241.545,23;0,006827514;EUR
Muster Defensiv Plus cVV;25.11.2010;0,0035825467;4.462,93;0,2449800576;246.008,15;-0,001039846;EUR
Muster Defensiv Plus cVV;26.11.2010;-0,0041690342;-5.212,15;0,2397896932;240.796,01;0,001343267;EUR
Muster Defensiv Plus cVV;27.11.2010;0,0000632561;78,75;0,2398681175;240.874,76;0;EUR
Muster Defensiv Plus cVV;28.11.2010;0,0000632521;78,75;0,2399465418;240.953,52;0;EUR
Muster Defensiv Plus cVV;29.11.2010;-0,0103319639;-12.864,85;0,2271354590;228.088,67;0,000615938;EUR
Muster Defensiv Plus cVV;30.11.2010;0,0017927288;2.209,15;0,2293353801;230.297,82;0,001588136;EUR
Muster Defensiv Plus cVV;01.12.2010;0,0108905942;13.444,38;0,2427235728;243.742,20;0,003374732;EUR
Muster Defensiv Plus cVV;02.12.2010;0,0058374883;7.284,83;0,2499779571;251.027,03;0,001603628;EUR
Muster Defensiv Plus cVV;03.12.2010;-0,0018959542;-2.379,85;0,2476080562;248.647,18;-0,003310122;EUR
Muster Defensiv Plus cVV;04.12.2010;0,0000628597;78,75;0,2476864805;248.725,94;0;EUR
Muster Defensiv Plus cVV;05.12.2010;0,0000628558;78,75;0,2477649048;248.804,69;0;EUR
Muster Defensiv Plus cVV;06.12.2010;0,0024438948;3.062,20;0,2508143109;251.866,89;0,001236522;EUR
Muster Defensiv Plus cVV;07.12.2010;0,0042387811;5.324,18;0,2561162390;257.191,07;-0,001560929;EUR
Muster Defensiv Plus cVV;08.12.2010;-0,0016393227;-2.067,82;0,2540570590;255.123,25;-0,002504868;EUR
Muster Defensiv Plus cVV;09.12.2010;-0,0021000792;-2.644,67;0,2514234399;252.478,58;0,002016099;EUR
Muster Defensiv Plus cVV;10.12.2010;0,0018104148;2.275,10;0,2536890354;254.753,68;-0,000435254;EUR
Muster Defensiv Plus cVV;11.12.2010;0,0000625548;78,75;0,2537674597;254.832,43;0;EUR
Muster Defensiv Plus cVV;12.12.2010;0,0000625509;78,75;0,2538458840;254.911,19;0;EUR
Muster Defensiv Plus cVV;13.12.2010;0,0015632922;1.968,35;0,2558060114;256.879,54;-0,002746604;EUR
Muster Defensiv Plus cVV;14.12.2010;0,0004455943;561,93;0,2563655915;257.441,47;0,001935544;EUR
Muster Defensiv Plus cVV;15.12.2010;0,0020932535;2.640,93;0,2589954832;260.082,40;-0,002629414;EUR
Muster Defensiv Plus cVV;16.12.2010;0,0006679130;844,43;0,2598363826;260.926,83;0,002319140;EUR
Muster Defensiv Plus cVV;17.12.2010;-0,0036806854;-4.656,52;0,2551993212;256.270,31;0,000646491;EUR
Muster Defensiv Plus cVV;18.12.2010;0,0000624796;78,75;0,2552777455;256.349,06;0;EUR
Muster Defensiv Plus cVV;19.12.2010;0,0000624757;78,75;0,2553561698;256.427,81;0;EUR
Muster Defensiv Plus cVV;20.12.2010;0,0014911089;1.879,73;0,2572280426;258.307,54;0,003320496;EUR
Muster Defensiv Plus cVV;21.12.2010;0,0025187864;3.179,98;0,2603947315;261.487,52;0,003687803;EUR
Muster Defensiv Plus cVV;22.12.2010;0,0001237895;156,68;0,2605507552;261.644,20;0,002800471;EUR
Muster Defensiv Plus cVV;23.12.2010;-0,0001904241;-241,05;0,2603107160;261.403,15;0,001785296;EUR
Muster Defensiv Plus cVV;24.12.2010;0,0000622262;78,75;0,2603891403;261.481,90;-0,001114975;EUR
Muster Defensiv Plus cVV;25.12.2010;0,0000622223;78,75;0,2604675646;261.560,66;0;EUR
Muster Defensiv Plus cVV;26.12.2010;0,0000622184;78,75;0,2605459889;261.639,41;0;EUR
Muster Defensiv Plus cVV;27.12.2010;-0,0043359853;-5.488,65;0,2550802800;256.150,76;-0,002663156;EUR
Muster Defensiv Plus cVV;28.12.2010;0,0022125276;2.788,55;0,2578571797;258.939,32;0,004221992;EUR
Muster Defensiv Plus cVV;29.12.2010;0,0019643201;2.481,20;0,2603280139;261.420,52;-0,000969567;EUR
Muster Defensiv Plus cVV;30.12.2010;-0,0058929720;-7.458,25;0,2529009362;253.962,27;-0,003249165;EUR
Muster Defensiv Plus cVV;31.12.2010;0,0000625942;78,75;0,2529793605;254.041,03;-0,002563854;EUR
Muster Defensiv Plus cVV;01.01.2011;0,0000625903;78,75;0,2530577849;254.119,78;0;EUR
Muster Defensiv Plus cVV;02.01.2011;0,0000674818;84,91;0,2531423434;254.204,70;0;EUR
Muster Defensiv Plus cVV;03.01.2011;0,0036748001;4.624,37;0,2577473910;258.829,07;0,003288144;EUR
Muster Defensiv Plus cVV;04.01.2011;-0,0037797422;-4.773,91;0,2529934302;254.055,16;0,001707186;EUR
Muster Defensiv Plus cVV;05.01.2011;-0,0034222892;-4.306,10;0,2487053243;249.749,06;0,003066574;EUR
Muster Defensiv Plus cVV;06.01.2011;0,0007132792;894,41;0,2495959999;250.643,47;0,002144322;EUR
Muster Defensiv Plus cVV;07.01.2011;-0,0017615802;-2.210,50;0,2473947363;248.432,97;0,001796641;EUR
Muster Defensiv Plus cVV;08.01.2011;0,0000677881;84,91;0,2474792948;248.517,88;0;EUR
Muster Defensiv Plus cVV;09.01.2011;0,0000677915;84,92;0,2475638634;248.602,80;0;EUR
Muster Defensiv Plus cVV;10.01.2011;-0,0047411910;-5.939,76;0,2416489247;242.663,04;0,000061427;EUR
Muster Defensiv Plus cVV;11.01.2011;0,0052863513;6.591,34;0,2482127172;249.254,38;0,002492251;EUR
Muster Defensiv Plus cVV;12.01.2011;0,0083448401;10.459,85;0,2586288527;259.714,23;-0,001586760;EUR
Muster Defensiv Plus cVV;13.01.2011;-0,0006399673;-808,86;0,2578233714;258.905,37;-0,008535708;EUR
Muster Defensiv Plus cVV;14.01.2011;-0,0035278042;-4.455,98;0,2533860169;254.449,39;-0,001984690;EUR
Muster Defensiv Plus cVV;15.01.2011;0,0000674641;84,91;0,2534705755;254.534,30;0;EUR
Muster Defensiv Plus cVV;16.01.2011;0,0000674675;84,92;0,2535551440;254.619,23;0;EUR
Muster Defensiv Plus cVV;17.01.2011;-0,0006271263;-789,44;0,2527690066;253.829,79;0,002970586;EUR
Muster Defensiv Plus cVV;18.01.2011;0,0030117717;3.788,89;0,2565420608;257.618,68;-0,001642249;EUR
Muster Defensiv Plus cVV;19.01.2011;-0,0034042632;-4.295,55;0,2522644608;253.323,13;-0,006041551;EUR
Muster Defensiv Plus cVV;20.01.2011;-0,0024347820;-3.061,79;0,2492154698;250.261,34;-0,000924451;EUR
Muster Defensiv Plus cVV;21.01.2011;0,0032112661;4.028,40;0,2532270331;254.289,74;-0,004469057;EUR
Muster Defensiv Plus cVV;22.01.2011;0,0000674727;84,91;0,2533115916;254.374,65;0;EUR
Muster Defensiv Plus cVV;23.01.2011;0,0000674761;84,92;0,2533961602;254.459,58;0;EUR
Muster Defensiv Plus cVV;24.01.2011;-0,0004060176;-511,04;0,2528872593;253.948,54;-0,000380701;EUR
Muster Defensiv Plus cVV;25.01.2011;-0,0000249984;-31,45;0,2528559391;253.917,09;0,000331802;EUR
Muster Defensiv Plus cVV;26.01.2011;0,0029706681;3.737,44;0,2565777583;257.654,53;0,002051976;EUR
Muster Defensiv Plus cVV;27.01.2011;0,0029999088;3.785,44;0,2603473770;261.439,97;-0,001805172;EUR
Muster Defensiv Plus cVV;28.01.2011;-0,0044448197;-5.625,53;0,2547453601;255.814,44;-0,003325249;EUR
Muster Defensiv Plus cVV;29.01.2011;0,0000673910;84,91;0,2548299187;255.899,35;0;EUR
Muster Defensiv Plus cVV;30.01.2011;0,0000673944;84,92;0,2549144872;255.984,28;0;EUR
Muster Defensiv Plus cVV;31.01.2011;0,0001078523;135,91;0,2550498327;256.120,19;-0,000359634;EUR
Muster Defensiv Plus cVV;01.02.2011;0,0072851707;9.181,62;0,2641930850;265.301,81;0,005047707;EUR
Muster Defensiv Plus cVV;02.02.2011;-0,0005593245;-710,06;0,2634859908;264.591,75;-0,001565283;EUR
Muster Defensiv Plus cVV;03.02.2011;0,0000771905;97,94;0,2635835200;264.689,69;0,003282424;EUR
Muster Defensiv Plus cVV;04.02.2011;-0,0008233807;-1.044,78;0,2625431096;263.644,91;0,002247357;EUR
Muster Defensiv Plus cVV;05.02.2011;0,0000669748;84,91;0,2626276682;263.729,83;0;EUR
Muster Defensiv Plus cVV;06.02.2011;0,0000669782;84,92;0,2627122367;263.814,75;0;EUR
Muster Defensiv Plus cVV;07.02.2011;0,0038009228;4.819,61;0,2675117084;268.634,36;0,002503990;EUR
Muster Defensiv Plus cVV;08.02.2011;-0,0003124936;-397,75;0,2671156191;268.236,61;-0,000354450;EUR
Muster Defensiv Plus cVV;09.02.2011;-0,0011789904;-1.500,19;0,2656217020;266.736,43;-0,002510169;EUR
Muster Defensiv Plus cVV;10.02.2011;0,0025550197;3.247,26;0,2688553903;269.983,68;0,001451096;EUR
Muster Defensiv Plus cVV;11.02.2011;0,0014359207;1.829,62;0,2706773661;271.813,31;0,002097961;EUR
Muster Defensiv Plus cVV;12.02.2011;0,0000717055;91,50;0,2707684807;271.904,80;0;EUR
Muster Defensiv Plus cVV;13.02.2011;0,0000717082;91,51;0,2708596053;271.996,31;0;EUR
Muster Defensiv Plus cVV;14.02.2011;0,0048377652;6.173,92;0,2770077257;278.170,23;0,003926046;EUR
Muster Defensiv Plus cVV;15.02.2011;0,0015857841;2.033,56;0,2790327842;280.203,79;-0,002602820;EUR
Muster Defensiv Plus cVV;16.02.2011;0,0001427880;183,40;0,2792154148;280.387,19;0,004036549;EUR
Muster Defensiv Plus cVV;17.02.2011;0,0019957296;2.563,68;0,2817683828;282.950,87;-0,000577062;EUR
Muster Defensiv Plus cVV;18.02.2011;0,0022848562;2.940,95;0,2846970392;285.891,82;0,000887360;EUR
Muster Defensiv Plus cVV;19.02.2011;0,0000709230;91,50;0,2847881539;285.983,31;0;EUR
Muster Defensiv Plus cVV;20.02.2011;0,0000709258;91,51;0,2848792784;286.074,82;0;EUR
Muster Defensiv Plus cVV;21.02.2011;-0,0068731102;-8.868,18;0,2760481616;277.206,64;-0,002657895;EUR
Muster Defensiv Plus cVV;22.02.2011;-0,0004243730;-543,79;0,2755066411;276.662,85;-0,006728812;EUR
Muster Defensiv Plus cVV;23.02.2011;-0,0071598821;-9.170,80;0,2663741640;267.492,05;-0,004183553;EUR
Muster Defensiv Plus cVV;24.02.2011;-0,0028478416;-3.621,57;0,2627677310;263.870,48;0,000446245;EUR
Muster Defensiv Plus cVV;25.02.2011;0,0021888013;2.775,55;0,2655316786;266.646,02;0,006091672;EUR
Muster Defensiv Plus cVV;26.02.2011;0,0000720050;91,51;0,2656228032;266.737,53;0;EUR
Muster Defensiv Plus cVV;27.02.2011;0,0000719919;91,50;0,2657139178;266.829,03;0;EUR
Muster Defensiv Plus cVV;28.02.2011;0,0069536140;8.838,22;0,2745152038;275.667,25;0,001199738;EUR
Muster Defensiv Plus cVV;01.03.2011;-0,0038586275;-4.938,52;0,2695973244;270.728,73;-0,005061008;EUR
Muster Defensiv Plus cVV;02.03.2011;-0,0010410241;-1.327,23;0,2682756430;269.401,50;-0,001142971;EUR
Muster Defensiv Plus cVV;03.03.2011;0,0015988222;2.036,26;0,2703033903;271.437,76;0,001279450;EUR
Muster Defensiv Plus cVV;04.03.2011;-0,0029520041;-3.765,68;0,2665534495;267.672,08;-0,005604890;EUR
Muster Defensiv Plus cVV;05.03.2011;0,0000719469;91,51;0,2666445740;267.763,59;0;EUR
Muster Defensiv Plus cVV;06.03.2011;0,0000719338;91,50;0,2667356887;267.855,09;0;EUR
Muster Defensiv Plus cVV;07.03.2011;-0,0003832611;-487,53;0,2662501981;267.367,56;-0,003618555;EUR
Muster Defensiv Plus cVV;08.03.2011;-0,0027742154;-3.527,59;0,2627373473;263.839,97;0,004019364;EUR
Muster Defensiv Plus cVV;09.03.2011;-0,0015505294;-1.966,13;0,2607794360;261.873,84;-0,000003886;EUR
Muster Defensiv Plus cVV;10.03.2011;-0,0032534666;-4.119,12;0,2566775322;257.754,72;-0,003221202;EUR
Muster Defensiv Plus cVV;11.03.2011;-0,0043579357;-5.499,50;0,2512010123;252.255,22;0,001127074;EUR
Muster Defensiv Plus cVV;12.03.2011;0,0000728297;91,51;0,2512921369;252.346,72;0;EUR
Muster Defensiv Plus cVV;13.03.2011;0,0000728164;91,50;0,2513832515;252.438,22;0;EUR
Muster Defensiv Plus cVV;14.03.2011;-0,0053331665;-6.701,84;0,2447094163;245.736,38;-0,008834667;EUR
Muster Defensiv Plus cVV;15.03.2011;-0,0113552507;-14.193,30;0,2305754287;231.543,07;-0,001787835;EUR
Muster Defensiv Plus cVV;16.03.2011;-0,0075821613;-9.369,58;0,2212450073;222.173,50;-0,002085352;EUR
Muster Defensiv Plus cVV;17.03.2011;0,0081244288;9.963,56;0,2311669254;232.137,05;0,003500219;EUR
Muster Defensiv Plus cVV;18.03.2011;0,0021675151;2.679,77;0,2338354983;234.816,83;-0,001350600;EUR
Muster Defensiv Plus cVV;19.03.2011;0,0000738547;91,51;0,2339266229;234.908,33;0;EUR
Muster Defensiv Plus cVV;20.03.2011;0,0000738412;91,50;0,2340177375;234.999,83;0;EUR
Muster Defensiv Plus cVV;21.03.2011;0,0063386695;7.854,86;0,2418397681;242.854,69;0,001998099;EUR
Muster Defensiv Plus cVV;22.03.2011;-0,0019214951;-2.396,20;0,2394535791;240.458,48;-0,002020692;EUR
Muster Defensiv Plus cVV;23.03.2011;0,0008461838;1.053,21;0,2405023846;241.511,69;0,002798596;EUR
Muster Defensiv Plus cVV;24.03.2011;0,0068641243;8.550,70;0,2490173472;250.062,39;0,000454637;EUR
Muster Defensiv Plus cVV;25.03.2011;0,0013836033;1.735,40;0,2507454918;251.797,78;0,002870640;EUR
Muster Defensiv Plus cVV;26.03.2011;0,0000728562;91,51;0,2508366163;251.889,29;0;EUR
Muster Defensiv Plus cVV;27.03.2011;0,0000728429;91,50;0,2509277309;251.980,79;0;EUR
Muster Defensiv Plus cVV;28.03.2011;-0,0001815771;-228,09;0,2507005912;251.752,70;-0,001545128;EUR
Muster Defensiv Plus cVV;29.03.2011;-0,0000132991;-16,70;0,2506839579;251.735,99;0,001013889;EUR
Muster Defensiv Plus cVV;30.03.2011;0,0064455741;8.095,21;0,2587453341;259.831,20;0,001902827;EUR
Muster Defensiv Plus cVV;31.03.2011;0,0004392284;555,20;0,2592982109;260.386,40;-0,002715027;EUR
Muster Defensiv Plus cVV;01.04.2011;0,0062288016;7.876,84;0,2671421296;268.263,23;0,001377679;EUR
Muster Defensiv Plus cVV;02.04.2011;0,0000759450;96,64;0,2672383627;268.359,87;0;EUR
Muster Defensiv Plus cVV;03.04.2011;0,0000759392;96,64;0,2673345959;268.456,51;0;EUR
Muster Defensiv Plus cVV;04.04.2011;-0,0004792060;-609,86;0,2667272815;267.846,64;-0,000795250;EUR
Muster Defensiv Plus cVV;05.04.2011;-0,0004001067;-508,95;0,2662204555;267.337,69;0,000339476;EUR
Muster Defensiv Plus cVV;06.04.2011;0,0028546118;3.629,74;0,2698350234;270.967,43;-0,003099894;EUR
Muster Defensiv Plus cVV;07.04.2011;-0,0058186731;-7.419,76;0,2624462684;263.547,67;-0,000060388;EUR
Muster Defensiv Plus cVV;08.04.2011;0,0013503014;1.711,84;0,2641509515;265.259,50;-0,003518632;EUR
Muster Defensiv Plus cVV;09.04.2011;0,0000761247;96,64;0,2642471846;265.356,14;0;EUR
Muster Defensiv Plus cVV;10.04.2011;0,0000761189;96,64;0,2643434177;265.452,78;0;EUR
Muster Defensiv Plus cVV;11.04.2011;0,0003829695;486,24;0,2648276227;265.939,01;-0,001843435;EUR
Muster Defensiv Plus cVV;12.04.2011;-0,0046656063;-5.925,95;0,2589264349;260.013,06;-0,003613701;EUR
Muster Defensiv Plus cVV;13.04.2011;0,0024735113;3.127,04;0,2620404036;263.140,10;0,001581171;EUR
Muster Defensiv Plus cVV;14.04.2011;-0,0005926310;-751,06;0,2612924794;262.389,03;0,002126833;EUR
Muster Defensiv Plus cVV;15.04.2011;0,0036880319;4.671,21;0,2659441664;267.060,24;0,001814710;EUR
Muster Defensiv Plus cVV;16.04.2011;0,0000847048;107,68;0,2660513979;267.167,92;0;EUR
Muster Defensiv Plus cVV;17.04.2011;0,0000846976;107,68;0,2661586293;267.275,61;0;EUR
Muster Defensiv Plus cVV;18.04.2011;-0,0046112044;-5.863,02;0,2603201131;261.412,59;0,001826951;EUR
Muster Defensiv Plus cVV;19.04.2011;-0,0005579672;-706,17;0,2596168958;260.706,42;0,000255483;EUR
Muster Defensiv Plus cVV;20.04.2011;0,0091191505;11.534,84;0,2711035318;272.241,26;0,001242317;EUR
Muster Defensiv Plus cVV;21.04.2011;0,0022610434;2.886,08;0,2739775520;275.127,34;0,001625156;EUR
Muster Defensiv Plus cVV;22.04.2011;0,0000841706;107,68;0,2740847835;275.235,02;0,000022018;EUR
Muster Defensiv Plus cVV;23.04.2011;0,0000841635;107,68;0,2741920150;275.342,70;0;EUR
Muster Defensiv Plus cVV;24.04.2011;0,0000841565;107,68;0,2742992465;275.450,39;0;EUR
Muster Defensiv Plus cVV;25.04.2011;0,0001154080;147,68;0,2744463108;275.598,07;-0,000656819;EUR
Muster Defensiv Plus cVV;26.04.2011;0,0023593092;3.019,43;0,2774531238;278.617,50;0,002767633;EUR
Muster Defensiv Plus cVV;27.04.2011;0,0020057789;2.573,04;0,2800154123;281.190,54;0,000869006;EUR
Muster Defensiv Plus cVV;28.04.2011;0,0029372718;3.775,53;0,2837751654;284.966,07;-0,001413508;EUR
Muster Defensiv Plus cVV;29.04.2011;0,0016302298;2.101,63;0,2858680139;287.067,70;0,001945077;EUR
Muster Defensiv Plus cVV;30.04.2011;0,0000833923;107,68;0,2859752454;287.175,39;0;EUR
Muster Defensiv Plus cVV;01.05.2011;0,0000833853;107,68;0,2860824769;287.283,07;0;EUR
Muster Defensiv Plus cVV;02.05.2011;-0,0011021609;-1.423,42;0,2846650070;285.859,65;-0,001326662;EUR
Muster Defensiv Plus cVV;03.05.2011;-0,0005029381;-648,82;0,2840189000;285.210,83;-0,000368244;EUR
Muster Defensiv Plus cVV;04.05.2011;-0,0056370143;-7.268,41;0,2767808671;277.942,42;-0,006189548;EUR
Muster Defensiv Plus cVV;05.05.2011;-0,0004229795;-542,32;0,2762408150;277.400,10;0,001586573;EUR
Muster Defensiv Plus cVV;06.05.2011;0,0067905770;8.702,78;0,2849072265;286.102,88;0,008337930;EUR
Muster Defensiv Plus cVV;07.05.2011;0,0040554006;5.232,68;0,2901180401;291.335,57;0;EUR
Muster Defensiv Plus cVV;08.05.2011;0,0000831176;107,68;0,2902252715;291.443,25;0;EUR
Muster Defensiv Plus cVV;09.05.2011;-0,0000080026;-10,37;0,2902149464;291.432,88;0,005692057;EUR
Muster Defensiv Plus cVV;10.05.2011;0,0030578428;3.961,83;0,2941602209;295.394,71;0,002031201;EUR
Muster Defensiv Plus cVV;11.05.2011;-0,0012117797;-1.574,82;0,2925919838;293.819,89;-0,001253621;EUR
Muster Defensiv Plus cVV;12.05.2011;-0,0012503373;-1.622,96;0,2909758078;292.196,93;0,003892260;EUR
Muster Defensiv Plus cVV;13.05.2011;-0,0016943685;-2.196,57;0,2887884191;290.000,37;-0,003279982;EUR
Muster Defensiv Plus cVV;14.05.2011;0,0000832033;107,68;0,2888956506;290.108,05;0;EUR
Muster Defensiv Plus cVV;15.05.2011;0,0000831964;107,68;0,2890028820;290.215,73;0;EUR
Muster Defensiv Plus cVV;16.05.2011;0,0000427078;55,28;0,2890579325;290.271,01;-0,001433784;EUR
Muster Defensiv Plus cVV;17.05.2011;-0,0042611647;-5.515,94;0,2835650444;284.755,07;-0,000277364;EUR
Muster Defensiv Plus cVV;18.05.2011;0,0017804343;2.294,89;0,2858503476;287.049,96;0,001637937;EUR
Muster Defensiv Plus cVV;19.05.2011;0,0030401658;3.925,60;0,2897595459;290.975,57;0,000100139;EUR
Muster Defensiv Plus cVV;20.05.2011;-0,0038545114;-4.992,26;0,2847881530;285.983,31;0,001078743;EUR
Muster Defensiv Plus cVV;21.05.2011;0,0000654125;84,39;0,2848721941;286.067,71;0;EUR
Muster Defensiv Plus cVV;22.05.2011;0,0000654082;84,39;0,2849562353;286.152,10;0;EUR
Muster Defensiv Plus cVV;23.05.2011;-0,0039010819;-5.033,76;0,2799435158;281.118,34;-0,000001634;EUR
Muster Defensiv Plus cVV;24.05.2011;0,0009842675;1.265,09;0,2812033226;282.383,44;-0,002636671;EUR
Muster Defensiv Plus cVV;25.05.2011;-0,0004103951;-528,01;0,2806775231;281.855,43;0,003925093;EUR
Muster Defensiv Plus cVV;26.05.2011;-0,0006919597;-889,90;0,2797913459;280.965,53;-0,000185489;EUR
Muster Defensiv Plus cVV;27.05.2011;0,0009726351;1.249,99;0,2810361158;282.215,53;0,001909791;EUR
Muster Defensiv Plus cVV;28.05.2011;0,0000656040;84,39;0,2811201570;282.299,92;0;EUR
Muster Defensiv Plus cVV;29.05.2011;0,0000655997;84,39;0,2812041981;282.384,32;0;EUR
Muster Defensiv Plus cVV;30.05.2011;0,0013079580;1.682,79;0,2828799594;284.067,11;-0,000526808;EUR
Muster Defensiv Plus cVV;31.05.2011;0,0064617154;8.324,39;0,2911695646;292.391,50;0,000030736;EUR
Muster Defensiv Plus cVV;01.06.2011;-0,0025730654;-3.336,21;0,2878473008;289.055,30;-0,006627746;EUR
Muster Defensiv Plus cVV;02.06.2011;-0,0031198145;-4.034,71;0,2838294562;285.020,59;-0,000952000;EUR
Muster Defensiv Plus cVV;03.06.2011;-0,0010030863;-1.293,20;0,2825416644;283.727,39;-0,005480948;EUR
Muster Defensiv Plus cVV;04.06.2011;0,0000655270;84,39;0,2826257056;283.811,79;0;EUR
Muster Defensiv Plus cVV;05.06.2011;0,0000655227;84,39;0,2827097467;283.896,18;0;EUR
Muster Defensiv Plus cVV;06.06.2011;-0,0000343191;-44,21;0,2826657253;283.851,98;-0,003921133;EUR
Muster Defensiv Plus cVV;07.06.2011;-0,0004412925;-568,41;0,2820996945;283.283,57;-0,001637797;EUR
Muster Defensiv Plus cVV;08.06.2011;-0,0023565458;-3.034,01;0,2790783679;280.249,56;-0,002111587;EUR
Muster Defensiv Plus cVV;09.06.2011;0,0055370896;7.112,09;0,2861607394;287.361,66;0,006087341;EUR
Muster Defensiv Plus cVV;10.06.2011;-0,0027349103;-3.532,30;0,2826432051;283.829,36;0,000137764;EUR
Muster Defensiv Plus cVV;11.06.2011;0,0000655218;84,39;0,2827272463;283.913,76;0;EUR
Muster Defensiv Plus cVV;12.06.2011;0,0000655175;84,39;0,2828112874;283.998,15;0;EUR
Muster Defensiv Plus cVV;13.06.2011;0,0003902312;502,69;0,2833118804;284.500,84;0,001082963;EUR
Muster Defensiv Plus cVV;14.06.2011;0,0039678775;5.113,39;0,2884039048;289.614,24;0,001938298;EUR
Muster Defensiv Plus cVV;15.06.2011;-0,0025724778;-3.328,30;0,2850895143;286.285,94;-0,001855509;EUR
Muster Defensiv Plus cVV;16.06.2011;-0,0009690264;-1.250,51;0,2838442287;285.035,43;0,003514138;EUR
Muster Defensiv Plus cVV;17.06.2011;0,0020283379;2.615,00;0,2864482986;287.650,42;-0,002669747;EUR
Muster Defensiv Plus cVV;18.06.2011;0,0000612986;79,19;0,2865271561;287.729,61;0;EUR
Muster Defensiv Plus cVV;19.06.2011;0,0000612948;79,19;0,2866060135;287.808,80;0;EUR
Muster Defensiv Plus cVV;20.06.2011;-0,0013481348;-1.741,80;0,2848714952;286.067,00;0,000877589;EUR
Muster Defensiv Plus cVV;21.06.2011;0,0016470559;2.125,14;0,2869877503;288.192,14;0,002377539;EUR
Muster Defensiv Plus cVV;22.06.2011;-0,0001930804;-249,53;0,2867392582;287.942,60;-0,002390628;EUR
Muster Defensiv Plus cVV;23.06.2011;-0,0005220217;-674,52;0,2860675524;287.268,08;0,002717990;EUR
Muster Defensiv Plus cVV;24.06.2011;-0,0005493804;-709,51;0,2853610121;286.558,57;-0,000320673;EUR
Muster Defensiv Plus cVV;25.06.2011;0,0000613504;79,19;0,2854398695;286.637,76;0;EUR
Muster Defensiv Plus cVV;26.06.2011;0,0000613466;79,19;0,2855187269;286.716,95;0;EUR
Muster Defensiv Plus cVV;27.06.2011;-0,0004332927;-559,34;0,2849617211;286.157,61;-0,000211616;EUR
Muster Defensiv Plus cVV;28.06.2011;-0,0014727251;-1.900,34;0,2830693257;284.257,27;0,002126584;EUR
Muster Defensiv Plus cVV;29.06.2011;0,0027381674;3.528,00;0,2865825843;287.785,27;0,000157802;EUR
Muster Defensiv Plus cVV;30.06.2011;0,0017756414;2.294,10;0,2888670936;290.079,37;0,000808519;EUR
Muster Defensiv Plus cVV;01.07.2011;0,0008936743;1.156,66;0,2900189211;291.236,03;0,002760969;EUR
Muster Defensiv Plus cVV;02.07.2011;0,0000612061;79,29;0,2900978781;291.315,32;0;EUR
Muster Defensiv Plus cVV;03.07.2011;0,0000612101;79,30;0,2901768450;291.394,62;0;EUR
Muster Defensiv Plus cVV;04.07.2011;-0,0003862245;-500,39;0,2896785471;290.894,23;0,001118016;EUR
Muster Defensiv Plus cVV;05.07.2011;0,0013411255;1.736,88;0,2914081679;292.631,11;0,000041199;EUR
Muster Defensiv Plus cVV;06.07.2011;0,0004723828;612,60;0,2920182069;293.243,71;0,005118545;EUR
Muster Defensiv Plus cVV;07.07.2011;0,0008269987;1.072,98;0,2930867043;294.316,69;0,002235171;EUR
Muster Defensiv Plus cVV;08.07.2011;-0,0000327968;-42,59;0,2930442952;294.274,10;0,001793942;EUR
Muster Defensiv Plus cVV;09.07.2011;0,0000610629;79,29;0,2931232522;294.353,39;0;EUR
Muster Defensiv Plus cVV;10.07.2011;0,0000610668;79,30;0,2932022192;294.432,69;0;EUR
Muster Defensiv Plus cVV;11.07.2011;-0,0017904424;-2.325,12;0,2908868151;292.107,57;0,003938805;EUR
Muster Defensiv Plus cVV;12.07.2011;-0,0008047954;-1.043,26;0,2898479153;291.064,31;0,002137270;EUR
Muster Defensiv Plus cVV;13.07.2011;0,0022156571;2.869,85;0,2927057760;293.934,16;-0,005848242;EUR
Muster Defensiv Plus cVV;14.07.2011;-0,0018191320;-2.361,47;0,2903541736;291.572,69;-0,000422287;EUR
Muster Defensiv Plus cVV;15.07.2011;0,0010574454;1.370,21;0,2917186527;292.942,90;0,001524953;EUR
Muster Defensiv Plus cVV;16.07.2011;-0,0009449343;-1.225,71;0,2904980635;291.717,18;0;EUR
Muster Defensiv Plus cVV;17.07.2011;0,0000611911;79,30;0,2905770304;291.796,48;0;EUR
Muster Defensiv Plus cVV;18.07.2011;-0,0027358110;-3.545,59;0,2870462556;288.250,89;-0,000729347;EUR
Muster Defensiv Plus cVV;19.07.2011;0,0004358318;563,29;0,2876071913;288.814,18;-0,000058016;EUR
Muster Defensiv Plus cVV;20.07.2011;0,0003301418;426,88;0,2880322842;289.241,06;0,001577656;EUR
Muster Defensiv Plus cVV;21.07.2011;0,0006165908;797,52;0,2888264730;290.038,58;-0,000167228;EUR
Muster Defensiv Plus cVV;22.07.2011;0,0014375409;1.860,52;0,2906792138;291.899,09;-0,003270347;EUR
Muster Defensiv Plus cVV;23.07.2011;0,0000611515;79,26;0,2907581408;291.978,35;0;EUR
Muster Defensiv Plus cVV;24.07.2011;0,0000611477;79,26;0,2908370677;292.057,61;0;EUR
Muster Defensiv Plus cVV;25.07.2011;0,0022825974;2.958,83;0,2937835291;295.016,44;0,002067068;EUR
Muster Defensiv Plus cVV;26.07.2011;-0,0002739800;-355,96;0,2934290582;294.660,48;-0,001661660;EUR
Muster Defensiv Plus cVV;27.07.2011;-0,0019062785;-2.475,98;0,2909634222;292.184,50;-0,003391025;EUR
Muster Defensiv Plus cVV;28.07.2011;-0,0005174275;-670,78;0,2902954422;291.513,71;0,004548280;EUR
Muster Defensiv Plus cVV;29.07.2011;-0,0010848127;-1.405,60;0,2888957134;290.108,11;-0,004022445;EUR
Muster Defensiv Plus cVV;30.07.2011;0,0000612361;79,26;0,2889746403;290.187,37;0;EUR
Muster Defensiv Plus cVV;31.07.2011;0,0000612324;79,26;0,2890535673;290.266,63;0;EUR
Muster Defensiv Plus cVV;01.08.2011;-0,0034948328;-4.523,93;0,2845485405;285.742,69;0,003687865;EUR
Muster Defensiv Plus cVV;02.08.2011;-0,0015594987;-2.011,66;0,2825452887;283.731,03;-0,003560873;EUR
Muster Defensiv Plus cVV;03.08.2011;-0,0059703344;-7.689,36;0,2748880645;276.041,68;-0,003764219;EUR
Muster Defensiv Plus cVV;04.08.2011;-0,0049792970;-6.374,69;0,2685400182;269.666,99;-0,011376501;EUR
Muster Defensiv Plus cVV;05.08.2011;-0,0077015978;-9.810,79;0,2587702332;259.856,20;-0,000751058;EUR
Muster Defensiv Plus cVV;06.08.2011;0,0000711610;89,95;0,2588598085;259.946,15;0;EUR
Muster Defensiv Plus cVV;07.08.2011;0,0000711480;89,94;0,2589493739;260.036,10;0;EUR
Muster Defensiv Plus cVV;08.08.2011;-0,0088990059;-11.250,41;0,2477459760;248.785,68;-0,019992032;EUR
Muster Defensiv Plus cVV;09.08.2011;0,0020303888;2.544,04;0,2502793855;251.329,72;0,011010920;EUR
Muster Defensiv Plus cVV;10.08.2011;-0,0062727837;-7.875,65;0,2424366534;243.454,08;-0,008815574;EUR
Muster Defensiv Plus cVV;11.08.2011;0,0023438244;2.924,27;0,2453487067;246.378,35;0,011988046;EUR
Muster Defensiv Plus cVV;12.08.2011;0,0058068367;7.261,88;0,2525802432;253.640,24;0,004692640;EUR
Muster Defensiv Plus cVV;13.08.2011;0,0000715126;89,95;0,2526698185;253.730,19;0;EUR
Muster Defensiv Plus cVV;14.08.2011;0,0000714996;89,94;0,2527593839;253.820,13;0;EUR
Muster Defensiv Plus cVV;15.08.2011;-0,0004279584;-538,38;0,2522232550;253.281,75;-0,000592520;EUR
Muster Defensiv Plus cVV;16.08.2011;0,0017639070;2.218,07;0,2544320603;255.499,82;0,000144300;EUR
Muster Defensiv Plus cVV;17.08.2011;0,0010985332;1.383,82;0,2558100957;256.883,64;0,000411710;EUR
Muster Defensiv Plus cVV;18.08.2011;-0,0066238962;-8.353,26;0,2474917400;248.530,38;-0,007815891;EUR
Muster Defensiv Plus cVV;19.08.2011;-0,0044292466;-5.548,64;0,2419662914;242.981,74;-0,006830685;EUR
Muster Defensiv Plus cVV;20.08.2011;0,0000721238;89,95;0,2420558667;243.071,69;0;EUR
Muster Defensiv Plus cVV;21.08.2011;0,0000721106;89,94;0,2421454321;243.161,63;0;EUR
Muster Defensiv Plus cVV;22.08.2011;0,0017065988;2.128,74;0,2442652760;245.290,37;0,001284879;EUR
Muster Defensiv Plus cVV;23.08.2011;0,0008281368;1.034,75;0,2452956980;246.325,12;0,006943820;EUR
Muster Defensiv Plus cVV;24.08.2011;0,0002716584;339,71;0,2456339930;246.664,83;0,003276819;EUR
Muster Defensiv Plus cVV;25.08.2011;-0,0013270121;-1.659,91;0,2439810216;245.004,93;-0,004449333;EUR
Muster Defensiv Plus cVV;26.08.2011;-0,0001686954;-210,73;0,2437711677;244.794,19;0,003531861;EUR
Muster Defensiv Plus cVV;27.08.2011;0,0000720111;89,94;0,2438607331;244.884,13;0;EUR
Muster Defensiv Plus cVV;28.08.2011;0,0000720139;89,95;0,2439503084;244.974,08;0;EUR
Muster Defensiv Plus cVV;29.08.2011;0,0020647892;2.579,27;0,2465188036;247.553,36;0,004148940;EUR
Muster Defensiv Plus cVV;30.08.2011;-0,0005722292;-716,29;0,2458055091;246.837,07;0,004685272;EUR
Muster Defensiv Plus cVV;31.08.2011;0,0039173951;4.900,79;0,2506858215;251.737,86;0,003521000;EUR
Muster Defensiv Plus cVV;01.09.2011;0,0043803636;5.501,45;0,2561642802;257.239,31;0,000193665;EUR
Muster Defensiv Plus cVV;02.09.2011;-0,0040119922;-5.060,87;0,2511245589;252.178,44;-0,003079707;EUR
Muster Defensiv Plus cVV;03.09.2011;0,0000715879;89,94;0,2512141242;252.268,38;0;EUR
Muster Defensiv Plus cVV;04.09.2011;0,0000715907;89,95;0,2513036996;252.358,33;0;EUR
Muster Defensiv Plus cVV;05.09.2011;-0,0060628694;-7.618,33;0,2437172087;244.740,01;0,000747432;EUR
Muster Defensiv Plus cVV;06.09.2011;-0,0037815161;-4.722,87;0,2390140721;240.017,13;-0,002797151;EUR
Muster Defensiv Plus cVV;07.09.2011;0,0031777321;3.953,78;0,2429513269;243.970,91;0,009784767;EUR
Muster Defensiv Plus cVV;08.09.2011;-0,0008788480;-1.096,95;0,2418589616;242.873,96;-0,000457129;EUR
Muster Defensiv Plus cVV;09.09.2011;-0,0032161960;-4.010,82;0,2378648998;238.863,14;-0,000385815;EUR
Muster Defensiv Plus cVV;10.09.2011;-0,0058485189;-7.270,06;0,2306252235;231.593,08;0;EUR
Muster Defensiv Plus cVV;11.09.2011;0,0000727759;89,94;0,2307147834;231.683,01;0;EUR
Muster Defensiv Plus cVV;12.09.2011;-0,0036207251;-4.474,78;0,2262587035;227.208,23;0,001798852;EUR
Muster Defensiv Plus cVV;13.09.2011;-0,0031759120;-3.910,83;0,2223642137;223.297,40;0,001726727;EUR
Muster Defensiv Plus cVV;14.09.2011;0,0047889510;5.878,41;0,2282180561;229.175,81;0,001161584;EUR
Muster Defensiv Plus cVV;15.09.2011;0,0027186429;3.353,10;0,2315571424;232.528,91;-0,000635882;EUR
Muster Defensiv Plus cVV;16.09.2011;0,0022252817;2.752,06;0,2342977039;235.280,97;0,001367317;EUR
Muster Defensiv Plus cVV;17.09.2011;0,0000725513;89,93;0,2343872539;235.370,90;0;EUR
Muster Defensiv Plus cVV;18.09.2011;0,0000725461;89,93;0,2344768038;235.460,82;0;EUR
Muster Defensiv Plus cVV;19.09.2011;-0,0022913951;-2.840,55;0,2316481297;232.620,28;0,003833748;EUR
Muster Defensiv Plus cVV;20.09.2011;0,0033455863;4.137,88;0,2357687147;236.758,16;-0,000655837;EUR
Muster Defensiv Plus cVV;21.09.2011;-0,0045927362;-5.699,38;0,2300931550;231.058,78;-0,007819787;EUR
Muster Defensiv Plus cVV;22.09.2011;-0,0090491627;-11.178,03;0,2189618419;219.880,75;-0,005578674;EUR
Muster Defensiv Plus cVV;23.09.2011;-0,0036285614;-4.441,64;0,2145387640;215.439,11;0,000060990;EUR
Muster Defensiv Plus cVV;24.09.2011;0,0000737316;89,93;0,2146283139;215.529,04;0;EUR
Muster Defensiv Plus cVV;25.09.2011;0,0000737262;89,93;0,2147178638;215.618,96;0;EUR
Muster Defensiv Plus cVV;26.09.2011;0,0054557838;6.655,05;0,2213451018;222.274,01;0,003540878;EUR
Muster Defensiv Plus cVV;27.09.2011;0,0055009453;6.746,75;0,2280636545;229.020,76;0,001997703;EUR
Muster Defensiv Plus cVV;28.09.2011;-0,0014193271;-1.750,34;0,2263206304;227.270,42;-0,005621727;EUR
Muster Defensiv Plus cVV;29.09.2011;-0,0004787172;-589,52;0,2257335697;226.680,90;0,000549984;EUR
Muster Defensiv Plus cVV;30.09.2011;-0,0031152482;-3.834,49;0,2219151054;222.846,41;-0,001622891;EUR
Muster Defensiv Plus cVV;01.10.2011;0,0000639959;78,53;0,2219933030;222.924,93;0;EUR
Muster Defensiv Plus cVV;02.10.2011;0,0000715298;87,78;0,2220807119;223.012,71;0;EUR
Muster Defensiv Plus cVV;03.10.2011;-0,0045833360;-5.624,71;0,2164795054;217.388,00;-0,002023499;EUR
Muster Defensiv Plus cVV;04.10.2011;-0,0079948450;-9.766,38;0,2067539403;207.621,62;0,001261793;EUR
Muster Defensiv Plus cVV;05.10.2011;0,0062793599;7.609,44;0,2143315826;215.231,06;0,005839559;EUR
Muster Defensiv Plus cVV;06.10.2011;0,0058872281;7.179,05;0,2214806297;222.410,11;0,004029745;EUR
Muster Defensiv Plus cVV;07.10.2011;0,0026184398;3.211,80;0,2246790032;225.621,90;-0,003082536;EUR
Muster Defensiv Plus cVV;08.10.2011;0,0000713729;87,78;0,2247664121;225.709,68;0;EUR
Muster Defensiv Plus cVV;09.10.2011;0,0000713597;87,77;0,2248538110;225.797,45;0;EUR
Muster Defensiv Plus cVV;10.10.2011;0,0059743281;7.348,39;0,2321714896;233.145,83;0,001634750;EUR
Muster Defensiv Plus cVV;11.10.2011;0,0008365372;1.035,08;0,2332022469;234.180,92;0,003346976;EUR
Muster Defensiv Plus cVV;12.10.2011;0,0047455721;5.876,81;0,2390544971;240.057,73;-0,000657071;EUR
Muster Defensiv Plus cVV;13.10.2011;0,0011563722;1.438,82;0,2404873053;241.496,55;-0,000691170;EUR
Muster Defensiv Plus cVV;14.10.2011;0,0017580448;2.189,98;0,2426681376;243.686,53;0,001503825;EUR
Muster Defensiv Plus cVV;15.10.2011;0,0000703317;87,77;0,2427555366;243.774,30;0;EUR
Muster Defensiv Plus cVV;16.10.2011;0,0000703348;87,78;0,2428429455;243.862,07;0;EUR
Muster Defensiv Plus cVV;17.10.2011;-0,0027905740;-3.482,80;0,2393747002;240.379,27;-0,002889478;EUR
Muster Defensiv Plus cVV;18.10.2011;0,0028329702;3.525,85;0,2428858118;243.905,12;0,010143054;EUR
Muster Defensiv Plus cVV;19.10.2011;0,0005531949;690,44;0,2435733699;244.595,56;-0,006292155;EUR
Muster Defensiv Plus cVV;20.10.2011;-0,0040588702;-5.068,69;0,2385258671;239.526,88;-0,001136788;EUR
Muster Defensiv Plus cVV;21.10.2011;0,0060951893;7.580,73;0,2460749167;247.107,61;0,006247611;EUR
Muster Defensiv Plus cVV;22.10.2011;0,0000701474;87,78;0,2461623256;247.195,38;0;EUR
Muster Defensiv Plus cVV;23.10.2011;-0,0039753603;-4.974,73;0,2412083814;242.220,65;0;EUR
Muster Defensiv Plus cVV;24.10.2011;0,0026961528;3.360,53;0,2445548688;245.581,18;0,005682082;EUR
Muster Defensiv Plus cVV;25.10.2011;-0,0001706092;-213,22;0,2443425363;245.367,96;-0,007370674;EUR
Muster Defensiv Plus cVV;26.10.2011;-0,0013051594;-1.630,88;0,2427184710;243.737,08;0,005399598;EUR
Muster Defensiv Plus cVV;27.10.2011;0,0067613390;8.437,70;0,2511209119;252.174,78;0,005675640;EUR
Muster Defensiv Plus cVV;28.10.2011;0,0014167895;1.780,01;0,2528934868;253.954,79;-0,002367577;EUR
Muster Defensiv Plus cVV;29.10.2011;-0,0021358872;-2.687,27;0,2502174476;251.267,52;0;EUR
Muster Defensiv Plus cVV;30.10.2011;-0,0030365505;-3.812,28;0,2464210992;247.455,24;0;EUR
Muster Defensiv Plus cVV;31.10.2011;-0,0026534186;-3.321,16;0,2431138223;244.134,09;-0,001395375;EUR
Muster Defensiv Plus cVV;01.11.2011;-0,0055557641;-6.935,43;0,2362073751;237.198,66;0,000136061;EUR
Muster Defensiv Plus cVV;02.11.2011;-0,0002256361;-280,10;0,2359284422;236.918,55;0,001855439;EUR
Muster Defensiv Plus cVV;03.11.2011;0,0035374440;4.390,38;0,2403004698;241.308,93;0,005230298;EUR
Muster Defensiv Plus cVV;04.11.2011;-0,0007211518;-898,20;0,2394060249;240.410,73;-0,001366869;EUR
Muster Defensiv Plus cVV;05.11.2011;0,0000736072;91,61;0,2394972542;240.502,34;0;EUR
Muster Defensiv Plus cVV;06.11.2011;0,0000736018;91,61;0,2395884834;240.593,95;0;EUR
Muster Defensiv Plus cVV;07.11.2011;-0,0055994966;-6.970,20;0,2326474120;233.623,75;0,004751929;EUR
Muster Defensiv Plus cVV;08.11.2011;0,0058835907;7.282,83;0,2398998048;240.906,58;0,000519566;EUR
Muster Defensiv Plus cVV;09.11.2011;-0,0060953051;-7.589,28;0,2323422371;233.317,30;-0,002090990;EUR
Muster Defensiv Plus cVV;10.11.2011;-0,0001229067;-152,10;0,2321907740;233.165,20;-0,003286509;EUR
Muster Defensiv Plus cVV;11.11.2011;0,0047680198;5.899,77;0,2380658840;239.064,96;0,003554211;EUR
Muster Defensiv Plus cVV;12.11.2011;0,0000736869;91,61;0,2381571133;239.156,58;0;EUR
Muster Defensiv Plus cVV;13.11.2011;0,0000736734;91,60;0,2382483326;239.248,18;0;EUR
Muster Defensiv Plus cVV;14.11.2011;-0,0029939523;-3.722,81;0,2345410761;235.525,36;-0,001520611;EUR
Muster Defensiv Plus cVV;15.11.2011;-0,0005423734;-672,39;0,2338714939;234.852,97;0,006205863;EUR
Muster Defensiv Plus cVV;16.11.2011;-0,0010622859;-1.316,22;0,2325607696;233.536,75;-0,005201922;EUR
Muster Defensiv Plus cVV;17.11.2011;-0,0034957809;-4.326,84;0,2282520072;229.209,90;-0,004119317;EUR
Muster Defensiv Plus cVV;18.11.2011;-0,0024546642;-3.027,60;0,2252370610;226.182,30;-0,005034986;EUR
Muster Defensiv Plus cVV;19.11.2011;0,0000744503;91,60;0,2253282803;226.273,91;0;EUR
Muster Defensiv Plus cVV;20.11.2011;0,0000744529;91,61;0,2254195096;226.365,52;0;EUR
Muster Defensiv Plus cVV;21.11.2011;-0,0056007575;-6.892,08;0,2185562320;219.473,44;-0,006007190;EUR
Muster Defensiv Plus cVV;22.11.2011;-0,0058934302;-7.211,61;0,2113747559;212.261,82;-0,002392435;EUR
Muster Defensiv Plus cVV;23.11.2011;-0,0056863542;-6.917,21;0,2044864500;205.344,61;-0,004845005;EUR
Muster Defensiv Plus cVV;24.11.2011;-0,0054643739;-6.609,39;0,1979046856;198.735,22;-0,005425860;EUR
Muster Defensiv Plus cVV;25.11.2011;-0,0029293025;-3.523,75;0,1943956604;195.211,47;0,000975392;EUR
Muster Defensiv Plus cVV;26.11.2011;0,0000763572;91,58;0,1944868612;195.303,06;0;EUR
Muster Defensiv Plus cVV;27.11.2011;0,0000763431;91,57;0,1945780519;195.394,63;0;EUR
Muster Defensiv Plus cVV;28.11.2011;0,0106716093;12.801,57;0,2073261222;208.196,20;0,005078746;EUR
Muster Defensiv Plus cVV;29.11.2011;0,0036096469;4.376,31;0,2116841433;212.572,51;0,002920393;EUR
Muster Defensiv Plus cVV;30.11.2011;0,0137788040;16.765,62;0,2283797015;229.338,13;0,011048109;EUR
Muster Defensiv Plus cVV;01.12.2011;0,0002381828;293,81;0,2286722805;229.631,94;0,001423624;EUR
Muster Defensiv Plus cVV;02.12.2011;0,0004273271;527,25;0,2291973255;230.159,19;0,005288421;EUR
Muster Defensiv Plus cVV;03.12.2011;0,0000689700;85,13;0,2292821032;230.244,32;0;EUR
Muster Defensiv Plus cVV;04.12.2011;0,0000689571;85,12;0,2293668709;230.329,45;0;EUR
Muster Defensiv Plus cVV;05.12.2011;0,0017275043;2.132,65;0,2314906074;232.462,09;0,002099035;EUR
Muster Defensiv Plus cVV;06.12.2011;-0,0012742392;-1.575,80;0,2299213939;230.886,30;-0,000579494;EUR
Muster Defensiv Plus cVV;07.12.2011;0,0001145085;141,43;0,2300622304;231.027,72;0,002482581;EUR
Muster Defensiv Plus cVV;08.12.2011;-0,0057322072;-7.080,56;0,2230112588;223.947,16;-0,002467908;EUR
Muster Defensiv Plus cVV;09.12.2011;0,0018898306;2.320,98;0,2253225430;226.268,14;0,002410408;EUR
Muster Defensiv Plus cVV;10.12.2011;0,0000691799;85,12;0,2254073107;226.353,27;0;EUR
Muster Defensiv Plus cVV;11.12.2011;0,0000691833;85,13;0,2254920884;226.438,40;0;EUR
Muster Defensiv Plus cVV;12.12.2011;-0,0047508305;-5.846,54;0,2196699833;220.591,86;-0,000685029;EUR
Muster Defensiv Plus cVV;13.12.2011;0,0013605053;1.666,33;0,2213293507;222.258,19;0,000607040;EUR
Muster Defensiv Plus cVV;14.12.2011;-0,0049650708;-6.089,44;0,2152653640;216.168,76;-0,001578366;EUR
Muster Defensiv Plus cVV;15.12.2011;0,0048783240;5.953,34;0,2211938223;222.122,10;0,003314505;EUR
Muster Defensiv Plus cVV;16.12.2011;-0,0020634395;-2.530,43;0,2186739627;219.591,66;-0,000170239;EUR
Muster Defensiv Plus cVV;17.12.2011;0,0000695574;85,12;0,2187587304;219.676,79;0;EUR
Muster Defensiv Plus cVV;18.12.2011;0,0000695607;85,13;0,2188435081;219.761,92;0;EUR
Muster Defensiv Plus cVV;19.12.2011;0,0017694696;2.165,76;0,2210002147;221.927,68;-0,002194655;EUR
Muster Defensiv Plus cVV;20.12.2011;0,0056570420;6.936,24;0,2279074641;228.863,91;0,005966102;EUR
Muster Defensiv Plus cVV;21.12.2011;-0,0004013300;-494,86;0,2274146680;228.369,05;-0,000897421;EUR
Muster Defensiv Plus cVV;22.12.2011;0,0001728863;213,09;0,2276268712;228.582,14;0,003090899;EUR
Muster Defensiv Plus cVV;23.12.2011;0,0024185158;2.981,50;0,2305959063;231.563,64;0,003862625;EUR
Muster Defensiv Plus cVV;24.12.2011;0,0000688835;85,12;0,2306806740;231.648,76;0;EUR
Muster Defensiv Plus cVV;25.12.2011;0,0000688868;85,13;0,2307654517;231.733,90;0;EUR
Muster Defensiv Plus cVV;26.12.2011;0,0000310552;38,38;0,2308036734;231.772,28;0,000181455;EUR
Muster Defensiv Plus cVV;27.12.2011;0,0017831736;2.203,95;0,2329984100;233.976,22;-0,000510003;EUR
Muster Defensiv Plus cVV;28.12.2011;-0,0013364669;-1.654,78;0,2313505485;232.321,45;-0,000577696;EUR
Muster Defensiv Plus cVV;29.12.2011;0,0021745114;2.688,82;0,2340281343;235.010,27;0,004474598;EUR
Muster Defensiv Plus cVV;30.12.2011;0,0037044665;4.590,60;0,2385995502;239.600,87;0,000950185;EUR
Muster Defensiv Plus cVV;31.12.2011;0,0000684464;85,13;0,2386843279;239.686,00;0;EUR
Muster Defensiv Plus cVV;01.01.2012;0,0000684337;85,12;0,2387690957;239.771,13;0;EUR
Muster Defensiv Plus cVV;02.01.2012;0,0050896505;6.331,36;0,2450739975;246.102,49;0,000622243;EUR
Muster Defensiv Plus cVV;03.01.2012;0,0036175746;4.523,05;0,2495781455;250.625,54;0,002352000;EUR
Muster Defensiv Plus cVV;04.01.2012;0,0003275553;411,02;0,2499874515;251.036,56;0,002760621;EUR
Muster Defensiv Plus cVV;05.01.2012;-0,0006887022;-864,48;0,2491265823;250.172,08;0,001655550;EUR
Muster Defensiv Plus cVV;06.01.2012;0,0001578351;197,98;0,2493237383;250.370,06;0,001538915;EUR
Muster Defensiv Plus cVV;07.01.2012;0,0000683770;85,78;0,2494091633;250.455,85;0;EUR
Muster Defensiv Plus cVV;08.01.2012;0,0000683643;85,77;0,2494945783;250.541,62;0;EUR
Muster Defensiv Plus cVV;09.01.2012;0,0012050612;1.512,04;0,2510002957;252.053,66;-0,000651074;EUR
Muster Defensiv Plus cVV;10.01.2012;0,0039366811;4.945,46;0,2559250849;256.999,11;0,003821075;EUR
Muster Defensiv Plus cVV;11.01.2012;-0,0041714337;-5.260,99;0,2506860767;251.738,12;0,001359759;EUR
Muster Defensiv Plus cVV;12.01.2012;0,0010520209;1.321,27;0,2520018246;253.059,39;-0,000383507;EUR
Muster Defensiv Plus cVV;13.01.2012;0,0010313970;1.296,73;0,2532931356;254.356,12;0,003505713;EUR
Muster Defensiv Plus cVV;14.01.2012;0,0000681525;85,77;0,2533785506;254.441,89;0;EUR
Muster Defensiv Plus cVV;15.01.2012;0,0000681558;85,78;0,2534639756;254.527,68;0;EUR
Muster Defensiv Plus cVV;16.01.2012;0,0008691783;1.094,06;0,2545534593;255.621,73;0,000452371;EUR
Muster Defensiv Plus cVV;17.01.2012;0,0029856290;3.761,35;0,2582990905;259.383,08;-0,000536794;EUR
Muster Defensiv Plus cVV;18.01.2012;0,0014320174;1.809,47;0,2601009966;261.192,55;0,000045072;EUR
Muster Defensiv Plus cVV;19.01.2012;0,0014633024;1.851,65;0,2619449055;263.044,20;0,001709707;EUR
Muster Defensiv Plus cVV;20.01.2012;-0,0006636085;-840,95;0,2611074681;262.203,25;-0,003032359;EUR
Muster Defensiv Plus cVV;21.01.2012;0,0000677302;85,77;0,2611928832;262.289,02;0;EUR
Muster Defensiv Plus cVV;22.01.2012;0,0000677335;85,78;0,2612783081;262.374,80;0;EUR
Muster Defensiv Plus cVV;23.01.2012;0,0026356328;3.338,22;0,2646025746;265.713,02;-0,001670897;EUR
Muster Defensiv Plus cVV;24.01.2012;-0,0001359293;-172,62;0,2644306780;265.540,40;-0,001512687;EUR
Muster Defensiv Plus cVV;25.01.2012;-0,0005147237;-653,56;0,2637798456;264.886,84;0,001763966;EUR
Muster Defensiv Plus cVV;26.01.2012;0,0021781717;2.764,28;0,2665325752;267.651,12;-0,000617856;EUR
Muster Defensiv Plus cVV;27.01.2012;-0,0012186993;-1.550,00;0,2649890528;266.101,12;0,001153451;EUR
Muster Defensiv Plus cVV;28.01.2012;0,0000675223;85,77;0,2650744679;266.186,89;0;EUR
Muster Defensiv Plus cVV;29.01.2012;0,0000675178;85,77;0,2651598829;266.272,67;0;EUR
Muster Defensiv Plus cVV;30.01.2012;-0,0010264799;-1.304,11;0,2638612216;264.968,56;-0,000283197;EUR
Muster Defensiv Plus cVV;31.01.2012;0,0000609019;77,29;0,2639381931;265.045,85;0,000618583;EUR
Muster Defensiv Plus cVV;01.02.2012;0,0047855311;6.074,00;0,2699868087;271.119,85;0,002536968;EUR
Muster Defensiv Plus cVV;02.02.2012;-0,0003244331;-413,75;0,2695747829;270.706,10;0,003333108;EUR
Muster Defensiv Plus cVV;03.02.2012;0,0045048654;5.743,27;0,2752940464;276.449,36;0,003924834;EUR
Muster Defensiv Plus cVV;04.02.2012;0,0000690163;88,39;0,2753820625;276.537,75;0;EUR
Muster Defensiv Plus cVV;05.02.2012;0,0000690038;88,38;0,2754700686;276.626,12;0;EUR
Muster Defensiv Plus cVV;06.02.2012;-0,0023109354;-2.959,90;0,2725225398;273.666,22;-0,000283729;EUR
Muster Defensiv Plus cVV;07.02.2012;0,0009183537;1.173,53;0,2736911655;274.839,75;-0,002865109;EUR
Muster Defensiv Plus cVV;08.02.2012;-0,0005713044;-730,72;0,2729635001;274.109,03;-0,003419812;EUR
Muster Defensiv Plus cVV;09.02.2012;0,0001845809;235,95;0,2731984648;274.344,99;-0,000396526;EUR
Muster Defensiv Plus cVV;10.02.2012;-0,0007903215;-1.010,46;0,2721922287;273.334,53;-0,001068141;EUR
Muster Defensiv Plus cVV;11.02.2012;0,0000691670;88,36;0,2722802225;273.422,89;0;EUR
Muster Defensiv Plus cVV;12.02.2012;0,0000691544;88,35;0,2723682063;273.511,24;0;EUR
Muster Defensiv Plus cVV;13.02.2012;0,0008771336;1.120,72;0,2734842431;274.631,96;0,002980057;EUR
Muster Defensiv Plus cVV;14.02.2012;0,0015698821;2.007,61;0,2754834632;276.639,57;0,000661764;EUR
Muster Defensiv Plus cVV;15.02.2012;0,0016483738;2.111,30;0,2775859367;278.750,87;0,001290851;EUR
Muster Defensiv Plus cVV;16.02.2012;0,0003375626;433,08;0,2780172020;279.183,94;0,005476727;EUR
Muster Defensiv Plus cVV;17.02.2012;-0,0005164158;-662,76;0,2773572137;278.521,19;-0,002797431;EUR
Muster Defensiv Plus cVV;18.02.2012;0,0000688796;88,35;0,2774451975;278.609,54;0;EUR
Muster Defensiv Plus cVV;19.02.2012;0,0000688826;88,36;0,2775331913;278.697,90;0;EUR
Muster Defensiv Plus cVV;20.02.2012;0,0008937934;1.146,64;0,2786750420;279.844,55;-0,002408433;EUR
Muster Defensiv Plus cVV;21.02.2012;-0,0006761550;-868,21;0,2778104595;278.976,33;-0,001117521;EUR
Muster Defensiv Plus cVV;22.02.2012;0,0000764872;98,15;0,2779081957;279.074,48;0,000566287;EUR
Muster Defensiv Plus cVV;23.02.2012;-0,0007175043;-920,75;0,2769912911;278.153,73;-0,000034357;EUR
Muster Defensiv Plus cVV;24.02.2012;-0,0006891092;-883,68;0,2761113047;277.270,05;-0,000711505;EUR
Muster Defensiv Plus cVV;25.02.2012;0,0000681153;87,29;0,2761982274;277.357,34;0;EUR
Muster Defensiv Plus cVV;26.02.2012;0,0000681184;87,30;0,2762851600;277.444,63;0;EUR
Muster Defensiv Plus cVV;27.02.2012;0,0005701299;730,70;0,2770128084;278.175,34;0,002617586;EUR
Muster Defensiv Plus cVV;28.02.2012;0,0008584665;1.091,39;0,2781033445;279.266,72;0,001741374;EUR
Muster Defensiv Plus cVV;29.02.2012;-0,0005579468;-709,94;0,2774000532;278.556,78;-0,000501280;EUR
Muster Defensiv Plus cVV;01.03.2012;0,0014622417;1.859,54;0,2792555770;280.416,32;0,001793284;EUR
Muster Defensiv Plus cVV;02.03.2012;0,0000455969;58,07;0,2793171055;280.474,39;0,001457188;EUR
Muster Defensiv Plus cVV;03.03.2012;0,0000733495;93,42;0,2794101397;280.567,81;0;EUR
Muster Defensiv Plus cVV;04.03.2012;0,0000733442;93,42;0,2795031738;280.661,23;0;EUR
Muster Defensiv Plus cVV;05.03.2012;-0,0016403644;-2.089,51;0,2774259493;278.571,72;-0,001602820;EUR
Muster Defensiv Plus cVV;06.03.2012;-0,0028288095;-3.597,45;0,2738469025;274.974,27;-0,003596962;EUR
Muster Defensiv Plus cVV;07.03.2012;0,0009799367;1.242,68;0,2750881031;276.216,95;0,000539850;EUR
Muster Defensiv Plus cVV;08.03.2012;0,0028433593;3.609,26;0,2786862671;279.826,21;0,001305294;EUR
Muster Defensiv Plus cVV;09.03.2012;0,0005464579;695,63;0,2793827151;280.521,84;0,004989129;EUR
Muster Defensiv Plus cVV;10.03.2012;0,0000865414;110,23;0,2794924927;280.632,06;0;EUR
Muster Defensiv Plus cVV;11.03.2012;0,0000865339;110,23;0,2796022702;280.742,29;0;EUR
Muster Defensiv Plus cVV;12.03.2012;0,0004618285;588,32;0,2801918569;281.330,61;-0,000380842;EUR
Muster Defensiv Plus cVV;13.03.2012;0,0022685135;2.891,17;0,2830750112;284.221,78;0,007228972;EUR
Muster Defensiv Plus cVV;14.03.2012;0,0027117161;3.463,86;0,2865286205;287.685,64;-0,003084423;EUR
Muster Defensiv Plus cVV;15.03.2012;0,0041623528;5.331,28;0,2918422411;293.016,92;-0,000695433;EUR
Muster Defensiv Plus cVV;16.03.2012;0,0010027777;1.289,74;0,2931305974;294.306,66;-0,001589348;EUR
Muster Defensiv Plus cVV;17.03.2012;0,0000837895;107,88;0,2932380415;294.414,53;0;EUR
Muster Defensiv Plus cVV;18.03.2012;0,0000837747;107,87;0,2933454756;294.522,40;0;EUR
Muster Defensiv Plus cVV;19.03.2012;-0,0005279986;-679,89;0,2926720792;293.842,51;-0,001921539;EUR
Muster Defensiv Plus cVV;20.03.2012;-0,0019274633;-2.480,63;0,2902050677;291.361,88;-0,001965443;EUR
Muster Defensiv Plus cVV;21.03.2012;0,0001631678;209,59;0,2904175542;291.571,47;-0,000978379;EUR
Muster Defensiv Plus cVV;22.03.2012;-0,0011084623;-1.424,06;0,2890028284;290.147,41;0,003590502;EUR
Muster Defensiv Plus cVV;23.03.2012;-0,0000196833;-25,26;0,2889813605;290.122,15;0,000346872;EUR
Muster Defensiv Plus cVV;24.03.2012;0,0000840549;107,87;0,2890888015;290.230,02;0;EUR
Muster Defensiv Plus cVV;25.03.2012;0,0000840557;107,88;0,2891962525;290.337,89;0;EUR
Muster Defensiv Plus cVV;26.03.2012;0,0019810429;2.542,64;0,2917326129;292.880,53;0,002688581;EUR
Muster Defensiv Plus cVV;27.03.2012;-0,0002176122;-279,86;0,2914575605;292.600,68;-0,001497290;EUR
Muster Defensiv Plus cVV;28.03.2012;-0,0016763875;-2.155,41;0,2893142388;290.445,26;-0,000837052;EUR
Muster Defensiv Plus cVV;29.03.2012;-0,0049969919;-6.414,10;0,2829286933;284.031,16;0,000111576;EUR
Muster Defensiv Plus cVV;30.03.2012;0,0038438329;4.909,26;0,2878225342;288.940,42;0,001120654;EUR
Muster Defensiv Plus cVV;31.03.2012;0,0000710244;91,06;0,2879132415;289.031,48;0;EUR
Muster Defensiv Plus cVV;01.04.2012;0,0000841264;107,87;0,2880206893;289.139,35;0;EUR
Muster Defensiv Plus cVV;02.04.2012;0,0035208526;4.514,74;0,2925216505;293.654,09;0,002480591;EUR
Muster Defensiv Plus cVV;03.04.2012;-0,0022738102;-2.925,94;0,2896106308;290.728,15;-0,002128407;EUR
Muster Defensiv Plus cVV;04.04.2012;-0,0057660909;-7.402,94;0,2822396808;283.325,20;-0,000818611;EUR
Muster Defensiv Plus cVV;05.04.2012;-0,0010342298;-1.320,17;0,2809280867;282.005,04;0,004263396;EUR
Muster Defensiv Plus cVV;06.04.2012;0,0001367537;174,38;0,2811053107;282.179,42;-0,000288063;EUR
Muster Defensiv Plus cVV;07.04.2012;0,0000845863;107,88;0,2812127752;282.287,29;0;EUR
Muster Defensiv Plus cVV;08.04.2012;0,0000845713;107,87;0,2813202297;282.395,16;0;EUR
Muster Defensiv Plus cVV;09.04.2012;0,0000539608;68,83;0,2813923006;282.463,99;-0,002612070;EUR
Muster Defensiv Plus cVV;10.04.2012;-0,0027821965;-3.549,00;0,2778602149;278.914,99;-0,005260277;EUR
Muster Defensiv Plus cVV;11.04.2012;0,0002093936;266,36;0,2781290162;279.181,35;0,001862325;EUR
Muster Defensiv Plus cVV;12.04.2012;0,0012799900;1.628,57;0,2797549048;280.809,92;0,002886575;EUR
Muster Defensiv Plus cVV;13.04.2012;-0,0035945089;-4.579,25;0,2751962520;276.230,66;-0,001653481;EUR
Muster Defensiv Plus cVV;14.04.2012;0,0000831707;105,58;0,2753014318;276.336,24;0;EUR
Muster Defensiv Plus cVV;15.04.2012;0,0000831638;105,58;0,2754066116;276.441,81;0;EUR
Muster Defensiv Plus cVV;16.04.2012;0,0009863804;1.252,30;0,2766576249;277.694,11;-0,000005353;EUR
Muster Defensiv Plus cVV;17.04.2012;0,0025364916;3.223,48;0,2798725091;280.917,59;0,003112409;EUR
Muster Defensiv Plus cVV;18.04.2012;-0,0024518061;-3.123,76;0,2767637596;277.793,83;-0,000479931;EUR
Muster Defensiv Plus cVV;19.04.2012;-0,0015906949;-2.021,68;0,2747529339;275.772,15;-0,001849155;EUR
Muster Defensiv Plus cVV;20.04.2012;-0,0002315277;-293,79;0,2744635762;275.478,36;0,000291159;EUR
Muster Defensiv Plus cVV;21.04.2012;0,0000832201;105,58;0,2745687624;275.583,94;0;EUR
Muster Defensiv Plus cVV;22.04.2012;0,0000832131;105,58;0,2746739487;275.689,51;0;EUR
Muster Defensiv Plus cVV;23.04.2012;-0,0058400195;-7.410,03;0,2672944631;268.279,48;-0,000173860;EUR
Muster Defensiv Plus cVV;24.04.2012;0,0010763419;1.357,73;0,2686504657;269.637,20;-0,000822499;EUR
Muster Defensiv Plus cVV;25.04.2012;0,0051431931;6.494,75;0,2751247761;276.131,95;0,003203796;EUR
Muster Defensiv Plus cVV;26.04.2012;0,0029209305;3.707,48;0,2788220994;279.839,43;0,001867677;EUR
Muster Defensiv Plus cVV;27.04.2012;0,0008359517;1.064,16;0,2798857602;280.903,58;0,001914093;EUR
Muster Defensiv Plus cVV;28.04.2012;0,0000900141;114,68;0,2800000273;281.018,27;0;EUR
Muster Defensiv Plus cVV;29.04.2012;0,0000900060;114,68;0,2801142944;281.132,95;0;EUR
Muster Defensiv Plus cVV;30.04.2012;-0,0005045002;-642,87;0,2794771100;280.490,07;-0,000957634;EUR
Muster Defensiv Plus cVV;01.05.2012;0,0000835131;106,37;0,2795864460;280.596,44;0,001086815;EUR
Muster Defensiv Plus cVV;02.05.2012;0,0006934961;883,34;0,2804699608;281.479,78;0,001116682;EUR
Muster Defensiv Plus cVV;03.05.2012;0,0003302965;421,00;0,2808928104;281.900,78;-0,000783410;EUR
Muster Defensiv Plus cVV;04.05.2012;-0,0056956534;-7.262,23;0,2736598046;274.638,55;-0,004255504;EUR
Muster Defensiv Plus cVV;05.05.2012;0,0000974555;123,55;0,2737829170;274.762,10;0;EUR
Muster Defensiv Plus cVV;06.05.2012;0,0000974539;123,56;0,2739060394;274.885,66;0;EUR
Muster Defensiv Plus cVV;07.05.2012;0,0001863780;236,33;0,2741447902;275.122,00;0,002161733;EUR
Muster Defensiv Plus cVV;08.05.2012;-0,0030502286;-3.868,51;0,2702932248;271.253,48;-0,001549925;EUR
Muster Defensiv Plus cVV;09.05.2012;-0,0008840987;-1.117,86;0,2691825127;270.135,63;-0,000358564;EUR
Muster Defensiv Plus cVV;10.05.2012;-0,0000405587;-51,24;0,2691346346;270.084,39;0,001665131;EUR
Muster Defensiv Plus cVV;11.05.2012;0,0012210083;1.542,42;0,2706748165;271.626,81;-0,000783495;EUR
Muster Defensiv Plus cVV;12.05.2012;0,0000894462;113,13;0,2707875493;271.739,94;0;EUR
Muster Defensiv Plus cVV;13.05.2012;0,0000894461;113,14;0,2709002920;271.853,08;0;EUR
Muster Defensiv Plus cVV;14.05.2012;-0,0030802712;-3.896,55;0,2670205422;267.956,53;-0,000840155;EUR
Muster Defensiv Plus cVV;15.05.2012;-0,0011490359;-1.449,05;0,2655796649;266.507,48;-0,002159028;EUR
Muster Defensiv Plus cVV;16.05.2012;-0,0018057160;-2.274,58;0,2633160855;264.232,90;-0,001637821;EUR
Muster Defensiv Plus cVV;17.05.2012;-0,0015754534;-1.980,94;0,2613450658;262.251,95;-0,002747271;EUR
Muster Defensiv Plus cVV;18.05.2012;-0,0003222924;-404,61;0,2609448992;261.847,35;-0,003108227;EUR
Muster Defensiv Plus cVV;19.05.2012;0,0001041174;130,67;0,2610751157;261.978,01;0;EUR
Muster Defensiv Plus cVV;20.05.2012;0,0001041146;130,68;0,2612053422;262.108,69;0;EUR
Muster Defensiv Plus cVV;21.05.2012;0,0001579212;198,23;0,2614059291;262.306,92;0,001332043;EUR
Muster Defensiv Plus cVV;22.05.2012;0,0028065372;3.523,48;0,2649203787;265.830,40;0,002401419;EUR
Muster Defensiv Plus cVV;23.05.2012;-0,0042195735;-5.312,35;0,2596292184;260.518,05;0,002532629;EUR
Muster Defensiv Plus cVV;24.05.2012;0,0027938624;3.502,57;0,2631228757;264.020,62;0,002824035;EUR
Muster Defensiv Plus cVV;25.05.2012;0,0022604762;2.841,80;0,2659580755;266.862,42;0,000169289;EUR
Muster Defensiv Plus cVV;26.05.2012;0,0000884183;111,41;0,2660691059;266.973,83;0;EUR
Muster Defensiv Plus cVV;27.05.2012;0,0000884184;111,42;0,2661801464;267.085,25;0;EUR
Muster Defensiv Plus cVV;28.05.2012;-0,0007335054;-924,39;0,2652619402;266.160,86;0,000813907;EUR
Muster Defensiv Plus cVV;29.05.2012;0,0007739392;974,63;0,2662363300;267.135,49;0,003757799;EUR
Muster Defensiv Plus cVV;30.05.2012;-0,0020013101;-2.522,22;0,2637256198;264.613,27;0,000727073;EUR
Muster Defensiv Plus cVV;31.05.2012;-0,0009053409;-1.138,70;0,2625937352;263.474,57;-0,000165816;EUR
Muster Defensiv Plus cVV;01.06.2012;-0,0058801252;-7.389,10;0,2552322494;256.085,47;-0,004852126;EUR
Muster Defensiv Plus cVV;02.06.2012;0,0000891811;111,41;0,2553432862;256.196,88;0;EUR
Muster Defensiv Plus cVV;03.06.2012;0,0000891731;111,41;0,2554543230;256.308,29;0;EUR
Muster Defensiv Plus cVV;04.06.2012;-0,0031350186;-3.917,07;0,2515531653;252.391,22;-0,005891276;EUR
Muster Defensiv Plus cVV;05.06.2012;-0,0009920919;-1.235,69;0,2503244182;251.155,53;0,003694247;EUR
Muster Defensiv Plus cVV;06.06.2012;0,0049526393;6.162,58;0,2564695123;257.318,12;0,004644022;EUR
Muster Defensiv Plus cVV;07.06.2012;-0,0018564602;-2.321,44;0,2541585978;254.996,68;-0,002175693;EUR
Muster Defensiv Plus cVV;08.06.2012;0,0003733028;465,94;0,2546258707;255.462,61;0,003794445;EUR
Muster Defensiv Plus cVV;09.06.2012;0,0000892336;111,42;0,2547369237;255.574,03;0;EUR
Muster Defensiv Plus cVV;10.06.2012;0,0000892176;111,41;0,2548479668;255.685,44;0;EUR
Muster Defensiv Plus cVV;11.06.2012;0,0002336862;291,84;0,2551417139;255.977,27;-0,004880949;EUR
Muster Defensiv Plus cVV;12.06.2012;0,0026743424;3.340,59;0,2584742964;259.317,86;0,004267040;EUR
Muster Defensiv Plus cVV;13.06.2012;-0,0004403883;-551,57;0,2579274060;258.766,29;-0,007672873;EUR
Muster Defensiv Plus cVV;14.06.2012;-0,0008641100;-1.081,79;0,2568519898;257.684,50;0,002177664;EUR
Muster Defensiv Plus cVV;15.06.2012;0,0053002036;6.629,67;0,2634631717;264.314,16;0,002768232;EUR
Muster Defensiv Plus cVV;16.06.2012;0,0000885975;111,41;0,2635742210;264.425,57;0;EUR
Muster Defensiv Plus cVV;17.06.2012;0,0000885976;111,42;0,2636852802;264.536,99;0;EUR
Muster Defensiv Plus cVV;18.06.2012;0,0029614661;3.724,59;0,2674008516;268.261,58;0,003922941;EUR
Muster Defensiv Plus cVV;19.06.2012;0,0033509738;4.226,95;0,2716172515;272.488,53;0,000008318;EUR
Muster Defensiv Plus cVV;20.06.2012;0,0019006805;2.405,57;0,2740181627;274.894,10;-0,002985618;EUR
Muster Defensiv Plus cVV;21.06.2012;-0,0026811770;-3.399,84;0,2706321407;271.494,25;-0,004906963;EUR
Muster Defensiv Plus cVV;22.06.2012;-0,0007396690;-935,42;0,2697026666;270.558,84;0,004705948;EUR
Muster Defensiv Plus cVV;23.06.2012;0,0000881597;111,41;0,2698137221;270.670,25;0;EUR
Muster Defensiv Plus cVV;24.06.2012;0,0000881598;111,42;0,2699247875;270.781,66;0;EUR
Muster Defensiv Plus cVV;25.06.2012;-0,0041979630;-5.305,93;0,2646385592;265.475,74;-0,002377707;EUR
Muster Defensiv Plus cVV;26.06.2012;0,0021914543;2.758,22;0,2673910105;268.233,95;0,000839383;EUR
Muster Defensiv Plus cVV;27.06.2012;0,0044061205;5.557,80;0,2729343321;273.791,75;0,003250049;EUR
Muster Defensiv Plus cVV;28.06.2012;-0,0012787766;-1.620,13;0,2713222373;272.171,62;0,000070373;EUR
Muster Defensiv Plus cVV;29.06.2012;0,0107826254;13.643,46;0,2849262288;285.815,08;0,000839961;EUR
Muster Defensiv Plus cVV;30.06.2012;0,0000871081;111,41;0,2850372903;285.926,49;0;EUR
Muster Defensiv Plus cVV;01.07.2012;0,0000871005;111,41;0,2851483518;286.037,90;0;EUR
Muster Defensiv Plus cVV;02.07.2012;0,0085003172;10.873,48;0,2959912387;296.911,38;0,007529094;EUR
Muster Defensiv Plus cVV;03.07.2012;0,0039829150;5.138,20;0,3011167786;302.049,58;0,001982028;EUR
Muster Defensiv Plus cVV;04.07.2012;0,0009097110;1.178,26;0,3022946687;303.227,83;0,004096258;EUR
Muster Defensiv Plus cVV;05.07.2012;0,0005190401;672,87;0,3029687426;303.900,70;0,002213552;EUR
Muster Defensiv Plus cVV;06.07.2012;-0,0018077803;-2.344,78;0,3006343962;301.555,92;0,000162302;EUR
Muster Defensiv Plus cVV;07.07.2012;0,0000860567;111,42;0,3007454737;301.667,34;0;EUR
Muster Defensiv Plus cVV;08.07.2012;0,0000860416;111,41;0,3008565412;301.778,75;0;EUR
Muster Defensiv Plus cVV;09.07.2012;-0,0013998641;-1.812,72;0,2990525771;299.966,03;0,000817247;EUR
Muster Defensiv Plus cVV;10.07.2012;0,0030587887;3.955,36;0,3029991467;303.921,39;-0,000249393;EUR
Muster Defensiv Plus cVV;11.07.2012;0,0019205429;2.491,08;0,3054859368;306.412,47;0,000376012;EUR
Muster Defensiv Plus cVV;12.07.2012;-0,0011652416;-1.514,30;0,3039794636;304.898,17;-0,000234219;EUR
Muster Defensiv Plus cVV;13.07.2012;0,0067047298;8.703,05;0,3126596215;313.601,21;0,005137538;EUR
Muster Defensiv Plus cVV;14.07.2012;0,0000841768;110,00;0,3127692892;313.711,21;0;EUR
Muster Defensiv Plus cVV;15.07.2012;0,0000841697;110,00;0,3128789569;313.821,21;0;EUR
Muster Defensiv Plus cVV;16.07.2012;0,0014363538;1.877,27;0,3147539400;315.698,48;0,000166479;EUR
Muster Defensiv Plus cVV;17.07.2012;0,0007871724;1.030,29;0,3157844987;316.728,77;0,000949231;EUR
Muster Defensiv Plus cVV;18.07.2012;0,0039524284;5.177,19;0,3209496579;321.905,96;0,002749587;EUR
Muster Defensiv Plus cVV;19.07.2012;0,0019898018;2.616,70;0,3235620020;324.522,65;0,003001686;EUR
Muster Defensiv Plus cVV;20.07.2012;-0,0047863906;-6.306,88;0,3172771347;318.215,77;-0,002114847;EUR
Muster Defensiv Plus cVV;21.07.2012;0,0000757341;99,31;0,3173761566;318.315,08;0;EUR
Muster Defensiv Plus cVV;22.07.2012;0,0000757284;99,31;0,3174751786;318.414,40;0;EUR
Muster Defensiv Plus cVV;23.07.2012;-0,0068082971;-8.929,50;0,3085752628;309.484,90;-0,002176080;EUR
Muster Defensiv Plus cVV;24.07.2012;-0,0028526940;-3.716,01;0,3048733760;305.768,88;-0,005828522;EUR
Muster Defensiv Plus cVV;25.07.2012;0,0008900399;1.156,09;0,3060292862;306.924,97;-0,001417827;EUR
Muster Defensiv Plus cVV;26.07.2012;0,0041723141;5.424,31;0,3114410264;312.349,28;0,003141948;EUR
Muster Defensiv Plus cVV;27.07.2012;0,0048325145;6.308,83;0,3177348313;318.658,11;0,002651558;EUR
Muster Defensiv Plus cVV;28.07.2012;0,0000691297;90,68;0,3178252534;318.748,80;0;EUR
Muster Defensiv Plus cVV;29.07.2012;0,0000691250;90,68;0,3179156754;318.839,48;0;EUR
Muster Defensiv Plus cVV;30.07.2012;0,0056855809;7.394,60;0,3252962019;326.234,09;0,003882532;EUR
Muster Defensiv Plus cVV;31.07.2012;-0,0007483525;-978,83;0,3243274926;325.255,26;-0,002549197;EUR
Muster Defensiv Plus cVV;01.08.2012;-0,0006388226;-834,94;0,3235022055;324.420,31;0,001003966;EUR
Muster Defensiv Plus cVV;02.08.2012;-0,0004964362;-648,43;0,3228628563;323.771,88;-0,000573248;EUR
Muster Defensiv Plus cVV;03.08.2012;0,0044967794;5.870,64;0,3287243780;329.642,52;0,004526379;EUR
Muster Defensiv Plus cVV;04.08.2012;0,0000717671;94,11;0,3288182307;329.736,64;0;EUR
Muster Defensiv Plus cVV;05.08.2012;0,0000717619;94,11;0,3289120833;329.830,75;0;EUR
Muster Defensiv Plus cVV;06.08.2012;0,0004736422;621,22;0,3295389374;330.451,97;-0,001876762;EUR
Muster Defensiv Plus cVV;07.08.2012;0,0023299050;3.057,31;0,3325952125;333.509,28;0,001995464;EUR
Muster Defensiv Plus cVV;08.08.2012;0,0000128264;16,87;0,3326194384;333.526,15;0,000808311;EUR
Muster Defensiv Plus cVV;09.08.2012;0,0027533686;3.621,44;0,3362384993;337.147,59;0,001486451;EUR
Muster Defensiv Plus cVV;10.08.2012;-0,0001542545;-203,45;0,3360430490;336.944,14;0,002172482;EUR
Muster Defensiv Plus cVV;11.08.2012;0,0000713697;94,11;0,3361369121;337.038,26;0;EUR
Muster Defensiv Plus cVV;12.08.2012;0,0000713646;94,11;0,3362307752;337.132,37;0;EUR
Muster Defensiv Plus cVV;13.08.2012;-0,0010057869;-1.326,51;0,3349152149;335.805,86;-0,002229012;EUR
Muster Defensiv Plus cVV;14.08.2012;0,0014005721;1.845,33;0,3367630837;337.651,19;0,000679428;EUR
Muster Defensiv Plus cVV;15.08.2012;0,0009820100;1.295,66;0,3380627853;338.946,85;-0,000949583;EUR
Muster Defensiv Plus cVV;16.08.2012;0,0019587910;2.586,97;0,3406504923;341.533,82;-0,001228306;EUR
Muster Defensiv Plus cVV;17.08.2012;0,0009187511;1.215,77;0,3418706132;342.749,59;0,002807314;EUR
Muster Defensiv Plus cVV;18.08.2012;0,0000710569;94,11;0,3419644867;342.843,71;0;EUR
Muster Defensiv Plus cVV;19.08.2012;0,0000710518;94,11;0,3420583601;342.937,82;0;EUR
Muster Defensiv Plus cVV;20.08.2012;-0,0006013703;-796,63;0,3412712438;342.141,19;-0,000177453;EUR
Muster Defensiv Plus cVV;21.08.2012;0,0009451565;1.251,28;0,3425268265;343.392,48;-0,003698379;EUR
Muster Defensiv Plus cVV;22.08.2012;-0,0015814503;-2.095,65;0,3404438823;341.296,83;-0,000721288;EUR
Muster Defensiv Plus cVV;23.08.2012;-0,0016270935;-2.152,72;0,3383038993;339.144,11;-0,001453957;EUR
Muster Defensiv Plus cVV;24.08.2012;0,0014453135;1.909,11;0,3402156587;341.053,22;0,003814411;EUR
Muster Defensiv Plus cVV;25.08.2012;0,0000711480;94,11;0,3403095424;341.147,33;0;EUR
Muster Defensiv Plus cVV;26.08.2012;0,0000711354;94,10;0,3404034160;341.241,43;0;EUR
Muster Defensiv Plus cVV;27.08.2012;0,0020181318;2.669,97;0,3430742597;343.911,41;0,001934207;EUR
Muster Defensiv Plus cVV;28.08.2012;-0,0020128196;-2.668,32;0,3404197958;341.243,09;-0,003848826;EUR
Muster Defensiv Plus cVV;29.08.2012;-0,0001783929;-236,01;0,3401916899;341.007,08;0,001795332;EUR
Muster Defensiv Plus cVV;30.08.2012;-0,0016070157;-2.125,69;0,3380783584;338.881,39;-0,003456464;EUR
Muster Defensiv Plus cVV;31.08.2012;0,0010824394;1.429,50;0,3395117664;340.310,89;-0,000797396;EUR
Muster Defensiv Plus cVV;01.09.2012;0,0000711880;94,11;0,3396056601;340.405,00;0;EUR
Muster Defensiv Plus cVV;02.09.2012;0,0000697231;92,18;0,3396976285;340.497,19;0;EUR
Muster Defensiv Plus cVV;03.09.2012;0,0012502806;1.653,18;0,3413542428;342.150,37;0,002500051;EUR
Muster Defensiv Plus cVV;04.09.2012;-0,0021518018;-2.848,77;0,3385193420;339.301,60;-0,003631634;EUR
Muster Defensiv Plus cVV;05.09.2012;0,0004109702;542,91;0,3390682409;339.844,51;0,000570941;EUR
Muster Defensiv Plus cVV;06.09.2012;0,0036175846;4.780,98;0,3438456236;344.625,49;0,002088201;EUR
Muster Defensiv Plus cVV;07.09.2012;-0,0002468239;-327,38;0,3435262862;344.298,11;-0,003136788;EUR
Muster Defensiv Plus cVV;08.09.2012;0,0000695184;92,18;0,3436182643;344.390,29;0;EUR
Muster Defensiv Plus cVV;09.09.2012;0,0000695136;92,18;0,3437102425;344.482,48;0;EUR
Muster Defensiv Plus cVV;10.09.2012;0,0004107628;544,77;0,3442610916;345.027,24;0,001239162;EUR
Muster Defensiv Plus cVV;11.09.2012;0,0002176381;288,76;0,3445565023;345.316,00;-0,001001277;EUR
Muster Defensiv Plus cVV;12.09.2012;-0,0014765689;-1.959,50;0,3426085467;343.356,50;-0,003197530;EUR
Muster Defensiv Plus cVV;13.09.2012;-0,0003738967;-495,45;0,3421213868;342.861,04;0,004075898;EUR
Muster Defensiv Plus cVV;14.09.2012;0,0018697109;2.476,64;0,3445999339;345.337,68;-0,002102495;EUR
Muster Defensiv Plus cVV;15.09.2012;0,0000694640;92,18;0,3446919218;345.429,87;0;EUR
Muster Defensiv Plus cVV;16.09.2012;0,0000694592;92,18;0,3447839096;345.522,05;0;EUR
Muster Defensiv Plus cVV;17.09.2012;-0,0007797354;-1.034,92;0,3437584182;344.487,13;-0,002247140;EUR
Muster Defensiv Plus cVV;18.09.2012;0,0004091475;542,63;0,3443071121;345.029,76;0,004219879;EUR
Muster Defensiv Plus cVV;19.09.2012;0,0012373208;1.641,65;0,3459525604;346.671,41;-0,000357095;EUR
Muster Defensiv Plus cVV;20.09.2012;0,0013648898;1.813,15;0,3477692072;348.484,56;0,001560681;EUR
Muster Defensiv Plus cVV;21.09.2012;-0,0005866708;-780,41;0,3469976268;347.704,15;-0,000973415;EUR
Muster Defensiv Plus cVV;22.09.2012;0,0000910524;121,05;0,3471184308;347.825,20;0;EUR
Muster Defensiv Plus cVV;23.09.2012;0,0000910366;121,04;0,3472392248;347.946,24;0;EUR
Muster Defensiv Plus cVV;24.09.2012;0,0001728496;229,84;0,3474758177;348.176,08;0,002152977;EUR
Muster Defensiv Plus cVV;25.09.2012;0,0003812357;507,02;0,3479890316;348.683,09;-0,000196069;EUR
Muster Defensiv Plus cVV;26.09.2012;-0,0020664054;-2.749,21;0,3452524378;345.933,88;-0,003216118;EUR
Muster Defensiv Plus cVV;27.09.2012;0,0003294612;437,42;0,3456961382;346.371,30;0,004486534;EUR
Muster Defensiv Plus cVV;28.09.2012;-0,0001046944;-139,05;0,3455644871;346.232,25;-0,002647058;EUR
Muster Defensiv Plus cVV;29.09.2012;0,0000911533;121,05;0,3456853036;346.353,30;0;EUR
Muster Defensiv Plus cVV;30.09.2012;0,0000911375;121,04;0,3458061101;346.474,34;0;EUR
Muster Defensiv Plus cVV;01.10.2012;0,0019474832;2.586,69;0,3483949837;349.061,04;0,000448240;EUR
Muster Defensiv Plus cVV;02.10.2012;0,0006804367;905,53;0,3493059610;349.966,57;-0,000466588;EUR
Muster Defensiv Plus cVV;03.10.2012;-0,0004475864;-596,06;0,3487181743;349.370,51;0,000806522;EUR
Muster Defensiv Plus cVV;04.10.2012;0,0003628338;482,98;0,3492073897;349.853,48;0,000077025;EUR
Muster Defensiv Plus cVV;05.10.2012;0,0011051511;1.471,62;0,3506834521;351.325,11;-0,000262554;EUR
Muster Defensiv Plus cVV;06.10.2012;0,0000963130;128,39;0,3508116101;351.453,50;0;EUR
Muster Defensiv Plus cVV;07.10.2012;0,0000962962;128,38;0,3509397580;351.581,88;0;EUR
Muster Defensiv Plus cVV;08.10.2012;-0,0001321660;-176,22;0,3507710038;351.405,66;-0,000319799;EUR
Muster Defensiv Plus cVV;09.10.2012;0,0008665761;1.155,28;0,3519313520;352.560,94;-0,000859457;EUR
Muster Defensiv Plus cVV;10.10.2012;-0,0011581690;-1.545,36;0,3503958631;351.015,58;-0,002729160;EUR
Muster Defensiv Plus cVV;11.10.2012;0,0002070254;275,92;0,3506783924;351.291,50;0,001038611;EUR
Muster Defensiv Plus cVV;12.10.2012;-0,0003776659;-503,44;0,3501829027;350.788,06;-0,002075465;EUR
Muster Defensiv Plus cVV;13.10.2012;0,0000963638;128,41;0,3503110896;350.916,47;0;EUR
Muster Defensiv Plus cVV;14.10.2012;0,0000963620;128,42;0,3504392865;351.044,88;0;EUR
Muster Defensiv Plus cVV;15.10.2012;-0,0003302569;-440,16;0,3500069395;350.604,72;0,003320470;EUR
Muster Defensiv Plus cVV;16.10.2012;-0,0001352962;-180,26;0,3498340249;350.424,46;0,001435152;EUR
Muster Defensiv Plus cVV;17.10.2012;0,0015841509;2.110,36;0,3519479029;352.534,82;-0,002296191;EUR
Muster Defensiv Plus cVV;18.10.2012;0,0003586830;478,59;0,3524327558;353.013,41;-0,000033413;EUR
Muster Defensiv Plus cVV;19.10.2012;-0,0006901224;-921,15;0,3515201534;352.092,26;-0,003466968;EUR
Muster Defensiv Plus cVV;20.10.2012;0,0000962696;128,41;0,3516483531;352.220,67;0;EUR
Muster Defensiv Plus cVV;21.10.2012;0,0000962678;128,42;0,3517765629;352.349,08;0;EUR
Muster Defensiv Plus cVV;22.10.2012;-0,0016697741;-2.227,64;0,3495595181;350.121,44;-0,000913983;EUR
Muster Defensiv Plus cVV;23.10.2012;-0,0030305090;-4.036,25;0,3455366337;346.085,19;-0,002428093;EUR
Muster Defensiv Plus cVV;24.10.2012;-0,0007588446;-1.007,62;0,3445374620;345.077,57;0,000318479;EUR
Muster Defensiv Plus cVV;25.10.2012;0,0004797435;636,54;0,3451798530;345.714,11;0,000441843;EUR
Muster Defensiv Plus cVV;26.10.2012;0,0007109857;943,81;0,3461290581;346.657,92;0,002896321;EUR
Muster Defensiv Plus cVV;27.10.2012;0,0000984946;130,84;0,3462596995;346.788,76;0;EUR
Muster Defensiv Plus cVV;28.10.2012;0,0000984925;130,85;0,3463903509;346.919,61;0;EUR
Muster Defensiv Plus cVV;29.10.2012;0,0004026903;535,04;0,3469314350;347.454,65;0,001383373;EUR
Muster Defensiv Plus cVV;30.10.2012;0,0008322828;1.106,27;0,3480429094;348.560,92;-0,000699772;EUR
Muster Defensiv Plus cVV;31.10.2012;0,0003101994;412,66;0,3484618187;348.973,59;-0,000038742;EUR
Muster Defensiv Plus cVV;01.11.2012;0,0005250529;698,70;0,3491663556;349.672,29;0,003195918;EUR
Muster Defensiv Plus cVV;02.11.2012;0,0007175966;955,42;0,3501272638;350.627,71;0,002506806;EUR
Muster Defensiv Plus cVV;03.11.2012;0,0000983213;131,00;0,3502580778;350.758,71;0;EUR
Muster Defensiv Plus cVV;04.11.2012;0,0000983041;130,99;0,3503888819;350.889,70;0;EUR
Muster Defensiv Plus cVV;05.11.2012;0,0004824626;642,95;0,3510377839;351.532,65;0,000340660;EUR
Muster Defensiv Plus cVV;06.11.2012;0,0010791387;1.438,80;0,3524814405;352.971,45;0,001912154;EUR
Muster Defensiv Plus cVV;07.11.2012;-0,0002312010;-308,59;0,3521801463;352.662,86;-0,004518927;EUR
Muster Defensiv Plus cVV;08.11.2012;0,0009542038;1.273,30;0,3534585824;353.936,16;-0,000609003;EUR
Muster Defensiv Plus cVV;09.11.2012;-0,0008999515;-1.202,05;0,3522649928;352.734,11;0,001369094;EUR
Muster Defensiv Plus cVV;10.11.2012;0,0001140831;152,24;0,3524170324;352.886,35;0;EUR
Muster Defensiv Plus cVV;11.11.2012;0,0001140626;152,23;0,3525690620;353.038,58;0;EUR
Muster Defensiv Plus cVV;12.11.2012;0,0011709698;1.563,00;0,3541368437;354.601,58;-0,000708784;EUR
Muster Defensiv Plus cVV;13.11.2012;-0,0047166946;-6.303,16;0,3478486726;348.298,42;-0,000261379;EUR
Muster Defensiv Plus cVV;14.11.2012;-0,0026869778;-3.573,81;0,3442861243;344.724,61;-0,004941947;EUR
Muster Defensiv Plus cVV;15.11.2012;-0,0043604311;-5.784,00;0,3385160043;338.940,61;-0,001249862;EUR
Muster Defensiv Plus cVV;16.11.2012;-0,0019003891;-2.509,83;0,3360157847;336.430,78;0,001902777;EUR
Muster Defensiv Plus cVV;17.11.2012;0,0001072774;141,41;0,3361570213;336.572,19;0;EUR
Muster Defensiv Plus cVV;18.11.2012;0,0001072659;141,41;0,3362982578;336.713,61;0;EUR
Muster Defensiv Plus cVV;19.11.2012;0,0050907869;6.712,02;0,3430085771;343.425,62;0,004515223;EUR
Muster Defensiv Plus cVV;20.11.2012;0,0005585998;740,24;0,3437545055;344.165,86;-0,000373047;EUR
Muster Defensiv Plus cVV;21.11.2012;-0,0002525591;-334,87;0,3434265993;343.830,99;-0,000302710;EUR
Muster Defensiv Plus cVV;22.11.2012;0,0025366476;3.362,53;0,3467917925;347.193,52;-0,001309320;EUR
Muster Defensiv Plus cVV;23.11.2012;-0,0007127973;-947,27;0,3458522077;346.246,26;0,001754495;EUR
Muster Defensiv Plus cVV;24.11.2012;0,0000978434;129,94;0,3459819954;346.376,19;0;EUR
Muster Defensiv Plus cVV;25.11.2012;0,0000978338;129,94;0,3461117831;346.506,13;0;EUR
Muster Defensiv Plus cVV;26.11.2012;0,0007303548;970,10;0,3470873740;347.476,22;-0,000056130;EUR
Muster Defensiv Plus cVV;27.11.2012;0,0013275232;1.764,58;0,3488565951;349.240,80;-0,000318908;EUR
Muster Defensiv Plus cVV;28.11.2012;-0,0008207034;-1.092,35;0,3477720328;348.148,45;0,002709587;EUR
Muster Defensiv Plus cVV;29.11.2012;0,0030514783;4.058,16;0,3518324485;352.206,61;0,001488405;EUR
Muster Defensiv Plus cVV;30.11.2012;-0,0005311576;-708,54;0,3511312824;351.498,07;-0,000036282;EUR
Muster Defensiv Plus cVV;01.12.2012;0,0000974580;129,94;0,3512610824;351.628,00;0;EUR
Muster Defensiv Plus cVV;02.12.2012;0,0000964360;128,59;0,3513895339;351.756,59;0;EUR
Muster Defensiv Plus cVV;03.12.2012;0,0006259905;834,76;0,3522300551;352.591,35;-0,002584628;EUR
Muster Defensiv Plus cVV;04.12.2012;-0,0026940658;-3.594,80;0,3486454861;348.996,55;-0,001903093;EUR
Muster Defensiv Plus cVV;05.12.2012;0,0007453061;991,81;0,3496428577;349.988,36;0,002647748;EUR
Muster Defensiv Plus cVV;06.12.2012;0,0036346558;4.840,41;0,3544851225;354.828,77;0,003733859;EUR
Muster Defensiv Plus cVV;07.12.2012;0,0016848733;2.251,97;0,3567415700;357.080,74;0,003599715;EUR
Muster Defensiv Plus cVV;08.12.2012;0,0000960432;128,59;0,3568700335;357.209,32;0;EUR
Muster Defensiv Plus cVV;09.12.2012;0,0000960340;128,59;0,3569984970;357.337,91;0;EUR
Muster Defensiv Plus cVV;10.12.2012;-0,0004654038;-623,22;0,3563825163;356.714,69;0,001082836;EUR
Muster Defensiv Plus cVV;11.12.2012;0,0006779246;907,38;0,3572956973;357.622,07;-0,001134496;EUR
Muster Defensiv Plus cVV;12.12.2012;0,0006839756;916,10;0,3582176110;358.538,17;-0,000843186;EUR
Muster Defensiv Plus cVV;13.12.2012;-0,0019815593;-2.655,86;0,3555707163;355.882,31;-0,001712557;EUR
Muster Defensiv Plus cVV;14.12.2012;-0,0011189233;-1.496,71;0,3540818695;354.385,60;-0,002227612;EUR
Muster Defensiv Plus cVV;15.12.2012;0,0000962370;128,59;0,3542103449;354.514,19;0;EUR
Muster Defensiv Plus cVV;16.12.2012;0,0000962277;128,59;0,3543388203;354.642,77;0;EUR
Muster Defensiv Plus cVV;17.12.2012;0,0000630601;84,27;0,3544295653;354.727,04;0,000513613;EUR
Muster Defensiv Plus cVV;18.12.2012;-0,0001373957;-183,63;0,3542526215;354.543,42;0,002095950;EUR
Muster Defensiv Plus cVV;19.12.2012;-0,0000718221;-95,98;0,3541632392;354.447,44;-0,002282667;EUR
Muster Defensiv Plus cVV;20.12.2012;-0,0018416042;-2.460,75;0,3517109229;351.986,70;0,001567080;EUR
Muster Defensiv Plus cVV;21.12.2012;0,0006472397;863,25;0,3525799541;352.849,94;-0,000933018;EUR
Muster Defensiv Plus cVV;22.12.2012;0,0000963477;128,59;0,3527084413;352.978,53;0;EUR
Muster Defensiv Plus cVV;23.12.2012;0,0000963384;128,59;0,3528369286;353.107,12;0;EUR
Muster Defensiv Plus cVV;24.12.2012;0,0001458640;194,71;0,3530379436;353.301,82;-0,001254626;EUR
Muster Defensiv Plus cVV;25.12.2012;0,0000899589;120,10;0,3531644001;353.421,92;0,000184174;EUR
Muster Defensiv Plus cVV;26.12.2012;-0,0000203844;-27,22;0,3531436371;353.394,71;-0,001512808;EUR
Muster Defensiv Plus cVV;27.12.2012;0,0002164085;288,94;0,3534387953;353.683,64;0,000479380;EUR
Muster Defensiv Plus cVV;28.12.2012;-0,0009865026;-1.317,41;0,3521286898;352.366,23;-0,000587716;EUR
Muster Defensiv Plus cVV;29.12.2012;0,0000963901;128,60;0,3522571987;352.494,83;0;EUR
Muster Defensiv Plus cVV;30.12.2012;0,0000963733;128,59;0,3523856977;352.623,42;0;EUR
Muster Defensiv Plus cVV;31.12.2012;0,0002311687;308,47;0,3527003442;352.931,88;0,004068354;EUR
Muster Defensiv Plus cVV;01.01.2013;0,0000813127;108,53;0,3528151787;353.040,41;0,000013167;EUR
Muster Defensiv Plus cVV;02.01.2013;0,0058299109;7.781,71;0,3605984290;360.822,11;0,002920287;EUR
Muster Defensiv Plus cVV;03.01.2013;0,0015554049;2.088,24;0,3626919101;362.910,36;0,002230683;EUR
Muster Defensiv Plus cVV;04.01.2013;-0,0008694795;-1.169,15;0,3615299592;361.741,20;0,000664845;EUR
Muster Defensiv Plus cVV;05.01.2013;0,0000957569;128,65;0,3616585326;361.869,85;0;EUR
Muster Defensiv Plus cVV;06.01.2013;0,0000957403;128,64;0,3617870961;361.998,49;0;EUR
Muster Defensiv Plus cVV;07.01.2013;-0,0019925001;-2.677,42;0,3591176854;359.321,07;-0,002446361;EUR
Muster Defensiv Plus cVV;08.01.2013;0,0004618763;619,41;0,3597431868;359.940,48;0,000237725;EUR
Muster Defensiv Plus cVV;09.01.2013;0,0012200861;1.636,98;0,3613857274;361.577,46;0,002770618;EUR
Muster Defensiv Plus cVV;10.01.2013;-0,0006659692;-894,61;0,3604980198;360.682,84;-0,001485517;EUR
Muster Defensiv Plus cVV;11.01.2013;-0,0037178622;-4.990,98;0,3555159298;355.691,86;-0,004818645;EUR
Muster Defensiv Plus cVV;12.01.2013;0,0000962355;128,71;0,3556445755;355.820,57;0;EUR
Muster Defensiv Plus cVV;13.01.2013;0,0000962262;128,71;0,3557732211;355.949,28;0;EUR
Muster Defensiv Plus cVV;14.01.2013;-0,0002329350;-311,60;0,3554680971;355.637,69;-0,000803942;EUR
Muster Defensiv Plus cVV;15.01.2013;0,0002976920;398,13;0,3558723509;356.035,82;0,001521431;EUR
Muster Defensiv Plus cVV;16.01.2013;0,0004480348;599,37;0,3564777631;356.635,19;0,001653273;EUR
Muster Defensiv Plus cVV;17.01.2013;0,0008169971;1.093,46;0,3575770576;357.728,65;-0,001540828;EUR
Muster Defensiv Plus cVV;18.01.2013;0,0010516768;1.408,70;0,3589914925;359.137,34;0,002461712;EUR
Muster Defensiv Plus cVV;19.01.2013;0,0000853634;114,46;0,3591059088;359.251,81;0;EUR
Muster Defensiv Plus cVV;20.01.2013;0,0000853561;114,46;0,3592203250;359.366,27;0;EUR
Muster Defensiv Plus cVV;21.01.2013;0,0015716662;2.107,79;0,3613336186;361.474,06;0,000055850;EUR
Muster Defensiv Plus cVV;22.01.2013;-0,0004699556;-631,26;0,3607089485;360.842,80;0,001482556;EUR
Muster Defensiv Plus cVV;23.01.2013;0,0017794935;2.389,13;0,3631035673;363.231,94;0,001165731;EUR
Muster Defensiv Plus cVV;24.01.2013;-0,0031515577;-4.238,79;0,3588725627;358.993,15;-0,000106947;EUR
Muster Defensiv Plus cVV;25.01.2013;-0,0012180467;-1.633,09;0,3572462681;357.360,06;-0,001776534;EUR
Muster Defensiv Plus cVV;26.01.2013;0,0000854767;114,46;0,3573606944;357.474,52;0;EUR
Muster Defensiv Plus cVV;27.01.2013;0,0000854694;114,46;0,3574751207;357.588,99;0;EUR
Muster Defensiv Plus cVV;28.01.2013;-0,0018124192;-2.427,44;0,3550546449;355.161,54;-0,002911728;EUR
Muster Defensiv Plus cVV;29.01.2013;0,0011366686;1.519,63;0,3565800220;356.681,17;-0,000190899;EUR
Muster Defensiv Plus cVV;30.01.2013;-0,0011350626;-1.519,20;0,3550674217;355.161,97;-0,003366373;EUR
Muster Defensiv Plus cVV;31.01.2013;-0,0039145022;-5.233,34;0,3498415408;349.928,62;0,000658084;EUR
Muster Defensiv Plus cVV;01.02.2013;-0,0018483538;-2.461,41;0,3473867564;347.467,21;-0,000113020;EUR
Muster Defensiv Plus cVV;02.02.2013;0,0000734789;97,67;0,3474844032;347.564,88;0;EUR
Muster Defensiv Plus cVV;03.02.2013;0,0000734735;97,67;0,3475820500;347.662,55;0;EUR
Muster Defensiv Plus cVV;04.02.2013;-0,0011724492;-1.558,67;0,3460297237;346.103,88;-0,000747490;EUR
Muster Defensiv Plus cVV;05.02.2013;-0,0006101956;-810,25;0,3452256031;345.293,63;0,003722506;EUR
Muster Defensiv Plus cVV;06.02.2013;0,0028696863;3.808,20;0,3490390616;349.101,83;0,000679694;EUR
Muster Defensiv Plus cVV;07.02.2013;0,0016082148;2.140,30;0,3511850085;351.242,12;0,002015203;EUR
Muster Defensiv Plus cVV;08.02.2013;0,0014822794;1.975,87;0,3531666130;353.217,99;0,003717995;EUR
Muster Defensiv Plus cVV;09.02.2013;0,0000553578;73,90;0,3532405030;353.291,89;0;EUR
Muster Defensiv Plus cVV;10.02.2013;0,0000553547;73,90;0,3533143931;353.365,79;0;EUR
Muster Defensiv Plus cVV;11.02.2013;0,0016509787;2.204,25;0,3555244083;355.570,04;-0,001288803;EUR
Muster Defensiv Plus cVV;12.02.2013;-0,0002955059;-395,19;0,3551353440;355.174,85;0,000264559;EUR
Muster Defensiv Plus cVV;13.02.2013;0,0026236801;3.507,66;0,3586487356;358.682,51;-0,001091013;EUR
Muster Defensiv Plus cVV;14.02.2013;-0,0012308319;-1.649,85;0,3570051246;357.032,67;0,002410299;EUR
Muster Defensiv Plus cVV;15.02.2013;-0,0025376408;-3.397,35;0,3536140495;353.635,32;-0,000314159;EUR
Muster Defensiv Plus cVV;16.02.2013;0,0000553405;73,90;0,3536879458;353.709,22;0;EUR
Muster Defensiv Plus cVV;17.02.2013;0,0000553374;73,90;0,3537618422;353.783,12;0;EUR
Muster Defensiv Plus cVV;18.02.2013;0,0006695373;894,19;0,3546619956;354.677,31;0,000446968;EUR
Muster Defensiv Plus cVV;19.02.2013;0,0043398828;5.799,94;0,3604677871;360.477,25;0,002608416;EUR
Muster Defensiv Plus cVV;20.02.2013;-0,0007316349;-982,02;0,3594918706;359.495,23;-0,003242137;EUR
Muster Defensiv Plus cVV;21.02.2013;-0,0029322281;-3.932,84;0,3555650717;355.562,39;0,000283605;EUR
Muster Defensiv Plus cVV;22.02.2013;0,0039495285;5.281,75;0,3608529421;360.844,14;0,005006053;EUR
Muster Defensiv Plus cVV;23.02.2013;0,0000550433;73,90;0,3609268447;360.918,04;0;EUR
Muster Defensiv Plus cVV;24.02.2013;0,0000550403;73,90;0,3610007473;360.991,94;0;EUR
Muster Defensiv Plus cVV;25.02.2013;0,0048003476;6.445,63;0,3674527092;367.437,57;-0,002909568;EUR
Muster Defensiv Plus cVV;26.02.2013;-0,0036329802;-4.858,22;0,3626043648;362.579,35;0,004441556;EUR
Muster Defensiv Plus cVV;27.02.2013;0,0000493403;65,74;0,3626801679;362.645,09;0,003742047;EUR
Muster Defensiv Plus cVV;28.02.2013;0,0035736594;4.761,76;0,3674525645;367.406,86;0,001795359;EUR
Muster Defensiv Plus cVV;01.03.2013;0,0003235384;432,64;0,3678954269;367.839,50;0,002159355;EUR
Muster Defensiv Plus cVV;02.03.2013;0,0000446665;59,75;0,3679551843;367.899,25;0;EUR
Muster Defensiv Plus cVV;03.03.2013;0,0000446645;59,75;0,3680149418;367.959,00;0;EUR
Muster Defensiv Plus cVV;04.03.2013;-0,0014012244;-1.874,52;0,3661502318;366.084,47;0,001171595;EUR
Muster Defensiv Plus cVV;05.03.2013;0,0048224589;6.442,33;0,3726039756;372.526,80;0,003078816;EUR
Muster Defensiv Plus cVV;06.03.2013;0,0020706749;2.779,56;0,3753944248;375.306,36;0,000735303;EUR
Muster Defensiv Plus cVV;07.03.2013;-0,0017680697;-2.378,27;0,3730258283;372.928,09;-0,002247190;EUR
Muster Defensiv Plus cVV;08.03.2013;0,0022410373;3.009,14;0,3760460552;375.937,23;0,002451082;EUR
Muster Defensiv Plus cVV;09.03.2013;0,0000443977;59,75;0,3761058208;375.996,98;0;EUR
Muster Defensiv Plus cVV;10.03.2013;0,0000443957;59,75;0,3761655865;376.056,72;0;EUR
Muster Defensiv Plus cVV;11.03.2013;0,0006313048;849,66;0,3770257941;376.906,38;0,000655494;EUR
Muster Defensiv Plus cVV;12.03.2013;0,0019213289;2.587,50;0,3796244695;379.493,88;-0,000265973;EUR
Muster Defensiv Plus cVV;13.03.2013;0,0009808254;1.323,44;0,3809587385;380.817,32;0,000997075;EUR
Muster Defensiv Plus cVV;14.03.2013;0,0026223980;3.541,90;0,3845124070;384.359,22;0,001465791;EUR
Muster Defensiv Plus cVV;15.03.2013;0,0003979936;538,95;0,3850620247;384.898,17;-0,000481058;EUR
Muster Defensiv Plus cVV;16.03.2013;0,0000453958;61,50;0,3851235492;384.959,67;0;EUR
Muster Defensiv Plus cVV;17.03.2013;0,0000454011;61,51;0,3851850838;385.021,18;0;EUR
Muster Defensiv Plus cVV;18.03.2013;-0,0009138825;-1.238,16;0,3839567950;383.783,01;0,001858440;EUR
Muster Defensiv Plus cVV;19.03.2013;-0,0007163162;-969,61;0,3829971068;382.813,41;0,001378644;EUR
Muster Defensiv Plus cVV;20.03.2013;-0,0006081680;-822,63;0,3821844016;381.990,78;0,000644671;EUR
Muster Defensiv Plus cVV;21.03.2013;-0,0014712688;-1.988,87;0,3802047655;380.001,91;-0,000867818;EUR
Muster Defensiv Plus cVV;22.03.2013;-0,0018547573;-2.503,59;0,3777100018;377.498,32;0,000288623;EUR
Muster Defensiv Plus cVV;23.03.2013;0,0000456525;61,51;0,3777715446;377.559,83;0;EUR
Muster Defensiv Plus cVV;24.03.2013;0,0000456430;61,50;0,3778330775;377.621,33;0;EUR
Muster Defensiv Plus cVV;25.03.2013;0,0010473130;1.411,19;0,3792552401;379.032,52;0,001638125;EUR
Muster Defensiv Plus cVV;26.03.2013;-0,0022134143;-2.985,56;0,3762780078;376.046,96;0,001666139;EUR
Muster Defensiv Plus cVV;27.03.2013;-0,0010601701;-1.426,84;0,3748603149;374.620,11;0,003553530;EUR
Muster Defensiv Plus cVV;28.03.2013;0,0002089084;280,86;0,3751513771;374.900,98;0,000482433;EUR
Muster Defensiv Plus cVV;29.03.2013;-0,0000156708;-21,07;0,3751402902;374.879,91;-0,000025464;EUR
Muster Defensiv Plus cVV;30.03.2013;0,0000457340;61,50;0,3752018313;374.941,40;0;EUR
Muster Defensiv Plus cVV;31.03.2013;0,0000457319;61,50;0,3752633724;375.002,90;0;EUR
Muster Defensiv Plus cVV;01.04.2013;0,0000718215;96,59;0,3753700148;375.099,49;-0,001743339;EUR
Muster Defensiv Plus cVV;02.04.2013;0,0063644547;8.559,66;0,3839460445;383.659,15;0,000498986;EUR
Muster Defensiv Plus cVV;03.04.2013;-0,0018879391;-2.555,28;0,3813989665;381.103,87;-0,002967563;EUR
Muster Defensiv Plus cVV;04.04.2013;-0,0016779140;-2.266,73;0,3791405180;378.837,14;0,000153422;EUR
Muster Defensiv Plus cVV;05.04.2013;-0,0059316175;-7.999,70;0,3711442193;370.837,44;-0,005089058;EUR
Muster Defensiv Plus cVV;06.04.2013;0,0000460062;61,68;0,3712059486;370.899,12;0;EUR
Muster Defensiv Plus cVV;07.04.2013;0,0000460041;61,68;0,3712676780;370.960,80;0;EUR
Muster Defensiv Plus cVV;08.04.2013;0,0004901059;657,12;0,3719351542;371.617,92;0,003154247;EUR
Muster Defensiv Plus cVV;09.04.2013;-0,0015287181;-2.050,68;0,3698924667;369.567,24;-0,000520324;EUR
Muster Defensiv Plus cVV;10.04.2013;0,0051784798;6.935,97;0,3768444469;376.503,22;0,002426312;EUR
Muster Defensiv Plus cVV;11.04.2013;0,0017086582;2.300,40;0,3791568794;378.803,62;0,001292724;EUR
Muster Defensiv Plus cVV;12.04.2013;-0,0071349479;-9.622,34;0,3695352482;369.181,28;0,001652190;EUR
Muster Defensiv Plus cVV;13.04.2013;0,0000554608;74,26;0,3696095813;369.255,54;0;EUR
Muster Defensiv Plus cVV;14.04.2013;0,0000554577;74,26;0,3696839145;369.329,81;0;EUR
Muster Defensiv Plus cVV;15.04.2013;-0,0089992834;-12.051,36;0,3576303506;357.278,45;-0,007096827;EUR
Muster Defensiv Plus cVV;16.04.2013;-0,0035778478;-4.748,14;0,3528867387;352.530,30;0,000553761;EUR
Muster Defensiv Plus cVV;17.04.2013;-0,0051813467;-6.851,54;0,3460372877;345.678,77;-0,002216856;EUR
Muster Defensiv Plus cVV;18.04.2013;0,0012039158;1.583,75;0,3476317161;347.262,51;-0,001674175;EUR
Muster Defensiv Plus cVV;19.04.2013;0,0005666792;746,36;0,3483879149;348.008,87;0,001997824;EUR
Muster Defensiv Plus cVV;20.04.2013;0,0000483402;63,70;0,3484516883;348.072,58;0;EUR
Muster Defensiv Plus cVV;21.04.2013;0,0000483455;63,71;0,3485154717;348.136,29;0;EUR
Muster Defensiv Plus cVV;22.04.2013;0,0040668234;5.359,88;0,3538903620;353.496,17;0,001997454;EUR
Muster Defensiv Plus cVV;23.04.2013;0,0059245883;7.840,08;0,3617485462;361.336,26;0,006492832;EUR
Muster Defensiv Plus cVV;24.04.2013;0,0052454663;6.982,52;0,3687485533;368.318,77;0,000461485;EUR
Muster Defensiv Plus cVV;25.04.2013;0,0072715145;9.730,27;0,3784999353;378.049,04;0,002472394;EUR
Muster Defensiv Plus cVV;26.04.2013;-0,0008015924;-1.080,44;0,3774279200;376.968,61;-0,000870236;EUR
Muster Defensiv Plus cVV;27.04.2013;0,0000473082;63,71;0,3774917116;377.032,32;0;EUR
Muster Defensiv Plus cVV;28.04.2013;0,0000473060;63,71;0,3775555033;377.096,03;0;EUR
Muster Defensiv Plus cVV;29.04.2013;0,0008755496;1.179,29;0,3787459582;378.275,32;0,000855083;EUR
Muster Defensiv Plus cVV;30.04.2013;0,0013148113;1.772,49;0,3805304080;380.047,81;-0,000518843;EUR
Muster Defensiv Plus cVV;01.05.2013;-0,0003852993;-520,10;0,3800193737;379.527,71;-0,002514863;EUR
Muster Defensiv Plus cVV;02.05.2013;0,0000603157;81,39;0,3801105791;379.609,09;0,004372197;EUR
Muster Defensiv Plus cVV;03.05.2013;0,0041287029;5.571,38;0,3856991562;385.180,47;0,001994082;EUR
Muster Defensiv Plus cVV;04.05.2013;0,0000464680;62,96;0,3857622050;385.243,44;0;EUR
Muster Defensiv Plus cVV;05.05.2013;0,0000464658;62,96;0,3858252537;385.306,40;0;EUR
Muster Defensiv Plus cVV;06.05.2013;0,0018138430;2.457,98;0,3882964320;387.764,38;0,000139483;EUR
Muster Defensiv Plus cVV;07.05.2013;0,0012212366;1.657,93;0,3899665478;389.422,31;0,000829594;EUR
Muster Defensiv Plus cVV;08.05.2013;0,0023665417;3.216,70;0,3931977171;392.639,00;-0,000459080;EUR
Muster Defensiv Plus cVV;09.05.2013;0,0026255728;3.577,23;0,3967900857;396.216,23;0,001750333;EUR
Muster Defensiv Plus cVV;10.05.2013;-0,0004626697;-632,02;0,3961671669;395.584,21;0,001401103;EUR
Muster Defensiv Plus cVV;11.05.2013;0,0000407291;55,61;0,3962228604;395.639,82;0;EUR
Muster Defensiv Plus cVV;12.05.2013;0,0000407347;55,62;0,3962785639;395.695,44;0;EUR
Muster Defensiv Plus cVV;13.05.2013;0,0001057848;144,45;0,3964332351;395.839,89;-0,000504137;EUR
Muster Defensiv Plus cVV;14.05.2013;-0,0002076998;-283,65;0,3961591472;395.556,25;0,001988535;EUR
Muster Defensiv Plus cVV;15.05.2013;-0,0006675153;-911,41;0,3952562946;394.644,84;0,004163952;EUR
Muster Defensiv Plus cVV;16.05.2013;-0,0024243038;-3.307,87;0,3919531440;391.336,97;-0,002392579;EUR
Muster Defensiv Plus cVV;17.05.2013;-0,0004102550;-558,42;0,3914036576;390.778,55;0,005773854;EUR
Muster Defensiv Plus cVV;18.05.2013;0,0000408803;55,62;0,3914593681;390.834,17;0;EUR
Muster Defensiv Plus cVV;19.05.2013;0,0000408713;55,61;0,3915150686;390.889,78;0;EUR
Muster Defensiv Plus cVV;20.05.2013;-0,0010564934;-1.437,58;0,3900849546;389.452,20;-0,000800897;EUR
Muster Defensiv Plus cVV;21.05.2013;0,0026973801;3.666,46;0,3937672146;393.118,67;-0,000093677;EUR
Muster Defensiv Plus cVV;22.05.2013;0,0014983545;2.042,16;0,3958226165;395.160,83;-0,002065781;EUR
Muster Defensiv Plus cVV;23.05.2013;-0,0069097163;-9.431,61;0,3863848346;385.729,22;-0,004821608;EUR
Muster Defensiv Plus cVV;24.05.2013;-0,0026235038;-3.556,28;0,3828320261;382.172,94;-0,002501798;EUR
Muster Defensiv Plus cVV;25.05.2013;0,0000411405;55,62;0,3828877436;382.228,56;0;EUR
Muster Defensiv Plus cVV;26.05.2013;0,0000411388;55,62;0,3829434610;382.284,19;0;EUR
Muster Defensiv Plus cVV;27.05.2013;0,0016034239;2.167,99;0,3851247470;384.452,18;-0,000780277;EUR
Muster Defensiv Plus cVV;28.05.2013;0,0025690219;3.479,15;0,3886196063;387.931,32;0,003332463;EUR
Muster Defensiv Plus cVV;29.05.2013;-0,0050139601;-6.807,69;0,3818092752;381.123,63;-0,006094418;EUR
Muster Defensiv Plus cVV;30.05.2013;0,0011081151;1.497,00;0,3833184284;382.620,63;-0,001305500;EUR
Muster Defensiv Plus cVV;31.05.2013;-0,0045678750;-6.177,76;0,3771386915;376.442,86;-0,000628123;EUR
Muster Defensiv Plus cVV;01.06.2013;0,0000413156;55,62;0,3771944158;376.498,48;0;EUR
Muster Defensiv Plus cVV;02.06.2013;0,0000417150;56,16;0,3772506812;376.554,64;0;EUR
Muster Defensiv Plus cVV;03.06.2013;-0,0048553597;-6.537,12;0,3707106010;370.017,53;-0,004013135;EUR
Muster Defensiv Plus cVV;04.06.2013;-0,0002657454;-356,05;0,3703629755;369.661,47;-0,002028990;EUR
Muster Defensiv Plus cVV;05.06.2013;-0,0031881116;-4.270,41;0,3660934417;365.391,07;-0,004368768;EUR
Muster Defensiv Plus cVV;06.06.2013;-0,0069676792;-9.303,30;0,3567809921;356.087,77;-0,001364952;EUR
Muster Defensiv Plus cVV;07.06.2013;0,0006628461;878,87;0,3576703131;356.966,64;0,002997472;EUR
Muster Defensiv Plus cVV;08.06.2013;0,0000423291;56,16;0,3577265854;357.022,80;0;EUR
Muster Defensiv Plus cVV;09.06.2013;0,0000423273;56,16;0,3577828576;357.078,96;0;EUR
Muster Defensiv Plus cVV;10.06.2013;0,0006246821;828,89;0,3586221273;357.907,85;0,000218533;EUR
Muster Defensiv Plus cVV;11.06.2013;-0,0053176451;-7.060,37;0,3515562301;350.847,48;-0,007120682;EUR
Muster Defensiv Plus cVV;12.06.2013;-0,0001280476;-169,11;0,3513953232;350.678,37;-0,003091607;EUR
Muster Defensiv Plus cVV;13.06.2013;-0,0040682500;-5.372,10;0,3460206338;345.306,27;0,004278959;EUR
Muster Defensiv Plus cVV;14.06.2013;0,0035785383;4.706,22;0,3507450855;350.012,49;0,000629922;EUR
Muster Defensiv Plus cVV;15.06.2013;0,0000425521;56,16;0,3508013645;350.068,65;0;EUR
Muster Defensiv Plus cVV;16.06.2013;0,0000425503;56,16;0,3508576436;350.124,81;0;EUR
Muster Defensiv Plus cVV;17.06.2013;0,0030136719;3.977,87;0,3548524228;354.102,68;0,002591703;EUR
Muster Defensiv Plus cVV;18.06.2013;-0,0018054661;-2.390,29;0,3524655810;351.712,39;-0,000440300;EUR
Muster Defensiv Plus cVV;19.06.2013;0,0003594344;475,00;0,3529501091;352.187,39;-0,002319820;EUR
Muster Defensiv Plus cVV;20.06.2013;-0,0137295919;-18.150,58;0,3347682811;334.036,82;-0,008930005;EUR
Muster Defensiv Plus cVV;21.06.2013;-0,0028928717;-3.771,88;0,3309960925;330.264,94;-0,000022458;EUR
Muster Defensiv Plus cVV;22.06.2013;0,0000432061;56,17;0,3310523883;330.321,11;0;EUR
Muster Defensiv Plus cVV;23.06.2013;0,0000431966;56,16;0,3311086742;330.377,27;0;EUR
Muster Defensiv Plus cVV;24.06.2013;-0,0077194647;-10.036,80;0,3210573531;320.340,47;-0,007325259;EUR
Muster Defensiv Plus cVV;25.06.2013;0,0021763117;2.807,78;0,3238791752;323.148,25;0,004475395;EUR
Muster Defensiv Plus cVV;26.06.2013;0,0034389485;4.446,44;0,3283435204;327.594,69;0,005498959;EUR
Muster Defensiv Plus cVV;27.06.2013;0,0040365930;5.237,12;0,3336005736;332.831,81;0,003672645;EUR
Muster Defensiv Plus cVV;28.06.2013;0,0019212898;2.502,77;0,3361171266;335.334,58;0,000294223;EUR
Muster Defensiv Plus cVV;29.06.2013;0,0000430383;56,17;0,3361734292;335.390,75;0;EUR
Muster Defensiv Plus cVV;30.06.2013;0,0000430288;56,16;0,3362297218;335.446,91;0;EUR
Muster Defensiv Plus cVV;01.07.2013;0,0037121442;4.845,33;0,3410944675;340.292,24;0,000165510;EUR
Muster Defensiv Plus cVV;02.07.2013;-0,0071373760;-9.350,74;0,3317295596;330.941,50;0,001698492;EUR
Muster Defensiv Plus cVV;03.07.2013;-0,0029981286;-3.899,84;0,3278282031;327.041,66;0,002288609;EUR
Muster Defensiv Plus cVV;04.07.2013;0,0050138977;6.502,31;0,3343540680;333.543,97;0,004890495;EUR
Muster Defensiv Plus cVV;05.07.2013;-0,0044793387;-5.838,19;0,3285094551;327.705,78;0,003841398;EUR
Muster Defensiv Plus cVV;06.07.2013;0,0000392926;50,98;0,3285605632;327.756,76;0;EUR
Muster Defensiv Plus cVV;07.07.2013;0,0000392988;50,99;0,3286116813;327.807,76;0;EUR
Muster Defensiv Plus cVV;08.07.2013;0,0038985255;5.058,82;0,3336907792;332.866,58;0,000594913;EUR
Muster Defensiv Plus cVV;09.07.2013;0,0070394433;9.170,16;0,3428917229;342.036,74;0,005460643;EUR
Muster Defensiv Plus cVV;10.07.2013;-0,0004215724;-553,04;0,3423453460;341.483,70;0,000497722;EUR
Muster Defensiv Plus cVV;11.07.2013;0,0031797332;4.169,59;0,3465335837;345.653,29;0,000121041;EUR
Muster Defensiv Plus cVV;12.07.2013;0,0023200660;3.051,98;0,3496015234;348.705,26;0,000659892;EUR
Muster Defensiv Plus cVV;13.07.2013;0,0000439080;57,89;0,3496595659;348.763,16;0;EUR
Muster Defensiv Plus cVV;14.07.2013;0,0000438985;57,88;0,3497175984;348.821,04;0;EUR
Muster Defensiv Plus cVV;15.07.2013;0,0010150406;1.338,47;0,3510677200;350.159,51;0,000805093;EUR
Muster Defensiv Plus cVV;16.07.2013;-0,0019451715;-2.567,58;0,3485016174;347.591,93;-0,001606232;EUR
Muster Defensiv Plus cVV;17.07.2013;0,0007245287;954,50;0,3494667617;348.546,43;0,001195352;EUR
Muster Defensiv Plus cVV;18.07.2013;0,0014555109;1.918,89;0,3513988977;350.465,32;0,003352945;EUR
Muster Defensiv Plus cVV;19.07.2013;0,0005928054;782,67;0,3521918350;351.247,99;-0,000527612;EUR
Muster Defensiv Plus cVV;20.07.2013;0,0000438235;57,89;0,3522498843;351.305,89;0;EUR
Muster Defensiv Plus cVV;21.07.2013;0,0000438140;57,88;0,3523079236;351.363,77;0;EUR
Muster Defensiv Plus cVV;22.07.2013;0,0020872562;2.757,64;0,3550812113;354.121,41;0,000011708;EUR
Muster Defensiv Plus cVV;23.07.2013;0,0008587715;1.136,96;0,3562295018;355.258,37;-0,001394554;EUR
Muster Defensiv Plus cVV;24.07.2013;-0,0004073467;-539,76;0,3556964840;354.718,61;-0,002193124;EUR
Muster Defensiv Plus cVV;25.07.2013;-0,0037511907;-4.968,58;0,3507222966;349.750,02;-0,000877204;EUR
Muster Defensiv Plus cVV;26.07.2013;-0,0033538888;-4.425,68;0,3462922925;345.324,34;-0,001562231;EUR
Muster Defensiv Plus cVV;27.07.2013;0,0000440133;57,88;0,3463503384;345.382,23;0;EUR
Muster Defensiv Plus cVV;28.07.2013;0,0000440190;57,89;0,3464083944;345.440,12;0;EUR
Muster Defensiv Plus cVV;29.07.2013;0,0012597975;1.656,96;0,3480780027;347.097,08;-0,001779916;EUR
Muster Defensiv Plus cVV;30.07.2013;-0,0065834442;-8.669,83;0,3393914669;338.427,25;0,000337596;EUR
Muster Defensiv Plus cVV;31.07.2013;-0,0026244434;-3.433,41;0,3359559749;334.993,84;-0,002224703;EUR
Muster Defensiv Plus cVV;01.08.2013;0,0055256860;7.209,97;0,3431945112;342.203,81;0,007473319;EUR
Muster Defensiv Plus cVV;02.08.2013;-0,0002210214;-289,98;0,3429115229;341.913,83;-0,002463771;EUR
Muster Defensiv Plus cVV;03.08.2013;0,0000434264;56,96;0,3429686528;341.970,79;0;EUR
Muster Defensiv Plus cVV;04.08.2013;0,0000434245;56,96;0,3430257827;342.027,75;0;EUR
Muster Defensiv Plus cVV;05.08.2013;-0,0025921074;-3.400,44;0,3396231668;338.627,31;0,002214303;EUR
Muster Defensiv Plus cVV;06.08.2013;-0,0080370249;-10.516,00;0,3290837392;328.111,32;-0,004370607;EUR
Muster Defensiv Plus cVV;07.08.2013;-0,0005376135;-697,78;0,3283913548;327.413,53;-0,001047514;EUR
Muster Defensiv Plus cVV;08.08.2013;0,0007025070;911,31;0,3293128655;328.324,85;0,000597899;EUR
Muster Defensiv Plus cVV;09.08.2013;0,0017145830;2.225,77;0,3315528491;330.550,62;0,000064496;EUR
Muster Defensiv Plus cVV;10.08.2013;0,0000442134;57,49;0,3316105172;330.608,11;0;EUR
Muster Defensiv Plus cVV;11.08.2013;0,0000442192;57,50;0,3316681952;330.665,61;0;EUR
Muster Defensiv Plus cVV;12.08.2013;0,0039289260;5.109,50;0,3368008067;335.775,11;0,000383964;EUR
Muster Defensiv Plus cVV;13.08.2013;0,0027870104;3.638,70;0,3404583107;339.413,81;0,001699799;EUR
Muster Defensiv Plus cVV;14.08.2013;-0,0002483971;-325,21;0,3401397720;339.088,60;-0,002339879;EUR
Muster Defensiv Plus cVV;15.08.2013;-0,0028413011;-3.718,99;0,3364168240;335.369,61;-0,004106875;EUR
Muster Defensiv Plus cVV;16.08.2013;0,0010665632;1.392,06;0,3378208284;336.761,67;-0,003560386;EUR
Muster Defensiv Plus cVV;17.08.2013;0,0000440033;57,49;0,3378785030;336.819,17;0;EUR
Muster Defensiv Plus cVV;18.08.2013;0,0000440090;57,50;0,3379361875;336.876,67;0;EUR
Muster Defensiv Plus cVV;19.08.2013;-0,0017073998;-2.231,05;0,3357056569;334.645,62;-0,002345300;EUR
Muster Defensiv Plus cVV;20.08.2013;-0,0042344399;-5.523,67;0,3301718906;329.121,95;-0,001552558;EUR
Muster Defensiv Plus cVV;21.08.2013;-0,0024335176;-3.160,99;0,3270081318;325.960,96;-0,000878137;EUR
Muster Defensiv Plus cVV;22.08.2013;0,0032475338;4.208,08;0,3312371297;330.169,05;0,000321377;EUR
Muster Defensiv Plus cVV;23.08.2013;0,0028433469;3.696,31;0,3349528658;333.865,36;0,000569289;EUR
Muster Defensiv Plus cVV;24.08.2013;0,0000441010;57,49;0,3350105468;333.922,85;0;EUR
Muster Defensiv Plus cVV;25.08.2013;0,0000440991;57,49;0,3350682278;333.980,34;0;EUR
Muster Defensiv Plus cVV;26.08.2013;0,0020221651;2.636,49;0,3377208263;336.616,84;0,000311790;EUR
Muster Defensiv Plus cVV;27.08.2013;-0,0031729099;-4.145,20;0,3335694491;332.471,64;-0,003841681;EUR
Muster Defensiv Plus cVV;28.08.2013;-0,0040426711;-5.217,57;0,3283451010;327.254,08;0,001419798;EUR
Muster Defensiv Plus cVV;29.08.2013;0,0003567887;458,62;0,3288156920;327.712,69;0,002442125;EUR
Muster Defensiv Plus cVV;30.08.2013;-0,0015465870;-1.988,70;0,3268306614;325.723,99;-0,000056467;EUR
Muster Defensiv Plus cVV;31.08.2013;0,0000406138;52,14;0,3268829816;325.776,14;0;EUR
Muster Defensiv Plus cVV;01.09.2013;0,0000464463;59,63;0,3269428179;325.835,77;0;EUR
Muster Defensiv Plus cVV;02.09.2013;0,0042908569;5.509,41;0,3324814690;331.345,18;-0,000254230;EUR
Muster Defensiv Plus cVV;03.09.2013;-0,0021184205;-2.731,70;0,3297508276;328.613,48;0,002554634;EUR
Muster Defensiv Plus cVV;04.09.2013;-0,0001014149;-130,50;0,3296302813;328.482,98;0,000539603;EUR
Muster Defensiv Plus cVV;05.09.2013;-0,0021736600;-2.796,71;0,3268341045;325.686,28;0,001712199;EUR
Muster Defensiv Plus cVV;06.09.2013;0,0008730327;1.120,83;0,3279692040;326.807,11;-0,000404111;EUR
Muster Defensiv Plus cVV;07.09.2013;0,0000395015;50,76;0,3280201423;326.857,87;0;EUR
Muster Defensiv Plus cVV;08.09.2013;0,0000395000;50,76;0,3280710806;326.908,62;0;EUR
Muster Defensiv Plus cVV;09.09.2013;0,0027190007;3.494,08;0,3315879989;330.402,70;0,001970216;EUR
Muster Defensiv Plus cVV;10.09.2013;0,0041597094;5.360,01;0,3369778055;335.762,71;0,001545136;EUR
Muster Defensiv Plus cVV;11.09.2013;-0,0004394579;-568,62;0,3364176586;335.194,09;0,000285516;EUR
Muster Defensiv Plus cVV;12.09.2013;-0,0010023651;-1.296,40;0,3351269963;333.897,69;0,001712739;EUR
Muster Defensiv Plus cVV;13.09.2013;0,0013347671;1.724,59;0,3368684429;335.622,27;0,001356164;EUR
Muster Defensiv Plus cVV;14.09.2013;0,0000303306;39,24;0,3369078296;335.661,52;0;EUR
Muster Defensiv Plus cVV;15.09.2013;0,0000303374;39,25;0,3369472263;335.700,77;0;EUR
Muster Defensiv Plus cVV;16.09.2013;0,0041588863;5.380,99;0,3423588576;341.081,75;0,002167287;EUR
Muster Defensiv Plus cVV;17.09.2013;-0,0012706420;-1.650,86;0,3407124141;339.430,89;0,000424382;EUR
Muster Defensiv Plus cVV;18.09.2013;-0,0005340147;-692,93;0,3400274299;338.737,96;0,002526612;EUR
Muster Defensiv Plus cVV;19.09.2013;0,0060367538;7.829,00;0,3478970231;346.566,97;-0,000006335;EUR
Muster Defensiv Plus cVV;20.09.2013;-0,0013440518;-1.753,61;0,3461473997;344.813,36;-0,001609604;EUR
Muster Defensiv Plus cVV;21.09.2013;0,0000301244;39,25;0,3461868025;344.852,61;0;EUR
Muster Defensiv Plus cVV;22.09.2013;0,0000301234;39,25;0,3462262054;344.891,86;0;EUR
Muster Defensiv Plus cVV;23.09.2013;-0,0002135073;-278,21;0,3459576128;344.613,65;-0,001565381;EUR
Muster Defensiv Plus cVV;24.09.2013;-0,0015642470;-2.037,85;0,3439224319;342.575,80;0,001767415;EUR
Muster Defensiv Plus cVV;25.09.2013;-0,0007959394;-1.035,30;0,3428936268;341.540,50;-0,000379976;EUR
Muster Defensiv Plus cVV;26.09.2013;0,0007677827;997,88;0,3439060406;342.538,38;0,001849254;EUR
Muster Defensiv Plus cVV;27.09.2013;-0,0013479983;-1.753,33;0,3421562208;340.785,06;-0,001771339;EUR
Muster Defensiv Plus cVV;28.09.2013;0,0000302101;39,24;0,3421956196;340.824,30;0;EUR
Muster Defensiv Plus cVV;29.09.2013;0,0000302169;39,25;0,3422350285;340.863,55;0;EUR
Muster Defensiv Plus cVV;30.09.2013;-0,0019430930;-2.524,11;0,3397111824;338.339,44;-0,001350755;EUR
Muster Defensiv Plus cVV;01.10.2013;-0,0015569357;-2.018,55;0,3376947840;336.320,89;0,001946206;EUR
Muster Defensiv Plus cVV;02.10.2013;0,0000422646;54,71;0,3377600423;336.375,60;-0,001366908;EUR
Muster Defensiv Plus cVV;03.10.2013;0,0004789525;620,02;0,3383929387;336.995,61;-0,004774770;EUR
Muster Defensiv Plus cVV;04.10.2013;-0,0007811495;-1.011,70;0,3373873206;335.983,91;0,002546848;EUR
Muster Defensiv Plus cVV;05.10.2013;0,0000311567;40,32;0,3374278100;336.024,23;0;EUR
Muster Defensiv Plus cVV;06.10.2013;0,0000311480;40,31;0,3374682893;336.064,54;0;EUR
Muster Defensiv Plus cVV;07.10.2013;0,0001608130;208,13;0,3376875589;336.272,67;-0,001823132;EUR
Muster Defensiv Plus cVV;08.10.2013;-0,0010930395;-1.414,86;0,3362769633;334.857,81;-0,003785934;EUR
Muster Defensiv Plus cVV;09.10.2013;-0,0022247081;-2.876,57;0,3333983145;331.981,24;0,002810674;EUR
Muster Defensiv Plus cVV;10.10.2013;0,0024993208;3.224,46;0,3366467277;335.205,70;0,004779684;EUR
Muster Defensiv Plus cVV;11.10.2013;-0,0009627832;-1.245,22;0,3354062917;333.960,48;0,000770440;EUR
Muster Defensiv Plus cVV;12.10.2013;0,0000312055;40,32;0,3354467872;334.000,80;0;EUR
Muster Defensiv Plus cVV;13.10.2013;0,0000312045;40,32;0,3354872828;334.041,12;0;EUR
Muster Defensiv Plus cVV;14.10.2013;0,0005686431;734,80;0,3362354095;334.775,92;0,000622042;EUR
Muster Defensiv Plus cVV;15.10.2013;0,0026243000;3.393,03;0,3396534677;338.168,95;0,000390326;EUR
Muster Defensiv Plus cVV;16.10.2013;0,0001127863;146,21;0,3398105415;338.315,15;0,002250477;EUR
Muster Defensiv Plus cVV;17.10.2013;0,0045871639;5.947,11;0,3457943226;344.262,26;-0,000438902;EUR
Muster Defensiv Plus cVV;18.10.2013;0,0032318386;4.209,19;0,3500327457;348.471,45;0,003338746;EUR
Muster Defensiv Plus cVV;19.10.2013;0,0000308589;40,32;0,3500732473;348.511,77;0;EUR
Muster Defensiv Plus cVV;20.10.2013;0,0000308503;40,31;0,3501137389;348.552,08;0;EUR
Muster Defensiv Plus cVV;21.10.2013;0,0013030213;1.702,66;0,3518345672;350.254,74;0,000621009;EUR
Muster Defensiv Plus cVV;22.10.2013;0,0035448687;4.638,13;0,3565042765;354.892,87;-0,000535329;EUR
Muster Defensiv Plus cVV;23.10.2013;-0,0007323280;-961,58;0,3555489460;353.931,29;0,000018543;EUR
Muster Defensiv Plus cVV;24.10.2013;0,0003643915;478,11;0,3560398561;354.409,41;0,001151372;EUR
Muster Defensiv Plus cVV;25.10.2013;0,0013849687;1.817,86;0,3578767262;356.227,26;0,000000927;EUR
Muster Defensiv Plus cVV;26.10.2013;0,0000306768;40,32;0,3579172339;356.267,58;0;EUR
Muster Defensiv Plus cVV;27.10.2013;0,0000306759;40,32;0,3579577416;356.307,90;0;EUR
Muster Defensiv Plus cVV;28.10.2013;0,0017585278;2.311,51;0,3602906647;358.619,42;0,000586112;EUR
Muster Defensiv Plus cVV;29.10.2013;0,0015539688;2.046,22;0,3623571725;360.665,64;0,002034019;EUR
Muster Defensiv Plus cVV;30.10.2013;0,0009869497;1.301,61;0,3636756565;361.967,25;0,000863338;EUR
Muster Defensiv Plus cVV;31.10.2013;0,0007065611;932,74;0,3646235880;362.899,99;0,003505193;EUR
Muster Defensiv Plus cVV;01.11.2013;0,0022839826;3.017,26;0,3676660350;365.917,25;0,002113644;EUR
Muster Defensiv Plus cVV;02.11.2013;0,0000302409;40,04;0,3677062674;365.957,29;0;EUR
Muster Defensiv Plus cVV;03.11.2013;0,0000302399;40,04;0,3677464997;365.997,33;0;EUR
Muster Defensiv Plus cVV;04.11.2013;0,0017934144;2.374,75;0,3701435107;368.372,08;0,000457531;EUR
Muster Defensiv Plus cVV;05.11.2013;-0,0016423261;-2.178,58;0,3679652824;366.193,49;-0,001055394;EUR
Muster Defensiv Plus cVV;06.11.2013;-0,0011422095;-1.512,68;0,3664560553;364.680,81;0,000352723;EUR
Muster Defensiv Plus cVV;07.11.2013;0,0007680466;1.016,00;0,3674877832;365.696,81;-0,000685770;EUR
Muster Defensiv Plus cVV;08.11.2013;-0,0002140323;-283,35;0,3672138096;365.413,47;0,003244887;EUR
Muster Defensiv Plus cVV;09.11.2013;0,0000302524;40,04;0,3672540479;365.453,51;0;EUR
Muster Defensiv Plus cVV;10.11.2013;0,0000302515;40,04;0,3672942862;365.493,55;0;EUR
Muster Defensiv Plus cVV;11.11.2013;-0,0005932335;-785,23;0,3665159100;364.708,32;-0,001086377;EUR
Muster Defensiv Plus cVV;12.11.2013;-0,0016060973;-2.124,64;0,3643913826;362.583,67;-0,002697465;EUR
Muster Defensiv Plus cVV;13.11.2013;-0,0016571420;-2.188,65;0,3622023892;360.395,03;0,001820398;EUR
Muster Defensiv Plus cVV;14.11.2013;0,0040962076;5.401,04;0,3676412226;365.796,07;0,002624725;EUR
Muster Defensiv Plus cVV;15.11.2013;0,0014216843;1.882,24;0,3695436980;367.678,31;0,001930240;EUR
Muster Defensiv Plus cVV;16.11.2013;0,0000291900;38,70;0,3695825953;367.717,01;0;EUR
Muster Defensiv Plus cVV;17.11.2013;0,0000291891;38,70;0,3696214926;367.755,71;0;EUR
Muster Defensiv Plus cVV;18.11.2013;0,0013460626;1.784,75;0,3714260851;369.540,46;-0,001227327;EUR
Muster Defensiv Plus cVV;19.11.2013;-0,0006778492;-899,98;0,3705322586;368.640,49;-0,000842279;EUR
Muster Defensiv Plus cVV;20.11.2013;-0,0011898599;-1.578,70;0,3689561392;367.061,79;-0,000207178;EUR
Muster Defensiv Plus cVV;21.11.2013;-0,0026794910;-3.550,90;0,3653974754;363.510,89;0,000909010;EUR
Muster Defensiv Plus cVV;22.11.2013;-0,0006416211;-848,01;0,3645555867;362.662,89;-0,001279241;EUR
Muster Defensiv Plus cVV;23.11.2013;0,0000337436;44,57;0,3646003884;362.707,45;0;EUR
Muster Defensiv Plus cVV;24.11.2013;0,0000337425;44,57;0,3646451900;362.752,02;0;EUR
Muster Defensiv Plus cVV;25.11.2013;0,0057564048;7.603,66;0,3722992549;370.355,68;0,001698982;EUR
Muster Defensiv Plus cVV;26.11.2013;-0,0020689060;-2.748,56;0,3695469043;367.607,12;-0,001724030;EUR
Muster Defensiv Plus cVV;27.11.2013;0,0001506544;199,73;0,3697583097;367.806,85;0,000645030;EUR
Muster Defensiv Plus cVV;28.11.2013;0,0014052939;1.863,36;0,3716422152;369.670,22;-0,000198068;EUR
Muster Defensiv Plus cVV;29.11.2013;0,0030949359;4.109,52;0,3757844211;373.779,74;0,000088272;EUR
Muster Defensiv Plus cVV;30.11.2013;0,0000334620;44,57;0,3758292292;373.824,31;0;EUR
Muster Defensiv Plus cVV;01.12.2013;0,0000334608;44,57;0,3758740372;373.868,88;0;EUR
Muster Defensiv Plus cVV;02.12.2013;-0,0002789189;-371,53;0,3755112547;373.497,35;-0,000651636;EUR
Muster Defensiv Plus cVV;03.12.2013;-0,0073709833;-9.815,56;0,3656532045;363.681,79;-0,002765540;EUR
Muster Defensiv Plus cVV;04.12.2013;-0,0030709699;-4.059,31;0,3615821954;359.622,48;-0,000880315;EUR
Muster Defensiv Plus cVV;05.12.2013;-0,0024365602;-3.210,84;0,3583640612;356.411,64;-0,005320570;EUR
Muster Defensiv Plus cVV;06.12.2013;0,0012238773;1.608,86;0,3599919682;358.020,51;0,000190492;EUR
Muster Defensiv Plus cVV;07.12.2013;0,0000338626;44,57;0,3600367826;358.065,08;0;EUR
Muster Defensiv Plus cVV;08.12.2013;0,0000338615;44,57;0,3600815971;358.109,64;0;EUR
Muster Defensiv Plus cVV;09.12.2013;0,0015126349;1.991,02;0,3620938571;360.100,67;0,000514715;EUR
Muster Defensiv Plus cVV;10.12.2013;-0,0017691264;-2.332,15;0,3597589851;357.768,51;-0,002191711;EUR
Muster Defensiv Plus cVV;11.12.2013;-0,0015929692;-2.096,22;0,3576612192;355.672,29;-0,003282907;EUR
Muster Defensiv Plus cVV;12.12.2013;-0,0041327030;-5.429,64;0,3522111600;350.242,65;-0,001236024;EUR
Muster Defensiv Plus cVV;13.12.2013;-0,0007852671;-1.027,44;0,3511878500;349.215,21;-0,000303546;EUR
Muster Defensiv Plus cVV;14.12.2013;0,0000340907;44,57;0,3512326708;349.259,78;0;EUR
Muster Defensiv Plus cVV;15.12.2013;0,0000340895;44,57;0,3512774915;349.304,35;0;EUR
Muster Defensiv Plus cVV;16.12.2013;0,0030361024;3.969,57;0,3552794890;353.273,92;0,001602742;EUR
Muster Defensiv Plus cVV;17.12.2013;-0,0008863938;-1.162,44;0,3541204062;352.111,48;-0,000152171;EUR
Muster Defensiv Plus cVV;18.12.2013;0,0009673364;1.267,47;0,3554050798;353.378,94;0,003616363;EUR
Muster Defensiv Plus cVV;19.12.2013;0,0059160574;7.759,09;0,3632188388;361.138,03;0,002895063;EUR
Muster Defensiv Plus cVV;20.12.2013;0,0025822676;3.406,76;0,3666554886;364.544,79;0,000536208;EUR
Muster Defensiv Plus cVV;21.12.2013;0,0000336956;44,57;0,3667003157;364.589,36;0;EUR
Muster Defensiv Plus cVV;22.12.2013;0,0000336945;44,57;0,3667451428;364.633,93;0;EUR
Muster Defensiv Plus cVV;23.12.2013;0,0005829458;771,11;0,3675309905;365.405,04;0,000637804;EUR
Muster Defensiv Plus cVV;24.12.2013;0,0003420880;452,77;0,3679966659;365.857,82;0,001520782;EUR
Muster Defensiv Plus cVV;25.12.2013;0,0000562193;74,43;0,3680817909;365.932,25;0,000016571;EUR
Muster Defensiv Plus cVV;26.12.2013;-0,0001248052;-165,25;0,3679258029;365.767,00;0,000742781;EUR
Muster Defensiv Plus cVV;27.12.2013;0,0027113306;3.589,58;0,3715468906;369.356,58;-0,001443198;EUR
Muster Defensiv Plus cVV;28.12.2013;0,0000335735;44,57;0,3715917240;369.401,15;0;EUR
Muster Defensiv Plus cVV;29.12.2013;0,0000335723;44,57;0,3716365573;369.445,72;0;EUR
Muster Defensiv Plus cVV;30.12.2013;0,0002631189;349,32;0,3719982621;369.795,03;-0,001081597;EUR
Muster Defensiv Plus cVV;31.12.2013;0,0010841047;1.439,63;0,3734568148;371.234,67;0,001931866;EUR
Muster Defensiv Plus cVV;01.01.2014;-0,0005710260;-759,11;0,3727034627;370.475,55;0,000005402;EUR
Muster Defensiv Plus cVV;02.01.2014;-0,0025723828;-3.417,74;0,3692753675;367.057,81;-0,000302857;EUR
Muster Defensiv Plus cVV;03.01.2014;0,0030060116;3.983,60;0,3732933203;371.041,41;0,001732625;EUR
Muster Defensiv Plus cVV;04.01.2014;0,0000335309;44,57;0,3733381598;371.085,98;0;EUR
Muster Defensiv Plus cVV;05.01.2014;0,0000335298;44,57;0,3733829993;371.130,55;0;EUR
Muster Defensiv Plus cVV;06.01.2014;0,0002691009;357,71;0,3737531698;371.488,26;-0,000674188;EUR
Muster Defensiv Plus cVV;07.01.2014;0,0013837092;1.839,83;0,3756145461;373.328,09;0,002717657;EUR
Muster Defensiv Plus cVV;08.01.2014;0,0018430010;2.453,92;0,3780938704;375.782,01;0,000603349;EUR
Muster Defensiv Plus cVV;09.01.2014;-0,0028352848;-3.782,08;0,3742987779;371.999,93;-0,001432395;EUR
Muster Defensiv Plus cVV;10.01.2014;0,0015764929;2.096,97;0,3764190109;374.096,90;0,000475315;EUR
Muster Defensiv Plus cVV;11.01.2014;0,0000334540;44,57;0,3764638566;374.141,47;0;EUR
Muster Defensiv Plus cVV;12.01.2014;0,0000334529;44,57;0,3765087023;374.186,04;0;EUR
Muster Defensiv Plus cVV;13.01.2014;0,0007274504;969,21;0,3774942418;375.155,25;0,000524358;EUR
Muster Defensiv Plus cVV;14.01.2014;-0,0000120249;-16,03;0,3774884071;375.139,22;0,001221357;EUR
Muster Defensiv Plus cVV;15.01.2014;0,0063442700;8.458,76;0,3860106497;383.597,98;0,003942705;EUR
Muster Defensiv Plus cVV;16.01.2014;0,0028217281;3.786,05;0,3898311183;387.384,03;-0,000258261;EUR
Muster Defensiv Plus cVV;17.01.2014;0,0019669361;2.646,58;0,3925050794;390.030,61;0,002227599;EUR
Muster Defensiv Plus cVV;18.01.2014;0,0000331238;44,66;0,3925500196;390.075,27;0;EUR
Muster Defensiv Plus cVV;19.01.2014;0,0000331227;44,66;0,3925949598;390.119,93;0;EUR
Muster Defensiv Plus cVV;20.01.2014;0,0012702696;1.712,67;0,3943291875;391.832,59;0,000593017;EUR
Muster Defensiv Plus cVV;21.01.2014;-0,0006418519;-866,49;0,3934678311;390.966,10;0,001086396;EUR
Muster Defensiv Plus cVV;22.01.2014;-0,0008947459;-1.207,12;0,3922635955;389.758,99;-0,000309181;EUR
Muster Defensiv Plus cVV;23.01.2014;-0,0041339874;-5.572,25;0,3866659815;384.186,74;-0,005284438;EUR
Muster Defensiv Plus cVV;24.01.2014;-0,0104490912;-14.026,22;0,3725592943;370.160,52;-0,004222987;EUR
Muster Defensiv Plus cVV;25.01.2014;0,0000328726;43,67;0,3726032423;370.204,19;0;EUR
Muster Defensiv Plus cVV;26.01.2014;0,0000328715;43,67;0,3726471903;370.247,85;0;EUR
Muster Defensiv Plus cVV;27.01.2014;-0,0031259375;-4.152,49;0,3684777055;366.095,36;-0,002782801;EUR
Muster Defensiv Plus cVV;28.01.2014;0,0012632089;1.672,80;0,3701713413;367.768,16;0,001213945;EUR
Muster Defensiv Plus cVV;29.01.2014;-0,0003599711;-477,29;0,3697008517;367.290,87;-0,000877632;EUR
Muster Defensiv Plus cVV;30.01.2014;-0,0014045110;-1.861,60;0,3678368956;365.429,27;0,004991897;EUR
Muster Defensiv Plus cVV;31.01.2014;-0,0000029882;-3,96;0,3678427574;365.425,32;0,000980872;EUR
Muster Defensiv Plus cVV;01.02.2014;0,0000329902;43,67;0,3678867113;365.468,98;0;EUR
Muster Defensiv Plus cVV;02.02.2014;0,0000329891;43,67;0,3679306653;365.512,65;0;EUR
Muster Defensiv Plus cVV;03.02.2014;-0,0009146930;-1.210,75;0,3667217077;364.301,90;-0,006516754;EUR
Muster Defensiv Plus cVV;04.02.2014;-0,0054768011;-7.242,82;0,3594403733;357.059,08;0,000468121;EUR
Muster Defensiv Plus cVV;05.02.2014;0,0003495826;459,77;0,3599128025;357.518,86;0,000612981;EUR
Muster Defensiv Plus cVV;06.02.2014;0,0049517015;6.514,81;0,3664809821;364.033,67;0,002013990;EUR
Muster Defensiv Plus cVV;07.02.2014;0,0046834756;6.192,42;0,3727249353;370.226,09;0,003300836;EUR
Muster Defensiv Plus cVV;08.02.2014;0,0000328710;43,67;0,3727688951;370.269,75;0;EUR
Muster Defensiv Plus cVV;09.02.2014;0,0000328699;43,67;0,3728128549;370.313,42;0;EUR
Muster Defensiv Plus cVV;10.02.2014;0,0005222532;693,80;0,3735212396;371.007,21;0,000611076;EUR
Muster Defensiv Plus cVV;11.02.2014;0,0054442443;7.236,27;0,3808166252;378.243,48;0,002394374;EUR
Muster Defensiv Plus cVV;12.02.2014;0,0040658684;5.433,61;0,3862974117;383.677,09;0,003243045;EUR
Muster Defensiv Plus cVV;13.02.2014;-0,0021842869;-2.930,94;0,3833565788;380.746,15;-0,000540411;EUR
Muster Defensiv Plus cVV;14.02.2014;0,0030732287;4.114,74;0,3875097465;384.860,89;0,000988310;EUR
Muster Defensiv Plus cVV;15.02.2014;0,0000325128;43,67;0,3875537121;384.904,55;0;EUR
Muster Defensiv Plus cVV;16.02.2014;0,0000325117;43,67;0,3875976777;384.948,22;0;EUR
Muster Defensiv Plus cVV;17.02.2014;0,0008539726;1.136,72;0,3887559674;386.084,94;-0,000054455;EUR
Muster Defensiv Plus cVV;18.02.2014;0,0000800165;106,60;0,3888770333;386.191,54;0,001463109;EUR
Muster Defensiv Plus cVV;19.02.2014;-0,0001358047;-180,94;0,3887085383;386.010,60;-0,000922641;EUR
Muster Defensiv Plus cVV;20.02.2014;-0,0015111731;-2.013,13;0,3866949510;383.997,47;0,001111225;EUR
Muster Defensiv Plus cVV;21.02.2014;0,0028080221;3.735,09;0,3904700009;387.732,56;-0,000935114;EUR
Muster Defensiv Plus cVV;22.02.2014;0,0000327353;43,67;0,3905139743;387.776,23;0;EUR
Muster Defensiv Plus cVV;23.02.2014;0,0000327342;43,67;0,3905579476;387.819,89;0;EUR
Muster Defensiv Plus cVV;24.02.2014;0,0031956158;4.262,86;0,3948647625;392.082,75;0,002002127;EUR
Muster Defensiv Plus cVV;25.02.2014;0,0011260167;1.506,87;0,3963962203;393.589,63;-0,000553532;EUR
Muster Defensiv Plus cVV;26.02.2014;0,0006528075;874,59;0,3972909527;394.464,22;0,002364295;EUR
Muster Defensiv Plus cVV;27.02.2014;-0,0010885094;-1.459,27;0,3958350542;393.004,95;0,002856996;EUR
Muster Defensiv Plus cVV;28.02.2014;0,0014476048;1.938,57;0,3978014641;394.943,52;-0,003116705;EUR
Muster Defensiv Plus cVV;01.03.2014;0,0000492900;66,10;0,3978680450;395.009,62;0;EUR
Muster Defensiv Plus cVV;02.03.2014;0,0000325577;43,67;0,3979120260;395.053,29;0;EUR
Muster Defensiv Plus cVV;03.03.2014;-0,0080963425;-10.858,85;0,3869880764;384.194,43;-0,002583062;EUR
Muster Defensiv Plus cVV;04.03.2014;0,0074109236;9.859,09;0,3969326693;394.053,52;0,005380329;EUR
Muster Defensiv Plus cVV;05.03.2014;-0,0001214129;-162,72;0,3967825469;393.890,81;-0,000473048;EUR
Muster Defensiv Plus cVV;06.03.2014;-0,0000518763;-69,52;0,3967262829;393.821,29;-0,001126178;EUR
Muster Defensiv Plus cVV;07.03.2014;-0,0057247137;-7.670,96;0,3890122129;386.150,33;-0,002939536;EUR
Muster Defensiv Plus cVV;08.03.2014;0,0000327742;43,67;0,3890562016;386.193,99;0;EUR
Muster Defensiv Plus cVV;09.03.2014;0,0000327731;43,67;0,3891001903;386.237,66;0;EUR
Muster Defensiv Plus cVV;10.03.2014;-0,0018886133;-2.516,37;0,3865785446;383.721,29;-0,001338695;EUR
Muster Defensiv Plus cVV;11.03.2014;0,0014498100;1.928,06;0,3885343848;385.649,35;0,000377133;EUR
Muster Defensiv Plus cVV;12.03.2014;-0,0040438231;-5.385,57;0,3831217423;380.263,79;-0,001543068;EUR
Muster Defensiv Plus cVV;13.03.2014;-0,0067135090;-8.904,90;0,3741628003;371.358,88;-0,003430304;EUR
Muster Defensiv Plus cVV;14.03.2014;-0,0015466816;-2.037,77;0,3721224430;369.321,11;-0,000475900;EUR
Muster Defensiv Plus cVV;15.03.2014;0,0000331934;43,67;0,3721664392;369.364,78;0;EUR
Muster Defensiv Plus cVV;16.03.2014;0,0000331923;43,67;0,3722104355;369.408,44;0;EUR
Muster Defensiv Plus cVV;17.03.2014;0,0032866054;4.323,73;0,3765798910;373.732,17;0,001818014;EUR
Muster Defensiv Plus cVV;18.03.2014;0,0028182410;3.719,75;0,3803410282;377.451,92;0,002893848;EUR
Muster Defensiv Plus cVV;19.03.2014;-0,0003059857;-405,00;0,3799459353;377.046,92;-0,002032279;EUR
Muster Defensiv Plus cVV;20.03.2014;0,0003327882;440,34;0,3804026737;377.487,26;0,000446978;EUR
Muster Defensiv Plus cVV;21.03.2014;0,0025505286;3.375,98;0,3838178319;380.863,24;-0,000027863;EUR
Muster Defensiv Plus cVV;22.03.2014;0,0000329047;43,67;0,3838618357;380.906,91;0;EUR
Muster Defensiv Plus cVV;23.03.2014;0,0000329037;43,67;0,3839058395;380.950,57;0;EUR
Muster Defensiv Plus cVV;24.03.2014;-0,0040248055;-5.341,33;0,3785359822;375.609,24;-0,001908811;EUR
Muster Defensiv Plus cVV;25.03.2014;0,0054574533;7.213,45;0,3858187742;382.822,69;0,004360964;EUR
Muster Defensiv Plus cVV;26.03.2014;0,0052032017;6.914,92;0,3928011691;389.737,61;0,000112985;EUR
Muster Defensiv Plus cVV;27.03.2014;0,0017950524;2.397,99;0,3952314284;392.135,60;0,001468328;EUR
Muster Defensiv Plus cVV;28.03.2014;0,0037433574;5.009,69;0,4002942373;397.145,29;0,002050722;EUR
Muster Defensiv Plus cVV;29.03.2014;0,0000325059;43,67;0,4003382486;397.188,96;0;EUR
Muster Defensiv Plus cVV;30.03.2014;0,0000325048;43,67;0,4003822599;397.232,62;0;EUR
Muster Defensiv Plus cVV;31.03.2014;-0,0004672651;-627,72;0,3997630998;396.604,91;0,000492457;EUR
Muster Defensiv Plus cVV;01.04.2014;-0,0001686204;-226,42;0,3995483879;396.378,49;0,001298067;EUR
Muster Defensiv Plus cVV;02.04.2014;0,0015934796;2.139,29;0,4017183515;398.517,78;0,001143951;EUR
Muster Defensiv Plus cVV;03.04.2014;0,0007799678;1.048,80;0,4027891514;399.566,58;-0,000084521;EUR
Muster Defensiv Plus cVV;04.04.2014;0,0035344547;4.756,38;0,4075976130;404.322,96;-0,000952889;EUR
Muster Defensiv Plus cVV;05.04.2014;0,0000364896;49,28;0,4076472904;404.372,24;0;EUR
Muster Defensiv Plus cVV;06.04.2014;0,0000364883;49,28;0,4076969679;404.421,52;0;EUR
Muster Defensiv Plus cVV;07.04.2014;-0,0058579821;-7.911,63;0,3997346939;396.509,89;-0,003496771;EUR
Muster Defensiv Plus cVV;08.04.2014;-0,0000369491;-49,61;0,3996980966;396.460,28;-0,000059116;EUR
Muster Defensiv Plus cVV;09.04.2014;-0,0002263919;-303,96;0,3994050452;396.156,32;0,001420278;EUR
Muster Defensiv Plus cVV;10.04.2014;0,0001523108;204,45;0,3996245455;396.360,77;-0,004152500;EUR
Muster Defensiv Plus cVV;11.04.2014;-0,0052970229;-7.111,32;0,3924677868;389.249,45;-0,004098472;EUR
Muster Defensiv Plus cVV;12.04.2014;0,0000369015;49,28;0,3925174726;389.298,73;0;EUR
Muster Defensiv Plus cVV;13.04.2014;0,0000369002;49,28;0,3925671584;389.348,01;0;EUR
Muster Defensiv Plus cVV;14.04.2014;0,0036092939;4.820,21;0,3974404879;394.168,22;0,003354651;EUR
Muster Defensiv Plus cVV;15.04.2014;-0,0040156080;-5.382,20;0,3920266729;388.786,02;0,000414372;EUR
Muster Defensiv Plus cVV;16.04.2014;0,0038564573;5.148,13;0,3972309348;393.934,15;0,005296818;EUR
Muster Defensiv Plus cVV;17.04.2014;0,0040682926;5.451,86;0,4027418069;399.386,01;0,000153934;EUR
Muster Defensiv Plus cVV;18.04.2014;0,0000252662;34,00;0,4027894568;399.420,00;0,000164718;EUR
Muster Defensiv Plus cVV;19.04.2014;0,0000366226;49,28;0,4028391508;399.469,28;0;EUR
Muster Defensiv Plus cVV;20.04.2014;0,0000366213;49,28;0,4028888449;399.518,56;0;EUR
Muster Defensiv Plus cVV;21.04.2014;0,0000026137;3,52;0,4029057443;399.522,08;0,001176046;EUR
Muster Defensiv Plus cVV;22.04.2014;0,0059431118;7.997,49;0,4109845678;407.519,57;0,000947512;EUR
Muster Defensiv Plus cVV;23.04.2014;-0,0014697558;-1.989,57;0,4089916011;405.530,00;-0,001626547;EUR
Muster Defensiv Plus cVV;24.04.2014;0,0001688642;228,25;0,4092353052;405.758,25;0,000506887;EUR
Muster Defensiv Plus cVV;25.04.2014;-0,0026991323;-3.648,98;0,4055684176;402.109,27;-0,001684544;EUR
Muster Defensiv Plus cVV;26.04.2014;0,0000365496;49,28;0,4056181198;402.158,55;0;EUR
Muster Defensiv Plus cVV;27.04.2014;0,0000365482;49,28;0,4056678221;402.207,83;0;EUR
Muster Defensiv Plus cVV;28.04.2014;0,0006549413;883,10;0,4065718947;403.090,92;0,000605847;EUR
Muster Defensiv Plus cVV;29.04.2014;0,0045517990;6.141,48;0,4127799763;409.232,40;0,001782520;EUR
Muster Defensiv Plus cVV;30.04.2014;0,0006342862;859,70;0,4136607048;410.092,10;0,000830042;EUR
Muster Defensiv Plus cVV;01.05.2014;0,0004602757;624,25;0,4143039595;410.716,35;0,000549944;EUR
Muster Defensiv Plus cVV;02.05.2014;-0,0008848314;-1.200,60;0,4131063911;409.515,75;0,000961930;EUR
Muster Defensiv Plus cVV;03.05.2014;0,0000363499;49,28;0,4131561015;409.565,03;0;EUR
Muster Defensiv Plus cVV;04.05.2014;0,0000363486;49,28;0,4132058119;409.614,31;0;EUR
Muster Defensiv Plus cVV;05.05.2014;0,0007632546;1.034,79;0,4142632167;410.649,10;0,000528701;EUR
Muster Defensiv Plus cVV;06.05.2014;-0,0018435771;-2.501,37;0,4117532717;408.147,74;-0,003682346;EUR
Muster Defensiv Plus cVV;07.05.2014;0,0022269617;3.015,97;0,4148094045;411.163,71;0,001084760;EUR
Muster Defensiv Plus cVV;08.05.2014;0,0033960466;4.609,51;0,4194734320;415.773,21;0,001279757;EUR
Muster Defensiv Plus cVV;09.05.2014;0,0031411728;4.278,04;0,4238033178;420.051,26;0,003129799;EUR
Muster Defensiv Plus cVV;10.05.2014;0,0000360696;49,28;0,4238530363;420.100,53;0;EUR
Muster Defensiv Plus cVV;11.05.2014;0,0005228012;714,28;0,4245736949;420.814,81;0;EUR
Muster Defensiv Plus cVV;12.05.2014;0,0037520294;5.128,90;0,4297623522;425.943,71;0,001384519;EUR
Muster Defensiv Plus cVV;13.05.2014;0,0030671899;4.208,48;0,4340226230;430.152,19;0,002928153;EUR
Muster Defensiv Plus cVV;14.05.2014;0,0010453516;1.438,72;0,4354883818;431.590,91;0,000844962;EUR
Muster Defensiv Plus cVV;15.05.2014;-0,0005429393;-748,03;0,4347476445;430.842,88;-0,002052124;EUR
Muster Defensiv Plus cVV;16.05.2014;-0,0020185962;-2.779,60;0,4319567957;428.063,28;0,001146050;EUR
Muster Defensiv Plus cVV;17.05.2014;0,0000358593;49,28;0,4320065222;428.112,56;0;EUR
Muster Defensiv Plus cVV;18.05.2014;0,0000358580;49,28;0,4320562488;428.161,84;0;EUR
Muster Defensiv Plus cVV;19.05.2014;0,0004359625;599,15;0,4326747901;428.760,99;0,000728548;EUR
Muster Defensiv Plus cVV;20.05.2014;-0,0008397278;-1.154,55;0,4315235848;427.606,44;-0,001356319;EUR
Muster Defensiv Plus cVV;21.05.2014;0,0012503391;1.717,66;0,4332709061;429.324,10;0,001606037;EUR
Muster Defensiv Plus cVV;22.05.2014;0,0014028790;1.929,63;0,4352322379;431.253,73;0,001935448;EUR
Muster Defensiv Plus cVV;23.05.2014;0,0020508392;2.824,84;0,4380971742;434.078,56;0,002029443;EUR
Muster Defensiv Plus cVV;24.05.2014;0,0000357030;49,28;0,4381469087;434.127,84;0;EUR
Muster Defensiv Plus cVV;25.05.2014;0,0000357017;49,28;0,4381966433;434.177,12;0;EUR
Muster Defensiv Plus cVV;26.05.2014;0,0011758499;1.623,06;0,4398488042;435.800,18;0,000148816;EUR
Muster Defensiv Plus cVV;27.05.2014;0,0002307856;318,93;0,4401847684;436.119,11;0,002406794;EUR
Muster Defensiv Plus cVV;28.05.2014;0,0017320933;2.394,22;0,4426154349;438.513,34;0,001427575;EUR
Muster Defensiv Plus cVV;29.05.2014;0,0002600801;360,12;0,4429930447;438.873,46;0,001427074;EUR
Muster Defensiv Plus cVV;30.05.2014;-0,0004292560;-594,53;0,4424070128;438.278,93;-0,001184825;EUR
Muster Defensiv Plus cVV;31.05.2014;0,0000274912;38,06;0,4424454308;438.316,99;0;EUR
Muster Defensiv Plus cVV;01.06.2014;0,0000355937;49,28;0,4424951733;438.366,27;0;EUR
Muster Defensiv Plus cVV;02.06.2014;0,0007630110;1.056,40;0,4435756226;439.422,67;0,001810788;EUR
Muster Defensiv Plus cVV;03.06.2014;-0,0002217108;-307,20;0,4432795904;439.115,47;-0,001027532;EUR
Muster Defensiv Plus cVV;04.06.2014;-0,0004328187;-599,57;0,4426883649;438.515,90;-0,000202109;EUR
Muster Defensiv Plus cVV;05.06.2014;0,0008532022;1.181,40;0,4438950559;439.697,30;0,000623804;EUR
Muster Defensiv Plus cVV;06.06.2014;0,0022383068;3.101,96;0,4470407537;442.799,26;0,003491876;EUR
Muster Defensiv Plus cVV;07.06.2014;0,0000354788;49,28;0,4470905041;442.848,54;0;EUR
Muster Defensiv Plus cVV;08.06.2014;0,0000354776;49,28;0,4471402544;442.897,82;0;EUR
Muster Defensiv Plus cVV;09.06.2014;0,0017896473;2.485,91;0,4496641671;445.383,72;0,001748185;EUR
Muster Defensiv Plus cVV;10.06.2014;0,0027286385;3.797,00;0,4535119495;449.180,72;0,000307553;EUR
Muster Defensiv Plus cVV;11.06.2014;-0,0007335140;-1.023,50;0,4524928265;448.157,23;-0,001434478;EUR
Muster Defensiv Plus cVV;12.06.2014;0,0002784151;388,20;0,4528990138;448.545,42;-0,000768690;EUR
Muster Defensiv Plus cVV;13.06.2014;-0,0000593152;-82,73;0,4528296975;448.462,70;0,001335965;EUR
Muster Defensiv Plus cVV;14.06.2014;0,0000353347;49,28;0,4528794557;448.511,97;0;EUR
Muster Defensiv Plus cVV;15.06.2014;0,0000353335;49,28;0,4529292139;448.561,25;0;EUR
Muster Defensiv Plus cVV;16.06.2014;-0,0021028641;-2.932,89;0,4499818671;445.628,36;-0,000825126;EUR
Muster Defensiv Plus cVV;17.06.2014;0,0003955334;550,50;0,4505518437;446.178,86;0,000674418;EUR
Muster Defensiv Plus cVV;18.06.2014;0,0001868103;260,10;0,4508285870;446.438,96;0,000377381;EUR
Muster Defensiv Plus cVV;19.06.2014;0,0041970872;5.844,82;0,4567451385;452.283,78;0,001655966;EUR
Muster Defensiv Plus cVV;20.06.2014;0,0009577703;1.339,38;0,4581120110;453.623,16;0,001577626;EUR
Muster Defensiv Plus cVV;21.06.2014;0,0000352045;49,28;0,4581617769;453.672,44;0;EUR
Muster Defensiv Plus cVV;22.06.2014;0,0000352032;49,28;0,4582115429;453.721,72;0;EUR
Muster Defensiv Plus cVV;23.06.2014;-0,0008388886;-1.174,34;0,4570398123;452.547,38;-0,000386961;EUR
Muster Defensiv Plus cVV;24.06.2014;0,0008218427;1.149,51;0,4582149791;453.696,89;-0,001654952;EUR
Muster Defensiv Plus cVV;25.06.2014;-0,0026504685;-3.710,25;0,4544818862;449.986,64;-0,000580529;EUR
Muster Defensiv Plus cVV;26.06.2014;-0,0005895589;-823,11;0,4536646228;449.163,53;0,002085070;EUR
Muster Defensiv Plus cVV;27.06.2014;-0,0005447951;-760,16;0,4529108668;448.403,37;-0,000776662;EUR
Muster Defensiv Plus cVV;28.06.2014;0,0000353362;49,28;0,4529606405;448.452,65;0;EUR
Muster Defensiv Plus cVV;29.06.2014;0,0000353350;49,28;0,4530104142;448.501,93;0;EUR
Muster Defensiv Plus cVV;30.06.2014;0,0007107563;991,26;0,4540256754;449.493,19;-0,000934178;EUR
Muster Defensiv Plus cVV;01.07.2014;0,0030480977;4.254,06;0,4583367852;453.747,25;0,002639299;EUR
Muster Defensiv Plus cVV;02.07.2014;0,0006787546;950,19;0,4593107464;454.697,44;0,001689980;EUR
Muster Defensiv Plus cVV;03.07.2014;0,0031295321;4.384,00;0,4637535083;459.081,44;0,001138640;EUR
Muster Defensiv Plus cVV;04.07.2014;0,0001590175;223,46;0,4639935071;459.304,89;0,002852935;EUR
Muster Defensiv Plus cVV;05.07.2014;0,0000350622;49,28;0,4640432885;459.354,17;0;EUR
Muster Defensiv Plus cVV;06.07.2014;0,0000350609;49,28;0,4640930699;459.403,45;0;EUR
Muster Defensiv Plus cVV;07.07.2014;-0,0022690762;-3.189,31;0,4608853548;456.214,14;-0,003177361;EUR
Muster Defensiv Plus cVV;08.07.2014;-0,0025791373;-3.616,89;0,4572454495;452.597,25;-0,002717140;EUR
Muster Defensiv Plus cVV;09.07.2014;-0,0005057950;-707,48;0,4565446854;451.889,77;0,000634607;EUR
Muster Defensiv Plus cVV;10.07.2014;-0,0038536702;-5.387,59;0,4511153941;446.502,17;-0,000403301;EUR
Muster Defensiv Plus cVV;11.07.2014;-0,0000242611;-33,79;0,4510950352;446.468,39;-0,000042351;EUR
Muster Defensiv Plus cVV;12.07.2014;0,0000353853;49,28;0,4511448242;446.517,67;0;EUR
Muster Defensiv Plus cVV;13.07.2014;0,0000353841;49,28;0,4511946132;446.566,94;0;EUR
Muster Defensiv Plus cVV;14.07.2014;0,0029023948;4.042,22;0,4552926080;450.609,16;0,001696389;EUR
Muster Defensiv Plus cVV;15.07.2014;-0,0009608518;-1.342,08;0,4539504061;449.267,08;0,000750747;EUR
Muster Defensiv Plus cVV;16.07.2014;0,0038444982;5.364,68;0,4593849883;454.631,77;0,002659301;EUR
Muster Defensiv Plus cVV;17.07.2014;-0,0016325559;-2.286,86;0,4570881069;452.344,91;-0,002254591;EUR
Muster Defensiv Plus cVV;18.07.2014;-0,0016230047;-2.269,77;0,4548083375;450.075,14;0,002345095;EUR
Muster Defensiv Plus cVV;19.07.2014;0,0000352939;49,28;0,4548581340;450.124,42;0;EUR
Muster Defensiv Plus cVV;20.07.2014;0,0000352927;49,28;0,4549079306;450.173,70;0;EUR
Muster Defensiv Plus cVV;21.07.2014;-0,0018314432;-2.557,29;0,4523374502;447.616,41;-0,000969682;EUR
Muster Defensiv Plus cVV;22.07.2014;0,0048996354;6.828,96;0,4592523255;454.445,37;0,003162914;EUR
Muster Defensiv Plus cVV;23.07.2014;0,0026754322;3.747,20;0,4630531550;458.192,57;0,000597066;EUR
Muster Defensiv Plus cVV;24.07.2014;0,0002845348;399,58;0,4634709631;458.592,15;0,000037862;EUR
Muster Defensiv Plus cVV;25.07.2014;-0,0029123846;-4.091,15;0,4593501258;454.501,00;-0,000851983;EUR
Muster Defensiv Plus cVV;26.07.2014;0,0000351824;49,28;0,4593999299;454.550,28;0;EUR
Muster Defensiv Plus cVV;27.07.2014;0,0000351812;49,28;0,4594497340;454.599,56;0;EUR
Muster Defensiv Plus cVV;28.07.2014;0,0000880532;123,34;0,4595882205;454.722,90;0,000209291;EUR
Muster Defensiv Plus cVV;29.07.2014;0,0011755088;1.646,74;0,4612664420;456.369,64;0,000764844;EUR
Muster Defensiv Plus cVV;30.07.2014;-0,0013084511;-1.835,13;0,4594254086;454.534,51;0,000184229;EUR
Muster Defensiv Plus cVV;31.07.2014;-0,0057664801;-8.077,03;0,4512749940;446.457,48;-0,005761390;EUR
Muster Defensiv Plus cVV;01.08.2014;-0,0056237822;-7.831,73;0,4433720253;438.625,75;-0,003222532;EUR
Muster Defensiv Plus cVV;02.08.2014;0,0000355857;49,28;0,4434218368;438.675,03;0;EUR
Muster Defensiv Plus cVV;03.08.2014;0,0000355845;49,28;0,4434716484;438.724,30;0;EUR
Muster Defensiv Plus cVV;04.08.2014;-0,0024241423;-3.357,14;0,4400913396;435.367,17;0,001783137;EUR
Muster Defensiv Plus cVV;05.08.2014;-0,0010294231;-1.422,17;0,4386668346;433.945,00;-0,001493361;EUR
Muster Defensiv Plus cVV;06.08.2014;-0,0025673479;-3.543,19;0,4350980628;430.401,81;-0,000192432;EUR
Muster Defensiv Plus cVV;07.08.2014;-0,0023891181;-3.288,75;0,4317862840;427.113,06;-0,000712460;EUR
Muster Defensiv Plus cVV;08.08.2014;-0,0043838058;-6.020,13;0,4257129462;421.092,94;0,000689450;EUR
Muster Defensiv Plus cVV;09.08.2014;0,0000360421;49,28;0,4257627652;421.142,22;0;EUR
Muster Defensiv Plus cVV;10.08.2014;0,0000360408;49,28;0,4258125842;421.191,49;0;EUR
Muster Defensiv Plus cVV;11.08.2014;0,0066569220;9.102,30;0,4350276629;430.293,79;0,002564252;EUR
Muster Defensiv Plus cVV;12.08.2014;-0,0001241799;-170,93;0,4348677500;430.122,86;0,000486145;EUR
Muster Defensiv Plus cVV;13.08.2014;0,0035348141;4.864,87;0,4397993146;434.987,74;0,000852853;EUR
Muster Defensiv Plus cVV;14.08.2014;0,0025759624;3.557,76;0,4434095443;438.545,50;0,003134994;EUR
Muster Defensiv Plus cVV;15.08.2014;-0,0020554197;-2.846,13;0,4405448536;435.699,37;-0,000411187;EUR
Muster Defensiv Plus cVV;16.08.2014;0,0000356611;49,28;0,4405946800;435.748,65;0;EUR
Muster Defensiv Plus cVV;17.08.2014;0,0000356598;49,28;0,4406445064;435.797,92;0;EUR
Muster Defensiv Plus cVV;18.08.2014;0,0040838330;5.643,65;0,4463640866;441.441,58;0,003495530;EUR
Muster Defensiv Plus cVV;19.08.2014;0,0045834190;6.359,92;0,4528082644;447.801,50;0,002797480;EUR
Muster Defensiv Plus cVV;20.08.2014;0,0004291375;598,20;0,4534264878;448.399,69;0,001140417;EUR
Muster Defensiv Plus cVV;21.08.2014;0,0023610236;3.292,57;0,4567693859;451.692,26;0,001364936;EUR
Muster Defensiv Plus cVV;22.08.2014;-0,0007866955;-1.099,68;0,4556707158;450.592,59;0,000556693;EUR
Muster Defensiv Plus cVV;23.08.2014;0,0000352809;49,28;0,4557205495;450.641,86;0;EUR
Muster Defensiv Plus cVV;24.08.2014;0,0000352796;49,28;0,4557703832;450.691,14;0;EUR
Muster Defensiv Plus cVV;25.08.2014;0,0057058080;7.970,12;0,4638439120;458.661,26;0,004345513;EUR
Muster Defensiv Plus cVV;26.08.2014;0,0043738293;6.144,41;0,4700715067;464.805,67;0,000556529;EUR
Muster Defensiv Plus cVV;27.08.2014;0,0002313473;326,42;0,4704153716;465.132,09;0,000995582;EUR
Muster Defensiv Plus cVV;28.08.2014;-0,0023757599;-3.352,87;0,4670380451;461.779,22;-0,000382367;EUR
Muster Defensiv Plus cVV;29.08.2014;0,0012949089;1.823,14;0,4688956147;463.602,36;0,000811200;EUR
Muster Defensiv Plus cVV;30.08.2014;0,0000349553;49,28;0,4689454556;463.651,64;0;EUR
Muster Defensiv Plus cVV;31.08.2014;0,0000269964;38,06;0,4689839498;463.689,70;0;EUR
Muster Defensiv Plus cVV;01.09.2014;0,0008671223;1.222,50;0,4702340987;464.912,21;0,001570807;EUR
Muster Defensiv Plus cVV;02.09.2014;0,0002381290;333,05;0,4705886430;465.245,26;-0,000741120;EUR
Muster Defensiv Plus cVV;03.09.2014;0,0041160920;5.758,23;0,4764308848;471.003,49;-0,000127995;EUR
Muster Defensiv Plus cVV;04.09.2014;0,0025285829;3.551,94;0,4800417380;474.555,43;0,004085754;EUR
Muster Defensiv Plus cVV;05.09.2014;0,0010421723;1.467,66;0,4815443813;476.023,08;0,002483656;EUR
Muster Defensiv Plus cVV;06.09.2014;0,0000298251;42,05;0,4815869144;476.065,13;0;EUR
Muster Defensiv Plus cVV;07.09.2014;0,0000298242;42,05;0,4816294476;476.107,18;0;EUR
Muster Defensiv Plus cVV;08.09.2014;-0,0004878224;-687,74;0,4809517034;475.419,43;-0,001659251;EUR
Muster Defensiv Plus cVV;09.09.2014;-0,0026878630;-3.787,55;0,4771378875;471.631,88;-0,003066547;EUR
Muster Defensiv Plus cVV;10.09.2014;-0,0021168481;-2.974,90;0,4741459330;468.656,99;-0,000063669;EUR
Muster Defensiv Plus cVV;11.09.2014;-0,0008921078;-1.251,06;0,4728978205;467.405,92;0,000776809;EUR
Muster Defensiv Plus cVV;12.09.2014;-0,0020088381;-2.814,62;0,4700676075;464.591,31;-0,004744128;EUR
Muster Defensiv Plus cVV;13.09.2014;0,0000300689;42,05;0,4701101486;464.633,35;0;EUR
Muster Defensiv Plus cVV;14.09.2014;0,0000300680;42,05;0,4701526896;464.675,40;0;EUR
Muster Defensiv Plus cVV;15.09.2014;-0,0006817499;-953,35;0,4692055228;463.722,05;-0,000883939;EUR
Muster Defensiv Plus cVV;16.09.2014;-0,0010372979;-1.449,55;0,4677561715;462.272,49;0,001647984;EUR
Muster Defensiv Plus cVV;17.09.2014;0,0025716043;3.589,92;0,4714061305;465.862,41;-0,000470243;EUR
Muster Defensiv Plus cVV;18.09.2014;0,0027931698;3.909,25;0,4753794773;469.771,66;0,004051361;EUR
Muster Defensiv Plus cVV;19.09.2014;0,0028401506;3.986,10;0,4794308704;473.757,76;0,000802232;EUR
Muster Defensiv Plus cVV;20.09.2014;0,0000298731;42,05;0,4794734194;473.799,80;0;EUR
Muster Defensiv Plus cVV;21.09.2014;0,0000298722;42,05;0,4795159683;473.841,85;0;EUR
Muster Defensiv Plus cVV;22.09.2014;-0,0017785331;-2.503,38;0,4770002064;471.338,47;-0,000814063;EUR
Muster Defensiv Plus cVV;23.09.2014;-0,0050252541;-7.060,73;0,4698719710;464.277,74;-0,002322939;EUR
Muster Defensiv Plus cVV;24.09.2014;0,0030519830;4.266,64;0,4742074654;468.544,38;0,003187427;EUR
Muster Defensiv Plus cVV;25.09.2014;-0,0022492081;-3.153,96;0,4710326874;465.390,41;-0,002851950;EUR
Muster Defensiv Plus cVV;26.09.2014;-0,0007649020;-1.070,18;0,4699667828;464.320,24;0,003682452;EUR
Muster Defensiv Plus cVV;27.09.2014;0,0000315690;44,13;0,4700114540;464.364,37;0;EUR
Muster Defensiv Plus cVV;28.09.2014;0,0000315680;44,13;0,4700561252;464.408,51;0;EUR
Muster Defensiv Plus cVV;29.09.2014;-0,0026677400;-3.729,82;0,4662980363;460.678,69;-0,001573383;EUR
Muster Defensiv Plus cVV;30.09.2014;0,0049487318;6.900,46;0,4732999915;467.579,15;0,001216715;EUR
Muster Defensiv Plus cVV;01.10.2014;-0,0036321284;-5.089,67;0,4681651659;462.489,48;-0,002955569;EUR
Muster Defensiv Plus cVV;02.10.2014;-0,0065534294;-9.149,90;0,4589197292;453.339,58;-0,003546077;EUR
Muster Defensiv Plus cVV;03.10.2014;0,0010465875;1.451,67;0,4604060530;454.791,25;0,005522810;EUR
Muster Defensiv Plus cVV;04.10.2014;0,0000317857;44,13;0,4604507324;454.835,39;0;EUR
Muster Defensiv Plus cVV;05.10.2014;0,0000317847;44,13;0,4604954118;454.879,52;0;EUR
Muster Defensiv Plus cVV;06.10.2014;0,0012202164;1.694,38;0,4622275414;456.573,90;-0,001579392;EUR
Muster Defensiv Plus cVV;07.10.2014;-0,0042933141;-5.968,93;0,4562012886;450.604,97;-0,005269595;EUR
Muster Defensiv Plus cVV;08.10.2014;-0,0047848314;-6.623,72;0,4495116309;443.981,25;0,001474045;EUR
Muster Defensiv Plus cVV;09.10.2014;0,0015420410;2.124,46;0,4516789341;446.105,71;-0,005011377;EUR
Muster Defensiv Plus cVV;10.10.2014;-0,0061272751;-8.454,52;0,4431348460;437.651,19;-0,003519052;EUR
Muster Defensiv Plus cVV;11.10.2014;0,0000321830;44,13;0,4431795335;437.695,33;0;EUR
Muster Defensiv Plus cVV;12.10.2014;0,0000321819;44,13;0,4432242210;437.739,46;0;EUR
Muster Defensiv Plus cVV;13.10.2014;-0,0011742558;-1.610,43;0,4416095847;436.129,03;-0,004184008;EUR
Muster Defensiv Plus cVV;14.10.2014;0,0001538269;210,72;0,4418389143;436.339,75;-0,000352321;EUR
Muster Defensiv Plus cVV;15.10.2014;-0,0074433306;-10.197,74;0,4315282224;426.142,01;-0,001843811;EUR
Muster Defensiv Plus cVV;16.10.2014;-0,0058376365;-7.938,33;0,4235048199;418.203,68;0,000118557;EUR
Muster Defensiv Plus cVV;17.10.2014;0,0088518698;11.966,97;0,4356391650;430.170,65;-0,001097208;EUR
Muster Defensiv Plus cVV;18.10.2014;0,0000323595;44,13;0,4356838606;430.214,79;0;EUR
Muster Defensiv Plus cVV;19.10.2014;0,0000323584;44,13;0,4357285561;430.258,92;0;EUR
Muster Defensiv Plus cVV;20.10.2014;-0,0004137378;-564,33;0,4351726982;429.694,59;0,003653921;EUR
Muster Defensiv Plus cVV;21.10.2014;0,0066767185;9.103,08;0,4444077807;438.797,67;0,009518505;EUR
Muster Defensiv Plus cVV;22.10.2014;0,0047909225;6.575,58;0,4510836059;445.373,25;-0,000704122;EUR
Muster Defensiv Plus cVV;23.10.2014;0,0016812434;2.318,58;0,4534481460;447.691,83;0,001175191;EUR
Muster Defensiv Plus cVV;24.10.2014;-0,0011044523;-1.525,69;0,4519189960;446.166,14;0,001280309;EUR
Muster Defensiv Plus cVV;25.10.2014;0,0000319844;44,13;0,4519636996;446.210,27;0;EUR
Muster Defensiv Plus cVV;26.10.2014;0,0000319833;44,13;0,4520084031;446.254,40;0;EUR
Muster Defensiv Plus cVV;27.10.2014;-0,0015851753;-2.187,49;0,4498087750;444.066,92;-0,001192864;EUR
Muster Defensiv Plus cVV;28.10.2014;0,0031410046;4.327,61;0,4542085395;448.394,52;0,002621923;EUR
Muster Defensiv Plus cVV;29.10.2014;0,0023847403;3.295,96;0,4575635384;451.690,49;0,000101978;EUR
Muster Defensiv Plus cVV;30.10.2014;0,0017209627;2.384,22;0,4599951288;454.074,71;0,004823383;EUR
Muster Defensiv Plus cVV;31.10.2014;0,0075721693;10.508,55;0,4706574158;464.583,26;0,007335944;EUR
Muster Defensiv Plus cVV;01.11.2014;-0,0017685733;-2.472,99;0,4681520969;462.110,27;0;EUR
Muster Defensiv Plus cVV;02.11.2014;0,0000327864;45,76;0,4681984592;462.156,04;0;EUR
Muster Defensiv Plus cVV;03.11.2014;-0,0014150955;-1.975,29;0,4662138925;460.180,75;0,000787895;EUR
Muster Defensiv Plus cVV;04.11.2014;-0,0013795053;-1.922,88;0,4642822563;458.257,87;-0,002257092;EUR
Muster Defensiv Plus cVV;05.11.2014;-0,0003792485;-527,90;0,4637638296;457.729,97;0,003204345;EUR
Muster Defensiv Plus cVV;06.11.2014;0,0014073549;1.958,25;0,4657643600;459.688,22;0,001479401;EUR
Muster Defensiv Plus cVV;07.11.2014;0,0003501969;487,96;0,4662752362;460.176,19;0,000186288;EUR
Muster Defensiv Plus cVV;08.11.2014;0,0000328319;45,76;0,4663216067;460.221,95;0;EUR
Muster Defensiv Plus cVV;09.11.2014;0,0000328308;45,76;0,4663679772;460.267,71;0;EUR
Muster Defensiv Plus cVV;10.11.2014;0,0022475474;3.133,03;0,4695590919;463.400,75;0,001305409;EUR
Muster Defensiv Plus cVV;11.11.2014;0,0023500438;3.283,27;0,4729026526;466.684,02;-0,000471986;EUR
Muster Defensiv Plus cVV;12.11.2014;-0,0014812432;-2.074,33;0,4708172454;464.609,69;-0,001111019;EUR
Muster Defensiv Plus cVV;13.11.2014;0,0010481234;1.465,61;0,4723190308;466.075,31;0,001219386;EUR
Muster Defensiv Plus cVV;14.11.2014;0,0007776680;1.088,57;0,4734387919;467.163,88;0,001751585;EUR
Muster Defensiv Plus cVV;15.11.2014;0,0000326681;45,76;0,4734851706;467.209,64;0;EUR
Muster Defensiv Plus cVV;16.11.2014;0,0000326671;45,76;0,4735315492;467.255,40;0;EUR
Muster Defensiv Plus cVV;17.11.2014;0,0002056979;288,18;0,4738401980;467.543,58;-0,000990066;EUR
Muster Defensiv Plus cVV;18.11.2014;0,0028436619;3.984,69;0,4778952791;471.528,27;0,001191068;EUR
Muster Defensiv Plus cVV;19.11.2014;0,0000831855;116,90;0,4780304597;471.645,17;-0,002501255;EUR
Muster Defensiv Plus cVV;20.11.2014;0,0007880872;1.107,54;0,4791697223;472.752,71;0,000702670;EUR
Muster Defensiv Plus cVV;21.11.2014;0,0087906605;12.363,75;0,4917184312;485.116,46;0,005628539;EUR
Muster Defensiv Plus cVV;22.11.2014;0,0000322548;45,76;0,4917648180;485.162,22;0;EUR
Muster Defensiv Plus cVV;23.11.2014;0,0000322537;45,76;0,4918112047;485.207,99;0;EUR
Muster Defensiv Plus cVV;24.11.2014;0,0003243844;460,28;0,4922948837;485.668,26;-0,000006526;EUR
Muster Defensiv Plus cVV;25.11.2014;0,0003158451;448,30;0,4927664390;486.116,57;-0,000737854;EUR
Muster Defensiv Plus cVV;26.11.2014;0,0003772694;535,66;0,4933265564;486.652,22;0,000456845;EUR
Muster Defensiv Plus cVV;27.11.2014;0,0014775679;2.098,68;0,4954712076;488.750,91;0,002907268;EUR
Muster Defensiv Plus cVV;28.11.2014;-0,0002327812;-331,12;0,4951526847;488.419,78;-0,002211124;EUR
Muster Defensiv Plus cVV;29.11.2014;0,0000321798;45,76;0,4951990795;488.465,55;0;EUR
Muster Defensiv Plus cVV;30.11.2014;0,0000321788;45,76;0,4952454743;488.511,31;0;EUR
Muster Defensiv Plus cVV;01.12.2014;-0,0020806057;-2.959,08;0,4922626299;485.552,23;-0,002561911;EUR
Muster Defensiv Plus cVV;02.12.2014;0,0011369815;1.613,68;0,4939156737;487.165,90;0,002590043;EUR
Muster Defensiv Plus cVV;03.12.2014;0,0039671068;5.636,77;0,4996477856;492.802,68;0,003189428;EUR
Muster Defensiv Plus cVV;04.12.2014;-0,0037398715;-5.334,98;0,4942557390;487.467,70;-0,003725137;EUR
Muster Defensiv Plus cVV;05.12.2014;0,0047805498;6.794,02;0,5011616138;494.261,71;0,004148239;EUR
Muster Defensiv Plus cVV;06.12.2014;0,0000320482;45,76;0,5012080166;494.307,48;0;EUR
Muster Defensiv Plus cVV;07.12.2014;0,0000320472;45,76;0,5012544194;494.353,24;0;EUR
Muster Defensiv Plus cVV;08.12.2014;-0,0028864847;-4.122,09;0,4970918791;490.231,15;-0,001156382;EUR
Muster Defensiv Plus cVV;09.12.2014;-0,0074410403;-10.595,61;0,4863646837;479.635,54;-0,004157266;EUR
Muster Defensiv Plus cVV;10.12.2014;-0,0032628649;-4.611,56;0,4817049452;475.023,98;-0,004117807;EUR
Muster Defensiv Plus cVV;11.12.2014;0,0008262759;1.164,00;0,4829018598;476.187,99;0,003576474;EUR
Muster Defensiv Plus cVV;12.12.2014;-0,0098965772;-13.953,17;0,4687679919;462.234,81;-0,006779801;EUR
Muster Defensiv Plus cVV;13.12.2014;0,0000327835;45,76;0,4688144027;462.280,58;0;EUR
Muster Defensiv Plus cVV;14.12.2014;0,0000327824;45,76;0,4688608134;462.326,34;0;EUR
Muster Defensiv Plus cVV;15.12.2014;-0,0092263623;-12.880,35;0,4558139899;449.445,99;-0,001936913;EUR
Muster Defensiv Plus cVV;16.12.2014;0,0000346175;47,88;0,4558781052;449.493,88;-0,002691620;EUR
Muster Defensiv Plus cVV;17.12.2014;0,0029491002;4.079,21;0,4600309302;453.573,09;0,007221169;EUR
Muster Defensiv Plus cVV;18.12.2014;0,0142411631;19.756,54;0,4800850985;473.329,63;0,010431323;EUR
Muster Defensiv Plus cVV;19.12.2014;0,0023828422;3.352,76;0,4835021419;476.682,38;0,001944084;EUR
Muster Defensiv Plus cVV;20.12.2014;0,0000262267;36,99;0,4835396611;476.719,37;0;EUR
Muster Defensiv Plus cVV;21.12.2014;0,0000262260;36,99;0,4835771803;476.756,36;0;EUR
Muster Defensiv Plus cVV;22.12.2014;0,0021933151;3.093,60;0,4867315643;479.849,96;0,002795467;EUR
Muster Defensiv Plus cVV;23.12.2014;0,0034106142;4.821,11;0,4916384870;484.671,07;0,002006044;EUR
Muster Defensiv Plus cVV;24.12.2014;-0,0000347566;-49,30;0,4916051294;484.621,77;0,000057371;EUR
Muster Defensiv Plus cVV;25.12.2014;-0,0000035390;-5,02;0,4916166664;484.616,75;-0,000089310;EUR
Muster Defensiv Plus cVV;26.12.2014;0,0002298165;325,96;0,4919639495;484.942,71;0,001285040;EUR
Muster Defensiv Plus cVV;27.12.2014;0,0000260740;36,99;0,4920014751;484.979,70;0;EUR
Muster Defensiv Plus cVV;28.12.2014;0,0000260733;36,99;0,4920390006;485.016,69;0;EUR
Muster Defensiv Plus cVV;29.12.2014;0,0011086059;1.572,81;0,4936512385;486.589,50;0,000604503;EUR
Muster Defensiv Plus cVV;30.12.2014;-0,0042495964;-6.035,70;0,4875443694;480.553,80;-0,000868372;EUR
Muster Defensiv Plus cVV;31.12.2014;0,0008054718;1.139,15;0,4887165395;481.692,95;-0,000467094;EUR
Muster Defensiv Plus cVV;01.01.2015;0,0000822918;116,48;0,4888511467;481.809,42;0,000001456;EUR
Muster Defensiv Plus cVV;02.01.2015;0,0010501615;1.486,53;0,4903758610;483.295,95;0,001865853;EUR
Muster Defensiv Plus cVV;03.01.2015;0,0000261043;36,99;0,4904133929;483.332,94;0;EUR
Muster Defensiv Plus cVV;04.01.2015;0,0000261036;36,99;0,4904509247;483.369,93;0;EUR
Muster Defensiv Plus cVV;05.01.2015;-0,0072810082;-10.317,78;0,4799980940;473.052,15;-0,004577371;EUR
Muster Defensiv Plus cVV;06.01.2015;-0,0032616212;-4.588,33;0,4753583135;468.463,82;-0,002584587;EUR
Muster Defensiv Plus cVV;07.01.2015;0,0033434468;4.688,10;0,4801314660;473.151,92;0,005307471;EUR
Muster Defensiv Plus cVV;08.01.2015;0,0139316364;19.599,90;0,5000371957;492.751,82;0,006452819;EUR
Muster Defensiv Plus cVV;09.01.2015;-0,0060469951;-8.625,81;0,4913002408;484.126,01;-0,003438683;EUR
Muster Defensiv Plus cVV;10.01.2015;0,0000260890;36,99;0,4913377790;484.163,00;0;EUR
Muster Defensiv Plus cVV;11.01.2015;0,0000260883;36,99;0,4913753171;484.199,99;0;EUR
Muster Defensiv Plus cVV;12.01.2015;0,0041045389;5.819,87;0,4972980045;490.019,86;-0,001121669;EUR
Muster Defensiv Plus cVV;13.01.2015;0,0062662734;8.921,49;0,5063688539;498.941,35;0,002118343;EUR
Muster Defensiv Plus cVV;14.01.2015;-0,0043455504;-6.225,66;0,5000671352;492.715,68;-0,002597038;EUR
Muster Defensiv Plus cVV;15.01.2015;0,0184735334;26.351,14;0,5268289347;519.066,82;0,006180170;EUR
Muster Defensiv Plus cVV;16.01.2015;0,0018662275;2.711,21;0,5295982536;521.778,04;0,006339326;EUR
Muster Defensiv Plus cVV;17.01.2015;0,0000254141;36,99;0,5296357979;521.815,03;0;EUR
Muster Defensiv Plus cVV;18.01.2015;0,0000254135;36,99;0,5296733423;521.852,02;0;EUR
Muster Defensiv Plus cVV;19.01.2015;0,0023103051;3.362,79;0,5331041933;525.214,81;-0,004882953;EUR
Muster Defensiv Plus cVV;20.01.2015;0,0044931114;6.555,12;0,5397756306;531.769,93;0,004768231;EUR
Muster Defensiv Plus cVV;21.01.2015;-0,0004609924;-675,58;0,5391076951;531.094,35;0,000230586;EUR
Muster Defensiv Plus cVV;22.01.2015;0,0089635077;13.129,79;0,5524538259;544.224,15;0,007949007;EUR
Muster Defensiv Plus cVV;23.01.2015;0,0140273700;20.731,54;0,5735177701;564.955,69;0,007719855;EUR
Muster Defensiv Plus cVV;24.01.2015;0,0000246819;36,99;0,5735553207;564.992,68;0;EUR
Muster Defensiv Plus cVV;25.01.2015;0,0000246813;36,99;0,5735928712;565.029,67;0;EUR
Muster Defensiv Plus cVV;26.01.2015;0,0001190037;178,36;0,5737928167;565.208,03;0,001261786;EUR
Muster Defensiv Plus cVV;27.01.2015;-0,0046899142;-7.029,80;0,5666748707;558.178,23;-0,009443306;EUR
Muster Defensiv Plus cVV;28.01.2015;-0,0003582461;-534,46;0,5661508609;557.643,76;-0,000931950;EUR
Muster Defensiv Plus cVV;29.01.2015;-0,0038747408;-5.778,61;0,5603024670;551.865,15;0,001312503;EUR
Muster Defensiv Plus cVV;30.01.2015;-0,0002332936;-346,58;0,5599689343;551.518,57;-0,001713153;EUR
Muster Defensiv Plus cVV;31.01.2015;0,0000173085;25,71;0,5599950352;551.544,28;0;EUR
Muster Defensiv Plus cVV;01.02.2015;0,0000248616;36,93;0,5600325268;551.581,21;0;EUR
Muster Defensiv Plus cVV;02.02.2015;0,0012177501;1.808,71;0,5618873363;553.389,92;0,002461953;EUR
Muster Defensiv Plus cVV;03.02.2015;0,0009820350;1.460,39;0,5633885541;554.850,31;0,000818945;EUR
Muster Defensiv Plus cVV;04.02.2015;0,0042429023;6.315,82;0,5698201603;561.166,13;0,000532171;EUR
Muster Defensiv Plus cVV;05.02.2015;-0,0019717911;-2.947,59;0,5668455942;558.218,54;0,002223457;EUR
Muster Defensiv Plus cVV;06.02.2015;0,0014234391;2.123,67;0,5690206097;560.342,21;0,001391698;EUR
Muster Defensiv Plus cVV;07.02.2015;0,0000247152;36,93;0,5690581074;560.379,14;0;EUR
Muster Defensiv Plus cVV;08.02.2015;0,0000247146;36,93;0,5690956051;560.416,06;0;EUR
Muster Defensiv Plus cVV;09.02.2015;-0,0034583063;-5.167,15;0,5638667626;555.248,91;-0,000514851;EUR
Muster Defensiv Plus cVV;10.02.2015;0,0019432115;2.893,36;0,5668234411;558.142,28;0,002210498;EUR
Muster Defensiv Plus cVV;11.02.2015;-0,0018883750;-2.817,18;0,5639807378;555.325,10;-0,000543199;EUR
Muster Defensiv Plus cVV;12.02.2015;0,0041964702;6.248,70;0,5703453062;561.573,80;0,002292071;EUR
Muster Defensiv Plus cVV;13.02.2015;0,0022722921;3.397,72;0,5738146673;564.971,52;0,001750173;EUR
Muster Defensiv Plus cVV;14.02.2015;0,0000246388;36,93;0,5738521711;565.008,45;0;EUR
Muster Defensiv Plus cVV;15.02.2015;0,0000246382;36,93;0,5738896749;565.045,37;0;EUR
Muster Defensiv Plus cVV;16.02.2015;0,0006902096;1.034,46;0,5749589033;566.079,83;0,000477351;EUR
Muster Defensiv Plus cVV;17.02.2015;-0,0010960292;-1.643,81;0,5733078099;564.436,01;0,000749122;EUR
Muster Defensiv Plus cVV;18.02.2015;0,0024856926;3.723,93;0,5771088805;568.159,95;0,001824693;EUR
Muster Defensiv Plus cVV;19.02.2015;0,0022564693;3.388,93;0,5805698779;571.548,87;-0,001548162;EUR
Muster Defensiv Plus cVV;20.02.2015;0,0014731588;2.217,49;0,5828411084;573.766,36;0,002477058;EUR
Muster Defensiv Plus cVV;21.02.2015;0,0000244951;36,93;0,5828786182;573.803,28;0;EUR
Muster Defensiv Plus cVV;22.02.2015;0,0000244945;36,93;0,5829161280;573.840,21;0;EUR
Muster Defensiv Plus cVV;23.02.2015;0,0018954237;2.857,45;0,5858375874;576.697,66;0,003291394;EUR
Muster Defensiv Plus cVV;24.02.2015;0,0023432274;3.539,23;0,5894518213;580.236,89;-0,001775394;EUR
Muster Defensiv Plus cVV;25.02.2015;0,0012138444;1.837,70;0,5913376516;582.074,59;0,001272333;EUR
Muster Defensiv Plus cVV;26.02.2015;0,0081604418;12.369,48;0,6039233064;594.444,07;0,004273717;EUR
Muster Defensiv Plus cVV;27.02.2015;0,0022749706;3.476,51;0,6074746700;597.920,58;-0,001239643;EUR
Muster Defensiv Plus cVV;28.02.2015;0,0000241088;36,93;0,6075121858;597.957,50;0;EUR
Muster Defensiv Plus cVV;01.03.2015;0,0000390797;59,36;0,6075724977;598.016,87;0;EUR
Muster Defensiv Plus cVV;02.03.2015;0,0001312708;199,41;0,6077993512;598.216,28;0,001500202;EUR
Muster Defensiv Plus cVV;03.03.2015;-0,0026559192;-4.035,11;0,6037236639;594.181,17;-0,001673862;EUR
Muster Defensiv Plus cVV;04.03.2015;0,0038155433;5.781,52;0,6096223030;599.962,69;0,001848695;EUR
Muster Defensiv Plus cVV;05.03.2015;0,0025046687;3.809,69;0,6135177268;603.772,38;0,001034638;EUR
Muster Defensiv Plus cVV;06.03.2015;0,0040098217;6.114,36;0,6197553903;609.886,74;0,001908209;EUR
Muster Defensiv Plus cVV;07.03.2015;0,0000241194;36,93;0,6197929136;609.923,66;0;EUR
Muster Defensiv Plus cVV;08.03.2015;0,0000241188;36,93;0,6198304369;609.960,59;0;EUR
Muster Defensiv Plus cVV;09.03.2015;-0,0010681825;-1.635,42;0,6181930721;608.325,16;0,000117036;EUR
Muster Defensiv Plus cVV;10.03.2015;0,0002492602;381,22;0,6186049830;608.706,38;0,000189985;EUR
Muster Defensiv Plus cVV;11.03.2015;0,0066988564;10.247,77;0,6290442968;618.954,16;0,004777927;EUR
Muster Defensiv Plus cVV;12.03.2015;0,0006017451;926,70;0,6300110089;619.880,86;0,002818837;EUR
Muster Defensiv Plus cVV;13.03.2015;0,0029013643;4.470,87;0,6345799934;624.351,73;0,000711673;EUR
Muster Defensiv Plus cVV;14.03.2015;0,0000238936;36,93;0,6346175242;624.388,66;0;EUR
Muster Defensiv Plus cVV;15.03.2015;0,0000238931;36,93;0,6346550549;624.425,58;0;EUR
Muster Defensiv Plus cVV;16.03.2015;0,0007513415;1.161,20;0,6358603475;625.586,78;0,001361950;EUR
Muster Defensiv Plus cVV;17.03.2015;-0,0029015093;-4.487,65;0,6313238646;621.099,13;-0,002240306;EUR
Muster Defensiv Plus cVV;18.03.2015;-0,0010920640;-1.684,15;0,6296367560;619.414,98;0,002838287;EUR
Muster Defensiv Plus cVV;19.03.2015;0,0062813154;9.676,29;0,6394978557;629.091,27;0,001872103;EUR
Muster Defensiv Plus cVV;20.03.2015;0,0003906084;605,51;0,6401384998;629.696,78;-0,000833522;EUR
Muster Defensiv Plus cVV;21.03.2015;0,0000194872;30,22;0,6401692211;629.727,00;0;EUR
Muster Defensiv Plus cVV;22.03.2015;0,0000194868;30,22;0,6401999424;629.757,22;0;EUR
Muster Defensiv Plus cVV;23.03.2015;-0,0041175185;-6.385,57;0,6337333217;623.371,65;-0,003672181;EUR
Muster Defensiv Plus cVV;24.03.2015;0,0019327568;2.985,04;0,6367929052;626.356,69;-0,001388754;EUR
Muster Defensiv Plus cVV;25.03.2015;-0,0044193787;-6.838,68;0,6298649101;619.518,01;-0,002979671;EUR
Muster Defensiv Plus cVV;26.03.2015;-0,0017991771;-2.771,80;0,6270713106;616.746,21;-0,002904417;EUR
Muster Defensiv Plus cVV;27.03.2015;0,0009442264;1.452,05;0,6285721897;618.198,26;0,001078657;EUR
Muster Defensiv Plus cVV;28.03.2015;0,0000267595;41,19;0,6286140710;618.239,45;0;EUR
Muster Defensiv Plus cVV;29.03.2015;0,0000267588;41,19;0,6286559524;618.280,64;0;EUR
Muster Defensiv Plus cVV;30.03.2015;0,0050479605;7.770,60;0,6365817512;626.051,24;0,005350262;EUR
Muster Defensiv Plus cVV;31.03.2015;0,0005100326;789,08;0,6374089138;626.840,32;-0,000948522;EUR
Muster Defensiv Plus cVV;01.04.2015;0,0015005297;2.322,69;0,6397956339;629.163,01;-0,000409933;EUR
Muster Defensiv Plus cVV;02.04.2015;-0,0018200121;-2.821,45;0,6369512325;626.341,56;-0,001891057;EUR
Muster Defensiv Plus cVV;03.04.2015;-0,0000303442;-46,96;0,6369281808;626.294,61;0,000182948;EUR
Muster Defensiv Plus cVV;04.04.2015;0,0000266195;41,19;0,6369700703;626.335,80;0;EUR
Muster Defensiv Plus cVV;05.04.2015;0,0000266188;41,19;0,6370119598;626.376,99;0;EUR
Muster Defensiv Plus cVV;06.04.2015;-0,0003459219;-535,30;0,6364922269;625.841,69;-0,001983032;EUR
Muster Defensiv Plus cVV;07.04.2015;0,0081857558;12.662,67;0,6493955110;638.504,36;0,005403761;EUR
Muster Defensiv Plus cVV;08.04.2015;0,0007239346;1.129,03;0,6505689398;639.633,39;0,003450055;EUR
Muster Defensiv Plus cVV;09.04.2015;0,0052850590;8.248,43;0,6589838203;647.881,82;0,005165192;EUR
Muster Defensiv Plus cVV;10.04.2015;0,0069475020;10.900,32;0,6700967574;658.782,14;0,003175205;EUR
Muster Defensiv Plus cVV;11.04.2015;0,0000260721;41,19;0,6701386550;658.823,33;0;EUR
Muster Defensiv Plus cVV;12.04.2015;0,0000260714;41,19;0,6701805525;658.864,52;0;EUR
Muster Defensiv Plus cVV;13.04.2015;0,0004922852;777,78;0,6709975267;659.642,30;0,000047528;EUR
Muster Defensiv Plus cVV;14.04.2015;-0,0036110081;-5.707,98;0,6652168741;653.934,32;-0,001826618;EUR
Muster Defensiv Plus cVV;15.04.2015;0,0023580274;3.713,91;0,6690205616;657.648,23;0,003512612;EUR
Muster Defensiv Plus cVV;16.04.2015;-0,0038333151;-6.051,74;0,6628896083;651.596,50;-0,001525506;EUR
Muster Defensiv Plus cVV;17.04.2015;-0,0081772838;-12.860,17;0,6498314579;638.736,33;-0,005302763;EUR
Muster Defensiv Plus cVV;18.04.2015;0,0000297883;46,46;0,6498787291;638.782,79;0;EUR
Muster Defensiv Plus cVV;19.04.2015;0,0000297874;46,46;0,6499260003;638.829,26;0;EUR
Muster Defensiv Plus cVV;20.04.2015;0,0026716816;4.167,56;0,6541909963;642.996,82;0,002418516;EUR
Muster Defensiv Plus cVV;21.04.2015;0,0016991822;2.657,64;0,6569200196;645.654,46;0,001194210;EUR
Muster Defensiv Plus cVV;22.04.2015;-0,0003599676;-563,97;0,6563712727;645.090,49;0,000594595;EUR
Muster Defensiv Plus cVV;23.04.2015;-0,0015252956;-2.388,86;0,6539655790;642.701,63;-0,002684632;EUR
Muster Defensiv Plus cVV;24.04.2015;-0,0005296551;-828,26;0,6531476846;641.873,36;-0,000839571;EUR
Muster Defensiv Plus cVV;25.04.2015;0,0000297285;46,46;0,6531949648;641.919,83;0;EUR
Muster Defensiv Plus cVV;26.04.2015;0,0000297276;46,46;0,6532422451;641.966,29;0;EUR
Muster Defensiv Plus cVV;27.04.2015;0,0047197732;7.377,19;0,6607741600;649.343,49;-0,000032094;EUR
Muster Defensiv Plus cVV;28.04.2015;-0,0055204275;-8.669,37;0,6519769570;640.674,11;-0,001574679;EUR
Muster Defensiv Plus cVV;29.04.2015;-0,0104182250;-16.270,64;0,6354433952;624.403,48;-0,009216990;EUR
Muster Defensiv Plus cVV;30.04.2015;-0,0075104375;-11.607,21;0,6236546118;612.796,27;-0,007841547;EUR
Muster Defensiv Plus cVV;01.05.2015;-0,0016792949;-2.575,82;0,6210566724;610.220,45;0,001238575;EUR
Muster Defensiv Plus cVV;02.05.2015;0,0000303430;46,46;0,6211039617;610.266,91;0;EUR
Muster Defensiv Plus cVV;03.05.2015;0,0000303421;46,46;0,6211512509;610.313,38;0;EUR
Muster Defensiv Plus cVV;04.05.2015;0,0030802688;4.717,08;0,6259757795;615.030,46;0,001711907;EUR
Muster Defensiv Plus cVV;05.05.2015;-0,0036133326;-5.550,45;0,6203499876;609.480,01;-0,005162098;EUR
Muster Defensiv Plus cVV;06.05.2015;-0,0070113572;-10.731,26;0,6094503422;598.748,75;-0,007252480;EUR
Muster Defensiv Plus cVV;07.05.2015;-0,0020995070;-3.190,88;0,6062252864;595.557,87;-0,001033198;EUR
Muster Defensiv Plus cVV;08.05.2015;0,0106604554;16.167,98;0,6227063079;611.725,85;0,008381918;EUR
Muster Defensiv Plus cVV;09.05.2015;0,0000303132;46,46;0,6227536061;611.772,32;0;EUR
Muster Defensiv Plus cVV;10.05.2015;0,0000303123;46,46;0,6228009042;611.818,78;0;EUR
Muster Defensiv Plus cVV;11.05.2015;0,0007861837;1.205,13;0,6240511411;613.023,92;0,000787193;EUR
Muster Defensiv Plus cVV;12.05.2015;-0,0066612340;-10.218,98;0,6136713913;602.804,93;-0,004045837;EUR
Muster Defensiv Plus cVV;13.05.2015;-0,0005883650;-896,60;0,6127816245;601.908,34;-0,003312314;EUR
Muster Defensiv Plus cVV;14.05.2015;0,0008145355;1.240,52;0,6140675706;603.148,86;-0,000068222;EUR
Muster Defensiv Plus cVV;15.05.2015;0,0003631286;553,49;0,6146540878;603.702,35;0,000399560;EUR
Muster Defensiv Plus cVV;16.05.2015;0,0000327090;49,87;0,6147048665;603.752,22;0;EUR
Muster Defensiv Plus cVV;17.05.2015;0,0000327080;49,87;0,6147556453;603.802,10;0;EUR
Muster Defensiv Plus cVV;18.05.2015;0,0039110605;5.963,88;0,6208509299;609.765,98;0,003065235;EUR
Muster Defensiv Plus cVV;19.05.2015;0,0082727795;12.664,30;0,6337691201;622.430,27;0,008951531;EUR
Muster Defensiv Plus cVV;20.05.2015;0,0022709310;3.505,19;0,6373619404;625.935,46;-0,000429441;EUR
Muster Defensiv Plus cVV;21.05.2015;0,0000223375;34,56;0,6374208778;625.970,02;-0,000401211;EUR
Muster Defensiv Plus cVV;22.05.2015;0,0017824874;2.757,59;0,6402527357;628.727,61;0,005045982;EUR
Muster Defensiv Plus cVV;23.05.2015;0,0000317533;49,21;0,6403028492;628.776,82;0;EUR
Muster Defensiv Plus cVV;24.05.2015;0,0000317523;49,21;0,6403529627;628.826,03;0;EUR
Muster Defensiv Plus cVV;25.05.2015;-0,0002914530;-451,72;0,6399167473;628.374,31;0,000061175;EUR
Muster Defensiv Plus cVV;26.05.2015;0,0001410716;218,58;0,6401631150;628.592,89;-0,001616538;EUR
Muster Defensiv Plus cVV;27.05.2015;0,0030069995;4.659,85;0,6449326511;633.252,73;0,005697559;EUR
Muster Defensiv Plus cVV;28.05.2015;-0,0012944140;-2.011,94;0,6429074168;631.240,79;-0,004125901;EUR
Muster Defensiv Plus cVV;29.05.2015;-0,0066090937;-10.259,39;0,6324818151;620.981,40;-0,000715971;EUR
Muster Defensiv Plus cVV;30.05.2015;0,0000319129;49,21;0,6325319379;621.030,61;0;EUR
Muster Defensiv Plus cVV;31.05.2015;0,0000284421;43,86;0,6325766108;621.074,48;0;EUR
Muster Defensiv Plus cVV;01.06.2015;0,0012890727;1.987,94;0,6346248225;623.062,42;0,002314732;EUR
Muster Defensiv Plus cVV;02.06.2015;-0,0095743351;-14.784,07;0,6195892679;608.278,34;-0,008887879;EUR
Muster Defensiv Plus cVV;03.06.2015;-0,0034933546;-5.342,57;0,6141700015;602.935,77;-0,004714070;EUR
Muster Defensiv Plus cVV;04.06.2015;-0,0048593209;-7.405,65;0,6066487089;595.530,12;-0,008735987;EUR
Muster Defensiv Plus cVV;05.06.2015;-0,0015092466;-2.288,93;0,6043392782;593.241,20;0,004111821;EUR
Muster Defensiv Plus cVV;06.06.2015;0,0000324975;49,21;0,6043894102;593.290,41;0;EUR
Muster Defensiv Plus cVV;07.06.2015;0,0000324964;49,21;0,6044395422;593.339,62;0;EUR
Muster Defensiv Plus cVV;08.06.2015;-0,0060348088;-9.139,19;0,5951512466;584.200,43;-0,004577109;EUR
Muster Defensiv Plus cVV;09.06.2015;-0,0057563339;-8.664,86;0,5863454861;575.535,57;-0,001694666;EUR
Muster Defensiv Plus cVV;10.06.2015;0,0059552434;8.912,67;0,5954473873;584.448,24;0,000173483;EUR
Muster Defensiv Plus cVV;11.06.2015;0,0051751589;7.791,31;0,6034074271;592.239,55;0,003091402;EUR
Muster Defensiv Plus cVV;12.06.2015;-0,0030016450;-4.542,43;0,5988012441;587.697,12;-0,000927428;EUR
Muster Defensiv Plus cVV;13.06.2015;0,0000326169;49,21;0,5988513853;587.746,33;0;EUR
Muster Defensiv Plus cVV;14.06.2015;0,0000326158;49,21;0,5989015265;587.795,55;0;EUR
Muster Defensiv Plus cVV;15.06.2015;-0,0072815148;-10.986,85;0,5877285585;576.808,69;-0,000030117;EUR
Muster Defensiv Plus cVV;16.06.2015;-0,0000308814;-46,26;0,5877028726;576.762,44;0,002951227;EUR
Muster Defensiv Plus cVV;17.06.2015;-0,0007641501;-1.144,57;0,5865579703;575.617,87;-0,000867320;EUR
Muster Defensiv Plus cVV;18.06.2015;-0,0001892344;-283,23;0,5862907078;575.334,64;0,000833368;EUR
Muster Defensiv Plus cVV;19.06.2015;0,0004272929;639,40;0,5869636343;575.974,05;-0,000401428;EUR
Muster Defensiv Plus cVV;20.06.2015;0,0000328723;49,21;0,5870137846;576.023,26;0;EUR
Muster Defensiv Plus cVV;21.06.2015;0,0000328712;49,21;0,5870639349;576.072,47;0;EUR
Muster Defensiv Plus cVV;22.06.2015;0,0097503063;14.597,63;0,6019619546;590.670,10;0,001227433;EUR
Muster Defensiv Plus cVV;23.06.2015;0,0077937688;11.782,18;0,6139916514;602.452,28;0,005440822;EUR
Muster Defensiv Plus cVV;24.06.2015;-0,0019282382;-2.937,72;0,6110198063;599.514,56;-0,001721760;EUR
Muster Defensiv Plus cVV;25.06.2015;-0,0015134150;-2.301,28;0,6086963967;597.213,28;-0,000837803;EUR
Muster Defensiv Plus cVV;26.06.2015;-0,0016803680;-2.551,28;0,6061179772;594.662,00;0,000440874;EUR
Muster Defensiv Plus cVV;27.06.2015;0,0000324670;49,21;0,6061681366;594.711,21;0;EUR
Muster Defensiv Plus cVV;28.06.2015;0,0000324659;49,21;0,6062182960;594.760,42;0;EUR
Muster Defensiv Plus cVV;29.06.2015;-0,0142067491;-21.535,07;0,5842894618;573.225,35;-0,006187904;EUR
Muster Defensiv Plus cVV;30.06.2015;-0,0034271488;-5.121,18;0,5790903224;568.104,17;-0,000037864;EUR
Muster Defensiv Plus cVV;01.07.2015;0,0075635710;11.263,50;0,5905929209;579.367,67;0,003746177;EUR
Muster Defensiv Plus cVV;02.07.2015;0,0000199914;30,00;0,5906447573;579.397,66;-0,000533069;EUR
Muster Defensiv Plus cVV;03.07.2015;-0,0012284147;-1.843,20;0,5887869451;577.554,46;0,000855663;EUR
Muster Defensiv Plus cVV;04.07.2015;0,0000328376;49,21;0,5888371136;577.603,67;0;EUR
Muster Defensiv Plus cVV;05.07.2015;0,0000328365;49,21;0,5888872820;577.652,88;0;EUR
Muster Defensiv Plus cVV;06.07.2015;-0,0046523221;-6.972,56;0,5818000131;570.680,33;-0,000700261;EUR
Muster Defensiv Plus cVV;07.07.2015;-0,0046720603;-6.969,56;0,5747152634;563.710,76;0,003594034;EUR
Muster Defensiv Plus cVV;08.07.2015;-0,0020597809;-3.058,33;0,5716177109;560.652,43;-0,006480403;EUR
Muster Defensiv Plus cVV;09.07.2015;0,0066391846;9.837,45;0,5816683807;570.489,88;0,001598336;EUR
Muster Defensiv Plus cVV;10.07.2015;0,0049974458;7.454,01;0,5892895111;577.943,89;-0,001376333;EUR
Muster Defensiv Plus cVV;11.07.2015;0,0000328291;49,21;0,5893396885;577.993,10;0;EUR
Muster Defensiv Plus cVV;12.07.2015;0,0000328280;49,21;0,5893898659;578.042,31;0;EUR
Muster Defensiv Plus cVV;13.07.2015;0,0106070170;15.901,15;0,6056247923;593.943,46;0,006315862;EUR
Muster Defensiv Plus cVV;14.07.2015;0,0033510040;5.076,83;0,6108232537;599.020,29;0,003478672;EUR
Muster Defensiv Plus cVV;15.07.2015;0,0026635201;4.048,80;0,6149737394;603.069,09;0,002088565;EUR
Muster Defensiv Plus cVV;16.07.2015;0,0085693658;13.060,93;0,6283148570;616.130,02;0,004970640;EUR
Muster Defensiv Plus cVV;17.07.2015;0,0001443842;221,95;0,6285635365;616.351,97;0,002274201;EUR
Muster Defensiv Plus cVV;18.07.2015;0,0000302715;46,54;0,6286109987;616.398,51;0;EUR
Muster Defensiv Plus cVV;19.07.2015;0,0000302706;46,54;0,6286584609;616.445,05;0;EUR
Muster Defensiv Plus cVV;20.07.2015;0,0013481917;2.072,87;0,6307947957;618.517,92;0,000699703;EUR
Muster Defensiv Plus cVV;21.07.2015;-0,0050833500;-7.826,28;0,6228352601;610.691,64;-0,002665222;EUR
Muster Defensiv Plus cVV;22.07.2015;-0,0040290959;-6.171,63;0,6165627503;604.520,01;-0,001754330;EUR
Muster Defensiv Plus cVV;23.07.2015;-0,0027969945;-4.267,08;0,6122323322;600.252,93;-0,002176733;EUR
Muster Defensiv Plus cVV;24.07.2015;-0,0053308204;-8.109,92;0,6039819104;592.143,01;-0,003082324;EUR
Muster Defensiv Plus cVV;25.07.2015;0,0000307558;46,54;0,6040293810;592.189,55;0;EUR
Muster Defensiv Plus cVV;26.07.2015;0,0000307548;46,54;0,6040768516;592.236,10;0;EUR
Muster Defensiv Plus cVV;27.07.2015;-0,0123171675;-18.639,69;0,5850851524;573.596,41;-0,005602251;EUR
Muster Defensiv Plus cVV;28.07.2015;0,0046994142;6.961,36;0,5922115323;580.557,77;0,003896607;EUR
Muster Defensiv Plus cVV;29.07.2015;0,0032594754;4.851,04;0,5971857152;585.408,81;0,003274849;EUR
Muster Defensiv Plus cVV;30.07.2015;0,0054727077;8.171,51;0,6055477165;593.580,32;0,003590663;EUR
Muster Defensiv Plus cVV;31.07.2015;0,0001784008;267,83;0,6058470362;593.848,15;-0,002135549;EUR
Muster Defensiv Plus cVV;01.08.2015;0,0000309942;46,54;0,6058945167;593.894,69;0;EUR
Muster Defensiv Plus cVV;02.08.2015;0,0000309932;46,54;0,6059419972;593.941,24;0;EUR
Muster Defensiv Plus cVV;03.08.2015;0,0032455367;4.873,73;0,6109404751;598.814,96;0,001387736;EUR
Muster Defensiv Plus cVV;04.08.2015;-0,0001827568;-275,33;0,6106858031;598.539,63;0,001068267;EUR
Muster Defensiv Plus cVV;05.08.2015;0,0045333800;6.828,49;0,6176793699;605.368,12;0,000068861;EUR
Muster Defensiv Plus cVV;06.08.2015;-0,0014602878;-2.209,56;0,6154512564;603.158,56;-0,004744162;EUR
Muster Defensiv Plus cVV;07.08.2015;-0,0033347753;-5.038,47;0,6103362286;598.120,09;-0,001561380;EUR
Muster Defensiv Plus cVV;08.08.2015;0,0000309062;46,54;0,6103837193;598.166,63;0;EUR
Muster Defensiv Plus cVV;09.08.2015;0,0000309053;46,54;0,6104312100;598.213,17;0;EUR
Muster Defensiv Plus cVV;10.08.2015;0,0021861872;3.292,27;0,6138169763;601.505,44;0,006785283;EUR
Muster Defensiv Plus cVV;11.08.2015;-0,0081085525;-12.237,71;0,6013544739;589.267,73;-0,004760070;EUR
Muster Defensiv Plus cVV;12.08.2015;-0,0133878496;-20.041,58;0,5809266054;569.226,16;-0,004659344;EUR
Muster Defensiv Plus cVV;13.08.2015;0,0031974449;4.722,48;0,5857711290;573.948,64;0,001926916;EUR
Muster Defensiv Plus cVV;14.08.2015;-0,0009683850;-1.434,84;0,5843316173;572.513,81;0,000867724;EUR
Muster Defensiv Plus cVV;15.08.2015;0,0000314409;46,54;0,5843791181;572.560,35;0;EUR
Muster Defensiv Plus cVV;16.08.2015;0,0000314399;46,54;0,5844266190;572.606,89;0;EUR
Muster Defensiv Plus cVV;17.08.2015;0,0012966050;1.919,41;0,5864105908;574.526,30;0,002158010;EUR
Muster Defensiv Plus cVV;18.08.2015;0,0007306436;1.083,00;0,5875409537;575.609,30;0,000365737;EUR
Muster Defensiv Plus cVV;19.08.2015;-0,0080254175;-11.904,41;0,5754141933;563.704,89;-0,004476873;EUR
Muster Defensiv Plus cVV;20.08.2015;-0,0109075961;-16.049,81;0,5590546891;547.655,07;-0,011912249;EUR
Muster Defensiv Plus cVV;21.08.2015;-0,0152711112;-22.225,34;0,5363894305;525.429,73;-0,012308598;EUR
Muster Defensiv Plus cVV;22.08.2015;0,0000324738;46,54;0,5364369414;525.476,27;0;EUR
Muster Defensiv Plus cVV;23.08.2015;0,0000324727;46,54;0,5364844523;525.522,81;0;EUR
Muster Defensiv Plus cVV;24.08.2015;-0,0247610796;-35.488,88;0,5002764860;490.033,93;-0,020630613;EUR
Muster Defensiv Plus cVV;25.08.2015;0,0076737072;10.726,03;0,5112483052;500.759,96;0,002030264;EUR
Muster Defensiv Plus cVV;26.08.2015;-0,0016452144;-2.317,27;0,5089039784;498.442,69;0,008722228;EUR
Muster Defensiv Plus cVV;27.08.2015;0,0128326436;18.044,91;0,5273498416;516.487,60;0,010781317;EUR
Muster Defensiv Plus cVV;28.08.2015;0,0058149784;8.281,79;0,5358283698;524.769,39;0,001105002;EUR
Muster Defensiv Plus cVV;29.08.2015;0,0000324888;46,54;0,5358758907;524.815,93;0;EUR
Muster Defensiv Plus cVV;30.08.2015;0,0000324877;46,54;0,5359234116;524.862,47;0;EUR
Muster Defensiv Plus cVV;31.08.2015;-0,0022029053;-3.155,86;0,5327234461;521.706,61;0,000096014;EUR
Muster Defensiv Plus cVV;01.09.2015;-0,0083482935;-11.933,35;0,5205599671;509.773,26;-0,013036028;EUR
Muster Defensiv Plus cVV;02.09.2015;-0,0011268328;-1.597,29;0,5189506583;508.175,97;0,002164604;EUR
Muster Defensiv Plus cVV;03.09.2015;0,0076183014;10.786,80;0,5299883799;518.962,76;0,005559943;EUR
Muster Defensiv Plus cVV;04.09.2015;-0,0066104028;-9.431,01;0,5203787920;509.531,75;-0,004310506;EUR
Muster Defensiv Plus cVV;05.09.2015;0,0000328381;46,54;0,5204263229;509.578,29;0;EUR
Muster Defensiv Plus cVV;06.09.2015;0,0000328370;46,54;0,5204738538;509.624,83;0;EUR
Muster Defensiv Plus cVV;07.09.2015;-0,0007034845;-997,09;0,5194772688;508.627,75;0,000328845;EUR
Muster Defensiv Plus cVV;08.09.2015;0,0026527689;3.757,27;0,5233365492;512.385,01;0,005087273;EUR
Muster Defensiv Plus cVV;09.09.2015;0,0056328878;7.999,35;0,5315290542;520.384,36;0,000684504;EUR
Muster Defensiv Plus cVV;10.09.2015;-0,0051536959;-7.360,07;0,5240332100;513.024,30;-0,002235619;EUR
Muster Defensiv Plus cVV;11.09.2015;-0,0027701565;-3.935,71;0,5200346991;509.088,58;0,000731900;EUR
Muster Defensiv Plus cVV;12.09.2015;0,0000310113;43,94;0,5200795813;509.132,52;0;EUR
Muster Defensiv Plus cVV;13.09.2015;0,0000310104;43,94;0,5201244634;509.176,46;0;EUR
Muster Defensiv Plus cVV;14.09.2015;0,0001698489;240,66;0,5203919446;509.417,12;-0,000846412;EUR
Muster Defensiv Plus cVV;15.09.2015;0,0012489557;1.769,95;0,5222217286;511.187,07;0,000870179;EUR
Muster Defensiv Plus cVV;16.09.2015;0,0037415248;5.308,91;0,5276671416;516.495,98;0,001575321;EUR
Muster Defensiv Plus cVV;17.09.2015;-0,0022656395;-3.226,78;0,5243923097;513.269,20;0,000750049;EUR
Muster Defensiv Plus cVV;18.09.2015;-0,0032379134;-4.601,07;0,5197130516;508.668,13;-0,004807285;EUR
Muster Defensiv Plus cVV;19.09.2015;0,0000310205;43,94;0,5197579430;508.712,07;0;EUR
Muster Defensiv Plus cVV;20.09.2015;0,0000310196;43,94;0,5198028344;508.756,01;0;EUR
Muster Defensiv Plus cVV;21.09.2015;0,0015227389;2.156,94;0,5220282023;510.912,94;0,002986251;EUR
Muster Defensiv Plus cVV;22.09.2015;-0,0076317716;-10.826,76;0,5109870182;500.086,19;-0,002830449;EUR
Muster Defensiv Plus cVV;23.09.2015;-0,0016194112;-2.279,83;0,5086784871;497.806,36;0,001843447;EUR
Muster Defensiv Plus cVV;24.09.2015;-0,0056870691;-7.993,38;0,5005311688;489.812,98;-0,006518630;EUR
Muster Defensiv Plus cVV;25.09.2015;0,0060206955;8.414,18;0,5091504388;498.227,15;0,004376554;EUR
Muster Defensiv Plus cVV;26.09.2015;0,0000312509;43,94;0,5091953394;498.271,09;0;EUR
Muster Defensiv Plus cVV;27.09.2015;0,0000312499;43,94;0,5092402401;498.315,03;0;EUR
Muster Defensiv Plus cVV;28.09.2015;-0,0079297984;-11.149,65;0,4978666243;487.165,38;-0,008377514;EUR
Muster Defensiv Plus cVV;29.09.2015;-0,0051343243;-7.161,84;0,4905676222;480.003,53;-0,001959756;EUR
Muster Defensiv Plus cVV;30.09.2015;0,0104485033;14.499,73;0,5054072202;494.503,27;0,009159473;EUR
Muster Defensiv Plus cVV;01.10.2015;0,0019311329;2.707,90;0,5081956679;497.211,17;0,000567490;EUR
Muster Defensiv Plus cVV;02.10.2015;0,0019055189;2.677,14;0,5109528830;499.888,31;0,002273806;EUR
Muster Defensiv Plus cVV;03.10.2015;0,0000339778;47,83;0,5110017695;499.936,14;0;EUR
Muster Defensiv Plus cVV;04.10.2015;0,0000339767;47,83;0,5110506559;499.983,96;0;EUR
Muster Defensiv Plus cVV;05.10.2015;0,0075979223;10.695,70;0,5220044533;510.679,66;0,009121948;EUR
Muster Defensiv Plus cVV;06.10.2015;0,0026018243;3.690,45;0,5257982352;514.370,11;-0,001943407;EUR
Muster Defensiv Plus cVV;07.10.2015;0,0042110531;5.988,54;0,5319415425;520.358,65;0,002751411;EUR
Muster Defensiv Plus cVV;08.10.2015;0,0006474799;924,66;0,5329085173;521.283,31;0,002232454;EUR
Muster Defensiv Plus cVV;09.10.2015;0,0015273001;2.182,53;0,5351615239;523.465,84;-0,001085296;EUR
Muster Defensiv Plus cVV;10.10.2015;0,0000334181;47,83;0,5352104203;523.513,67;0;EUR
Muster Defensiv Plus cVV;11.10.2015;0,0000334170;47,83;0,5352593167;523.561,50;0;EUR
Muster Defensiv Plus cVV;12.10.2015;0,0009469203;1.355,32;0,5366667565;524.916,82;-0,000820601;EUR
Muster Defensiv Plus cVV;13.10.2015;-0,0036585774;-5.241,45;0,5313295807;519.675,37;-0,001563068;EUR
Muster Defensiv Plus cVV;14.10.2015;-0,0033002424;-4.710,78;0,5265345350;514.964,59;-0,003583991;EUR
Muster Defensiv Plus cVV;15.10.2015;0,0058859092;8.373,85;0,5351182286;523.338,43;0,006916046;EUR
Muster Defensiv Plus cVV;16.10.2015;0,0033735916;4.827,84;0,5400766202;528.166,27;0,001816267;EUR
Muster Defensiv Plus cVV;17.10.2015;0,0000333087;47,83;0,5401255265;528.214,10;0;EUR
Muster Defensiv Plus cVV;18.10.2015;0,0000333076;47,83;0,5401744329;528.261,93;0;EUR
Muster Defensiv Plus cVV;19.10.2015;-0,0006271827;-900,63;0,5392753208;527.361,30;0,001121643;EUR
Muster Defensiv Plus cVV;20.10.2015;-0,0022904140;-3.286,95;0,5359357783;524.074,35;-0,001957134;EUR
Muster Defensiv Plus cVV;21.10.2015;0,0003468628;496,64;0,5364653240;524.570,99;-0,002491903;EUR
Muster Defensiv Plus cVV;22.10.2015;0,0113053367;16.192,64;0,5530474347;540.763,63;0,010487028;EUR
Muster Defensiv Plus cVV;23.10.2015;0,0095347178;13.810,97;0,5671949918;554.574,60;0,009839879;EUR
Muster Defensiv Plus cVV;24.10.2015;0,0000368056;53,82;0,5672500376;554.628,42;0;EUR
Muster Defensiv Plus cVV;25.10.2015;0,0000368042;53,82;0,5673050834;554.682,25;0;EUR
Muster Defensiv Plus cVV;26.10.2015;-0,0000444834;-65,05;0,5672613848;554.617,19;-0,000822037;EUR
Muster Defensiv Plus cVV;27.10.2015;-0,0025528126;-3.733,10;0,5634658377;550.884,09;-0,001579722;EUR
Muster Defensiv Plus cVV;28.10.2015;0,0068324388;9.965,89;0,5736823831;560.849,98;0,004509967;EUR
Muster Defensiv Plus cVV;29.10.2015;-0,0019262249;-2.828,81;0,5708117477;558.021,17;0,001336962;EUR
Muster Defensiv Plus cVV;30.10.2015;-0,0021794551;-3.194,54;0,5675667350;554.826,63;-0,003982790;EUR
Muster Defensiv Plus cVV;31.10.2015;0,0000304696;44,56;0,5676123218;554.871,19;0;EUR
Muster Defensiv Plus cVV;01.11.2015;0,0000341270;49,91;0,5676633821;554.921,11;0;EUR
Muster Defensiv Plus cVV;02.11.2015;-0,0003666863;-536,33;0,5671374393;554.384,77;0,000920100;EUR
Muster Defensiv Plus cVV;03.11.2015;0,0035319305;5.164,09;0,5724432111;559.548,86;0,003462527;EUR
Muster Defensiv Plus cVV;04.11.2015;0,0030940162;4.539,78;0,5771106663;564.088,64;0,001866724;EUR
Muster Defensiv Plus cVV;05.11.2015;-0,0001024188;-150,74;0,5769794706;563.937,90;-0,001039427;EUR
Muster Defensiv Plus cVV;06.11.2015;-0,0005105276;-751,33;0,5762337400;563.186,58;0,002140011;EUR
Muster Defensiv Plus cVV;07.11.2015;0,0000339213;49,90;0,5762847912;563.236,47;0;EUR
Muster Defensiv Plus cVV;08.11.2015;0,0000339201;49,90;0,5763358425;563.286,37;0;EUR
Muster Defensiv Plus cVV;09.11.2015;-0,0034896604;-5.133,35;0,5711063160;558.153,02;-0,005661144;EUR
Muster Defensiv Plus cVV;10.11.2015;0,0008815712;1.292,28;0,5724513579;559.445,30;0,004220648;EUR
Muster Defensiv Plus cVV;11.11.2015;0,0010766438;1.579,62;0,5740905182;561.024,92;-0,000911076;EUR
Muster Defensiv Plus cVV;12.11.2015;-0,0041664498;-6.119,49;0,5678510503;554.905,43;-0,004391324;EUR
Muster Defensiv Plus cVV;13.11.2015;-0,0030398067;-4.446,13;0,5633235329;550.459,30;-0,002677406;EUR
Muster Defensiv Plus cVV;14.11.2015;0,0000356226;51,94;0,5633766914;550.511,25;0;EUR
Muster Defensiv Plus cVV;15.11.2015;0,0000356213;51,94;0,5634298498;550.563,19;0;EUR
Muster Defensiv Plus cVV;16.11.2015;0,0015429901;2.250,13;0,5657549752;552.813,33;0,004075652;EUR
Muster Defensiv Plus cVV;17.11.2015;0,0087135679;12.726,54;0,5788023511;565.539,87;0,004686335;EUR
Muster Defensiv Plus cVV;18.11.2015;-0,0005666727;-834,86;0,5779707542;564.705,00;0,004163723;EUR
Muster Defensiv Plus cVV;19.11.2015;0,0036704895;5.404,56;0,5835253089;570.109,56;-0,001046985;EUR
Muster Defensiv Plus cVV;20.11.2015;0,0021371256;3.158,33;0,5867810998;573.267,89;0,002741320;EUR
Muster Defensiv Plus cVV;21.11.2015;0,0000350740;51,94;0,5868342688;573.319,83;0;EUR
Muster Defensiv Plus cVV;22.11.2015;0,0000350728;51,94;0,5868874377;573.371,78;0;EUR
Muster Defensiv Plus cVV;23.11.2015;-0,0005762964;-853,55;0,5860368515;572.518,22;-0,000174672;EUR
Muster Defensiv Plus cVV;24.11.2015;-0,0039746088;-5.883,41;0,5800373495;566.634,82;-0,000264813;EUR
Muster Defensiv Plus cVV;25.11.2015;0,0053442537;7.879,38;0,5881262171;574.514,19;0,001996948;EUR
Muster Defensiv Plus cVV;26.11.2015;0,0019935467;2.954,92;0,5911743658;577.469,12;0,000995389;EUR
Muster Defensiv Plus cVV;27.11.2015;-0,0017341984;-2.575,63;0,5885606960;574.893,49;0,000441634;EUR
Muster Defensiv Plus cVV;28.11.2015;0,0000350355;51,94;0,5886138754;574.945,43;0;EUR
Muster Defensiv Plus cVV;29.11.2015;0,0000350343;51,94;0,5886670548;574.997,38;0;EUR
Muster Defensiv Plus cVV;30.11.2015;0,0003968721;588,45;0,5892925891;575.585,83;-0,000207903;EUR
Muster Defensiv Plus cVV;01.12.2015;-0,0062904425;-9.330,71;0,5797623747;566.255,12;0,001172028;EUR
Muster Defensiv Plus cVV;02.12.2015;0,0003179275;468,62;0,5802648626;566.723,74;-0,000151806;EUR
Muster Defensiv Plus cVV;03.12.2015;-0,0149968942;-22.112,22;0,5576460802;544.611,52;-0,013137432;EUR
Muster Defensiv Plus cVV;04.12.2015;-0,0012337411;-1.791,81;0,5558330701;542.819,70;-0,003428651;EUR
Muster Defensiv Plus cVV;05.12.2015;0,0000279308;40,51;0,5558745564;542.860,22;0;EUR
Muster Defensiv Plus cVV;06.12.2015;0,0000279300;40,51;0,5559160427;542.900,73;0;EUR
Muster Defensiv Plus cVV;07.12.2015;0,0019450576;2.821,56;0,5588270266;545.722,29;0,000041034;EUR
Muster Defensiv Plus cVV;08.12.2015;-0,0079053441;-11.490,04;0,5470823729;534.232,26;-0,003217032;EUR
Muster Defensiv Plus cVV;09.12.2015;-0,0060086244;-8.664,21;0,5382306952;525.568,05;-0,004274247;EUR
Muster Defensiv Plus cVV;10.12.2015;0,0013120318;1.880,53;0,5401775226;527.448,58;0,001163329;EUR
Muster Defensiv Plus cVV;11.12.2015;-0,0096146105;-13.798,68;0,5260662559;513.649,90;-0,006366444;EUR
Muster Defensiv Plus cVV;12.12.2015;0,0000321562;45,71;0,5261130670;513.695,61;0;EUR
Muster Defensiv Plus cVV;13.12.2015;0,0000321552;45,71;0,5261598781;513.741,31;0;EUR
Muster Defensiv Plus cVV;14.12.2015;-0,0066326191;-9.428,08;0,5165239251;504.313,24;-0,002066012;EUR
Muster Defensiv Plus cVV;15.12.2015;0,0081057649;11.445,69;0,5282672005;515.758,93;0,004946538;EUR
Muster Defensiv Plus cVV;16.12.2015;0,0040327088;5.740,51;0,5341676008;521.499,44;0,003987253;EUR
Muster Defensiv Plus cVV;17.12.2015;0,0075274156;10.758,40;0,5452084133;532.257,84;0,001660039;EUR
Muster Defensiv Plus cVV;18.12.2015;-0,0042263995;-6.085,96;0,5389951790;526.171,88;-0,004093845;EUR
Muster Defensiv Plus cVV;19.12.2015;0,0000318754;45,71;0,5390419991;526.217,59;0;EUR
Muster Defensiv Plus cVV;20.12.2015;0,0000318744;45,71;0,5390888192;526.263,29;0;EUR
Muster Defensiv Plus cVV;21.12.2015;-0,0048560874;-6.963,60;0,5319760301;519.299,70;-0,000865783;EUR
Muster Defensiv Plus cVV;22.12.2015;0,0003041385;434,01;0,5324411504;519.733,71;0,001467027;EUR
Muster Defensiv Plus cVV;23.12.2015;0,0079255099;11.313,38;0,5440520728;531.047,09;0,005621300;EUR
Muster Defensiv Plus cVV;24.12.2015;-0,0003121887;-449,17;0,5436128005;530.597,92;-0,002005168;EUR
Muster Defensiv Plus cVV;25.12.2015;-0,0002225428;-320,09;0,5433057231;530.277,83;-0,000146071;EUR
Muster Defensiv Plus cVV;26.12.2015;0,0000317844;45,71;0,5433525523;530.323,53;0;EUR
Muster Defensiv Plus cVV;27.12.2015;0,0000317834;45,71;0,5433993814;530.369,24;0;EUR
Muster Defensiv Plus cVV;28.12.2015;-0,0014529741;-2.089,52;0,5412792892;528.279,72;-0,001373605;EUR
Muster Defensiv Plus cVV;29.12.2015;0,0063438397;9.109,81;0,5506343711;537.389,53;0,006785195;EUR
Muster Defensiv Plus cVV;30.12.2015;-0,0025057443;-3.621,10;0,5469449608;533.768,43;-0,004294165;EUR
Muster Defensiv Plus cVV;31.12.2015;0,0003987150;574,75;0,5475548336;534.343,18;-0,001233483;EUR
Muster Defensiv Plus cVV;01.01.2016;0,0000318846;45,71;0,5476252237;534.388,89;0;EUR
Muster Defensiv Plus cVV;02.01.2016;0,0000318836;45,71;0,5476720621;534.434,59;0;EUR
Muster Defensiv Plus cVV;03.01.2016;0,0000318826;45,71;0,5477189004;534.480,30;0;EUR
Muster Defensiv Plus cVV;04.01.2016;-0,0118562601;-16.997,43;0,5303232427;517.482,87;-0,003739276;EUR
Muster Defensiv Plus cVV;05.01.2016;0,0041290959;5.849,39;0,5363407960;523.332,26;0,003551445;EUR
Muster Defensiv Plus cVV;06.01.2016;-0,0056676091;-8.062,04;0,5281009954;515.270,22;-0,004084182;EUR
Muster Defensiv Plus cVV;07.01.2016;-0,0126382332;-17.875,71;0,5098019993;497.394,51;-0,009409811;EUR
Muster Defensiv Plus cVV;08.01.2016;-0,0057489037;-8.028,57;0,5015946179;489.365,94;-0,006593939;EUR
Muster Defensiv Plus cVV;09.01.2016;0,0000329174;45,71;0,5016414663;489.411,64;0;EUR
Muster Defensiv Plus cVV;10.01.2016;0,0000329164;45,71;0,5016883147;489.457,35;0;EUR
Muster Defensiv Plus cVV;11.01.2016;-0,0020648904;-2.867,31;0,4987706706;486.590,04;0,001094498;EUR
Muster Defensiv Plus cVV;12.01.2016;0,0019409380;2.689,63;0,5015490386;489.279,67;0,000470113;EUR
Muster Defensiv Plus cVV;13.01.2016;0,0013797866;1.915,73;0,5035342841;491.195,39;-0,003763906;EUR
Muster Defensiv Plus cVV;14.01.2016;-0,0073214306;-10.179,28;0,4931203104;481.016,12;0,002532939;EUR
Muster Defensiv Plus cVV;15.01.2016;-0,0106816129;-14.742,34;0,4780273381;466.273,77;-0,009633682;EUR
Muster Defensiv Plus cVV;16.01.2016;0,0000334742;45,71;0,4780741965;466.319,48;0;EUR
Muster Defensiv Plus cVV;17.01.2016;0,0000334730;45,71;0,4781210548;466.365,18;0;EUR
Muster Defensiv Plus cVV;18.01.2016;-0,0004909363;-670,38;0,4774540781;465.694,80;0,001466918;EUR
Muster Defensiv Plus cVV;19.01.2016;0,0041569903;5.673,63;0,4832914950;471.368,43;0,000600203;EUR
Muster Defensiv Plus cVV;20.01.2016;-0,0115198502;-15.788,11;0,4671238540;455.580,32;-0,005179872;EUR
Muster Defensiv Plus cVV;21.01.2016;0,0052878332;7.163,56;0,4744890365;462.743,88;0,004335462;EUR
Muster Defensiv Plus cVV;22.01.2016;0,0152631564;20.786,72;0,4958243489;483.530,60;0,009665754;EUR
Muster Defensiv Plus cVV;23.01.2016;0,0000330564;45,71;0,4958712173;483.576,31;0;EUR
Muster Defensiv Plus cVV;24.01.2016;0,0000330553;45,71;0,4959180856;483.622,02;0;EUR
Muster Defensiv Plus cVV;25.01.2016;-0,0003604865;-498,47;0,4954278981;483.123,55;-0,004247110;EUR
Muster Defensiv Plus cVV;26.01.2016;0,0012783091;1.766,97;0,4972608765;484.890,51;0,003709826;EUR
Muster Defensiv Plus cVV;27.01.2016;0,0031739303;4.392,83;0,5017869561;489.283,34;-0,001600553;EUR
Muster Defensiv Plus cVV;28.01.2016;-0,0059291386;-8.232,18;0,4933652025;481.051,16;-0,001915311;EUR
Muster Defensiv Plus cVV;29.01.2016;0,0096287394;13.289,55;0,5070162940;494.340,71;0,012375702;EUR
Muster Defensiv Plus cVV;30.01.2016;0,0000303529;42,30;0,5070596749;494.383,01;0;EUR
Muster Defensiv Plus cVV;31.01.2016;0,0000265124;36,95;0,5070975680;494.419,95;0;EUR
Muster Defensiv Plus cVV;01.02.2016;-0,0001041926;-145,20;0,5069699774;494.274,75;-0,000873551;EUR
Muster Defensiv Plus cVV;02.02.2016;-0,0087693944;-12.219,45;0,4944574642;482.055,31;-0,006346477;EUR
Muster Defensiv Plus cVV;03.02.2016;-0,0094504812;-13.053,01;0,4810888357;469.002,30;-0,003885355;EUR
Muster Defensiv Plus cVV;04.02.2016;-0,0010602852;-1.450,63;0,4796209440;467.551,67;-0,002216055;EUR
Muster Defensiv Plus cVV;05.02.2016;-0,0060940856;-8.328,77;0,4710969219;459.222,91;-0,004315507;EUR
Muster Defensiv Plus cVV;06.02.2016;0,0000311377;42,30;0,4711403120;459.265,21;0;EUR
Muster Defensiv Plus cVV;07.02.2016;0,0000311367;42,30;0,4711837020;459.307,50;0;EUR
Muster Defensiv Plus cVV;08.02.2016;-0,0092889675;-12.618,62;0,4582579882;446.688,88;-0,004663769;EUR
Muster Defensiv Plus cVV;09.02.2016;-0,0078145147;-10.517,04;0,4474872749;436.171,85;-0,007042286;EUR
Muster Defensiv Plus cVV;10.02.2016;0,0046184107;6.167,04;0,4538332623;442.338,89;0,002546056;EUR
Muster Defensiv Plus cVV;11.02.2016;-0,0113955054;-15.286,88;0,4381674252;427.052,00;-0,006612503;EUR
Muster Defensiv Plus cVV;12.02.2016;0,0077447054;10.271,00;0,4487244706;437.323,01;0,006825739;EUR
Muster Defensiv Plus cVV;13.02.2016;0,0000316479;42,30;0,4487678697;437.365,30;0;EUR
Muster Defensiv Plus cVV;14.02.2016;0,0000316469;42,30;0,4488112688;437.407,60;0;EUR
Muster Defensiv Plus cVV;15.02.2016;0,0115008650;15.371,51;0,4646028761;452.779,11;0,006090365;EUR
Muster Defensiv Plus cVV;16.02.2016;-0,0002012911;-272,13;0,4643429559;452.506,98;0,004217353;EUR
Muster Defensiv Plus cVV;17.02.2016;0,0062664035;8.470,00;0,4730541550;460.976,97;0,005351794;EUR
Muster Defensiv Plus cVV;18.02.2016;0,0041063343;5.585,11;0,4788054716;466.562,09;0,000775149;EUR
Muster Defensiv Plus cVV;19.02.2016;-0,0023094279;-3.154,00;0,4755884267;463.408,09;-0,000180756;EUR
Muster Defensiv Plus cVV;20.02.2016;0,0000310302;42,28;0,4756318183;463.450,37;0;EUR
Muster Defensiv Plus cVV;21.02.2016;0,0000310293;42,28;0,4756752100;463.492,65;0;EUR
Muster Defensiv Plus cVV;22.02.2016;0,0067567496;9.207,00;0,4851443079;472.699,65;0,006949820;EUR
Muster Defensiv Plus cVV;23.02.2016;-0,0021736876;-2.981,96;0,4821037931;469.717,68;-0,003491385;EUR
Muster Defensiv Plus cVV;24.02.2016;-0,0031672244;-4.335,49;0,4776737230;465.382,19;-0,000374623;EUR
Muster Defensiv Plus cVV;25.02.2016;0,0036529896;4.984,60;0,4828099178;470.366,79;0,003284919;EUR
Muster Defensiv Plus cVV;26.02.2016;0,0061656437;8.443,92;0,4914974926;478.810,71;0,003470409;EUR
Muster Defensiv Plus cVV;27.02.2016;0,0000306834;42,28;0,4915408932;478.852,99;0;EUR
Muster Defensiv Plus cVV;28.02.2016;0,0000306824;42,28;0,4915842938;478.895,27;0;EUR
Muster Defensiv Plus cVV;29.02.2016;0,0020384895;2.809,12;0,4944882261;481.704,39;0,001228047;EUR
Muster Defensiv Plus cVV;01.03.2016;0,0069802093;9.638,62;0,5044034071;491.343,01;0,006597963;EUR
Muster Defensiv Plus cVV;02.03.2016;0,0048812536;6.787,32;0,5113921785;498.130,33;0,001687220;EUR
Muster Defensiv Plus cVV;03.03.2016;0,0006708322;937,34;0,5123755232;499.067,67;-0,000741875;EUR
Muster Defensiv Plus cVV;04.03.2016;0,0012989502;1.816,21;0,5142612699;500.883,88;-0,000013145;EUR
Muster Defensiv Plus cVV;05.03.2016;0,0000301996;42,28;0,5143046794;500.926,16;0;EUR
Muster Defensiv Plus cVV;06.03.2016;0,0000301987;42,28;0,5143480890;500.968,44;0;EUR
Muster Defensiv Plus cVV;07.03.2016;-0,0003038685;-425,45;0,5139323491;500.542,99;0,000209887;EUR
Muster Defensiv Plus cVV;08.03.2016;-0,0019970553;-2.795,25;0,5110832580;497.747,74;-0,004249003;EUR
Muster Defensiv Plus cVV;09.03.2016;0,0003932630;549,35;0,5116682594;498.297,08;0,001648490;EUR
Muster Defensiv Plus cVV;10.03.2016;-0,0044166214;-6.171,97;0,5053513282;492.125,11;-0,005311042;EUR
Muster Defensiv Plus cVV;11.03.2016;0,0095465381;13.281,81;0,5190112922;505.406,92;0,003397279;EUR
Muster Defensiv Plus cVV;12.03.2016;0,0000301024;42,28;0,5190547106;505.449,20;0;EUR
Muster Defensiv Plus cVV;13.03.2016;0,0000301015;42,28;0,5190981290;505.491,48;0;EUR
Muster Defensiv Plus cVV;14.03.2016;0,0041073605;5.769,35;0,5250441927;511.260,83;0,003565509;EUR
Muster Defensiv Plus cVV;15.03.2016;-0,0072290894;-10.195,95;0,5145943371;501.064,88;-0,003338891;EUR
Muster Defensiv Plus cVV;16.03.2016;-0,0008603546;-1.204,68;0,5133780323;499.860,21;0,001565034;EUR
Muster Defensiv Plus cVV;17.03.2016;-0,0020221012;-2.828,93;0,5104933606;497.031,28;-0,002143650;EUR
Muster Defensiv Plus cVV;18.03.2016;-0,0000370077;-51,67;0,5104610307;496.979,61;0,003164147;EUR
Muster Defensiv Plus cVV;19.03.2016;0,0000302841;42,28;0,5105044580;497.021,89;0;EUR
Muster Defensiv Plus cVV;20.03.2016;0,0000302832;42,28;0,5105478853;497.064,17;0;EUR
Muster Defensiv Plus cVV;21.03.2016;0,0010260988;1.432,65;0,5120401784;498.496,82;0,001129790;EUR
Muster Defensiv Plus cVV;22.03.2016;0,0013417042;1.875,22;0,5139871863;500.372,04;0,000693880;EUR
Muster Defensiv Plus cVV;23.03.2016;-0,0004505363;-630,53;0,5133602892;499.741,50;-0,001851076;EUR
Muster Defensiv Plus cVV;24.03.2016;-0,0043144875;-6.035,48;0,5071808565;493.706,03;-0,000209694;EUR
Muster Defensiv Plus cVV;25.03.2016;0,0000353143;49,19;0,5072518901;493.755,21;0,000323854;EUR
Muster Defensiv Plus cVV;26.03.2016;0,0000303758;42,31;0,5072953570;493.797,52;0;EUR
Muster Defensiv Plus cVV;27.03.2016;0,0000303748;42,31;0,5073388240;493.839,83;0;EUR
Muster Defensiv Plus cVV;28.03.2016;0,0005202464;724,70;0,5081038456;494.564,53;-0,000766822;EUR
Muster Defensiv Plus cVV;29.03.2016;0,0017091022;2.381,99;0,5105716430;496.946,52;0,003092599;EUR
Muster Defensiv Plus cVV;30.03.2016;0,0018294037;2.554,01;0,5132163642;499.500,54;-0,001428925;EUR
Muster Defensiv Plus cVV;31.03.2016;-0,0021178388;-2.962,11;0,5101934608;496.538,43;-0,002343118;EUR
Muster Defensiv Plus cVV;01.04.2016;-0,0065952803;-9.204,92;0,5007555374;487.333,51;-0,000548133;EUR
Muster Defensiv Plus cVV;02.04.2016;0,0000305164;42,31;0,5007990131;487.375,82;0;EUR
Muster Defensiv Plus cVV;03.04.2016;0,0000305155;42,31;0,5008424888;487.418,13;0;EUR
Muster Defensiv Plus cVV;04.04.2016;0,0016139489;2.237,84;0,5031621791;489.655,97;-0,000551192;EUR
Muster Defensiv Plus cVV;05.04.2016;-0,0050837396;-7.060,30;0,4959270364;482.595,67;-0,003519015;EUR
Muster Defensiv Plus cVV;06.04.2016;0,0013554520;1.872,88;0,4978716177;484.468,55;0,002512789;EUR
Muster Defensiv Plus cVV;07.04.2016;-0,0011540533;-1.596,76;0,4962505550;482.871,79;-0,002049104;EUR
Muster Defensiv Plus cVV;08.04.2016;0,0022843672;3.157,03;0,4995150458;486.028,82;0,001892222;EUR
Muster Defensiv Plus cVV;09.04.2016;0,0000305452;42,31;0,4995585302;486.071,13;0;EUR
Muster Defensiv Plus cVV;10.04.2016;0,0000305443;42,31;0,4996020147;486.113,44;0;EUR
Muster Defensiv Plus cVV;11.04.2016;0,0008109655;1.123,40;0,5007765999;487.236,84;-0,000680890;EUR
Muster Defensiv Plus cVV;12.04.2016;0,0035233399;4.884,69;0,5058172315;492.121,53;0,003509325;EUR
Muster Defensiv Plus cVV;13.04.2016;0,0109568859;15.243,95;0,5215062189;507.365,48;0,007496556;EUR
Muster Defensiv Plus cVV;14.04.2016;0,0047577921;6.691,88;0,5284056685;514.057,36;0,001701028;EUR
Muster Defensiv Plus cVV;15.04.2016;-0,0015377264;-2.173,12;0,5261928421;511.884,25;-0,001142375;EUR
Muster Defensiv Plus cVV;16.04.2016;0,0000299855;42,31;0,5262363352;511.926,56;0;EUR
Muster Defensiv Plus cVV;17.04.2016;0,0000299846;42,31;0,5262798283;511.968,87;0;EUR
Muster Defensiv Plus cVV;18.04.2016;0,0001732320;244,45;0,5265520522;512.213,32;0,000552068;EUR
Muster Defensiv Plus cVV;19.04.2016;0,0060711180;8.568,52;0,5353817089;520.781,84;0,001173725;EUR
Muster Defensiv Plus cVV;20.04.2016;0,0020032541;2.844,47;0,5383272922;523.626,31;0,002616411;EUR
Muster Defensiv Plus cVV;21.04.2016;0,0008703711;1.238,34;0,5396217936;524.864,65;-0,001340142;EUR
Muster Defensiv Plus cVV;22.04.2016;-0,0001351011;-192,39;0,5394453663;524.672,27;0,000327658;EUR
Muster Defensiv Plus cVV;23.04.2016;0,0000327468;46,63;0,5394933045;524.718,89;0;EUR
Muster Defensiv Plus cVV;24.04.2016;0,0000327457;46,63;0,5395412428;524.765,52;0;EUR
Muster Defensiv Plus cVV;25.04.2016;-0,0028395028;-4.043,20;0,5354053876;520.722,32;-0,001143059;EUR
Muster Defensiv Plus cVV;26.04.2016;-0,0021211479;-3.011,75;0,5323297585;517.710,57;-0,001935330;EUR
Muster Defensiv Plus cVV;27.04.2016;0,0004539155;643,13;0,5330121005;518.353,70;-0,000811434;EUR
Muster Defensiv Plus cVV;28.04.2016;-0,0011617137;-1.646,73;0,5313397670;516.706,98;0,000082949;EUR
Muster Defensiv Plus cVV;29.04.2016;-0,0084400665;-11.949,88;0,5190719281;504.757,09;-0,006228178;EUR
Muster Defensiv Plus cVV;30.04.2016;0,0000332113;46,63;0,5191198758;504.803,72;0;EUR
Muster Defensiv Plus cVV;01.05.2016;0,0000332102;46,63;0,5191678236;504.850,34;0;EUR
Muster Defensiv Plus cVV;02.05.2016;0,0005519643;774,96;0,5199852285;505.625,30;-0,001305172;EUR
Muster Defensiv Plus cVV;03.05.2016;-0,0052083220;-7.316,50;0,5124810990;498.308,80;-0,003226526;EUR
Muster Defensiv Plus cVV;04.05.2016;-0,0053812910;-7.520,10;0,5047669499;490.788,70;-0,001505940;EUR
Muster Defensiv Plus cVV;05.05.2016;0,0010724131;1.490,58;0,5063198605;492.279,28;0,002123929;EUR
Muster Defensiv Plus cVV;06.05.2016;-0,0005259216;-731,78;0,5055870344;491.547,50;0,001311272;EUR
Muster Defensiv Plus cVV;07.05.2016;0,0000330214;45,92;0,5056342687;491.593,42;0;EUR
Muster Defensiv Plus cVV;08.05.2016;0,0000330203;45,92;0,5056815030;491.639,35;0;EUR
Muster Defensiv Plus cVV;09.05.2016;0,0019900130;2.767,68;0,5085481534;494.407,03;0,000678701;EUR
Muster Defensiv Plus cVV;10.05.2016;0,0024059313;3.352,79;0,5120168779;497.759,82;0,004685130;EUR
Muster Defensiv Plus cVV;11.05.2016;-0,0011237471;-1.569,77;0,5104221034;496.190,05;-0,002527198;EUR
Muster Defensiv Plus cVV;12.05.2016;-0,0009935661;-1.386,36;0,5090158616;494.803,69;-0,000485916;EUR
Muster Defensiv Plus cVV;13.05.2016;0,0021257491;2.963,18;0,5120841374;497.766,88;0,000548630;EUR
Muster Defensiv Plus cVV;14.05.2016;0,0000328744;45,92;0,5121313809;497.812,80;0;EUR
Muster Defensiv Plus cVV;15.05.2016;0,0000328733;45,92;0,5121786244;497.858,72;0;EUR
Muster Defensiv Plus cVV;16.05.2016;0,0006275190;876,65;0,5131004852;498.735,37;0,001676491;EUR
Muster Defensiv Plus cVV;17.05.2016;0,0001786897;249,79;0,5133774569;498.985,15;-0,002511306;EUR
Muster Defensiv Plus cVV;18.05.2016;0,0015846210;2.215,51;0,5156769250;501.200,66;0,002123496;EUR
Muster Defensiv Plus cVV;19.05.2016;-0,0048480353;-6.788,92;0,5087116840;494.411,74;-0,001765868;EUR
Muster Defensiv Plus cVV;20.05.2016;0,0033974658;4.734,56;0,5136031223;499.146,30;0,002690049;EUR
Muster Defensiv Plus cVV;21.05.2016;0,0000342135;47,84;0,5136523484;499.194,14;0;EUR
Muster Defensiv Plus cVV;22.05.2016;0,0000342124;47,84;0,5137015745;499.241,98;0;EUR
Muster Defensiv Plus cVV;23.05.2016;-0,0008248538;-1.153,46;0,5125345797;498.088,51;0,000179025;EUR
Muster Defensiv Plus cVV;24.05.2016;0,0051226153;7.157,49;0,5199198014;505.246,00;0,004783159;EUR
Muster Defensiv Plus cVV;25.05.2016;0,0054287189;7.624,04;0,5277856971;512.870,04;0,003257884;EUR
Muster Defensiv Plus cVV;26.05.2016;0,0008582331;1.211,84;0,5290532356;514.081,88;-0,000005074;EUR
Muster Defensiv Plus cVV;27.05.2016;0,0035740286;5.050,91;0,5342718818;519.132,80;0,003454999;EUR
Muster Defensiv Plus cVV;28.05.2016;0,0000337314;47,84;0,5343211174;519.180,64;0;EUR
Muster Defensiv Plus cVV;29.05.2016;0,0000337302;47,84;0,5343703530;519.228,48;0;EUR
Muster Defensiv Plus cVV;30.05.2016;-0,0001163468;-165,02;0,5342211333;519.063,45;-0,001135890;EUR
Muster Defensiv Plus cVV;31.05.2016;-0,0003378179;-479,10;0,5337486237;518.584,36;-0,000628019;EUR
Muster Defensiv Plus cVV;01.06.2016;-0,0036524605;-5.178,20;0,5284393570;513.406,16;-0,000502613;EUR
Muster Defensiv Plus cVV;02.06.2016;0,0000759128;107,23;0,5285700646;513.513,39;0,000017066;EUR
Muster Defensiv Plus cVV;03.06.2016;-0,0045045107;-6.363,33;0,5220402178;507.150,05;-0,003194867;EUR
Muster Defensiv Plus cVV;04.06.2016;0,0000325617;45,79;0,5220873535;507.195,85;0;EUR
Muster Defensiv Plus cVV;05.06.2016;0,0000325606;45,79;0,5221344893;507.241,64;0;EUR
Muster Defensiv Plus cVV;06.06.2016;0,0015748099;2.214,79;0,5244344457;509.456,43;0,001185271;EUR
Muster Defensiv Plus cVV;07.06.2016;0,0057150277;8.050,20;0,5327417530;517.506,62;0,001672052;EUR
Muster Defensiv Plus cVV;08.06.2016;-0,0006399715;-906,62;0,5318288275;516.600,01;0,000570376;EUR
Muster Defensiv Plus cVV;09.06.2016;-0,0021120549;-2.990,13;0,5287707948;513.609,88;0,000078007;EUR
Muster Defensiv Plus cVV;10.06.2016;-0,0073574417;-10.394,26;0,5180895285;503.215,62;-0,003757276;EUR
Muster Defensiv Plus cVV;11.06.2016;0,0000326530;45,79;0,5181366733;503.261,41;0;EUR
Muster Defensiv Plus cVV;12.06.2016;0,0000326519;45,79;0,5181838181;503.307,20;0;EUR
Muster Defensiv Plus cVV;13.06.2016;-0,0102384405;-14.358,92;0,5034197147;488.948,28;-0,003918264;EUR
Muster Defensiv Plus cVV;14.06.2016;-0,0034340860;-4.766,83;0,4985308290;484.181,45;0,000837144;EUR
Muster Defensiv Plus cVV;15.06.2016;0,0011802275;1.632,64;0,5002309298;485.814,09;-0,000583788;EUR
Muster Defensiv Plus cVV;16.06.2016;-0,0005895126;-816,45;0,4994092758;484.997,63;0,002285123;EUR
Muster Defensiv Plus cVV;17.06.2016;0,0009157015;1.267,46;0,5007334566;486.265,10;-0,001818715;EUR
Muster Defensiv Plus cVV;18.06.2016;0,0000349354;48,40;0,5007832965;486.313,50;0;EUR
Muster Defensiv Plus cVV;19.06.2016;0,0000349342;48,40;0,5008331364;486.361,90;0;EUR
Muster Defensiv Plus cVV;20.06.2016;0,0077506470;10.738,57;0,5119106890;497.100,47;0,002226528;EUR
Muster Defensiv Plus cVV;21.06.2016;0,0034364270;4.798,09;0,5168713670;501.898,56;0,002810972;EUR
Muster Defensiv Plus cVV;22.06.2016;0,0009234128;1.293,74;0,5182233679;503.192,31;-0,000345911;EUR
Muster Defensiv Plus cVV;23.06.2016;0,0014328312;2.009,31;0,5203124252;505.201,62;0,002384303;EUR
Muster Defensiv Plus cVV;24.06.2016;-0,0101842830;-14.302,26;0,5056015242;490.899,36;-0,006300922;EUR
Muster Defensiv Plus cVV;25.06.2016;0,0000348189;48,40;0,5056513736;490.947,76;0;EUR
Muster Defensiv Plus cVV;26.06.2016;0,0000348177;48,40;0,5057012230;490.996,16;0;EUR
Muster Defensiv Plus cVV;27.06.2016;-0,0040213946;-5.590,31;0,4999624062;485.405,85;-0,003218196;EUR
Muster Defensiv Plus cVV;28.06.2016;0,0052285318;7.239,17;0,5074378438;492.645,02;0,003540420;EUR
Muster Defensiv Plus cVV;29.06.2016;0,0089870290;12.508,06;0,5203411306;505.153,07;0,006591990;EUR
Muster Defensiv Plus cVV;30.06.2016;0,0041051936;5.764,91;0,5262992275;510.917,99;0,003210451;EUR
Muster Defensiv Plus cVV;01.07.2016;0,0037197025;5.245,01;0,5317221810;516.163,00;0,001612226;EUR
Muster Defensiv Plus cVV;02.07.2016;0,0000341974;48,40;0,5317720398;516.211,40;0;EUR
Muster Defensiv Plus cVV;03.07.2016;0,0000341962;48,40;0,5318218986;516.259,80;0;EUR
Muster Defensiv Plus cVV;04.07.2016;0,0004063751;575,19;0,5324344670;516.834,99;-0,000055484;EUR
Muster Defensiv Plus cVV;05.07.2016;-0,0037436836;-5.300,98;0,5269933092;511.534,01;-0,001166064;EUR
Muster Defensiv Plus cVV;06.07.2016;-0,0036973014;-5.215,70;0,5216395780;506.318,30;0,001299354;EUR
Muster Defensiv Plus cVV;07.07.2016;0,0007966695;1.119,69;0,5228127743;507.437,99;-0,000152721;EUR
Muster Defensiv Plus cVV;08.07.2016;0,0030400038;4.276,02;0,5272381211;511.714,01;0,005385345;EUR
Muster Defensiv Plus cVV;09.07.2016;0,0000343052;48,40;0,5272879893;511.762,41;0;EUR
Muster Defensiv Plus cVV;10.07.2016;0,0000343040;48,40;0,5273378574;511.810,81;0;EUR
Muster Defensiv Plus cVV;11.07.2016;0,0067110234;9.468,96;0,5371141997;521.279,76;0,003353190;EUR
Muster Defensiv Plus cVV;12.07.2016;0,0038925164;5.529,03;0,5428314919;526.808,79;0,000585841;EUR
Muster Defensiv Plus cVV;13.07.2016;0,0000712828;101,65;0,5429565304;526.910,44;-0,000375641;EUR
Muster Defensiv Plus cVV;14.07.2016;0,0040336973;5.752,28;0,5489044839;532.662,71;0,002120505;EUR
Muster Defensiv Plus cVV;15.07.2016;0,0014573100;2.086,59;0,5510752590;534.749,30;-0,000278692;EUR
Muster Defensiv Plus cVV;16.07.2016;0,0000337541;48,40;0,5511251365;534.797,70;0;EUR
Muster Defensiv Plus cVV;17.07.2016;0,0000337530;48,40;0,5511750140;534.846,10;0;EUR
Muster Defensiv Plus cVV;18.07.2016;0,0002328391;333,89;0,5515396581;535.179,99;0,000601291;EUR
Muster Defensiv Plus cVV;19.07.2016;-0,0006438373;-923,47;0,5506084637;534.256,52;0,000975257;EUR
Muster Defensiv Plus cVV;20.07.2016;0,0024376776;3.494,17;0,5542302011;537.750,69;0,001722473;EUR
Muster Defensiv Plus cVV;21.07.2016;0,0004292065;616,72;0,5548864512;538.367,41;-0,000872763;EUR
Muster Defensiv Plus cVV;22.07.2016;0,0013435181;1.931,32;0,5568977150;540.298,73;0,001112283;EUR
Muster Defensiv Plus cVV;23.07.2016;0,0000303141;43,64;0,5569426910;540.342,37;0;EUR
Muster Defensiv Plus cVV;24.07.2016;0,0000303132;43,64;0,5569876670;540.386,01;0;EUR
Muster Defensiv Plus cVV;25.07.2016;-0,0003585222;-516,10;0,5564763518;539.869,90;-0,000769152;EUR
Muster Defensiv Plus cVV;26.07.2016;-0,0006970523;-1.003,07;0,5554630153;538.866,83;0,001046269;EUR
Muster Defensiv Plus cVV;27.07.2016;0,0018189986;2.615,74;0,5581799840;541.482,57;-0,000004151;EUR
Muster Defensiv Plus cVV;28.07.2016;-0,0037730053;-5.435,49;0,5525973182;536.047,08;-0,001970714;EUR
Muster Defensiv Plus cVV;29.07.2016;0,0002083383;299,01;0,5529259880;536.346,09;-0,000768139;EUR
Muster Defensiv Plus cVV;30.07.2016;0,0000303976;43,64;0,5529709723;536.389,72;0;EUR
Muster Defensiv Plus cVV;31.07.2016;0,0000266694;38,28;0,5530104406;536.428,01;0;EUR
Muster Defensiv Plus cVV;01.08.2016;0,0001657405;237,93;0,5532761540;536.665,94;0,000795821;EUR
Muster Defensiv Plus cVV;02.08.2016;-0,0065176740;-9.358,15;0,5436484167;527.307,79;-0,005077035;EUR
Muster Defensiv Plus cVV;03.08.2016;-0,0000119129;-16,99;0,5436509282;527.290,80;0,000491250;EUR
Muster Defensiv Plus cVV;04.08.2016;0,0048445218;6.910,40;0,5507960088;534.201,20;0,002111427;EUR
Muster Defensiv Plus cVV;05.08.2016;0,0051446395;7.374,05;0,5584196655;541.575,25;0,005218235;EUR
Muster Defensiv Plus cVV;06.08.2016;0,0000302873;43,64;0,5584646582;541.618,88;0;EUR
Muster Defensiv Plus cVV;07.08.2016;0,0000302864;43,64;0,5585096508;541.662,52;0;EUR
Muster Defensiv Plus cVV;08.08.2016;0,0028845640;4.156,10;0,5628156946;545.818,62;-0,000133702;EUR
Muster Defensiv Plus cVV;09.08.2016;0,0049469246;7.148,13;0,5702073443;552.966,74;0,000776251;EUR
Muster Defensiv Plus cVV;10.08.2016;-0,0017343864;-2.518,52;0,5676311119;550.448,22;-0,001268605;EUR
Muster Defensiv Plus cVV;11.08.2016;0,0038613306;5.597,36;0,5734242035;556.045,58;0,001794408;EUR
Muster Defensiv Plus cVV;12.08.2016;-0,0010327896;-1.502,91;0,5718952555;554.542,67;-0,000435228;EUR
Muster Defensiv Plus cVV;13.08.2016;0,0000300171;43,64;0,5719402564;554.586,31;0;EUR
Muster Defensiv Plus cVV;14.08.2016;0,0000300162;43,64;0,5719852573;554.629,94;0;EUR
Muster Defensiv Plus cVV;15.08.2016;-0,0002924420;-425,14;0,5715677060;554.204,80;0,000346323;EUR
Muster Defensiv Plus cVV;16.08.2016;-0,0010460309;-1.520,25;0,5700206492;552.684,55;-0,004113500;EUR
Muster Defensiv Plus cVV;17.08.2016;-0,0041253736;-5.989,34;0,5638640180;546.695,21;-0,001526110;EUR
Muster Defensiv Plus cVV;18.08.2016;-0,0000700683;-101,31;0,5637800814;546.593,90;-0,000057106;EUR
Muster Defensiv Plus cVV;19.08.2016;-0,0012510864;-1.808,74;0,5619349315;544.785,16;-0,000279391;EUR
Muster Defensiv Plus cVV;20.08.2016;0,0000302199;43,64;0,5619799407;544.828,80;0;EUR
Muster Defensiv Plus cVV;21.08.2016;0,0000302190;43,64;0,5620249498;544.872,43;0;EUR
Muster Defensiv Plus cVV;22.08.2016;-0,0014397258;-2.078,99;0,5599008862;542.793,44;-0,000826889;EUR
Muster Defensiv Plus cVV;23.08.2016;0,0018834646;2.715,84;0,5627227765;545.509,28;0,002101006;EUR
Muster Defensiv Plus cVV;24.08.2016;0,0009545768;1.379,03;0,5641658122;546.888,31;0,000952142;EUR
Muster Defensiv Plus cVV;25.08.2016;-0,0021383410;-3.092,11;0,5609963654;543.796,20;-0,001920181;EUR
Muster Defensiv Plus cVV;26.08.2016;0,0016166108;2.332,67;0,5634232421;546.128,88;-0,000466710;EUR
Muster Defensiv Plus cVV;27.08.2016;0,0000301918;43,64;0,5634682594;546.172,51;0;EUR
Muster Defensiv Plus cVV;28.08.2016;0,0000301909;43,64;0,5635132767;546.216,15;0;EUR
Muster Defensiv Plus cVV;29.08.2016;0,0007604117;1.099,07;0,5646675966;547.315,22;0,003088928;EUR
Muster Defensiv Plus cVV;30.08.2016;0,0034494882;4.989,55;0,5698359480;552.304,76;0,000735856;EUR
Muster Defensiv Plus cVV;31.08.2016;-0,0011518384;-1.671,84;0,5681315774;550.632,93;-0,000172969;EUR
Muster Defensiv Plus cVV;01.09.2016;-0,0013391737;-1.941,50;0,5661488143;548.691,42;-0,001931493;EUR
Muster Defensiv Plus cVV;02.09.2016;0,0055064553;7.972,45;0,5743956326;556.663,87;0,003835752;EUR
Muster Defensiv Plus cVV;03.09.2016;0,0000299734;43,64;0,5744406580;556.707,51;0;EUR
Muster Defensiv Plus cVV;04.09.2016;0,0000299725;43,64;0,5744856835;556.751,14;0;EUR
Muster Defensiv Plus cVV;05.09.2016;0,0020004066;2.912,38;0,5775116479;559.663,52;0,000543201;EUR
Muster Defensiv Plus cVV;06.09.2016;0,0009175211;1.338,49;0,5789136619;561.002,01;-0,001224619;EUR
Muster Defensiv Plus cVV;07.09.2016;0,0015524178;2.266,76;0,5812736988;563.268,77;0,001484370;EUR
Muster Defensiv Plus cVV;08.09.2016;-0,0029781012;-4.355,22;0,5767999935;558.913,55;-0,001835311;EUR
Muster Defensiv Plus cVV;09.09.2016;-0,0037078506;-5.406,26;0,5712412246;553.507,29;-0,007646715;EUR
Muster Defensiv Plus cVV;10.09.2016;0,0000300385;43,64;0,5712862581;553.550,93;0;EUR
Muster Defensiv Plus cVV;11.09.2016;0,0000300376;43,64;0,5713312916;553.594,56;0;EUR
Muster Defensiv Plus cVV;12.09.2016;-0,0069615443;-10.113,31;0,5609140754;543.481,25;-0,000751622;EUR
Muster Defensiv Plus cVV;13.09.2016;-0,0010684781;-1.541,41;0,5593432584;541.939,84;-0,004069621;EUR
Muster Defensiv Plus cVV;14.09.2016;-0,0007891255;-1.137,20;0,5581895223;540.802,64;-0,001565120;EUR
Muster Defensiv Plus cVV;15.09.2016;0,0002143789;308,69;0,5585281138;541.111,34;0,002958942;EUR
Muster Defensiv Plus cVV;16.09.2016;-0,0022240178;-3.203,16;0,5552416944;537.908,18;0,002427026;EUR
Muster Defensiv Plus cVV;17.09.2016;0,0000303646;43,64;0,5552867360;537.951,82;0;EUR
Muster Defensiv Plus cVV;18.09.2016;0,0000303636;43,64;0,5553317776;537.995,45;0;EUR
Muster Defensiv Plus cVV;19.09.2016;0,0026499500;3.808,35;0,5592828087;541.803,80;0,000198911;EUR
Muster Defensiv Plus cVV;20.09.2016;0,0011497656;1.656,75;0,5610130137;543.460,56;0,000692163;EUR
Muster Defensiv Plus cVV;21.09.2016;0,0015789805;2.277,85;0,5633844976;545.738,40;0,004616542;EUR
Muster Defensiv Plus cVV;22.09.2016;0,0052304609;7.557,41;0,5712065949;553.295,81;0,001317489;EUR
Muster Defensiv Plus cVV;23.09.2016;-0,0020964164;-3.044,92;0,5680833051;550.250,89;-0,000629136;EUR
Muster Defensiv Plus cVV;24.09.2016;0,0000301060;43,64;0,5681283547;550.294,52;0;EUR
Muster Defensiv Plus cVV;25.09.2016;0,0000301051;43,64;0,5681734043;550.338,16;0;EUR
Muster Defensiv Plus cVV;26.09.2016;-0,0071962033;-10.430,77;0,5574243918;539.907,38;-0,004112289;EUR
Muster Defensiv Plus cVV;27.09.2016;0,0004595240;661,28;0,5581269317;540.568,66;0,004362429;EUR
Muster Defensiv Plus cVV;28.09.2016;0,0028917277;4.163,26;0,5624453585;544.731,92;0,001349255;EUR
Muster Defensiv Plus cVV;29.09.2016;-0,0003330021;-480,81;0,5619688139;544.251,11;-0,002750218;EUR
Muster Defensiv Plus cVV;30.09.2016;0,0011282789;1.628,55;0,5636703290;545.879,66;0,001793889;EUR
Muster Defensiv Plus cVV;01.10.2016;0,0000264004;38,15;0,5637097215;545.917,81;0;EUR
Muster Defensiv Plus cVV;02.10.2016;0,0000263997;38,15;0,5637491140;545.955,96;0;EUR
Muster Defensiv Plus cVV;03.10.2016;0,0009609819;1.388,72;0,5652030697;547.344,67;0,000046875;EUR
Muster Defensiv Plus cVV;04.10.2016;0,0019542276;2.826,77;0,5681421349;550.171,44;-0,000647998;EUR
Muster Defensiv Plus cVV;05.10.2016;-0,0014454337;-2.094,89;0,5659987880;548.076,55;-0,001998711;EUR
Muster Defensiv Plus cVV;06.10.2016;-0,0000316415;-45,79;0,5659714492;548.030,76;0,000322723;EUR
Muster Defensiv Plus cVV;07.10.2016;-0,0037283474;-5.395,57;0,5604189793;542.635,19;-0,003389376;EUR
Muster Defensiv Plus cVV;08.10.2016;0,0000264598;38,15;0,5604583787;542.673,34;0;EUR
Muster Defensiv Plus cVV;09.10.2016;0,0000264591;38,15;0,5604977782;542.711,49;0;EUR
Muster Defensiv Plus cVV;10.10.2016;0,0044265070;6.382,39;0,5671092882;549.093,87;0,002120081;EUR
Muster Defensiv Plus cVV;11.10.2016;-0,0009276853;-1.343,51;0,5657415847;547.750,36;-0,001018131;EUR
Muster Defensiv Plus cVV;12.10.2016;-0,0015218701;-2.201,99;0,5634870604;545.548,38;0,000496708;EUR
Muster Defensiv Plus cVV;13.10.2016;-0,0040137980;-5.798,71;0,5575172407;539.749,67;-0,001837168;EUR
Muster Defensiv Plus cVV;14.10.2016;0,0048251160;6.942,83;0,5647084120;546.692,50;0,001261309;EUR
Muster Defensiv Plus cVV;15.10.2016;0,0000280107;40,50;0,5647502456;546.733,00;0;EUR
Muster Defensiv Plus cVV;16.10.2016;0,0000280099;40,50;0,5647920791;546.773,50;0;EUR
Muster Defensiv Plus cVV;17.10.2016;-0,0025021521;-3.617,91;0,5610745929;543.155,59;-0,001432210;EUR
Muster Defensiv Plus cVV;18.10.2016;0,0053897173;7.773,59;0,5691245493;550.929,19;0,004001401;EUR
Muster Defensiv Plus cVV;19.10.2016;0,0018990414;2.753,75;0,5719892385;553.682,94;0,002178045;EUR
Muster Defensiv Plus cVV;20.10.2016;0,0011955065;1.736,86;0,5738035648;555.419,80;0,000309124;EUR
Muster Defensiv Plus cVV;21.10.2016;0,0010131987;1.473,76;0,5753461783;556.893,56;0,002002088;EUR
Muster Defensiv Plus cVV;22.10.2016;0,0000260045;37,86;0,5753852964;556.931,43;0;EUR
Muster Defensiv Plus cVV;23.10.2016;0,0000260038;37,86;0,5754244145;556.969,29;0;EUR
Muster Defensiv Plus cVV;24.10.2016;0,0006683041;973,13;0,5764498761;557.942,42;0,000742103;EUR
Muster Defensiv Plus cVV;25.10.2016;-0,0015180708;-2.211,96;0,5741845340;555.730,46;-0,001023711;EUR
Muster Defensiv Plus cVV;26.10.2016;-0,0026404107;-3.841,47;0,5702353385;551.888,99;-0,002868569;EUR
Muster Defensiv Plus cVV;27.10.2016;0,0012792616;1.856,25;0,5721731820;553.745,24;-0,003198110;EUR
Muster Defensiv Plus cVV;28.10.2016;-0,0014191844;-2.061,92;0,5700624375;551.683,32;-0,001965374;EUR
Muster Defensiv Plus cVV;29.10.2016;0,0000260978;37,86;0,5701015624;551.721,18;0;EUR
Muster Defensiv Plus cVV;30.10.2016;0,0000260972;37,86;0,5701406873;551.759,05;0;EUR
Muster Defensiv Plus cVV;31.10.2016;-0,0022605073;-3.279,78;0,5667713037;548.479,27;-0,000936717;EUR
Muster Defensiv Plus cVV;01.11.2016;-0,0025268823;-3.657,98;0,5630108437;544.821,29;-0,004753352;EUR
Muster Defensiv Plus cVV;02.11.2016;-0,0050863753;-7.344,55;0,5554403133;537.476,74;-0,002880034;EUR
Muster Defensiv Plus cVV;03.11.2016;-0,0016450353;-2.363,29;0,5530171623;535.113,45;-0,001391195;EUR
Muster Defensiv Plus cVV;04.11.2016;-0,0032124732;-4.607,52;0,5482744353;530.505,93;-0,001998967;EUR
Muster Defensiv Plus cVV;05.11.2016;0,0000245852;35,15;0,5483107608;530.541,08;0;EUR
Muster Defensiv Plus cVV;06.11.2016;0,0000245846;35,15;0,5483470862;530.576,23;0;EUR
Muster Defensiv Plus cVV;07.11.2016;0,0084795715;12.123,42;0,5608959282;542.699,65;0,008155244;EUR
Muster Defensiv Plus cVV;08.11.2016;0,0021427659;3.089,54;0,5641085099;545.789,18;0,000976627;EUR
Muster Defensiv Plus cVV;09.11.2016;0,0058741561;8.487,77;0,5729009099;554.276,95;0,003722144;EUR
Muster Defensiv Plus cVV;10.11.2016;-0,0015651432;-2.274,81;0,5705693048;552.002,14;0,001411510;EUR
Muster Defensiv Plus cVV;11.11.2016;-0,0034083689;-4.946,04;0,5654763445;547.056,09;-0,002290470;EUR
Muster Defensiv Plus cVV;12.11.2016;0,0000217345;31,43;0,5655088354;547.087,53;0;EUR
Muster Defensiv Plus cVV;13.11.2016;0,0000217340;31,43;0,5655413262;547.118,96;0;EUR
Muster Defensiv Plus cVV;14.11.2016;0,0007167139;1.036,56;0,5666322568;548.155,52;0,002216933;EUR
Muster Defensiv Plus cVV;15.11.2016;0,0026726877;3.868,18;0,5706504141;552.023,70;0,003047773;EUR
Muster Defensiv Plus cVV;16.11.2016;0,0014170009;2.056,31;0,5727957518;554.080,01;0,000148827;EUR
Muster Defensiv Plus cVV;17.11.2016;0,0023503047;3.415,52;0,5763463914;557.495,53;0,002541344;EUR
Muster Defensiv Plus cVV;18.11.2016;-0,0011317751;-1.648,59;0,5746617301;555.846,94;0,000755250;EUR
Muster Defensiv Plus cVV;19.11.2016;0,0000216032;31,43;0,5746942265;555.878,37;0;EUR
Muster Defensiv Plus cVV;20.11.2016;0,0000216027;31,43;0,5747267229;555.909,80;0;EUR
Muster Defensiv Plus cVV;21.11.2016;0,0001244952;181,15;0,5749336652;556.090,95;0,001757723;EUR
Muster Defensiv Plus cVV;22.11.2016;-0,0007880013;-1.146,73;0,5737676867;554.944,22;0,003101567;EUR
Muster Defensiv Plus cVV;23.11.2016;-0,0011371190;-1.653,47;0,5720776584;553.290,75;0,002188085;EUR
Muster Defensiv Plus cVV;24.11.2016;0,0021149382;3.071,81;0,5752733926;556.362,56;-0,001052700;EUR
Muster Defensiv Plus cVV;25.11.2016;0,0008063575;1.173,66;0,5765065882;557.536,22;0,000619715;EUR
Muster Defensiv Plus cVV;26.11.2016;0,0000199651;29,08;0,5765366605;557.565,30;0;EUR
Muster Defensiv Plus cVV;27.11.2016;0,0000215821;31,44;0,5765691691;557.596,74;0;EUR
Muster Defensiv Plus cVV;28.11.2016;-0,0022751506;-3.314,31;0,5731616034;554.282,44;-0,000184723;EUR
Muster Defensiv Plus cVV;29.11.2016;0,0000728217;105,84;0,5732905469;554.388,28;-0,000248279;EUR
Muster Defensiv Plus cVV;30.11.2016;0,0019053950;2.769,55;0,5761741087;557.157,83;-0,000567297;EUR
Muster Defensiv Plus cVV;01.12.2016;-0,0028117360;-4.094,74;0,5719590289;553.063,09;-0,003065066;EUR
Muster Defensiv Plus cVV;02.12.2016;-0,0004649795;-675,25;0,5712800862;552.387,85;-0,001938121;EUR
Muster Defensiv Plus cVV;03.12.2016;0,0000216591;31,44;0,5713126003;552.419,28;0;EUR
Muster Defensiv Plus cVV;04.12.2016;0,0000216586;31,44;0,5713451145;552.450,72;0;EUR
Muster Defensiv Plus cVV;05.12.2016;0,0002523987;366,38;0,5717433982;552.817,10;-0,000107913;EUR
Muster Defensiv Plus cVV;06.12.2016;0,0040467158;5.875,68;0,5778397962;558.692,78;0,001086835;EUR
Muster Defensiv Plus cVV;07.12.2016;0,0038481448;5.609,97;0,5836617654;564.302,75;0,002676983;EUR
Muster Defensiv Plus cVV;08.12.2016;0,0065675016;9.611,19;0,5936227393;573.913,95;0,004832133;EUR
Muster Defensiv Plus cVV;09.12.2016;0,0055175310;8.127,65;0,6020498217;582.041,59;0,005478038;EUR
Muster Defensiv Plus cVV;10.12.2016;0,0000212351;31,45;0,6020823560;582.073,05;0;EUR
Muster Defensiv Plus cVV;11.12.2016;0,0000212346;31,45;0,6021148904;582.104,50;0;EUR
Muster Defensiv Plus cVV;12.12.2016;-0,0023986547;-3.553,01;0,5984599300;578.551,49;-0,002690924;EUR
Muster Defensiv Plus cVV;13.12.2016;0,0049122797;7.258,86;0,6059889890;585.810,35;0,002038823;EUR
Muster Defensiv Plus cVV;14.12.2016;-0,0006102759;-906,23;0,6050719092;584.904,12;-0,001522508;EUR
Muster Defensiv Plus cVV;15.12.2016;0,0038756893;5.751,71;0,6110424938;590.655,83;0,005557592;EUR
Muster Defensiv Plus cVV;16.12.2016;0,0025388189;3.782,33;0,6149760394;594.438,17;0,001289768;EUR
Muster Defensiv Plus cVV;17.12.2016;0,0000210588;31,45;0,6150085793;594.469,62;0;EUR
Muster Defensiv Plus cVV;18.12.2016;0,0000210584;31,45;0,6150411191;594.501,07;0;EUR
Muster Defensiv Plus cVV;19.12.2016;0,0013788231;2.059,47;0,6171924660;596.560,55;-0,000048291;EUR
Muster Defensiv Plus cVV;20.12.2016;0,0001482276;221,70;0,6174425460;596.782,25;0,003462998;EUR
Muster Defensiv Plus cVV;21.12.2016;0,0000970523;145,18;0,6176134493;596.927,43;-0,002358729;EUR
Muster Defensiv Plus cVV;22.12.2016;-0,0013066536;-1.954,85;0,6156114654;594.972,58;-0,001672948;EUR
Muster Defensiv Plus cVV;23.12.2016;0,0009563008;1.428,83;0,6171104942;596.401,41;0,000194271;EUR
Muster Defensiv Plus cVV;24.12.2016;0,0000210312;31,45;0,6171430395;596.432,86;0;EUR
Muster Defensiv Plus cVV;25.12.2016;0,0000210308;31,45;0,6171755848;596.464,32;0;EUR
Muster Defensiv Plus cVV;26.12.2016;-0,0000255223;-38,17;0,6171567093;596.426,15;-0,000132493;EUR
Muster Defensiv Plus cVV;27.12.2016;0,0010839730;1.621,16;0,6188548750;598.047,30;0,001554625;EUR
Muster Defensiv Plus cVV;28.12.2016;0,0013062391;1.955,69;0,6208993173;600.002,99;0,001202121;EUR
Muster Defensiv Plus cVV;29.12.2016;-0,0013498174;-2.023,58;0,6188258862;597.979,42;-0,002797251;EUR
Muster Defensiv Plus cVV;30.12.2016;-0,0005344299;-800,11;0,6180184590;597.179,31;-0,002056979;EUR
Muster Defensiv Plus cVV;31.12.2016;0,0000210203;31,45;0,6180510098;597.210,76;0;EUR
Muster Defensiv Plus cVV;01.01.2017;0,0000210198;31,45;0,6180835605;597.242,22;0;EUR
Muster Defensiv Plus cVV;02.01.2017;0,0033880500;5.009,02;0,6232936478;602.251,24;0,002363478;EUR
Muster Defensiv Plus cVV;03.01.2017;0,0023938890;3.551,21;0,6269953363;605.802,44;0,001946251;EUR
Muster Defensiv Plus cVV;04.01.2017;0,0017588988;2.615,48;0,6297288079;608.417,92;0,000170248;EUR
Muster Defensiv Plus cVV;05.01.2017;0,0007128650;1.061,89;0,6308544142;609.479,81;-0,001694534;EUR
Muster Defensiv Plus cVV;06.01.2017;-0,0007150458;-1.065,90;0,6297775811;608.413,91;0,000003408;EUR
Muster Defensiv Plus cVV;07.01.2017;0,0000211150;31,45;0,6298101386;608.445,37;0;EUR
Muster Defensiv Plus cVV;08.01.2017;0,0000211146;31,45;0,6298426962;608.476,82;0;EUR
Muster Defensiv Plus cVV;09.01.2017;-0,0008974939;-1.336,97;0,6284851493;607.139,85;-0,000567632;EUR
Muster Defensiv Plus cVV;10.01.2017;0,0003244322;482,86;0,6290113581;607.622,71;-0,000012676;EUR
Muster Defensiv Plus cVV;11.01.2017;0,0015375465;2.289,13;0,6314075085;609.911,84;0,002943969;EUR
Muster Defensiv Plus cVV;12.01.2017;-0,0035365588;-5.273,39;0,6259744596;604.638,45;-0,004050676;EUR
Muster Defensiv Plus cVV;13.01.2017;0,0027612669;4.102,78;0,6302483672;608.741,23;0,002302916;EUR
Muster Defensiv Plus cVV;14.01.2017;0,0000211104;31,45;0,6302809316;608.772,69;0;EUR
Muster Defensiv Plus cVV;15.01.2017;0,0000211099;31,45;0,6303134960;608.804,14;0;EUR
Muster Defensiv Plus cVV;16.01.2017;-0,0008866099;-1.321,05;0,6289720456;607.483,09;-0,000504437;EUR
Muster Defensiv Plus cVV;17.01.2017;-0,0020014986;-2.979,59;0,6259131785;604.503,51;-0,001497935;EUR
Muster Defensiv Plus cVV;18.01.2017;0,0012416007;1.844,64;0,6278493312;606.348,15;0,000299550;EUR
Muster Defensiv Plus cVV;19.01.2017;-0,0016115887;-2.397,31;0,6253930646;603.950,84;-0,000302492;EUR
Muster Defensiv Plus cVV;20.01.2017;0,0008772528;1.302,85;0,6267682524;605.253,69;-0,000939251;EUR
Muster Defensiv Plus cVV;21.01.2017;0,0000211599;31,45;0,6268008235;605.285,14;0;EUR
Muster Defensiv Plus cVV;22.01.2017;0,0000211595;31,45;0,6268333947;605.316,60;0;EUR
Muster Defensiv Plus cVV;23.01.2017;-0,0032665201;-4.855,72;0,6218309257;600.460,88;-0,001478457;EUR
Muster Defensiv Plus cVV;24.01.2017;0,0011592417;1.717,60;0,6236355579;602.178,47;0,000965977;EUR
Muster Defensiv Plus cVV;25.01.2017;0,0057305278;8.500,51;0,6324652155;610.678,99;0,003582026;EUR
Muster Defensiv Plus cVV;26.01.2017;0,0022148281;3.304,24;0,6359137091;613.983,23;0,000924036;EUR
Muster Defensiv Plus cVV;27.01.2017;-0,0003623314;-541,75;0,6353789309;613.441,48;-0,000890263;EUR
Muster Defensiv Plus cVV;28.01.2017;0,0000210440;31,45;0,6354115088;613.472,94;0;EUR
Muster Defensiv Plus cVV;29.01.2017;0,0000210435;31,45;0,6354440867;613.504,39;0;EUR
Muster Defensiv Plus cVV;30.01.2017;-0,0037563459;-5.614,61;0,6296547540;607.889,78;-0,002508300;EUR
Muster Defensiv Plus cVV;31.01.2017;-0,0045954512;-6.843,02;0,6225924741;601.046,76;-0,003748515;EUR
Muster Defensiv Plus cVV;01.02.2017;0,0031801958;4.713,82;0,6275011955;605.760,58;0,002523904;EUR
Muster Defensiv Plus cVV;02.02.2017;-0,0011040437;-1.641,66;0,6258264451;604.118,92;0,000178563;EUR
Muster Defensiv Plus cVV;03.02.2017;0,0019793984;2.940,03;0,6288980523;607.058,95;0,002093864;EUR
Muster Defensiv Plus cVV;04.02.2017;0,0000261357;38,90;0,6289383482;607.097,84;0;EUR
Muster Defensiv Plus cVV;05.02.2017;0,0000261350;38,90;0,6289786441;607.136,74;0;EUR
Muster Defensiv Plus cVV;06.02.2017;-0,0007847435;-1.167,96;0,6277945347;605.968,78;-0,000653641;EUR
Muster Defensiv Plus cVV;07.02.2017;0,0026361044;3.920,32;0,6318820682;609.889,10;0,001633730;EUR
Muster Defensiv Plus cVV;08.02.2017;0,0011451347;1.707,49;0,6336771961;611.596,59;0,001318381;EUR
Muster Defensiv Plus cVV;09.02.2017;0,0028173026;4.205,65;0,6380608986;615.802,24;0,002584454;EUR
Muster Defensiv Plus cVV;10.02.2017;0,0023079315;3.454,97;0,6416670920;619.257,21;0,001568560;EUR
Muster Defensiv Plus cVV;11.02.2017;0,0000235139;35,28;0,6417036504;619.292,49;0;EUR
Muster Defensiv Plus cVV;12.02.2017;0,0000235134;35,28;0,6417402087;619.327,77;0;EUR
Muster Defensiv Plus cVV;13.02.2017;0,0035448322;5.319,10;0,6472783501;624.646,87;0,002665896;EUR
Muster Defensiv Plus cVV;14.02.2017;-0,0003554027;-535,18;0,6467502838;624.111,69;0,000481572;EUR
Muster Defensiv Plus cVV;15.02.2017;0,0022948562;3.454,46;0,6503566793;627.566,15;0,000989311;EUR
Muster Defensiv Plus cVV;16.02.2017;-0,0015060675;-2.272,30;0,6480283712;625.293,86;-0,001530887;EUR
Muster Defensiv Plus cVV;17.02.2017;0,0019921135;3.001,10;0,6511651956;628.294,96;0,001706290;EUR
Muster Defensiv Plus cVV;18.02.2017;0,0000233970;35,32;0,6512017987;628.330,27;0;EUR
Muster Defensiv Plus cVV;19.02.2017;0,0000233964;35,32;0,6512384018;628.365,59;0;EUR
Muster Defensiv Plus cVV;20.02.2017;0,0016485116;2.488,53;0,6538442122;630.854,12;0,001975211;EUR
Muster Defensiv Plus cVV;21.02.2017;0,0049934126;7.550,29;0,6616966467;638.404,40;0,004032322;EUR
Muster Defensiv Plus cVV;22.02.2017;0,0017626527;2.678,53;0,6644999838;641.082,93;0,001569672;EUR
Muster Defensiv Plus cVV;23.02.2017;-0,0003163322;-481,55;0,6640278897;640.601,39;-0,000395450;EUR
Muster Defensiv Plus cVV;24.02.2017;-0,0028722430;-4.370,97;0,6595239091;636.230,42;-0,001098444;EUR
Muster Defensiv Plus cVV;25.02.2017;0,0000233020;35,36;0,6595605628;636.265,78;0;EUR
Muster Defensiv Plus cVV;26.02.2017;0,0000233015;35,36;0,6595972164;636.301,13;0;EUR
Muster Defensiv Plus cVV;27.02.2017;-0,0011113080;-1.686,41;0,6578758106;634.614,73;-0,000694330;EUR
Muster Defensiv Plus cVV;28.02.2017;0,0005950929;902,05;0,6588376793;635.516,78;-0,000698534;EUR
Muster Defensiv Plus cVV;01.03.2017;0,0053804261;8.160,56;0,6673247734;643.677,33;0,004091619;EUR
Muster Defensiv Plus cVV;02.03.2017;0,0031144634;4.749,16;0,6722756620;648.426,49;-0,000701059;EUR
Muster Defensiv Plus cVV;03.03.2017;-0,0030208925;-4.620,82;0,6675119218;643.805,67;-0,002561670;EUR
Muster Defensiv Plus cVV;04.03.2017;0,0000231550;35,31;0,6675485334;643.840,98;0;EUR
Muster Defensiv Plus cVV;05.03.2017;0,0000231544;35,31;0,6675851450;643.876,29;0;EUR
Muster Defensiv Plus cVV;06.03.2017;-0,0003159942;-481,91;0,6671124825;643.394,38;-0,001644946;EUR
Muster Defensiv Plus cVV;07.03.2017;-0,0007763181;-1.183,57;0,6659122084;642.210,81;0,001292704;EUR
Muster Defensiv Plus cVV;08.03.2017;-0,0005646194;-860,14;0,6650471838;641.350,67;-0,001766708;EUR
Muster Defensiv Plus cVV;09.03.2017;-0,0014914993;-2.270,88;0,6627191502;639.079,79;-0,000858633;EUR
Muster Defensiv Plus cVV;10.03.2017;-0,0020395693;-3.100,71;0,6595303438;635.979,09;-0,002916692;EUR
Muster Defensiv Plus cVV;11.03.2017;0,0000232509;35,28;0,6595669258;636.014,36;0;EUR
Muster Defensiv Plus cVV;12.03.2017;0,0000232504;35,28;0,6596035078;636.049,64;0;EUR
Muster Defensiv Plus cVV;13.03.2017;0,0026730155;4.055,62;0,6638360561;640.105,26;0,000818802;EUR
Muster Defensiv Plus cVV;14.03.2017;-0,0000916399;-139,41;0,6637181908;639.965,84;0,000516413;EUR
Muster Defensiv Plus cVV;15.03.2017;-0,0000983869;-149,66;0,6635896597;639.816,18;0,002525861;EUR
Muster Defensiv Plus cVV;16.03.2017;0,0016295758;2.478,60;0,6661871262;642.294,78;-0,000540850;EUR
Muster Defensiv Plus cVV;17.03.2017;0,0007299143;1.112,02;0,6673672985;643.406,80;-0,000127315;EUR
Muster Defensiv Plus cVV;18.03.2017;0,0000231064;35,23;0,6674038385;643.442,03;0;EUR
Muster Defensiv Plus cVV;19.03.2017;0,0000231059;35,23;0,6674403784;643.477,26;0;EUR
Muster Defensiv Plus cVV;20.03.2017;0,0011413529;1.740,19;0,6692722149;645.217,45;-0,000806885;EUR
Muster Defensiv Plus cVV;21.03.2017;-0,0044698428;-6.822,82;0,6622215600;638.394,62;-0,004550689;EUR
Muster Defensiv Plus cVV;22.03.2017;-0,0013208773;-2.007,19;0,6601658833;636.387,43;-0,000045572;EUR
Muster Defensiv Plus cVV;23.03.2017;0,0037494619;5.690,12;0,6660952550;642.077,55;0,001900564;EUR
Muster Defensiv Plus cVV;24.03.2017;-0,0005285822;-805,17;0,6652865490;641.272,37;0,000245271;EUR
Muster Defensiv Plus cVV;25.03.2017;0,0000231115;35,19;0,6653230533;641.307,56;0;EUR
Muster Defensiv Plus cVV;26.03.2017;0,0000231110;35,19;0,6653595575;641.342,75;0;EUR
Muster Defensiv Plus cVV;27.03.2017;-0,0028335888;-4.314,25;0,6609101414;637.028,50;-0,002791294;EUR
Muster Defensiv Plus cVV;28.03.2017;0,0053815608;8.170,41;0,6694135611;645.198,91;0,004553877;EUR
Muster Defensiv Plus cVV;29.03.2017;0,0045823593;6.994,49;0,6766975254;652.193,40;0,004206648;EUR
Muster Defensiv Plus cVV;30.03.2017;0,0027891185;4.276,80;0,6811621406;656.470,20;0,001487166;EUR
Muster Defensiv Plus cVV;31.03.2017;0,0007407248;1.138,99;0,6823711175;657.609,19;0,001052834;EUR
Muster Defensiv Plus cVV;01.04.2017;0,0000229311;35,29;0,6824077327;657.644,48;0;EUR
Muster Defensiv Plus cVV;02.04.2017;0,0000229306;35,29;0,6824443479;657.679,76;0;EUR
Muster Defensiv Plus cVV;03.04.2017;-0,0002318228;-356,75;0,6821012827;657.323,02;0,001458651;EUR
Muster Defensiv Plus cVV;04.04.2017;0,0049224132;7.573,22;0,6899873867;664.896,24;0,000699548;EUR
Muster Defensiv Plus cVV;05.04.2017;-0,0008519633;-1.317,21;0,6886477918;663.579,03;-0,001135073;EUR
Muster Defensiv Plus cVV;06.04.2017;-0,0006705150;-1.035,79;0,6876001273;662.543,23;-0,000025932;EUR
Muster Defensiv Plus cVV;07.04.2017;0,0022297778;3.442,19;0,6911998808;665.985,43;0,001322359;EUR
Muster Defensiv Plus cVV;08.04.2017;0,0000236732;36,63;0,6912378943;666.022,05;0;EUR
Muster Defensiv Plus cVV;09.04.2017;0,0000236727;36,63;0,6912759078;666.058,68;0;EUR
Muster Defensiv Plus cVV;10.04.2017;-0,0002644384;-409,15;0,6908786053;665.649,53;0,000692677;EUR
Muster Defensiv Plus cVV;11.04.2017;0,0000573492;88,71;0,6909979998;665.738,24;-0,000961542;EUR
Muster Defensiv Plus cVV;12.04.2017;0,0010556117;1.632,96;0,6927202853;667.371,20;-0,000353005;EUR
Muster Defensiv Plus cVV;13.04.2017;-0,0018911434;-2.928,56;0,6897077099;664.442,64;-0,001172706;EUR
Muster Defensiv Plus cVV;14.04.2017;-0,0000135147;-20,89;0,6897132256;664.421,75;-0,000080650;EUR
Muster Defensiv Plus cVV;15.04.2017;0,0000236882;36,61;0,6897512322;664.458,36;0;EUR
Muster Defensiv Plus cVV;16.04.2017;0,0000236876;36,61;0,6897892387;664.494,97;0;EUR
Muster Defensiv Plus cVV;17.04.2017;0,0003781558;584,51;0,6904232028;665.079,48;0,000686917;EUR
Muster Defensiv Plus cVV;18.04.2017;-0,0042358609;-6.549,80;0,6836507215;658.529,68;-0,002813024;EUR
Muster Defensiv Plus cVV;19.04.2017;-0,0019266348;-2.966,49;0,6805978390;655.563,19;-0,001701228;EUR
Muster Defensiv Plus cVV;20.04.2017;-0,0000515173;-79,17;0,6805423885;655.484,02;-0,000200844;EUR
Muster Defensiv Plus cVV;21.04.2017;0,0010863435;1.669,36;0,6823023555;657.153,38;0,001083631;EUR
Muster Defensiv Plus cVV;22.04.2017;0,0000237499;36,54;0,6823402893;657.189,92;0;EUR
Muster Defensiv Plus cVV;23.04.2017;0,0000237493;36,54;0,6823782231;657.226,46;0;EUR
Muster Defensiv Plus cVV;24.04.2017;0,0053209887;8.185,92;0,6909045209;665.412,38;0,003217778;EUR
Muster Defensiv Plus cVV;25.04.2017;-0,0004101202;-634,30;0,6902729787;664.778,09;-0,000348678;EUR
Muster Defensiv Plus cVV;26.04.2017;0,0024819464;3.837,02;0,6942843414;668.615,11;0,001694507;EUR
Muster Defensiv Plus cVV;27.04.2017;0,0010632282;1.647,80;0,6960226355;670.262,91;0,001235169;EUR
Muster Defensiv Plus cVV;28.04.2017;-0,0008849773;-1.373,01;0,6946240141;668.889,90;-0,000874142;EUR
Muster Defensiv Plus cVV;29.04.2017;0,0000234920;36,41;0,6946618297;668.926,32;0;EUR
Muster Defensiv Plus cVV;30.04.2017;0,0000234914;36,41;0,6946996452;668.962,73;0;EUR
Muster Defensiv Plus cVV;01.05.2017;0,0006486868;1.005,57;0,6957710717;669.968,30;-0,000055197;EUR
Muster Defensiv Plus cVV;02.05.2017;0,0021201962;3.288,77;0,6992137873;673.257,07;0,001396466;EUR
Muster Defensiv Plus cVV;03.05.2017;0,0018730716;2.911,60;0,7022650193;676.168,67;-0,000000345;EUR
Muster Defensiv Plus cVV;04.05.2017;0,0009418389;1.466,79;0,7038158291;677.635,46;0,000353178;EUR
Muster Defensiv Plus cVV;05.05.2017;0,0023761363;3.703,99;0,7076904673;681.339,45;0,000415991;EUR
Muster Defensiv Plus cVV;06.05.2017;0,0000232636;36,35;0,7077282233;681.375,80;0;EUR
Muster Defensiv Plus cVV;07.05.2017;0,0000232630;36,35;0,7077659792;681.412,15;0;EUR
Muster Defensiv Plus cVV;08.05.2017;0,0023823185;3.722,63;0,7116602524;685.134,78;0,000920041;EUR
Muster Defensiv Plus cVV;09.05.2017;0,0024968060;3.910,82;0,7157502903;689.045,60;0,001097819;EUR
Muster Defensiv Plus cVV;10.05.2017;-0,0002719355;-427,00;0,7153345019;688.618,60;0,000903460;EUR
Muster Defensiv Plus cVV;11.05.2017;-0,0001884405;-295,82;0,7150549385;688.322,78;-0,001257477;EUR
Muster Defensiv Plus cVV;12.05.2017;0,0018752227;2.943,20;0,7181402631;691.265,98;0,000813810;EUR
Muster Defensiv Plus cVV;13.05.2017;0,0000231424;36,39;0,7181780683;691.302,37;0;EUR
Muster Defensiv Plus cVV;14.05.2017;0,0000231418;36,39;0,7182158735;691.338,76;0;EUR
Muster Defensiv Plus cVV;15.05.2017;-0,0006094152;-958,33;0,7172480566;690.380,43;0,000123873;EUR
Muster Defensiv Plus cVV;16.05.2017;-0,0003740653;-587,87;0,7166650254;689.792,56;-0,001387107;EUR
Muster Defensiv Plus cVV;17.05.2017;-0,0069366648;-10.897,42;0,7053703341;678.895,15;-0,004533556;EUR
Muster Defensiv Plus cVV;18.05.2017;-0,0025395197;-3.961,88;0,7012810271;674.933,27;-0,000080701;EUR
Muster Defensiv Plus cVV;19.05.2017;0,0009679303;1.506,22;0,7028731646;676.439,49;0,000568309;EUR
Muster Defensiv Plus cVV;20.05.2017;0,0000232471;36,21;0,7029107901;676.475,70;0;EUR
Muster Defensiv Plus cVV;21.05.2017;0,0000232466;36,21;0,7029484156;676.511,91;0;EUR
Muster Defensiv Plus cVV;22.05.2017;0,0002130840;331,92;0,7033204167;676.843,83;-0,000384017;EUR
Muster Defensiv Plus cVV;23.05.2017;0,0006927324;1.079,30;0,7044690691;677.923,14;0,000929063;EUR
Muster Defensiv Plus cVV;24.05.2017;0,0007912229;1.233,61;0,7057781395;679.156,75;0,000604680;EUR
Muster Defensiv Plus cVV;25.05.2017;0,0006395076;997,86;0,7068422822;680.154,60;0,000717437;EUR
Muster Defensiv Plus cVV;26.05.2017;0,0013006857;2.030,83;0,7089800230;682.185,43;0,000770696;EUR
Muster Defensiv Plus cVV;27.05.2017;0,0000231745;36,23;0,7090176767;682.221,66;0;EUR
Muster Defensiv Plus cVV;28.05.2017;0,0000231740;36,23;0,7090553304;682.257,89;0;EUR
Muster Defensiv Plus cVV;29.05.2017;0,0003897230;609,31;0,7097158114;682.867,20;0,001751690;EUR
Muster Defensiv Plus cVV;30.05.2017;-0,0014801601;-2.315,06;0,7073368461;680.552,14;-0,000736147;EUR
Muster Defensiv Plus cVV;31.05.2017;-0,0002935225;-458,41;0,7068874756;680.093,73;-0,000485458;EUR
Muster Defensiv Plus cVV;01.06.2017;0,0019174393;2.993,68;0,7100262704;683.087,41;0,001746845;EUR
Muster Defensiv Plus cVV;02.06.2017;0,0038973121;6.096,50;0,7163905904;689.183,91;0,003157167;EUR
Muster Defensiv Plus cVV;03.06.2017;0,0000230283;36,16;0,7164281813;689.220,07;0;EUR
Muster Defensiv Plus cVV;04.06.2017;0,0000230278;36,16;0,7164657721;689.256,23;0;EUR
Muster Defensiv Plus cVV;05.06.2017;0,0006032509;947,38;0,7174779606;690.203,61;0,000048401;EUR
Muster Defensiv Plus cVV;06.06.2017;-0,0042669464;-6.705,07;0,7105350497;683.498,54;-0,002141144;EUR
Muster Defensiv Plus cVV;07.06.2017;-0,0012957904;-2.027,52;0,7084543552;681.471,02;-0,000134957;EUR
Muster Defensiv Plus cVV;08.06.2017;-0,0002450322;-382,90;0,7080832737;681.088,12;0,000711650;EUR
Muster Defensiv Plus cVV;09.06.2017;0,0012655968;1.977,22;0,7101659016;683.065,34;0,001825613;EUR
Muster Defensiv Plus cVV;10.06.2017;0,0000231535;36,22;0,7102035566;683.101,56;0;EUR
Muster Defensiv Plus cVV;11.06.2017;0,0000231529;36,22;0,7102412116;683.137,77;0;EUR
Muster Defensiv Plus cVV;12.06.2017;-0,0033112871;-5.179,96;0,7048825564;677.957,82;-0,002179563;EUR
Muster Defensiv Plus cVV;13.06.2017;0,0016601474;2.588,42;0,7076006729;680.546,24;0,001557161;EUR
Muster Defensiv Plus cVV;14.06.2017;0,0011272138;1.760,42;0,7094580150;682.306,66;0,000280203;EUR
Muster Defensiv Plus cVV;15.06.2017;-0,0022184097;-3.468,49;0,7058782867;678.838,17;-0,002695250;EUR
Muster Defensiv Plus cVV;16.06.2017;0,0034942309;5.451,12;0,7115735130;684.289,29;0,001181172;EUR
Muster Defensiv Plus cVV;17.06.2017;0,0000231357;36,22;0,7116111758;684.325,51;0;EUR
Muster Defensiv Plus cVV;18.06.2017;0,0000231352;36,22;0,7116488385;684.361,73;0;EUR
Muster Defensiv Plus cVV;19.06.2017;0,0042720961;6.688,21;0,7186309423;691.049,94;0,003607674;EUR
Muster Defensiv Plus cVV;20.06.2017;-0,0007650009;-1.202,77;0,7174073182;689.847,17;-0,001402045;EUR
Muster Defensiv Plus cVV;21.06.2017;-0,0023458572;-3.685,44;0,7136016216;686.161,73;-0,001249530;EUR
Muster Defensiv Plus cVV;22.06.2017;0,0007439174;1.165,98;0,7148412393;687.327,71;0,000164263;EUR
Muster Defensiv Plus cVV;23.06.2017;-0,0015660692;-2.456,42;0,7123133808;684.871,29;-0,001143689;EUR
Muster Defensiv Plus cVV;24.06.2017;0,0000231274;36,22;0,7123510511;684.907,51;0;EUR
Muster Defensiv Plus cVV;25.06.2017;0,0000231268;36,22;0,7123887214;684.943,73;0;EUR
Muster Defensiv Plus cVV;26.06.2017;0,0019140217;2.997,62;0,7155334417;687.941,36;0,000778324;EUR
Muster Defensiv Plus cVV;27.06.2017;-0,0061708589;-9.682,92;0,7054887398;678.258,44;-0,005943867;EUR
Muster Defensiv Plus cVV;28.06.2017;-0,0006222757;-970,41;0,7045058933;677.288,03;-0,000379839;EUR
Muster Defensiv Plus cVV;29.06.2017;-0,0083934283;-13.081,02;0,6909251841;664.207,01;-0,007102069;EUR
Muster Defensiv Plus cVV;30.06.2017;-0,0022831779;-3.528,43;0,6872806523;660.678,58;-0,001461462;EUR
Muster Defensiv Plus cVV;01.07.2017;0,0000233980;36,08;0,6873181816;660.714,66;0;EUR
Muster Defensiv Plus cVV;02.07.2017;0,0000233974;36,08;0,6873557110;660.750,73;0;EUR
Muster Defensiv Plus cVV;03.07.2017;0,0011433717;1.763,02;0,6892155960;662.513,75;0,003214179;EUR
Muster Defensiv Plus cVV;04.07.2017;-0,0006579679;-1.015,71;0,6881847670;661.498,04;0,000235427;EUR
Muster Defensiv Plus cVV;05.07.2017;0,0008239566;1.271,11;0,6895330071;662.769,15;0,000959245;EUR
Muster Defensiv Plus cVV;06.07.2017;-0,0039644908;-6.121,03;0,6831903832;656.648,12;-0,005362438;EUR
Muster Defensiv Plus cVV;07.07.2017;-0,0013179951;-2.026,87;0,6811070730;654.621,25;0,001221786;EUR
Muster Defensiv Plus cVV;08.07.2017;0,0000234987;36,09;0,6811446228;654.657,34;0;EUR
Muster Defensiv Plus cVV;09.07.2017;0,0000234981;36,09;0,6811821727;654.693,43;0;EUR
Muster Defensiv Plus cVV;10.07.2017;0,0034005926;5.222,93;0,6866420953;659.916,36;0,001760373;EUR
Muster Defensiv Plus cVV;11.07.2017;-0,0015485870;-2.386,55;0,6841844565;657.529,81;-0,001306911;EUR
Muster Defensiv Plus cVV;12.07.2017;0,0060458677;9.302,93;0,6938904012;666.832,74;0,005463825;EUR
Muster Defensiv Plus cVV;13.07.2017;0,0002918852;451,85;0,6943864769;667.284,59;0,000424682;EUR
Muster Defensiv Plus cVV;14.07.2017;-0,0001514976;-234,59;0,6941682226;667.050,00;0,000018294;EUR
Muster Defensiv Plus cVV;15.07.2017;0,0000232825;36,05;0,6942057350;667.086,05;0;EUR
Muster Defensiv Plus cVV;16.07.2017;0,0000232819;36,05;0,6942432475;667.122,09;0;EUR
Muster Defensiv Plus cVV;17.07.2017;0,0002634463;407,90;0,6946935905;667.529,99;-0,000369854;EUR
Muster Defensiv Plus cVV;18.07.2017;-0,0033184849;-5.139,42;0,6893706739;662.390,57;-0,003186869;EUR
Muster Defensiv Plus cVV;19.07.2017;0,0024303779;3.751,50;0,6933007402;666.142,07;0,002545373;EUR
Muster Defensiv Plus cVV;20.07.2017;-0,0015354529;-2.375,86;0,6908536652;663.766,20;-0,001310922;EUR
Muster Defensiv Plus cVV;21.07.2017;-0,0034236220;-5.289,36;0,6853738764;658.476,84;-0,002688506;EUR
Muster Defensiv Plus cVV;22.07.2017;0,0000233368;35,93;0,6854112751;658.512,77;0;EUR
Muster Defensiv Plus cVV;23.07.2017;0,0000233363;35,93;0,6854486739;658.548,70;0;EUR
Muster Defensiv Plus cVV;24.07.2017;0,0001668463;256,90;0,6857414873;658.805,60;-0,000218550;EUR
Muster Defensiv Plus cVV;25.07.2017;0,0004994603;769,17;0,6865675327;659.574,77;-0,000229915;EUR
Muster Defensiv Plus cVV;26.07.2017;-0,0000836620;-128,90;0,6864587557;659.445,87;0,001545707;EUR
Muster Defensiv Plus cVV;27.07.2017;0,0007040566;1.084,70;0,6876133098;660.530,57;-0,000943945;EUR
Muster Defensiv Plus cVV;28.07.2017;-0,0043893016;-6.767,10;0,6805938911;653.763,47;-0,002238438;EUR
Muster Defensiv Plus cVV;29.07.2017;0,0000233728;35,88;0,6806312397;653.799,34;0;EUR
Muster Defensiv Plus cVV;30.07.2017;0,0000233722;35,88;0,6806685883;653.835,22;0;EUR
Muster Defensiv Plus cVV;31.07.2017;-0,0029969916;-4.600,47;0,6759042591;649.234,75;-0,001276514;EUR
Muster Defensiv Plus cVV;01.08.2017;0,0040461689;6.192,38;0,6823761748;655.427,12;0,003694643;EUR
Muster Defensiv Plus cVV;02.08.2017;-0,0018705001;-2.874,25;0,6794087763;652.552,87;-0,001451609;EUR
Muster Defensiv Plus cVV;03.08.2017;-0,0006652267;-1.020,29;0,6783714701;651.532,58;-0,000500563;EUR
Muster Defensiv Plus cVV;04.08.2017;0,0033484300;5.132,23;0,6837402667;656.664,81;0,003725174;EUR
Muster Defensiv Plus cVV;05.08.2017;0,0000233227;35,87;0,6837776125;656.700,68;0;EUR
Muster Defensiv Plus cVV;06.08.2017;0,0000233221;35,87;0,6838149584;656.736,55;0;EUR
Muster Defensiv Plus cVV;07.08.2017;-0,0016555750;-2.546,16;0,6811888493;654.190,39;-0,000476997;EUR
Muster Defensiv Plus cVV;08.08.2017;0,0014468349;2.221,45;0,6835270777;656.411,83;0,000469769;EUR
Muster Defensiv Plus cVV;09.08.2017;-0,0017046670;-2.621,11;0,6808226751;653.790,73;-0,001397912;EUR
Muster Defensiv Plus cVV;10.08.2017;-0,0035798246;-5.494,98;0,6751252452;648.295,75;-0,003852341;EUR
Muster Defensiv Plus cVV;11.08.2017;-0,0025759561;-3.939,90;0,6710468703;644.355,84;-0,000162958;EUR
Muster Defensiv Plus cVV;12.08.2017;0,0000234915;35,84;0,6710841923;644.391,68;0;EUR
Muster Defensiv Plus cVV;13.08.2017;0,0000234910;35,84;0,6711215144;644.427,52;0;EUR
Muster Defensiv Plus cVV;14.08.2017;0,0027254329;4.157,98;0,6754764514;648.585,50;0,003375910;EUR
Muster Defensiv Plus cVV;15.08.2017;-0,0000333966;-51,09;0,6754479409;648.534,41;0,000251798;EUR
Muster Defensiv Plus cVV;16.08.2017;0,0021633144;3.309,29;0,6789193622;651.843,70;0,001740036;EUR
Muster Defensiv Plus cVV;17.08.2017;-0,0008951191;-1.372,25;0,6775148411;650.471,45;-0,002878390;EUR
Muster Defensiv Plus cVV;18.08.2017;-0,0021916790;-3.356,92;0,6740429381;647.114,52;-0,000826632;EUR
Muster Defensiv Plus cVV;19.08.2017;0,0000234723;35,87;0,6740803038;647.150,40;0;EUR
Muster Defensiv Plus cVV;20.08.2017;0,0000234717;35,87;0,6741176695;647.186,27;0;EUR
Muster Defensiv Plus cVV;21.08.2017;-0,0029858115;-4.563,46;0,6693887034;642.622,81;-0,001910147;EUR
Muster Defensiv Plus cVV;22.08.2017;0,0047729986;7.273,18;0,6769894686;649.895,99;0,004461682;EUR
Muster Defensiv Plus cVV;23.08.2017;-0,0018972741;-2.904,90;0,6739879851;646.991,09;-0,001233127;EUR
Muster Defensiv Plus cVV;24.08.2017;0,0001684636;257,44;0,6742806793;647.248,54;-0,000008193;EUR
Muster Defensiv Plus cVV;25.08.2017;-0,0029034454;-4.437,75;0,6696819051;642.810,78;-0,000801884;EUR
Muster Defensiv Plus cVV;26.08.2017;0,0000234786;35,78;0,6697191823;642.846,57;0;EUR
Muster Defensiv Plus cVV;27.08.2017;0,0000234780;35,78;0,6697564596;642.882,35;0;EUR
Muster Defensiv Plus cVV;28.08.2017;-0,0009977014;-1.520,57;0,6681965672;641.361,77;-0,000965456;EUR
Muster Defensiv Plus cVV;29.08.2017;-0,0014577639;-2.219,53;0,6659083149;639.142,24;-0,003168940;EUR
Muster Defensiv Plus cVV;30.08.2017;0,0030172205;4.587,19;0,6707119070;643.729,44;0,002201814;EUR
Muster Defensiv Plus cVV;31.08.2017;0,0032872497;5.012,81;0,6759592963;648.742,25;0,002064745;EUR
Muster Defensiv Plus cVV;01.09.2017;0,0014740315;2.255,18;0,6783336152;650.997,42;0,001671507;EUR
Muster Defensiv Plus cVV;02.09.2017;0,0000233761;35,82;0,6783709358;651.033,24;0;EUR
Muster Defensiv Plus cVV;03.09.2017;0,0000233755;35,82;0,6784082564;651.069,05;0;EUR
Muster Defensiv Plus cVV;04.09.2017;-0,0011607478;-1.778,57;0,6765794455;649.290,48;-0,000769012;EUR
Muster Defensiv Plus cVV;05.09.2017;-0,0003276287;-501,43;0,6760813472;648.789,05;-0,000154475;EUR
Muster Defensiv Plus cVV;06.09.2017;0,0003010686;460,63;0,6765857594;649.249,68;0,001227553;EUR
Muster Defensiv Plus cVV;07.09.2017;-0,0000375311;-57,44;0,6765502845;649.192,24;0,001631379;EUR
Muster Defensiv Plus cVV;08.09.2017;-0,0006147599;-940,82;0,6755941438;648.251,42;-0,000425177;EUR
Muster Defensiv Plus cVV;09.09.2017;0,0000233551;35,72;0,6756313709;648.287,14;0;EUR
Muster Defensiv Plus cVV;10.09.2017;0,0000233546;35,72;0,6756685980;648.322,86;0;EUR
Muster Defensiv Plus cVV;11.09.2017;0,0023284379;3.561,39;0,6794046468;651.884,25;0,004425989;EUR
Muster Defensiv Plus cVV;12.09.2017;-0,0000493870;-75,71;0,6793501579;651.808,54;0,000289790;EUR
Muster Defensiv Plus cVV;13.09.2017;0,0023632035;3.622,80;0,6831505739;655.431,34;0,000594422;EUR
Muster Defensiv Plus cVV;14.09.2017;-0,0003299989;-507,09;0,6826465422;654.924,25;-0,000153296;EUR
Muster Defensiv Plus cVV;15.09.2017;-0,0021218757;-3.259,45;0,6792734754;651.664,80;-0,002066637;EUR
Muster Defensiv Plus cVV;16.09.2017;0,0000233338;35,77;0,6793107581;651.700,56;0;EUR
Muster Defensiv Plus cVV;17.09.2017;0,0000233332;35,77;0,6793480409;651.736,33;0;EUR
Muster Defensiv Plus cVV;18.09.2017;-0,0005701810;-874,05;0,6784612698;650.862,28;0,000838166;EUR
Muster Defensiv Plus cVV;19.09.2017;-0,0002077404;-318,27;0,6781537797;650.544,01;0,000314803;EUR
Muster Defensiv Plus cVV;20.09.2017;0,0007057577;1.081,04;0,6793049935;651.625,05;0,000465359;EUR
Muster Defensiv Plus cVV;21.09.2017;-0,0008832183;-1.353,81;0,6779178976;650.271,23;0,000161433;EUR
Muster Defensiv Plus cVV;22.09.2017;-0,0008545102;-1.308,65;0,6765777641;648.962,58;-0,000569460;EUR
Muster Defensiv Plus cVV;23.09.2017;0,0000233747;35,77;0,6766150531;648.998,35;0;EUR
Muster Defensiv Plus cVV;24.09.2017;0,0000233742;35,77;0,6766523421;649.034,11;0;EUR
Muster Defensiv Plus cVV;25.09.2017;0,0040236836;6.157,16;0,6830958759;655.191,27;0,002619949;EUR
Muster Defensiv Plus cVV;26.09.2017;0,0024796704;3.809,73;0,6870923572;659.001,01;0,000899217;EUR
Muster Defensiv Plus cVV;27.09.2017;-0,0000062902;-9,69;0,6871067285;658.991,32;0,000955060;EUR
Muster Defensiv Plus cVV;28.09.2017;-0,0009451420;-1.455,69;0,6856133261;657.535,62;-0,000132187;EUR
Muster Defensiv Plus cVV;29.09.2017;-0,0001173125;-180,51;0,6854494781;657.355,11;0,002060019;EUR
Muster Defensiv Plus cVV;30.09.2017;0,0000232957;35,84;0,6854868515;657.390,95;0;EUR
Muster Defensiv Plus cVV;01.10.2017;0,0000232951;35,84;0,6855242248;657.426,79;0;EUR
Muster Defensiv Plus cVV;02.10.2017;0,0035329608;5.435,89;0,6912169948;662.862,68;0,003197366;EUR
Muster Defensiv Plus cVV;03.10.2017;0,0004259050;657,62;0,6919273085;663.520,31;0,000160956;EUR
Muster Defensiv Plus cVV;04.10.2017;0,0020405523;3.152,07;0,6952389880;666.672,38;0,000991353;EUR
Muster Defensiv Plus cVV;05.10.2017;0,0014054138;2.175,39;0,6975323161;668.847,77;0,000720183;EUR
Muster Defensiv Plus cVV;06.10.2017;-0,0005778263;-895,66;0,6966229150;667.952,12;-0,000783577;EUR
Muster Defensiv Plus cVV;07.10.2017;0,0000231663;35,89;0,6966603435;667.988,01;0;EUR
Muster Defensiv Plus cVV;08.10.2017;0,0000231658;35,89;0,6966977719;668.023,89;0;EUR
Muster Defensiv Plus cVV;09.10.2017;0,0005046291;781,78;0,6975377873;668.805,67;0,000682960;EUR
Muster Defensiv Plus cVV;10.10.2017;-0,0003264532;-506,00;0,6970346857;668.299,67;-0,000732929;EUR
Muster Defensiv Plus cVV;11.10.2017;-0,0001605362;-248,75;0,6967998505;668.050,92;-0,000104641;EUR
Muster Defensiv Plus cVV;12.10.2017;0,0020943097;3.244,60;0,7002087899;671.295,52;0,000559528;EUR
Muster Defensiv Plus cVV;13.10.2017;0,0021248165;3.298,76;0,7036744396;674.594,28;0,001646878;EUR
Muster Defensiv Plus cVV;14.10.2017;0,0000230353;35,84;0,7037118226;674.630,12;0;EUR
Muster Defensiv Plus cVV;15.10.2017;0,0000230348;35,84;0,7037492055;674.665,96;0;EUR
Muster Defensiv Plus cVV;16.10.2017;0,0019132071;2.976,68;0,7068791116;677.642,64;0,001834442;EUR
Muster Defensiv Plus cVV;17.10.2017;-0,0008882679;-1.384,67;0,7054595382;676.257,98;0,000392096;EUR
Muster Defensiv Plus cVV;18.10.2017;-0,0002764366;-430,54;0,7050352072;675.827,44;-0,000154701;EUR
Muster Defensiv Plus cVV;19.10.2017;-0,0026393622;-4.109,55;0,7007726816;671.717,89;-0,001473635;EUR
Muster Defensiv Plus cVV;20.10.2017;0,0004442154;689,83;0,7015169799;672.407,72;0,000079434;EUR
Muster Defensiv Plus cVV;21.10.2017;0,0000230827;35,86;0,7015543937;672.443,58;0;EUR
Muster Defensiv Plus cVV;22.10.2017;0,0000230821;35,86;0,7015918075;672.479,44;0;EUR
Muster Defensiv Plus cVV;23.10.2017;0,0004598579;714,47;0,7023618485;673.193,91;0,000824347;EUR
Muster Defensiv Plus cVV;24.10.2017;-0,0003179679;-494,25;0,7018707915;672.699,67;-0,001006477;EUR
Muster Defensiv Plus cVV;25.10.2017;-0,0037253212;-5.788,76;0,6958553810;666.910,91;-0,002387213;EUR
Muster Defensiv Plus cVV;26.10.2017;0,0069307681;10.729,56;0,7070753621;677.640,47;0,005372854;EUR
Muster Defensiv Plus cVV;27.10.2017;0,0097496694;15.198,13;0,7229589404;692.838,61;0,005383453;EUR
Muster Defensiv Plus cVV;28.10.2017;0,0000228491;35,97;0,7229964693;692.874,57;0;EUR
Muster Defensiv Plus cVV;29.10.2017;0,0000228486;35,97;0,7230339981;692.910,54;0;EUR
Muster Defensiv Plus cVV;30.10.2017;0,0009938704;1.564,46;0,7246917871;694.474,99;-0,000058264;EUR
Muster Defensiv Plus cVV;31.10.2017;0,0001600506;252,19;0,7249802546;694.727,18;-0,000128277;EUR
Muster Defensiv Plus cVV;01.11.2017;0,0026943695;4.246,12;0,7294367185;698.973,30;0,004097876;EUR
Muster Defensiv Plus cVV;02.11.2017;-0,0008445744;-1.334,57;0,7280693573;697.638,73;-0,000869607;EUR
Muster Defensiv Plus cVV;03.11.2017;0,0022814632;3.602,05;0,7318540125;701.240,78;0,001570574;EUR
Muster Defensiv Plus cVV;04.11.2017;0,0000227264;35,96;0,7318915456;701.276,74;0;EUR
Muster Defensiv Plus cVV;05.11.2017;0,0000227259;35,96;0,7319290786;701.312,71;0;EUR
Muster Defensiv Plus cVV;06.11.2017;0,0019125702;3.026,66;0,7351134437;704.339,36;0,001191902;EUR
Muster Defensiv Plus cVV;07.11.2017;-0,0004082820;-647,35;0,7344633471;703.692,02;-0,000803910;EUR
Muster Defensiv Plus cVV;08.11.2017;0,0009654746;1.530,17;0,7360859950;705.222,19;0,000285816;EUR
Muster Defensiv Plus cVV;09.11.2017;-0,0050138560;-7.954,07;0,7278090785;697.268,12;-0,005136036;EUR
Muster Defensiv Plus cVV;10.11.2017;-0,0036820607;-5.812,00;0,7217675387;691.456,12;-0,002084723;EUR
Muster Defensiv Plus cVV;11.11.2017;0,0000228457;35,93;0,7218050421;691.492,05;0;EUR
Muster Defensiv Plus cVV;12.11.2017;0,0000228452;35,93;0,7218425455;691.527,98;0;EUR
Muster Defensiv Plus cVV;13.11.2017;-0,0006709598;-1.055,23;0,7207660262;690.472,74;-0,001182760;EUR
Muster Defensiv Plus cVV;14.11.2017;-0,0034168537;-5.370,16;0,7151850196;685.102,58;-0,002063405;EUR
Muster Defensiv Plus cVV;15.11.2017;-0,0041863119;-6.557,01;0,7083645969;678.545,57;-0,002190742;EUR
Muster Defensiv Plus cVV;16.11.2017;0,0038983210;6.080,37;0,7147368748;684.625,94;0,002627107;EUR
Muster Defensiv Plus cVV;17.11.2017;-0,0012618561;-1.975,84;0,7126987451;682.650,10;-0,000887761;EUR
Muster Defensiv Plus cVV;18.11.2017;0,0000232801;36,41;0,7127367541;682.686,51;0;EUR
Muster Defensiv Plus cVV;19.11.2017;0,0000232796;36,41;0,7127747632;682.722,92;0;EUR
Muster Defensiv Plus cVV;20.11.2017;0,0008798526;1.376,02;0,7142359942;684.098,93;0,001707243;EUR
Muster Defensiv Plus cVV;21.11.2017;0,0036467797;5.708,28;0,7202205784;689.807,22;0,002885785;EUR
Muster Defensiv Plus cVV;22.11.2017;-0,0021817750;-3.427,57;0,7166665715;686.379,64;-0,003218256;EUR
Muster Defensiv Plus cVV;23.11.2017;-0,0011948168;-1.872,96;0,7147355617;684.506,68;-0,000680368;EUR
Muster Defensiv Plus cVV;24.11.2017;0,0000130456;20,43;0,7147814711;684.527,10;-0,000303452;EUR
Muster Defensiv Plus cVV;25.11.2017;0,0000231987;36,32;0,7148193991;684.563,42;0;EUR
Muster Defensiv Plus cVV;26.11.2017;0,0000231981;36,32;0,7148573272;684.599,75;0;EUR
Muster Defensiv Plus cVV;27.11.2017;0,0010247440;1.604,54;0,7165574054;686.204,29;-0,000263374;EUR
Muster Defensiv Plus cVV;28.11.2017;0,0020516640;3.215,78;0,7199401456;689.420,06;0,002565690;EUR
Muster Defensiv Plus cVV;29.11.2017;-0,0036306951;-5.702,43;0,7140097731;683.717,64;-0,001028998;EUR
Muster Defensiv Plus cVV;30.11.2017;-0,0013325501;-2.085,32;0,7118564584;681.632,31;-0,000394493;EUR
Muster Defensiv Plus cVV;01.12.2017;-0,0018752652;-2.930,72;0,7088200682;678.701,60;-0,000704911;EUR
Muster Defensiv Plus cVV;02.12.2017;0,0000232986;36,34;0,7088580244;678.737,94;0;EUR
Muster Defensiv Plus cVV;03.12.2017;0,0000232980;36,34;0,7088959805;678.774,28;0;EUR
Muster Defensiv Plus cVV;04.12.2017;0,0018682622;2.914,43;0,7119641093;681.688,72;0,002798859;EUR
Muster Defensiv Plus cVV;05.12.2017;0,0010332896;1.614,91;0,7136751455;683.303,63;-0,000007270;EUR
Muster Defensiv Plus cVV;06.12.2017;0,0017620131;2.756,67;0,7165788229;686.060,30;0,000303787;EUR
Muster Defensiv Plus cVV;07.12.2017;0,0012220768;1.915,31;0,7186038600;687.975,60;0,001346311;EUR
Muster Defensiv Plus cVV;08.12.2017;0,0016483866;2.586,60;0,7213302173;690.562,20;0,002437536;EUR
Muster Defensiv Plus cVV;09.12.2017;0,0000231697;36,42;0,7213682570;690.598,62;0;EUR
Muster Defensiv Plus cVV;10.12.2017;0,0000231691;36,42;0,7214062966;690.635,04;0;EUR
Muster Defensiv Plus cVV;11.12.2017;-0,0008616656;-1.354,39;0,7200160979;689.280,64;-0,000513796;EUR
Muster Defensiv Plus cVV;12.12.2017;0,0012046547;1.891,88;0,7220169254;691.172,53;0,001610608;EUR
Muster Defensiv Plus cVV;13.12.2017;-0,0013851159;-2.177,91;0,7197663114;688.994,61;-0,000972474;EUR
Muster Defensiv Plus cVV;14.12.2017;-0,0006859069;-1.077,00;0,7186656383;687.917,61;-0,002073956;EUR
Muster Defensiv Plus cVV;15.12.2017;0,0011999373;1.882,77;0,7206570631;689.800,38;0,001336450;EUR
Muster Defensiv Plus cVV;16.12.2017;0,0000231883;36,43;0,7206951201;689.836,81;0;EUR
Muster Defensiv Plus cVV;17.12.2017;0,0000231878;36,43;0,7207331771;689.873,24;0;EUR
Muster Defensiv Plus cVV;18.12.2017;0,0048229476;7.576,93;0,7286737883;697.450,16;0,003351963;EUR
Muster Defensiv Plus cVV;19.12.2017;-0,0035556484;-5.612,92;0,7228341181;691.837,24;-0,003235073;EUR
Muster Defensiv Plus cVV;20.12.2017;-0,0040962524;-6.443,32;0,7161263946;685.393,92;-0,004217599;EUR
Muster Defensiv Plus cVV;21.12.2017;0,0006422595;1.006,12;0,7172019302;686.400,05;0,000903155;EUR
Muster Defensiv Plus cVV;22.12.2017;0,0003769096;590,82;0,7178435657;686.990,87;-0,000440071;EUR
Muster Defensiv Plus cVV;23.12.2017;0,0000231893;36,36;0,7178815627;687.027,23;0;EUR
Muster Defensiv Plus cVV;24.12.2017;0,0000231887;36,36;0,7179195596;687.063,60;0;EUR
Muster Defensiv Plus cVV;25.12.2017;-0,0000927621;-145,47;0,7177918358;686.918,13;0,000029279;EUR
Muster Defensiv Plus cVV;26.12.2017;0,0002765278;433,61;0,7182692124;687.351,74;-0,000504807;EUR
Muster Defensiv Plus cVV;27.12.2017;0,0007448274;1.168,26;0,7195143164;688.519,99;0,000427543;EUR
Muster Defensiv Plus cVV;28.12.2017;-0,0008664226;-1.359,99;0,7181173350;687.160,00;-0,002353073;EUR
Muster Defensiv Plus cVV;29.12.2017;-0,0032907313;-5.160,86;0,7127480007;681.999,14;-0,002140543;EUR
Muster Defensiv Plus cVV;30.12.2017;0,0000232155;36,29;0,7127859260;682.035,43;0;EUR
Muster Defensiv Plus cVV;31.12.2017;0,0000189332;29,60;0,7128168563;682.065,03;0;EUR
Muster Defensiv Plus cVV;01.01.2018;0,0003535630;545,99;0,7134175129;682.611,02;0,000001888;EUR
Muster Defensiv Plus cVV;02.01.2018;0,0007217140;1.114,91;0,7146128092;683.725,93;-0,000249658;EUR
Muster Defensiv Plus cVV;03.01.2018;0,0037152892;5.743,54;0,7206461091;689.469,46;0,002946719;EUR
Muster Defensiv Plus cVV;04.01.2018;0,0032868764;5.100,12;0,7260073548;694.569,59;0,003058263;EUR
Muster Defensiv Plus cVV;05.01.2018;0,0048433227;7.539,90;0,7339193433;702.109,49;0,004021501;EUR
Muster Defensiv Plus cVV;06.01.2018;0,0000231854;36,27;0,7339572554;702.145,76;0;EUR
Muster Defensiv Plus cVV;07.01.2018;0,0000231848;36,27;0,7339951676;702.182,03;0;EUR
Muster Defensiv Plus cVV;08.01.2018;0,0028718222;4.492,61;0,7387223052;706.674,64;0,002054500;EUR
Muster Defensiv Plus cVV;09.01.2018;0,0026889324;4.218,58;0,7431633458;710.893,22;0,000764919;EUR
Muster Defensiv Plus cVV;10.01.2018;-0,0025214748;-3.966,50;0,7390477448;706.926,72;-0,002470282;EUR
Muster Defensiv Plus cVV;11.01.2018;-0,0030617244;-4.804,21;0,7340559576;702.122,51;-0,003130070;EUR
Muster Defensiv Plus cVV;12.01.2018;-0,0015904779;-2.488,01;0,7314853750;699.634,50;-0,000112730;EUR
Muster Defensiv Plus cVV;13.01.2018;0,0000231645;36,18;0,7315232011;699.670,68;0;EUR
Muster Defensiv Plus cVV;14.01.2018;0,0000231640;36,18;0,7315610272;699.706,85;0;EUR
Muster Defensiv Plus cVV;15.01.2018;-0,0015121141;-2.361,77;0,7291221979;697.345,08;-0,001331553;EUR
Muster Defensiv Plus cVV;16.01.2018;0,0018342185;2.860,53;0,7321436460;700.205,62;0,001262908;EUR
Muster Defensiv Plus cVV;17.01.2018;-0,0004416560;-690,04;0,7314526385;699.515,57;0,000001401;EUR
Muster Defensiv Plus cVV;18.01.2018;0,0000403973;63,09;0,7315490969;699.578,66;0,000831892;EUR
Muster Defensiv Plus cVV;19.01.2018;0,0035950196;5.614,60;0,7374509927;705.193,26;0,003538048;EUR
Muster Defensiv Plus cVV;20.01.2018;0,0000215696;33,81;0,7374863471;705.227,07;0;EUR
Muster Defensiv Plus cVV;21.01.2018;0,0000215692;33,81;0,7375217016;705.260,88;0;EUR
Muster Defensiv Plus cVV;22.01.2018;0,0027095028;4.247,02;0,7419938696;709.507,90;0,001441263;EUR
Muster Defensiv Plus cVV;23.01.2018;0,0042882386;6.739,83;0,7490734372;716.247,73;0,001376837;EUR
Muster Defensiv Plus cVV;24.01.2018;-0,0042930724;-6.776,36;0,7420173408;709.471,37;-0,003405596;EUR
Muster Defensiv Plus cVV;25.01.2018;-0,0015623070;-2.455,42;0,7394799752;707.015,95;-0,004283529;EUR
Muster Defensiv Plus cVV;26.01.2018;0,0025936132;4.069,92;0,7437676246;711.085,87;0,001826172;EUR
Muster Defensiv Plus cVV;27.01.2018;0,0000214186;33,70;0,7438028707;711.119,57;0;EUR
Muster Defensiv Plus cVV;28.01.2018;0,0000214181;33,70;0,7438381168;711.153,26;0;EUR
Muster Defensiv Plus cVV;29.01.2018;0,0002661618;418,76;0,7443069749;711.572,03;-0,001614154;EUR
Muster Defensiv Plus cVV;30.01.2018;-0,0029962162;-4.715,34;0,7394053300;706.856,69;-0,003512126;EUR
Muster Defensiv Plus cVV;31.01.2018;-0,0003615663;-567,32;0,7388424624;706.289,37;-0,000979195;EUR
Muster Defensiv Plus cVV;01.02.2018;-0,0045411572;-7.122,73;0,7314216877;699.166,65;-0,002437261;EUR
Muster Defensiv Plus cVV;02.02.2018;-0,0044487979;-6.946,17;0,7241849782;692.220,47;-0,006654634;EUR
Muster Defensiv Plus cVV;03.02.2018;0,0000216714;33,69;0,7242202201;692.254,16;0;EUR
Muster Defensiv Plus cVV;04.02.2018;0,0000216710;33,69;0,7242554620;692.287,84;0;EUR
Muster Defensiv Plus cVV;05.02.2018;-0,0066207661;-10.291,86;0,7135178142;681.995,99;-0,005896868;EUR
Muster Defensiv Plus cVV;06.02.2018;-0,0084978628;-13.122,31;0,6998178575;668.873,68;-0,002576334;EUR
Muster Defensiv Plus cVV;07.02.2018;0,0070170192;10.743,53;0,7110877174;679.617,21;0,002891284;EUR
Muster Defensiv Plus cVV;08.02.2018;-0,0118775534;-18.312,94;0,6919552726;661.304,27;-0,009632289;EUR
Muster Defensiv Plus cVV;09.02.2018;-0,0058761623;-8.952,32;0,6826161071;652.351,95;-0,001248068;EUR
Muster Defensiv Plus cVV;10.02.2018;0,0000223130;33,79;0,6826514689;652.385,75;0;EUR
Muster Defensiv Plus cVV;11.02.2018;0,0000223125;33,79;0,6826868307;652.419,54;0;EUR
Muster Defensiv Plus cVV;12.02.2018;0,0069747005;10.563,97;0,6937694115;662.983,51;0,004511193;EUR
Muster Defensiv Plus cVV;13.02.2018;-0,0039754983;-6.063,34;0,6874527612;656.920,17;-0,001947827;EUR
Muster Defensiv Plus cVV;14.02.2018;0,0055915807;8.494,25;0,6963703891;665.414,42;0,003193423;EUR
Muster Defensiv Plus cVV;15.02.2018;0,0012562300;1.919,03;0,6984073360;667.333,44;0,001047343;EUR
Muster Defensiv Plus cVV;16.02.2018;0,0051220466;7.834,31;0,7066354008;675.167,75;0,003612133;EUR
Muster Defensiv Plus cVV;17.02.2018;0,0000181038;27,83;0,7066645301;675.195,58;0;EUR
Muster Defensiv Plus cVV;18.02.2018;0,0000219260;33,71;0,7066998100;675.229,29;0;EUR
Muster Defensiv Plus cVV;19.02.2018;-0,0012766940;-1.962,82;0,7046743662;673.266,47;-0,000689284;EUR
Muster Defensiv Plus cVV;20.02.2018;0,0020842332;3.200,26;0,7080528851;676.466,73;0,001682630;EUR
Muster Defensiv Plus cVV;21.02.2018;0,0017064786;2.625,69;0,7108302378;679.092,42;-0,000569129;EUR
Muster Defensiv Plus cVV;22.02.2018;-0,0014409776;-2.220,96;0,7085344263;676.871,46;0,000078274;EUR
Muster Defensiv Plus cVV;23.02.2018;0,0027163053;4.180,57;0,7129396574;681.052,03;0,003470209;EUR
Muster Defensiv Plus cVV;24.02.2018;0,0000218820;33,77;0,7129750078;681.085,80;0;EUR
Muster Defensiv Plus cVV;25.02.2018;0,0000218815;33,77;0,7130103582;681.119,57;0;EUR
Muster Defensiv Plus cVV;26.02.2018;0,0040723335;6.284,88;0,7196188584;687.404,45;0,002469111;EUR
Muster Defensiv Plus cVV;27.02.2018;0,0005684562;880,88;0,7205703839;688.285,33;-0,001875205;EUR
Muster Defensiv Plus cVV;28.02.2018;-0,0012798810;-1.984,43;0,7185221324;686.300,91;-0,001435384;EUR
Muster Defensiv Plus cVV;01.03.2018;-0,0086760337;-13.434,79;0,7044852583;672.866,12;-0,005245527;EUR
Muster Defensiv Plus cVV;02.03.2018;-0,0083483377;-12.815,19;0,6910959541;660.050,92;-0,005918627;EUR
Muster Defensiv Plus cVV;03.03.2018;0,0000221724;33,75;0,6911312934;660.084,68;0;EUR
Muster Defensiv Plus cVV;04.03.2018;0,0000221719;33,75;0,6911666327;660.118,43;0;EUR
Muster Defensiv Plus cVV;05.03.2018;0,0055814903;8.496,77;0,7000914805;668.615,20;0,003867528;EUR
Muster Defensiv Plus cVV;06.03.2018;0,0005411764;828,44;0,7009873725;669.443,63;-0,000752751;EUR
Muster Defensiv Plus cVV;07.03.2018;0,0014653786;2.244,43;0,7033660846;671.688,06;0,001913771;EUR
Muster Defensiv Plus cVV;08.03.2018;0,0052238128;8.012,71;0,7117855339;679.700,77;0,004097409;EUR
Muster Defensiv Plus cVV;09.03.2018;0,0038701403;5.967,35;0,7180636422;685.668,12;0,001752080;EUR
Muster Defensiv Plus cVV;10.03.2018;0,0000218131;33,76;0,7180990011;685.701,88;0;EUR
Muster Defensiv Plus cVV;11.03.2018;0,0000218126;33,76;0,7181343599;685.735,64;0;EUR
Muster Defensiv Plus cVV;12.03.2018;0,0023994805;3.714,23;0,7220532863;689.449,87;0,002210292;EUR
Muster Defensiv Plus cVV;13.03.2018;-0,0051988051;-8.066,69;0,7136339833;681.383,18;-0,004516080;EUR
Muster Defensiv Plus cVV;14.03.2018;-0,0000750490;-115,84;0,7135414827;681.267,33;0,000367200;EUR
Muster Defensiv Plus cVV;15.03.2018;0,0025234727;3.894,88;0,7176498475;685.162,21;0,001935770;EUR
Muster Defensiv Plus cVV;16.03.2018;0,0005599052;866,37;0,7185862839;686.028,59;0,001349910;EUR
Muster Defensiv Plus cVV;17.03.2018;0,0000218134;33,77;0,7186216586;686.062,36;0;EUR
Muster Defensiv Plus cVV;18.03.2018;0,0000218129;33,77;0,7186570333;686.096,13;0;EUR
Muster Defensiv Plus cVV;19.03.2018;-0,0090055149;-13.943,14;0,7040805504;672.152,99;-0,005267066;EUR
Muster Defensiv Plus cVV;20.03.2018;0,0048047142;7.372,09;0,7118314894;679.525,08;0,001824505;EUR
Muster Defensiv Plus cVV;21.03.2018;-0,0009629153;-1.484,54;0,7103049484;678.040,54;-0,000201010;EUR
Muster Defensiv Plus cVV;22.03.2018;-0,0071870236;-11.069,70;0,6987365975;666.970,84;-0,005047378;EUR
Muster Defensiv Plus cVV;23.03.2018;-0,0099207564;-15.170,46;0,6828710460;651.800,38;-0,007223314;EUR
Muster Defensiv Plus cVV;24.03.2018;0,0000222841;33,74;0,6829063923;651.834,12;0;EUR
Muster Defensiv Plus cVV;25.03.2018;0,0000222836;33,74;0,6829417385;651.867,85;0;EUR
Muster Defensiv Plus cVV;26.03.2018;-0,0005713106;-865,00;0,6820628866;651.002,86;0,000097304;EUR
Muster Defensiv Plus cVV;27.03.2018;0,0043695027;6.611,91;0,6890179004;657.614,77;0,002901051;EUR
Muster Defensiv Plus cVV;28.03.2018;-0,0051708648;-7.858,72;0,6808111880;649.756,05;-0,000230826;EUR
Muster Defensiv Plus cVV;29.03.2018;0,0046703370;7.061,31;0,6882375597;656.817,36;0,004817803;EUR
Muster Defensiv Plus cVV;30.03.2018;-0,0001636634;-248,61;0,6880045929;656.568,75;0,000111567;EUR
Muster Defensiv Plus cVV;31.03.2018;0,0000179355;27,24;0,6880331368;656.595,99;0;EUR
Muster Defensiv Plus cVV;01.04.2018;0,0000222238;33,75;0,6880685061;656.629,75;0;EUR
Muster Defensiv Plus cVV;02.04.2018;0,0002760188;419,22;0,6885353335;657.048,97;-0,002546739;EUR
Muster Defensiv Plus cVV;03.04.2018;-0,0014966389;-2.273,76;0,6861800320;654.775,21;-0,000320499;EUR
Muster Defensiv Plus cVV;04.04.2018;-0,0020464048;-3.104,33;0,6829540737;651.670,88;0,000365405;EUR
Muster Defensiv Plus cVV;05.04.2018;0,0095968745;14.528,36;0,6982077181;666.199,25;0,007206522;EUR
Muster Defensiv Plus cVV;06.04.2018;-0,0023688756;-3.620,57;0,6944408715;662.578,67;-0,002960800;EUR
Muster Defensiv Plus cVV;07.04.2018;0,0000221521;33,78;0,6944762727;662.612,45;0;EUR
Muster Defensiv Plus cVV;08.04.2018;0,0000221516;33,78;0,6945116738;662.646,23;0;EUR
Muster Defensiv Plus cVV;09.04.2018;0,0017693017;2.697,90;0,6973670872;665.344,13;-0,000007085;EUR
Muster Defensiv Plus cVV;10.04.2018;0,0027528197;4.205,03;0,7018024399;669.549,16;0,003263561;EUR
Muster Defensiv Plus cVV;11.04.2018;-0,0005727318;-877,28;0,7009107749;668.671,89;-0,001850519;EUR
Muster Defensiv Plus cVV;12.04.2018;0,0015956892;2.442,78;0,7034992880;671.114,67;0,003342748;EUR
Muster Defensiv Plus cVV;13.04.2018;0,0017660250;2.707,86;0,7063658611;673.822,53;0,000339359;EUR
Muster Defensiv Plus cVV;14.04.2018;0,0000219714;33,75;0,7064012395;673.856,28;0;EUR
Muster Defensiv Plus cVV;15.04.2018;0,0000219709;33,75;0,7064366179;673.890,03;0;EUR
Muster Defensiv Plus cVV;16.04.2018;-0,0003195196;-490,81;0,7059501115;673.399,22;-0,000445582;EUR
Muster Defensiv Plus cVV;17.04.2018;0,0036478231;5.601,57;0,7118506693;679.000,79;0,004846022;EUR
Muster Defensiv Plus cVV;18.04.2018;0,0018395295;2.835,07;0,7148512166;681.835,86;-0,000491923;EUR
Muster Defensiv Plus cVV;19.04.2018;-0,0028159095;-4.347,85;0,7103209560;677.488,02;-0,002084401;EUR
Muster Defensiv Plus cVV;20.04.2018;-0,0000528968;-81,44;0,7102636543;677.406,57;-0,000403095;EUR
Muster Defensiv Plus cVV;21.04.2018;0,0000219360;33,77;0,7102990651;677.440,34;0;EUR
Muster Defensiv Plus cVV;22.04.2018;0,0000219355;33,77;0,7103344760;677.474,12;0;EUR
Muster Defensiv Plus cVV;23.04.2018;0,0005078299;781,89;0,7111823937;678.256,01;0,000512214;EUR
Muster Defensiv Plus cVV;24.04.2018;-0,0001193792;-183,90;0,7110176440;678.072,11;-0,001614861;EUR
Muster Defensiv Plus cVV;25.04.2018;-0,0026187661;-4.033,59;0,7068159563;674.038,51;-0,001587488;EUR
Muster Defensiv Plus cVV;26.04.2018;0,0037964070;5.832,16;0,7129598340;679.870,67;0,004074349;EUR
Muster Defensiv Plus cVV;27.04.2018;0,0015574414;2.401,67;0,7155065832;682.272,35;0,002219203;EUR
Muster Defensiv Plus cVV;28.04.2018;0,0000244058;37,69;0,7155461132;682.310,04;0;EUR
Muster Defensiv Plus cVV;29.04.2018;0,0000244052;37,69;0,7155856431;682.347,74;0;EUR
Muster Defensiv Plus cVV;30.04.2018;0,0016662318;2.573,56;0,7183128421;684.921,30;0,000195926;EUR
Muster Defensiv Plus cVV;01.05.2018;0,0007445709;1.151,94;0,7195492392;686.073,24;0,001123113;EUR
Muster Defensiv Plus cVV;02.05.2018;0,0027841094;4.310,54;0,7240985672;690.383,78;0,002346557;EUR
Muster Defensiv Plus cVV;03.05.2018;-0,0018918542;-2.937,25;0,7210461935;687.446,53;-0,000885960;EUR
Muster Defensiv Plus cVV;04.05.2018;0,0020685560;3.205,52;0,7244368097;690.652,05;0,003172225;EUR
Muster Defensiv Plus cVV;05.05.2018;0,0000243329;37,79;0,7244764433;690.689,83;0;EUR
Muster Defensiv Plus cVV;06.05.2018;0,0000243323;37,79;0,7245160768;690.727,62;0;EUR
Muster Defensiv Plus cVV;07.05.2018;0,0038823672;6.029,01;0,7308686647;696.756,63;0,002983267;EUR
Muster Defensiv Plus cVV;08.05.2018;0,0005701230;888,79;0,7318296436;697.645,42;-0,000271231;EUR
Muster Defensiv Plus cVV;09.05.2018;0,0009505047;1.482,63;0,7334136373;699.128,05;0,001610073;EUR
Muster Defensiv Plus cVV;10.05.2018;0,0012345002;1.927,45;0,7354643812;701.055,50;0,002279726;EUR
Muster Defensiv Plus cVV;11.05.2018;0,0008956253;1.400,09;0,7369619901;702.455,59;-0,000916834;EUR
Muster Defensiv Plus cVV;12.05.2018;0,0000241578;37,80;0,7370016454;702.493,39;0;EUR
Muster Defensiv Plus cVV;13.05.2018;0,0000241573;37,80;0,7370413007;702.531,19;0;EUR
Muster Defensiv Plus cVV;14.05.2018;-0,0003308879;-517,75;0,7365268853;702.013,44;-0,001538715;EUR
Muster Defensiv Plus cVV;15.05.2018;-0,0007304567;-1.142,59;0,7353568246;700.870,85;-0,000371794;EUR
Muster Defensiv Plus cVV;16.05.2018;0,0029088252;4.546,68;0,7401560844;705.417,53;0,002340995;EUR
Muster Defensiv Plus cVV;17.05.2018;0,0011969215;1.876,31;0,7421537091;707.293,84;0,001317682;EUR
Muster Defensiv Plus cVV;18.05.2018;0,0001874804;294,25;0,7424913683;707.588,09;0,000596931;EUR
Muster Defensiv Plus cVV;19.05.2018;0,0000241409;37,90;0,7425311335;707.625,98;0;EUR
Muster Defensiv Plus cVV;20.05.2018;0,0000241403;37,90;0,7425708987;707.663,88;0;EUR
Muster Defensiv Plus cVV;21.05.2018;0,0002487842;390,56;0,7430096258;708.054,44;0,001143233;EUR
Muster Defensiv Plus cVV;22.05.2018;0,0005043631;791,97;0,7438696163;708.846,41;0,001077240;EUR
Muster Defensiv Plus cVV;23.05.2018;-0,0019501686;-3.063,79;0,7406832172;705.782,62;-0,000938533;EUR
Muster Defensiv Plus cVV;24.05.2018;-0,0002038611;-319,65;0,7403764983;705.462,97;-0,001644401;EUR
Muster Defensiv Plus cVV;25.05.2018;0,0026502084;4.154,62;0,7447656116;709.617,58;0,002718968;EUR
Muster Defensiv Plus cVV;26.05.2018;0,0000241540;37,97;0,7448054575;709.655,55;0;EUR
Muster Defensiv Plus cVV;27.05.2018;0,0000241534;37,97;0,7448453034;709.693,52;0;EUR
Muster Defensiv Plus cVV;28.05.2018;-0,0003001710;-471,83;0,7443789455;709.221,68;0,001183631;EUR
Muster Defensiv Plus cVV;29.05.2018;-0,0025595064;-4.022,05;0,7401861824;705.199,63;-0,002987216;EUR
Muster Defensiv Plus cVV;30.05.2018;-0,0016795977;-2.632,59;0,7374515189;702.567,04;0,000866104;EUR
Muster Defensiv Plus cVV;31.05.2018;-0,0035474850;-5.550,96;0,7316532225;697.016,08;-0,003924158;EUR
Muster Defensiv Plus cVV;01.06.2018;0,0036307209;5.661,05;0,7376240907;702.677,14;0,001690168;EUR
Muster Defensiv Plus cVV;02.06.2018;0,0000242570;37,96;0,7376639376;702.715,09;0;EUR
Muster Defensiv Plus cVV;03.06.2018;0,0000242564;37,96;0,7377037845;702.753,05;0;EUR
Muster Defensiv Plus cVV;04.06.2018;0,0019594467;3.066,43;0,7409513226;705.819,48;0,001002477;EUR
Muster Defensiv Plus cVV;05.06.2018;0,0021934749;3.439,40;0,7445906352;709.258,88;0,001442272;EUR
Muster Defensiv Plus cVV;06.06.2018;-0,0015615201;-2.453,85;0,7420431435;706.805,02;-0,002132091;EUR
Muster Defensiv Plus cVV;07.06.2018;-0,0016604614;-2.605,26;0,7393364709;704.199,76;-0,001551383;EUR
Muster Defensiv Plus cVV;08.06.2018;0,0001324285;207,44;0,7395827184;704.407,20;0,001540702;EUR
Muster Defensiv Plus cVV;09.06.2018;0,0000241893;37,89;0,7396225056;704.445,09;0;EUR
Muster Defensiv Plus cVV;10.06.2018;0,0000241887;37,89;0,7396622929;704.482,99;0;EUR
Muster Defensiv Plus cVV;11.06.2018;0,0016542709;2.591,71;0,7424119692;707.074,70;-0,000221684;EUR
Muster Defensiv Plus cVV;12.06.2018;-0,0000994191;-156,02;0,7422766788;706.918,68;0,000400195;EUR
Muster Defensiv Plus cVV;13.06.2018;0,0005910341;927,40;0,7432790015;707.846,08;0,000806640;EUR
Muster Defensiv Plus cVV;14.06.2018;0,0060358729;9.476,56;0,7532588299;717.322,64;0,006603916;EUR
Muster Defensiv Plus cVV;15.06.2018;-0,0012017358;-1.898,16;0,7512943773;715.424,48;-0,000548626;EUR
Muster Defensiv Plus cVV;16.06.2018;-0,0000076117;-12,01;0,7512817668;715.412,47;0;EUR
Muster Defensiv Plus cVV;17.06.2018;0,0000240818;37,99;0,7513216632;715.450,46;0;EUR
Muster Defensiv Plus cVV;18.06.2018;-0,0036109916;-5.696,86;0,7453677287;709.753,60;-0,002752166;EUR
Muster Defensiv Plus cVV;19.06.2018;-0,0034260172;-5.385,52;0,7397402915;704.368,08;-0,002053496;EUR
Muster Defensiv Plus cVV;20.06.2018;0,0013622039;2.133,98;0,7420098119;706.502,06;0,000804948;EUR
Muster Defensiv Plus cVV;21.06.2018;-0,0033241674;-5.214,61;0,7365612776;701.287,45;-0,002940718;EUR
Muster Defensiv Plus cVV;22.06.2018;-0,0000222582;-34,80;0,7365528546;701.252,65;0,001047272;EUR
Muster Defensiv Plus cVV;23.06.2018;0,0000242806;37,96;0,7365927269;701.290,62;0;EUR
Muster Defensiv Plus cVV;24.06.2018;0,0000242800;37,96;0,7366325992;701.328,58;0;EUR
Muster Defensiv Plus cVV;25.06.2018;-0,0071219180;-11.135,27;0,7249644529;690.193,30;-0,007482426;EUR
Muster Defensiv Plus cVV;26.06.2018;0,0005226779;811,40;0,7258444044;691.004,70;-0,000440973;EUR
Muster Defensiv Plus cVV;27.06.2018;0,0016115114;2.503,00;0,7285013549;693.507,70;0,001599708;EUR
Muster Defensiv Plus cVV;28.06.2018;-0,0037027870;-5.760,43;0,7224777660;687.747,27;-0,001828421;EUR
Muster Defensiv Plus cVV;29.06.2018;0,0023571555;3.653,45;0,7263433432;691.400,72;0,001124846;EUR
Muster Defensiv Plus cVV;30.06.2018;0,0000244248;37,95;0,7263832072;691.438,66;0;EUR
Muster Defensiv Plus cVV;01.07.2018;0,0000244242;37,95;0,7264230712;691.476,61;0;EUR
Muster Defensiv Plus cVV;02.07.2018;-0,0023894443;-3.712,41;0,7225505085;687.764,20;-0,000185807;EUR
Muster Defensiv Plus cVV;03.07.2018;0,0017103084;2.650,91;0,7253630449;690.415,11;0,000865337;EUR
Muster Defensiv Plus cVV;04.07.2018;-0,0014047952;-2.181,10;0,7230989882;688.234,01;-0,000633177;EUR
Muster Defensiv Plus cVV;05.07.2018;0,0003936207;610,28;0,7237676331;688.844,29;0,002480458;EUR
Muster Defensiv Plus cVV;06.07.2018;0,0026577093;4.122,21;0,7281264222;692.966,50;0,001565899;EUR
Muster Defensiv Plus cVV;07.07.2018;0,0000243777;37,91;0,7281662571;693.004,41;0;EUR
Muster Defensiv Plus cVV;08.07.2018;0,0000243771;37,91;0,7282060919;693.042,32;0;EUR
Muster Defensiv Plus cVV;09.07.2018;0,0022249280;3.460,29;0,7318696614;696.502,61;0,001946790;EUR
Muster Defensiv Plus cVV;10.07.2018;0,0017619068;2.746,28;0,7347831911;699.248,89;0,001688556;EUR
Muster Defensiv Plus cVV;11.07.2018;-0,0036675781;-5.726,71;0,7287930159;693.522,17;-0,004245032;EUR
Muster Defensiv Plus cVV;12.07.2018;0,0030773674;4.787,51;0,7338517293;698.309,68;0,003189471;EUR
Muster Defensiv Plus cVV;13.07.2018;0,0016992547;2.651,69;0,7366661947;700.961,37;0,001660942;EUR
Muster Defensiv Plus cVV;14.07.2018;0,0000242744;37,94;0,7367060721;700.999,32;0;EUR
Muster Defensiv Plus cVV;15.07.2018;0,0000242738;37,94;0,7367459496;701.037,26;0;EUR
Muster Defensiv Plus cVV;16.07.2018;0,0001193585;186,58;0,7369698383;701.223,85;-0,001098353;EUR
Muster Defensiv Plus cVV;17.07.2018;0,0013731589;2.146,82;0,7392539604;703.370,67;0,002663012;EUR
Muster Defensiv Plus cVV;18.07.2018;0,0030376420;4.755,62;0,7442802293;708.126,29;0,002587111;EUR
Muster Defensiv Plus cVV;19.07.2018;-0,0007992490;-1.255,08;0,7429890366;706.871,21;-0,001261713;EUR
Muster Defensiv Plus cVV;20.07.2018;-0,0014615754;-2.293,31;0,7406064049;704.577,91;-0,003707749;EUR
Muster Defensiv Plus cVV;21.07.2018;0,0000242058;37,93;0,7406462692;704.615,83;0;EUR
Muster Defensiv Plus cVV;22.07.2018;0,0000242053;37,93;0,7406861335;704.653,76;0;EUR
Muster Defensiv Plus cVV;23.07.2018;-0,0012477924;-1.955,10;0,7386588172;702.698,66;-0,000655769;EUR
Muster Defensiv Plus cVV;24.07.2018;0,0032066554;5.018,07;0,7439616177;707.716,73;0,003300792;EUR
Muster Defensiv Plus cVV;25.07.2018;-0,0009603839;-1.507,72;0,7424045407;706.209,01;-0,000126012;EUR
Muster Defensiv Plus cVV;26.07.2018;0,0031142587;4.884,41;0,7475673206;711.093,42;0,003397005;EUR
Muster Defensiv Plus cVV;27.07.2018;0,0003863871;607,90;0,7482344300;711.701,32;0,000270553;EUR
Muster Defensiv Plus cVV;28.07.2018;0,0000241193;37,96;0,7482743399;711.739,28;0;EUR
Muster Defensiv Plus cVV;29.07.2018;0,0000241187;37,96;0,7483142498;711.777,24;0;EUR
Muster Defensiv Plus cVV;30.07.2018;-0,0026319222;-4.142,57;0,7439868861;707.634,67;-0,003273205;EUR
Muster Defensiv Plus cVV;31.07.2018;-0,0012996131;-2.040,17;0,7418696610;705.594,51;0,000756937;EUR
Muster Defensiv Plus cVV;01.08.2018;0,0000679873;106,59;0,7420094649;705.701,10;-0,001697682;EUR
Muster Defensiv Plus cVV;02.08.2018;0,0001238225;194,14;0,7422413158;705.895,24;-0,001288656;EUR
Muster Defensiv Plus cVV;03.08.2018;0,0027167966;4.260,18;0,7467487159;710.155,41;0,003153749;EUR
Muster Defensiv Plus cVV;04.08.2018;0,0000241783;38,02;0,7467886915;710.193,43;0;EUR
Muster Defensiv Plus cVV;05.08.2018;0,0000241777;38,02;0,7468286671;710.231,45;0;EUR
Muster Defensiv Plus cVV;06.08.2018;0,0020547469;3.230,93;0,7502540657;713.462,38;0,000875735;EUR
Muster Defensiv Plus cVV;07.08.2018;0,0004703380;741,09;0,7510613601;714.203,47;0,000600023;EUR
Muster Defensiv Plus cVV;08.08.2018;-0,0013069151;-2.060,22;0,7489227082;712.143,26;-0,000055156;EUR
Muster Defensiv Plus cVV;09.08.2018;0,0013479020;2.122,05;0,7511823044;714.265,31;0,001716176;EUR
Muster Defensiv Plus cVV;10.08.2018;-0,0001084115;-170,91;0,7510304871;714.094,40;-0,002176006;EUR
Muster Defensiv Plus cVV;11.08.2018;0,0000241780;38,11;0,7510705699;714.132,51;0;EUR
Muster Defensiv Plus cVV;12.08.2018;0,0000241774;38,11;0,7511106527;714.170,62;0;EUR
Muster Defensiv Plus cVV;13.08.2018;-0,0010154837;-1.600,77;0,7494549245;712.569,85;-0,001631409;EUR
Muster Defensiv Plus cVV;14.08.2018;0,0009529116;1.500,61;0,7510610923;714.070,46;0,001361506;EUR
Muster Defensiv Plus cVV;15.08.2018;-0,0025258577;-3.981,42;0,7469011328;710.089,04;-0,002860738;EUR
Muster Defensiv Plus cVV;16.08.2018;0,0003835831;603,10;0,7475632085;710.692,14;0,000653578;EUR
Muster Defensiv Plus cVV;17.08.2018;-0,0003646065;-573,48;0,7469876382;710.118,66;0,000315751;EUR
Muster Defensiv Plus cVV;18.08.2018;0,0000242270;38,09;0,7470277083;710.156,75;0;EUR
Muster Defensiv Plus cVV;19.08.2018;0,0000242264;38,09;0,7470677785;710.194,84;0;EUR
Muster Defensiv Plus cVV;20.08.2018;0,0018015384;2.832,72;0,7500753291;713.027,56;0,002047416;EUR
Muster Defensiv Plus cVV;21.08.2018;-0,0009790540;-1.542,23;0,7484806512;711.485,34;-0,000838382;EUR
Muster Defensiv Plus cVV;22.08.2018;-0,0009423976;-1.483,03;0,7469481091;710.002,31;-0,001503323;EUR
Muster Defensiv Plus cVV;23.08.2018;0,0003369703;529,78;0,7475330633;710.532,09;-0,000590043;EUR
Muster Defensiv Plus cVV;24.08.2018;0,0004677170;735,59;0,7483345712;711.267,68;0,000535438;EUR
Muster Defensiv Plus cVV;25.08.2018;0,0000241390;37,98;0,7483745324;711.305,66;0;EUR
Muster Defensiv Plus cVV;26.08.2018;0,0000241384;37,98;0,7484144935;711.343,64;0;EUR
Muster Defensiv Plus cVV;27.08.2018;0,0001522188;239,52;0,7486941018;711.583,16;0,002279665;EUR
Muster Defensiv Plus cVV;28.08.2018;0,0010653577;1.676,63;0,7504858267;713.259,80;-0,000869461;EUR
Muster Defensiv Plus cVV;29.08.2018;0,0008746711;1.378,00;0,7519634325;714.637,80;0,000884421;EUR
Muster Defensiv Plus cVV;30.08.2018;0,0002846812;448,89;0,7524634526;715.086,70;0,000116103;EUR
Muster Defensiv Plus cVV;31.08.2018;-0,0010665463;-1.682,24;0,7507208768;713.404,45;-0,001825489;EUR
Muster Defensiv Plus cVV;01.09.2018;0,0000241124;37,99;0,7507608556;713.442,45;0;EUR
Muster Defensiv Plus cVV;02.09.2018;0,0000241119;37,99;0,7508008344;713.480,44;0;EUR
Muster Defensiv Plus cVV;03.09.2018;-0,0002988462;-470,88;0,7503328795;713.009,55;-0,000371642;EUR
Muster Defensiv Plus cVV;04.09.2018;-0,0022882664;-3.604,48;0,7465671160;709.405,07;-0,002389654;EUR
Muster Defensiv Plus cVV;05.09.2018;-0,0046037545;-7.235,25;0,7389799481;702.169,82;-0,005325624;EUR
Muster Defensiv Plus cVV;06.09.2018;-0,0013670449;-2.138,55;0,7367562835;700.031,26;-0,001096213;EUR
Muster Defensiv Plus cVV;07.09.2018;-0,0000669924;-104,66;0,7366731125;699.926,61;-0,000380679;EUR
Muster Defensiv Plus cVV;08.09.2018;0,0000243407;38,02;0,7367131318;699.964,63;0;EUR
Muster Defensiv Plus cVV;09.09.2018;0,0000243401;38,02;0,7367531512;700.002,65;0;EUR
Muster Defensiv Plus cVV;10.09.2018;0,0005534256;864,56;0,7376900937;700.867,21;0,000172712;EUR
Muster Defensiv Plus cVV;11.09.2018;-0,0005919016;-925,18;0,7367432464;699.942,03;-0,000002438;EUR
Muster Defensiv Plus cVV;12.09.2018;0,0017394315;2.717,23;0,7396303624;702.659,26;0,001233980;EUR
Muster Defensiv Plus cVV;13.09.2018;0,0000589741;92,29;0,7397545119;702.751,55;0,000291123;EUR
Muster Defensiv Plus cVV;14.09.2018;0,0020386223;3.190,33;0,7431399394;705.941,88;0,001044282;EUR
Muster Defensiv Plus cVV;15.09.2018;0,0000242215;37,98;0,7431799234;705.979,86;0;EUR
Muster Defensiv Plus cVV;16.09.2018;0,0000242209;37,98;0,7432199073;706.017,84;0;EUR
Muster Defensiv Plus cVV;17.09.2018;-0,0019126056;-2.999,37;0,7400894724;703.018,47;-0,001534281;EUR
Muster Defensiv Plus cVV;18.09.2018;-0,0005704634;-892,90;0,7391764188;702.125,58;0,001296092;EUR
Muster Defensiv Plus cVV;19.09.2018;0,0009316603;1.457,41;0,7407377021;703.582,99;0,001727695;EUR
Muster Defensiv Plus cVV;20.09.2018;0,0007464355;1.168,75;0,7419951602;704.751,74;0,001956004;EUR
Muster Defensiv Plus cVV;21.09.2018;0,0026298624;4.120,85;0,7463609073;708.872,59;0,002264554;EUR
Muster Defensiv Plus cVV;22.09.2018;0,0000241280;37,91;0,7464008187;708.910,50;0;EUR
Muster Defensiv Plus cVV;23.09.2018;0,0000241274;37,91;0,7464407300;708.948,40;0;EUR
Muster Defensiv Plus cVV;24.09.2018;-0,0028800896;-4.525,03;0,7417033347;704.423,38;-0,003632595;EUR
Muster Defensiv Plus cVV;25.09.2018;-0,0007200814;-1.128,09;0,7405424161;703.295,28;-0,000369605;EUR
Muster Defensiv Plus cVV;26.09.2018;0,0019176371;3.002,04;0,7437304153;706.297,32;0,000669535;EUR
Muster Defensiv Plus cVV;27.09.2018;0,0013242255;2.077,04;0,7459445613;708.374,36;0,001440482;EUR
Muster Defensiv Plus cVV;28.09.2018;0,0019609212;3.079,76;0,7492147903;711.454,12;-0,000782384;EUR
Muster Defensiv Plus cVV;29.09.2018;0,0000241435;37,99;0,7492548002;711.492,11;0;EUR
Muster Defensiv Plus cVV;30.09.2018;0,0000241429;37,99;0,7492948100;711.530,10;0;EUR
Muster Defensiv Plus cVV;01.10.2018;0,0034238535;5.388,20;0,7549963053;716.918,30;0,002443843;EUR
Muster Defensiv Plus cVV;02.10.2018;0,0007405475;1.169,41;0,7562551655;718.087,71;0,000517824;EUR
Muster Defensiv Plus cVV;03.10.2018;-0,0007165235;-1.132,31;0,7550899524;716.955,40;0,000266301;EUR
Muster Defensiv Plus cVV;04.10.2018;-0,0069463913;-10.969,38;0,7435639542;705.986,02;-0,004404386;EUR
Muster Defensiv Plus cVV;05.10.2018;-0,0031959049;-5.011,75;0,7383120722;700.974,27;-0,003386462;EUR
Muster Defensiv Plus cVV;06.10.2018;0,0000243362;38,04;0,7383521401;701.012,31;0;EUR
Muster Defensiv Plus cVV;07.10.2018;0,0000243356;38,04;0,7383922079;701.050,35;0;EUR
Muster Defensiv Plus cVV;08.10.2018;-0,0046332393;-7.242,88;0,7307898722;693.807,47;-0,001668190;EUR
Muster Defensiv Plus cVV;09.10.2018;0,0014311598;2.226,89;0,7331618667;696.034,35;0,000207963;EUR
Muster Defensiv Plus cVV;10.10.2018;-0,0077304642;-12.045,82;0,7204994343;683.988,53;-0,009275208;EUR
Muster Defensiv Plus cVV;11.10.2018;-0,0082179719;-12.706,48;0,7071401244;671.282,05;-0,006102691;EUR
Muster Defensiv Plus cVV;12.10.2018;0,0033886560;5.196,42;0,7126397343;676.478,47;0,001883037;EUR
Muster Defensiv Plus cVV;13.10.2018;0,0000247096;38,02;0,7126797866;676.516,49;0;EUR
Muster Defensiv Plus cVV;14.10.2018;0,0000247090;38,02;0,7127198390;676.554,51;0;EUR
Muster Defensiv Plus cVV;15.10.2018;-0,0008071198;-1.241,95;0,7114370451;675.312,56;0,000480396;EUR
Muster Defensiv Plus cVV;16.10.2018;0,0051633865;7.938,74;0,7198262792;683.251,29;0,005768662;EUR
Muster Defensiv Plus cVV;17.10.2018;0,0003885208;600,44;0,7204846935;683.851,73;0,000524181;EUR
Muster Defensiv Plus cVV;18.10.2018;-0,0033296905;-5.147,85;0,7150867016;678.703,88;-0,002702872;EUR
Muster Defensiv Plus cVV;19.10.2018;-0,0018271622;-2.815,47;0,7121458037;675.888,41;-0,001276338;EUR
Muster Defensiv Plus cVV;20.10.2018;0,0000247370;38,05;0,7121858922;675.926,46;0;EUR
Muster Defensiv Plus cVV;21.10.2018;0,0000247364;38,05;0,7122259807;675.964,51;0;EUR
Muster Defensiv Plus cVV;22.10.2018;0,0011039581;1.698,06;0,7140406801;677.662,57;-0,001135972;EUR
Muster Defensiv Plus cVV;23.10.2018;-0,0034513478;-5.314,58;0,7084661348;672.347,99;-0,004776523;EUR
Muster Defensiv Plus cVV;24.10.2018;-0,0008869463;-1.361,06;0,7070572233;670.986,93;-0,003420145;EUR
Muster Defensiv Plus cVV;25.10.2018;0,0017740971;2.720,01;0,7099487971;673.706,95;0,003220764;EUR
Muster Defensiv Plus cVV;26.10.2018;-0,0040482984;-6.217,78;0,7034216233;667.489,16;-0,002581046;EUR
Muster Defensiv Plus cVV;27.10.2018;0,0000249176;38,12;0,7034617912;667.527,28;0;EUR
Muster Defensiv Plus cVV;28.10.2018;0,0000249170;38,12;0,7035019590;667.565,40;0;EUR
Muster Defensiv Plus cVV;29.10.2018;0,0003958043;605,49;0,7041651384;668.170,88;0,000386543;EUR
Muster Defensiv Plus cVV;30.10.2018;-0,0012182766;-1.864,41;0,7022253083;666.306,47;0,001691630;EUR
Muster Defensiv Plus cVV;31.10.2018;0,0063089949;9.643,30;0,7124138060;675.949,77;0,004927415;EUR
Muster Defensiv Plus cVV;01.11.2018;0,0015058267;2.316,18;0,7148803534;678.265,95;0,000583118;EUR
Muster Defensiv Plus cVV;02.11.2018;0,0024365620;3.753,42;0,7188619439;682.019,37;0,000451620;EUR
Muster Defensiv Plus cVV;03.11.2018;0,0000246889;38,12;0,7189021282;682.057,50;0;EUR
Muster Defensiv Plus cVV;04.11.2018;0,0000246883;38,12;0,7189423126;682.095,62;0;EUR
Muster Defensiv Plus cVV;05.11.2018;-0,0012364402;-1.909,42;0,7169552059;680.186,20;-0,000229260;EUR
Muster Defensiv Plus cVV;06.11.2018;-0,0007097636;-1.094,72;0,7158267052;679.091,48;0,000390285;EUR
Muster Defensiv Plus cVV;07.11.2018;0,0045640759;7.034,54;0,7232674234;686.126,02;0,003131628;EUR
Muster Defensiv Plus cVV;08.11.2018;0,0002535718;392,61;0,7237069296;686.518,63;-0,000413835;EUR
Muster Defensiv Plus cVV;09.11.2018;-0,0021723864;-3.364,40;0,7201857811;683.154,23;0,000487584;EUR
Muster Defensiv Plus cVV;10.11.2018;0,0000246915;38,16;0,7202260065;683.192,38;0;EUR
Muster Defensiv Plus cVV;11.11.2018;0,0000246909;38,16;0,7202662318;683.230,54;0;EUR
Muster Defensiv Plus cVV;12.11.2018;-0,0025254748;-3.902,93;0,7161770770;679.327,61;-0,004023081;EUR
Muster Defensiv Plus cVV;13.11.2018;-0,0010405146;-1.603,97;0,7145113571;677.723,64;0,001073145;EUR
Muster Defensiv Plus cVV;14.11.2018;-0,0027709693;-4.267,06;0,7100377576;673.456,57;-0,002454290;EUR
Muster Defensiv Plus cVV;15.11.2018;-0,0012889739;-1.979,41;0,7079758194;671.477,16;0,000706589;EUR
Muster Defensiv Plus cVV;16.11.2018;-0,0012638172;-1.938,28;0,7059570871;669.538,88;-0,001567553;EUR
Muster Defensiv Plus cVV;17.11.2018;0,0000248786;38,11;0,7059972672;669.576,99;0;EUR
Muster Defensiv Plus cVV;18.11.2018;0,0000248780;38,11;0,7060374474;669.615,10;0;EUR
Muster Defensiv Plus cVV;19.11.2018;-0,0080115157;-12.272,11;0,6931222573;657.342,99;-0,004799496;EUR
Muster Defensiv Plus cVV;20.11.2018;-0,0052790797;-8.021,75;0,6846879968;649.321,24;-0,005183731;EUR
Muster Defensiv Plus cVV;21.11.2018;0,0024429758;3.692,59;0,6886059530;653.013,83;0,003439559;EUR
Muster Defensiv Plus cVV;22.11.2018;-0,0015063174;-2.282,38;0,6862233061;650.731,45;-0,001788956;EUR
Muster Defensiv Plus cVV;23.11.2018;0,0013705178;2.073,49;0,6884340830;652.804,94;0,001730936;EUR
Muster Defensiv Plus cVV;24.11.2018;0,0000251850;38,16;0,6884743208;652.843,09;0;EUR
Muster Defensiv Plus cVV;25.11.2018;0,0000251844;38,16;0,6885145585;652.881,25;0;EUR
Muster Defensiv Plus cVV;26.11.2018;0,0038554371;5.841,27;0,6946990388;658.722,52;0,004403426;EUR
Muster Defensiv Plus cVV;27.11.2018;0,0012353592;1.878,88;0,6967049821;660.601,40;0,000547995;EUR
Muster Defensiv Plus cVV;28.11.2018;0,0040304628;6.137,57;0,7032026430;666.738,97;0,002352795;EUR
Muster Defensiv Plus cVV;29.11.2018;0,0000968322;148,05;0,7033834375;666.887,02;-0,000631467;EUR
Muster Defensiv Plus cVV;30.11.2018;0,0000500888;76,59;0,7034888524;666.963,61;0,000968397;EUR
Muster Defensiv Plus cVV;01.12.2018;0,0000249609;38,17;0,7035291119;667.001,78;0;EUR
Muster Defensiv Plus cVV;02.12.2018;0,0000249603;38,17;0,7035693713;667.039,95;0;EUR
Muster Defensiv Plus cVV;03.12.2018;0,0089293080;13.654,99;0,7179972831;680.694,94;0,005074090;EUR
Muster Defensiv Plus cVV;04.12.2018;-0,0053544378;-8.261,30;0,7093080627;672.433,64;-0,005715378;EUR
Muster Defensiv Plus cVV;05.12.2018;-0,0057915481;-8.887,87;0,6999572670;663.545,78;-0,003187611;EUR
Muster Defensiv Plus cVV;06.12.2018;-0,0089570349;-13.666,10;0,6855651898;649.879,68;-0,007409176;EUR
Muster Defensiv Plus cVV;07.12.2018;-0,0033897084;-5.125,49;0,6801819881;644.754,19;-0,003517469;EUR
Muster Defensiv Plus cVV;08.12.2018;0,0000253025;38,13;0,6802222127;644.792,32;0;EUR
Muster Defensiv Plus cVV;09.12.2018;0,0000253019;38,13;0,6802624374;644.830,45;0;EUR
Muster Defensiv Plus cVV;10.12.2018;-0,0048284424;-7.276,58;0,6726094772;637.553,87;-0,004072379;EUR
Muster Defensiv Plus cVV;11.12.2018;0,0043254959;6.487,15;0,6794769904;644.041,02;0,004135142;EUR
Muster Defensiv Plus cVV;12.12.2018;0,0066007750;9.942,31;0,6899903614;653.983,34;0,002968790;EUR
Muster Defensiv Plus cVV;13.12.2018;0,0006545455;992,41;0,6910614463;654.975,74;0,000695064;EUR
Muster Defensiv Plus cVV;14.12.2018;-0,0025419601;-3.856,58;0,6870162662;651.119,16;-0,002302648;EUR
Muster Defensiv Plus cVV;15.12.2018;0,0000252266;38,18;0,6870565467;651.157,34;0;EUR
Muster Defensiv Plus cVV;16.12.2018;0,0000252260;38,18;0,6870968272;651.195,51;0;EUR
Muster Defensiv Plus cVV;17.12.2018;-0,0048276006;-7.306,04;0,6794115974;643.889,48;-0,004705312;EUR
Muster Defensiv Plus cVV;18.12.2018;-0,0026696334;-4.020,69;0,6751925298;639.868,79;-0,001464201;EUR
Muster Defensiv Plus cVV;19.12.2018;-0,0008648519;-1.299,06;0,6738451252;638.569,73;-0,001895622;EUR
Muster Defensiv Plus cVV;20.12.2018;-0,0079264555;-11.895,73;0,6613151787;626.674,00;-0,005182623;EUR
Muster Defensiv Plus cVV;21.12.2018;-0,0028614354;-4.260,30;0,6568421290;622.413,70;-0,002351467;EUR
Muster Defensiv Plus cVV;22.12.2018;0,0000256867;38,13;0,6568823730;622.451,83;0;EUR
Muster Defensiv Plus cVV;23.12.2018;0,0000256860;38,13;0,6569226170;622.489,97;0;EUR
Muster Defensiv Plus cVV;24.12.2018;-0,0006436119;-955,56;0,6559369007;621.534,41;-0,003044761;EUR
Muster Defensiv Plus cVV;25.12.2018;0,0002917155;432,83;0,6564163839;621.967,23;-0,000744693;EUR
Muster Defensiv Plus cVV;26.12.2018;0,0044224605;6.563,64;0,6633664909;628.530,87;0,005526176;EUR
Muster Defensiv Plus cVV;27.12.2018;-0,0037209718;-5.546,94;0,6575348205;622.983,93;-0,002128586;EUR
Muster Defensiv Plus cVV;28.12.2018;0,0056943620;8.457,14;0,6664839895;631.441,07;0,002923668;EUR
Muster Defensiv Plus cVV;29.12.2018;0,0000255029;38,09;0,6665241955;631.479,16;0;EUR
Muster Defensiv Plus cVV;30.12.2018;0,0000255023;38,09;0,6665644015;631.517,25;0;EUR
Muster Defensiv Plus cVV;31.12.2018;0,0005077451;758,42;0,6673879272;632.275,68;0,001289362;EUR
Muster Defensiv Plus cVV;01.01.2019;-0,0000414857;-62,00;0,6673454782;632.213,68;0,000002284;EUR
Muster Defensiv Plus cVV;02.01.2019;0,0031346085;4.684,38;0,6723133148;636.898,06;0,002698715;EUR
Muster Defensiv Plus cVV;03.01.2019;-0,0056521564;-8.473,10;0,6633918861;628.424,96;-0,005776222;EUR
Muster Defensiv Plus cVV;04.01.2019;0,0059495199;8.868,46;0,6727769385;637.293,42;0,008938486;EUR
Muster Defensiv Plus cVV;05.01.2019;0,0000254219;38,12;0,6728171806;637.331,54;0;EUR
Muster Defensiv Plus cVV;06.01.2019;0,0000254212;38,12;0,6728574228;637.369,66;0;EUR
Muster Defensiv Plus cVV;07.01.2019;0,0019742953;2.960,58;0,6760060668;640.330,24;-0,000140314;EUR
Muster Defensiv Plus cVV;08.01.2019;0,0023524299;3.534,58;0,6797609115;643.864,82;0,002175753;EUR
Muster Defensiv Plus cVV;09.01.2019;0,0033499728;5.045,25;0,6851109447;648.910,08;0,002364281;EUR
Muster Defensiv Plus cVV;10.01.2019;0,0010122052;1.529,55;0,6867493614;650.439,62;0,001250565;EUR
Muster Defensiv Plus cVV;11.01.2019;-0,0008557327;-1.294,41;0,6854061715;649.145,21;0,000323926;EUR
Muster Defensiv Plus cVV;12.01.2019;0,0000251927;38,07;0,6854463730;649.183,29;0;EUR
Muster Defensiv Plus cVV;13.01.2019;0,0000251921;38,07;0,6854865746;649.221,36;0;EUR
Muster Defensiv Plus cVV;14.01.2019;-0,0020281677;-3.065,40;0,6822732937;646.155,96;-0,000635364;EUR
Muster Defensiv Plus cVV;15.01.2019;0,0063303203;9.548,33;0,6923790197;655.704,29;0,003483791;EUR
Muster Defensiv Plus cVV;16.01.2019;0,0030027571;4.557,88;0,6972156577;660.262,17;0,001241702;EUR
Muster Defensiv Plus cVV;17.01.2019;0,0006197724;943,58;0,6982358910;661.205,75;0,000400781;EUR
Muster Defensiv Plus cVV;18.01.2019;0,0065144550;9.924,11;0,7087399834;671.129,86;0,006961354;EUR
Muster Defensiv Plus cVV;19.01.2019;0,0000248744;38,14;0,7087802613;671.168,00;0;EUR
Muster Defensiv Plus cVV;20.01.2019;0,0000248738;38,14;0,7088205391;671.206,14;0;EUR
Muster Defensiv Plus cVV;21.01.2019;0,0009183613;1.408,21;0,7103318954;672.614,36;-0,000815859;EUR
Muster Defensiv Plus cVV;22.01.2019;-0,0020471196;-3.141,93;0,7070378689;669.472,42;-0,002081086;EUR
Muster Defensiv Plus cVV;23.01.2019;-0,0006947104;-1.064,06;0,7059381385;668.408,36;-0,000517436;EUR
Muster Defensiv Plus cVV;24.01.2019;0,0043721000;6.691,94;0,7130300851;675.100,30;0,002599665;EUR
Muster Defensiv Plus cVV;25.01.2019;0,0023714110;3.645,55;0,7169048398;678.745,86;0,003003744;EUR
Muster Defensiv Plus cVV;26.01.2019;0,0000247336;38,11;0,7169450954;678.783,97;0;EUR
Muster Defensiv Plus cVV;27.01.2019;0,0000247330;38,11;0,7169853510;678.822,08;0;EUR
Muster Defensiv Plus cVV;28.01.2019;-0,0021535360;-3.318,63;0,7135043913;675.503,45;-0,002779140;EUR
Muster Defensiv Plus cVV;29.01.2019;0,0008374176;1.287,69;0,7148888002;676.791,14;0,000675541;EUR
Muster Defensiv Plus cVV;30.01.2019;0,0045066709;6.935,70;0,7222394240;683.726,84;0,001193334;EUR
Muster Defensiv Plus cVV;31.01.2019;0,0077711108;12.013,52;0,7349545503;695.740,36;0,001734147;EUR
Muster Defensiv Plus cVV;01.02.2019;0,0005551976;864,96;0,7358931966;696.605,32;0,000572917;EUR
Muster Defensiv Plus cVV;02.02.2019;0,0000244306;38,08;0,7359334268;696.643,40;0;EUR
Muster Defensiv Plus cVV;03.02.2019;0,0000244300;38,08;0,7359736571;696.681,48;0;EUR
Muster Defensiv Plus cVV;04.02.2019;0,0005675756;884,78;0,7369332875;697.566,26;0,000969020;EUR
Muster Defensiv Plus cVV;05.02.2019;0,0057569400;8.979,44;0,7464447366;706.545,70;0,004855825;EUR
Muster Defensiv Plus cVV;06.02.2019;0,0008967935;1.406,83;0,7479563033;707.952,54;-0,000378538;EUR
Muster Defensiv Plus cVV;07.02.2019;-0,0037038628;-5.815,60;0,7418371426;702.136,93;-0,004680206;EUR
Muster Defensiv Plus cVV;08.02.2019;-0,0047803266;-7.478,01;0,7339610901;694.658,93;-0,001586818;EUR
Muster Defensiv Plus cVV;09.02.2019;0,0000245147;38,17;0,7340014151;694.697,09;0;EUR
Muster Defensiv Plus cVV;10.02.2019;0,0000245141;38,17;0,7340417401;694.735,26;0;EUR
Muster Defensiv Plus cVV;11.02.2019;0,0012148002;1.891,36;0,7360649366;696.626,61;0,002275918;EUR
Muster Defensiv Plus cVV;12.02.2019;0,0018967391;2.956,67;0,7392139174;699.583,29;0,003062223;EUR
Muster Defensiv Plus cVV;13.02.2019;0,0032623815;5.095,11;0,7446227439;704.678,40;0,001657222;EUR
Muster Defensiv Plus cVV;14.02.2019;0,0008298082;1.300,20;0,7460217604;705.978,60;-0,001012077;EUR
Muster Defensiv Plus cVV;15.02.2019;-0,0002556700;-400,93;0,7456231655;705.577,67;0,005202778;EUR
Muster Defensiv Plus cVV;16.02.2019;0,0000206071;32,31;0,7456573064;705.609,97;0;EUR
Muster Defensiv Plus cVV;17.02.2019;0,0000206067;32,31;0,7456914472;705.642,28;0;EUR
Muster Defensiv Plus cVV;18.02.2019;0,0015856135;2.485,98;0,7483436757;708.128,26;0,000073609;EUR
Muster Defensiv Plus cVV;19.02.2019;0,0002565693;402,90;0,7487946038;708.531,16;0,000183288;EUR
Muster Defensiv Plus cVV;20.02.2019;0,0016646490;2.614,70;0,7515831199;711.145,86;0,001929795;EUR
Muster Defensiv Plus cVV;21.02.2019;-0,0010634553;-1.673,18;0,7498399535;709.472,69;-0,000936428;EUR
Muster Defensiv Plus cVV;22.02.2019;0,0026255656;4.126,51;0,7542265325;713.599,20;0,002231543;EUR
Muster Defensiv Plus cVV;23.02.2019;0,0000244170;38,48;0,7542671992;713.637,68;0;EUR
Muster Defensiv Plus cVV;24.02.2019;0,0000244164;38,48;0,7543078659;713.676,15;0;EUR
Muster Defensiv Plus cVV;25.02.2019;0,0017554413;2.735,19;0,7572294994;716.411,34;0,000868561;EUR
Muster Defensiv Plus cVV;26.02.2019;-0,0002278410;-355,63;0,7568842982;716.055,71;0,000337842;EUR
Muster Defensiv Plus cVV;27.02.2019;-0,0013282782;-2.072,78;0,7547239125;713.982,94;-0,001728852;EUR
Muster Defensiv Plus cVV;28.02.2019;-0,0010750084;-1.675,32;0,7529834808;712.307,61;-0,000526240;EUR
Muster Defensiv Plus cVV;01.03.2019;0,0031719678;4.937,96;0,7582341007;717.245,58;0,002065419;EUR
Muster Defensiv Plus cVV;02.03.2019;0,0000246264;38,46;0,7582747574;717.284,04;0;EUR
Muster Defensiv Plus cVV;03.03.2019;0,0000246258;38,46;0,7583154140;717.322,50;0;EUR
Muster Defensiv Plus cVV;04.03.2019;0,0021493810;3.356,83;0,7618948799;720.679,33;0,001003425;EUR
Muster Defensiv Plus cVV;05.03.2019;0,0008755554;1.370,35;0,7633744424;722.049,68;0,000281851;EUR
Muster Defensiv Plus cVV;06.03.2019;-0,0012393666;-1.941,46;0,7613526055;720.108,22;-0,000594147;EUR
Muster Defensiv Plus cVV;07.03.2019;0,0008947731;1.399,92;0,7628634809;721.508,14;0,000491060;EUR
Muster Defensiv Plus cVV;08.03.2019;-0,0024440084;-3.827,20;0,7588475075;717.680,94;-0,002542969;EUR
Muster Defensiv Plus cVV;09.03.2019;0,0000246710;38,54;0,7588882573;717.719,48;0;EUR
Muster Defensiv Plus cVV;10.03.2019;0,0000246704;38,54;0,7589290072;717.758,02;0;EUR
Muster Defensiv Plus cVV;11.03.2019;0,0038068179;5.947,02;0,7652479759;723.705,03;0,003940277;EUR
Muster Defensiv Plus cVV;12.03.2019;0,0013131955;2.059,29;0,7674563661;725.764,32;-0,000045926;EUR
Muster Defensiv Plus cVV;13.03.2019;0,0006176192;969,79;0,7685127826;726.734,11;0,001298059;EUR
Muster Defensiv Plus cVV;14.03.2019;0,0016823433;2.643,26;0,7713390064;729.377,37;0,000228231;EUR
Muster Defensiv Plus cVV;15.03.2019;0,0012994758;2.045,14;0,7735328805;731.422,51;0,002329792;EUR
Muster Defensiv Plus cVV;16.03.2019;0,0000244195;38,48;0,7735735778;731.460,99;0;EUR
Muster Defensiv Plus cVV;17.03.2019;0,0000244189;38,48;0,7736142751;731.499,48;0;EUR
Muster Defensiv Plus cVV;18.03.2019;-0,0025900048;-4.081,70;0,7693284615;727.417,78;0,000569797;EUR
Muster Defensiv Plus cVV;19.03.2019;0,0023834566;3.746,46;0,7733218004;731.164,24;0,001704218;EUR
Muster Defensiv Plus cVV;20.03.2019;-0,0026032380;-4.101,68;0,7690144496;727.062,56;-0,003242754;EUR
Muster Defensiv Plus cVV;21.03.2019;0,0033712864;5.298,00;0,7746491734;732.360,55;0,001222866;EUR
Muster Defensiv Plus cVV;22.03.2019;-0,0006067464;-956,72;0,7736681783;731.403,83;-0,003223908;EUR
Muster Defensiv Plus cVV;23.03.2019;0,0000244295;38,50;0,7737089000;731.442,33;0;EUR
Muster Defensiv Plus cVV;24.03.2019;0,0000244289;38,50;0,7737496218;731.480,83;0;EUR
Muster Defensiv Plus cVV;25.03.2019;-0,0033785966;-5.324,41;0,7681482632;726.156,42;-0,001838120;EUR
Muster Defensiv Plus cVV;26.03.2019;0,0031636122;4.968,77;0,7734352792;731.125,18;0,002955758;EUR
Muster Defensiv Plus cVV;27.03.2019;0,0009500684;1.496,90;0,7750497605;732.622,08;0,002167457;EUR
Muster Defensiv Plus cVV;28.03.2019;0,0011276740;1.778,42;0,7769621806;734.400,50;-0,000090813;EUR
Muster Defensiv Plus cVV;29.03.2019;0,0019554311;3.087,32;0,7802595466;737.487,82;0,002959146;EUR
Muster Defensiv Plus cVV;30.03.2019;0,0000243690;38,55;0,7803003325;737.526,37;0;EUR
Muster Defensiv Plus cVV;31.03.2019;0,0000198448;31,39;0,7803335471;737.557,76;0;EUR
Muster Defensiv Plus cVV;01.04.2019;0,0027814308;4.400,23;0,7850202615;741.957,99;0,004005577;EUR
Muster Defensiv Plus cVV;02.04.2019;0,0017892979;2.838,54;0,7880549401;744.796,53;0,002426787;EUR
Muster Defensiv Plus cVV;03.04.2019;0,0002026258;322,02;0,7884270454;745.118,55;0,002370300;EUR
Muster Defensiv Plus cVV;04.04.2019;-0,0004520749;-718,60;0,7876980070;744.399,95;0,000716561;EUR
Muster Defensiv Plus cVV;05.04.2019;0,0018068689;2.870,83;0,7907672504;747.270,78;0,000673485;EUR
Muster Defensiv Plus cVV;06.04.2019;0,0000206960;32,94;0,7908021101;747.303,73;0;EUR
Muster Defensiv Plus cVV;07.04.2019;0,0000242102;38,54;0,7908428896;747.342,26;0;EUR
Muster Defensiv Plus cVV;08.04.2019;-0,0010708611;-1.704,58;0,7890704297;745.637,68;-0,000924075;EUR
Muster Defensiv Plus cVV;09.04.2019;0,0012109918;1.925,58;0,7911395681;747.563,26;-0,002450861;EUR
Muster Defensiv Plus cVV;10.04.2019;0,0016192684;2.577,89;0,7938992095;750.141,14;0,002535949;EUR
Muster Defensiv Plus cVV;11.04.2019;-0,0031817501;-5.073,57;0,7885609365;745.067,57;-0,000319472;EUR
Muster Defensiv Plus cVV;12.04.2019;-0,0004007343;-636,97;0,7879179877;744.430,60;-0,000043318;EUR
Muster Defensiv Plus cVV;13.04.2019;0,0000242203;38,48;0,7879587187;744.469,09;0;EUR
Muster Defensiv Plus cVV;14.04.2019;0,0000242197;38,48;0,7879994498;744.507,57;0;EUR
Muster Defensiv Plus cVV;15.04.2019;0,0008887300;1.412,15;0,7895253393;745.919,72;0,000882280;EUR
Muster Defensiv Plus cVV;16.04.2019;0,0017511027;2.784,89;0,7925043733;748.704,61;0,001627117;EUR
Muster Defensiv Plus cVV;17.04.2019;0,0017526908;2.792,30;0,7954914599;751.496,90;0,000199988;EUR
Muster Defensiv Plus cVV;18.04.2019;0,0024844516;3.965,04;0,7997202039;755.461,94;0,003005718;EUR
Muster Defensiv Plus cVV;19.04.2019;-0,0001668805;-266,99;0,7994691214;755.194,95;0,000012436;EUR
Muster Defensiv Plus cVV;20.04.2019;0,0000240788;38,52;0,7995098968;755.233,46;0;EUR
Muster Defensiv Plus cVV;21.04.2019;0,0000240782;38,52;0,7995506722;755.271,98;0;EUR
Muster Defensiv Plus cVV;22.04.2019;0,0005489753;878,20;0,8005119332;756.150,18;-0,000076997;EUR
Muster Defensiv Plus cVV;23.04.2019;0,0015726564;2.517,18;0,8032084499;758.667,37;0,001835953;EUR
Muster Defensiv Plus cVV;24.04.2019;0,0029305289;4.697,96;0,8082140579;763.365,33;0,002036119;EUR
Muster Defensiv Plus cVV;25.04.2019;-0,0000224851;-36,15;0,8082075894;763.329,18;0,000316147;EUR
Muster Defensiv Plus cVV;26.04.2019;0,0011393477;1.831,81;0,8101789615;765.160,99;0,001094240;EUR
Muster Defensiv Plus cVV;27.04.2019;0,0000239616;38,57;0,8102197994;765.199,56;0;EUR
Muster Defensiv Plus cVV;28.04.2019;0,0000239610;38,57;0,8102606373;765.238,13;0;EUR
Muster Defensiv Plus cVV;29.04.2019;0,0004316078;694,75;0,8110281372;765.932,88;0,000077884;EUR
Muster Defensiv Plus cVV;30.04.2019;-0,0018186977;-2.928,79;0,8079586440;763.004,09;-0,000373593;EUR
Muster Defensiv Plus cVV;01.05.2019;-0,0013095720;-2.105,07;0,8057611715;760.899,02;-0,001212959;EUR
Muster Defensiv Plus cVV;02.05.2019;-0,0008631568;-1.385,66;0,8043253549;759.513,36;0,000383792;EUR
Muster Defensiv Plus cVV;03.05.2019;0,0018094457;2.902,27;0,8074305072;762.415,63;0,002316471;EUR
Muster Defensiv Plus cVV;04.05.2019;0,0000239811;38,53;0,8074713167;762.454,17;0;EUR
Muster Defensiv Plus cVV;05.05.2019;0,0000239806;38,53;0,8075121262;762.492,70;0;EUR
Muster Defensiv Plus cVV;06.05.2019;-0,0016090493;-2.585,64;0,8048053423;759.907,06;-0,002519774;EUR
Muster Defensiv Plus cVV;07.05.2019;-0,0025796948;-4.138,73;0,8004534006;755.768,33;-0,004350514;EUR
Muster Defensiv Plus cVV;08.05.2019;-0,0035507436;-5.681,94;0,7944665817;750.086,39;0,000537824;EUR
Muster Defensiv Plus cVV;09.05.2019;-0,0038597013;-6.154,41;0,7879788305;743.931,98;-0,004510683;EUR
Muster Defensiv Plus cVV;10.05.2019;0,0012992443;2.063,69;0,7901955644;745.995,67;0,001607107;EUR
Muster Defensiv Plus cVV;11.05.2019;0,0000242162;38,51;0,7902363606;746.034,18;0;EUR
Muster Defensiv Plus cVV;12.05.2019;0,0000242156;38,51;0,7902771569;746.072,69;0;EUR
Muster Defensiv Plus cVV;13.05.2019;-0,0038784379;-6.168,72;0,7837735321;739.903,98;-0,005803651;EUR
Muster Defensiv Plus cVV;14.05.2019;0,0013177261;2.087,74;0,7860157045;741.991,71;0,003374482;EUR
Muster Defensiv Plus cVV;15.05.2019;0,0036725800;5.826,31;0,7922185752;747.818,02;0,003179968;EUR
Muster Defensiv Plus cVV;16.05.2019;0,0038196630;6.081,90;0,7986926844;753.899,92;0,004841816;EUR
Muster Defensiv Plus cVV;17.05.2019;-0,0009863571;-1.576,54;0,7970534956;752.323,39;-0,001296443;EUR
Muster Defensiv Plus cVV;18.05.2019;0,0000241507;38,56;0,7970943514;752.361,95;0;EUR
Muster Defensiv Plus cVV;19.05.2019;0,0000241501;38,56;0,7971352072;752.400,51;0;EUR
Muster Defensiv Plus cVV;20.05.2019;-0,0018711227;-2.987,89;0,7940005461;749.412,62;-0,004135104;EUR
Muster Defensiv Plus cVV;21.05.2019;-0,0000940153;-149,85;0,7938726350;749.262,78;0,001759966;EUR
Muster Defensiv Plus cVV;22.05.2019;0,0005292810;843,52;0,7947972405;750.106,29;0,000485709;EUR
Muster Defensiv Plus cVV;23.05.2019;-0,0036755818;-5.860,90;0,7886177575;744.245,40;-0,004903186;EUR
Muster Defensiv Plus cVV;24.05.2019;-0,0007651442;-1.215,58;0,7873602421;743.029,82;0,000647818;EUR
Muster Defensiv Plus cVV;25.05.2019;0,0000242732;38,53;0,7874010742;743.068,35;0;EUR
Muster Defensiv Plus cVV;26.05.2019;0,0000242727;38,53;0,7874419063;743.106,89;0;EUR
Muster Defensiv Plus cVV;27.05.2019;0,0013320788;2.114,74;0,7897134213;745.221,63;0,001772971;EUR
Muster Defensiv Plus cVV;28.05.2019;0,0004843084;769,89;0,7905598890;745.991,52;-0,001119712;EUR
Muster Defensiv Plus cVV;29.05.2019;-0,0015334385;-2.438,83;0,7880058448;743.552,68;-0,003788058;EUR
Muster Defensiv Plus cVV;30.05.2019;0,0014332878;2.276,06;0,7904485419;745.828,74;0,001382655;EUR
Muster Defensiv Plus cVV;31.05.2019;-0,0007982630;-1.269,46;0,7891336364;744.559,28;-0,004031755;EUR
Muster Defensiv Plus cVV;01.06.2019;0,0000242642;38,56;0,7891745005;744.597,84;0;EUR
Muster Defensiv Plus cVV;02.06.2019;0,0000242636;38,56;0,7892153645;744.636,39;0;EUR
Muster Defensiv Plus cVV;03.06.2019;-0,0045340436;-7.204,96;0,7816092543;737.431,44;-0,000292347;EUR
Muster Defensiv Plus cVV;04.06.2019;0,0009585556;1.516,31;0,7832466345;738.947,75;0,005221472;EUR
Muster Defensiv Plus cVV;05.06.2019;0,0041332096;6.544,49;0,7902139288;745.492,24;0,002277474;EUR
Muster Defensiv Plus cVV;06.06.2019;0,0009844298;1.565,18;0,7919035210;747.057,42;-0,000145819;EUR
Muster Defensiv Plus cVV;07.06.2019;0,0038154724;6.072,33;0,7983711181;753.129,75;0,003052463;EUR
Muster Defensiv Plus cVV;08.06.2019;0,0000240685;38,45;0,7984118790;753.168,20;0;EUR
Muster Defensiv Plus cVV;09.06.2019;0,0000240679;38,45;0,7984526399;753.206,65;0;EUR
Muster Defensiv Plus cVV;10.06.2019;0,0016809251;2.685,53;0,8013303311;755.892,18;0,001063344;EUR
Muster Defensiv Plus cVV;11.06.2019;-0,0001432781;-229,29;0,8011180634;755.662,89;0,002084787;EUR
Muster Defensiv Plus cVV;12.06.2019;0,0009262620;1.482,12;0,8027201833;757.145,00;-0,001023450;EUR
Muster Defensiv Plus cVV;13.06.2019;0,0008459174;1.354,81;0,8041874293;758.499,82;0,001674871;EUR
Muster Defensiv Plus cVV;14.06.2019;0,0010566263;1.693,71;0,8060140929;760.193,53;-0,000513255;EUR
Muster Defensiv Plus cVV;15.06.2019;0,0000207248;33,26;0,8060493531;760.226,78;0;EUR
Muster Defensiv Plus cVV;16.06.2019;0,0000207244;33,26;0,8060846134;760.260,04;0;EUR
Muster Defensiv Plus cVV;17.06.2019;-0,0004980367;-799,20;0,8052681226;759.460,84;-0,000172817;EUR
Muster Defensiv Plus cVV;18.06.2019;0,0051445583;8.251,38;0,8140483851;767.712,22;0,008558295;EUR
Muster Defensiv Plus cVV;19.06.2019;0,0017822323;2.873,24;0,8171263320;770.585,45;-0,000892846;EUR
Muster Defensiv Plus cVV;20.06.2019;0,0055783295;9.009,16;0,8267112581;779.594,62;0,002354261;EUR
Muster Defensiv Plus cVV;21.06.2019;-0,0018938870;-3.075,74;0,8234811169;776.518,87;-0,001894123;EUR
Muster Defensiv Plus cVV;22.06.2019;0,0000236991;38,42;0,8235218556;776.557,29;0;EUR
Muster Defensiv Plus cVV;23.06.2019;0,0000236986;38,42;0,8235625943;776.595,70;0;EUR
Muster Defensiv Plus cVV;24.06.2019;-0,0000505926;-82,01;0,8235070940;776.513,69;-0,001356607;EUR
Muster Defensiv Plus cVV;25.06.2019;-0,0022753194;-3.688,20;0,8196269974;772.825,49;-0,001269160;EUR
Muster Defensiv Plus cVV;26.06.2019;-0,0013565246;-2.193,86;0,8173314673;770.631,63;-0,000684395;EUR
Muster Defensiv Plus cVV;27.06.2019;0,0005751697;928,94;0,8183479131;771.560,57;0,001350682;EUR
Muster Defensiv Plus cVV;28.06.2019;0,0022448762;3.627,73;0,8222269633;775.188,30;0,002895082;EUR
Muster Defensiv Plus cVV;29.06.2019;0,0000237167;38,41;0,8222677065;775.226,71;0;EUR
Muster Defensiv Plus cVV;30.06.2019;0,0000237161;38,41;0,8223084496;775.265,12;0;EUR
Muster Defensiv Plus cVV;01.07.2019;0,0040217199;6.514,01;0,8292493180;781.779,14;0,004833658;EUR
Muster Defensiv Plus cVV;02.07.2019;0,0043603017;7.090,82;0,8368025462;788.869,96;0,001250807;EUR
Muster Defensiv Plus cVV;03.07.2019;0,0046040037;7.519,78;0,8448113673;796.389,74;0,002982095;EUR
Muster Defensiv Plus cVV;04.07.2019;0,0000549454;90,16;0,8449391182;796.479,90;0,000515750;EUR
Muster Defensiv Plus cVV;05.07.2019;-0,0006856768;-1.125,14;0,8437775662;795.354,75;-0,001249549;EUR
Muster Defensiv Plus cVV;06.07.2019;0,0000234819;38,51;0,8438184161;795.393,26;0;EUR
Muster Defensiv Plus cVV;07.07.2019;0,0000234813;38,51;0,8438592659;795.431,76;0;EUR
Muster Defensiv Plus cVV;08.07.2019;-0,0014638022;-2.400,45;0,8413446009;793.031,31;-0,000944972;EUR
Muster Defensiv Plus cVV;09.07.2019;-0,0002736310;-448,06;0,8409011333;792.583,25;-0,001903344;EUR
Muster Defensiv Plus cVV;10.07.2019;0,0003175305;519,81;0,8414845213;793.103,05;-0,001613835;EUR
Muster Defensiv Plus cVV;11.07.2019;0,0002466172;403,85;0,8419448931;793.506,90;-0,000864162;EUR
Muster Defensiv Plus cVV;12.07.2019;-0,0003312046;-542,50;0,8414011270;792.964,40;0,000280243;EUR
Muster Defensiv Plus cVV;13.07.2019;0,0000234983;38,48;0,8414419537;793.002,88;0;EUR
Muster Defensiv Plus cVV;14.07.2019;0,0000234978;38,48;0,8414827803;793.041,36;0;EUR
Muster Defensiv Plus cVV;15.07.2019;0,0019499143;3.192,95;0,8449027275;796.234,31;0,001653614;EUR
Muster Defensiv Plus cVV;16.07.2019;0,0006095359;1.000,05;0,8459958819;797.234,36;0,000968903;EUR
Muster Defensiv Plus cVV;17.07.2019;0,0006932408;1.138,08;0,8472355694;798.372,44;-0,001310986;EUR
Muster Defensiv Plus cVV;18.07.2019;-0,0003145049;-516,67;0,8467192329;797.855,77;-0,001092700;EUR
Muster Defensiv Plus cVV;19.07.2019;0,0019065247;3.131,08;0,8500741392;800.986,85;0,000570837;EUR
Muster Defensiv Plus cVV;20.07.2019;0,0000234029;38,51;0,8501150069;801.025,36;0;EUR
Muster Defensiv Plus cVV;21.07.2019;0,0000234023;38,51;0,8501558745;801.063,87;0;EUR
Muster Defensiv Plus cVV;22.07.2019;0,0014145925;2.327,72;0,8526583870;803.391,59;0,001243210;EUR
Muster Defensiv Plus cVV;23.07.2019;0,0033565511;5.531,04;0,8585609516;808.922,63;0,005315691;EUR
Muster Defensiv Plus cVV;24.07.2019;0,0023191765;3.834,45;0,8626631658;812.757,08;0,001726093;EUR
Muster Defensiv Plus cVV;25.07.2019;0,0004451466;737,70;0,8634786399;813.494,78;-0,003342929;EUR
Muster Defensiv Plus cVV;26.07.2019;0,0052254683;8.663,50;0,8727072625;822.158,28;0,001938784;EUR
Muster Defensiv Plus cVV;27.07.2019;0,0000231415;38,57;0,8727482015;822.196,85;0;EUR
Muster Defensiv Plus cVV;28.07.2019;0,0000231410;38,57;0,8727891404;822.235,42;0;EUR
Muster Defensiv Plus cVV;29.07.2019;0,0001104232;184,04;0,8730172893;822.419,46;0,000013847;EUR
Muster Defensiv Plus cVV;30.07.2019;-0,0017747480;-2.958,26;0,8699096806;819.461,19;-0,004765667;EUR
Muster Defensiv Plus cVV;31.07.2019;-0,0003503504;-582,95;0,8693234527;818.878,24;0,000236359;EUR
Muster Defensiv Plus cVV;01.08.2019;0,0016845026;2.801,87;0,8723306257;821.680,11;0,001049417;EUR
Muster Defensiv Plus cVV;02.08.2019;-0,0049389815;-8.228,95;0,8636267701;813.451,16;-0,007991488;EUR
Muster Defensiv Plus cVV;03.08.2019;0,0000232703;38,58;0,8636677295;813.489,74;0;EUR
Muster Defensiv Plus cVV;04.08.2019;0,0000232697;38,58;0,8637086888;813.528,32;0;EUR
Muster Defensiv Plus cVV;05.08.2019;-0,0097285975;-16.129,74;0,8466157214;797.398,58;-0,008465864;EUR
Muster Defensiv Plus cVV;06.08.2019;0,0005440945;893,32;0,8475958837;798.291,90;0,000197410;EUR
Muster Defensiv Plus cVV;07.08.2019;0,0039214582;6.441,92;0,8544676090;804.733,82;0,002648185;EUR
Muster Defensiv Plus cVV;08.08.2019;0,0049246904;8.121,69;0,8631234733;812.855,50;0,005706446;EUR
Muster Defensiv Plus cVV;09.08.2019;-0,0009814107;-1.626,49;0,8614285571;811.229,01;-0,002851804;EUR
Muster Defensiv Plus cVV;10.08.2019;0,0000232666;38,52;0,8614694628;811.267,53;0;EUR
Muster Defensiv Plus cVV;11.08.2019;0,0000232661;38,52;0,8615103684;811.306,06;0;EUR
Muster Defensiv Plus cVV;12.08.2019;-0,0011948140;-1.978,31;0,8594416989;809.327,74;-0,001544881;EUR
Muster Defensiv Plus cVV;13.08.2019;0,0019475977;3.220,88;0,8628941877;812.548,62;0,002949822;EUR
Muster Defensiv Plus cVV;14.08.2019;-0,0014754014;-2.444,73;0,8603300359;810.103,90;-0,006598765;EUR
Muster Defensiv Plus cVV;15.08.2019;0,0017017812;2.815,68;0,8633524270;812.919,57;0,000015056;EUR
Muster Defensiv Plus cVV;16.08.2019;0,0025017175;4.146,25;0,8677881966;817.065,83;0,004176162;EUR
Muster Defensiv Plus cVV;17.08.2019;0,0000232272;38,59;0,8678291846;817.104,42;0;EUR
Muster Defensiv Plus cVV;18.08.2019;0,0000232267;38,59;0,8678701726;817.143,01;0;EUR
Muster Defensiv Plus cVV;19.08.2019;0,0022834963;3.794,23;0,8719323572;820.937,24;0,004345430;EUR
Muster Defensiv Plus cVV;20.08.2019;-0,0003190979;-531,42;0,8714003026;820.405,82;-0,001003940;EUR
Muster Defensiv Plus cVV;21.08.2019;0,0021193509;3.528,40;0,8751805130;823.934,22;0,003087050;EUR
Muster Defensiv Plus cVV;22.08.2019;-0,0011761689;-1.962,29;0,8731285659;821.971,92;-0,001788546;EUR
Muster Defensiv Plus cVV;23.08.2019;-0,0030400065;-5.020,38;0,8678328776;816.951,54;-0,004621948;EUR
Muster Defensiv Plus cVV;24.08.2019;0,0000234183;38,56;0,8678738354;816.990,10;0;EUR
Muster Defensiv Plus cVV;25.08.2019;0,0000234178;38,56;0,8679147932;817.028,65;0;EUR
Muster Defensiv Plus cVV;26.08.2019;0,0026196304;4.313,21;0,8725339604;821.341,86;0,001344149;EUR
Muster Defensiv Plus cVV;27.08.2019;0,0019729066;3.256,89;0,8760312922;824.598,75;0,001566303;EUR
Muster Defensiv Plus cVV;28.08.2019;0,0006558260;1.084,78;0,8772212046;825.683,53;0,000744494;EUR
Muster Defensiv Plus cVV;29.08.2019;0,0032636609;5.401,85;0,8829979212;831.085,38;0,004091140;EUR
Muster Defensiv Plus cVV;30.08.2019;0,0023138513;3.842,27;0,8871180378;834.927,65;0,003148997;EUR
Muster Defensiv Plus cVV;31.08.2019;0,0000188379;31,35;0,8871513513;834.959,01;0;EUR
Muster Defensiv Plus cVV;01.09.2019;0,0000232260;38,66;0,8871924256;834.997,66;0;EUR
Muster Defensiv Plus cVV;02.09.2019;0,0006068751;1.010,12;0,8883035583;836.007,79;0,000722413;EUR
Muster Defensiv Plus cVV;03.09.2019;-0,0009623201;-1.602,72;0,8866383545;834.405,07;-0,001536194;EUR
Muster Defensiv Plus cVV;04.09.2019;0,0008749111;1.455,74;0,8882230374;835.860,81;0,001536805;EUR
Muster Defensiv Plus cVV;05.09.2019;0,0006001437;999,44;0,8893229184;836.860,24;0,002000996;EUR
Muster Defensiv Plus cVV;06.09.2019;0,0009095938;1.515,68;0,8909714974;838.375,92;0,001876108;EUR
Muster Defensiv Plus cVV;07.09.2019;0,0000231643;38,63;0,8910125556;838.414,56;0;EUR
Muster Defensiv Plus cVV;08.09.2019;0,0000231638;38,63;0,8910536138;838.453,19;0;EUR
Muster Defensiv Plus cVV;09.09.2019;-0,0058259146;-9.717,16;0,8807642695;828.736,03;-0,000817818;EUR
Muster Defensiv Plus cVV;10.09.2019;-0,0045472665;-7.540,29;0,8727876561;821.195,74;0,000397814;EUR
Muster Defensiv Plus cVV;11.09.2019;0,0010396117;1.716,05;0,8746486266;822.911,79;0,003070851;EUR
Muster Defensiv Plus cVV;12.09.2019;0,0028191435;4.658,29;0,8796370853;827.570,08;-0,000470125;EUR
Muster Defensiv Plus cVV;13.09.2019;-0,0041444301;-6.867,47;0,8723745065;820.702,61;-0,001309754;EUR
Muster Defensiv Plus cVV;14.09.2019;0,0000210751;34,78;0,8724114737;820.737,39;0;EUR
Muster Defensiv Plus cVV;15.09.2019;0,0000210747;34,78;0,8724484409;820.772,16;0;EUR
Muster Defensiv Plus cVV;16.09.2019;0,0020664161;3.410,08;0,8761103198;824.182,25;-0,000200099;EUR
Muster Defensiv Plus cVV;17.09.2019;0,0002024190;334,73;0,8765032295;824.516,98;-0,001034166;EUR
Muster Defensiv Plus cVV;18.09.2019;0,0003545987;586,50;0,8771638020;825.103,48;0,000415490;EUR
Muster Defensiv Plus cVV;19.09.2019;0,0005409067;894,97;0,8781523482;825.998,44;0,000843791;EUR
Muster Defensiv Plus cVV;20.09.2019;-0,0001524401;-252,36;0,8779211297;825.746,08;0,000460446;EUR
Muster Defensiv Plus cVV;21.09.2019;0,0000210332;34,81;0,8779581438;825.780,90;0;EUR
Muster Defensiv Plus cVV;22.09.2019;0,0000210327;34,81;0,8779951579;825.815,71;0;EUR
Muster Defensiv Plus cVV;23.09.2019;0,0036238093;5.998,43;0,8844099222;831.814,14;-0,000477765;EUR
Muster Defensiv Plus cVV;24.09.2019;-0,0013321972;-2.213,15;0,8820940313;829.600,99;-0,001308153;EUR
Muster Defensiv Plus cVV;25.09.2019;0,0000828404;137,44;0,8822773493;829.738,42;-0,000618883;EUR
Muster Defensiv Plus cVV;26.09.2019;0,0008860885;1.470,20;0,8838778710;831.208,63;0,001072822;EUR
Muster Defensiv Plus cVV;27.09.2019;-0,0040816659;-6.778,32;0,8767069426;824.430,31;0,000981208;EUR
Muster Defensiv Plus cVV;28.09.2019;0,0000210816;34,87;0,8767440203;824.465,17;0;EUR
Muster Defensiv Plus cVV;29.09.2019;0,0000210812;34,87;0,8767810980;824.500,04;0;EUR
Muster Defensiv Plus cVV;30.09.2019;-0,0004044753;-668,99;0,8761065385;823.831,05;0,002078095;EUR
Muster Defensiv Plus cVV;01.10.2019;-0,0012480873;-2.063,46;0,8739488775;821.767,59;-0,004127571;EUR
Muster Defensiv Plus cVV;02.10.2019;-0,0049753791;-8.215,52;0,8652480290;813.552,07;-0,008800306;EUR
Muster Defensiv Plus cVV;03.10.2019;0,0014053497;2.309,02;0,8677401920;815.861,09;0,000228422;EUR
Muster Defensiv Plus cVV;04.10.2019;0,0034235063;5.632,79;0,8737678132;821.493,88;0,003979472;EUR
Muster Defensiv Plus cVV;05.10.2019;0,0000211033;34,84;0,8738048711;821.528,72;0;EUR
Muster Defensiv Plus cVV;06.10.2019;0,0000211029;34,84;0,8738419289;821.563,56;0;EUR
Muster Defensiv Plus cVV;07.10.2019;0,0005964934;984,83;0,8749261013;822.548,39;0,000562593;EUR
Muster Defensiv Plus cVV;08.10.2019;-0,0020316063;-3.356,24;0,8713926442;819.192,15;-0,002974222;EUR
Muster Defensiv Plus cVV;09.10.2019;0,0007709031;1.270,96;0,8727811258;820.463,10;0,001593462;EUR
Muster Defensiv Plus cVV;10.10.2019;-0,0020486331;-3.380,10;0,8692218521;817.083,00;-0,000223285;EUR
Muster Defensiv Plus cVV;11.10.2019;-0,0010384414;-1.709,85;0,8674391653;815.373,16;0,006621242;EUR
Muster Defensiv Plus cVV;12.10.2019;0,0000211583;34,80;0,8674761897;815.407,96;0;EUR
Muster Defensiv Plus cVV;13.10.2019;0,0000211579;34,80;0,8675132140;815.442,76;0;EUR
Muster Defensiv Plus cVV;14.10.2019;0,0005760487;947,55;0,8685575559;816.390,31;-0,000474759;EUR
Muster Defensiv Plus cVV;15.10.2019;-0,0006278681;-1.033,38;0,8674943611;815.356,93;0,002596269;EUR
Muster Defensiv Plus cVV;16.10.2019;-0,0007856926;-1.292,33;0,8661555377;814.064,60;-0,000098282;EUR
Muster Defensiv Plus cVV;17.10.2019;-0,0023591300;-3.877,30;0,8620660746;810.187,30;-0,000840071;EUR
Muster Defensiv Plus cVV;18.10.2019;-0,0039058797;-6.404,29;0,8552873349;803.783,01;-0,001340289;EUR
Muster Defensiv Plus cVV;19.10.2019;0,0000212549;34,71;0,8553242739;803.817,72;0;EUR
Muster Defensiv Plus cVV;20.10.2019;0,0000212544;34,71;0,8553612128;803.852,44;0;EUR
Muster Defensiv Plus cVV;21.10.2019;0,0005009525;818,22;0,8562675123;804.670,65;0,001950464;EUR
Muster Defensiv Plus cVV;22.10.2019;-0,0013025626;-2.128,57;0,8540379973;802.542,08;0,000377945;EUR
Muster Defensiv Plus cVV;23.10.2019;0,0021788602;3.555,92;0,8578577589;806.098,00;0,001478824;EUR
Muster Defensiv Plus cVV;24.10.2019;0,0046883010;7.668,02;0,8660541344;813.766,02;0,002223823;EUR
Muster Defensiv Plus cVV;25.10.2019;-0,0000763557;-125,47;0,8659565645;813.640,55;0,000536865;EUR
Muster Defensiv Plus cVV;26.10.2019;0,0000211633;34,77;0,8659935739;813.675,33;0;EUR
Muster Defensiv Plus cVV;27.10.2019;0,0000211628;34,77;0,8660305833;813.710,10;0;EUR
Muster Defensiv Plus cVV;28.10.2019;0,0006610702;1.086,26;0,8672226741;814.796,35;0,000494825;EUR
Muster Defensiv Plus cVV;29.10.2019;-0,0013745904;-2.260,19;0,8648529275;812.536,17;-0,000193427;EUR
Muster Defensiv Plus cVV;30.10.2019;0,0019346028;3.176,62;0,8682700705;815.712,79;-0,000219784;EUR
Muster Defensiv Plus cVV;31.10.2019;0,0002424261;398,83;0,8687305837;816.111,62;-0,000231040;EUR
Muster Defensiv Plus cVV;01.11.2019;0,0003555256;585,05;0,8693893345;816.696,67;0,002267451;EUR
Muster Defensiv Plus cVV;02.11.2019;0,0000210904;34,72;0,8694262927;816.731,39;0;EUR
Muster Defensiv Plus cVV;03.11.2019;0,0000210900;34,72;0,8694632510;816.766,11;0;EUR
Muster Defensiv Plus cVV;04.11.2019;0,0013508760;2.223,86;0,8718666523;818.989,96;0,003021921;EUR
Muster Defensiv Plus cVV;05.11.2019;-0,0013128386;-2.164,16;0,8695987151;816.825,81;0,000712400;EUR
Muster Defensiv Plus cVV;06.11.2019;0,0023594992;3.884,43;0,8737701971;820.710,23;0,000598346;EUR
Muster Defensiv Plus cVV;07.11.2019;-0,0013737082;-2.266,86;0,8713927518;818.443,37;0,000675306;EUR
Muster Defensiv Plus cVV;08.11.2019;0,0011180555;1.842,45;0,8733904350;820.285,82;-0,000153818;EUR
Muster Defensiv Plus cVV;09.11.2019;0,0000211023;34,81;0,8734275024;820.320,64;0;EUR
Muster Defensiv Plus cVV;10.11.2019;0,0000211019;34,81;0,8734645698;820.355,45;0;EUR
Muster Defensiv Plus cVV;11.11.2019;-0,0007618719;-1.256,95;0,8721621983;819.098,50;-0,001033955;EUR
Muster Defensiv Plus cVV;12.11.2019;0,0015790541;2.603,17;0,8749700610;821.701,67;0,001878993;EUR
Muster Defensiv Plus cVV;13.11.2019;0,0026234523;4.331,76;0,8796188522;826.033,43;0,000120345;EUR
Muster Defensiv Plus cVV;14.11.2019;0,0002086341;345,39;0,8800228595;826.378,83;0,000144312;EUR
Muster Defensiv Plus cVV;15.11.2019;0,0008366914;1.385,43;0,8815344716;827.764,26;0,001042356;EUR
Muster Defensiv Plus cVV;16.11.2019;0,0000209942;34,79;0,8815715239;827.799,05;0;EUR
Muster Defensiv Plus cVV;17.11.2019;0,0000209938;34,79;0,8816085762;827.833,84;0;EUR
Muster Defensiv Plus cVV;18.11.2019;-0,0011556860;-1.915,32;0,8796049836;825.918,52;-0,000802837;EUR
Muster Defensiv Plus cVV;19.11.2019;-0,0000833574;-137,99;0,8794941392;825.780,54;0,000098369;EUR
Muster Defensiv Plus cVV;20.11.2019;-0,0011313150;-1.872,61;0,8775357375;823.907,93;-0,001329401;EUR
Muster Defensiv Plus cVV;21.11.2019;-0,0016244585;-2.685,84;0,8747109489;821.222,09;-0,001602806;EUR
Muster Defensiv Plus cVV;22.11.2019;0,0008119629;1.340,30;0,8761744510;822.562,39;0,002061124;EUR
Muster Defensiv Plus cVV;23.11.2019;0,0000210724;34,81;0,8762115322;822.597,20;0;EUR
Muster Defensiv Plus cVV;24.11.2019;0,0000210719;34,81;0,8762486133;822.632,01;0;EUR
Muster Defensiv Plus cVV;25.11.2019;0,0033683557;5.564,86;0,8822122989;828.196,87;0,002678682;EUR
Muster Defensiv Plus cVV;26.11.2019;0,0011085075;1.837,53;0,8842058634;830.034,40;0,000774835;EUR
Muster Defensiv Plus cVV;27.11.2019;0,0023844922;3.957,07;0,8884575225;833.991,47;0,001429437;EUR
Muster Defensiv Plus cVV;28.11.2019;-0,0001569036;-261,00;0,8882157776;833.730,47;-0,000805110;EUR
Muster Defensiv Plus cVV;29.11.2019;-0,0008494761;-1.412,85;0,8867468194;832.317,62;-0,001472772;EUR
Muster Defensiv Plus cVV;30.11.2019;0,0000209490;34,81;0,8867839086;832.352,43;0;EUR
Muster Defensiv Plus cVV;01.12.2019;0,0000209485;34,81;0,8868209978;832.387,25;0;EUR
Muster Defensiv Plus cVV;02.12.2019;-0,0050652453;-8.417,70;0,8778886606;823.969,55;-0,006999149;EUR
Muster Defensiv Plus cVV;03.12.2019;0,0004573733;756,24;0,8787302294;824.725,79;0,000972176;EUR
Muster Defensiv Plus cVV;04.12.2019;0,0021550235;3.564,82;0,8825644607;828.290,61;0,002595608;EUR
Muster Defensiv Plus cVV;05.12.2019;0,0002800291;464,22;0,8830950739;828.754,83;-0,001622329;EUR
Muster Defensiv Plus cVV;06.12.2019;0,0034157750;5.664,11;0,8891667712;834.418,94;0,003469686;EUR
Muster Defensiv Plus cVV;07.12.2019;-0,0022148230;-3.685,21;0,8852397651;830.733,73;0;EUR
Muster Defensiv Plus cVV;08.12.2019;0,0000178185;29,58;0,8852712883;830.763,31;0;EUR
Muster Defensiv Plus cVV;09.12.2019;0,0001034470;171,75;0,8854903274;830.935,06;-0,000703200;EUR
Muster Defensiv Plus cVV;10.12.2019;-0,0018874632;-3.133,95;0,8821864867;827.801,11;-0,001046849;EUR
Muster Defensiv Plus cVV;11.12.2019;0,0014887230;2.467,21;0,8848517431;830.268,32;0,001953409;EUR
Muster Defensiv Plus cVV;12.12.2019;0,0012675977;2.103,88;0,8871299524;832.372,20;0,000401384;EUR
Muster Defensiv Plus cVV;13.12.2019;0,0021459433;3.566,21;0,8909669203;835.938,41;0,001775066;EUR
Muster Defensiv Plus cVV;14.12.2019;0,0000177391;29,54;0,8909984078;835.967,95;0;EUR
Muster Defensiv Plus cVV;15.12.2019;0,0000177388;29,54;0,8910298953;835.997,50;0;EUR
Muster Defensiv Plus cVV;16.12.2019;0,0035754769;5.954,83;0,8974131107;841.952,33;0,003167515;EUR
Muster Defensiv Plus cVV;17.12.2019;-0,0017802584;-2.975,56;0,8942777866;838.976,77;-0,001653236;EUR
Muster Defensiv Plus cVV;18.12.2019;0,0011804896;1.969,58;0,8964134926;840.946,35;-0,001368053;EUR
Muster Defensiv Plus cVV;19.12.2019;0,0005489474;916,97;0,8974272612;841.863,32;0,000220933;EUR
Muster Defensiv Plus cVV;20.12.2019;0,0049401983;8.256,70;0,9062655665;850.120,02;0,002949254;EUR
Muster Defensiv Plus cVV;21.12.2019;0,0000176049;29,57;0,9062970883;850.149,59;0;EUR
Muster Defensiv Plus cVV;22.12.2019;0,0000176046;29,57;0,9063286101;850.179,16;0;EUR
Muster Defensiv Plus cVV;23.12.2019;0,0010908788;1.832,29;0,9083186231;852.011,45;-0,000343113;EUR
Muster Defensiv Plus cVV;24.12.2019;-0,0000779695;-131,10;0,9082155371;851.880,34;0,000060570;EUR
Muster Defensiv Plus cVV;25.12.2019;-0,0000735268;-123,62;0,9081203923;851.756,72;-0,000046154;EUR
Muster Defensiv Plus cVV;26.12.2019;0,0010150766;1.706,57;0,9099765977;853.463,29;0,000545236;EUR
Muster Defensiv Plus cVV;27.12.2019;0,0018604023;3.130,93;0,9133516605;856.594,22;-0,000042326;EUR
Muster Defensiv Plus cVV;28.12.2019;0,0000175005;29,51;0,9133831225;856.623,72;0;EUR
Muster Defensiv Plus cVV;29.12.2019;0,0000175002;29,51;0,9134145845;856.653,23;0;EUR
Muster Defensiv Plus cVV;30.12.2019;-0,0038723571;-6.529,26;0,9064892176;850.123,97;-0,004206619;EUR
Muster Defensiv Plus cVV;31.12.2019;-0,0007069294;-1.187,35;0,9052595844;848.936,62;0,000059012;EUR
Muster Defensiv Plus cVV;01.01.2020;0,0002024454;339,79;0,9056583477;849.276,40;0,000000499;EUR
Muster Defensiv Plus cVV;02.01.2020;0,0071043688;11.926,41;0,9184134549;861.202,81;0,004721588;EUR
Muster Defensiv Plus cVV;03.01.2020;0,0015375342;2.599,46;0,9212226150;863.802,28;-0,001365790;EUR
Muster Defensiv Plus cVV;04.01.2020;0,0000174308;29,52;0,9212540920;863.831,79;0;EUR
Muster Defensiv Plus cVV;05.01.2020;0,0000174305;29,52;0,9212855691;863.861,31;0;EUR
Muster Defensiv Plus cVV;06.01.2020;-0,0013976265;-2.366,64;0,9187985002;861.494,67;-0,001369192;EUR
Muster Defensiv Plus cVV;07.01.2020;0,0033230561;5.619,16;0,9248285368;867.113,83;0,001816553;EUR
Muster Defensiv Plus cVV;08.01.2020;0,0010968623;1.860,92;0,9268504794;868.974,74;0,001262603;EUR
Muster Defensiv Plus cVV;09.01.2020;0,0014980110;2.544,28;0,9296014701;871.519,03;0,002471838;EUR
Muster Defensiv Plus cVV;10.01.2020;0,0016796387;2.857,04;0,9326862699;874.376,07;-0,000228422;EUR
Muster Defensiv Plus cVV;11.01.2020;0,0000173397;29,54;0,9327177842;874.405,61;0;EUR
Muster Defensiv Plus cVV;12.01.2020;0,0000173394;29,54;0,9327492985;874.435,15;0;EUR
Muster Defensiv Plus cVV;13.01.2020;0,0003730902;635,71;0,9334647590;875.070,86;-0,000655144;EUR
Muster Defensiv Plus cVV;14.01.2020;-0,0004650993;-792,78;0,9326563779;874.278,08;0,000522346;EUR
Muster Defensiv Plus cVV;15.01.2020;0,0006753681;1.150,62;0,9339211713;875.428,70;0,000097529;EUR
Muster Defensiv Plus cVV;16.01.2020;0,0041571226;7.087,23;0,9415195605;882.515,93;0,001549067;EUR
Muster Defensiv Plus cVV;17.01.2020;0,0048100180;8.234,40;0,9503424489;890.750,32;0,002592753;EUR
Muster Defensiv Plus cVV;18.01.2020;0,0000171855;29,56;0,9503739884;890.779,88;0;EUR
Muster Defensiv Plus cVV;19.01.2020;0,0000171852;29,56;0,9504055279;890.809,45;0;EUR
Muster Defensiv Plus cVV;20.01.2020;0,0004845006;833,45;0,9513327018;891.642,89;0,000570132;EUR
Muster Defensiv Plus cVV;21.01.2020;-0,0001566216;-269,55;0,9510830360;891.373,34;0,000096203;EUR
Muster Defensiv Plus cVV;22.01.2020;0,0001547624;266,31;0,9514051092;891.639,65;0,000142915;EUR
Muster Defensiv Plus cVV;23.01.2020;0,0013605852;2.341,64;0,9539416987;893.981,29;-0,000489657;EUR
Muster Defensiv Plus cVV;24.01.2020;0,0002293573;395,27;0,9544014735;894.376,56;0,002411499;EUR
Muster Defensiv Plus cVV;25.01.2020;0,0000171741;29,60;0,9544330648;894.406,16;0;EUR
Muster Defensiv Plus cVV;26.01.2020;0,0000171738;29,60;0,9544646561;894.435,77;0;EUR
Muster Defensiv Plus cVV;27.01.2020;-0,0070338757;-12.125,32;0,9415630171;882.310,45;-0,006298930;EUR
Muster Defensiv Plus cVV;28.01.2020;0,0023639731;4.046,46;0,9459188282;886.356,91;0,002355997;EUR
Muster Defensiv Plus cVV;29.01.2020;0,0027680217;4.749,28;0,9510250369;891.106,19;0,000829903;EUR
Muster Defensiv Plus cVV;30.01.2020;0,0003140033;540,25;0,9516393940;891.646,44;-0,002426453;EUR
Muster Defensiv Plus cVV;31.01.2020;-0,0073272669;-12.610,64;0,9382174902;879.035,80;-0,004459909;EUR
Muster Defensiv Plus cVV;01.02.2020;0,0000173025;29,56;0,9382490408;879.065,36;0;EUR
Muster Defensiv Plus cVV;02.02.2020;0,0000173022;29,56;0,9382805914;879.094,92;0;EUR
Muster Defensiv Plus cVV;03.02.2020;0,0046372937;7.922,79;0,9467743332;887.017,71;0,001686584;EUR
Muster Defensiv Plus cVV;04.02.2020;0,0033404835;5.733,38;0,9529317501;892.751,09;0,005410254;EUR
Muster Defensiv Plus cVV;05.02.2020;0,0044712972;7.699,86;0,9611887606;900.450,95;0,004089913;EUR
Muster Defensiv Plus cVV;06.02.2020;0,0047938401;8.292,22;0,9700787314;908.743,16;0,002280876;EUR
Muster Defensiv Plus cVV;07.02.2020;-0,0005038193;-875,67;0,9691823250;907.867,50;-0,000942387;EUR
Muster Defensiv Plus cVV;08.02.2020;0,0000170723;29,66;0,9692139857;907.897,16;0;EUR
Muster Defensiv Plus cVV;09.02.2020;0,0000170720;29,66;0,9692456463;907.926,81;0;EUR
Muster Defensiv Plus cVV;10.02.2020;0,0054451142;9.459,36;0,9793826181;917.386,18;0,001412198;EUR
Muster Defensiv Plus cVV;11.02.2020;-0,0015935524;-2.783,43;0,9764496979;914.602,75;0,002205023;EUR
Muster Defensiv Plus cVV;12.02.2020;0,0036832720;6.423,24;0,9833461483;921.026,00;0,002675772;EUR
Muster Defensiv Plus cVV;13.02.2020;0,0005167912;904,55;0,9843507731;921.930,55;0,000628283;EUR
Muster Defensiv Plus cVV;14.02.2020;0,0028279347;4.950,75;0,9896759767;926.881,29;0,000575053;EUR
Muster Defensiv Plus cVV;15.02.2020;0,0000135893;23,86;0,9897014505;926.905,15;0;EUR
Muster Defensiv Plus cVV;16.02.2020;0,0000135891;23,86;0,9897269243;926.929,01;0;EUR
Muster Defensiv Plus cVV;17.02.2020;0,0001415114;248,45;0,9900314506;927.177,45;0,000804050;EUR
Muster Defensiv Plus cVV;18.02.2020;0,0013111314;2.302,22;0,9925290652;929.479,68;-0,001892563;EUR
Muster Defensiv Plus cVV;19.02.2020;0,0006637795;1.167,06;0,9938146406;930.646,74;0,002793699;EUR
Muster Defensiv Plus cVV;20.02.2020;-0,0023130063;-4.069,44;0,9895081334;926.577,29;-0,002361216;EUR
Muster Defensiv Plus cVV;21.02.2020;-0,0049224298;-8.640,19;0,9803199023;917.937,11;-0,003315495;EUR
Muster Defensiv Plus cVV;22.02.2020;-0,0011563360;-2.019,69;0,9781629550;915.917,42;0;EUR
Muster Defensiv Plus cVV;23.02.2020;0,0000123583;21,56;0,9781859807;915.938,98;0;EUR
Muster Defensiv Plus cVV;24.02.2020;-0,0118893821;-20.742,58;0,9560715340;895.196,40;-0,011556639;EUR
Muster Defensiv Plus cVV;25.02.2020;-0,0135000412;-23.272,56;0,9312531838;871.923,84;-0,007608235;EUR
Muster Defensiv Plus cVV;26.02.2020;-0,0027152809;-4.617,65;0,9263579021;867.306,19;-0,001502324;EUR
Muster Defensiv Plus cVV;27.02.2020;-0,0200159564;-33.947,02;0,8901346756;833.359,18;-0,013108190;EUR
Muster Defensiv Plus cVV;28.02.2020;-0,0135481039;-22.517,64;0,8661170959;810.841,54;-0,009704619;EUR
Muster Defensiv Plus cVV;29.02.2020;0,0000130769;21,44;0,8661399974;810.862,98;0;EUR
Muster Defensiv Plus cVV;01.03.2020;0,0000175170;28,72;0,8661706753;810.891,70;0;EUR
Muster Defensiv Plus cVV;02.03.2020;0,0091265848;14.963,80;0,8821893213;825.855,50;0,003698520;EUR
Muster Defensiv Plus cVV;03.03.2020;-0,0001909007;-315,85;0,8818866470;825.539,64;-0,001287206;EUR
Muster Defensiv Plus cVV;04.03.2020;0,0121152618;20.041,44;0,9033315611;845.581,09;0,008571529;EUR
Muster Defensiv Plus cVV;05.03.2020;-0,0098544127;-16.498,97;0,8857405928;829.082,11;-0,006535557;EUR
Muster Defensiv Plus cVV;06.03.2020;-0,0137086565;-22.725,85;0,8614955426;806.356,26;-0,011822638;EUR
Muster Defensiv Plus cVV;07.03.2020;0,0000130109;21,27;0,8615182708;806.377,54;0;EUR
Muster Defensiv Plus cVV;08.03.2020;0,0000130108;21,27;0,8615409990;806.398,81;0;EUR
Muster Defensiv Plus cVV;09.03.2020;-0,0368144468;-60.194,95;0,7972611867;746.203,86;-0,028048170;EUR
Muster Defensiv Plus cVV;10.03.2020;0,0104491442;16.456,31;0,8148754648;762.660,17;0,002446604;EUR
Muster Defensiv Plus cVV;11.03.2020;-0,0106887334;-17.009,53;0,7967326290;745.650,64;-0,007401051;EUR
Muster Defensiv Plus cVV;12.03.2020;-0,0451809832;-71.128,22;0,7207599173;674.522,41;-0,039066157;EUR
Muster Defensiv Plus cVV;13.03.2020;0,0222322540;33.417,69;0,7564980025;707.940,11;0,008467614;EUR
Muster Defensiv Plus cVV;14.03.2020;0,0000139217;21,39;0,7565208610;707.961,50;0;EUR
Muster Defensiv Plus cVV;15.03.2020;0,0000139216;21,39;0,7565437195;707.982,89;0;EUR
Muster Defensiv Plus cVV;16.03.2020;-0,0499549112;-76.759,62;0,6745455578;631.223,27;-0,032194018;EUR
Muster Defensiv Plus cVV;17.03.2020;0,0162686066;23.749,21;0,6999521403;654.972,48;0,010586353;EUR
Muster Defensiv Plus cVV;18.03.2020;-0,0278971579;-41.387,32;0,6557482432;613.585,16;-0,025538888;EUR
Muster Defensiv Plus cVV;19.03.2020;0,0012827975;1.850,03;0,6577511176;615.435,19;0,003455928;EUR
Muster Defensiv Plus cVV;20.03.2020;-0,0010511108;-1.517,84;0,6561545626;613.917,35;0,005760200;EUR
Muster Defensiv Plus cVV;21.03.2020;0,0000150190;21,67;0,6561777183;613.939,02;0;EUR
Muster Defensiv Plus cVV;22.03.2020;0,0000150188;21,67;0,6562008739;613.960,68;0;EUR
Muster Defensiv Plus cVV;23.03.2020;-0,0090647523;-13.076,41;0,6422498964;600.884,27;-0,010225212;EUR
Muster Defensiv Plus cVV;24.03.2020;0,0462784910;66.154,15;0,7129860106;667.038,42;0,031834015;EUR
Muster Defensiv Plus cVV;25.03.2020;0,0094524353;14.137,38;0,7281256168;681.175,80;0,006051647;EUR
Muster Defensiv Plus cVV;26.03.2020;0,0152745923;23.061,14;0,7528055792;704.236,93;0,010934447;EUR
Muster Defensiv Plus cVV;27.03.2020;-0,0124229092;-19.042,23;0,7324786071;685.194,70;-0,008364229;EUR
Muster Defensiv Plus cVV;28.03.2020;0,0000141135;21,36;0,7325014462;685.216,07;0;EUR
Muster Defensiv Plus cVV;29.03.2020;0,0000141133;21,36;0,7325242854;685.237,43;0;EUR
Muster Defensiv Plus cVV;30.03.2020;0,0149887549;22.690,47;0,7568100379;707.927,90;0,009606842;EUR
Muster Defensiv Plus cVV;31.03.2020;0,0016748202;2.573,40;0,7595906831;710.501,30;0,000737079;EUR
Muster Defensiv Plus cVV;01.04.2020;-0,0153612056;-23.642,38;0,7343433784;686.858,92;-0,013462081;EUR
Muster Defensiv Plus cVV;02.04.2020;0,0129485094;19.622,87;0,7553521834;706.481,79;0,002767810;EUR
Muster Defensiv Plus cVV;03.04.2020;0,0001637515;251,28;0,7556503400;706.733,07;-0,002162654;EUR
Muster Defensiv Plus cVV;04.04.2020;0,0000104212;15,99;0,7556674414;706.749,07;0;EUR
Muster Defensiv Plus cVV;05.04.2020;0,0000104211;15,99;0,7556845428;706.765,06;0;EUR
Muster Defensiv Plus cVV;06.04.2020;0,0271551204;41.678,23;0,8002787852;748.443,29;0,021047980;EUR
Muster Defensiv Plus cVV;07.04.2020;-0,0013463577;-2.122,53;0,7980403588;746.320,76;0,003587095;EUR
Muster Defensiv Plus cVV;08.04.2020;0,0079445221;12.507,66;0,8114464051;758.828,42;0,004904923;EUR
Muster Defensiv Plus cVV;09.04.2020;0,0066497980;10.552,46;0,8227626074;769.380,88;0,008529462;EUR
Muster Defensiv Plus cVV;10.04.2020;-0,0001133333;-181,04;0,8226010053;769.199,83;0,000113977;EUR
Muster Defensiv Plus cVV;11.04.2020;0,0000134702;21,52;0,8226240143;769.221,35;0;EUR
Muster Defensiv Plus cVV;12.04.2020;0,0000134700;21,52;0,8226470233;769.242,86;0;EUR
Muster Defensiv Plus cVV;13.04.2020;0,0004450504;710,88;0,8234392675;769.953,74;-0,000741407;EUR
Muster Defensiv Plus cVV;14.04.2020;0,0177855392;28.421,45;0,8538682139;798.375,19;0,008414343;EUR
Muster Defensiv Plus cVV;15.04.2020;-0,0018369928;-2.987,74;0,8507058346;795.387,45;-0,008171491;EUR
Muster Defensiv Plus cVV;16.04.2020;0,0058486593;9.494,96;0,8608945680;804.882,41;0,001021254;EUR
Muster Defensiv Plus cVV;17.04.2020;0,0044194890;7.216,75;0,8686472197;812.099,16;0,009967927;EUR
Muster Defensiv Plus cVV;18.04.2020;0,0000131455;21,56;0,8686702816;812.120,72;0;EUR
Muster Defensiv Plus cVV;19.04.2020;0,0000131453;21,56;0,8686933436;812.142,28;0;EUR
Muster Defensiv Plus cVV;20.04.2020;-0,0041101922;-6.741,53;0,8615157784;805.400,76;-0,002118004;EUR
Muster Defensiv Plus cVV;21.04.2020;-0,0134813331;-22.021,16;0,8379927808;783.379,59;-0,011846086;EUR
Muster Defensiv Plus cVV;22.04.2020;0,0162548076;26.193,56;0,8660459422;809.573,16;0,005556627;EUR
Muster Defensiv Plus cVV;23.04.2020;0,0068005567;11.136,78;0,8779935472;820.709,94;0,003132477;EUR
Muster Defensiv Plus cVV;24.04.2020;0,0009846934;1.623,53;0,8797644010;822.333,47;-0,000041851;EUR
Muster Defensiv Plus cVV;25.04.2020;0,0000130837;21,59;0,8797875022;822.355,06;0;EUR
Muster Defensiv Plus cVV;26.04.2020;0,0000130835;21,59;0,8798106035;822.376,65;0;EUR
Muster Defensiv Plus cVV;27.04.2020;0,0035167575;5.804,13;0,8860543172;828.180,78;0,008111083;EUR
Muster Defensiv Plus cVV;28.04.2020;-0,0058726025;-9.726,35;0,8756821012;818.454,44;0,003475325;EUR
Muster Defensiv Plus cVV;29.04.2020;0,0090597449;14.916,85;0,8916763673;833.371,29;0,009354569;EUR
Muster Defensiv Plus cVV;30.04.2020;-0,0033405018;-5.549,96;0,8857722735;827.821,33;-0,004628456;EUR
Muster Defensiv Plus cVV;01.05.2020;-0,0076821839;-12.720,66;0,8721947284;815.100,67;-0,004942491;EUR
Muster Defensiv Plus cVV;02.05.2020;0,0000130759;21,49;0,8722177189;815.122,16;0;EUR
Muster Defensiv Plus cVV;03.05.2020;0,0000130757;21,49;0,8722407095;815.143,64;0;EUR
Muster Defensiv Plus cVV;04.05.2020;0,0008014932;1.316,93;0,8736835627;816.460,57;-0,006350155;EUR
Muster Defensiv Plus cVV;05.05.2020;0,0094320164;15.510,17;0,8903150834;831.970,75;0,008449751;EUR
Muster Defensiv Plus cVV;06.05.2020;0,0003428948;569,18;0,8909584759;832.539,93;-0,004124546;EUR
Muster Defensiv Plus cVV;07.05.2020;0,0037024150;6.147,85;0,8975722415;838.687,77;0,005070605;EUR
Muster Defensiv Plus cVV;08.05.2020;0,0029169445;4.861,51;0,9028097872;843.549,28;0,004203324;EUR
Muster Defensiv Plus cVV;09.05.2020;0,0000129112;21,58;0,9028328845;843.570,87;0;EUR
Muster Defensiv Plus cVV;10.05.2020;0,0000129111;21,58;0,9028559818;843.592,45;0;EUR
Muster Defensiv Plus cVV;11.05.2020;0,0012849538;2.147,84;0,9051894921;845.740,28;-0,001214330;EUR
Muster Defensiv Plus cVV;12.05.2020;-0,0046698144;-7.815,76;0,8968587854;837.924,52;-0,003909245;EUR
Muster Defensiv Plus cVV;13.05.2020;-0,0019772733;-3.293,86;0,8933675402;834.630,66;-0,006758644;EUR
Muster Defensiv Plus cVV;14.05.2020;0,0018025556;2.996,87;0,8966097027;837.627,53;-0,003479949;EUR
Muster Defensiv Plus cVV;15.05.2020;-0,0004830310;-804,52;0,8957828683;836.823,01;0,002825158;EUR
Muster Defensiv Plus cVV;16.05.2020;0,0000129713;21,59;0,8958059839;836.844,61;0;EUR
Muster Defensiv Plus cVV;17.05.2020;0,0000129711;21,59;0,8958290994;836.866,20;0;EUR
Muster Defensiv Plus cVV;18.05.2020;-0,0019647231;-3.269,94;0,8923631016;833.596,26;0,013691560;EUR
Muster Defensiv Plus cVV;19.05.2020;0,0003860963;641,33;0,8930839835;834.237,59;-0,002334006;EUR
Muster Defensiv Plus cVV;20.05.2020;0,0039057067;6.490,11;0,9000664883;840.727,70;0,004697122;EUR
Muster Defensiv Plus cVV;21.05.2020;-0,0016631882;-2.774,51;0,8971306026;837.953,18;-0,001713352;EUR
Muster Defensiv Plus cVV;22.05.2020;0,0039779915;6.625,01;0,9042581810;844.578,19;0,000659710;EUR
Muster Defensiv Plus cVV;23.05.2020;0,0000128817;21,54;0,9042812418;844.599,73;0;EUR
Muster Defensiv Plus cVV;24.05.2020;0,0000128816;21,54;0,9043043025;844.621,27;0;EUR
Muster Defensiv Plus cVV;25.05.2020;0,0023746239;3.970,57;0,9085902899;848.591,83;0,005864989;EUR
Muster Defensiv Plus cVV;26.05.2020;-0,0043145706;-7.231,45;0,9008820806;841.360,38;0,002262552;EUR
Muster Defensiv Plus cVV;27.05.2020;0,0000881030;147,03;0,9010740271;841.507,41;0,004884120;EUR
Muster Defensiv Plus cVV;28.05.2020;-0,0001853172;-309,29;0,9007773289;841.198,12;0,002251049;EUR
Muster Defensiv Plus cVV;29.05.2020;0,0033420967;5.576,82;0,9067838306;846.774,95;-0,003350884;EUR
Muster Defensiv Plus cVV;30.05.2020;0,0000127875;21,41;0,9068067572;846.796,35;0;EUR
Muster Defensiv Plus cVV;31.05.2020;0,0000084665;14,18;0,9068219369;846.810,53;0;EUR
Muster Defensiv Plus cVV;01.06.2020;-0,0013490788;-2.258,73;0,9044377212;844.551,80;0,001092415;EUR
Muster Defensiv Plus cVV;02.06.2020;0,0026019046;4.350,42;0,9091313601;848.902,22;0,007811874;EUR
Muster Defensiv Plus cVV;03.06.2020;-0,0012047123;-2.019,54;0,9070031731;846.882,69;0,008739334;EUR
Muster Defensiv Plus cVV;04.06.2020;-0,0033697338;-5.642,09;0,9009949270;841.240,59;-0,002309746;EUR
Muster Defensiv Plus cVV;05.06.2020;0,0051220803;8.547,23;0,9101839857;849.787,82;0,010948549;EUR
Muster Defensiv Plus cVV;06.06.2020;0,0000126903;21,28;0,9102067833;849.809,11;0;EUR
Muster Defensiv Plus cVV;07.06.2020;0,0000126902;21,28;0,9102295810;849.830,39;0;EUR
Muster Defensiv Plus cVV;08.06.2020;0,0052539426;8.812,40;0,9197033452;858.642,79;0,003109798;EUR
Muster Defensiv Plus cVV;09.06.2020;0,0000515274;86,88;0,9198314394;858.729,67;-0,005291777;EUR
Muster Defensiv Plus cVV;10.06.2020;-0,0013518476;-2.279,47;0,9174246942;856.450,19;-0,002064646;EUR
Muster Defensiv Plus cVV;11.06.2020;-0,0116456688;-19.609,75;0,8964529602;836.840,45;-0,015853806;EUR
Muster Defensiv Plus cVV;12.06.2020;0,0055979391;9.316,41;0,9064674972;846.156,85;0,003193693;EUR
Muster Defensiv Plus cVV;13.06.2020;0,0000127317;21,31;0,9064903233;846.178,16;0;EUR
Muster Defensiv Plus cVV;14.06.2020;0,0000127315;21,31;0,9065131493;846.199,47;0;EUR
Muster Defensiv Plus cVV;15.06.2020;-0,0015095520;-2.526,41;0,9038410220;843.673,06;-0,000786382;EUR
Muster Defensiv Plus cVV;16.06.2020;0,0117481195;19.632,15;0,9249084061;863.305,21;0,011406766;EUR
Muster Defensiv Plus cVV;17.06.2020;0,0033995804;5.747,74;0,9311016377;869.052,95;0,001031045;EUR
Muster Defensiv Plus cVV;18.06.2020;-0,0129147995;-21.909,55;0,9076622189;847.143,40;-0,002081225;EUR
Muster Defensiv Plus cVV;19.06.2020;-0,0048973626;-8.200,92;0,8989095127;838.942,47;0,001002325;EUR
Muster Defensiv Plus cVV;20.06.2020;0,0000128170;21,36;0,8989323971;838.963,83;0;EUR
Muster Defensiv Plus cVV;21.06.2020;0,0000128169;21,36;0,8989552815;838.985,19;0;EUR
Muster Defensiv Plus cVV;22.06.2020;0,0006943945;1.157,14;0,9002292420;840.142,33;-0,000623046;EUR
Muster Defensiv Plus cVV;23.06.2020;0,0025267849;4.213,56;0,9047784161;844.355,89;0,003142791;EUR
Muster Defensiv Plus cVV;24.06.2020;-0,0074109472;-12.389,41;0,8915361494;831.966,48;-0,009157118;EUR
Muster Defensiv Plus cVV;25.06.2020;0,0028935820;4.801,56;0,8967154167;836.768,04;0,003945304;EUR
Muster Defensiv Plus cVV;26.06.2020;-0,0064732683;-10.772,71;0,8852043901;825.995,33;-0,003906208;EUR
Muster Defensiv Plus cVV;27.06.2020;0,0000129014;21,33;0,8852272506;826.016,66;0;EUR
Muster Defensiv Plus cVV;28.06.2020;0,0000129013;21,33;0,8852501110;826.037,99;0;EUR
Muster Defensiv Plus cVV;29.06.2020;0,0022475360;3.716,20;0,8892662806;829.754,19;0,002768080;EUR
Muster Defensiv Plus cVV;30.06.2020;0,0069294753;11.483,32;0,9016072446;841.237,51;0,003417493;EUR
Muster Defensiv Plus cVV;01.07.2020;0,0003507279;585,24;0,9022685228;841.822,75;-0,002094309;EUR
Muster Defensiv Plus cVV;02.07.2020;0,0062905956;10.500,50;0,9135574403;852.323,26;0,008211324;EUR
Muster Defensiv Plus cVV;03.07.2020;0,0002814233;472,72;0,9140985589;852.795,97;-0,001139098;EUR
Muster Defensiv Plus cVV;04.07.2020;0,0000126840;21,31;0,9141214026;852.817,28;0;EUR
Muster Defensiv Plus cVV;05.07.2020;0,0000126838;21,31;0,9141442464;852.838,60;0;EUR
Muster Defensiv Plus cVV;06.07.2020;0,0024714450;4.152,66;0,9186300012;856.991,25;0,004817256;EUR
Muster Defensiv Plus cVV;07.07.2020;-0,0001625889;-273,87;0,9183709944;856.717,39;-0,003134599;EUR
Muster Defensiv Plus cVV;08.07.2020;0,0019074958;3.212,48;0,9218493228;859.929,86;-0,001416288;EUR
Muster Defensiv Plus cVV;09.07.2020;0,0023424548;3.952,53;0,9261212612;863.882,40;0,000166567;EUR
Muster Defensiv Plus cVV;10.07.2020;-0,0014954827;-2.529,31;0,9234444110;861.353,09;0,003359713;EUR
Muster Defensiv Plus cVV;11.07.2020;0,0000126005;21,28;0,9234672243;861.374,37;0;EUR
Muster Defensiv Plus cVV;12.07.2020;0,0000126004;21,28;0,9234900377;861.395,65;0;EUR
Muster Defensiv Plus cVV;13.07.2020;-0,0049794646;-8.409,38;0,9145087894;852.986,27;-0,000314569;EUR
Muster Defensiv Plus cVV;14.07.2020;0,0010127753;1.701,87;0,9163677814;854.688,14;0,000160280;EUR
Muster Defensiv Plus cVV;15.07.2020;0,0035390348;5.953,02;0,9227850055;860.641,16;0,005609785;EUR
Muster Defensiv Plus cVV;16.07.2020;-0,0017954089;-3.030,75;0,9195698633;857.610,41;-0,000841494;EUR
Muster Defensiv Plus cVV;17.07.2020;0,0017167738;2.892,81;0,9227062137;860.503,22;0,000866688;EUR
Muster Defensiv Plus cVV;18.07.2020;0,0000125597;21,20;0,9227289458;860.524,42;0;EUR
Muster Defensiv Plus cVV;19.07.2020;0,0000125595;21,20;0,9227516780;860.545,62;0;EUR
Muster Defensiv Plus cVV;20.07.2020;0,0068816209;11.615,91;0,9352422585;872.161,53;0,003328786;EUR
Muster Defensiv Plus cVV;21.07.2020;-0,0018625552;-3.165,56;0,9318825929;868.995,97;0,002172738;EUR
Muster Defensiv Plus cVV;22.07.2020;0,0013428498;2.278,03;0,9343603896;871.274,00;-0,000896287;EUR
Muster Defensiv Plus cVV;23.07.2020;-0,0041014629;-6.967,11;0,9269234254;864.306,89;-0,001849842;EUR
Muster Defensiv Plus cVV;24.07.2020;-0,0071555713;-12.105,24;0,9139753055;852.201,64;-0,006215818;EUR
Muster Defensiv Plus cVV;25.07.2020;0,0000125400;21,06;0,9139978947;852.222,71;0;EUR
Muster Defensiv Plus cVV;26.07.2020;0,0000125398;21,06;0,9140204839;852.243,77;0;EUR
Muster Defensiv Plus cVV;27.07.2020;0,0017486640;2.937,16;0,9172047616;855.180,93;0,000367901;EUR
Muster Defensiv Plus cVV;28.07.2020;0,0016631649;2.798,44;0,9202404631;857.979,37;0,000488384;EUR
Muster Defensiv Plus cVV;29.07.2020;-0,0002415466;-407,10;0,9198380860;857.572,26;0,000307263;EUR
Muster Defensiv Plus cVV;30.07.2020;-0,0019823540;-3.340,24;0,9162894312;854.232,02;-0,006678654;EUR
Muster Defensiv Plus cVV;31.07.2020;0,0023617004;3.971,55;0,9205837522;858.203,57;-0,001441345;EUR
Muster Defensiv Plus cVV;01.08.2020;0,0000124532;20,99;0,9206062693;858.224,56;0;EUR
Muster Defensiv Plus cVV;02.08.2020;0,0000124530;20,99;0,9206287864;858.245,55;0;EUR
Muster Defensiv Plus cVV;03.08.2020;0,0076481770;12.892,15;0,9344927814;871.137,71;0,007040801;EUR
Muster Defensiv Plus cVV;04.08.2020;0,0000285120;48,43;0,9345794892;871.186,13;0,000881871;EUR
Muster Defensiv Plus cVV;05.08.2020;0,0023743387;4.032,84;0,9389406845;875.218,97;-0,000500387;EUR
Muster Defensiv Plus cVV;06.08.2020;0,0034881132;5.938,66;0,9453468382;881.157,63;0,000853609;EUR
Muster Defensiv Plus cVV;07.08.2020;-0,0013249651;-2.263,33;0,9429537217;878.894,30;0,001224379;EUR
Muster Defensiv Plus cVV;08.08.2020;0,0000107156;18,28;0,9429733344;878.912,58;0;EUR
Muster Defensiv Plus cVV;09.08.2020;0,0000123054;20,99;0,9429958572;878.933,57;0;EUR
Muster Defensiv Plus cVV;10.08.2020;-0,0000005015;-0,86;0,9430300191;878.932,72;0,001643965;EUR
Muster Defensiv Plus cVV;11.08.2020;-0,0073610253;-12.557,74;0,9295910519;866.374,98;0,002787499;EUR
Muster Defensiv Plus cVV;12.08.2020;0,0037441552;6.340,42;0,9364289020;872.715,41;0,002882506;EUR
Muster Defensiv Plus cVV;13.08.2020;-0,0001449869;-246,44;0,9361992280;872.468,96;-0,002346359;EUR
Muster Defensiv Plus cVV;14.08.2020;-0,0032667897;-5.551,95;0,9302762494;866.917,01;-0,001372647;EUR
Muster Defensiv Plus cVV;15.08.2020;0,0000123742;20,96;0,9302987429;866.937,97;0;EUR
Muster Defensiv Plus cVV;16.08.2020;0,0000123741;20,96;0,9303212363;866.958,93;0;EUR
Muster Defensiv Plus cVV;17.08.2020;0,0043271861;7.329,78;0,9382215462;874.288,71;0,001084430;EUR
Muster Defensiv Plus cVV;18.08.2020;-0,0008329296;-1.417,00;0,9367356842;872.871,72;-0,000528348;EUR
Muster Defensiv Plus cVV;19.08.2020;0,0008643460;1.469,22;0,9383471891;874.340,93;0,001658502;EUR
Muster Defensiv Plus cVV;20.08.2020;0,0020096967;3.419,04;0,9420514284;877.759,98;-0,001060333;EUR
Muster Defensiv Plus cVV;21.08.2020;0,0029830771;5.085,23;0,9475442093;882.845,20;0,000505145;EUR
Muster Defensiv Plus cVV;22.08.2020;0,0000122753;20,99;0,9475667355;882.866,19;0;EUR
Muster Defensiv Plus cVV;23.08.2020;0,0000122752;20,99;0,9475892616;882.887,18;0;EUR
Muster Defensiv Plus cVV;24.08.2020;0,0030078993;5.142,96;0,9531443974;888.030,14;0,005333199;EUR
Muster Defensiv Plus cVV;25.08.2020;-0,0010377226;-1.779,65;0,9512694339;886.250,48;-0,001256799;EUR
Muster Defensiv Plus cVV;26.08.2020;0,0047881886;8.203,04;0,9601097670;894.453,52;0,003083338;EUR
Muster Defensiv Plus cVV;27.08.2020;0,0000874317;150,50;0,9603067911;894.604,03;-0,001042771;EUR
Muster Defensiv Plus cVV;28.08.2020;0,0011529548;1.984,85;0,9624729487;896.588,88;-0,001050022;EUR
Muster Defensiv Plus cVV;29.08.2020;0,0000121417;20,93;0,9624954130;896.609,80;0;EUR
Muster Defensiv Plus cVV;30.08.2020;0,0000121416;20,93;0,9625178772;896.630,73;0;EUR
Muster Defensiv Plus cVV;31.08.2020;-0,0037824755;-6.519,33;0,9555547396;890.111,40;-0,002438954;EUR
Muster Defensiv Plus cVV;01.09.2020;0,0030972387;5.318,09;0,9612992742;895.429,49;0,001653789;EUR
Muster Defensiv Plus cVV;02.09.2020;0,0103142242;17.764,81;0,9804070340;913.194,31;0,008892872;EUR
Muster Defensiv Plus cVV;03.09.2020;-0,0143496770;-24.970,24;0,9536340574;888.224,07;-0,006539434;EUR
Muster Defensiv Plus cVV;04.09.2020;-0,0088741160;-15.220,49;0,9373272090;873.003,58;-0,004737697;EUR
Muster Defensiv Plus cVV;05.09.2020;0,0000123315;20,96;0,9373497163;873.024,54;0;EUR
Muster Defensiv Plus cVV;06.09.2020;0,0000123314;20,96;0,9373722237;873.045,50;0;EUR
Muster Defensiv Plus cVV;07.09.2020;0,0018824105;3.200,05;0,9408426638;876.245,56;0,003486990;EUR
Muster Defensiv Plus cVV;08.09.2020;-0,0080525303;-13.714,88;0,9261507574;862.530,68;-0,004679056;EUR
Muster Defensiv Plus cVV;09.09.2020;0,0091213624;15.410,19;0,9427322347;877.940,87;0,005415207;EUR
Muster Defensiv Plus cVV;10.09.2020;-0,0058074866;-9.900,77;0,9321350342;868.040,10;-0,004242052;EUR
Muster Defensiv Plus cVV;11.09.2020;-0,0020284777;-3.438,12;0,9284771246;864.601,98;0,001875197;EUR
Muster Defensiv Plus cVV;12.09.2020;0,0000123911;20,96;0,9284996324;864.622,94;0;EUR
Muster Defensiv Plus cVV;13.09.2020;0,0000123909;20,96;0,9285221402;864.643,90;0;EUR
Muster Defensiv Plus cVV;14.09.2020;0,0043760878;7.402,29;0,9365056473;872.046,19;0,001549875;EUR
Muster Defensiv Plus cVV;15.09.2020;0,0026335186;4.474,17;0,9413450475;876.520,36;0,001457648;EUR
Muster Defensiv Plus cVV;16.09.2020;-0,0013978385;-2.381,09;0,9388222556;874.139,27;0,000356353;EUR
Muster Defensiv Plus cVV;17.09.2020;-0,0047305833;-8.046,85;0,9302140308;866.092,43;-0,001154189;EUR
Muster Defensiv Plus cVV;18.09.2020;-0,0029397333;-4.976,91;0,9249024973;861.115,52;-0,003244284;EUR
Muster Defensiv Plus cVV;19.09.2020;0,0000124188;20,96;0,9249250130;861.136,48;0;EUR
Muster Defensiv Plus cVV;20.09.2020;0,0000124186;20,96;0,9249475287;861.157,44;0;EUR
Muster Defensiv Plus cVV;21.09.2020;-0,0029827334;-5.034,99;0,9195732031;856.122,46;-0,008025928;EUR
Muster Defensiv Plus cVV;22.09.2020;0,0065143654;10.963,74;0,9313835477;867.086,20;0,001658839;EUR
Muster Defensiv Plus cVV;23.09.2020;-0,0064911451;-10.995,83;0,9196059306;856.090,37;-0,001837666;EUR
Muster Defensiv Plus cVV;24.09.2020;-0,0010230433;-1.721,76;0,9177899297;854.368,61;-0,000575238;EUR
Muster Defensiv Plus cVV;25.09.2020;0,0063387450;10.657,05;0,9292719706;865.025,66;0,000527000;EUR
Muster Defensiv Plus cVV;26.09.2020;0,0000124617;21,08;0,9292946206;865.046,75;0;EUR
Muster Defensiv Plus cVV;27.09.2020;0,0000124615;21,08;0,9293172706;865.067,83;0;EUR
Muster Defensiv Plus cVV;28.09.2020;0,0058930860;9.970,84;0,9400629205;875.038,67;0,008303826;EUR
Muster Defensiv Plus cVV;29.09.2020;-0,0019909540;-3.388,46;0,9364567858;871.650,21;-0,001824428;EUR
Muster Defensiv Plus cVV;30.09.2020;0,0030587422;5.195,39;0,9420727481;876.845,60;-0,000583417;EUR
Muster Defensiv Plus cVV;01.10.2020;0,0028735820;4.895,82;0,9473672284;881.741,41;0,000744787;EUR
Muster Defensiv Plus cVV;02.10.2020;-0,0045690159;-7.806,75;0,9390135884;873.934,66;-0,001226783;EUR
Muster Defensiv Plus cVV;03.10.2020;0,0000123670;21,03;0,9390361888;873.955,70;0;EUR
Muster Defensiv Plus cVV;04.10.2020;0,0000123668;21,03;0,9390587892;873.976,73;0;EUR
Muster Defensiv Plus cVV;05.10.2020;0,0049879893;8.483,89;0,9482089071;882.460,62;0,003588483;EUR
Muster Defensiv Plus cVV;06.10.2020;-0,0031625163;-5.405,84;0,9424345317;877.054,78;-0,000265518;EUR
Muster Defensiv Plus cVV;07.10.2020;0,0036606819;6.237,59;0,9491715533;883.292,37;0,002546295;EUR
Muster Defensiv Plus cVV;08.10.2020;0,0032630818;5.580,46;0,9552028708;888.872,83;0,003777416;EUR
Muster Defensiv Plus cVV;09.10.2020;0,0036099913;6.193,88;0,9618938252;895.066,70;0,001077954;EUR
Muster Defensiv Plus cVV;10.10.2020;0,0000121785;20,97;0,9619163617;895.087,68;0;EUR
Muster Defensiv Plus cVV;11.10.2020;0,0000121784;20,97;0,9619388983;895.108,65;0;EUR
Muster Defensiv Plus cVV;12.10.2020;0,0056988253;9.813,35;0,9725201679;904.922,00;0,003685140;EUR
Muster Defensiv Plus cVV;13.10.2020;0,0018183359;3.149,01;0,9759397494;908.071,01;-0,001176119;EUR
Muster Defensiv Plus cVV;14.10.2020;-0,0004308804;-747,56;0,9751716066;907.323,45;-0,000429853;EUR
Muster Defensiv Plus cVV;15.10.2020;-0,0036216743;-6.280,75;0,9684562212;901.042,70;-0,004128681;EUR
Muster Defensiv Plus cVV;16.10.2020;0,0013568152;2.344,48;0,9710112051;903.387,19;0,003165283;EUR
Muster Defensiv Plus cVV;17.10.2020;0,0000121558;21,03;0,9710338124;903.408,22;0;EUR
Muster Defensiv Plus cVV;18.10.2020;0,0000121556;21,03;0,9710564196;903.429,25;0;EUR
Muster Defensiv Plus cVV;19.10.2020;-0,0078450622;-13.574,44;0,9565004005;889.854,81;-0,002985973;EUR
Muster Defensiv Plus cVV;20.10.2020;-0,0017228266;-2.957,65;0,9533556538;886.897,16;-0,002256113;EUR
Muster Defensiv Plus cVV;21.10.2020;0,0002461064;421,77;0,9538434433;887.318,94;-0,003548707;EUR
Muster Defensiv Plus cVV;22.10.2020;-0,0009856206;-1.689,56;0,9520615422;885.629,38;-0,000014251;EUR
Muster Defensiv Plus cVV;23.10.2020;-0,0011132263;-1.906,42;0,9500463532;883.722,96;0,002021597;EUR
Muster Defensiv Plus cVV;24.10.2020;0,0000122476;20,95;0,9500688764;883.743,91;0;EUR
Muster Defensiv Plus cVV;25.10.2020;0,0000122474;20,95;0,9500913995;883.764,86;0;EUR
Muster Defensiv Plus cVV;26.10.2020;-0,0042723583;-7.308,52;0,9422683084;876.456,34;-0,009219056;EUR
Muster Defensiv Plus cVV;27.10.2020;0,0030842089;5.253,47;0,9479503662;881.709,81;-0,001531562;EUR
Muster Defensiv Plus cVV;28.10.2020;-0,0148017141;-25.290,16;0,9207933368;856.419,65;-0,011792634;EUR
Muster Defensiv Plus cVV;29.10.2020;0,0041957873;7.062,80;0,9284203875;863.482,45;0,003256116;EUR
Muster Defensiv Plus cVV;30.10.2020;-0,0014462129;-2.444,63;0,9258251627;861.037,81;-0,002823953;EUR
Muster Defensiv Plus cVV;31.10.2020;0,0000084024;14,18;0,9258404124;861.051,99;0;EUR
Muster Defensiv Plus cVV;01.11.2020;0,0000124850;21,07;0,9258630720;861.073,07;0;EUR
Muster Defensiv Plus cVV;02.11.2020;0,0061660495;10.407,98;0,9370878264;871.481,05;0,006031505;EUR
Muster Defensiv Plus cVV;03.11.2020;0,0009232589;1.567,95;0,9388075260;873.049,00;0,006641538;EUR
Muster Defensiv Plus cVV;04.11.2020;0,0180259155;30.641,25;0,9717915652;903.690,24;0,007682572;EUR
Muster Defensiv Plus cVV;05.11.2020;0,0065427457;11.322,13;0,9840022094;915.012,37;0,005610515;EUR
Muster Defensiv Plus cVV;06.11.2020;-0,0018139690;-3.159,58;0,9806395493;911.852,78;-0,001835953;EUR
Muster Defensiv Plus cVV;07.11.2020;0,0000120458;20,94;0,9806620726;911.873,73;0;EUR
Muster Defensiv Plus cVV;08.11.2020;0,0000120456;20,94;0,9806845958;911.894,67;0;EUR
Muster Defensiv Plus cVV;09.11.2020;-0,0032662876;-5.679,06;0,9746120404;906.215,61;0,010166784;EUR
Muster Defensiv Plus cVV;10.11.2020;-0,0026253958;-4.549,79;0,9697535795;901.665,82;0,000919834;EUR
Muster Defensiv Plus cVV;11.11.2020;0,0060341778;10.429,73;0,9810059970;912.095,55;0,003557015;EUR
Muster Defensiv Plus cVV;12.11.2020;-0,0025649130;-4.460,06;0,9762438898;907.635,49;-0,003802744;EUR
Muster Defensiv Plus cVV;13.11.2020;0,0032822008;5.692,69;0,9824020027;913.328,18;0,001852891;EUR
Muster Defensiv Plus cVV;14.11.2020;0,0000120489;20,97;0,9824245546;913.349,15;0;EUR
Muster Defensiv Plus cVV;15.11.2020;0,0000120487;20,97;0,9824471065;913.370,11;0;EUR
Muster Defensiv Plus cVV;16.11.2020;0,0012341513;2.147,60;0,9847923079;915.517,72;0,003000538;EUR
Muster Defensiv Plus cVV;17.11.2020;-0,0001182758;-206,02;0,9846059949;915.311,70;-0,000507835;EUR
Muster Defensiv Plus cVV;18.11.2020;-0,0030340073;-5.284,20;0,9789568261;910.027,50;-0,000092084;EUR
Muster Defensiv Plus cVV;19.11.2020;-0,0000118595;-20,59;0,9789697252;910.006,91;-0,000619601;EUR
Muster Defensiv Plus cVV;20.11.2020;0,0015994996;2.777,29;0,9819926273;912.784,20;0,000542927;EUR
Muster Defensiv Plus cVV;21.11.2020;0,0000120479;20,95;0,9820151689;912.805,15;0;EUR
Muster Defensiv Plus cVV;22.11.2020;0,0000120478;20,95;0,9820377104;912.826,11;0;EUR
Muster Defensiv Plus cVV;23.11.2020;0,0008162556;1.419,61;0,9836001286;914.245,71;0,000865115;EUR
Muster Defensiv Plus cVV;24.11.2020;0,0028196650;4.907,88;0,9889156628;919.153,60;0,004159149;EUR
Muster Defensiv Plus cVV;25.11.2020;0,0002332566;407,15;0,9893890518;919.560,74;-0,000150149;EUR
Muster Defensiv Plus cVV;26.11.2020;0,0008736975;1.525,39;0,9910656545;921.086,14;0,000132920;EUR
Muster Defensiv Plus cVV;27.11.2020;-0,0022535360;-3.937,90;0,9868637803;917.148,24;0,000755296;EUR
Muster Defensiv Plus cVV;28.11.2020;0,0000119831;20,89;0,9868862609;917.169,13;0;EUR
Muster Defensiv Plus cVV;29.11.2020;0,0000119830;20,89;0,9869087415;917.190,03;0;EUR
Muster Defensiv Plus cVV;30.11.2020;0,0003005986;524,10;0,9875078912;917.714,13;-0,002378177;EUR
Muster Defensiv Plus cVV;01.12.2020;-0,0017079369;-2.978,74;0,9843376832;914.735,39;0,000932451;EUR
Muster Defensiv Plus cVV;02.12.2020;-0,0028456709;-4.954,54;0,9790410142;909.780,85;-0,001225787;EUR
Muster Defensiv Plus cVV;03.12.2020;-0,0013649324;-2.369,69;0,9765256714;907.411,15;-0,000623276;EUR
Muster Defensiv Plus cVV;04.12.2020;0,0040946025;7.099,04;0,9842004252;914.510,19;0,002225566;EUR
Muster Defensiv Plus cVV;05.12.2020;0,0000119511;20,81;0,9842228157;914.531,00;0;EUR
Muster Defensiv Plus cVV;06.12.2020;0,0000119509;20,81;0,9842452062;914.551,80;0;EUR
Muster Defensiv Plus cVV;07.12.2020;0,0021100491;3.673,38;0,9882336381;918.225,18;0,000446950;EUR
Muster Defensiv Plus cVV;08.12.2020;0,0016073091;2.804,06;0,9912867044;921.029,24;0,001456021;EUR
Muster Defensiv Plus cVV;09.12.2020;-0,0048382791;-8.454,28;0,9822223880;912.574,96;0,000234882;EUR
Muster Defensiv Plus cVV;10.12.2020;-0,0030698921;-5.338,15;0,9765114953;907.236,81;-0,001496766;EUR
Muster Defensiv Plus cVV;11.12.2020;0,0005291452;917,29;0,9775335060;908.154,10;-0,001700273;EUR
Muster Defensiv Plus cVV;12.12.2020;0,0000119954;20,81;0,9775559010;908.174,91;0;EUR
Muster Defensiv Plus cVV;13.12.2020;0,0000119953;20,81;0,9775782959;908.195,71;0;EUR
Muster Defensiv Plus cVV;14.12.2020;-0,0004312753;-748,04;0,9768077350;907.447,67;0,000651869;EUR
Muster Defensiv Plus cVV;15.12.2020;0,0033469524;5.802,76;0,9830888572;913.250,43;0,002752682;EUR
Muster Defensiv Plus cVV;16.12.2020;0,0030213697;5.255,82;0,9887816101;918.506,25;0,001687627;EUR
Muster Defensiv Plus cVV;17.12.2020;0,0022129006;3.861,08;0,9929732386;922.367,32;0,002003136;EUR
Muster Defensiv Plus cVV;18.12.2020;-0,0001727743;-302,12;0,9926830954;922.065,20;-0,000965935;EUR
Muster Defensiv Plus cVV;19.12.2020;0,0000118580;20,73;0,9927054153;922.085,93;0;EUR
Muster Defensiv Plus cVV;20.12.2020;0,0000118579;20,73;0,9927277352;922.106,66;0;EUR
Muster Defensiv Plus cVV;21.12.2020;-0,0023537840;-4.115,36;0,9883321221;917.991,30;-0,005837594;EUR
Muster Defensiv Plus cVV;22.12.2020;0,0037611830;6.560,59;0,9954305750;924.551,88;0,002765663;EUR
Muster Defensiv Plus cVV;23.12.2020;-0,0023855368;-4.176,71;0,9909686465;920.375,17;0,001182163;EUR
Muster Defensiv Plus cVV;24.12.2020;-0,0013299727;-2.323,03;0,9885023184;918.052,14;0,000559959;EUR
Muster Defensiv Plus cVV;25.12.2020;-0,0001387172;-241,97;0,9882766255;917.810,17;0,000015246;EUR
Muster Defensiv Plus cVV;26.12.2020;0,0000119076;20,77;0,9882989881;917.830,94;0;EUR
Muster Defensiv Plus cVV;27.12.2020;0,0000119074;20,77;0,9883213506;917.851,71;0;EUR
Muster Defensiv Plus cVV;28.12.2020;0,0023304535;4.064,66;0,9927330617;921.916,37;0,003703634;EUR
Muster Defensiv Plus cVV;29.12.2020;0,0007095699;1.240,48;0,9941038382;923.156,85;0,000303271;EUR
Muster Defensiv Plus cVV;30.12.2020;-0,0012247750;-2.142,69;0,9918313888;921.014,16;-0,001314706;EUR
Muster Defensiv Plus cVV;31.12.2020;0,0036792558;6.428,80;0,9987896396;927.442,96;0,001199245;EUR
Muster Defensiv Plus cVV;01.01.2021;0,0000118338;20,75;0,9988471029;927.463,72;0;EUR
Muster Defensiv Plus cVV;02.01.2021;0,0000118336;20,75;0,9988694536;927.484,47;0;EUR
Muster Defensiv Plus cVV;03.01.2021;0,0000118335;20,75;0,9988918043;927.505,22;0;EUR
Muster Defensiv Plus cVV;04.01.2021;0,0002318711;406,66;0,9993648696;927.911,88;-0,000941011;EUR
Muster Defensiv Plus cVV;05.01.2021;0,0006100246;1.070,11;1,0005525139;928.981,99;-0,000167361;EUR
Muster Defensiv Plus cVV;06.01.2021;-0,0067932373;-11.924,03;0,9877444988;917.057,96;0,003392826;EUR
Muster Defensiv Plus cVV;07.01.2021;0,0089293068;15.566,95;1,0045465735;932.624,91;0,003573773;EUR
Muster Defensiv Plus cVV;08.01.2021;0,0049606397;8.725,38;1,0139803677;941.350,29;0,002448185;EUR
Muster Defensiv Plus cVV;09.01.2021;0,0000117402;20,75;1,0140027214;941.371,04;0;EUR
Muster Defensiv Plus cVV;10.01.2021;0,0000117400;20,75;1,0140250750;941.391,80;0;EUR
Muster Defensiv Plus cVV;11.01.2021;-0,0007824021;-1.383,04;1,0125707900;940.008,75;-0,001858623;EUR
Muster Defensiv Plus cVV;12.01.2021;-0,0044098227;-7.789,09;1,0042155857;932.219,66;-0,000935823;EUR
Muster Defensiv Plus cVV;13.01.2021;0,0063636409;11.190,57;1,0163059638;943.410,23;0,001474096;EUR
Muster Defensiv Plus cVV;14.01.2021;-0,0024295348;-4.299,56;1,0117095519;939.110,66;0,001744324;EUR
Muster Defensiv Plus cVV;15.01.2021;-0,0010271330;-1.813,31;1,0097913490;937.297,35;-0,003686370;EUR
Muster Defensiv Plus cVV;16.01.2021;0,0000118096;20,83;1,0098137872;937.318,18;0;EUR
Muster Defensiv Plus cVV;17.01.2021;0,0000118095;20,83;1,0098362254;937.339,01;0;EUR
Muster Defensiv Plus cVV;18.01.2021;0,0007144892;1.260,10;1,0112290988;938.599,11;0,000498149;EUR
Muster Defensiv Plus cVV;19.01.2021;0,0041236496;7.277,81;1,0191056456;945.876,92;0,000020772;EUR
Muster Defensiv Plus cVV;20.01.2021;0,0094237821;16.700,58;1,0371353407;962.577,50;0,003821670;EUR
Muster Defensiv Plus cVV;21.01.2021;-0,0014504879;-2.594,74;1,0343756779;959.982,76;-0,001362706;EUR
Muster Defensiv Plus cVV;22.01.2021;-0,0003783165;-675,78;1,0336835414;959.306,98;-0,000875502;EUR
Muster Defensiv Plus cVV;23.01.2021;0,0000116361;20,78;1,0337059297;959.327,76;0;EUR
Muster Defensiv Plus cVV;24.01.2021;0,0000116359;20,78;1,0337283180;959.348,53;0;EUR
Muster Defensiv Plus cVV;25.01.2021;0,0022087591;3.944,06;1,0380143085;963.292,59;-0,001360822;EUR
Muster Defensiv Plus cVV;26.01.2021;-0,0018631145;-3.334,21;1,0344574620;959.958,38;0,001845237;EUR
Muster Defensiv Plus cVV;27.01.2021;-0,0088854056;-15.871,60;1,0173894988;944.086,78;-0,005600947;EUR
Muster Defensiv Plus cVV;28.01.2021;0,0024757978;4.383,11;1,0221484575;948.469,89;0,001058871;EUR
Muster Defensiv Plus cVV;29.01.2021;-0,0068684796;-12.189,95;1,0090466223;936.279,94;-0,007102799;EUR
Muster Defensiv Plus cVV;30.01.2021;0,0000117991;20,80;1,0090690355;936.300,74;0;EUR
Muster Defensiv Plus cVV;31.01.2021;0,0000080464;14,18;1,0090843203;936.314,92;0;EUR
Muster Defensiv Plus cVV;01.02.2021;0,0139932469;24.664,66;1,0357018458;960.979,59;0,005862349;EUR
Muster Defensiv Plus cVV;02.02.2021;0,0048065559;8.590,64;1,0449967202;969.570,23;0,005311303;EUR
Muster Defensiv Plus cVV;03.02.2021;0,0045883164;8.240,01;1,0539142881;977.810,24;0,001731960;EUR
Muster Defensiv Plus cVV;04.02.2021;0,0049230347;8.881,68;1,0635240929;986.691,92;0,003084221;EUR
Muster Defensiv Plus cVV;05.02.2021;-0,0020059677;-3.636,80;1,0596407992;983.055,12;0,000276184;EUR
Muster Defensiv Plus cVV;06.02.2021;0,0000115223;20,85;1,0596632713;983.075,97;0;EUR
Muster Defensiv Plus cVV;07.02.2021;0,0000115222;20,85;1,0596857434;983.096,82;0;EUR
Muster Defensiv Plus cVV;08.02.2021;0,0064288994;11.632,41;1,0722614954;994.729,23;0,001211310;EUR
Muster Defensiv Plus cVV;09.02.2021;-0,0022870802;-4.164,83;1,0678089763;990.564,39;-0,000996305;EUR
Muster Defensiv Plus cVV;10.02.2021;0,0015436852;2.804,66;1,0708693641;993.369,06;-0,001325159;EUR
Muster Defensiv Plus cVV;11.02.2021;0,0021913643;3.987,55;1,0752051595;997.356,61;0,002206935;EUR
Muster Defensiv Plus cVV;12.02.2021;0,0022996858;4.193,83;1,0797636187;1.001.550,44;0,000354549;EUR
Muster Defensiv Plus cVV;13.02.2021;0,0000113829;20,81;1,0797860496;1.001.571,24;0;EUR
Muster Defensiv Plus cVV;14.02.2021;0,0000113827;20,81;1,0798084805;1.001.592,05;0;EUR
Muster Defensiv Plus cVV;15.02.2021;-0,0009026546;-1.649,95;1,0780668794;999.942,10;0,000268206;EUR
Muster Defensiv Plus cVV;16.02.2021;-0,0001763881;-322,13;1,0777567515;999.619,97;-0,000883673;EUR
Muster Defensiv Plus cVV;17.02.2021;-0,0023687866;-4.325,21;1,0731304428;995.294,76;-0,001132387;EUR
Muster Defensiv Plus cVV;18.02.2021;-0,0065983862;-12.019,57;1,0602074215;983.275,20;-0,002248195;EUR
Muster Defensiv Plus cVV;19.02.2021;-0,0027642873;-5.002,18;1,0548501815;978.273,02;0,000366237;EUR
Muster Defensiv Plus cVV;20.02.2021;0,0000115389;20,82;1,0548726342;978.293,84;0;EUR
Muster Defensiv Plus cVV;21.02.2021;0,0000115388;20,82;1,0548950869;978.314,67;0;EUR
Muster Defensiv Plus cVV;22.02.2021;-0,0107632391;-19.423,47;1,0339867650;958.891,20;-0,001250108;EUR
Muster Defensiv Plus cVV;23.02.2021;-0,0054674930;-9.711,70;1,0235527924;949.179,50;-0,001860276;EUR
Muster Defensiv Plus cVV;24.02.2021;0,0006059291;1.070,40;1,0247453904;950.249,90;0,002420005;EUR
Muster Defensiv Plus cVV;25.02.2021;-0,0144659464;-25.570,31;0,9972077504;924.679,60;-0,007071647;EUR
Muster Defensiv Plus cVV;26.02.2021;0,0002360663;411,24;0,9976885114;925.090,84;-0,001778047;EUR
Muster Defensiv Plus cVV;27.02.2021;0,0000119637;20,85;0,9977109937;925.111,68;0;EUR
Muster Defensiv Plus cVV;28.02.2021;0,0000119636;20,85;0,9977334760;925.132,53;0;EUR
Muster Defensiv Plus cVV;01.03.2021;0,0141771336;24.703,70;1,0244140758;949.836,23;0,009995961;EUR
Muster Defensiv Plus cVV;02.03.2021;-0,0046515453;-8.220,24;1,0155862959;941.615,99;-0,000562289;EUR
Muster Defensiv Plus cVV;03.03.2021;-0,0079742137;-14.026,54;1,0004951831;927.589,45;-0,002082863;EUR
Muster Defensiv Plus cVV;04.03.2021;-0,0059348107;-10.356,01;0,9893620897;917.233,44;-0,001703516;EUR
Muster Defensiv Plus cVV;05.03.2021;0,0016485497;2.859,58;0,9924835022;920.093,02;0,001266762;EUR
Muster Defensiv Plus cVV;06.03.2021;0,0000120489;20,93;0,9925060837;920.113,96;0;EUR
Muster Defensiv Plus cVV;07.03.2021;0,0000120487;20,93;0,9925286652;920.134,89;0;EUR
Muster Defensiv Plus cVV;08.03.2021;-0,0038059068;-6.612,79;0,9854322808;913.522,11;0,005796801;EUR
Muster Defensiv Plus cVV;09.03.2021;0,0112590814;19.488,27;1,0064920526;933.010,37;0,003259630;EUR
Muster Defensiv Plus cVV;10.03.2021;0,0012092996;2.116,74;1,0088130000;935.127,11;0,001957786;EUR
Muster Defensiv Plus cVV;11.03.2021;0,0080869363;14.172,34;1,0241401383;949.299,45;0,001889610;EUR
Muster Defensiv Plus cVV;12.03.2021;-0,0040096694;-7.083,76;1,0165356512;942.215,68;-0,000863540;EUR
Muster Defensiv Plus cVV;13.03.2021;0,0000112903;19,87;1,0165570844;942.235,55;0;EUR
Muster Defensiv Plus cVV;14.03.2021;0,0000112902;19,87;1,0165785177;942.255,42;0;EUR
Muster Defensiv Plus cVV;15.03.2021;0,0025868840;4.551,95;1,0215274234;946.807,37;0,001748976;EUR
Muster Defensiv Plus cVV;16.03.2021;0,0031353081;5.531,24;1,0275332886;952.338,61;0,001571048;EUR
Muster Defensiv Plus cVV;17.03.2021;-0,0014464804;-2.559,85;1,0248093033;949.778,76;-0,000354884;EUR
Muster Defensiv Plus cVV;18.03.2021;-0,0029414386;-5.197,96;1,0192384693;944.580,80;-0,000063994;EUR
Muster Defensiv Plus cVV;19.03.2021;-0,0004104864;-723,26;1,0184957540;943.857,54;-0,001172948;EUR
Muster Defensiv Plus cVV;20.03.2021;0,0000112958;19,89;1,0185172217;943.877,43;0;EUR
Muster Defensiv Plus cVV;21.03.2021;0,0000112957;19,89;1,0185386893;943.897,33;0;EUR
Muster Defensiv Plus cVV;22.03.2021;0,0025335595;4.462,28;1,0233917001;948.359,61;0,001376245;EUR
Muster Defensiv Plus cVV;23.03.2021;0,0009086273;1.604,39;1,0251609355;949.964,00;0,000150664;EUR
Muster Defensiv Plus cVV;24.03.2021;-0,0040889591;-7.226,56;1,0173999370;942.737,44;-0,000981080;EUR
Muster Defensiv Plus cVV;25.03.2021;-0,0002256948;-397,25;1,0170087916;942.340,19;0,001850667;EUR
Muster Defensiv Plus cVV;26.03.2021;0,0064028590;11.267,18;1,0292067471;953.607,37;0,003313186;EUR
Muster Defensiv Plus cVV;27.03.2021;0,0000112693;19,96;1,0292282868;953.627,33;0;EUR
Muster Defensiv Plus cVV;28.03.2021;0,0000112691;19,96;1,0292498266;953.647,29;0;EUR
Muster Defensiv Plus cVV;29.03.2021;-0,0012017642;-2.128,35;1,0269906377;951.518,94;0,000499842;EUR
Muster Defensiv Plus cVV;30.03.2021;0,0009783370;1.730,57;1,0288964066;953.249,51;0,001356247;EUR
Muster Defensiv Plus cVV;31.03.2021;0,0042952357;7.605,23;1,0371433825;960.854,74;0,000444306;EUR
Muster Defensiv Plus cVV;01.04.2021;0,0072026171;12.807,88;1,0510068680;973.662,62;0,003874412;EUR
Muster Defensiv Plus cVV;02.04.2021;0,0003571839;639,73;1,0517361224;974.302,35;0,000104818;EUR
Muster Defensiv Plus cVV;03.04.2021;0,0000080180;14,37;1,0517516298;974.316,71;0;EUR
Muster Defensiv Plus cVV;04.04.2021;0,0000080180;14,37;1,0517671373;974.331,08;0;EUR
Muster Defensiv Plus cVV;05.04.2021;0,0022881127;4.099,62;1,0562314259;978.430,70;0,001361395;EUR
Muster Defensiv Plus cVV;06.04.2021;-0,0003013608;-541,18;1,0556860171;977.889,51;0,000883930;EUR
Muster Defensiv Plus cVV;07.04.2021;0,0007914743;1.420,90;1,0572588032;979.310,41;-0,000947670;EUR
Muster Defensiv Plus cVV;08.04.2021;0,0041045375;7.374,55;1,0652594413;986.684,96;0,001548741;EUR
Muster Defensiv Plus cVV;09.04.2021;0,0008658888;1.562,11;1,0669851059;988.247,07;0,000407265;EUR
Muster Defensiv Plus cVV;10.04.2021;0,0000110182;19,89;1,0670065856;988.266,97;0;EUR
Muster Defensiv Plus cVV;11.04.2021;0,0000110181;19,89;1,0670280654;988.286,86;0;EUR
Muster Defensiv Plus cVV;12.04.2021;0,0009371523;1.692,18;1,0688942662;989.979,04;-0,000527720;EUR
Muster Defensiv Plus cVV;13.04.2021;0,0034803325;6.290,18;1,0757252891;996.269,22;0,000482525;EUR
Muster Defensiv Plus cVV;14.04.2021;-0,0047776966;-8.665,02;1,0664082642;987.604,19;-0,001836062;EUR
Muster Defensiv Plus cVV;15.04.2021;0,0085150659;15.369,48;1,0830437762;1.002.973,68;0,002888990;EUR
Muster Defensiv Plus cVV;16.04.2021;0,0024877793;4.528,62;1,0879737309;1.007.502,29;0,002419811;EUR
Muster Defensiv Plus cVV;17.04.2021;0,0000108769;19,85;1,0879951652;1.007.522,14;0;EUR
Muster Defensiv Plus cVV;18.04.2021;0,0000108768;19,85;1,0880165995;1.007.541,99;0;EUR
Muster Defensiv Plus cVV;19.04.2021;-0,0063773612;-11.638,13;1,0754882351;995.903,86;-0,002794296;EUR
Muster Defensiv Plus cVV;20.04.2021;-0,0048887609;-8.864,67;1,0659541336;987.039,19;-0,004393054;EUR
Muster Defensiv Plus cVV;21.04.2021;0,0033377008;6.022,58;1,0724973992;993.061,78;0,002315945;EUR
Muster Defensiv Plus cVV;22.04.2021;0,0002640823;478,10;1,0730529156;993.539,88;0,000936691;EUR
Muster Defensiv Plus cVV;23.04.2021;0,0015746277;2.851,51;1,0761718927;996.391,39;0,000389903;EUR
Muster Defensiv Plus cVV;24.04.2021;0,0000109097;19,79;1,0761932646;996.411,18;0;EUR
Muster Defensiv Plus cVV;25.04.2021;0,0000109095;19,79;1,0762146365;996.430,96;0;EUR
Muster Defensiv Plus cVV;26.04.2021;0,0027837748;5.049,22;1,0817075795;1.001.480,18;0,000330221;EUR
Muster Defensiv Plus cVV;27.04.2021;-0,0006939887;-1.262,26;1,0803835668;1.000.217,92;-0,000832924;EUR
Muster Defensiv Plus cVV;28.04.2021;-0,0021108791;-3.836,71;1,0762785464;996.381,21;-0,000008739;EUR
Muster Defensiv Plus cVV;29.04.2021;-0,0030018411;-5.444,60;1,0704363218;990.936,61;-0,001973956;EUR
Muster Defensiv Plus cVV;30.04.2021;-0,0024236621;-4.382,73;1,0657407491;986.553,89;-0,000209600;EUR
Muster Defensiv Plus cVV;01.05.2021;0,0000109923;19,83;1,0657621701;986.573,71;0;EUR
Muster Defensiv Plus cVV;02.05.2021;0,0000109922;19,83;1,0657835911;986.593,54;0;EUR
Muster Defensiv Plus cVV;03.05.2021;0,0015082795;2.720,88;1,0687617216;989.314,43;0,001439148;EUR
Muster Defensiv Plus cVV;04.05.2021;-0,0051278553;-9.264,42;1,0587917858;980.050,01;-0,004530755;EUR
Muster Defensiv Plus cVV;05.05.2021;0,0027915839;5.017,65;1,0642512226;985.067,66;0,004584713;EUR
Muster Defensiv Plus cVV;06.05.2021;0,0013783784;2.484,44;1,0669740943;987.552,10;0,000768144;EUR
Muster Defensiv Plus cVV;07.05.2021;0,0021362479;3.855,76;1,0711787999;991.407,86;0,002532414;EUR
Muster Defensiv Plus cVV;08.05.2021;0,0000109182;19,75;1,0712001376;991.427,61;0;EUR
Muster Defensiv Plus cVV;09.05.2021;0,0000109181;19,75;1,0712214752;991.447,36;0;EUR
Muster Defensiv Plus cVV;10.05.2021;-0,0047911922;-8.666,40;1,0618962522;982.780,96;-0,001412696;EUR
Muster Defensiv Plus cVV;11.05.2021;-0,0053190689;-9.575,13;1,0515884034;973.205,83;-0,006489404;EUR
Muster Defensiv Plus cVV;12.05.2021;-0,0049299491;-8.827,45;1,0420877119;964.378,38;-0,002418165;EUR
Muster Defensiv Plus cVV;13.05.2021;-0,0004507131;-803,06;1,0412576207;963.575,32;0,001285063;EUR
Muster Defensiv Plus cVV;14.05.2021;0,0056827094;10.120,60;1,0522321832;973.695,92;0,004484781;EUR
Muster Defensiv Plus cVV;15.05.2021;0,0000110313;19,76;1,0522535346;973.715,68;0;EUR
Muster Defensiv Plus cVV;16.05.2021;0,0000110312;19,76;1,0522748860;973.735,44;0;EUR
Muster Defensiv Plus cVV;17.05.2021;0,0004213018;754,60;1,0531284084;974.490,03;-0,000706586;EUR
Muster Defensiv Plus cVV;18.05.2021;-0,0030463472;-5.458,63;1,0472671108;969.031,40;-0,001502196;EUR
Muster Defensiv Plus cVV;19.05.2021;-0,0019508515;-3.485,01;1,0435384111;965.546,40;-0,004165693;EUR
Muster Defensiv Plus cVV;20.05.2021;0,0057928814;10.328,23;1,0547389559;975.874,63;0,004548559;EUR
Muster Defensiv Plus cVV;21.05.2021;0,0025156849;4.511,24;1,0596529765;980.385,87;0,001885458;EUR
Muster Defensiv Plus cVV;22.05.2021;0,0000109811;19,74;1,0596743141;980.405,61;0;EUR
Muster Defensiv Plus cVV;23.05.2021;0,0000109810;19,74;1,0596956517;980.425,35;0;EUR
Muster Defensiv Plus cVV;24.05.2021;0,0042570360;7.653,28;1,0680062131;988.078,63;0,000977091;EUR
Muster Defensiv Plus cVV;25.05.2021;0,0012633841;2.280,98;1,0705102570;990.359,61;0,000925129;EUR
Muster Defensiv Plus cVV;26.05.2021;0,0036325012;6.566,58;1,0776470690;996.926,19;0,001228012;EUR
Muster Defensiv Plus cVV;27.05.2021;-0,0022933845;-4.160,88;1,0731878890;992.765,31;-0,000860093;EUR
Muster Defensiv Plus cVV;28.05.2021;0,0042025188;7.607,13;1,0814501451;1.000.372,44;0,002438154;EUR
Muster Defensiv Plus cVV;29.05.2021;0,0000108569;19,73;1,0814714796;1.000.392,18;0;EUR
Muster Defensiv Plus cVV;30.05.2021;0,0000108567;19,73;1,0814928141;1.000.411,91;0;EUR
Muster Defensiv Plus cVV;31.05.2021;-0,0012833848;-2.332,91;1,0790095930;998.079,00;-0,002062293;EUR
Muster Defensiv Plus cVV;01.06.2021;-0,0001018877;-184,97;1,0788483647;997.894,03;0,001829967;EUR
Muster Defensiv Plus cVV;02.06.2021;0,0032067476;5.821,10;1,0851806458;1.003.715,12;0,001695914;EUR
Muster Defensiv Plus cVV;03.06.2021;-0,0007633550;-1.390,14;1,0837165538;1.002.324,99;0,000486627;EUR
Muster Defensiv Plus cVV;04.06.2021;0,0051598661;9.389,39;1,0939076002;1.011.714,37;0,002376323;EUR
Muster Defensiv Plus cVV;05.06.2021;0,0000107971;19,75;1,0939289534;1.011.734,12;0;EUR
Muster Defensiv Plus cVV;06.06.2021;0,0000107970;19,75;1,0939503067;1.011.753,87;0;EUR
Muster Defensiv Plus cVV;07.06.2021;0,0006799258;1.243,67;1,0953342565;1.012.997,54;-0,000552266;EUR
Muster Defensiv Plus cVV;08.06.2021;0,0001539782;281,84;1,0956782339;1.013.279,38;0,000008260;EUR
Muster Defensiv Plus cVV;09.06.2021;0,0005637582;1.032,04;1,0968334540;1.014.311,42;-0,000171134;EUR
Muster Defensiv Plus cVV;10.06.2021;0,0048589648;8.900,08;1,1064971981;1.023.211,50;0,000682600;EUR
Muster Defensiv Plus cVV;11.06.2021;0,0048330984;8.895,72;1,1161568894;1.032.107,22;0,002993151;EUR
Muster Defensiv Plus cVV;12.06.2021;0,0000106954;19,78;1,1161782810;1.032.127,00;0;EUR
Muster Defensiv Plus cVV;13.06.2021;0,0000106952;19,78;1,1161996727;1.032.146,78;0;EUR
Muster Defensiv Plus cVV;14.06.2021;0,0004671477;864,00;1,1171739400;1.033.010,78;-0,000205407;EUR
Muster Defensiv Plus cVV;15.06.2021;-0,0026060541;-4.822,19;1,1119985651;1.028.188,58;0,000086176;EUR
Muster Defensiv Plus cVV;16.06.2021;0,0013953720;2.575,24;1,1148235006;1.030.763,83;-0,000411077;EUR
Muster Defensiv Plus cVV;17.06.2021;0,0063528638;11.740,95;1,1275621441;1.042.504,77;0,001521023;EUR
Muster Defensiv Plus cVV;18.06.2021;0,0003934525;731,77;1,1283938389;1.043.236,55;-0,004349149;EUR
Muster Defensiv Plus cVV;19.06.2021;0,0000107053;19,92;1,1284153831;1.043.256,46;0;EUR
Muster Defensiv Plus cVV;20.06.2021;0,0000107052;19,92;1,1284369273;1.043.276,38;0;EUR
Muster Defensiv Plus cVV;21.06.2021;0,0011685867;2.174,33;1,1308290216;1.045.450,71;0,001731193;EUR
Muster Defensiv Plus cVV;22.06.2021;0,0020840640;3.882,24;1,1350687182;1.049.332,95;0,001400982;EUR
Muster Defensiv Plus cVV;23.06.2021;0,0009296144;1.735,31;1,1369862701;1.051.068,27;-0,002484481;EUR
Muster Defensiv Plus cVV;24.06.2021;0,0025033597;4.677,38;1,1420866015;1.055.745,64;0,002823992;EUR
Muster Defensiv Plus cVV;25.06.2021;0,0002750717;515,24;1,1426845890;1.056.260,88;-0,000061658;EUR
Muster Defensiv Plus cVV;26.06.2021;0,0000106088;19,88;1,1427060922;1.056.280,76;0;EUR
Muster Defensiv Plus cVV;27.06.2021;0,0000106087;19,88;1,1427275955;1.056.300,64;0;EUR
Muster Defensiv Plus cVV;28.06.2021;0,0036796316;6.894,42;1,1502269742;1.063.195,06;0,000338161;EUR
Muster Defensiv Plus cVV;29.06.2021;0,0014543579;2.735,02;1,1532268115;1.065.930,07;0,001681617;EUR
Muster Defensiv Plus cVV;30.06.2021;-0,0001188883;-223,90;1,1530254772;1.065.706,17;-0,000924153;EUR
Muster Defensiv Plus cVV;01.07.2021;0,0011288072;2.125,63;1,1553662377;1.067.831,80;0,001353738;EUR
Muster Defensiv Plus cVV;02.07.2021;0,0034239217;6.454,79;1,1623913388;1.074.286,59;0,002494279;EUR
Muster Defensiv Plus cVV;03.07.2021;0,0000105287;19,92;1,1624128888;1.074.306,50;0;EUR
Muster Defensiv Plus cVV;04.07.2021;0,0000105285;19,92;1,1624344388;1.074.326,42;0;EUR
Muster Defensiv Plus cVV;05.07.2021;0,0005455738;1.032,06;1,1635923496;1.075.358,48;-0,000359607;EUR
Muster Defensiv Plus cVV;06.07.2021;0,0018657678;3.531,39;1,1674548179;1.078.889,88;-0,000500722;EUR
Muster Defensiv Plus cVV;07.07.2021;0,0035947112;6.816,51;1,1748724482;1.085.706,39;0,003427406;EUR
Muster Defensiv Plus cVV;08.07.2021;-0,0085276210;-16.228,72;1,1573518229;1.069.477,66;-0,004945321;EUR
Muster Defensiv Plus cVV;09.07.2021;0,0040269734;7.598,29;1,1656156141;1.077.075,95;0,004239796;EUR
Muster Defensiv Plus cVV;10.07.2021;0,0000105101;19,91;1,1656371618;1.077.095,86;0;EUR
Muster Defensiv Plus cVV;11.07.2021;0,0000105100;19,91;1,1656587095;1.077.115,77;0;EUR
Muster Defensiv Plus cVV;12.07.2021;0,0038048381;7.208,22;1,1735009065;1.084.323,99;0,002148323;EUR
Muster Defensiv Plus cVV;13.07.2021;0,0037726489;7.174,43;1,1813070640;1.091.498,42;0,000155241;EUR
Muster Defensiv Plus cVV;14.07.2021;-0,0023636044;-4.511,81;1,1764655161;1.086.986,60;0,000379125;EUR
Muster Defensiv Plus cVV;15.07.2021;-0,0029918862;-5.697,62;1,1703401333;1.081.288,98;-0,002435677;EUR
Muster Defensiv Plus cVV;16.07.2021;-0,0035278867;-6.698,26;1,1631312106;1.074.590,73;-0,001613728;EUR
Muster Defensiv Plus cVV;17.07.2021;0,0000105448;19,95;1,1631528048;1.074.610,68;0;EUR
Muster Defensiv Plus cVV;18.07.2021;0,0000105447;19,95;1,1631743990;1.074.630,63;0;EUR
Muster Defensiv Plus cVV;19.07.2021;-0,0035374399;-6.692,84;1,1559708066;1.067.937,79;-0,006702667;EUR
Muster Defensiv Plus cVV;20.07.2021;0,0033684892;6.350,64;1,1628858726;1.074.288,43;0,004147901;EUR
Muster Defensiv Plus cVV;21.07.2021;0,0045761612;8.656,54;1,1722975532;1.082.944,97;0,003622523;EUR
Muster Defensiv Plus cVV;22.07.2021;0,0059624797;11.330,59;1,1846046626;1.094.275,56;0,001943107;EUR
Muster Defensiv Plus cVV;23.07.2021;0,0037814360;7.228,77;1,1924720362;1.101.504,33;0,003766168;EUR
Muster Defensiv Plus cVV;24.07.2021;0,0000104077;19,97;1,1924936566;1.101.524,30;0;EUR
Muster Defensiv Plus cVV;25.07.2021;0,0000104076;19,97;1,1925152769;1.101.544,27;0;EUR
Muster Defensiv Plus cVV;26.07.2021;-0,0045070783;-8.648,70;1,1831938655;1.092.895,57;-0,000692179;EUR
Muster Defensiv Plus cVV;27.07.2021;-0,0065454300;-12.503,52;1,1696983170;1.080.392,05;-0,001440946;EUR
Muster Defensiv Plus cVV;28.07.2021;0,0034554274;6.557,58;1,1768392270;1.086.949,64;0,001415761;EUR
Muster Defensiv Plus cVV;29.07.2021;-0,0011262048;-2.144,65;1,1745583795;1.084.804,98;0,000706071;EUR
Muster Defensiv Plus cVV;30.07.2021;-0,0040090584;-7.625,93;1,1663423557;1.077.179,05;-0,001659233;EUR
Muster Defensiv Plus cVV;31.07.2021;0,0000069413;13,15;1,1663565949;1.077.192,20;0;EUR
Muster Defensiv Plus cVV;01.08.2021;0,0000105113;19,91;1,1663781577;1.077.212,11;0;EUR
Muster Defensiv Plus cVV;02.08.2021;0,0018762392;3.554,69;1,1702680582;1.080.766,80;0,000739993;EUR
Muster Defensiv Plus cVV;03.08.2021;0,0040166528;7.624,16;1,1785648333;1.088.390,96;0,001226062;EUR
Muster Defensiv Plus cVV;04.08.2021;0,0042205072;8.043,28;1,1873160255;1.096.434,25;0,001465892;EUR
Muster Defensiv Plus cVV;05.08.2021;0,0035417940;6.778,30;1,1946979264;1.103.212,55;0,001917035;EUR
Muster Defensiv Plus cVV;06.08.2021;-0,0020611087;-3.958,53;1,1904527103;1.099.254,02;0,000085987;EUR
Muster Defensiv Plus cVV;07.08.2021;0,0000095541;18,31;1,1904725411;1.099.272,33;0;EUR
Muster Defensiv Plus cVV;08.08.2021;0,0000095540;18,31;1,1904923719;1.099.290,64;0;EUR
Muster Defensiv Plus cVV;09.08.2021;-0,0005033094;-964,67;1,1894891891;1.098.325,97;-0,000151400;EUR
Muster Defensiv Plus cVV;10.08.2021;-0,0004440770;-850,72;1,1886093307;1.097.475,25;0,000826373;EUR
Muster Defensiv Plus cVV;11.08.2021;0,0001309464;250,74;1,1889223513;1.097.725,99;0,000794216;EUR
Muster Defensiv Plus cVV;12.08.2021;0,0011888056;2.276,68;1,1914296906;1.100.002,67;0,001640635;EUR
Muster Defensiv Plus cVV;13.08.2021;0,0014705267;2.819,55;1,1945251918;1.102.822,22;-0,000008529;EUR
Muster Defensiv Plus cVV;14.08.2021;0,0000103937;19,96;1,1945468093;1.102.842,18;0;EUR
Muster Defensiv Plus cVV;15.08.2021;0,0000103936;19,96;1,1945684268;1.102.862,14;0;EUR
Muster Defensiv Plus cVV;16.08.2021;0,0006465293;1.241,49;1,1959547776;1.104.103,62;-0,000470961;EUR
Muster Defensiv Plus cVV;17.08.2021;-0,0004487559;-862,27;1,1950623470;1.103.241,35;-0,000169480;EUR
Muster Defensiv Plus cVV;18.08.2021;-0,0022225466;-4.268,65;1,1904798163;1.098.972,70;-0,000466820;EUR
Muster Defensiv Plus cVV;19.08.2021;-0,0006437033;-1.233,56;1,1891848701;1.097.739,14;-0,002545944;EUR
Muster Defensiv Plus cVV;20.08.2021;0,0033050450;6.329,52;1,1960832075;1.104.068,67;0,001606673;EUR
Muster Defensiv Plus cVV;21.08.2021;0,0000104160;20,01;1,1961048893;1.104.088,68;0;EUR
Muster Defensiv Plus cVV;22.08.2021;0,0000104159;20,01;1,1961265711;1.104.108,70;0;EUR
Muster Defensiv Plus cVV;23.08.2021;0,0034696081;6.666,78;1,2033907403;1.110.775,48;0,001220469;EUR
Muster Defensiv Plus cVV;24.08.2021;0,0008677011;1.673,05;1,2052451027;1.112.448,53;0,000740897;EUR
Muster Defensiv Plus cVV;25.08.2021;-0,0016079041;-3.102,96;1,2019249709;1.109.345,57;-0,001134268;EUR
Muster Defensiv Plus cVV;26.08.2021;-0,0021311125;-4.065,28;1,1975694442;1.105.280,29;-0,001813605;EUR
Muster Defensiv Plus cVV;27.08.2021;0,0028659585;5.455,41;1,2035295996;1.110.735,70;0,001464440;EUR
Muster Defensiv Plus cVV;28.08.2021;0,0000104541;19,96;1,2035512234;1.110.755,65;0;EUR
Muster Defensiv Plus cVV;29.08.2021;0,0000104540;19,96;1,2035728472;1.110.775,61;0;EUR
Muster Defensiv Plus cVV;30.08.2021;0,0036622535;6.991,30;1,2111977305;1.117.766,91;0,001266395;EUR
Muster Defensiv Plus cVV;31.08.2021;-0,0021610511;-4.140,59;1,2067603515;1.113.626,32;-0,001921434;EUR
Muster Defensiv Plus cVV;01.09.2021;-0,0003626195;-693,28;1,2060583423;1.112.933,04;-0,000418358;EUR
Muster Defensiv Plus cVV;02.09.2021;0,0005820178;1.112,34;1,2073130276;1.114.045,37;0,000897946;EUR
Muster Defensiv Plus cVV;03.09.2021;0,0012049365;2.304,18;1,2098594642;1.116.349,56;-0,001171814;EUR
Muster Defensiv Plus cVV;04.09.2021;0,0000103972;19,91;1,2098810380;1.116.369,46;0;EUR
Muster Defensiv Plus cVV;05.09.2021;0,0000103971;19,91;1,2099026118;1.116.389,37;0;EUR
Muster Defensiv Plus cVV;06.09.2021;0,0022318773;4.273,22;1,2145832835;1.120.662,58;0,002282163;EUR
Muster Defensiv Plus cVV;07.09.2021;-0,0018281385;-3.508,02;1,2108305990;1.117.154,57;-0,002449178;EUR
Muster Defensiv Plus cVV;08.09.2021;-0,0023931230;-4.583,77;1,2059115725;1.112.570,79;-0,002779377;EUR
Muster Defensiv Plus cVV;09.09.2021;-0,0013881558;-2.652,50;1,2030854985;1.109.918,29;0,000214650;EUR
Muster Defensiv Plus cVV;10.09.2021;0,0005405676;1.031,49;1,2042525531;1.110.949,78;-0,001588851;EUR
Muster Defensiv Plus cVV;11.09.2021;0,0000104470;19,95;1,2042741735;1.110.969,73;0;EUR
Muster Defensiv Plus cVV;12.09.2021;0,0000104469;19,95;1,2042957938;1.110.989,67;0;EUR
Muster Defensiv Plus cVV;13.09.2021;-0,0018635852;-3.558,01;1,2004877676;1.107.431,66;0,001571254;EUR
Muster Defensiv Plus cVV;14.09.2021;0,0018286761;3.484,85;1,2043143802;1.110.916,51;-0,000355908;EUR
Muster Defensiv Plus cVV;15.09.2021;-0,0001075093;-205,25;1,2041407681;1.110.711,26;-0,000810172;EUR
Muster Defensiv Plus cVV;16.09.2021;-0,0009396359;-1.793,72;1,2022449596;1.108.917,55;0,000724307;EUR
Muster Defensiv Plus cVV;17.09.2021;-0,0023582930;-4.497,63;1,1974173696;1.104.419,91;-0,003360574;EUR
Muster Defensiv Plus cVV;18.09.2021;0,0000105096;20,00;1,1974390496;1.104.439,91;0;EUR
Muster Defensiv Plus cVV;19.09.2021;0,0000105095;20,00;1,1974607296;1.104.459,90;0;EUR
Muster Defensiv Plus cVV;20.09.2021;-0,0067143940;-12.775,47;1,1836574873;1.091.684,43;-0,006027668;EUR
Muster Defensiv Plus cVV;21.09.2021;0,0038061062;7.193,25;1,1915050327;1.098.877,68;0,002887473;EUR
Muster Defensiv Plus cVV;22.09.2021;0,0042615165;8.084,59;1,2003197024;1.106.962,28;0,002915173;EUR
Muster Defensiv Plus cVV;23.09.2021;-0,0001554366;-296,14;1,2000471546;1.106.666,14;0,001621646;EUR
Muster Defensiv Plus cVV;24.09.2021;-0,0004836733;-921,35;1,1990965587;1.105.744,79;-0,001346497;EUR
Muster Defensiv Plus cVV;25.09.2021;0,0000105057;20,00;1,1991182501;1.105.764,79;0;EUR
Muster Defensiv Plus cVV;26.09.2021;0,0000105056;20,00;1,1991399415;1.105.784,79;0;EUR
Muster Defensiv Plus cVV;27.09.2021;-0,0037257170;-7.093,85;1,1914953595;1.098.690,94;-0,000071412;EUR
Muster Defensiv Plus cVV;28.09.2021;-0,0122632082;-23.262,45;1,1663150984;1.075.428,49;-0,007327009;EUR
Muster Defensiv Plus cVV;29.09.2021;0,0018778940;3.518,55;1,1701782572;1.078.947,04;0,002614747;EUR
Muster Defensiv Plus cVV;30.09.2021;0,0011465400;2.152,27;1,1725598329;1.081.099,31;-0,002476789;EUR
Muster Defensiv Plus cVV;01.10.2021;-0,0008151608;-1.531,96;1,1709454952;1.079.567,35;0,000294943;EUR
Muster Defensiv Plus cVV;02.10.2021;0,0000106899;20,07;1,1709672679;1.079.587,42;0;EUR
Muster Defensiv Plus cVV;03.10.2021;0,0000106898;20,07;1,1709890405;1.079.607,50;0;EUR
Muster Defensiv Plus cVV;04.10.2021;-0,0063559608;-11.935,52;1,1580899446;1.067.671,98;-0,003561087;EUR
Muster Defensiv Plus cVV;05.10.2021;0,0043235705;8.067,40;1,1668875579;1.075.739,37;0,003139976;EUR
Muster Defensiv Plus cVV;06.10.2021;-0,0006531201;-1.223,93;1,1656068545;1.074.515,44;-0,002098212;EUR
Muster Defensiv Plus cVV;07.10.2021;0,0052960335;9.918,17;1,1764131741;1.084.433,61;0,005038531;EUR
Muster Defensiv Plus cVV;08.10.2021;-0,0032416325;-6.102,93;1,1698396545;1.078.330,68;-0,001677414;EUR
Muster Defensiv Plus cVV;09.10.2021;0,0000107056;20,09;1,1698614491;1.078.350,77;0;EUR
Muster Defensiv Plus cVV;10.10.2021;0,0000107054;20,09;1,1698832437;1.078.370,86;0;EUR
Muster Defensiv Plus cVV;11.10.2021;-0,0011582996;-2.173,68;1,1675720398;1.076.197,18;-0,001612214;EUR
Muster Defensiv Plus cVV;12.10.2021;-0,0018392678;-3.447,59;1,1638784910;1.072.749,59;-0,001587713;EUR
Muster Defensiv Plus cVV;13.10.2021;0,0030735747;5.750,62;1,1701646091;1.078.500,22;0,001957037;EUR
Muster Defensiv Plus cVV;14.10.2021;0,0088540836;16.616,81;1,1882414027;1.095.117,02;0,006013244;EUR
Muster Defensiv Plus cVV;15.10.2021;0,0004583863;867,89;1,1892307912;1.095.984,91;0,002547858;EUR
Muster Defensiv Plus cVV;16.10.2021;0,0000105956;20,07;1,1892525693;1.096.004,98;0;EUR
Muster Defensiv Plus cVV;17.10.2021;0,0000105955;20,07;1,1892743473;1.096.025,05;0;EUR
Muster Defensiv Plus cVV;18.10.2021;-0,0003655109;-692,37;1,1885707114;1.095.332,68;-0,002357960;EUR
Muster Defensiv Plus cVV;19.10.2021;0,0003143242;595,20;1,1892642179;1.095.927,87;0,000283247;EUR
Muster Defensiv Plus cVV;20.10.2021;-0,0017218922;-3.261,55;1,1857723718;1.092.666,32;0,001299220;EUR
Muster Defensiv Plus cVV;21.10.2021;-0,0017555124;-3.319,51;1,1822173201;1.089.346,81;-0,001306993;EUR
Muster Defensiv Plus cVV;22.10.2021;0,0004169847;787,09;1,1831188377;1.090.133,91;0,000390545;EUR
Muster Defensiv Plus cVV;23.10.2021;0,0000107113;20,23;1,1831407900;1.090.154,13;0;EUR
Muster Defensiv Plus cVV;24.10.2021;0,0000107112;20,23;1,1831627423;1.090.174,36;0;EUR
Muster Defensiv Plus cVV;25.10.2021;0,0019965834;3.770,37;1,1873021793;1.093.944,74;0,002563931;EUR
Muster Defensiv Plus cVV;26.10.2021;0,0038032206;7.196,39;1,1951604614;1.101.141,13;0,002543938;EUR
Muster Defensiv Plus cVV;27.10.2021;0,0031035135;5.894,75;1,2016065075;1.107.035,88;-0,000745955;EUR
Muster Defensiv Plus cVV;28.10.2021;-0,0022314889;-4.251,60;1,1970394779;1.102.784,28;-0,000662597;EUR
Muster Defensiv Plus cVV;29.10.2021;0,0038715751;7.359,95;1,2050765535;1.110.144,23;-0,000771469;EUR
Muster Defensiv Plus cVV;30.10.2021;0,0000106259;20,28;1,2050985658;1.110.164,51;0;EUR
Muster Defensiv Plus cVV;31.10.2021;0,0000069878;13,34;1,2051130418;1.110.177,85;0;EUR
Muster Defensiv Plus cVV;01.11.2021;-0,0002091175;-399,08;1,2047278554;1.109.778,76;0,002412717;EUR
Muster Defensiv Plus cVV;02.11.2021;0,0041434353;7.905,75;1,2133583345;1.117.684,51;0,004766254;EUR
Muster Defensiv Plus cVV;03.11.2021;-0,0006935638;-1.328,82;1,2119640314;1.116.355,70;0,000798527;EUR
Muster Defensiv Plus cVV;04.11.2021;0,0092222910;17.656,95;1,2311821752;1.134.012,65;0,004285471;EUR
Muster Defensiv Plus cVV;05.11.2021;-0,0020032958;-3.870,87;1,2270284265;1.130.141,77;0,001662671;EUR
Muster Defensiv Plus cVV;06.11.2021;0,0000105147;20,28;1,2270504410;1.130.162,05;0;EUR
Muster Defensiv Plus cVV;07.11.2021;0,0000105146;20,28;1,2270724556;1.130.182,33;0;EUR
Muster Defensiv Plus cVV;08.11.2021;0,0034396164;6.633,03;1,2343231990;1.136.815,36;-0,000621010;EUR
Muster Defensiv Plus cVV;09.11.2021;-0,0023159839;-4.481,55;1,2295060971;1.132.333,80;0,000020541;EUR
Muster Defensiv Plus cVV;10.11.2021;0,0004303594;830,84;1,2304570952;1.133.164,64;-0,001232332;EUR
Muster Defensiv Plus cVV;11.11.2021;0,0046492045;8.979,49;1,2402567765;1.142.144,13;0,000250229;EUR
Muster Defensiv Plus cVV;12.11.2021;0,0035453397;6.879,32;1,2477765332;1.149.023,45;0,002501941;EUR
Muster Defensiv Plus cVV;13.11.2021;0,0000104483;20,35;1,2477986274;1.149.043,79;0;EUR
Muster Defensiv Plus cVV;14.11.2021;0,0000104482;20,35;1,2478207215;1.149.064,14;0;EUR
Muster Defensiv Plus cVV;15.11.2021;0,0025569874;4.979,23;1,2532775739;1.154.043,37;0,000644990;EUR
Muster Defensiv Plus cVV;16.11.2021;0,0044577378;8.702,76;1,2627787029;1.162.746,13;0,002403455;EUR
Muster Defensiv Plus cVV;17.11.2021;0,0002304618;451,93;1,2633195397;1.163.198,06;-0,000369269;EUR
Muster Defensiv Plus cVV;18.11.2021;0,0012892046;2.528,69;1,2661159961;1.165.726,76;-0,000068706;EUR
Muster Defensiv Plus cVV;19.11.2021;0,0041328783;8.116,83;1,2749822571;1.173.843,59;0,001122638;EUR
Muster Defensiv Plus cVV;20.11.2021;0,0000103681;20,45;1,2750044656;1.173.864,04;0;EUR
Muster Defensiv Plus cVV;21.11.2021;0,0000103680;20,45;1,2750266740;1.173.884,48;0;EUR
Muster Defensiv Plus cVV;22.11.2021;-0,0044981797;-8.870,97;1,2654414090;1.165.013,52;-0,001078769;EUR
Muster Defensiv Plus cVV;23.11.2021;-0,0068853172;-13.517,62;1,2508079507;1.151.495,90;-0,004003369;EUR
Muster Defensiv Plus cVV;24.11.2021;0,0024945064;4.863,63;1,2561406477;1.156.359,53;0,000109047;EUR
Muster Defensiv Plus cVV;25.11.2021;0,0001916350;374,57;1,2565971313;1.156.734,10;0,000596123;EUR
Muster Defensiv Plus cVV;26.11.2021;-0,0105987156;-20.720,20;1,2341367935;1.136.013,89;-0,011594302;EUR
Muster Defensiv Plus cVV;27.11.2021;0,0000105611;20,43;1,2341589859;1.136.034,32;0;EUR
Muster Defensiv Plus cVV;28.11.2021;0,0000105610;20,43;1,2341811783;1.136.054,75;0;EUR
Muster Defensiv Plus cVV;29.11.2021;0,0048358468;9.353,95;1,2443921277;1.145.408,70;0,001938492;EUR
Muster Defensiv Plus cVV;30.11.2021;-0,0070920248;-13.784,40;1,2294649579;1.131.624,30;-0,004582406;EUR
Muster Defensiv Plus cVV;01.12.2021;0,0011980327;2.312,04;1,2320254123;1.133.936,34;0,001726350;EUR
Muster Defensiv Plus cVV;02.12.2021;-0,0021253679;-4.106,58;1,2276119114;1.129.829,76;0,000596353;EUR
Muster Defensiv Plus cVV;03.12.2021;-0,0035776552;-6.897,96;1,2201649508;1.122.931,79;-0,001911576;EUR
Muster Defensiv Plus cVV;04.12.2021;0,0000106344;20,43;1,2201871503;1.122.952,22;0;EUR
Muster Defensiv Plus cVV;05.12.2021;0,0000106342;20,43;1,2202093498;1.122.972,65;0;EUR
Muster Defensiv Plus cVV;06.12.2021;-0,0018773801;-3.606,84;1,2163380116;1.119.365,81;0,004741650;EUR
Muster Defensiv Plus cVV;07.12.2021;0,0117223058;22.478,75;1,2408128790;1.141.844,56;0,008764224;EUR
Muster Defensiv Plus cVV;08.12.2021;-0,0018392287;-3.568,26;1,2369839224;1.138.276,30;-0,003418533;EUR
Muster Defensiv Plus cVV;09.12.2021;0,0007536637;1.459,48;1,2386185783;1.139.735,78;-0,000020608;EUR
Muster Defensiv Plus cVV;10.12.2021;0,0000050605;9,81;1,2386778250;1.139.745,59;0,000336977;EUR
Muster Defensiv Plus cVV;11.12.2021;0,0000105416;20,43;1,2387000277;1.139.766,02;0;EUR
Muster Defensiv Plus cVV;12.12.2021;0,0000105415;20,43;1,2387222305;1.139.786,45;0;EUR
Muster Defensiv Plus cVV;13.12.2021;-0,0006600425;-1.279,18;1,2373805271;1.138.507,27;-0,000398758;EUR
Muster Defensiv Plus cVV;14.12.2021;-0,0075756374;-14.672,09;1,2214821094;1.123.835,18;-0,003618152;EUR
Muster Defensiv Plus cVV;15.12.2021;0,0042957918;8.256,83;1,2305045407;1.132.092,01;0,002521778;EUR
Muster Defensiv Plus cVV;16.12.2021;-0,0022892608;-4.419,03;1,2257493398;1.127.672,98;0,000399172;EUR
Muster Defensiv Plus cVV;17.12.2021;-0,0007202380;-1.387,11;1,2242894762;1.126.285,86;-0,001385649;EUR
Muster Defensiv Plus cVV;18.12.2021;0,0000106401;20,48;1,2243117351;1.126.306,34;0;EUR
Muster Defensiv Plus cVV;19.12.2021;0,0000106400;20,48;1,2243339940;1.126.326,82;0;EUR
Muster Defensiv Plus cVV;20.12.2021;-0,0037131944;-7.146,29;1,2166134395;1.119.180,53;-0,005381661;EUR
Muster Defensiv Plus cVV;21.12.2021;0,0041307274;7.920,34;1,2252711775;1.127.100,87;0,004338701;EUR
Muster Defensiv Plus cVV;22.12.2021;0,0041398868;7.970,69;1,2339843031;1.135.071,56;0,001865085;EUR
Muster Defensiv Plus cVV;23.12.2021;0,0021634558;4.182,63;1,2385797630;1.139.254,19;0,002259699;EUR
Muster Defensiv Plus cVV;24.12.2021;0,0001433412;277,72;1,2389300297;1.139.531,91;-0,000273064;EUR
Muster Defensiv Plus cVV;25.12.2021;0,0000105423;20,43;1,2389522403;1.139.552,34;0;EUR
Muster Defensiv Plus cVV;26.12.2021;0,0000105422;20,43;1,2389744508;1.139.572,77;0;EUR
Muster Defensiv Plus cVV;27.12.2021;0,0035324604;6.845,24;1,2464653830;1.146.418,01;0,002749670;EUR
Muster Defensiv Plus cVV;28.12.2021;-0,0005195178;-1.010,28;1,2454154626;1.145.407,73;0,001152920;EUR
Muster Defensiv Plus cVV;29.12.2021;-0,0017347374;-3.371,72;1,2417977179;1.142.036,01;-0,002430482;EUR
Muster Defensiv Plus cVV;30.12.2021;0,0019506096;3.784,72;1,2459615463;1.145.820,73;-0,000170863;EUR
Muster Defensiv Plus cVV;31.12.2021;-0,0013616550;-2.647,14;1,2431314183;1.143.173,59;-0,000910944;EUR
Muster Defensiv Plus cVV;01.01.2022;0,0000105058;20,40;1,2431535978;1.143.193,99;0;EUR
Muster Defensiv Plus cVV;02.01.2022;0,0000105057;20,40;1,2431757773;1.143.214,38;0;EUR
Muster Defensiv Plus cVV;03.01.2022;-0,0013756947;-2.670,85;1,2403196200;1.140.543,54;0,002203740;EUR
Muster Defensiv Plus cVV;04.01.2022;-0,0049854448;-9.665,69;1,2298561534;1.130.877,84;0,001648115;EUR
Muster Defensiv Plus cVV;05.01.2022;-0,0076214438;-14.702,65;1,2139138185;1.116.175,19;-0,001434937;EUR
Muster Defensiv Plus cVV;06.01.2022;-0,0055996116;-10.719,98;1,2023018115;1.105.455,21;-0,003705628;EUR
Muster Defensiv Plus cVV;07.01.2022;-0,0051684624;-9.839,17;1,1916468821;1.095.616,04;-0,002927084;EUR
Muster Defensiv Plus cVV;08.01.2022;0,0000107719;20,40;1,1916690707;1.095.636,44;0;EUR
Muster Defensiv Plus cVV;09.01.2022;0,0000107718;20,40;1,1916912592;1.095.656,84;0;EUR
Muster Defensiv Plus cVV;10.01.2022;-0,0032772620;-6.206,79;1,1849863882;1.089.450,05;-0,002354933;EUR
Muster Defensiv Plus cVV;11.01.2022;0,0033570226;6.337,01;1,1919253011;1.095.787,07;0,002595573;EUR
Muster Defensiv Plus cVV;12.01.2022;0,0008188322;1.550,89;1,1936584900;1.097.337,96;0,001362273;EUR
Muster Defensiv Plus cVV;13.01.2022;-0,0108106474;-20.492,41;1,1714126700;1.076.845,54;-0,001621049;EUR
Muster Defensiv Plus cVV;14.01.2022;-0,0010650081;-1.996,98;1,1692855569;1.074.848,56;-0,002759742;EUR
Muster Defensiv Plus cVV;15.01.2022;0,0000108749;20,37;1,1693077162;1.074.868,93;0;EUR
Muster Defensiv Plus cVV;16.01.2022;0,0000108748;20,37;1,1693298755;1.074.889,30;0;EUR
Muster Defensiv Plus cVV;17.01.2022;0,0023912744;4.479,16;1,1742479879;1.079.368,46;0,000319921;EUR
Muster Defensiv Plus cVV;18.01.2022;-0,0065337780;-12.267,87;1,1609466053;1.067.100,59;-0,003852317;EUR
Muster Defensiv Plus cVV;19.01.2022;-0,0006144030;-1.146,07;1,1597445404;1.065.954,52;-0,001291740;EUR
Muster Defensiv Plus cVV;20.01.2022;0,0021659905;4.037,83;1,1641825844;1.069.992,35;0,000699264;EUR
Muster Defensiv Plus cVV;21.01.2022;-0,0078006345;-14.573,39;1,1483706241;1.055.418,96;-0,005717131;EUR
Muster Defensiv Plus cVV;22.01.2022;0,0000110126;20,41;1,1483928354;1.055.439,37;0;EUR
Muster Defensiv Plus cVV;23.01.2022;0,0000110124;20,41;1,1484150468;1.055.459,79;0;EUR
Muster Defensiv Plus cVV;24.01.2022;-0,0068753059;-12.744,75;1,1345916131;1.042.715,04;-0,006344929;EUR
Muster Defensiv Plus cVV;25.01.2022;-0,0038172631;-7.027,41;1,1269884385;1.035.687,64;-0,000206982;EUR
Muster Defensiv Plus cVV;26.01.2022;0,0040465519;7.421,08;1,1351074455;1.043.108,72;0,003842432;EUR
Muster Defensiv Plus cVV;27.01.2022;-0,0006316149;-1.163,02;1,1338855017;1.041.945,69;0,000260524;EUR
Muster Defensiv Plus cVV;28.01.2022;0,0046693050;8.592,38;1,1432800559;1.050.538,08;-0,000375686;EUR
Muster Defensiv Plus cVV;29.01.2022;0,0000111079;20,54;1,1433024049;1.050.558,61;0;EUR
Muster Defensiv Plus cVV;30.01.2022;0,0000111078;20,54;1,1433247539;1.050.579,15;0;EUR
Muster Defensiv Plus cVV;31.01.2022;0,0056900917;10.519,94;1,1548178144;1.061.099,09;0,002061581;EUR
Muster Defensiv Plus cVV;01.02.2022;0,0018494687;3.438,79;1,1586048557;1.064.537,88;0,001924574;EUR
Muster Defensiv Plus cVV;02.02.2022;0,0036204359;6.744,06;1,1659896444;1.071.281,94;0,000308045;EUR
Muster Defensiv Plus cVV;03.02.2022;-0,0144777729;-27.066,50;1,1365739439;1.044.215,45;-0,012405837;EUR
Muster Defensiv Plus cVV;04.02.2022;-0,0026914333;-4.958,84;1,1312199107;1.039.256,60;-0,006619671;EUR
Muster Defensiv Plus cVV;05.02.2022;0,0000110738;20,35;1,1312420593;1.039.276,95;0;EUR
Muster Defensiv Plus cVV;06.02.2022;0,0000110736;20,35;1,1312642078;1.039.297,30;0;EUR
Muster Defensiv Plus cVV;07.02.2022;-0,0026094906;-4.795,03;1,1260880519;1.034.502,26;-0,000381884;EUR
Muster Defensiv Plus cVV;08.02.2022;-0,0016318131;-2.990,69;1,1228756321;1.031.511,57;0,001737694;EUR
Muster Defensiv Plus cVV;09.02.2022;0,0085279583;15.604,04;1,1399054339;1.047.115,61;0,007067923;EUR
Muster Defensiv Plus cVV;10.02.2022;-0,0074447817;-13.738,26;1,1249928355;1.033.377,35;-0,004290610;EUR
Muster Defensiv Plus cVV;11.02.2022;-0,0077280549;-14.154,83;1,1096255519;1.019.222,52;-0,002674146;EUR
Muster Defensiv Plus cVV;12.02.2022;0,0000112288;20,41;1,1096477700;1.019.242,93;0;EUR
Muster Defensiv Plus cVV;13.02.2022;0,0000112287;20,41;1,1096699881;1.019.263,33;0;EUR
Muster Defensiv Plus cVV;14.02.2022;-0,0010061660;-1.828,71;1,1077214435;1.017.434,62;-0,003217694;EUR
Muster Defensiv Plus cVV;15.02.2022;0,0057366260;10.415,84;1,1191043613;1.027.850,46;0,004240877;EUR
Muster Defensiv Plus cVV;16.02.2022;0,0012694289;2.318,09;1,1216711092;1.030.168,55;0,000973038;EUR
Muster Defensiv Plus cVV;17.02.2022;-0,0012142380;-2.220,12;1,1192965298;1.027.948,43;-0,002998279;EUR
Muster Defensiv Plus cVV;18.02.2022;-0,0028495417;-5.203,80;1,1136728023;1.022.744,64;-0,002423151;EUR
Muster Defensiv Plus cVV;19.02.2022;0,0000112170;20,43;1,1136950444;1.022.765,06;0;EUR
Muster Defensiv Plus cVV;20.02.2022;0,0000112169;20,43;1,1137172864;1.022.785,49;0;EUR
Muster Defensiv Plus cVV;21.02.2022;-0,0047845943;-8.712,86;1,1042719177;1.014.072,62;-0,004562327;EUR
Muster Defensiv Plus cVV;22.02.2022;-0,0002143743;-388,51;1,1038909302;1.013.684,11;-0,004141398;EUR
Muster Defensiv Plus cVV;23.02.2022;-0,0025663444;-4.650,02;1,0988689794;1.009.034,09;-0,003146009;EUR
Muster Defensiv Plus cVV;24.02.2022;0,0074419284;13.449,60;1,1135584063;1.022.483,69;-0,003327496;EUR
Muster Defensiv Plus cVV;25.02.2022;0,0032754464;5.963,68;1,1200959136;1.028.447,37;0,007788641;EUR
Muster Defensiv Plus cVV;26.02.2022;0,0000112003;20,46;1,1201181962;1.028.467,83;0;EUR
Muster Defensiv Plus cVV;27.02.2022;0,0000112001;20,46;1,1201404788;1.028.488,29;0;EUR
Muster Defensiv Plus cVV;28.02.2022;0,0031863143;5.820,53;1,1265225456;1.034.308,81;0,000952315;EUR
Muster Defensiv Plus cVV;01.03.2022;0,0050593952;9.271,58;1,1366639505;1.043.580,40;-0,000741414;EUR
Muster Defensiv Plus cVV;02.03.2022;0,0008530926;1.571,24;1,1384185996;1.045.151,64;0,001450841;EUR
Muster Defensiv Plus cVV;03.03.2022;-0,0025248777;-4.654,34;1,1333919648;1.040.497,30;-0,005527570;EUR
Muster Defensiv Plus cVV;04.03.2022;-0,0001950818;-358,70;1,1330442427;1.040.138,60;-0,004608149;EUR
Muster Defensiv Plus cVV;05.03.2022;0,0000112503;20,68;1,1330667724;1.040.159,28;0;EUR
Muster Defensiv Plus cVV;06.03.2022;0,0000112502;20,68;1,1330893021;1.040.179,97;0;EUR
Muster Defensiv Plus cVV;07.03.2022;-0,0080842566;-14.862,25;1,1169419218;1.025.317,72;-0,011148571;EUR
Muster Defensiv Plus cVV;08.03.2022;-0,0026904704;-4.906,23;1,1116394159;1.020.411,49;-0,004842179;EUR
Muster Defensiv Plus cVV;09.03.2022;0,0005128623;932,72;1,1126976864;1.021.344,21;0,014319683;EUR
Muster Defensiv Plus cVV;10.03.2022;-0,0005142761;-935,77;1,1117203246;1.020.408,44;-0,008285544;EUR
Muster Defensiv Plus cVV;11.03.2022;0,0016895379;3.072,67;1,1151101693;1.023.481,11;0,000456417;EUR
Muster Defensiv Plus cVV;12.03.2022;0,0000113591;20,69;1,1151327150;1.023.501,81;0;EUR
Muster Defensiv Plus cVV;13.03.2022;0,0000113590;20,69;1,1151552607;1.023.522,50;0;EUR
Muster Defensiv Plus cVV;14.03.2022;-0,0044526337;-8.111,64;1,1063592720;1.015.410,86;0,000694853;EUR
Muster Defensiv Plus cVV;15.03.2022;-0,0007954191;-1.432,65;1,1048444546;1.013.978,21;0,004986855;EUR
Muster Defensiv Plus cVV;16.03.2022;0,0083617591;15.048,61;1,1212884382;1.029.026,82;0,008312488;EUR
Muster Defensiv Plus cVV;17.03.2022;0,0035258956;6.398,59;1,1283078062;1.035.425,41;-0,000176982;EUR
Muster Defensiv Plus cVV;18.03.2022;0,0081556725;14.852,63;1,1445405214;1.050.278,05;0,004168739;EUR
Muster Defensiv Plus cVV;19.03.2022;0,0000112179;20,60;1,1445629659;1.050.298,64;0;EUR
Muster Defensiv Plus cVV;20.03.2022;0,0000112178;20,60;1,1445854103;1.050.319,24;0;EUR
Muster Defensiv Plus cVV;21.03.2022;0,0002508478;460,57;1,1451350445;1.050.779,80;-0,002681012;EUR
Muster Defensiv Plus cVV;22.03.2022;0,0012492085;2.294,17;1,1476830299;1.053.073,97;0,001725716;EUR
Muster Defensiv Plus cVV;23.03.2022;-0,0025462594;-4.682,04;1,1426279330;1.048.391,93;-0,002849462;EUR
Muster Defensiv Plus cVV;24.03.2022;0,0058061889;10.649,18;1,1542823608;1.059.041,11;0,000042574;EUR
Muster Defensiv Plus cVV;25.03.2022;-0,0023333260;-4.304,42;1,1496386557;1.054.736,69;-0,000186562;EUR
Muster Defensiv Plus cVV;26.03.2022;0,0000112173;20,64;1,1496611582;1.054.757,34;0;EUR
Muster Defensiv Plus cVV;27.03.2022;0,0000112172;20,64;1,1496836606;1.054.777,98;0;EUR
Muster Defensiv Plus cVV;28.03.2022;0,0014896952;2.741,77;1,1527200523;1.057.519,76;0,001182314;EUR
Muster Defensiv Plus cVV;29.03.2022;-0,0006067848;-1.118,45;1,1515487655;1.056.401,31;0,003898500;EUR
Muster Defensiv Plus cVV;30.03.2022;-0,0006135165;-1.130,17;1,1503645757;1.055.271,14;-0,005429224;EUR
Muster Defensiv Plus cVV;31.03.2022;-0,0002875661;-529,41;1,1498351874;1.054.741,73;-0,000719225;EUR
Muster Defensiv Plus cVV;01.04.2022;0,0000803852;147,95;1,1500441778;1.054.889,68;0,001269443;EUR
Muster Defensiv Plus cVV;02.04.2022;0,0000111905;20,60;1,1500666330;1.054.910,28;0;EUR
Muster Defensiv Plus cVV;03.04.2022;0,0000111904;20,60;1,1500890882;1.054.930,87;0;EUR
Muster Defensiv Plus cVV;04.04.2022;0,0079962067;14.718,19;1,1661832594;1.069.649,07;0,004512719;EUR
Muster Defensiv Plus cVV;05.04.2022;-0,0022316171;-4.140,46;1,1617172635;1.065.508,60;-0,004641526;EUR
Muster Defensiv Plus cVV;06.04.2022;-0,0075047643;-13.893,00;1,1466172975;1.051.615,60;-0,005801055;EUR
Muster Defensiv Plus cVV;07.04.2022;0,0013255950;2.435,56;1,1493204544;1.054.051,16;-0,001863536;EUR
Muster Defensiv Plus cVV;08.04.2022;-0,0006740648;-1.240,12;1,1480157396;1.052.811,03;0,002249190;EUR
Muster Defensiv Plus cVV;09.04.2022;0,0000112681;20,72;1,1480383297;1.052.831,75;0;EUR
Muster Defensiv Plus cVV;10.04.2022;0,0000112680;20,72;1,1480609198;1.052.852,47;0;EUR
Muster Defensiv Plus cVV;11.04.2022;-0,0090909320;-16.714,30;1,1298818806;1.036.138,17;-0,006827412;EUR
Muster Defensiv Plus cVV;12.04.2022;-0,0002890657;-526,64;1,1293542706;1.035.611,53;-0,000051572;EUR
Muster Defensiv Plus cVV;13.04.2022;0,0033106693;6.029,81;1,1359768184;1.041.641,34;0,001868925;EUR
Muster Defensiv Plus cVV;14.04.2022;-0,0038956870;-7.118,81;1,1282598739;1.034.522,53;0,000061748;EUR
Muster Defensiv Plus cVV;15.04.2022;0,0006159060;1.121,10;1,1295291562;1.035.643,63;-0,000057267;EUR
Muster Defensiv Plus cVV;16.04.2022;0,0000140383;25,57;1,1295570429;1.035.669,20;0;EUR
Muster Defensiv Plus cVV;17.04.2022;0,0000140381;25,57;1,1295849295;1.035.694,76;0;EUR
Muster Defensiv Plus cVV;18.04.2022;0,0011171788;2.034,84;1,1318509135;1.037.729,61;-0,000601426;EUR
Muster Defensiv Plus cVV;19.04.2022;-0,0041842491;-7.629,75;1,1235754602;1.030.099,86;0,000086512;EUR
Muster Defensiv Plus cVV;20.04.2022;-0,0006843952;-1.242,74;1,1222661843;1.028.857,12;0,002826561;EUR
Muster Defensiv Plus cVV;21.04.2022;-0,0047585029;-8.634,65;1,1128934209;1.020.222,47;-0,002663666;EUR
Muster Defensiv Plus cVV;22.04.2022;-0,0082080442;-14.823,22;1,0967688774;1.005.399,25;-0,009820175;EUR
Muster Defensiv Plus cVV;23.04.2022;0,0000154154;27,61;1,0967989975;1.005.426,86;0;EUR
Muster Defensiv Plus cVV;24.04.2022;0,0000154152;27,61;1,0968291175;1.005.454,47;0;EUR
Muster Defensiv Plus cVV;25.04.2022;-0,0001169206;-209,42;1,0966457634;1.005.245,04;0,001232074;EUR
Muster Defensiv Plus cVV;26.04.2022;-0,0043947683;-7.870,86;1,0881039842;997.374,19;-0,004201517;EUR
Muster Defensiv Plus cVV;27.04.2022;0,0036427442;6.495,34;1,0952351947;1.003.869,53;0,002505918;EUR
Muster Defensiv Plus cVV;28.04.2022;0,0086618447;15.501,11;1,1121927852;1.019.370,64;0,003059400;EUR
Muster Defensiv Plus cVV;29.04.2022;-0,0066926760;-12.080,86;1,0990569689;1.007.289,78;-0,004643192;EUR
Muster Defensiv Plus cVV;30.04.2022;0,0000155631;27,90;1,0990874158;1.007.317,68;0;EUR
Muster Defensiv Plus cVV;01.05.2022;0,0000155628;27,90;1,0991178627;1.007.345,59;0;EUR
Muster Defensiv Plus cVV;02.05.2022;-0,0011180807;-2.004,79;1,0969754292;1.005.340,80;-0,001018849;EUR
Muster Defensiv Plus cVV;03.05.2022;0,0001488498;266,60;1,0973113133;1.005.607,40;0,001478028;EUR
Muster Defensiv Plus cVV;04.05.2022;-0,0002283487;-409,05;1,0969099105;1.005.198,35;0,000806526;EUR
Muster Defensiv Plus cVV;05.05.2022;-0,0050139747;-8.979,60;1,0871555596;996.218,75;-0,005883791;EUR
Muster Defensiv Plus cVV;06.05.2022;-0,0078563020;-13.999,42;1,0719221232;982.219,34;-0,009354201;EUR
Muster Defensiv Plus cVV;07.05.2022;0,0000157764;27,89;1,0719525621;982.247,23;0;EUR
Muster Defensiv Plus cVV;08.05.2022;0,0000157761;27,89;1,0719830010;982.275,12;0;EUR
Muster Defensiv Plus cVV;09.05.2022;-0,0114821947;-20.300,42;1,0498715641;961.974,70;-0,007173280;EUR
Muster Defensiv Plus cVV;10.05.2022;0,0021267157;3.716,84;1,0539711118;965.691,54;0,004664402;EUR
Muster Defensiv Plus cVV;11.05.2022;0,0005721532;1.002,07;1,0551079080;966.693,62;0,002476734;EUR
Muster Defensiv Plus cVV;12.05.2022;0,0091576363;16.047,93;1,0726674007;982.741,55;0,004262495;EUR
Muster Defensiv Plus cVV;13.05.2022;0,0052682684;9.316,71;1,0828808409;992.058,26;0,006636128;EUR
Muster Defensiv Plus cVV;14.05.2022;0,0000166978;29,68;1,0829132434;992.087,94;0;EUR
Muster Defensiv Plus cVV;15.05.2022;0,0000166975;29,68;1,0829456459;992.117,62;0;EUR
Muster Defensiv Plus cVV;16.05.2022;-0,0023135694;-4.113,14;1,0784999511;988.004,48;-0,001173296;EUR
Muster Defensiv Plus cVV;17.05.2022;-0,0000332933;-59,05;1,0784794680;987.945,43;0,000963751;EUR
Muster Defensiv Plus cVV;18.05.2022;-0,0080497675;-14.277,56;1,0629368513;973.667,87;-0,007077661;EUR
Muster Defensiv Plus cVV;19.05.2022;-0,0040599912;-7.143,08;1,0551818509;966.524,79;-0,002737545;EUR
Muster Defensiv Plus cVV;20.05.2022;0,0022979565;4.026,57;1,0596209129;970.551,36;0,002513951;EUR
Muster Defensiv Plus cVV;21.05.2022;0,0000168150;29,53;1,0596531548;970.580,89;0;EUR
Muster Defensiv Plus cVV;22.05.2022;0,0000168148;29,53;1,0596853966;970.610,42;0;EUR
Muster Defensiv Plus cVV;23.05.2022;-0,0006438351;-1.130,78;1,0584939096;969.479,64;0,002063395;EUR
Muster Defensiv Plus cVV;24.05.2022;-0,0056046397;-9.837,24;1,0477960637;959.642,40;-0,004040877;EUR
Muster Defensiv Plus cVV;25.05.2022;0,0035904699;6.266,66;1,0546812525;965.909,06;0,003467656;EUR
Muster Defensiv Plus cVV;26.05.2022;0,0025603053;4.484,69;1,0596211639;970.393,75;0,004655723;EUR
Muster Defensiv Plus cVV;27.05.2022;0,0114039691;20.026,62;1,0815331420;990.420,37;0,007336524;EUR
Muster Defensiv Plus cVV;28.05.2022;0,0000165325;29,36;1,0815652073;990.449,73;0;EUR
Muster Defensiv Plus cVV;29.05.2022;0,0000165322;29,36;1,0815972726;990.479,10;0;EUR
Muster Defensiv Plus cVV;30.05.2022;0,0006712763;1.192,32;1,0829432264;991.671,42;-0,001199882;EUR
Muster Defensiv Plus cVV;31.05.2022;-0,0015331997;-2.725,09;1,0800111317;988.946,33;-0,004778926;EUR
Muster Defensiv Plus cVV;01.06.2022;0,0002946588;522,92;1,0806260127;989.469,25;-0,002303772;EUR
Muster Defensiv Plus cVV;02.06.2022;0,0022662635;4.023,04;1,0850636462;993.492,28;0,001714194;EUR
Muster Defensiv Plus cVV;03.06.2022;-0,0053666172;-9.548,33;1,0746787580;983.943,95;-0,003934603;EUR
Muster Defensiv Plus cVV;04.06.2022;0,0000165982;29,37;1,0747108399;983.973,33;0;EUR
Muster Defensiv Plus cVV;05.06.2022;0,0000165979;29,37;1,0747429217;984.002,70;0;EUR
Muster Defensiv Plus cVV;06.06.2022;0,0010466752;1.852,32;1,0768096400;985.855,02;0,001830656;EUR
Muster Defensiv Plus cVV;07.06.2022;0,0021578097;3.822,71;1,0810287678;989.677,73;0,000952527;EUR
Muster Defensiv Plus cVV;08.06.2022;-0,0031244760;-5.547,17;1,0750130339;984.130,56;-0,004844648;EUR
Muster Defensiv Plus cVV;09.06.2022;-0,0058707213;-10.390,28;1,0637062241;973.740,28;-0,009457014;EUR
Muster Defensiv Plus cVV;10.06.2022;-0,0077270739;-13.595,45;1,0488970292;960.144,84;-0,012355821;EUR
Muster Defensiv Plus cVV;11.06.2022;0,0000169396;29,57;1,0489293372;960.174,41;0;EUR
Muster Defensiv Plus cVV;12.06.2022;0,0000169394;29,57;1,0489616452;960.203,98;0;EUR
Muster Defensiv Plus cVV;13.06.2022;-0,0149908520;-26.172,83;1,0204106934;934.031,16;-0,015332192;EUR
Muster Defensiv Plus cVV;14.06.2022;-0,0051309351;-8.823,91;1,0108115284;925.207,25;-0,006001561;EUR
Muster Defensiv Plus cVV;15.06.2022;0,0071335440;12.204,95;1,0241870316;937.412,19;0,008163005;EUR
Muster Defensiv Plus cVV;16.06.2022;-0,0125412208;-21.610,13;1,0006168143;915.802,06;-0,015294505;EUR
Muster Defensiv Plus cVV;17.06.2022;0,0025534876;4.344,81;1,0054045043;920.146,87;0,002540192;EUR
Muster Defensiv Plus cVV;18.06.2022;0,0000173490;29,60;1,0054368414;920.176,46;0;EUR
Muster Defensiv Plus cVV;19.06.2022;0,0000173487;29,60;1,0054691786;920.206,06;0;EUR
Muster Defensiv Plus cVV;20.06.2022;0,0002238762;381,92;1,0059269820;920.587,97;0,000095012;EUR
Muster Defensiv Plus cVV;21.06.2022;0,0046483025;7.931,42;1,0146344754;928.519,39;0,002675064;EUR
Muster Defensiv Plus cVV;22.06.2022;-0,0000483732;-82,92;1,0145846682;928.436,47;0,000688811;EUR
Muster Defensiv Plus cVV;23.06.2022;0,0093591844;16.043,07;1,0321578397;944.479,54;0,005815369;EUR
Muster Defensiv Plus cVV;24.06.2022;0,0093295611;16.141,96;1,0498404811;960.621,50;0,007425332;EUR
Muster Defensiv Plus cVV;25.06.2022;0,0000196966;34,40;1,0498780727;960.655,90;0;EUR
Muster Defensiv Plus cVV;26.06.2022;0,0000196962;34,40;1,0499156642;960.690,29;0;EUR
Muster Defensiv Plus cVV;27.06.2022;-0,0029147487;-5.090,34;1,0443944964;955.599,96;-0,002971297;EUR
Muster Defensiv Plus cVV;28.06.2022;-0,0072645935;-12.649,95;1,0306104718;942.950,01;-0,003654531;EUR
Muster Defensiv Plus cVV;29.06.2022;0,0046367098;8.015,32;1,0394126258;950.965,33;0,000497507;EUR
Muster Defensiv Plus cVV;30.06.2022;-0,0023970368;-4.162,89;1,0349040473;946.802,44;-0,000785556;EUR
Muster Defensiv Plus cVV;01.07.2022;0,0069813250;12.095,27;1,0481668089;958.897,71;0,008411209;EUR
Muster Defensiv Plus cVV;02.07.2022;0,0000197911;34,53;1,0482045510;958.932,24;0;EUR
Muster Defensiv Plus cVV;03.07.2022;0,0000197907;34,53;1,0482422931;958.966,77;0;EUR
Muster Defensiv Plus cVV;04.07.2022;0,0004233022;738,53;1,0490915913;959.705,30;-0,004888913;EUR
Muster Defensiv Plus cVV;05.07.2022;0,0091359229;15.946,03;1,0665655213;975.651,33;0,002661367;EUR
Muster Defensiv Plus cVV;06.07.2022;0,0078647197;13.852,66;1,0817522933;989.503,99;0,006173806;EUR
Muster Defensiv Plus cVV;07.07.2022;0,0059825167;10.620,28;1,0934063931;1.000.124,27;0,003336242;EUR
Muster Defensiv Plus cVV;08.07.2022;0,0010063029;1.797,10;1,0954148847;1.001.921,37;0,002935181;EUR
Muster Defensiv Plus cVV;09.07.2022;0,0000194605;34,79;1,0954529192;1.001.956,16;0;EUR
Muster Defensiv Plus cVV;10.07.2022;0,0000194601;34,79;1,0954909538;1.001.990,95;0;EUR
Muster Defensiv Plus cVV;11.07.2022;0,0022298724;3.986,36;1,0998932310;1.005.977,30;0,000268730;EUR
Muster Defensiv Plus cVV;12.07.2022;-0,0053581350;-9.600,13;1,0894403432;996.377,17;0,003473334;EUR
Muster Defensiv Plus cVV;13.07.2022;-0,0024614325;-4.386,50;1,0846874174;991.990,67;-0,006021537;EUR
Muster Defensiv Plus cVV;14.07.2022;-0,0023726111;-4.217,81;1,0801185545;987.772,86;-0,004608291;EUR
Muster Defensiv Plus cVV;15.07.2022;0,0033042515;5.860,05;1,0865697683;993.632,91;0,008687375;EUR
Muster Defensiv Plus cVV;16.07.2022;0,0000196107;34,89;1,0866079264;993.667,81;0;EUR
Muster Defensiv Plus cVV;17.07.2022;0,0000196103;34,89;1,0866460844;993.702,70;0;EUR
Muster Defensiv Plus cVV;18.07.2022;-0,0332217740;-59.115,44;1,0220421509;934.587,26;-0,002978991;EUR
Muster Defensiv Plus cVV;19.07.2022;0,0316553830;54.456,86;1,0816379285;989.044,12;0,005491002;EUR
Muster Defensiv Plus cVV;20.07.2022;0,0060126716;10.671,05;1,0933515093;999.715,16;0,002560623;EUR
Muster Defensiv Plus cVV;21.07.2022;0,0065765479;11.741,97;1,1062372739;1.011.457,14;0,001574263;EUR
Muster Defensiv Plus cVV;22.07.2022;0,0003940405;708,16;1,1070558043;1.012.165,30;0,005789941;EUR
Muster Defensiv Plus cVV;23.07.2022;0,0000193332;34,76;1,1070938218;1.012.200,06;0;EUR
Muster Defensiv Plus cVV;24.07.2022;0,0000193329;34,76;1,1071318393;1.012.234,81;0;EUR
Muster Defensiv Plus cVV;25.07.2022;-0,0037196831;-6.687,81;1,0998607537;1.005.547,01;0,000742092;EUR
Muster Defensiv Plus cVV;26.07.2022;0,0025603427;4.586,25;1,1049210419;1.010.133,25;0,000356238;EUR
Muster Defensiv Plus cVV;27.07.2022;0,0065017644;11.676,19;1,1177372546;1.021.809,44;0,004366992;EUR
Muster Defensiv Plus cVV;28.07.2022;0,0111198217;20.099,36;1,1397687667;1.041.908,80;0,008084060;EUR
Muster Defensiv Plus cVV;29.07.2022;0,0041834729;7.645,82;1,1481782364;1.049.554,62;0,003734024;EUR
Muster Defensiv Plus cVV;30.07.2022;0,0000193078;35,44;1,1482170012;1.049.590,06;0;EUR
Muster Defensiv Plus cVV;31.07.2022;0,0000160287;29,42;1,1482491830;1.049.619,47;0;EUR
Muster Defensiv Plus cVV;01.08.2022;-0,0012351522;-2.266,92;1,1458146585;1.047.352,55;0,000717367;EUR
Muster Defensiv Plus cVV;02.08.2022;0,0023813183;4.365,12;1,1506357218;1.051.717,67;-0,001279165;EUR
Muster Defensiv Plus cVV;03.08.2022;0,0045604768;8.379,57;1,1598493437;1.060.097,25;0,001936304;EUR
Muster Defensiv Plus cVV;04.08.2022;0,0006939238;1.280,85;1,1612966730;1.061.378,10;0,001929544;EUR
Muster Defensiv Plus cVV;05.08.2022;0,0000573923;106,01;1,1614585951;1.061.484,11;-0,004751264;EUR
Muster Defensiv Plus cVV;06.08.2022;0,0000192046;35,47;1,1614974110;1.061.519,58;0;EUR
Muster Defensiv Plus cVV;07.08.2022;0,0000192042;35,47;1,1615362269;1.061.555,06;0;EUR
Muster Defensiv Plus cVV;08.08.2022;-0,0027931260;-5.159,66;1,1559363015;1.056.395,40;0,002184488;EUR
Muster Defensiv Plus cVV;09.08.2022;-0,0037662104;-6.937,78;1,1483901660;1.049.457,62;-0,004198870;EUR
Muster Defensiv Plus cVV;10.08.2022;0,0026411176;4.846,91;1,1537395504;1.054.304,53;0,005332986;EUR
Muster Defensiv Plus cVV;11.08.2022;-0,0025212551;-4.639,16;1,1487081886;1.049.665,37;-0,001769920;EUR
Muster Defensiv Plus cVV;12.08.2022;0,0075738538;13.900,91;1,1639666524;1.063.566,28;0,004414103;EUR
Muster Defensiv Plus cVV;13.08.2022;0,0000191381;35,39;1,1640053852;1.063.601,67;0;EUR
Muster Defensiv Plus cVV;14.08.2022;0,0000191378;35,39;1,1640441180;1.063.637,06;0;EUR
Muster Defensiv Plus cVV;15.08.2022;0,0088717526;16.407,00;1,1820465378;1.080.044,06;0,004017845;EUR
Muster Defensiv Plus cVV;16.08.2022;-0,0008927240;-1.665,61;1,1802701308;1.078.378,45;-0,000414115;EUR
Muster Defensiv Plus cVV;17.08.2022;-0,0066093834;-12.320,51;1,1668314532;1.066.057,94;-0,008977274;EUR
Muster Defensiv Plus cVV;18.08.2022;0,0017947206;3.323,42;1,1705151034;1.069.381,36;0,000743076;EUR
Muster Defensiv Plus cVV;19.08.2022;-0,0040753505;-7.560,17;1,1622856758;1.061.821,19;-0,007003643;EUR
Muster Defensiv Plus cVV;20.08.2022;0,0000192867;35,63;1,1623246803;1.061.856,82;0;EUR
Muster Defensiv Plus cVV;21.08.2022;0,0000192864;35,63;1,1623636847;1.061.892,45;0;EUR
Muster Defensiv Plus cVV;22.08.2022;-0,0034733429;-6.417,38;1,1553845562;1.055.475,07;-0,008560197;EUR
Muster Defensiv Plus cVV;23.08.2022;-0,0017146493;-3.157,00;1,1519739964;1.052.318,08;-0,001873828;EUR
Muster Defensiv Plus cVV;24.08.2022;-0,0009327881;-1.714,50;1,1501423125;1.050.603,58;-0,000691434;EUR
Muster Defensiv Plus cVV;25.08.2022;0,0039042662;7.169,48;1,1580365240;1.057.773,06;0,004799228;EUR
Muster Defensiv Plus cVV;26.08.2022;-0,0094651050;-17.448,82;1,1389784731;1.040.324,24;-0,012050962;EUR
Muster Defensiv Plus cVV;27.08.2022;0,0000195616;35,72;1,1390175807;1.040.359,96;0;EUR
Muster Defensiv Plus cVV;28.08.2022;0,0000195612;35,72;1,1390566884;1.040.395,68;0;EUR
Muster Defensiv Plus cVV;29.08.2022;-0,0064449364;-11.769,17;1,1262156097;1.028.626,51;-0,005616042;EUR
Muster Defensiv Plus cVV;30.08.2022;-0,0039465713;-7.160,43;1,1184196846;1.021.466,08;-0,002052885;EUR
Muster Defensiv Plus cVV;31.08.2022;-0,0042129837;-7.613,63;1,1101268922;1.013.852,45;-0,006001904;EUR
Muster Defensiv Plus cVV;01.09.2022;0,0014805841;2.664,41;1,1130878998;1.016.516,86;-0,002659225;EUR
Muster Defensiv Plus cVV;02.09.2022;0,0003540831;638,14;1,1138302560;1.017.155,00;0,006909799;EUR
Muster Defensiv Plus cVV;03.09.2022;0,0000198200;35,73;1,1138693851;1.017.190,74;0;EUR
Muster Defensiv Plus cVV;04.09.2022;0,0000198196;35,73;1,1139085142;1.017.226,47;0;EUR
Muster Defensiv Plus cVV;05.09.2022;0,0009046407;1.631,02;1,1157381921;1.018.857,48;-0,004372154;EUR
Muster Defensiv Plus cVV;06.09.2022;-0,0019052750;-3.438,21;1,1120165277;1.015.419,28;0,000570196;EUR
Muster Defensiv Plus cVV;07.09.2022;-0,0003803974;-685,15;1,1113096272;1.014.734,13;0,002670543;EUR
Muster Defensiv Plus cVV;08.09.2022;0,0019971698;3.595,80;1,1152912138;1.018.329,93;-0,003243364;EUR
Muster Defensiv Plus cVV;09.09.2022;0,0030115695;5.433,01;1,1212853017;1.023.762,94;0,004827320;EUR
Muster Defensiv Plus cVV;10.09.2022;0,0000196909;35,63;1,1213243261;1.023.798,57;0;EUR
Muster Defensiv Plus cVV;11.09.2022;0,0000196905;35,63;1,1213633506;1.023.834,20;0;EUR
Muster Defensiv Plus cVV;12.09.2022;0,0008654251;1.566,03;1,1231223768;1.025.400,23;0,007028118;EUR
Muster Defensiv Plus cVV;13.09.2022;-0,0054210468;-9.818,15;1,1124119254;1.015.582,09;-0,010241366;EUR
Muster Defensiv Plus cVV;14.09.2022;-0,0013525323;-2.436,31;1,1097865761;1.013.145,77;-0,002145771;EUR
Muster Defensiv Plus cVV;15.09.2022;-0,0066529695;-11.967,77;1,0967199570;1.001.178,00;-0,004177187;EUR
Muster Defensiv Plus cVV;16.09.2022;-0,0040159539;-7.176,08;1,0889014577;994.001,92;-0,007205508;EUR
Muster Defensiv Plus cVV;17.09.2022;0,0000239178;42,57;1,0889480886;994.044,49;0;EUR
Muster Defensiv Plus cVV;18.09.2022;0,0000239172;42,57;1,0889947194;994.087,05;0;EUR
Muster Defensiv Plus cVV;19.09.2022;-0,0006875779;-1.223,75;1,0876964575;992.863,30;0,001614510;EUR
Muster Defensiv Plus cVV;20.09.2022;-0,0031289166;-5.565,03;1,0816419573;987.298,27;-0,007645711;EUR
Muster Defensiv Plus cVV;21.09.2022;0,0016200402;2.847,90;1,0848091743;990.146,17;0,000714515;EUR
Muster Defensiv Plus cVV;22.09.2022;-0,0023020477;-4.053,37;1,0804152454;986.092,80;-0,007314200;EUR
Muster Defensiv Plus cVV;23.09.2022;-0,0017049394;-2.995,09;1,0771804656;983.097,71;-0,006946669;EUR
Muster Defensiv Plus cVV;24.09.2022;0,0000243485;42,70;1,0772272525;983.140,41;0;EUR
Muster Defensiv Plus cVV;25.09.2022;0,0000243480;42,70;1,0772740395;983.183,11;0;EUR
Muster Defensiv Plus cVV;26.09.2022;-0,0006391345;-1.120,92;1,0760925785;982.062,20;-0,004037083;EUR
Muster Defensiv Plus cVV;27.09.2022;-0,0010394102;-1.821,76;1,0741430116;980.240,44;-0,003673915;EUR
Muster Defensiv Plus cVV;28.09.2022;0,0000222984;39,04;1,0742323922;980.279,48;0,004615023;EUR
Muster Defensiv Plus cVV;29.09.2022;-0,0069609655;-12.187,96;1,0609223025;968.091,52;-0,009048659;EUR
Muster Defensiv Plus cVV;30.09.2022;-0,0006598059;-1.147,21;1,0597110048;966.944,31;0,002376697;EUR
Muster Defensiv Plus cVV;01.10.2022;0,0000245007;42,57;1,0597576606;966.986,88;0;EUR
Muster Defensiv Plus cVV;02.10.2022;0,0000245001;42,57;1,0598043163;967.029,45;0;EUR
Muster Defensiv Plus cVV;03.10.2022;0,0071934626;12.499,72;1,0735497358;979.529,18;0,010524639;EUR
Muster Defensiv Plus cVV;04.10.2022;0,0050068115;8.762,67;1,0832003883;988.291,85;0,012340285;EUR
Muster Defensiv Plus cVV;05.10.2022;0,0007494334;1.318,19;1,0846920978;989.610,04;-0,005247628;EUR
Muster Defensiv Plus cVV;06.10.2022;-0,0005300270;-932,97;1,0837163535;988.677,07;-0,004732372;EUR
Muster Defensiv Plus cVV;07.10.2022;-0,0057563354;-10.127,11;1,0726621118;978.549,96;-0,008679742;EUR
Muster Defensiv Plus cVV;08.10.2022;0,0000258351;45,19;1,0727116481;978.595,15;0;EUR
Muster Defensiv Plus cVV;09.10.2022;0,0000258345;45,19;1,0727611843;978.640,34;0;EUR
Muster Defensiv Plus cVV;10.10.2022;-0,0056028381;-9.800,83;1,0620636429;968.839,51;-0,002809219;EUR
Muster Defensiv Plus cVV;11.10.2022;-0,0038514969;-6.699,53;1,0547650148;962.139,98;-0,001222672;EUR
Muster Defensiv Plus cVV;12.10.2022;-0,0005217900;-904,14;1,0538193157;961.235,85;-0,002194076;EUR
Muster Defensiv Plus cVV;13.10.2022;0,0007035021;1.218,36;1,0552005456;962.454,21;0,004698561;EUR
Muster Defensiv Plus cVV;14.10.2022;0,0003493514;605,45;1,0559098648;963.059,66;-0,001943723;EUR
Muster Defensiv Plus cVV;15.10.2022;0,0000261735;45,38;1,0559596161;963.105,04;0;EUR
Muster Defensiv Plus cVV;16.10.2022;0,0000261728;45,38;1,0560093674;963.150,42;0;EUR
Muster Defensiv Plus cVV;17.10.2022;0,0015097109;2.617,49;1,0589248473;965.767,91;0,006859567;EUR
Muster Defensiv Plus cVV;18.10.2022;-0,0004296040;-745,96;1,0581525060;965.021,95;0,003697615;EUR
Muster Defensiv Plus cVV;19.10.2022;-0,0032319942;-5.609,59;1,0520468451;959.412,36;-0,004147467;EUR
Muster Defensiv Plus cVV;20.10.2022;-0,0023699236;-4.100,05;1,0475959970;955.312,32;-0,002316412;EUR
Muster Defensiv Plus cVV;21.10.2022;0,0005698619;983,54;1,0487196486;956.295,86;0,002367055;EUR
Muster Defensiv Plus cVV;22.10.2022;0,0000269981;46,62;1,0487707782;956.342,48;0;EUR
Muster Defensiv Plus cVV;23.10.2022;0,0000269974;46,62;1,0488219078;956.389,11;0;EUR
Muster Defensiv Plus cVV;24.10.2022;0,0051426855;8.881,47;1,0586072500;965.270,58;0,005606230;EUR
Muster Defensiv Plus cVV;25.10.2022;0,0021448246;3.723,18;1,0627360986;968.993,76;0,007204585;EUR
Muster Defensiv Plus cVV;26.10.2022;-0,0044503708;-7.741,93;1,0542904658;961.251,83;0,001496541;EUR
Muster Defensiv Plus cVV;27.10.2022;0,0049454892;8.564,96;1,0637300672;969.816,79;0,004716959;EUR
Muster Defensiv Plus cVV;28.10.2022;0,0028880117;5.026,40;1,0692890734;974.843,19;0,000994058;EUR
Muster Defensiv Plus cVV;29.10.2022;0,0000259677;45,33;1,0693387903;974.888,52;0;EUR
Muster Defensiv Plus cVV;30.10.2022;0,0000259670;45,33;1,0693885073;974.933,84;0;EUR
Muster Defensiv Plus cVV;31.10.2022;0,0014656700;2.558,41;1,0722407485;977.492,25;-0,000609660;EUR
Muster Defensiv Plus cVV;01.11.2022;0,0022545100;3.941,14;1,0766100335;981.433,39;0,002635787;EUR
Muster Defensiv Plus cVV;02.11.2022;-0,0005557403;-973,69;1,0755879845;980.459,70;-0,004897116;EUR
Muster Defensiv Plus cVV;03.11.2022;-0,0027013002;-4.730,19;1,0704446667;975.729,51;-0,005383913;EUR
Muster Defensiv Plus cVV;04.11.2022;0,0004863856;849,40;1,0714223570;976.578,91;0,004075555;EUR
Muster Defensiv Plus cVV;05.11.2022;0,0000280594;49,03;1,0714761437;976.627,93;0;EUR
Muster Defensiv Plus cVV;06.11.2022;0,0000280587;49,03;1,0715299304;976.676,96;0;EUR
Muster Defensiv Plus cVV;07.11.2022;-0,0001973465;-344,82;1,0711974240;976.332,13;0,000519322;EUR
Muster Defensiv Plus cVV;08.11.2022;0,0021934628;3.831,88;1,0754475884;980.164,01;0,003023667;EUR
Muster Defensiv Plus cVV;09.11.2022;0,0001808008;316,54;1,0758408604;980.480,55;-0,000209793;EUR
Muster Defensiv Plus cVV;10.11.2022;0,0079803886;13.974,47;1,0912210607;994.455,02;0,017934183;EUR
Muster Defensiv Plus cVV;11.11.2022;-0,0039614311;-6.992,23;1,0835946921;987.462,80;-0,002518781;EUR
Muster Defensiv Plus cVV;12.11.2022;0,0000276405;48,59;1,0836480172;987.511,39;0;EUR
Muster Defensiv Plus cVV;13.11.2022;0,0000276398;48,59;1,0837013423;987.559,99;0;EUR
Muster Defensiv Plus cVV;14.11.2022;-0,0001778936;-312,77;1,0834043337;987.247,22;0,000231120;EUR
Muster Defensiv Plus cVV;15.11.2022;0,0042134046;7.406,61;1,0915788759;994.653,83;0,003321097;EUR
Muster Defensiv Plus cVV;16.11.2022;-0,0004074120;-719,19;1,0908360780;993.934,63;-0,001678420;EUR
Muster Defensiv Plus cVV;17.11.2022;-0,0019562007;-3.451,82;1,0870940209;990.482,81;0,000075710;EUR
Muster Defensiv Plus cVV;18.11.2022;0,0029111992;5.126,92;1,0927675361;995.609,73;0,003503214;EUR
Muster Defensiv Plus cVV;19.11.2022;0,0000275344;48,63;1,0928209140;995.658,36;0;EUR
Muster Defensiv Plus cVV;20.11.2022;0,0000275336;48,63;1,0928742918;995.707,00;0;EUR
Muster Defensiv Plus cVV;21.11.2022;0,0015904130;2.809,19;1,0960042489;998.516,19;0,001097381;EUR
Muster Defensiv Plus cVV;22.11.2022;0,0024558531;4.344,74;1,1008199884;1.002.860,93;0,002375527;EUR
Muster Defensiv Plus cVV;23.11.2022;-0,0034206515;-6.066,46;1,0942074590;996.794,47;0,000700850;EUR
Muster Defensiv Plus cVV;24.11.2022;0,0035899626;6.344,96;1,1012192610;1.003.139,42;0,004080119;EUR
Muster Defensiv Plus cVV;25.11.2022;-0,0022648864;-4.017,37;1,0968556748;999.122,05;-0,003376662;EUR
Muster Defensiv Plus cVV;26.11.2022;0,0000268058;47,44;1,0969077547;999.169,49;0;EUR
Muster Defensiv Plus cVV;27.11.2022;0,0000274321;48,55;1,0969610528;999.218,04;0;EUR
Muster Defensiv Plus cVV;28.11.2022;-0,0026224465;-4.641,31;1,0919120697;994.576,73;-0,003812777;EUR
Muster Defensiv Plus cVV;29.11.2022;0,0042991099;7.588,78;1,1002901999;1.002.165,51;0,002753068;EUR
Muster Defensiv Plus cVV;30.11.2022;0,0051436193;9.118,54;1,1103486290;1.011.284,05;0,004134747;EUR
Muster Defensiv Plus cVV;01.12.2022;0,0032047108;5.710,49;1,1166658280;1.016.994,54;0,004196605;EUR
Muster Defensiv Plus cVV;02.12.2022;-0,0018191684;-3.251,97;1,1131422828;1.013.742,57;-0,001195203;EUR
Muster Defensiv Plus cVV;03.12.2022;0,0000271329;48,41;1,1131954448;1.013.790,98;0;EUR
Muster Defensiv Plus cVV;04.12.2022;0,0000271321;48,41;1,1132486069;1.013.839,40;0;EUR
Muster Defensiv Plus cVV;05.12.2022;-0,0019089178;-3.406,39;1,1095551795;1.010.433,01;-0,004246899;EUR
Muster Defensiv Plus cVV;06.12.2022;-0,0003083270;-549,15;1,1089990792;1.009.883,86;-0,000965404;EUR
Muster Defensiv Plus cVV;07.12.2022;-0,0009768923;-1.739,36;1,1071358225;1.008.144,50;-0,000775671;EUR
Muster Defensiv Plus cVV;08.12.2022;-0,0005827965;-1.036,66;1,1060441177;1.007.107,84;-0,000087672;EUR
Muster Defensiv Plus cVV;09.12.2022;-0,0016740352;-2.975,98;1,1028223676;1.004.131,86;-0,002368117;EUR
Muster Defensiv Plus cVV;10.12.2022;0,0000272848;48,42;1,1028755506;1.004.180,29;0;EUR
Muster Defensiv Plus cVV;11.12.2022;0,0000272840;48,42;1,1029287336;1.004.228,71;0;EUR
Muster Defensiv Plus cVV;12.12.2022;-0,0000998969;-177,30;1,1027805652;1.004.051,41;0,000452515;EUR
Muster Defensiv Plus cVV;13.12.2022;0,0035352777;6.273,96;1,1097182768;1.010.325,37;0,003861881;EUR
Muster Defensiv Plus cVV;14.12.2022;-0,0013044078;-2.323,08;1,1072133577;1.008.002,29;-0,000997868;EUR
Muster Defensiv Plus cVV;15.12.2022;-0,0109612766;-19.495,98;1,0858442892;988.506,31;-0,016238497;EUR
Muster Defensiv Plus cVV;16.12.2022;-0,0064689113;-11.379,64;1,0733893274;977.126,67;-0,005634376;EUR
Muster Defensiv Plus cVV;17.12.2022;0,0000276856;48,39;1,0734424818;977.175,06;0;EUR
Muster Defensiv Plus cVV;18.12.2022;0,0000276849;48,39;1,0734956363;977.223,44;0;EUR
Muster Defensiv Plus cVV;19.12.2022;-0,0018149492;-3.172,25;1,0700559335;974.051,19;-0,000143427;EUR
Muster Defensiv Plus cVV;20.12.2022;-0,0017965586;-3.134,41;1,0666574910;970.916,79;-0,003994894;EUR
Muster Defensiv Plus cVV;21.12.2022;0,0034783338;6.057,65;1,0733576334;976.974,44;0,005370828;EUR
Muster Defensiv Plus cVV;22.12.2022;-0,0042202418;-7.375,28;1,0652995472;969.599,16;-0,005381832;EUR
Muster Defensiv Plus cVV;23.12.2022;-0,0008476818;-1.475,15;1,0637235014;968.124,01;-0,000401364;EUR
Muster Defensiv Plus cVV;24.12.2022;0,0000292477;50,85;1,0637793774;968.174,86;0;EUR
Muster Defensiv Plus cVV;25.12.2022;0,0000292469;50,85;1,0638352535;968.225,72;0;EUR
Muster Defensiv Plus cVV;26.12.2022;-0,0004274146;-743,21;1,0630633111;967.482,51;0,000019588;EUR
Muster Defensiv Plus cVV;27.12.2022;-0,0026404453;-4.589,37;1,0580649686;962.893,14;-0,003166808;EUR
Muster Defensiv Plus cVV;28.12.2022;-0,0037997940;-6.587,00;1,0508710159;956.306,15;-0,001483880;EUR
Muster Defensiv Plus cVV;29.12.2022;0,0027050238;4.671,38;1,0560486206;960.977,53;0,004854294;EUR
Muster Defensiv Plus cVV;30.12.2022;-0,0027181373;-4.706,72;1,0509203108;956.270,80;-0,004604391;EUR
Muster Defensiv Plus cVV;31.12.2022;0,0000260705;45,02;1,0509697878;956.315,82;0;EUR
Muster Defensiv Plus cVV;01.01.2023;0,0000293968;50,77;1,0510255790;956.366,59;0;EUR
Muster Defensiv Plus cVV;02.01.2023;0,0033187530;5.731,45;1,0573686140;962.098,04;0,004631311;EUR
Muster Defensiv Plus cVV;03.01.2023;0,0079818818;13.830,36;1,0726134268;975.928,39;0,004243780;EUR
Muster Defensiv Plus cVV;04.01.2023;-0,0009109759;-1.591,06;1,0709095624;974.337,33;0,007921631;EUR
Muster Defensiv Plus cVV;05.01.2023;-0,0030057146;-5.244,85;1,0651894330;969.092,48;-0,002435291;EUR
Muster Defensiv Plus cVV;06.01.2023;0,0050471981;8.780,68;1,0748857667;977.873,16;0,007440369;EUR
Muster Defensiv Plus cVV;07.01.2023;0,0000272880;47,71;1,0749382131;977.920,87;0;EUR
Muster Defensiv Plus cVV;08.01.2023;0,0000272872;47,71;1,0749906594;977.968,59;0;EUR
Muster Defensiv Plus cVV;09.01.2023;-0,0014685000;-2.567,80;1,0722129225;975.400,78;0,000570858;EUR
Muster Defensiv Plus cVV;10.01.2023;-0,0014682251;-2.563,55;1,0694396020;972.837,23;-0,001379664;EUR
Muster Defensiv Plus cVV;11.01.2023;0,0052496620;9.152,57;1,0795460886;981.989,80;0,006418135;EUR
Muster Defensiv Plus cVV;12.01.2023;0,0005625101;985,86;1,0806749891;982.975,66;0,003698113;EUR
Muster Defensiv Plus cVV;13.01.2023;0,0040482809;7.099,05;1,0885250286;990.074,71;0,001715624;EUR
Muster Defensiv Plus cVV;14.01.2023;0,0000254443;44,80;1,0885742831;990.119,51;0;EUR
Muster Defensiv Plus cVV;15.01.2023;0,0000254437;44,80;1,0886235376;990.164,31;0;EUR
Muster Defensiv Plus cVV;16.01.2023;0,0012463324;2.194,52;1,0910817655;992.358,83;0,000758977;EUR
Muster Defensiv Plus cVV;17.01.2023;0,0030745083;5.420,30;1,0970870034;997.779,13;0,004195894;EUR
Muster Defensiv Plus cVV;18.01.2023;-0,0002519029;-445,47;1,0966428742;997.333,66;-0,000351843;EUR
Muster Defensiv Plus cVV;19.01.2023;-0,0031023630;-5.484,84;1,0906572865;991.848,83;-0,005942064;EUR
Muster Defensiv Plus cVV;20.01.2023;-0,0014916099;-2.628,92;1,0878117342;989.219,91;0,000710764;EUR
Muster Defensiv Plus cVV;21.01.2023;0,0000274313;48,27;1,0878648203;989.268,18;0;EUR
Muster Defensiv Plus cVV;22.01.2023;0,0000274306;48,27;1,0879179064;989.316,46;0;EUR
Muster Defensiv Plus cVV;23.01.2023;0,0005849433;1.029,46;1,0890952624;990.345,92;0,001720526;EUR
Muster Defensiv Plus cVV;24.01.2023;-0,0002210783;-389,31;1,0887123827;989.956,61;0,000803736;EUR
Muster Defensiv Plus cVV;25.01.2023;-0,0029143871;-5.131,00;1,0831145167;984.825,61;0,000264805;EUR
Muster Defensiv Plus cVV;26.01.2023;-0,0005572227;-978,17;1,0820836470;983.847,43;0,001661488;EUR
Muster Defensiv Plus cVV;27.01.2023;0,0011342689;1.990,04;1,0843173897;985.837,47;0,000331378;EUR
Muster Defensiv Plus cVV;28.01.2023;0,0000274785;48,26;1,0843704760;985.885,74;0;EUR
Muster Defensiv Plus cVV;29.01.2023;0,0000274778;48,26;1,0844235623;985.934,00;0;EUR
Muster Defensiv Plus cVV;30.01.2023;-0,0023934394;-4.204,21;1,0798441684;981.729,79;-0,004536576;EUR
Muster Defensiv Plus cVV;31.01.2023;0,0010691426;1.873,51;1,0819497777;983.603,31;0,002571797;EUR
Muster Defensiv Plus cVV;01.02.2023;-0,0016810667;-2.948,97;1,0787506562;980.654,34;0,000967254;EUR
Muster Defensiv Plus cVV;02.02.2023;0,0099479486;17.421,60;1,0979604362;998.075,93;0,014255993;EUR
Muster Defensiv Plus cVV;03.02.2023;-0,0025098070;-4.439,09;1,0931223493;993.636,85;-0,003872227;EUR
Muster Defensiv Plus cVV;04.02.2023;0,0000243239;42,91;1,0931695595;993.679,76;0;EUR
Muster Defensiv Plus cVV;05.02.2023;0,0000273984;48,34;1,0932227384;993.728,10;0;EUR
Muster Defensiv Plus cVV;06.02.2023;-0,0014837862;-2.617,92;1,0903878249;991.110,18;-0,003694461;EUR
Muster Defensiv Plus cVV;07.02.2023;0,0035177477;6.197,33;1,0972513021;997.307,51;0,001545390;EUR
Muster Defensiv Plus cVV;08.02.2023;-0,0029411686;-5.199,78;1,0915755578;992.107,73;-0,002478594;EUR
Muster Defensiv Plus cVV;09.02.2023;-0,0021737067;-3.831,66;1,0874046692;988.276,08;0,001321808;EUR
Muster Defensiv Plus cVV;10.02.2023;0,0029057216;5.110,87;1,0930733136;993.386,94;-0,003669455;EUR
Muster Defensiv Plus cVV;11.02.2023;0,0000272251;48,03;1,0931261583;993.434,97;0;EUR
Muster Defensiv Plus cVV;12.02.2023;0,0000272244;48,03;1,0931790030;993.482,99;0;EUR
Muster Defensiv Plus cVV;13.02.2023;-0,0012955915;-2.285,56;1,0907091053;991.197,43;0,001309014;EUR
Muster Defensiv Plus cVV;14.02.2023;-0,0035249968;-6.210,40;1,0839199184;984.987,03;-0,001886504;EUR
Muster Defensiv Plus cVV;15.02.2023;0,0003247629;570,16;1,0845920604;985.557,19;0,001437029;EUR
Muster Defensiv Plus cVV;16.02.2023;-0,0020285964;-3.562,58;1,0807160307;981.994,61;-0,001696102;EUR
Muster Defensiv Plus cVV;17.02.2023;-0,0003231137;-566,29;1,0801372966;981.428,32;-0,000635345;EUR
Muster Defensiv Plus cVV;18.02.2023;0,0000306779;53,75;1,0801964517;981.482,07;0;EUR
Muster Defensiv Plus cVV;19.02.2023;0,0000306770;53,75;1,0802556069;981.535,81;0;EUR
Muster Defensiv Plus cVV;20.02.2023;0,0005707548;1.000,05;1,0814007611;982.535,87;-0,000335390;EUR
Muster Defensiv Plus cVV;21.02.2023;-0,0042962536;-7.532,01;1,0731550265;975.003,86;-0,005982422;EUR
Muster Defensiv Plus cVV;22.02.2023;-0,0013557830;-2.366,69;1,0705941207;972.637,17;0,000930269;EUR
Muster Defensiv Plus cVV;23.02.2023;0,0001820575;317,37;1,0709874828;972.954,55;0,002660065;EUR
Muster Defensiv Plus cVV;24.02.2023;-0,0016455507;-2.869,14;1,0678731273;970.085,40;-0,006424132;EUR
Muster Defensiv Plus cVV;25.02.2023;0,0000309644;53,90;1,0679324605;970.139,30;0;EUR
Muster Defensiv Plus cVV;26.02.2023;0,0000309635;53,90;1,0679917938;970.193,20;0;EUR
Muster Defensiv Plus cVV;27.02.2023;-0,0029168639;-5.077,72;1,0624458559;965.115,49;0,001100211;EUR
Muster Defensiv Plus cVV;28.02.2023;-0,0021376535;-3.710,40;1,0584047072;961.405,08;-0,002846448;EUR
Muster Defensiv Plus cVV;01.03.2023;-0,0059683820;-10.337,39;1,0470672931;951.067,69;-0,004638976;EUR
Muster Defensiv Plus cVV;02.03.2023;0,0050942780;8.770,76;1,0567666958;959.838,45;0,001866284;EUR
Muster Defensiv Plus cVV;03.03.2023;0,0035509195;6.144,72;1,0635755255;965.983,17;0,005087124;EUR
Muster Defensiv Plus cVV;04.03.2023;0,0000303626;52,73;1,0636335804;966.035,90;0;EUR
Muster Defensiv Plus cVV;05.03.2023;0,0000303617;52,73;1,0636916354;966.088,63;0;EUR
Muster Defensiv Plus cVV;06.03.2023;-0,0007288980;-1.265,88;1,0623413773;964.822,74;-0,000262397;EUR
Muster Defensiv Plus cVV;07.03.2023;-0,0002772613;-477,32;1,0618636675;964.345,42;-0,001418866;EUR
Muster Defensiv Plus cVV;08.03.2023;0,0013256812;2.281,62;1,0644239649;966.627,04;0,002267301;EUR
Muster Defensiv Plus cVV;09.03.2023;-0,0040755526;-7.023,70;1,0567372336;959.603,34;-0,002017469;EUR
Muster Defensiv Plus cVV;10.03.2023;-0,0017700668;-3.038,05;1,0534390679;956.565,28;-0,000633829;EUR
Muster Defensiv Plus cVV;11.03.2023;0,0000302731;51,87;1,0534961878;956.617,15;0;EUR
Muster Defensiv Plus cVV;12.03.2023;0,0000302721;51,87;1,0535533077;956.669,02;0;EUR
Muster Defensiv Plus cVV;13.03.2023;0,0023584247;4.040,96;1,0580511026;960.709,98;-0,000308891;EUR
Muster Defensiv Plus cVV;14.03.2023;-0,0003708596;-636,94;1,0573971725;960.073,04;-0,001389226;EUR
Muster Defensiv Plus cVV;15.03.2023;0,0088959184;15.272,69;1,0742663555;975.345,73;0,005105717;EUR
Muster Defensiv Plus cVV;16.03.2023;-0,0012572745;-2.177,72;1,0719159191;973.168,02;0,000227092;EUR
Muster Defensiv Plus cVV;17.03.2023;-0,0006123959;-1.059,39;1,0707971010;972.108,63;-0,000243496;EUR
Muster Defensiv Plus cVV;18.03.2023;0,0000300911;52,02;1,0708544055;972.160,65;0;EUR
Muster Defensiv Plus cVV;19.03.2023;0,0000300902;52,02;1,0709117101;972.212,67;0;EUR
Muster Defensiv Plus cVV;20.03.2023;0,0021584460;3.731,87;1,0750706752;975.944,54;0,001615244;EUR
Muster Defensiv Plus cVV;21.03.2023;0,0010271594;1.779,75;1,0770795000;977.724,29;0,001131303;EUR
Muster Defensiv Plus cVV;22.03.2023;-0,0047199607;-8.186,64;1,0681088276;969.537,65;-0,003346894;EUR
Muster Defensiv Plus cVV;23.03.2023;0,0045642728;7.879,23;1,0768373770;977.416,89;0,003892512;EUR
Muster Defensiv Plus cVV;24.03.2023;0,0014913515;2.586,25;1,0797350454;980.003,13;0,001215245;EUR
Muster Defensiv Plus cVV;25.03.2023;0,0000300067;52,11;1,0797924631;980.055,25;0;EUR
Muster Defensiv Plus cVV;26.03.2023;0,0000300058;52,11;1,0798498808;980.107,36;0;EUR
Muster Defensiv Plus cVV;27.03.2023;-0,0014021784;-2.435,38;1,0772148770;977.671,98;-0,000472882;EUR
Muster Defensiv Plus cVV;28.03.2023;-0,0024816786;-4.304,27;1,0725203450;973.367,71;-0,002840966;EUR
Muster Defensiv Plus cVV;29.03.2023;0,0032404836;5.606,41;1,0787460909;978.974,12;0,004042556;EUR
Muster Defensiv Plus cVV;30.03.2023;-0,0009756419;-1.693,44;1,0769281946;977.280,68;0,001001215;EUR
Muster Defensiv Plus cVV;31.03.2023;0,0067307510;11.671,31;1,0898382426;988.951,99;0,005706006;EUR
Muster Defensiv Plus cVV;01.04.2023;0,0000298667;52,14;1,0898956998;989.004,13;0;EUR
Muster Defensiv Plus cVV;02.04.2023;0,0000298658;52,14;1,0899531569;989.056,26;0;EUR
Muster Defensiv Plus cVV;03.04.2023;0,0038453778;6.713,27;1,0974002724;995.769,54;0,002287166;EUR
Muster Defensiv Plus cVV;04.04.2023;-0,0007464996;-1.308,25;1,0960074090;994.461,28;-0,001141902;EUR
Muster Defensiv Plus cVV;05.04.2023;0,0035770042;6.264,08;1,1029603231;1.000.725,36;0,001962549;EUR
Muster Defensiv Plus cVV;06.04.2023;0,0034060959;5.986,12;1,1096074606;1.006.711,48;0,000983062;EUR
Muster Defensiv Plus cVV;07.04.2023;0,0003547270;625,55;1,1103464238;1.007.337,03;0,000017546;EUR
Muster Defensiv Plus cVV;08.04.2023;0,0000279188;49,25;1,1104007113;1.007.386,28;0;EUR
Muster Defensiv Plus cVV;09.04.2023;0,0000279180;49,25;1,1104549988;1.007.435,53;0;EUR
Muster Defensiv Plus cVV;10.04.2023;0,0004060135;716,28;1,1112940246;1.008.151,81;0,001098808;EUR
Muster Defensiv Plus cVV;11.04.2023;-0,0062719984;-11.069,44;1,0991410196;997.082,37;-0,003709735;EUR
Muster Defensiv Plus cVV;12.04.2023;-0,0035650565;-6.252,50;1,0922971334;990.829,87;-0,002496495;EUR
Muster Defensiv Plus cVV;13.04.2023;0,0035235997;6.157,76;1,0991343721;996.987,63;0,001730884;EUR
Muster Defensiv Plus cVV;14.04.2023;-0,0002314226;-405,85;1,0987357782;996.581,78;-0,000340054;EUR
Muster Defensiv Plus cVV;15.04.2023;0,0000280384;49,16;1,0987899779;996.630,94;0;EUR
Muster Defensiv Plus cVV;16.04.2023;0,0000280376;49,16;1,0988441776;996.680,10;0;EUR
Muster Defensiv Plus cVV;17.04.2023;0,0002164449;379,52;1,0993114441;997.059,62;0,000312565;EUR
Muster Defensiv Plus cVV;18.04.2023;0,0015834211;2.777,01;1,1024222083;999.836,63;0,001612115;EUR
Muster Defensiv Plus cVV;19.04.2023;-0,0024097914;-4.233,00;1,0978036211;995.603,63;-0,001576737;EUR
Muster Defensiv Plus cVV;20.04.2023;-0,0003952878;-692,68;1,0970885064;994.910,95;-0,000546736;EUR
Muster Defensiv Plus cVV;21.04.2023;-0,0039500612;-6.919,16;1,0895070644;987.991,79;0,000243955;EUR
Muster Defensiv Plus cVV;22.04.2023;0,0000281829;49,17;1,0895612886;988.040,97;0;EUR
Muster Defensiv Plus cVV;23.04.2023;0,0000281821;49,17;1,0896155127;988.090,14;0;EUR
Muster Defensiv Plus cVV;24.04.2023;-0,0021549331;-3.760,01;1,0855172803;984.330,13;-0,000714072;EUR
Muster Defensiv Plus cVV;25.04.2023;0,0026401379;4.596,68;1,0906348089;988.926,81;0,002097071;EUR
Muster Defensiv Plus cVV;26.04.2023;-0,0041810190;-7.298,70;1,0826334032;981.628,12;-0,001994517;EUR
Muster Defensiv Plus cVV;27.04.2023;0,0012746212;2.215,77;1,0851251901;983.843,89;0,000723520;EUR
Muster Defensiv Plus cVV;28.04.2023;0,0056040710;9.754,39;1,0959322245;993.598,28;0,005851440;EUR
Muster Defensiv Plus cVV;29.04.2023;0,0000280750;49,14;1,0959864265;993.647,42;0;EUR
Muster Defensiv Plus cVV;30.04.2023;0,0000280742;49,14;1,0960406286;993.696,57;0;EUR
Muster Defensiv Plus cVV;01.05.2023;0,0011744202;2.055,76;1,0983566758;995.752,32;0,000803911;EUR
Muster Defensiv Plus cVV;02.05.2023;-0,0024119140;-4.226,88;1,0937425863;991.525,44;-0,001773401;EUR
Muster Defensiv Plus cVV;03.05.2023;-0,0012660708;-2.213,44;1,0913491695;989.312,01;-0,000749632;EUR
Muster Defensiv Plus cVV;04.05.2023;0,0012988321;2.267,84;1,0938992043;991.579,84;0,001596283;EUR
Muster Defensiv Plus cVV;05.05.2023;0,0011729306;2.050,67;1,0962098469;993.630,51;0,002868237;EUR
Muster Defensiv Plus cVV;06.05.2023;0,0000323027;56,54;1,0962722259;993.687,05;0;EUR
Muster Defensiv Plus cVV;07.05.2023;0,0000323016;56,54;1,0963346050;993.743,59;0;EUR
Muster Defensiv Plus cVV;08.05.2023;0,0006261896;1.096,14;1,0975923153;994.839,73;-0,000857615;EUR
Muster Defensiv Plus cVV;09.05.2023;0,0007222425;1.265,07;1,0990364983;996.104,80;-0,000002774;EUR
Muster Defensiv Plus cVV;10.05.2023;0,0013078405;2.292,45;1,1016143764;998.397,25;0,000880384;EUR
Muster Defensiv Plus cVV;11.05.2023;0,0033558956;5.890,08;1,1081621940;1.004.287,34;0,001615929;EUR
Muster Defensiv Plus cVV;12.05.2023;0,0021895553;3.855,88;1,1124658645;1.008.143,22;0,000322528;EUR
Muster Defensiv Plus cVV;13.05.2023;0,0000332523;58,69;1,1125306242;1.008.201,90;0;EUR
Muster Defensiv Plus cVV;14.05.2023;0,0000332512;58,69;1,1125953838;1.008.260,59;0;EUR
Muster Defensiv Plus cVV;15.05.2023;-0,0016738540;-2.954,36;1,1093841109;1.005.306,23;-0,000207179;EUR
Muster Defensiv Plus cVV;16.05.2023;-0,0020237605;-3.565,97;1,1054975720;1.001.740,25;-0,002611021;EUR
Muster Defensiv Plus cVV;17.05.2023;0,0015412803;2.710,32;1,1085373456;1.004.450,57;0,001774277;EUR
Muster Defensiv Plus cVV;18.05.2023;0,0018610738;3.277,72;1,1122035816;1.007.728,29;0,001567232;EUR
Muster Defensiv Plus cVV;19.05.2023;0,0026274174;4.636,01;1,1173692937;1.012.364,31;0,001471067;EUR
Muster Defensiv Plus cVV;20.05.2023;0,0000331983;58,73;1,1174341169;1.012.423,04;0;EUR
Muster Defensiv Plus cVV;21.05.2023;0,0000331972;58,73;1,1174989402;1.012.481,77;0;EUR
Muster Defensiv Plus cVV;22.05.2023;-0,0010410432;-1.841,84;1,1155150154;1.010.639,92;-0,000766664;EUR
Muster Defensiv Plus cVV;23.05.2023;-0,0011801039;-2.085,70;1,1132617167;1.008.554,22;-0,002602490;EUR
Muster Defensiv Plus cVV;24.05.2023;-0,0038587280;-6.811,82;1,1057911862;1.001.742,41;-0,004824843;EUR
Muster Defensiv Plus cVV;25.05.2023;-0,0004676375;-822,34;1,1049318603;1.000.920,07;-0,000603475;EUR
Muster Defensiv Plus cVV;26.05.2023;0,0025154966;4.421,41;1,1098613375;1.005.341,48;0,002848164;EUR
Muster Defensiv Plus cVV;27.05.2023;0,0000336482;59,29;1,1099267928;1.005.400,77;0;EUR
Muster Defensiv Plus cVV;28.05.2023;0,0000336471;59,29;1,1099922481;1.005.460,06;0;EUR
Muster Defensiv Plus cVV;29.05.2023;0,0020427568;3.599,76;1,1140150302;1.009.059,82;0,002376775;EUR
Muster Defensiv Plus cVV;30.05.2023;0,0011501019;2.030,86;1,1163059740;1.011.090,68;0,001729963;EUR
Muster Defensiv Plus cVV;31.05.2023;0,0013648557;2.412,84;1,1190188463;1.013.503,52;-0,000406589;EUR
Muster Defensiv Plus cVV;01.06.2023;0,0027328187;4.837,77;1,1244094353;1.018.341,29;0,003432497;EUR
Muster Defensiv Plus cVV;02.06.2023;0,0037522719;6.660,61;1,1318132605;1.025.001,91;0,003224896;EUR
Muster Defensiv Plus cVV;03.06.2023;0,0000332864;59,31;1,1318787488;1.025.061,22;0;EUR
Muster Defensiv Plus cVV;04.06.2023;0,0000332853;59,31;1,1319442371;1.025.120,52;0;EUR
Muster Defensiv Plus cVV;05.06.2023;-0,0022686582;-4.042,45;1,1275297870;1.021.078,08;-0,002765590;EUR
Muster Defensiv Plus cVV;06.06.2023;0,0011214725;1.993,78;1,1297807491;1.023.071,86;0,001494955;EUR
Muster Defensiv Plus cVV;07.06.2023;-0,0050269089;-8.946,99;1,1199494364;1.014.124,87;-0,002931973;EUR
Muster Defensiv Plus cVV;08.06.2023;0,0000912306;161,56;1,1201767058;1.014.286,43;0,000958806;EUR
Muster Defensiv Plus cVV;09.06.2023;0,0021712282;3.845,32;1,1244724865;1.018.131,75;0,000841781;EUR
Muster Defensiv Plus cVV;10.06.2023;0,0000304694;54,08;1,1245322145;1.018.185,83;0;EUR
Muster Defensiv Plus cVV;11.06.2023;0,0000304685;54,08;1,1245919425;1.018.239,91;0;EUR
Muster Defensiv Plus cVV;12.06.2023;0,0013538591;2.403,08;1,1272951348;1.020.642,99;0,003588966;EUR
Muster Defensiv Plus cVV;13.06.2023;-0,0006295847;-1.119,02;1,1261082254;1.019.523,97;0,000439960;EUR
Muster Defensiv Plus cVV;14.06.2023;0,0013171975;2.339,70;1,1287416554;1.021.863,67;-0,000348777;EUR
Muster Defensiv Plus cVV;15.06.2023;-0,0015860661;-2.820,99;1,1256745836;1.019.042,68;-0,002130237;EUR
Muster Defensiv Plus cVV;16.06.2023;0,0010804133;1.918,59;1,1278429738;1.020.961,26;0,001126655;EUR
Muster Defensiv Plus cVV;17.06.2023;0,0000326873;58,11;1,1279071655;1.021.019,37;0;EUR
Muster Defensiv Plus cVV;18.06.2023;0,0000326862;58,11;1,1279713571;1.021.077,48;0;EUR
Muster Defensiv Plus cVV;19.06.2023;-0,0024231555;-4.307,95;1,1232612456;1.016.769,53;-0,003279800;EUR
Muster Defensiv Plus cVV;20.06.2023;-0,0003951334;-700,78;1,1225358396;1.016.068,76;0,001212198;EUR
Muster Defensiv Plus cVV;21.06.2023;-0,0040172189;-7.121,79;1,1147162083;1.008.946,97;-0,003358048;EUR
Muster Defensiv Plus cVV;22.06.2023;0,0003601424;635,90;1,1154671832;1.009.582,87;-0,002515235;EUR
Muster Defensiv Plus cVV;23.06.2023;0,0010356742;1.829,34;1,1175368632;1.011.412,21;0,001781483;EUR
Muster Defensiv Plus cVV;24.06.2023;0,0000314025;55,52;1,1175982138;1.011.467,74;0;EUR
Muster Defensiv Plus cVV;25.06.2023;0,0000314015;55,52;1,1176595643;1.011.523,26;0;EUR
Muster Defensiv Plus cVV;26.06.2023;-0,0012708088;-2.247,13;1,1152249994;1.009.276,13;0,000062204;EUR
Muster Defensiv Plus cVV;27.06.2023;-0,0016517095;-2.916,96;1,1120500271;1.006.359,17;-0,000711126;EUR
Muster Defensiv Plus cVV;28.06.2023;0,0039201254;6.911,60;1,1197360033;1.013.270,77;0,003353324;EUR
Muster Defensiv Plus cVV;29.06.2023;0,0004911822;869,40;1,1207452757;1.014.140,17;-0,001510769;EUR
Muster Defensiv Plus cVV;30.06.2023;0,0039366005;6.971,28;1,1284981968;1.021.111,45;0,003847222;EUR
Muster Defensiv Plus cVV;01.07.2023;0,0000312577;55,57;1,1285596128;1.021.167,02;0;EUR
Muster Defensiv Plus cVV;02.07.2023;0,0000312567;55,57;1,1286210288;1.021.222,59;0;EUR
Muster Defensiv Plus cVV;03.07.2023;0,0001725501;306,79;1,1290089143;1.021.529,38;-0,001452305;EUR
Muster Defensiv Plus cVV;04.07.2023;0,0005067069;901,06;1,1300536384;1.022.430,44;-0,000021433;EUR
Muster Defensiv Plus cVV;05.07.2023;-0,0013356233;-2.376,31;1,1274759112;1.020.054,13;-0,000943394;EUR
Muster Defensiv Plus cVV;06.07.2023;-0,0104073628;-18.491,81;1,1070845417;1.001.562,32;-0,010740344;EUR
Muster Defensiv Plus cVV;07.07.2023;-0,0014050903;-2.470,58;1,1044013395;999.091,74;0,000257257;EUR
Muster Defensiv Plus cVV;08.07.2023;0,0000316179;55,52;1,1044627071;999.147,25;0;EUR
Muster Defensiv Plus cVV;09.07.2023;0,0000316169;55,52;1,1045240747;999.202,77;0;EUR
Muster Defensiv Plus cVV;10.07.2023;-0,0019288537;-3.386,97;1,1008275984;995.815,80;0,000548604;EUR
Muster Defensiv Plus cVV;11.07.2023;0,0022259316;3.901,08;1,1051877280;999.716,88;0,002320656;EUR
Muster Defensiv Plus cVV;12.07.2023;0,0039996111;7.025,17;1,1130020383;1.006.742,05;0,005583547;EUR
Muster Defensiv Plus cVV;13.07.2023;0,0054044794;9.530,74;1,1235871427;1.016.272,79;0,004788549;EUR
Muster Defensiv Plus cVV;14.07.2023;-0,0009949085;-1.763,99;1,1216851844;1.014.508,80;-0,001598437;EUR
Muster Defensiv Plus cVV;15.07.2023;0,0000312075;55,28;1,1217463005;1.014.564,08;0;EUR
Muster Defensiv Plus cVV;16.07.2023;0,0000312065;55,28;1,1218074166;1.014.619,35;0;EUR
Muster Defensiv Plus cVV;17.07.2023;-0,0014188236;-2.513,26;1,1190768200;1.012.106,10;0,000426159;EUR
Muster Defensiv Plus cVV;18.07.2023;0,0049763017;8.802,35;1,1288580637;1.020.908,44;0,005132875;EUR
Muster Defensiv Plus cVV;19.07.2023;-0,0013933014;-2.476,81;1,1261677865;1.018.431,63;0,000191146;EUR
Muster Defensiv Plus cVV;20.07.2023;-0,0000050324;-8,93;1,1262063137;1.018.422,70;-0,001260810;EUR
Muster Defensiv Plus cVV;21.07.2023;0,0014457814;2.566,51;1,1290929506;1.020.989,21;0,000906435;EUR
Muster Defensiv Plus cVV;22.07.2023;0,0000294597;52,37;1,1291508674;1.021.041,58;0;EUR
Muster Defensiv Plus cVV;23.07.2023;0,0000294589;52,37;1,1292087842;1.021.093,95;0;EUR
Muster Defensiv Plus cVV;24.07.2023;0,0038871575;6.910,75;1,1369000693;1.028.004,70;0,002831286;EUR
Muster Defensiv Plus cVV;25.07.2023;0,0031988388;5.709,13;1,1432630318;1.033.713,83;0,000762741;EUR
Muster Defensiv Plus cVV;26.07.2023;-0,0028706292;-5.139,75;1,1376273929;1.028.574,08;-0,002892542;EUR
Muster Defensiv Plus cVV;27.07.2023;0,0040104128;7.159,87;1,1455955043;1.035.733,96;0,004518585;EUR
Muster Defensiv Plus cVV;28.07.2023;0,0025302895;4.535,50;1,1506613989;1.040.269,45;0,001887351;EUR
Muster Defensiv Plus cVV;29.07.2023;0,0000314231;56,47;1,1507238591;1.040.325,92;0;EUR
Muster Defensiv Plus cVV;30.07.2023;0,0000314221;56,47;1,1507863193;1.040.382,39;0;EUR
Muster Defensiv Plus cVV;31.07.2023;0,0011277992;2.026,80;1,1530775948;1.042.409,19;0,000842680;EUR
Muster Defensiv Plus cVV;01.08.2023;-0,0031834429;-5.727,51;1,1467911172;1.036.681,68;-0,003607356;EUR
Muster Defensiv Plus cVV;02.08.2023;-0,0051435008;-9.224,50;1,1366354922;1.027.457,18;-0,003402432;EUR
Muster Defensiv Plus cVV;03.08.2023;-0,0039634686;-7.071,64;1,1288607040;1.020.385,54;-0,002789073;EUR
Muster Defensiv Plus cVV;04.08.2023;-0,0036715399;-6.524,81;1,1216902071;1.013.860,73;-0,001037531;EUR
Muster Defensiv Plus cVV;05.08.2023;0,0000306160;54,21;1,1217501813;1.013.914,94;0;EUR
Muster Defensiv Plus cVV;06.08.2023;0,0000306150;54,21;1,1218101556;1.013.969,15;0;EUR
Muster Defensiv Plus cVV;07.08.2023;0,0013916800;2.464,27;1,1245845706;1.016.433,42;0,001478367;EUR
Muster Defensiv Plus cVV;08.08.2023;0,0011871799;2.088,21;1,1269477561;1.018.521,62;0,000985110;EUR
Muster Defensiv Plus cVV;09.08.2023;0,0002479295;436,62;1,1274836391;1.018.958,24;-0,001243883;EUR
Muster Defensiv Plus cVV;10.08.2023;-0,0004257163;-749,90;1,1267066001;1.018.208,35;0,000651578;EUR
Muster Defensiv Plus cVV;11.08.2023;-0,0026898046;-4.736,05;1,1215183456;1.013.472,30;-0,004012602;EUR
Muster Defensiv Plus cVV;12.08.2023;0,0000286514;50,31;1,1215740213;1.013.522,61;0;EUR
Muster Defensiv Plus cVV;13.08.2023;0,0000286506;50,31;1,1216296970;1.013.572,92;0;EUR
Muster Defensiv Plus cVV;14.08.2023;0,0018939617;3.326,00;1,1253628874;1.016.898,92;0,001531483;EUR
Muster Defensiv Plus cVV;15.08.2023;-0,0045107102;-7.936,28;1,1166322871;1.008.962,63;-0,005029582;EUR
Muster Defensiv Plus cVV;16.08.2023;0,0004991790;874,31;1,1176520979;1.009.836,94;0,000315401;EUR
Muster Defensiv Plus cVV;17.08.2023;-0,0014620776;-2.562,10;1,1148685023;1.007.274,84;-0,003393222;EUR
Muster Defensiv Plus cVV;18.08.2023;-0,0007352881;-1.286,61;1,1134964159;1.005.988,23;0,000636802;EUR
Muster Defensiv Plus cVV;19.08.2023;0,0000289158;50,56;1,1135523790;1.006.038,79;0;EUR
Muster Defensiv Plus cVV;20.08.2023;0,0000289150;50,56;1,1136083421;1.006.089,35;0;EUR
Muster Defensiv Plus cVV;21.08.2023;-0,0004541270;-794,10;1,1127812815;1.005.295,26;-0,001145149;EUR
Muster Defensiv Plus cVV;22.08.2023;0,0047746076;8.345,19;1,1220710446;1.013.640,45;0,002734358;EUR
Muster Defensiv Plus cVV;23.08.2023;0,0063898293;11.221,64;1,1345459458;1.024.862,09;0,005766108;EUR
Muster Defensiv Plus cVV;24.08.2023;-0,0013024386;-2.301,92;1,1320503872;1.022.560,16;-0,002677219;EUR
Muster Defensiv Plus cVV;25.08.2023;-0,0010240260;-1.807,50;1,1301019562;1.020.752,66;0,000115137;EUR
Muster Defensiv Plus cVV;26.08.2023;0,0000287134;50,63;1,1301580099;1.020.803,29;0;EUR
Muster Defensiv Plus cVV;27.08.2023;0,0000287126;50,63;1,1302140635;1.020.853,92;0;EUR
Muster Defensiv Plus cVV;28.08.2023;0,0023545700;4.152,02;1,1348636715;1.025.005,94;0,002115888;EUR
Muster Defensiv Plus cVV;29.08.2023;0,0046573153;8.231,98;1,1440311415;1.033.237,92;0,005166344;EUR
Muster Defensiv Plus cVV;30.08.2023;0,0002250379;399,62;1,1445268095;1.033.637,54;-0,001577181;EUR
Muster Defensiv Plus cVV;31.08.2023;0,0036668042;6.512,87;1,1517918937;1.040.150,40;0,004338063;EUR
Muster Defensiv Plus cVV;01.09.2023;0,0011017156;1.964,01;1,1540202959;1.042.114,41;-0,001557211;EUR
Muster Defensiv Plus cVV;02.09.2023;0,0000283872;50,66;1,1540763971;1.042.165,07;0;EUR
Muster Defensiv Plus cVV;03.09.2023;0,0000283863;50,66;1,1541324983;1.042.215,73;0;EUR
Muster Defensiv Plus cVV;04.09.2023;-0,0017585580;-3.138,58;1,1507102970;1.039.077,15;-0,001094399;EUR
Muster Defensiv Plus cVV;05.09.2023;0,0018851805;3.358,65;1,1544833512;1.042.435,81;-0,000860841;EUR
Muster Defensiv Plus cVV;06.09.2023;-0,0054825472;-9.786,17;1,1436983391;1.032.649,64;-0,003113825;EUR
Muster Defensiv Plus cVV;07.09.2023;-0,0003571133;-633,94;1,1430492073;1.032.015,69;0,000120364;EUR
Muster Defensiv Plus cVV;08.09.2023;0,0017210834;3.054,14;1,1464850598;1.035.069,84;0,001122720;EUR
Muster Defensiv Plus cVV;09.09.2023;0,0000258117;45,88;1,1465358815;1.035.115,72;0;EUR
Muster Defensiv Plus cVV;10.09.2023;0,0000258110;45,88;1,1465867032;1.035.161,61;0;EUR
Muster Defensiv Plus cVV;11.09.2023;-0,0011179642;-1.987,40;1,1444383771;1.033.174,21;0,000698030;EUR
Muster Defensiv Plus cVV;12.09.2023;-0,0025311168;-4.494,52;1,1395125779;1.028.679,69;-0,001458049;EUR
Muster Defensiv Plus cVV;13.09.2023;0,0003573719;632,98;1,1402665107;1.029.312,67;-0,002045663;EUR
Muster Defensiv Plus cVV;14.09.2023;0,0097963053;17.357,53;1,1595487001;1.046.670,20;0,006554014;EUR
Muster Defensiv Plus cVV;15.09.2023;-0,0027927216;-4.996,74;1,1540664211;1.041.673,46;-0,001841608;EUR
Muster Defensiv Plus cVV;16.09.2023;0,0000276679;49,37;1,1541211126;1.041.722,82;0;EUR
Muster Defensiv Plus cVV;17.09.2023;0,0000276671;49,37;1,1541758041;1.041.772,19;0;EUR
Muster Defensiv Plus cVV;18.09.2023;-0,0035132181;-6.268,65;1,1472837902;1.035.503,54;-0,003662942;EUR
Muster Defensiv Plus cVV;19.09.2023;-0,0001134620;-201,74;1,1471132417;1.035.301,80;-0,001823316;EUR
Muster Defensiv Plus cVV;20.09.2023;-0,0008923414;-1.586,43;1,1454083384;1.033.715,36;0,000844077;EUR
Muster Defensiv Plus cVV;21.09.2023;-0,0064783934;-11.507,23;1,1327100068;1.022.208,13;-0,005018615;EUR
Muster Defensiv Plus cVV;22.09.2023;-0,0001671137;-294,91;1,1324354304;1.021.913,22;-0,000188871;EUR
Muster Defensiv Plus cVV;23.09.2023;0,0000280152;49,43;1,1324902078;1.021.962,65;0;EUR
Muster Defensiv Plus cVV;24.09.2023;0,0000280144;49,43;1,1325449853;1.022.012,08;0;EUR
Muster Defensiv Plus cVV;25.09.2023;-0,0001170789;-206,59;1,1323682395;1.021.805,49;-0,000791816;EUR
Muster Defensiv Plus cVV;26.09.2023;-0,0049148250;-8.671,41;1,1228102776;1.013.134,08;-0,004304532;EUR
Muster Defensiv Plus cVV;27.09.2023;0,0011593872;2.035,50;1,1251179309;1.015.169,58;-0,000177959;EUR
Muster Defensiv Plus cVV;28.09.2023;-0,0046495739;-8.172,56;1,1161116010;1.006.997,02;-0,002321640;EUR
Muster Defensiv Plus cVV;29.09.2023;0,0026686534;4.668,89;1,1213379733;1.011.665,90;0,004693979;EUR
Muster Defensiv Plus cVV;30.09.2023;0,0000299983;52,62;1,1213963009;1.011.718,53;0;EUR
Muster Defensiv Plus cVV;01.10.2023;0,0000299974;52,62;1,1214546285;1.011.771,15;0;EUR
Muster Defensiv Plus cVV;02.10.2023;0,0012714472;2.230,50;1,1239786146;1.014.001,65;-0,002542632;EUR
Muster Defensiv Plus cVV;03.10.2023;-0,0051929254;-9.121,55;1,1139189506;1.004.880,11;-0,004546853;EUR
Muster Defensiv Plus cVV;04.10.2023;0,0000744330;130,07;1,1141143061;1.005.010,17;0,000000934;EUR
Muster Defensiv Plus cVV;05.10.2023;-0,0004752952;-830,60;1,1132446507;1.004.179,57;0,001377413;EUR
Muster Defensiv Plus cVV;06.10.2023;0,0044081959;7.699,85;1,1218322692;1.011.879,42;0,003310145;EUR
Muster Defensiv Plus cVV;07.10.2023;0,0000299894;52,61;1,1218906002;1.011.932,03;0;EUR
Muster Defensiv Plus cVV;08.10.2023;0,0000299885;52,61;1,1219489311;1.011.984,65;0;EUR
Muster Defensiv Plus cVV;09.10.2023;0,0068823302;12.075,16;1,1353882855;1.024.059,81;0,002832456;EUR
Muster Defensiv Plus cVV;10.10.2023;0,0026745387;4.724,82;1,1406790504;1.028.784,63;0,004103894;EUR
Muster Defensiv Plus cVV;11.10.2023;0,0028371747;5.025,53;1,1463037120;1.033.810,16;0,001455180;EUR
Muster Defensiv Plus cVV;12.10.2023;0,0003358071;596,51;1,1470176682;1.034.406,67;-0,001506849;EUR
Muster Defensiv Plus cVV;13.10.2023;0,0010666267;1.895,33;1,1491719470;1.036.302,00;-0,002270101;EUR
Muster Defensiv Plus cVV;14.10.2023;0,0000276485;49,18;1,1492264858;1.036.351,18;0;EUR
Muster Defensiv Plus cVV;15.10.2023;0,0000276477;49,18;1,1492810247;1.036.400,36;0;EUR
Muster Defensiv Plus cVV;16.10.2023;-0,0010413272;-1.852,45;1,1472793138;1.034.547,91;0,000292648;EUR
Muster Defensiv Plus cVV;17.10.2023;-0,0045517572;-8.088,84;1,1383611317;1.026.459,08;-0,002689660;EUR
Muster Defensiv Plus cVV;18.10.2023;0,0000087369;15,46;1,1384303195;1.026.474,53;-0,004445295;EUR
Muster Defensiv Plus cVV;19.10.2023;-0,0049242532;-8.711,04;1,1288207696;1.017.763,50;-0,003316405;EUR
Muster Defensiv Plus cVV;20.10.2023;-0,0031239173;-5.499,02;1,1227729882;1.012.264,48;-0,003256133;EUR
Muster Defensiv Plus cVV;21.10.2023;0,0000259306;45,50;1,1228234587;1.012.309,98;0;EUR
Muster Defensiv Plus cVV;22.10.2023;0,0000259300;45,50;1,1228739292;1.012.355,49;0;EUR
Muster Defensiv Plus cVV;23.10.2023;-0,0029767013;-5.223,78;1,1171308771;1.007.131,71;-0,000946347;EUR
Muster Defensiv Plus cVV;24.10.2023;0,0070137384;12.271,68;1,1307944772;1.019.403,39;0,004192324;EUR
Muster Defensiv Plus cVV;25.10.2023;-0,0019804230;-3.489,38;1,1269752148;1.015.914,02;-0,002282846;EUR
Muster Defensiv Plus cVV;26.10.2023;-0,0021370425;-3.757,87;1,1228577148;1.012.156,14;-0,001753223;EUR
Muster Defensiv Plus cVV;27.10.2023;-0,0011971976;-2.100,71;1,1205783098;1.010.055,43;-0,000793464;EUR
Muster Defensiv Plus cVV;28.10.2023;0,0000259728;45,52;1,1206288103;1.010.100,95;0;EUR
Muster Defensiv Plus cVV;29.10.2023;0,0000259721;45,52;1,1206793107;1.010.146,47;0;EUR
Muster Defensiv Plus cVV;30.10.2023;0,0006235443;1.092,87;1,1219428686;1.011.239,35;0,002043263;EUR
Muster Defensiv Plus cVV;31.10.2023;0,0035474388;6.221,40;1,1288967335;1.017.460,74;0,003584206;EUR
Muster Defensiv Plus cVV;01.11.2023;0,0056269486;9.903,39;1,1399366480;1.027.364,13;0,005087847;EUR
Muster Defensiv Plus cVV;02.11.2023;0,0068449410;12.114,83;1,1534314148;1.039.478,96;0,005853118;EUR
Muster Defensiv Plus cVV;03.11.2023;0,0004420356;787,71;1,1543579574;1.040.266,68;0,001888099;EUR
Muster Defensiv Plus cVV;04.11.2023;0,0000255843;45,61;1,1544085715;1.040.312,29;0;EUR
Muster Defensiv Plus cVV;05.11.2023;0,0000255837;45,61;1,1544591857;1.040.357,90;0;EUR
Muster Defensiv Plus cVV;06.11.2023;0,0000624683;111,37;1,1546352403;1.040.469,27;-0,002133817;EUR
Muster Defensiv Plus cVV;07.11.2023;0,0009102502;1.622,98;1,1564888245;1.042.092,25;0,002162152;EUR
Muster Defensiv Plus cVV;08.11.2023;0,0004776150;852,36;1,1574873023;1.042.944,62;0,001207194;EUR
Muster Defensiv Plus cVV;09.11.2023;0,0004962482;886,04;1,1585232201;1.043.830,65;0,000556182;EUR
Muster Defensiv Plus cVV;10.11.2023;-0,0018404230;-3.287,66;1,1549267002;1.040.542,99;-0,000892869;EUR
Muster Defensiv Plus cVV;11.11.2023;0,0000255935;45,64;1,1549773518;1.040.588,63;0;EUR
Muster Defensiv Plus cVV;12.11.2023;0,0000255928;45,64;1,1550280034;1.040.634,26;0;EUR
Muster Defensiv Plus cVV;13.11.2023;0,0005037852;898,33;1,1560774947;1.041.532,59;0,000980984;EUR
Muster Defensiv Plus cVV;14.11.2023;0,0024815934;4.427,32;1,1610443304;1.045.959,92;0,007781156;EUR
Muster Defensiv Plus cVV;15.11.2023;0,0043775115;7.829,14;1,1697878750;1.053.789,06;0,001958812;EUR
Muster Defensiv Plus cVV;16.11.2023;0,0022587560;4.057,45;1,1743451219;1.057.846,51;0,001793007;EUR
Muster Defensiv Plus cVV;17.11.2023;-0,0018694843;-3.365,78;1,1706616448;1.054.480,73;0,001686930;EUR
Muster Defensiv Plus cVV;18.11.2023;0,0000253281;45,51;1,1707121745;1.054.526,25;0;EUR
Muster Defensiv Plus cVV;19.11.2023;0,0000253275;45,51;1,1707627043;1.054.571,76;0;EUR
Muster Defensiv Plus cVV;20.11.2023;0,0009444654;1.697,30;1,1727000489;1.056.269,07;-0,001072403;EUR
Muster Defensiv Plus cVV;21.11.2023;0,0029923556;5.382,65;1,1787293071;1.061.651,72;0,001223397;EUR
Muster Defensiv Plus cVV;22.11.2023;0,0023805537;4.294,96;1,1835513823;1.065.946,67;0,001773866;EUR
Muster Defensiv Plus cVV;23.11.2023;-0,0008225657;-1.487,59;1,1819530451;1.064.459,08;-0,001453074;EUR
Muster Defensiv Plus cVV;24.11.2023;-0,0016839406;-3.042,87;1,1786275152;1.061.416,22;-0,000352858;EUR
Muster Defensiv Plus cVV;25.11.2023;0,0000255364;46,07;1,1786786686;1.061.462,28;0;EUR
Muster Defensiv Plus cVV;26.11.2023;0,0000255357;46,07;1,1787298219;1.061.508,35;0;EUR
Muster Defensiv Plus cVV;27.11.2023;0,0011709808;2.112,50;1,1811288920;1.063.620,85;0,001959981;EUR
Muster Defensiv Plus cVV;28.11.2023;0,0023007111;4.155,44;1,1857968951;1.067.776,28;0,001917666;EUR
Muster Defensiv Plus cVV;29.11.2023;0,0040523910;7.336,08;1,1939976462;1.075.112,36;0,005029083;EUR
Muster Defensiv Plus cVV;30.11.2023;0,0030926221;5.621,29;1,2002946128;1.080.733,64;0,001478937;EUR
Muster Defensiv Plus cVV;01.12.2023;0,0052116553;9.502,23;1,2109026046;1.090.235,88;0,007779692;EUR
Muster Defensiv Plus cVV;02.12.2023;0,0000257773;47,24;1,2109550774;1.090.283,12;0;EUR
Muster Defensiv Plus cVV;03.12.2023;0,0000257767;47,24;1,2110075502;1.090.330,36;0;EUR
Muster Defensiv Plus cVV;04.12.2023;-0,0010459602;-1.917,10;1,2089326845;1.088.413,26;0,000551976;EUR
Muster Defensiv Plus cVV;05.12.2023;0,0043880469;8.034,27;1,2179113864;1.096.447,54;0,003649016;EUR
Muster Defensiv Plus cVV;06.12.2023;0,0035268516;6.485,81;1,2251707867;1.102.933,34;0,002356292;EUR
Muster Defensiv Plus cVV;07.12.2023;0,0006817938;1.258,23;1,2266235998;1.104.191,57;0,001482750;EUR
Muster Defensiv Plus cVV;08.12.2023;0,0002949509;544,69;1,2272838295;1.104.736,26;-0,000386066;EUR
Muster Defensiv Plus cVV;09.12.2023;0,0000256229;47,33;1,2273364124;1.104.783,60;0;EUR
Muster Defensiv Plus cVV;10.12.2023;0,0000256222;47,33;1,2273889954;1.104.830,93;0;EUR
Muster Defensiv Plus cVV;11.12.2023;-0,0011815595;-2.182,77;1,2250191074;1.102.648,16;0,001426841;EUR
Muster Defensiv Plus cVV;12.12.2023;0,0000817007;150,75;1,2252415887;1.102.798,91;0,000645026;EUR
Muster Defensiv Plus cVV;13.12.2023;0,0011204601;2.067,62;1,2275938524;1.104.866,53;0,003069533;EUR
Muster Defensiv Plus cVV;14.12.2023;-0,0008647643;-1.597,56;1,2258738078;1.103.268,97;0,001500649;EUR
Muster Defensiv Plus cVV;15.12.2023;0,0059991130;11.073,17;1,2382330265;1.114.342,14;0,003540413;EUR
Muster Defensiv Plus cVV;16.12.2023;0,0000254550;47,27;1,2382855483;1.114.389,40;0;EUR
Muster Defensiv Plus cVV;17.12.2023;0,0000254544;47,27;1,2383380701;1.114.436,67;0;EUR
Muster Defensiv Plus cVV;18.12.2023;-0,0016898454;-3.137,99;1,2349065317;1.111.298,68;-0,001731123;EUR
Muster Defensiv Plus cVV;19.12.2023;0,0020544761;3.808,65;1,2391943071;1.115.107,33;0,002467093;EUR
Muster Defensiv Plus cVV;20.12.2023;0,0008839205;1.642,01;1,2410745847;1.116.749,34;-0,000312936;EUR
Muster Defensiv Plus cVV;21.12.2023;0,0006337290;1.178,28;1,2424396287;1.117.927,62;0,001503177;EUR
Muster Defensiv Plus cVV;22.12.2023;0,0016634954;3.094,87;1,2459349116;1.121.022,48;0,000538802;EUR
Muster Defensiv Plus cVV;23.12.2023;0,0000253821;47,30;1,2459874831;1.121.069,78;0;EUR
Muster Defensiv Plus cVV;24.12.2023;0,0000253814;47,30;1,2460400545;1.121.117,08;0;EUR
Muster Defensiv Plus cVV;25.12.2023;-0,0001225014;-228,30;1,2458420044;1.120.888,78;0,000013031;EUR
Muster Defensiv Plus cVV;26.12.2023;-0,0001914159;-356,69;1,2455012007;1.120.532,10;0,000341746;EUR
Muster Defensiv Plus cVV;27.12.2023;-0,0000410965;-76,57;1,2454717161;1.120.455,53;0,001637861;EUR
Muster Defensiv Plus cVV;28.12.2023;0,0008023797;1.494,82;1,2471889967;1.121.950,35;-0,000308984;EUR
Muster Defensiv Plus cVV;29.12.2023;-0,0001287072;-239,97;1,2469778724;1.121.710,38;-0,000978944;EUR
Muster Defensiv Plus cVV;30.12.2023;0,0000253662;47,29;1,2470304421;1.121.757,67;0;EUR
Muster Defensiv Plus cVV;31.12.2023;0,0000223753;41,71;1,2470768145;1.121.799,38;0;EUR
Muster Defensiv Plus cVV;01.01.2024;-0,0003482001;-649,16;1,2464107429;1.121.150,22;0,000004006;EUR
Muster Defensiv Plus cVV;02.01.2024;0,0007963136;1.484,08;1,2481162608;1.122.634,30;-0,000630875;EUR
Muster Defensiv Plus cVV;03.01.2024;-0,0033491200;-6.246,67;1,2412266779;1.116.387,63;-0,003463005;EUR
Muster Defensiv Plus cVV;04.01.2024;-0,0043636447;-8.111,66;1,2322628099;1.108.275,97;-0,002581470;EUR
Muster Defensiv Plus cVV;05.01.2024;-0,0014887071;-2.755,31;1,2292539690;1.105.520,66;-0,001455397;EUR
Muster Defensiv Plus cVV;06.01.2024;0,0000256214;47,35;1,2293066182;1.105.568,01;0;EUR
Muster Defensiv Plus cVV;07.01.2024;0,0000256207;47,35;1,2293592673;1.105.615,36;0;EUR
Muster Defensiv Plus cVV;08.01.2024;0,0023651494;4.371,14;1,2342745585;1.109.986,50;0,003357797;EUR
Muster Defensiv Plus cVV;09.01.2024;-0,0014857137;-2.752,31;1,2312688183;1.107.234,19;-0,001006696;EUR
Muster Defensiv Plus cVV;10.01.2024;-0,0014744139;-2.727,32;1,2282905747;1.104.506,87;-0,000654517;EUR
Muster Defensiv Plus cVV;11.01.2024;-0,0020743464;-3.831,40;1,2240841710;1.100.675,47;-0,000978739;EUR
Muster Defensiv Plus cVV;12.01.2024;0,0072171003;13.302,61;1,2389333039;1.113.978,08;0,004187074;EUR
Muster Defensiv Plus cVV;13.01.2024;0,0000255158;47,37;1,2389859878;1.114.025,45;0;EUR
Muster Defensiv Plus cVV;14.01.2024;0,0000255151;47,37;1,2390386716;1.114.072,82;0;EUR
Muster Defensiv Plus cVV;15.01.2024;-0,0014887663;-2.764,05;1,2360194409;1.111.308,77;-0,001860866;EUR
Muster Defensiv Plus cVV;16.01.2024;-0,0011341900;-2.102,61;1,2337356168;1.109.206,17;-0,001100018;EUR
Muster Defensiv Plus cVV;17.01.2024;-0,0074198200;-13.739,56;1,2185075629;1.095.466,60;-0,005188694;EUR
Muster Defensiv Plus cVV;18.01.2024;0,0049798310;9.152,92;1,2287429911;1.104.619,52;0,002698364;EUR
Muster Defensiv Plus cVV;19.01.2024;0,0023108234;4.268,44;1,2335457191;1.108.887,97;0,000894271;EUR
Muster Defensiv Plus cVV;20.01.2024;0,0000256649;47,52;1,2335985772;1.108.935,48;0;EUR
Muster Defensiv Plus cVV;21.01.2024;0,0000256642;47,52;1,2336514353;1.108.983,00;0;EUR
Muster Defensiv Plus cVV;22.01.2024;0,0021201675;3.925,52;1,2380730800;1.112.908,52;0,003702924;EUR
Muster Defensiv Plus cVV;23.01.2024;0,0011785769;2.186,78;1,2405607104;1.115.095,30;-0,000481390;EUR
Muster Defensiv Plus cVV;24.01.2024;-0,0003097301;-575,36;1,2399754710;1.114.519,94;0,002529369;EUR
Muster Defensiv Plus cVV;25.01.2024;0,0047821508;8.880,70;1,2499111013;1.123.400,64;0,004113440;EUR
Muster Defensiv Plus cVV;26.01.2024;0,0009679482;1.806,13;1,2519759627;1.125.206,77;0,000106808;EUR
Muster Defensiv Plus cVV;27.01.2024;0,0000254540;47,54;1,2520288603;1.125.254,31;0;EUR
Muster Defensiv Plus cVV;28.01.2024;0,0000254534;47,54;1,2520817579;1.125.301,85;0;EUR
Muster Defensiv Plus cVV;29.01.2024;0,0036287337;6.777,87;1,2596789001;1.132.079,72;0,004199797;EUR
Muster Defensiv Plus cVV;30.01.2024;-0,0015042938;-2.819,97;1,2565965820;1.129.259,75;-0,001530000;EUR
Muster Defensiv Plus cVV;31.01.2024;-0,0013024481;-2.437,91;1,2539391185;1.126.821,84;0,000755998;EUR
Muster Defensiv Plus cVV;01.02.2024;0,0008011226;1.497,58;1,2556610433;1.128.319,42;0,001459305;EUR
Muster Defensiv Plus cVV;02.02.2024;-0,0005329607;-997,09;1,2546067501;1.127.322,33;-0,001453950;EUR
Muster Defensiv Plus cVV;03.02.2024;0,0000246860;46,16;1,2546581212;1.127.368,49;0;EUR
Muster Defensiv Plus cVV;04.02.2024;0,0000246854;46,16;1,2547094922;1.127.414,65;0;EUR
Muster Defensiv Plus cVV;05.02.2024;0,0001633172;305,39;1,2551046930;1.127.720,05;-0,002075691;EUR
Muster Defensiv Plus cVV;06.02.2024;0,0018268874;3.416,74;1,2589628489;1.131.136,79;0,002405916;EUR
Muster Defensiv Plus cVV;07.02.2024;-0,0009536068;-1.786,74;1,2570295496;1.129.350,04;-0,000116406;EUR
Muster Defensiv Plus cVV;08.02.2024;-0,0009117187;-1.706,63;1,2551852266;1.127.643,41;-0,001370193;EUR
Muster Defensiv Plus cVV;09.02.2024;-0,0003522126;-658,70;1,2545072210;1.126.984,71;-0,001226917;EUR
Muster Defensiv Plus cVV;10.02.2024;0,0000254744;47,62;1,2545602348;1.127.032,34;0;EUR
Muster Defensiv Plus cVV;11.02.2024;0,0000254738;47,62;1,2546132487;1.127.079,96;0;EUR
Muster Defensiv Plus cVV;12.02.2024;0,0018964968;3.545,71;1,2586155232;1.130.625,68;0,002083083;EUR
Muster Defensiv Plus cVV;13.02.2024;-0,0036122925;-6.766,39;1,2511381527;1.123.859,28;-0,003932665;EUR
Muster Defensiv Plus cVV;14.02.2024;0,0011541888;2.154,17;1,2535913624;1.126.013,45;0,002987360;EUR
Muster Defensiv Plus cVV;15.02.2024;0,0005011221;936,37;1,2546889247;1.126.949,82;0,002101477;EUR
Muster Defensiv Plus cVV;16.02.2024;-0,0009474762;-1.771,29;1,2527718526;1.125.178,53;-0,001438133;EUR
Muster Defensiv Plus cVV;17.02.2024;0,0000245697;45,89;1,2528229455;1.125.224,42;0;EUR
Muster Defensiv Plus cVV;18.02.2024;0,0000277069;51,75;1,2528805637;1.125.276,17;0;EUR
Muster Defensiv Plus cVV;19.02.2024;-0,0002052319;-383,33;1,2525087154;1.124.892,84;-0,000009298;EUR
Muster Defensiv Plus cVV;20.02.2024;-0,0002448480;-457,24;1,2520545178;1.124.435,60;-0,000653502;EUR
Muster Defensiv Plus cVV;21.02.2024;-0,0008090077;-1.510,39;1,2504275163;1.122.925,21;-0,000697880;EUR
Muster Defensiv Plus cVV;22.02.2024;0,0039699027;7.405,68;1,2587292279;1.130.330,89;0,005197837;EUR
Muster Defensiv Plus cVV;23.02.2024;0,0029219933;5.472,49;1,2648787559;1.135.803,38;0,002189348;EUR
Muster Defensiv Plus cVV;24.02.2024;0,0000311236;58,46;1,2649438601;1.135.861,85;0;EUR
Muster Defensiv Plus cVV;25.02.2024;0,0000311226;58,46;1,2650089643;1.135.920,31;0;EUR
Muster Defensiv Plus cVV;26.02.2024;-0,0049684362;-9.332,97;1,2546702961;1.126.587,34;-0,002167316;EUR
Muster Defensiv Plus cVV;27.02.2024;0,0019320491;3.611,23;1,2587471668;1.130.198,57;0,001286779;EUR
Muster Defensiv Plus cVV;28.02.2024;-0,0038108985;-7.136,79;1,2508533491;1.123.061,78;-0,000215792;EUR
Muster Defensiv Plus cVV;29.02.2024;0,0042447379;7.918,96;1,2597284600;1.130.980,74;0,002698518;EUR
Muster Defensiv Plus cVV;01.03.2024;0,0016505472;3.092,32;1,2632279976;1.134.073,06;0,002396334;EUR
Muster Defensiv Plus cVV;02.03.2024;0,0000311854;58,52;1,2632931852;1.134.131,58;0;EUR
Muster Defensiv Plus cVV;03.03.2024;0,0000311844;58,52;1,2633583728;1.134.190,10;0;EUR
Muster Defensiv Plus cVV;04.03.2024;-0,0005324739;-999,31;1,2623003898;1.133.190,80;-0,000691429;EUR
Muster Defensiv Plus cVV;05.03.2024;-0,0017141607;-3.215,29;1,2587737167;1.129.975,51;0,000674139;EUR
Muster Defensiv Plus cVV;06.03.2024;0,0011435430;2.141,29;1,2612141121;1.132.116,80;0,000072469;EUR
Muster Defensiv Plus cVV;07.03.2024;0,0038007109;7.125,00;1,2692069407;1.139.241,80;0,003917789;EUR
Muster Defensiv Plus cVV;08.03.2024;0,0015915295;2.994,90;1,2725989750;1.142.236,70;0,000745349;EUR
Muster Defensiv Plus cVV;09.03.2024;0,0000310203;58,47;1,2726641139;1.142.295,16;0;EUR
Muster Defensiv Plus cVV;10.03.2024;0,0000310194;58,47;1,2727292528;1.142.353,63;0;EUR
Muster Defensiv Plus cVV;11.03.2024;0,0000202725;38,21;1,2728272862;1.142.391,84;-0,001630589;EUR
Muster Defensiv Plus cVV;12.03.2024;0,0032725879;6.168,58;1,2797559152;1.148.560,42;0,003163500;EUR
Muster Defensiv Plus cVV;13.03.2024;-0,0012866907;-2.433,25;1,2771003195;1.146.127,17;-0,001055744;EUR
Muster Defensiv Plus cVV;14.03.2024;0,0010231210;1.932,33;1,2793091285;1.148.059,50;-0,001472126;EUR
Muster Defensiv Plus cVV;15.03.2024;-0,0037171341;-7.027,58;1,2715334346;1.141.031,91;-0,001688333;EUR
Muster Defensiv Plus cVV;16.03.2024;0,0000285050;53,69;1,2715932664;1.141.085,60;0;EUR
Muster Defensiv Plus cVV;17.03.2024;0,0000285042;53,69;1,2716530981;1.141.139,30;0;EUR
Muster Defensiv Plus cVV;18.03.2024;0,0022809512;4.296,56;1,2764965576;1.145.435,86;0,000645009;EUR
Muster Defensiv Plus cVV;19.03.2024;0,0003072855;580,15;1,2771985807;1.146.016,00;0,002585857;EUR
Muster Defensiv Plus cVV;20.03.2024;-0,0002885804;-545,00;1,2766466461;1.145.471,00;0,001347354;EUR
Muster Defensiv Plus cVV;21.03.2024;0,0047416032;8.952,16;1,2866798380;1.154.423,17;0,003856900;EUR
Muster Defensiv Plus cVV;22.03.2024;0,0013359812;2.534,30;1,2895604342;1.156.957,46;0,002735979;EUR
Muster Defensiv Plus cVV;23.03.2024;0,0000351830;66,83;1,2896349236;1.157.024,29;0;EUR
Muster Defensiv Plus cVV;24.03.2024;0,0000351818;66,83;1,2897094130;1.157.091,12;0;EUR
Muster Defensiv Plus cVV;25.03.2024;-0,0022832011;-4.337,22;1,2849308184;1.152.753,90;-0,001753977;EUR
Muster Defensiv Plus cVV;26.03.2024;0,0019056454;3.611,74;1,2890125729;1.156.365,64;0,001588557;EUR
Muster Defensiv Plus cVV;27.03.2024;0,0043485356;8.257,42;1,2982734657;1.164.623,07;0,004005266;EUR
Muster Defensiv Plus cVV;28.03.2024;0,0027765616;5.295,33;1,3042329740;1.169.918,40;0,000586214;EUR
Muster Defensiv Plus cVV;29.03.2024;0,0000034244;6,55;1,3042967421;1.169.924,95;0,000049899;EUR
Muster Defensiv Plus cVV;30.03.2024;0,0000327277;62,59;1,3043665213;1.169.987,54;0;EUR
Muster Defensiv Plus cVV;31.03.2024;0,0000297467;56,89;1,3044299467;1.170.044,43;0;EUR
Muster Defensiv Plus cVV;01.04.2024;0,0021365994;4.086,41;1,3090423477;1.174.130,84;0,000240303;EUR
Muster Defensiv Plus cVV;02.04.2024;-0,0038133103;-7.308,83;1,3009499796;1.166.822,01;-0,005140258;EUR
Muster Defensiv Plus cVV;03.04.2024;0,0005366855;1.024,72;1,3021487922;1.167.846,73;0,000450731;EUR
Muster Defensiv Plus cVV;04.04.2024;-0,0005356034;-1.023,21;1,3010641425;1.166.823,53;-0,000240408;EUR
Muster Defensiv Plus cVV;05.04.2024;-0,0007517269;-1.435,31;1,2995198300;1.165.388,21;-0,001517236;EUR
Muster Defensiv Plus cVV;06.04.2024;0,0000351391;67,04;1,2995945891;1.165.455,26;0;EUR
Muster Defensiv Plus cVV;07.04.2024;0,0000351379;67,04;1,2996693481;1.165.522,30;0;EUR
Muster Defensiv Plus cVV;08.04.2024;0,0020352663;3.883,40;1,3040560119;1.169.405,70;-0,000085775;EUR
Muster Defensiv Plus cVV;09.04.2024;0,0022648885;4.330,33;1,3089414360;1.173.736,02;-0,000482985;EUR
Muster Defensiv Plus cVV;10.04.2024;0,0014492917;2.777,23;1,3120951796;1.176.513,25;-0,001604274;EUR
Muster Defensiv Plus cVV;11.04.2024;0,0012326095;2.365,43;1,3147898935;1.178.878,69;-0,001188691;EUR
Muster Defensiv Plus cVV;12.04.2024;0,0038660620;7.428,29;1,3231316034;1.186.306,98;0,002538744;EUR
Muster Defensiv Plus cVV;13.04.2024;0,0000348122;67,15;1,3232064951;1.186.374,13;0;EUR
Muster Defensiv Plus cVV;14.04.2024;0,0000348110;67,15;1,3232813867;1.186.441,28;0;EUR
Muster Defensiv Plus cVV;15.04.2024;-0,0044640968;-8.611,12;1,3137336750;1.177.830,15;-0,003092414;EUR
Muster Defensiv Plus cVV;16.04.2024;-0,0050633405;-9.723,45;1,3029443901;1.168.106,70;-0,005393212;EUR
Muster Defensiv Plus cVV;17.04.2024;-0,0012957112;-2.475,64;1,3002389417;1.165.631,07;-0,000597643;EUR
Muster Defensiv Plus cVV;18.04.2024;-0,0012555811;-2.395,85;1,2976222319;1.163.235,22;-0,000322100;EUR
Muster Defensiv Plus cVV;19.04.2024;-0,0021558614;-4.108,57;1,2930946026;1.159.126,65;-0,003347108;EUR
Muster Defensiv Plus cVV;20.04.2024;0,0000353057;67,14;1,2931695017;1.159.193,78;0;EUR
Muster Defensiv Plus cVV;21.04.2024;0,0000353044;67,14;1,2932444008;1.159.260,92;0;EUR
Muster Defensiv Plus cVV;22.04.2024;0,0012925307;2.458,13;1,2960423278;1.161.719,05;0,004227650;EUR
Muster Defensiv Plus cVV;23.04.2024;0,0020185800;3.843,88;1,3003865188;1.165.562,93;0,004127227;EUR
Muster Defensiv Plus cVV;24.04.2024;0,0014668815;2.798,95;1,3035652011;1.168.361,88;-0,002208183;EUR
Muster Defensiv Plus cVV;25.04.2024;-0,0051916934;-9.920,77;1,2925518633;1.158.441,11;-0,004343886;EUR
Muster Defensiv Plus cVV;26.04.2024;0,0087261279;16.588,13;1,3111166218;1.175.029,24;0,005752608;EUR
Muster Defensiv Plus cVV;27.04.2024;0,0000359466;68,93;1,3111935347;1.175.098,17;0;EUR
Muster Defensiv Plus cVV;28.04.2024;0,0000359453;68,93;1,3112704476;1.175.167,10;0;EUR
Muster Defensiv Plus cVV;29.04.2024;0,0007157360;1.372,57;1,3128582725;1.176.539,67;0,001374568;EUR
Muster Defensiv Plus cVV;30.04.2024;-0,0047594812;-9.133,79;1,3027220432;1.167.405,88;-0,005818133;EUR
Muster Defensiv Plus cVV;01.05.2024;-0,0008611560;-1.644,75;1,3009423737;1.165.761,13;-0,000449537;EUR
Muster Defensiv Plus cVV;02.05.2024;0,0014015395;2.674,55;1,3039828976;1.168.435,68;0,002005591;EUR
Muster Defensiv Plus cVV;03.05.2024;0,0033580999;6.367,18;1,3111502839;1.174.802,86;0,003787840;EUR
Muster Defensiv Plus cVV;04.05.2024;0,0000363280;69,11;1,3112274166;1.174.871,97;0;EUR
Muster Defensiv Plus cVV;05.05.2024;0,0000363267;69,11;1,3113045493;1.174.941,08;0;EUR
Muster Defensiv Plus cVV;06.05.2024;0,0038005294;7.230,78;1,3194364593;1.182.171,86;0,004075253;EUR
Muster Defensiv Plus cVV;07.05.2024;0,0088888697;16.975,99;1,3384463579;1.199.147,85;0,004361338;EUR
Muster Defensiv Plus cVV;08.05.2024;-0,0000650682;-125,37;1,3383691791;1.199.022,48;-0,000231544;EUR
Muster Defensiv Plus cVV;09.05.2024;0,0016416837;3.162,96;1,3419626209;1.202.185,44;0,001666550;EUR
Muster Defensiv Plus cVV;10.05.2024;0,0049521301;9.556,70;1,3526938454;1.211.742,14;0,000801670;EUR
Muster Defensiv Plus cVV;11.05.2024;0,0000349643;67,81;1,3527695418;1.211.809,95;0;EUR
Muster Defensiv Plus cVV;12.05.2024;0,0000349631;67,81;1,3528452382;1.211.877,76;0;EUR
Muster Defensiv Plus cVV;13.05.2024;-0,0034924905;-6.773,72;1,3453465916;1.205.104,04;-0,000325452;EUR
Muster Defensiv Plus cVV;14.05.2024;-0,0003073592;-594,04;1,3447463584;1.204.509,99;-0,000773289;EUR
Muster Defensiv Plus cVV;15.05.2024;0,0042890742;8.287,10;1,3540616386;1.212.797,09;0,006033151;EUR
Muster Defensiv Plus cVV;16.05.2024;0,0021716918;4.214,01;1,3588300353;1.217.011,10;-0,001894409;EUR
Muster Defensiv Plus cVV;17.05.2024;0,0008109746;1.577,06;1,3606544662;1.218.588,16;-0,002193794;EUR
Muster Defensiv Plus cVV;18.05.2024;0,0000348587;67,84;1,3607302181;1.218.656,00;0;EUR
Muster Defensiv Plus cVV;19.05.2024;0,0000348575;67,84;1,3608059700;1.218.723,84;0;EUR
Muster Defensiv Plus cVV;20.05.2024;0,0018297049;3.561,26;1,3648461735;1.222.285,10;0,000528325;EUR
Muster Defensiv Plus cVV;21.05.2024;0,0007765148;1.514,14;1,3666007344;1.223.799,24;0,000736495;EUR
Muster Defensiv Plus cVV;22.05.2024;-0,0023667132;-4.618,48;1,3615068963;1.219.180,76;-0,001500347;EUR
Muster Defensiv Plus cVV;23.05.2024;-0,0057089714;-11.114,29;1,3491580791;1.208.066,47;-0,003181814;EUR
Muster Defensiv Plus cVV;24.05.2024;-0,0002266466;-438,72;1,3487310222;1.207.627,75;0,001305309;EUR
Muster Defensiv Plus cVV;25.05.2024;0,0000332960;64,44;1,3488029876;1.207.692,19;0;EUR
Muster Defensiv Plus cVV;26.05.2024;0,0000332949;64,44;1,3488749530;1.207.756,62;0;EUR
Muster Defensiv Plus cVV;27.05.2024;0,0018590909;3.598,06;1,3529564939;1.211.354,68;0,001917866;EUR
Muster Defensiv Plus cVV;28.05.2024;-0,0016896414;-3.276,19;1,3493602051;1.208.078,49;-0,001652824;EUR
Muster Defensiv Plus cVV;29.05.2024;-0,0035697128;-6.909,93;1,3417046679;1.201.168,57;-0,004745895;EUR
Muster Defensiv Plus cVV;30.05.2024;-0,0023727212;-4.576,50;1,3366549408;1.196.592,06;-0,000524022;EUR
Muster Defensiv Plus cVV;31.05.2024;0,0009215670;1.773,30;1,3386981013;1.198.365,36;0,001506475;EUR
Muster Defensiv Plus cVV;01.06.2024;0,0000363546;70,02;1,3387763196;1.198.435,38;0;EUR
Muster Defensiv Plus cVV;02.06.2024;0,0000363533;70,02;1,3388545379;1.198.505,40;0;EUR
Muster Defensiv Plus cVV;03.06.2024;0,0028573371;5.503,62;1,3450652128;1.204.009,02;0,003136959;EUR
Muster Defensiv Plus cVV;04.06.2024;-0,0005763152;-1.113,23;1,3438840352;1.202.895,79;-0,000670524;EUR
Muster Defensiv Plus cVV;05.06.2024;0,0071393053;13.782,62;1,3593452484;1.216.678,41;0,003917821;EUR
Muster Defensiv Plus cVV;06.06.2024;0,0013932246;2.708,86;1,3624350301;1.219.387,27;-0,000352310;EUR
Muster Defensiv Plus cVV;07.06.2024;-0,0015465687;-3.011,20;1,3591336863;1.216.376,07;-0,002430105;EUR
Muster Defensiv Plus cVV;08.06.2024;0,0000373525;72,61;1,3592148220;1.216.448,69;0;EUR
Muster Defensiv Plus cVV;09.06.2024;0,0000373511;72,61;1,3592959578;1.216.521,30;0;EUR
Muster Defensiv Plus cVV;10.06.2024;0,0002505014;487,01;1,3599032363;1.217.008,31;0,000014301;EUR
Muster Defensiv Plus cVV;11.06.2024;0,0025890513;5.034,77;1,3655925086;1.222.043,08;0,000443326;EUR
Muster Defensiv Plus cVV;12.06.2024;0,0031884101;6.216,36;1,3726027256;1.228.259,44;0,004703369;EUR
Muster Defensiv Plus cVV;13.06.2024;0,0002951180;577,22;1,3733114225;1.228.836,66;-0,001890168;EUR
Muster Defensiv Plus cVV;14.06.2024;0,0007212047;1.411,01;1,3749520216;1.230.247,68;0,002035244;EUR
Muster Defensiv Plus cVV;15.06.2024;0,0000405599;79,41;1,3750407736;1.230.327,09;0;EUR
Muster Defensiv Plus cVV;16.06.2024;0,0000405583;79,41;1,3751295256;1.230.406,50;0;EUR
Muster Defensiv Plus cVV;17.06.2024;-0,0004383475;-858,30;1,3742338996;1.229.548,20;-0,000599347;EUR
Muster Defensiv Plus cVV;18.06.2024;0,0015499575;3.033,54;1,3776881746;1.232.581,74;0,001399253;EUR
Muster Defensiv Plus cVV;19.06.2024;0,0001644916;322,44;1,3781123248;1.232.904,18;-0,000575533;EUR
Muster Defensiv Plus cVV;20.06.2024;0,0026638902;5.222,65;1,3840140819;1.238.126,83;0,001197829;EUR
Muster Defensiv Plus cVV;21.06.2024;-0,0012590749;-2.475,04;1,3813112574;1.235.651,79;0,000539525;EUR
Muster Defensiv Plus cVV;22.06.2024;0,0000404565;79,43;1,3814000478;1.235.731,22;0;EUR
Muster Defensiv Plus cVV;23.06.2024;0,0000404548;79,43;1,3814888382;1.235.810,65;0;EUR
Muster Defensiv Plus cVV;24.06.2024;0,0000515548;101,22;1,3816658263;1.235.911,87;0,000524911;EUR
Muster Defensiv Plus cVV;25.06.2024;0,0030345902;5.958,55;1,3883911926;1.241.870,42;-0,000127113;EUR
Muster Defensiv Plus cVV;26.06.2024;-0,0008651175;-1.703,85;1,3865503142;1.240.166,57;-0,000638400;EUR
Muster Defensiv Plus cVV;27.06.2024;0,0012046403;2.370,49;1,3892646999;1.242.537,06;0,000398357;EUR
Muster Defensiv Plus cVV;28.06.2024;-0,0017660234;-3.479,36;1,3854383590;1.239.057,70;-0,000918191;EUR
Muster Defensiv Plus cVV;29.06.2024;0,0000404081;79,47;1,3855272176;1.239.137,17;0;EUR
Muster Defensiv Plus cVV;30.06.2024;0,0000404064;79,47;1,3856160762;1.239.216,64;0;EUR
Muster Defensiv Plus cVV;01.07.2024;0,0012421751;2.443,17;1,3884118770;1.241.659,81;-0,001765990;EUR
Muster Defensiv Plus cVV;02.07.2024;-0,0011671830;-2.298,52;1,3859055455;1.239.361,28;-0,000362904;EUR
Muster Defensiv Plus cVV;03.07.2024;0,0035735882;7.029,22;1,3938301046;1.246.390,51;0,003712183;EUR
Muster Defensiv Plus cVV;04.07.2024;0,0015202891;3.001,08;1,3972505156;1.249.391,59;0,000239366;EUR
Muster Defensiv Plus cVV;05.07.2024;0,0027088974;5.355,55;1,4033044378;1.254.747,14;0,001979490;EUR
Muster Defensiv Plus cVV;06.07.2024;0,0000432438;85,73;1,4034003130;1.254.832,87;0;EUR
Muster Defensiv Plus cVV;07.07.2024;0,0000432626;85,77;1,4034962339;1.254.918,63;0;EUR
Muster Defensiv Plus cVV;08.07.2024;-0,0000044249;-8,77;1,4035509744;1.254.909,86;0,000531407;EUR
Muster Defensiv Plus cVV;09.07.2024;-0,0016878278;-3.346,19;1,3998727922;1.251.563,67;-0,002938785;EUR
Muster Defensiv Plus cVV;10.07.2024;0,0052358557;10.362,78;1,4115284102;1.261.926,45;0,004105891;EUR
Muster Defensiv Plus cVV;11.07.2024;-0,0009257878;-1.841,91;1,4095328827;1.260.084,54;0,002254635;EUR
Muster Defensiv Plus cVV;12.07.2024;0,0001574099;312,89;1,4099476074;1.260.397,43;0,002079849;EUR
Muster Defensiv Plus cVV;13.07.2024;0,0000431227;85,73;1,4100435085;1.260.483,16;0;EUR
Muster Defensiv Plus cVV;14.07.2024;0,0000431208;85,73;1,4101394096;1.260.568,89;0;EUR
Muster Defensiv Plus cVV;15.07.2024;0,0015537701;3.089,21;1,4136600305;1.263.658,09;-0,000743191;EUR
Muster Defensiv Plus cVV;16.07.2024;-0,0008644774;-1.721,42;1,4117990218;1.261.936,67;0,001588145;EUR
Muster Defensiv Plus cVV;17.07.2024;-0,0050840374;-10.115,04;1,4005469770;1.251.821,63;-0,003201059;EUR
Muster Defensiv Plus cVV;18.07.2024;-0,0018921775;-3.745,48;1,3964205060;1.248.076,16;-0,001071644;EUR
Muster Defensiv Plus cVV;19.07.2024;-0,0063948606;-12.634,37;1,3823477528;1.235.441,78;-0,003627051;EUR
Muster Defensiv Plus cVV;20.07.2024;0,0000437047;85,80;1,3824437503;1.235.527,58;0;EUR
Muster Defensiv Plus cVV;21.07.2024;0,0000437028;85,80;1,3825397477;1.235.613,37;0;EUR
Muster Defensiv Plus cVV;22.07.2024;0,0029484079;5.788,45;1,3890800961;1.241.401,82;0,003167368;EUR
Muster Defensiv Plus cVV;23.07.2024;0,0019522405;3.844,03;1,3934451829;1.245.245,84;0,003163958;EUR
Muster Defensiv Plus cVV;24.07.2024;-0,0052758620;-10.408,63;1,3818610173;1.234.837,22;-0,003939979;EUR
Muster Defensiv Plus cVV;25.07.2024;-0,0076250489;-14.963,92;1,3651778696;1.219.873,30;-0,001108267;EUR
Muster Defensiv Plus cVV;26.07.2024;0,0036585986;7.125,14;1,3732144756;1.226.998,44;0,003232945;EUR
Muster Defensiv Plus cVV;27.07.2024;0,0000439010;85,81;1,3733105114;1.227.084,25;0;EUR
Muster Defensiv Plus cVV;28.07.2024;0,0000438990;85,81;1,3734065471;1.227.170,06;0;EUR
Muster Defensiv Plus cVV;29.07.2024;0,0021128493;4.130,20;1,3780918822;1.231.300,26;0,000767889;EUR
Muster Defensiv Plus cVV;30.07.2024;0,0012233487;2.396,46;1,3808370902;1.233.696,71;0,001325083;EUR
Muster Defensiv Plus cVV;31.07.2024;0,0053350873;10.463,86;1,3926125107;1.244.160,57;0,004625840;EUR
Muster Defensiv Plus cVV;01.08.2024;-0,0018786452;-3.704,30;1,3885295697;1.240.456,27;-0,004404193;EUR
Muster Defensiv Plus cVV;02.08.2024;-0,0138930266;-27.342,69;1,3579849094;1.213.113,58;-0,007265836;EUR
Muster Defensiv Plus cVV;03.08.2024;0,0000466437;90,52;1,3580862433;1.213.204,11;0;EUR
Muster Defensiv Plus cVV;04.08.2024;0,0000466415;90,52;1,3581875771;1.213.294,63;0;EUR
Muster Defensiv Plus cVV;05.08.2024;-0,0162015994;-31.446,10;1,3230464562;1.181.848,53;-0,010335706;EUR
Muster Defensiv Plus cVV;06.08.2024;0,0028388788;5.420,78;1,3291754295;1.187.269,31;0,002301275;EUR
Muster Defensiv Plus cVV;07.08.2024;0,0050114263;9.596,38;1,3399798263;1.196.865,69;0,000719676;EUR
Muster Defensiv Plus cVV;08.08.2024;0,0038386689;7.387,51;1,3483120638;1.204.253,20;0,004207833;EUR
Muster Defensiv Plus cVV;09.08.2024;0,0035725121;6.901,68;1,3561010618;1.211.154,88;0,002173051;EUR
Muster Defensiv Plus cVV;10.08.2024;0,0000466900;90,52;1,3562024170;1.211.245,40;0;EUR
Muster Defensiv Plus cVV;11.08.2024;0,0000466878;90,52;1,3563037722;1.211.335,92;0;EUR
Muster Defensiv Plus cVV;12.08.2024;0,0019284632;3.739,23;1,3605523735;1.215.075,15;-0,000476585;EUR
Muster Defensiv Plus cVV;13.08.2024;0,0033373270;6.447,11;1,3678376487;1.221.522,26;0,004973997;EUR
Muster Defensiv Plus cVV;14.08.2024;-0,0003597423;-697,28;1,3671230635;1.220.824,98;0,000611421;EUR
Muster Defensiv Plus cVV;15.08.2024;0,0056601927;10.967,01;1,3794710849;1.231.791,99;0,003665975;EUR
Muster Defensiv Plus cVV;16.08.2024;0,0023000144;4.481,66;1,3845570432;1.236.273,64;0,002519783;EUR
Muster Defensiv Plus cVV;17.08.2024;0,0000458406;89,53;1,3846573089;1.236.363,17;0;EUR
Muster Defensiv Plus cVV;18.08.2024;0,0000458385;89,53;1,3847575745;1.236.452,70;0;EUR
Muster Defensiv Plus cVV;19.08.2024;0,0023542436;4.598,30;1,3899746381;1.241.051,00;0,001298255;EUR
Muster Defensiv Plus cVV;20.08.2024;0,0002632910;515,47;1,3906191931;1.241.566,47;-0,000255928;EUR
Muster Defensiv Plus cVV;21.08.2024;-0,0007673578;-1.502,72;1,3890031866;1.240.063,74;0,002088590;EUR
Muster Defensiv Plus cVV;22.08.2024;-0,0014131571;-2.765,27;1,3859727312;1.237.298,47;-0,001475610;EUR
Muster Defensiv Plus cVV;23.08.2024;0,0008592394;1.678,99;1,3879204792;1.238.977,46;0,003261005;EUR
Muster Defensiv Plus cVV;24.08.2024;0,0000457350;89,44;1,3880206767;1.239.066,90;0;EUR
Muster Defensiv Plus cVV;25.08.2024;0,0000457329;89,44;1,3881208742;1.239.156,35;0;EUR
Muster Defensiv Plus cVV;26.08.2024;0,0003472947;679,27;1,3889488369;1.239.835,62;-0,000956918;EUR
Muster Defensiv Plus cVV;27.08.2024;-0,0002041425;-399,42;1,3885683614;1.239.436,20;0,000312677;EUR
Muster Defensiv Plus cVV;28.08.2024;0,0011012991;2.154,34;1,3910489880;1.241.590,54;0,001277373;EUR
Muster Defensiv Plus cVV;29.08.2024;0,0041471303;8.121,46;1,4002155701;1.249.712,00;0,002250999;EUR
Muster Defensiv Plus cVV;30.08.2024;0,0003803360;747,91;1,4011210544;1.250.459,91;0,001188705;EUR
Muster Defensiv Plus cVV;31.08.2024;0,0000426749;83,95;1,4012151193;1.250.543,86;0;EUR
Muster Defensiv Plus cVV;01.09.2024;0,0000455024;89,52;1,4013154209;1.250.633,38;0;EUR
Muster Defensiv Plus cVV;02.09.2024;-0,0014546433;-2.861,83;1,3981761116;1.247.771,55;-0,001113206;EUR
Muster Defensiv Plus cVV;03.09.2024;-0,0050198144;-9.861,50;1,3871926938;1.237.910,05;-0,002755032;EUR
Muster Defensiv Plus cVV;04.09.2024;-0,0035613285;-6.961,16;1,3794584378;1.230.948,89;-0,001198113;EUR
Muster Defensiv Plus cVV;05.09.2024;-0,0016311103;-3.176,90;1,3759644268;1.227.771,99;-0,000229729;EUR
Muster Defensiv Plus cVV;06.09.2024;-0,0050353107;-9.791,24;1,3650570035;1.217.980,76;-0,004060514;EUR
Muster Defensiv Plus cVV;07.09.2024;0,0000462587;89,50;1,3651573084;1.218.070,25;0;EUR
Muster Defensiv Plus cVV;08.09.2024;0,0000462565;89,50;1,3652576134;1.218.159,75;0;EUR
Muster Defensiv Plus cVV;09.09.2024;0,0034050697;6.588,48;1,3727076325;1.224.748,23;0,004245857;EUR
Muster Defensiv Plus cVV;10.09.2024;0,0020596100;3.998,71;1,3772555682;1.228.746,94;-0,000359359;EUR
Muster Defensiv Plus cVV;11.09.2024;0,0011503304;2.237,96;1,3798302469;1.230.984,90;0,003557177;EUR
Muster Defensiv Plus cVV;12.09.2024;0,0041114741;8.008,03;1,3888732187;1.238.992,93;0,001150043;EUR
Muster Defensiv Plus cVV;13.09.2024;0,0049820545;9.743,58;1,3998626172;1.248.736,51;0,002239080;EUR
Muster Defensiv Plus cVV;14.09.2024;0,0000455439;89,52;1,3999629663;1.248.826,03;0;EUR
Muster Defensiv Plus cVV;15.09.2024;0,0000455418;89,52;1,4000633154;1.248.915,54;0;EUR
Muster Defensiv Plus cVV;16.09.2024;-0,0013994520;-2.750,84;1,3970465325;1.246.164,70;0,000133686;EUR
Muster Defensiv Plus cVV;17.09.2024;-0,0008419097;-1.652,59;1,3952607135;1.244.512,11;0,000302836;EUR
Muster Defensiv Plus cVV;18.09.2024;-0,0009555212;-1.874,02;1,3932264273;1.242.638,09;-0,001649450;EUR
Muster Defensiv Plus cVV;19.09.2024;0,0060995231;11.951,29;1,4066933756;1.254.589,38;0,006431376;EUR
Muster Defensiv Plus cVV;20.09.2024;-0,0008458191;-1.667,39;1,4048910693;1.252.921,99;-0,004323816;EUR
Muster Defensiv Plus cVV;21.09.2024;0,0000449822;88,60;1,4049904155;1.253.010,59;0;EUR
Muster Defensiv Plus cVV;22.09.2024;0,0000449801;88,60;1,4050897617;1.253.099,18;0;EUR
Muster Defensiv Plus cVV;23.09.2024;0,0035364615;6.966,27;1,4129685744;1.260.065,45;0,003991582;EUR
Muster Defensiv Plus cVV;24.09.2024;0,0018209574;3.599,68;1,4170728212;1.263.665,14;0,003092467;EUR
Muster Defensiv Plus cVV;25.09.2024;0,0003729528;738,60;1,4179688566;1.264.403,74;-0,002299599;EUR
Muster Defensiv Plus cVV;26.09.2024;0,0033173336;6.572,12;1,4254072786;1.270.975,86;0,004654606;EUR
Muster Defensiv Plus cVV;27.09.2024;0,0020117145;3.998,72;1,4299601548;1.274.974,58;0,003128059;EUR
Muster Defensiv Plus cVV;28.09.2024;0,0000446532;88,94;1,4300599023;1.275.063,52;0;EUR
Muster Defensiv Plus cVV;29.09.2024;0,0000446512;88,94;1,4301596499;1.275.152,45;0;EUR
Muster Defensiv Plus cVV;30.09.2024;0,0005130773;1.022,00;1,4313742017;1.276.174,45;-0,000770755;EUR
Muster Defensiv Plus cVV;01.10.2024;0,0029218219;5.822,95;1,4379739054;1.281.997,40;0,001271810;EUR
Muster Defensiv Plus cVV;02.10.2024;-0,0003480149;-695,59;1,4372622268;1.281.301,81;-0,001533277;EUR
Muster Defensiv Plus cVV;03.10.2024;-0,0010927491;-2.183,36;1,4348815056;1.279.118,45;-0,002280728;EUR
Muster Defensiv Plus cVV;04.10.2024;0,0024755947;4.940,94;1,4404927628;1.284.059,39;0,000204650;EUR
Muster Defensiv Plus cVV;05.10.2024;0,0000441301;88,30;1,4405918153;1.284.147,69;0;EUR
Muster Defensiv Plus cVV;06.10.2024;0,0000441282;88,30;1,4406908678;1.284.235,98;0;EUR
Muster Defensiv Plus cVV;07.10.2024;-0,0026307254;-5.264,03;1,4348538793;1.278.971,96;-0,002360382;EUR
Muster Defensiv Plus cVV;08.10.2024;-0,0026962010;-5.380,85;1,4288852347;1.273.591,11;0,000641391;EUR
Muster Defensiv Plus cVV;09.10.2024;0,0029360736;5.843,77;1,4355098646;1.279.434,88;0,003032675;EUR
Muster Defensiv Plus cVV;10.10.2024;0,0009022251;1.801,00;1,4375989445;1.281.235,88;-0,000282540;EUR
Muster Defensiv Plus cVV;11.10.2024;0,0035111041;7.015,11;1,4455389113;1.288.250,99;0,001972071;EUR
Muster Defensiv Plus cVV;12.10.2024;0,0000440475;88,31;1,4456380089;1.288.339,30;0;EUR
Muster Defensiv Plus cVV;13.10.2024;0,0000440455;88,31;1,4457371065;1.288.427,62;0;EUR
Muster Defensiv Plus cVV;14.10.2024;0,0028291418;5.672,91;1,4521716584;1.294.100,53;0,002866653;EUR
Muster Defensiv Plus cVV;15.10.2024;-0,0015629514;-3.142,85;1,4487137342;1.290.957,68;0,000570291;EUR
Muster Defensiv Plus cVV;16.10.2024;0,0012714184;2.552,63;1,4516472206;1.293.510,30;0,001590821;EUR
Muster Defensiv Plus cVV;17.10.2024;0,0029379646;5.906,05;1,4583445254;1.299.416,36;0,002217281;EUR
Muster Defensiv Plus cVV;18.10.2024;0,0005395131;1.087,74;1,4596345536;1.300.504,10;0,002116665;EUR
Muster Defensiv Plus cVV;19.10.2024;0,0000437978;88,35;1,4597337153;1.300.592,45;0;EUR
Muster Defensiv Plus cVV;20.10.2024;0,0000437959;88,35;1,4598328770;1.300.680,80;0;EUR
Muster Defensiv Plus cVV;21.10.2024;-0,0018846616;-3.802,16;1,4556345067;1.296.878,64;-0,004324531;EUR
Muster Defensiv Plus cVV;22.10.2024;-0,0000965353;-194,39;1,4554853132;1.296.684,26;-0,001032034;EUR
Muster Defensiv Plus cVV;23.10.2024;-0,0034077311;-6.861,22;1,4478524188;1.289.823,04;-0,001069369;EUR
Muster Defensiv Plus cVV;24.10.2024;0,0021831575;4.380,65;1,4528385875;1.294.203,69;0,002655416;EUR
Muster Defensiv Plus cVV;25.10.2024;0,0010255359;2.062,30;1,4552225526;1.296.265,99;-0,001599944;EUR
Muster Defensiv Plus cVV;26.10.2024;0,0000439086;88,39;1,4553217798;1.296.354,37;0;EUR
Muster Defensiv Plus cVV;27.10.2024;0,0000439067;88,39;1,4554210069;1.296.442,76;0;EUR
Muster Defensiv Plus cVV;28.10.2024;0,0007636860;1.537,44;1,4572159283;1.297.980,20;0,001496020;EUR
Muster Defensiv Plus cVV;29.10.2024;0,0017112337;3.447,66;1,4611556528;1.301.427,87;-0,001439081;EUR
Muster Defensiv Plus cVV;30.10.2024;-0,0046776685;-9.440,33;1,4506252596;1.291.987,53;-0,005641013;EUR
Muster Defensiv Plus cVV;31.10.2024;-0,0091534506;-18.386,81;1,4300483827;1.273.600,72;-0,005610985;EUR
Muster Defensiv Plus cVV;01.11.2024;0,0030295776;6.029,90;1,4368868567;1.279.630,62;0,002914455;EUR
Muster Defensiv Plus cVV;02.11.2024;0,0000443567;88,55;1,4369862915;1.279.719,17;0;EUR
Muster Defensiv Plus cVV;03.11.2024;0,0000443547;88,55;1,4370857263;1.279.807,73;0;EUR
Muster Defensiv Plus cVV;04.11.2024;-0,0026205470;-5.232,05;1,4312782692;1.274.575,67;-0,001757714;EUR
Muster Defensiv Plus cVV;05.11.2024;0,0010288807;2.048,83;1,4336466473;1.276.624,50;0,002112968;EUR
Muster Defensiv Plus cVV;06.11.2024;0,0084582996;16.860,50;1,4526494726;1.293.485,00;0,005789751;EUR
Muster Defensiv Plus cVV;07.11.2024;0,0022611235;4.545,37;1,4578228948;1.298.030,37;0,002809681;EUR
Muster Defensiv Plus cVV;08.11.2024;0,0030871478;6.219,90;1,4648775302;1.304.250,27;0,001059720;EUR
Muster Defensiv Plus cVV;09.11.2024;0,0000412419;83,35;1,4649711448;1.304.333,62;0;EUR
Muster Defensiv Plus cVV;10.11.2024;0,0000412402;83,35;1,4650647594;1.304.416,97;0;EUR
Muster Defensiv Plus cVV;11.11.2024;0,0009316875;1.883,09;1,4672488848;1.306.300,06;0,005662628;EUR
Muster Defensiv Plus cVV;12.11.2024;-0,0038745298;-7.838,34;1,4585134660;1.298.461,72;-0,004338820;EUR
Muster Defensiv Plus cVV;13.11.2024;-0,0004190114;-844,39;1,4576335987;1.297.617,33;-0,001311214;EUR
Muster Defensiv Plus cVV;14.11.2024;0,0002847238;573,54;1,4583464727;1.298.190,86;0,003055273;EUR
Muster Defensiv Plus cVV;15.11.2024;-0,0057136240;-11.512,57;1,4454815910;1.286.678,29;-0,001718245;EUR
Muster Defensiv Plus cVV;16.11.2024;0,0000416021;83,35;1,4455752242;1.286.761,64;0;EUR
Muster Defensiv Plus cVV;17.11.2024;0,0000416004;83,35;1,4456688574;1.286.844,98;0;EUR
Muster Defensiv Plus cVV;18.11.2024;0,0013639968;2.732,89;1,4488071443;1.289.577,87;-0,001168893;EUR
Muster Defensiv Plus cVV;19.11.2024;0,0010539794;2.114,62;1,4512510541;1.291.692,49;0,000327715;EUR
Muster Defensiv Plus cVV;20.11.2024;0,0025998733;5.221,68;1,4571861857;1.296.914,17;-0,000234783;EUR
Muster Defensiv Plus cVV;21.11.2024;0,0038321926;7.716,72;1,4659253535;1.304.630,89;0,003410903;EUR
Muster Defensiv Plus cVV;22.11.2024;0,0083958954;16.971,24;1,4850644734;1.321.602,13;0,005625964;EUR
Muster Defensiv Plus cVV;23.11.2024;0,0000409346;83,44;1,4851582324;1.321.685,57;0;EUR
Muster Defensiv Plus cVV;24.11.2024;0,0000409329;83,44;1,4852519914;1.321.769,01;0;EUR
Muster Defensiv Plus cVV;25.11.2024;-0,0020390417;-4.156,61;1,4806507201;1.317.612,40;0,001233513;EUR
Muster Defensiv Plus cVV;26.11.2024;0,0008600937;1.749,74;1,4826864789;1.319.362,13;-0,000778523;EUR
Muster Defensiv Plus cVV;27.11.2024;-0,0025732565;-5.239,42;1,4768676810;1.314.122,71;-0,001242303;EUR
Muster Defensiv Plus cVV;28.11.2024;0,0025427408;5.163,96;1,4827406227;1.319.286,68;0,003222909;EUR
Muster Defensiv Plus cVV;29.11.2024;0,0022315434;4.543,49;1,4879166978;1.323.830,17;0,003998830;EUR
Muster Defensiv Plus cVV;30.11.2024;0,0000408457;83,35;1,4880103773;1.323.913,51;0;EUR
Muster Defensiv Plus cVV;01.12.2024;0,0000408440;83,35;1,4881040568;1.323.996,86;0;EUR
Muster Defensiv Plus cVV;02.12.2024;0,0069633728;14.210,43;1,5041462436;1.338.207,29;0,006584598;EUR
Muster Defensiv Plus cVV;03.12.2024;0,0004935266;1.014,17;1,5053565984;1.339.221,46;-0,000053613;EUR
Muster Defensiv Plus cVV;04.12.2024;0,0030395593;6.249,22;1,5124517868;1.345.470,69;0,002394589;EUR
Muster Defensiv Plus cVV;05.12.2024;-0,0038513769;-7.942,36;1,5035940114;1.337.528,33;-0,000971528;EUR
Muster Defensiv Plus cVV;06.12.2024;0,0006796963;1.396,28;1,5052339787;1.338.924,61;0,000947524;EUR
Muster Defensiv Plus cVV;07.12.2024;0,0000408685;84,01;1,5053284260;1.339.008,62;0;EUR
Muster Defensiv Plus cVV;08.12.2024;0,0000408668;84,01;1,5054228732;1.339.092,63;0;EUR
Muster Defensiv Plus cVV;09.12.2024;-0,0004167025;-856,67;1,5045300566;1.338.235,96;-0,001068974;EUR
Muster Defensiv Plus cVV;10.12.2024;0,0018294115;3.759,40;1,5088270485;1.341.995,36;0,000762002;EUR
Muster Defensiv Plus cVV;11.12.2024;0,0054170477;11.152,28;1,5214367301;1.353.147,64;0,002282282;EUR
Muster Defensiv Plus cVV;12.12.2024;-0,0032877641;-6.805,31;1,5138556590;1.346.342,33;-0,001585823;EUR
Muster Defensiv Plus cVV;13.12.2024;-0,0019668826;-4.057,85;1,5093632983;1.342.284,49;-0,002570516;EUR
Muster Defensiv Plus cVV;14.12.2024;0,0000408260;84,06;1,5094578236;1.342.368,55;0;EUR
Muster Defensiv Plus cVV;15.12.2024;0,0000408244;84,06;1,5095523490;1.342.452,61;0;EUR
Muster Defensiv Plus cVV;16.12.2024;-0,0003344592;-688,72;1,5088482175;1.341.763,89;-0,000257492;EUR
Muster Defensiv Plus cVV;17.12.2024;-0,0013542742;-2.787,78;1,5057834231;1.338.976,11;-0,001111605;EUR
Muster Defensiv Plus cVV;18.12.2024;-0,0032655192;-6.712,99;1,4983039019;1.332.263,12;-0,004124301;EUR
Muster Defensiv Plus cVV;19.12.2024;-0,0060799126;-12.457,78;1,4843625869;1.319.805,35;-0,003635817;EUR
Muster Defensiv Plus cVV;20.12.2024;0,0004298416;875,39;1,4854162269;1.320.680,74;0,001171494;EUR
Muster Defensiv Plus cVV;21.12.2024;0,0000413036;84,15;1,4855108767;1.320.764,89;0;EUR
Muster Defensiv Plus cVV;22.12.2024;0,0000413019;84,15;1,4856055266;1.320.849,05;0;EUR
Muster Defensiv Plus cVV;23.12.2024;0,0025118593;5.118,14;1,4914314333;1.325.967,19;-0,000125372;EUR
Muster Defensiv Plus cVV;24.12.2024;0,0017167894;3.506,90;1,4954454603;1.329.474,09;0,001505992;EUR
Muster Defensiv Plus cVV;25.12.2024;-0,0001818755;-372,16;1,4950963039;1.329.101,94;0,000029533;EUR
Muster Defensiv Plus cVV;26.12.2024;-0,0008067730;-1.650,53;1,4933089805;1.327.451,40;-0,000276625;EUR
Muster Defensiv Plus cVV;27.12.2024;-0,0012033845;-2.459,95;1,4906108640;1.324.991,45;-0,001415592;EUR
Muster Defensiv Plus cVV;28.12.2024;0,0000412185;84,16;1,4907055406;1.325.075,61;0;EUR
Muster Defensiv Plus cVV;29.12.2024;0,0000412168;84,16;1,4908002171;1.325.159,77;0;EUR
Muster Defensiv Plus cVV;30.12.2024;-0,0035824807;-7.315,08;1,4826395738;1.317.844,69;-0,000521215;EUR
Muster Defensiv Plus cVV;31.12.2024;0,0006906085;1.405,10;1,4842892223;1.319.249,79;-0,000076619;EUR
Muster Defensiv Plus cVV;01.01.2025;0,0000452014;92,03;1,4844615820;1.319.341,82;0,000001827;EUR
Muster Defensiv Plus cVV;02.01.2025;0,0083360064;16.972,81;1,5036282710;1.336.314,64;0,002126644;EUR
Muster Defensiv Plus cVV;03.01.2025;-0,0011181485;-2.295,62;1,5011147530;1.334.019,01;-0,001676015;EUR
Muster Defensiv Plus cVV;04.01.2025;0,0000410787;84,24;1,5012095475;1.334.103,26;0;EUR
Muster Defensiv Plus cVV;05.01.2025;0,0000410770;84,24;1,5013043421;1.334.187,50;0;EUR
Muster Defensiv Plus cVV;06.01.2025;-0,0013722746;-2.814,44;1,4982067376;1.331.373,06;0,000913981;EUR
Muster Defensiv Plus cVV;07.01.2025;0,0027538609;5.640,23;1,5046233683;1.337.013,29;0,000056362;EUR
Muster Defensiv Plus cVV;08.01.2025;0,0003589489;737,19;1,5055226202;1.337.750,48;0,000601057;EUR
Muster Defensiv Plus cVV;09.01.2025;0,0007006495;1.439,48;1,5072123209;1.339.189,96;-0,000819092;EUR
Muster Defensiv Plus cVV;10.01.2025;-0,0014948875;-3.073,39;1,5038228324;1.336.116,57;-0,003871059;EUR
Muster Defensiv Plus cVV;11.01.2025;0,0000383104;78,65;1,5039113498;1.336.195,22;0;EUR
Muster Defensiv Plus cVV;12.01.2025;0,0000383090;78,65;1,5039998672;1.336.273,86;0;EUR
Muster Defensiv Plus cVV;13.01.2025;-0,0009461682;-1.942,50;1,5018829346;1.334.331,36;-0,000833543;EUR
Muster Defensiv Plus cVV;14.01.2025;-0,0042791596;-8.776,87;1,4920728539;1.325.554,49;-0,000811060;EUR
Muster Defensiv Plus cVV;15.01.2025;0,0082128197;16.773,02;1,5110226726;1.342.327,51;0,007938774;EUR
Muster Defensiv Plus cVV;16.01.2025;0,0043306374;8.917,09;1,5211305839;1.351.244,59;0,001391967;EUR
Muster Defensiv Plus cVV;17.01.2025;0,0027760064;5.740,75;1,5276635417;1.356.985,34;0,004255639;EUR
Muster Defensiv Plus cVV;18.01.2025;0,0000420845;87,27;1,5277617904;1.357.072,61;0;EUR
Muster Defensiv Plus cVV;19.01.2025;0,0000420827;87,27;1,5278600390;1.357.159,88;0;EUR
Muster Defensiv Plus cVV;20.01.2025;-0,0042537271;-8.821,82;1,5179986158;1.348.338,07;-0,000066288;EUR
Muster Defensiv Plus cVV;21.01.2025;0,0033066650;6.828,53;1,5257566805;1.355.166,60;0,002014371;EUR
Muster Defensiv Plus cVV;22.01.2025;0,0067593298;14.004,72;1,5415953340;1.369.171,32;0,002311417;EUR
Muster Defensiv Plus cVV;23.01.2025;0,0001599320;333,60;1,5420419445;1.369.504,92;0,001857302;EUR
Muster Defensiv Plus cVV;24.01.2025;-0,0020159630;-4.205,80;1,5373770282;1.365.299,12;-0,003109242;EUR
Muster Defensiv Plus cVV;25.01.2025;0,0000418550;87,14;1,5374751553;1.365.386,27;0;EUR
Muster Defensiv Plus cVV;26.01.2025;0,0000418532;87,14;1,5375732824;1.365.473,41;0;EUR
Muster Defensiv Plus cVV;27.01.2025;-0,0038332446;-7.981,64;1,5286559758;1.357.491,77;-0,001470401;EUR
Muster Defensiv Plus cVV;28.01.2025;0,0045238790;9.383,59;1,5392935002;1.366.875,35;0,003168840;EUR
Muster Defensiv Plus cVV;29.01.2025;0,0003422673;713,15;1,5401673978;1.367.588,51;0,001468510;EUR
Muster Defensiv Plus cVV;30.01.2025;0,0059893891;12.483,87;1,5542980383;1.380.072,38;0,003582956;EUR
Muster Defensiv Plus cVV;31.01.2025;0,0032769295;6.871,11;1,5621083216;1.386.943,49;0,002239706;EUR
Muster Defensiv Plus cVV;01.02.2025;0,0000404568;85,11;1,5622041789;1.387.028,60;0;EUR
Muster Defensiv Plus cVV;02.02.2025;0,0000404552;85,11;1,5623000362;1.387.113,71;0;EUR
Muster Defensiv Plus cVV;03.02.2025;-0,0011506802;-2.420,87;1,5596450142;1.384.692,84;-0,000912771;EUR
Muster Defensiv Plus cVV;04.02.2025;0,0016862021;3.543,44;1,5637079078;1.388.236,29;0,000696795;EUR
Muster Defensiv Plus cVV;05.02.2025;0,0005073221;1.067,90;1,5649825634;1.389.304,19;0,001932005;EUR
Muster Defensiv Plus cVV;06.02.2025;0,0008417706;1.772,81;1,5670513799;1.391.077,00;0,003892587;EUR
Muster Defensiv Plus cVV;07.02.2025;0,0001791272;377,57;1,5675485385;1.391.454,57;-0,002153440;EUR
Muster Defensiv Plus cVV;08.02.2025;0,0000397369;83,77;1,5676429135;1.391.538,34;0;EUR
Muster Defensiv Plus cVV;09.02.2025;0,0000397353;83,77;1,5677372884;1.391.622,11;0;EUR
Muster Defensiv Plus cVV;10.02.2025;0,0027242162;5.743,64;1,5742799148;1.397.365,75;0,003417407;EUR
Muster Defensiv Plus cVV;11.02.2025;-0,0025758835;-5.445,70;1,5682165593;1.391.920,06;-0,001322368;EUR
Muster Defensiv Plus cVV;12.02.2025;-0,0038286847;-8.073,40;1,5591919536;1.383.846,65;-0,001529377;EUR
Muster Defensiv Plus cVV;13.02.2025;0,0029413954;6.178,66;1,5662251506;1.390.025,32;0,006670348;EUR
Muster Defensiv Plus cVV;14.02.2025;-0,0049919260;-10.432,82;1,5545479482;1.379.592,50;-0,001700444;EUR
Muster Defensiv Plus cVV;15.02.2025;0,0000399437;83,06;1,5546415451;1.379.675,56;0;EUR
Muster Defensiv Plus cVV;16.02.2025;0,0000399421;83,06;1,5547351420;1.379.758,62;0;EUR
Muster Defensiv Plus cVV;17.02.2025;0,0031302290;6.509,85;1,5621489829;1.386.268,47;0,001801723;EUR
Muster Defensiv Plus cVV;18.02.2025;0,0050150647;10.462,34;1,5740177077;1.396.730,81;0,000890862;EUR
Muster Defensiv Plus cVV;19.02.2025;-0,0002946712;-617,82;1,5734003973;1.396.112,99;-0,003939371;EUR
Muster Defensiv Plus cVV;20.02.2025;-0,0045282731;-9.491,38;1,5627821040;1.386.621,61;-0,001889441;EUR
Muster Defensiv Plus cVV;21.02.2025;-0,0014641045;-3.054,91;1,5594172565;1.383.566,70;-0,000223601;EUR
Muster Defensiv Plus cVV;22.02.2025;0,0000397488;82,82;1,5595105981;1.383.649,52;0;EUR
Muster Defensiv Plus cVV;23.02.2025;0,0000397472;82,82;1,5596039397;1.383.732,34;0;EUR
Muster Defensiv Plus cVV;24.02.2025;-0,0007465815;-1.555,61;1,5579286654;1.382.176,72;0,000644170;EUR
Muster Defensiv Plus cVV;25.02.2025;-0,0046137682;-9.606,28;1,5471783707;1.372.570,44;-0,001050099;EUR
Muster Defensiv Plus cVV;26.02.2025;0,0049579161;10.275,20;1,5588387395;1.382.845,64;0,003633490;EUR
Muster Defensiv Plus cVV;27.02.2025;-0,0004049384;-843,39;1,5579659702;1.382.002,25;-0,001857434;EUR
Muster Defensiv Plus cVV;28.02.2025;0,0008651397;1.801,15;1,5600744793;1.383.803,40;0,002672578;EUR
Muster Defensiv Plus cVV;01.03.2025;0,0000397442;82,82;1,5601678443;1.383.886,22;0;EUR
Muster Defensiv Plus cVV;02.03.2025;0,0000397427;82,82;1,5602612093;1.383.969,03;0;EUR
Muster Defensiv Plus cVV;03.03.2025;-0,0019068773;-3.973,71;1,5558591091;1.379.995,33;-0,000671684;EUR
Muster Defensiv Plus cVV;04.03.2025;-0,0097416331;-20.261,71;1,5330919032;1.359.733,62;-0,007648055;EUR
Muster Defensiv Plus cVV;05.03.2025;-0,0064568245;-13.298,78;1,5181734411;1.346.434,84;-0,003388093;EUR
Muster Defensiv Plus cVV;06.03.2025;-0,0064468584;-13.192,52;1,5033732744;1.333.242,32;-0,003467399;EUR
Muster Defensiv Plus cVV;07.03.2025;-0,0021919844;-4.456,65;1,4984227166;1.328.785,67;-0,001320107;EUR
Muster Defensiv Plus cVV;08.03.2025;0,0000412666;83,72;1,4985171218;1.328.869,39;0;EUR
Muster Defensiv Plus cVV;09.03.2025;0,0000412649;83,72;1,4986115270;1.328.953,11;0;EUR
Muster Defensiv Plus cVV;10.03.2025;-0,0060472265;-12.269,02;1,4848502868;1.316.684,09;-0,005765447;EUR
Muster Defensiv Plus cVV;11.03.2025;-0,0092729776;-18.699,87;1,4638350837;1.297.984,22;-0,006314511;EUR
Muster Defensiv Plus cVV;12.03.2025;0,0036821673;7.356,59;1,4722050572;1.305.340,82;0,003275214;EUR
Muster Defensiv Plus cVV;13.03.2025;-0,0013582888;-2.723,71;1,4692063698;1.302.617,10;-0,001204442;EUR
Muster Defensiv Plus cVV;14.03.2025;0,0065742637;13.165,17;1,4841291203;1.315.782,27;0,005792144;EUR
Muster Defensiv Plus cVV;15.03.2025;0,0000431734;87,02;1,4842272789;1.315.869,29;0;EUR
Muster Defensiv Plus cVV;16.03.2025;0,0000431715;87,02;1,4843254375;1.315.956,32;0;EUR
Muster Defensiv Plus cVV;17.03.2025;0,0032309056;6.513,09;1,4917461001;1.322.469,40;0,003602220;EUR
Muster Defensiv Plus cVV;18.03.2025;-0,0006084013;-1.230,42;1,4904323536;1.321.238,98;0,000374742;EUR
Muster Defensiv Plus cVV;19.03.2025;0,0056620334;11.443,83;1,5034164282;1.332.682,82;0,001906577;EUR
Muster Defensiv Plus cVV;20.03.2025;0,0003111309;632,40;1,5042046410;1.333.315,22;-0,001519495;EUR
Muster Defensiv Plus cVV;21.03.2025;-0,0010745949;-2.184,90;1,5018143479;1.331.130,32;0,000583736;EUR
Muster Defensiv Plus cVV;22.03.2025;0,0000408394;82,95;1,5019079304;1.331.213,27;0;EUR
Muster Defensiv Plus cVV;23.03.2025;0,0000408378;82,95;1,5020015129;1.331.296,21;0;EUR
Muster Defensiv Plus cVV;24.03.2025;0,0034688286;7.045,92;1,5100259101;1.338.342,13;0,001835109;EUR
Muster Defensiv Plus cVV;25.03.2025;0,0032332136;6.590,12;1,5175367702;1.344.932,25;0,002097417;EUR
Muster Defensiv Plus cVV;26.03.2025;-0,0023643640;-4.834,76;1,5121565904;1.340.097,49;-0,003280172;EUR
Muster Defensiv Plus cVV;27.03.2025;-0,0008940078;-1.823,79;1,5101735719;1.338.273,70;-0,001124013;EUR
Muster Defensiv Plus cVV;28.03.2025;-0,0063124448;-12.865,94;1,4957291903;1.325.407,76;-0,003535578;EUR
Muster Defensiv Plus cVV;29.03.2025;0,0000393487;79,69;1,4958191251;1.325.487,45;0;EUR
Muster Defensiv Plus cVV;30.03.2025;0,0000393471;79,69;1,4959090599;1.325.567,15;0;EUR
Muster Defensiv Plus cVV;31.03.2025;0,0000610279;123,61;1,4961227240;1.325.690,76;-0,002322169;EUR
Muster Defensiv Plus cVV;01.04.2025;0,0047052039;9.530,88;1,5069535783;1.335.221,64;0,004614200;EUR
Muster Defensiv Plus cVV;02.04.2025;-0,0022565230;-4.592,33;1,5018449877;1.330.629,31;-0,001186649;EUR
Muster Defensiv Plus cVV;03.04.2025;-0,0178736905;-36.293,30;1,4609540687;1.294.336,01;-0,013801113;EUR
Muster Defensiv Plus cVV;04.04.2025;-0,0252503089;-50.355,42;1,4041859608;1.243.980,59;-0,015796324;EUR
Muster Defensiv Plus cVV;05.04.2025;0,0000459753;89,37;1,4042868414;1.244.069,97;0;EUR
Muster Defensiv Plus cVV;06.04.2025;0,0000459731;89,37;1,4043877220;1.244.159,34;0;EUR
Muster Defensiv Plus cVV;07.04.2025;-0,0120368493;-23.400,51;1,3780417574;1.220.758,82;-0,009908429;EUR
Muster Defensiv Plus cVV;08.04.2025;0,0083591391;16.055,17;1,3962345201;1.236.813,99;0,003061502;EUR
Muster Defensiv Plus cVV;09.04.2025;0,0071390932;13.826,48;1,4119129662;1.250.640,47;0,005165265;EUR
Muster Defensiv Plus cVV;10.04.2025;0,0009186178;1.791,81;1,4140056993;1.252.432,28;0,003422362;EUR
Muster Defensiv Plus cVV;11.04.2025;0,0010650893;2.079,42;1,4164233351;1.254.511,71;-0,000540564;EUR
Muster Defensiv Plus cVV;12.04.2025;0,0000457275;89,37;1,4165242407;1.254.601,08;0;EUR
Muster Defensiv Plus cVV;13.04.2025;0,0000457254;89,37;1,4166251462;1.254.690,45;0;EUR
Muster Defensiv Plus cVV;14.04.2025;0,0074165436;14.496,41;1,4330632525;1.269.186,86;0,006826054;EUR
Muster Defensiv Plus cVV;15.04.2025;0,0051260356;10.093,68;1,4445314991;1.279.280,53;0,003996742;EUR
Muster Defensiv Plus cVV;16.04.2025;-0,0035681328;-7.062,03;1,4366280944;1.272.218,51;-0,001808492;EUR
Muster Defensiv Plus cVV;17.04.2025;0,0047874049;9.441,40;1,4473609660;1.281.659,90;0,001775945;EUR
Muster Defensiv Plus cVV;18.04.2025;-0,0004058997;-804,32;1,4465239462;1.280.855,58;0,000100541;EUR
Muster Defensiv Plus cVV;19.04.2025;0,0000451194;89,37;1,4466248767;1.280.944,95;0;EUR
Muster Defensiv Plus cVV;20.04.2025;0,0000451173;89,37;1,4467258071;1.281.034,32;0;EUR
Muster Defensiv Plus cVV;21.04.2025;-0,0056981571;-11.287,75;1,4340487178;1.269.746,57;-0,004813132;EUR
Muster Defensiv Plus cVV;22.04.2025;0,0090133312;17.753,20;1,4541707432;1.287.499,77;0,005314883;EUR
Muster Defensiv Plus cVV;23.04.2025;0,0049614498;9.860,45;1,4653797881;1.297.360,22;0,008627224;EUR
Muster Defensiv Plus cVV;24.04.2025;0,0055245733;11.034,09;1,4779155974;1.308.394,31;0,005367546;EUR
Muster Defensiv Plus cVV;25.04.2025;0,0026590191;5.340,13;1,4840205991;1.313.734,44;0,001792794;EUR
Muster Defensiv Plus cVV;26.04.2025;0,0000443866;89,38;1,4841215634;1.313.823,82;0;EUR
Muster Defensiv Plus cVV;27.04.2025;0,0000443846;89,38;1,4842225276;1.313.913,20;0;EUR
Muster Defensiv Plus cVV;28.04.2025;-0,0020235647;-4.075,11;1,4796919421;1.309.838,09;0,000220049;EUR
Muster Defensiv Plus cVV;29.04.2025;0,0008974572;1.803,67;1,4818023111;1.311.641,75;0,002153018;EUR
Muster Defensiv Plus cVV;30.04.2025;0,0035207567;7.082,20;1,4898764661;1.318.723,95;0,002105858;EUR
Muster Defensiv Plus cVV;01.05.2025;-0,0001816844;-366,75;1,4895352415;1.318.357,19;0,001734322;EUR
Muster Defensiv Plus cVV;02.05.2025;0,0040736455;8.221,72;1,4988980441;1.326.578,91;0,004296916;EUR
Muster Defensiv Plus cVV;03.05.2025;0,0000435647;88,28;1,4989977956;1.326.667,20;0;EUR
Muster Defensiv Plus cVV;04.05.2025;0,0000435628;88,28;1,4990975470;1.326.755,48;0;EUR
Muster Defensiv Plus cVV;05.05.2025;0,0050801304;10.295,74;1,5108047926;1.337.051,22;0,001828886;EUR
Muster Defensiv Plus cVV;06.05.2025;-0,0028717308;-5.849,61;1,5042687647;1.331.201,61;-0,001662188;EUR
Muster Defensiv Plus cVV;07.05.2025;-0,0003671914;-745,81;1,5034996872;1.330.455,80;0,000470231;EUR
Muster Defensiv Plus cVV;08.05.2025;0,0022457108;4.559,62;1,5087262678;1.335.015,42;0,003711121;EUR
Muster Defensiv Plus cVV;09.05.2025;-0,0004071649;-828,55;1,5078637496;1.334.186,87;0,000054001;EUR
Muster Defensiv Plus cVV;10.05.2025;0,0000434584;88,40;1,5079636555;1.334.275,27;0;EUR
Muster Defensiv Plus cVV;11.05.2025;0,0000434565;88,40;1,5080635615;1.334.363,67;0;EUR
Muster Defensiv Plus cVV;12.05.2025;0,0072232159;14.694,02;1,5247450094;1.349.057,69;0,004030528;EUR
Muster Defensiv Plus cVV;13.05.2025;-0,0025669772;-5.259,66;1,5188747033;1.343.798,03;0,000841109;EUR
Muster Defensiv Plus cVV;14.05.2025;-0,0013343943;-2.727,12;1,5158664260;1.341.070,91;-0,001583863;EUR
Muster Defensiv Plus cVV;15.05.2025;0,0027709991;5.655,57;1,5223335675;1.346.726,48;0,003573137;EUR
Muster Defensiv Plus cVV;16.05.2025;0,0039155176;8.013,66;1,5314670100;1.354.740,14;0,003408214;EUR
Muster Defensiv Plus cVV;17.05.2025;0,0000430300;88,41;1,5315669552;1.354.828,55;0;EUR
Muster Defensiv Plus cVV;18.05.2025;0,0000430282;88,41;1,5316669004;1.354.916,96;0;EUR
Muster Defensiv Plus cVV;19.05.2025;-0,0003771957;-775,07;1,5308655001;1.354.141,89;0,000772686;EUR
Muster Defensiv Plus cVV;20.05.2025;0,0006003068;1.233,06;1,5323343078;1.355.374,95;0,000087985;EUR
Muster Defensiv Plus cVV;21.05.2025;-0,0036650499;-7.532,74;1,5238924687;1.347.842,21;-0,003092162;EUR
Muster Defensiv Plus cVV;22.05.2025;0,0004115199;842,69;1,5249196282;1.348.684,91;-0,000208431;EUR
Muster Defensiv Plus cVV;23.05.2025;-0,0046246838;-9.474,12;1,5142813578;1.339.210,79;-0,002470984;EUR
Muster Defensiv Plus cVV;24.05.2025;0,0000372728;76,00;1,5143672975;1.339.286,79;0;EUR
Muster Defensiv Plus cVV;25.05.2025;0,0000372714;76,00;1,5144532371;1.339.362,79;0;EUR
Muster Defensiv Plus cVV;26.05.2025;0,0010758453;2.193,95;1,5170079401;1.341.556,74;0,002965546;EUR
Muster Defensiv Plus cVV;27.05.2025;0,0079297769;16.188,40;1,5353883076;1.357.745,15;0,005219621;EUR
Muster Defensiv Plus cVV;28.05.2025;-0,0014779142;-3.041,04;1,5320240032;1.354.704,10;-0,002011427;EUR
Muster Defensiv Plus cVV;29.05.2025;-0,0017383634;-3.571,67;1,5280592227;1.351.132,43;-0,000742500;EUR
Muster Defensiv Plus cVV;30.05.2025;0,0010322526;2.117,20;1,5305281452;1.353.249,63;0,001573647;EUR
Muster Defensiv Plus cVV;31.05.2025;0,0000401986;82,53;1,5306214916;1.353.332,16;0;EUR
Muster Defensiv Plus cVV;01.06.2025;0,0000401970;82,53;1,5307148380;1.353.414,70;0;EUR
Muster Defensiv Plus cVV;02.06.2025;0,0006040499;1.240,31;1,5321921682;1.354.655,01;-0,000901102;EUR
Muster Defensiv Plus cVV;03.06.2025;0,0029625857;6.086,84;1,5391515680;1.360.741,84;0,002980313;EUR
Muster Defensiv Plus cVV;04.06.2025;0,0011582571;2.386,77;1,5419262158;1.363.128,61;0,000587506;EUR
Muster Defensiv Plus cVV;05.06.2025;-0,0022627115;-4.668,07;1,5367205099;1.358.460,54;-0,002781683;EUR
Muster Defensiv Plus cVV;06.06.2025;0,0045703474;9.407,49;1,5474376141;1.367.868,03;0,002357472;EUR
Muster Defensiv Plus cVV;07.06.2025;0,0000412603;85,32;1,5475341316;1.367.953,35;0;EUR
Muster Defensiv Plus cVV;08.06.2025;0,0000412586;85,32;1,5476306490;1.368.038,66;0;EUR
Muster Defensiv Plus cVV;09.06.2025;-0,0004216734;-872,00;1,5467192584;1.367.166,66;-0,001023343;EUR
Muster Defensiv Plus cVV;10.06.2025;0,0012029252;2.486,54;1,5496075561;1.369.653,21;0,000685561;EUR
Muster Defensiv Plus cVV;11.06.2025;-0,0008436721;-1.746,04;1,5477071829;1.367.907,17;-0,001187062;EUR
Muster Defensiv Plus cVV;12.06.2025;-0,0015116132;-3.125,75;1,5442454541;1.364.781,43;-0,000928836;EUR
Muster Defensiv Plus cVV;13.06.2025;-0,0035859615;-7.403,92;1,5359423837;1.357.377,51;-0,004705518;EUR
Muster Defensiv Plus cVV;14.06.2025;0,0000410552;84,46;1,5360379573;1.357.461,97;0;EUR
Muster Defensiv Plus cVV;15.06.2025;0,0000410535;84,46;1,5361335310;1.357.546,43;0;EUR
Muster Defensiv Plus cVV;16.06.2025;0,0036971278;7.606,69;1,5448157292;1.365.153,13;0,002715992;EUR
Muster Defensiv Plus cVV;17.06.2025;-0,0008840407;-1.825,60;1,5428245725;1.363.327,52;-0,002871877;EUR
Muster Defensiv Plus cVV;18.06.2025;-0,0010595701;-2.186,15;1,5404251529;1.361.141,37;0,000149515;EUR
Muster Defensiv Plus cVV;19.06.2025;-0,0024010524;-4.948,70;1,5348988912;1.356.192,67;-0,002224710;EUR
Muster Defensiv Plus cVV;20.06.2025;-0,0017930916;-3.686,79;1,5308003264;1.352.505,89;0,001296049;EUR
Muster Defensiv Plus cVV;21.06.2025;0,0000420593;86,32;1,5308980293;1.352.592,21;0;EUR
Muster Defensiv Plus cVV;22.06.2025;0,0000420575;86,32;1,5309957322;1.352.678,53;0;EUR
Muster Defensiv Plus cVV;23.06.2025;-0,0000206179;-42,32;1,5310218451;1.352.636,21;0,000652362;EUR
Muster Defensiv Plus cVV;24.06.2025;0,0009571943;1.964,69;1,5333197294;1.354.600,90;0,003899656;EUR
Muster Defensiv Plus cVV;25.06.2025;0,0008091599;1.662,43;1,5352756481;1.356.263,33;-0,002039233;EUR
Muster Defensiv Plus cVV;26.06.2025;0,0020590513;4.233,77;1,5401425947;1.360.497,11;0,001886550;EUR
Muster Defensiv Plus cVV;27.06.2025;0,0003980535;820,15;1,5411454220;1.361.317,26;0,002816096;EUR
Muster Defensiv Plus cVV;28.06.2025;0,0000411504;84,82;1,5412414471;1.361.402,08;0;EUR
Muster Defensiv Plus cVV;29.06.2025;0,0000411487;84,82;1,5413374721;1.361.486,90;0;EUR
Muster Defensiv Plus cVV;30.06.2025;-0,0007457100;-1.537,21;1,5396714773;1.359.949,69;-0,000053828;EUR
Muster Defensiv Plus cVV;01.07.2025;-0,0018616681;-3.834,78;1,5354039549;1.356.114,91;-0,001709808;EUR
Muster Defensiv Plus cVV;02.07.2025;0,0017336788;3.564,49;1,5395139075;1.359.679,41;0,000976992;EUR
Muster Defensiv Plus cVV;03.07.2025;0,0053231234;10.963,47;1,5520022067;1.370.642,87;0,003660526;EUR
Muster Defensiv Plus cVV;04.07.2025;-0,0015917686;-3.295,85;1,5483448325;1.367.347,03;-0,000711903;EUR
Muster Defensiv Plus cVV;05.07.2025;0,0000325645;67,32;1,5484210631;1.367.414,35;0;EUR
Muster Defensiv Plus cVV;06.07.2025;0,0000325635;67,32;1,5484972936;1.367.481,66;0;EUR
Muster Defensiv Plus cVV;07.07.2025;0,0006585557;1.361,49;1,5501136351;1.368.843,16;0,000708810;EUR
Muster Defensiv Plus cVV;08.07.2025;-0,0014960729;-3.095,01;1,5466831914;1.365.748,15;0,000409079;EUR
Muster Defensiv Plus cVV;09.07.2025;0,0051994501;10.740,31;1,5589213629;1.376.488,45;0,003765668;EUR
Muster Defensiv Plus cVV;10.07.2025;0,0004474510;929,09;1,5600485958;1.377.417,54;-0,000439955;EUR
Muster Defensiv Plus cVV;11.07.2025;-0,0006062602;-1.259,40;1,5586971210;1.376.158,14;-0,003154497;EUR
Muster Defensiv Plus cVV;12.07.2025;0,0000397612;82,55;1,5587906174;1.376.240,69;0;EUR
Muster Defensiv Plus cVV;13.07.2025;0,0000397596;82,55;1,5588841138;1.376.323,23;0;EUR
Muster Defensiv Plus cVV;14.07.2025;0,0001016993;211,15;1,5591981786;1.376.534,39;0,000162943;EUR
Muster Defensiv Plus cVV;15.07.2025;0,0004956866;1.029,27;1,5604389613;1.377.563,65;0,000091496;EUR
Muster Defensiv Plus cVV;16.07.2025;-0,0011648022;-2.419,85;1,5577726436;1.375.143,80;0,000619587;EUR
Muster Defensiv Plus cVV;17.07.2025;0,0054360449;11.280,11;1,5706261867;1.386.423,91;0,004318086;EUR
Muster Defensiv Plus cVV;18.07.2025;-0,0006537300;-1.363,90;1,5691563335;1.385.060,01;-0,001751499;EUR
Muster Defensiv Plus cVV;19.07.2025;0,0000396067;82,58;1,5692498884;1.385.142,59;0;EUR
Muster Defensiv Plus cVV;20.07.2025;0,0000396051;82,58;1,5693434432;1.385.225,16;0;EUR
Muster Defensiv Plus cVV;21.07.2025;0,0016836003;3.510,54;1,5733960196;1.388.735,70;0,001717237;EUR
Muster Defensiv Plus cVV;22.07.2025;-0,0026583696;-5.552,40;1,5671804153;1.383.183,30;-0,001514105;EUR
Muster Defensiv Plus cVV;23.07.2025;0,0031717274;6.607,02;1,5747417570;1.389.790,32;0,003038387;EUR
Muster Defensiv Plus cVV;24.07.2025;0,0011086392;2.316,73;1,5774423217;1.392.107,05;-0,002346751;EUR
Muster Defensiv Plus cVV;25.07.2025;-0,0009129264;-1.909,86;1,5753535941;1.390.197,18;-0,000743204;EUR
Muster Defensiv Plus cVV;26.07.2025;0,0000395093;82,58;1,5754471714;1.390.279,76;0;EUR
Muster Defensiv Plus cVV;27.07.2025;0,0000395077;82,58;1,5755407487;1.390.362,34;0;EUR
Muster Defensiv Plus cVV;28.07.2025;0,0029441271;6.154,04;1,5825901393;1.396.516,38;0,000586545;EUR
Muster Defensiv Plus cVV;29.07.2025;0,0033723669;7.069,93;1,5906781466;1.403.586,31;0,002623812;EUR
Muster Defensiv Plus cVV;30.07.2025;0,0028805973;6.059,34;1,5976215348;1.409.645,65;0,000296857;EUR
Muster Defensiv Plus cVV;31.07.2025;-0,0014802361;-3.122,65;1,5941586572;1.406.523,00;-0,001687379;EUR
Muster Defensiv Plus cVV;01.08.2025;-0,0117051335;-24.656,12;1,5662881220;1.381.866,88;-0,008064963;EUR
Muster Defensiv Plus cVV;02.08.2025;0,0000396729;82,59;1,5663817347;1.381.949,47;0;EUR
Muster Defensiv Plus cVV;03.08.2025;0,0000396713;82,59;1,5664753473;1.382.032,06;0;EUR
Muster Defensiv Plus cVV;04.08.2025;0,0094082637;19.587,49;1,5887528009;1.401.619,55;0,005599995;EUR
Muster Defensiv Plus cVV;05.08.2025;-0,0016210140;-3.406,61;1,5849670008;1.398.212,94;0,000549952;EUR
Muster Defensiv Plus cVV;06.08.2025;-0,0014730331;-3.090,61;1,5815390339;1.395.122,33;0,000769812;EUR
Muster Defensiv Plus cVV;07.08.2025;-0,0019962644;-4.182,25;1,5768731456;1.390.940,08;0,002188082;EUR
Muster Defensiv Plus cVV;08.08.2025;-0,0002206349;-461,32;1,5764253021;1.390.478,77;-0,000662224;EUR
Muster Defensiv Plus cVV;09.08.2025;0,0000394837;82,54;1,5765188760;1.390.561,31;0;EUR
Muster Defensiv Plus cVV;10.08.2025;0,0000394822;82,54;1,5766124499;1.390.643,84;0;EUR
Muster Defensiv Plus cVV;11.08.2025;0,0001054207;220,39;1,5769374413;1.390.864,23;-0,000307177;EUR
Muster Defensiv Plus cVV;12.08.2025;0,0000859573;178,46;1,5772209154;1.391.042,69;-0,000269850;EUR
Muster Defensiv Plus cVV;13.08.2025;0,0017927211;3.722,33;1,5815227666;1.394.765,02;0,003095443;EUR
Muster Defensiv Plus cVV;14.08.2025;0,0042234306;8.785,07;1,5915659540;1.403.550,09;0,001605931;EUR
Muster Defensiv Plus cVV;15.08.2025;-0,0030339925;-6.337,60;1,5844607980;1.397.212,49;-0,002136940;EUR
Muster Defensiv Plus cVV;16.08.2025;0,0000390533;81,33;1,5845530270;1.397.293,82;0;EUR
Muster Defensiv Plus cVV;17.08.2025;0,0000390518;81,33;1,5846452560;1.397.375,15;0;EUR
Muster Defensiv Plus cVV;18.08.2025;0,0013390774;2.788,88;1,5878894424;1.400.164,03;0,000385487;EUR
Muster Defensiv Plus cVV;19.08.2025;-0,0018420492;-3.841,55;1,5836141365;1.396.322,48;0,000636747;EUR
Muster Defensiv Plus cVV;20.08.2025;-0,0020371628;-4.240,63;1,5788857226;1.392.081,85;-0,000407450;EUR
Muster Defensiv Plus cVV;21.08.2025;-0,0002416620;-502,03;1,5783972920;1.391.579,82;-0,001066431;EUR
Muster Defensiv Plus cVV;22.08.2025;0,0041427809;8.604,11;1,5882379315;1.400.183,94;0,002422652;EUR
Muster Defensiv Plus cVV;23.08.2025;0,0000389977;81,33;1,5883301841;1.400.265,26;0;EUR
Muster Defensiv Plus cVV;24.08.2025;0,0000389962;81,33;1,5884224368;1.400.346,59;0;EUR
Muster Defensiv Plus cVV;25.08.2025;0,0001425538;297,32;1,5888411208;1.400.643,91;-0,001994254;EUR
Muster Defensiv Plus cVV;26.08.2025;0,0012374224;2.581,21;1,5918507092;1.403.225,12;0,001058977;EUR
Muster Defensiv Plus cVV;27.08.2025;0,0009915639;2.070,92;1,5942816532;1.405.296,04;0,001288806;EUR
Muster Defensiv Plus cVV;28.08.2025;0,0011777131;2.462,14;1,5971566615;1.407.758,18;-0,000776556;EUR
Muster Defensiv Plus cVV;29.08.2025;-0,0030001618;-6.279,55;1,5901136273;1.401.478,63;-0,002671350;EUR
Muster Defensiv Plus cVV;30.08.2025;0,0000389735;81,33;1,5902059036;1.401.559,96;0;EUR
Muster Defensiv Plus cVV;31.08.2025;0,0000389720;81,33;1,5902981799;1.401.641,29;0;EUR
Muster Defensiv Plus cVV;01.09.2025;0,0004022431;839,46;1,5913320268;1.402.480,75;0,000062610;EUR
Muster Defensiv Plus cVV;02.09.2025;-0,0045833332;-9.569,06;1,5805552567;1.392.911,69;-0,005744799;EUR
Muster Defensiv Plus cVV;03.09.2025;0,0062035994;12.892,48;1,5952660494;1.405.804,17;0,002467573;EUR
Muster Defensiv Plus cVV;04.09.2025;0,0049869247;10.428,25;1,6071818277;1.416.232,42;0,003643665;EUR
Muster Defensiv Plus cVV;05.09.2025;-0,0021743722;-4.569,54;1,6020779869;1.411.662,87;-0,001043488;EUR
Muster Defensiv Plus cVV;06.09.2025;0,0000387861;81,33;1,6021702913;1.411.744,21;0;EUR
Muster Defensiv Plus cVV;07.09.2025;0,0000387846;81,33;1,6022625957;1.411.825,54;0;EUR
Muster Defensiv Plus cVV;08.09.2025;0,0031663221;6.640,22;1,6098806687;1.418.465,76;0,002627363;EUR
Muster Defensiv Plus cVV;09.09.2025;0,0026223870;5.516,92;1,6162245391;1.423.982,68;-0,000592257;EUR
Muster Defensiv Plus cVV;10.09.2025;-0,0001583249;-333,95;1,6159279165;1.423.648,73;-0,000010864;EUR
Muster Defensiv Plus cVV;11.09.2025;0,0009501118;2.003,75;1,6182847977;1.425.652,48;0,001305255;EUR
Muster Defensiv Plus cVV;12.09.2025;0,0004748150;1.002,32;1,6195050795;1.426.654,80;-0,001303628;EUR
Muster Defensiv Plus cVV;13.09.2025;0,0000385148;81,34;1,6195974172;1.426.736,14;0;EUR
Muster Defensiv Plus cVV;14.09.2025;0,0000385134;81,34;1,6196897549;1.426.817,48;0;EUR
Muster Defensiv Plus cVV;15.09.2025;0,0038117334;8.050,88;1,6289119028;1.434.868,36;0,001348386;EUR
Muster Defensiv Plus cVV;16.09.2025;-0,0046072209;-9.768,15;1,6179051494;1.425.100,21;-0,004557066;EUR
Muster Defensiv Plus cVV;17.09.2025;-0,0003079927;-649,99;1,6172495342;1.424.450,22;0,000314229;EUR
Muster Defensiv Plus cVV;18.09.2025;0,0038645908;8.153,37;1,6265892245;1.432.603,60;0,003691681;EUR
Muster Defensiv Plus cVV;19.09.2025;0,0018310849;3.878,09;1,6310753854;1.436.481,68;-0,000031606;EUR
Muster Defensiv Plus cVV;20.09.2025;0,0000383375;81,34;1,6311677491;1.436.563,03;0;EUR
Muster Defensiv Plus cVV;21.09.2025;0,0000383361;81,34;1,6312601129;1.436.644,37;0;EUR
Muster Defensiv Plus cVV;22.09.2025;-0,0011815398;-2.507,18;1,6284960859;1.434.137,19;0,000027244;EUR
Muster Defensiv Plus cVV;23.09.2025;-0,0016159208;-3.424,86;1,6246896322;1.430.712,33;-0,000671802;EUR
Muster Defensiv Plus cVV;24.09.2025;-0,0003213087;-679,90;1,6240000446;1.430.032,43;0,000621697;EUR
Muster Defensiv Plus cVV;25.09.2025;-0,0017704364;-3.745,09;1,6198292264;1.426.287,35;-0,001764585;EUR
Muster Defensiv Plus cVV;26.09.2025;0,0035436451;7.482,76;1,6284100219;1.433.770,11;0,002837585;EUR
Muster Defensiv Plus cVV;27.09.2025;0,0000344853;73,08;1,6284930197;1.433.843,19;0;EUR
Muster Defensiv Plus cVV;28.09.2025;0,0000383853;81,34;1,6285854069;1.433.924,53;0;EUR
Muster Defensiv Plus cVV;29.09.2025;0,0024249730;5.139,10;1,6345050777;1.439.063,63;0,000856513;EUR
Muster Defensiv Plus cVV;30.09.2025;0,0022567373;4.794,16;1,6400335115;1.443.857,79;0,001578799;EUR
Muster Defensiv Plus cVV;01.10.2025;0,0046669091;9.936,65;1,6514039574;1.453.794,44;0,002713169;EUR
Muster Defensiv Plus cVV;02.10.2025;0,0037176116;7.952,37;1,6605214107;1.461.746,81;0,003123664;EUR
Muster Defensiv Plus cVV;03.10.2025;0,0006473029;1.389,80;1,6621843904;1.463.136,61;-0,000307669;EUR
Muster Defensiv Plus cVV;04.10.2025;0,0000379300;81,49;1,6622769672;1.463.218,10;0;EUR
Muster Defensiv Plus cVV;05.10.2025;0,0000379286;81,49;1,6623695441;1.463.299,59;0;EUR
Muster Defensiv Plus cVV;06.10.2025;0,0075868996;16.301,31;1,6809736247;1.479.600,90;0,001205314;EUR
Muster Defensiv Plus cVV;07.10.2025;-0,0005359400;-1.160,26;1,6797404597;1.478.440,64;-0,000013094;EUR
Muster Defensiv Plus cVV;08.10.2025;0,0064349596;13.923,67;1,6956457147;1.492.364,31;0,003995631;EUR
Muster Defensiv Plus cVV;09.10.2025;0,0014448459;3.146,41;1,6993066407;1.495.510,72;-0,000422213;EUR
Muster Defensiv Plus cVV;10.10.2025;-0,0120572287;-26.294,70;1,6695131072;1.469.216,02;-0,005467610;EUR
Muster Defensiv Plus cVV;11.10.2025;0,0000378230;81,49;1,6696057075;1.469.297,51;0;EUR
Muster Defensiv Plus cVV;12.10.2025;0,0000378215;81,49;1,6696983078;1.469.379,00;0;EUR
Muster Defensiv Plus cVV;13.10.2025;0,0088483733;19.065,52;1,6914484847;1.488.444,53;0,004004268;EUR
Muster Defensiv Plus cVV;14.10.2025;-0,0023094180;-5.020,12;1,6858288370;1.483.424,41;-0,001474637;EUR
Muster Defensiv Plus cVV;15.10.2025;0,0034663194;7.517,54;1,6944576455;1.490.941,95;0,001658214;EUR
Muster Defensiv Plus cVV;16.10.2025;-0,0005626829;-1.224,54;1,6931513977;1.489.717,41;-0,000658728;EUR
Muster Defensiv Plus cVV;17.10.2025;-0,0020914287;-4.548,92;1,6880664349;1.485.168,49;-0,002965710;EUR
Muster Defensiv Plus cVV;18.10.2025;0,0000375493;81,50;1,6881590691;1.485.249,99;0;EUR
Muster Defensiv Plus cVV;19.10.2025;0,0000375478;81,50;1,6882517033;1.485.331,49;0;EUR
Muster Defensiv Plus cVV;20.10.2025;0,0094707353;20.557,61;1,7117041205;1.505.889,09;0,005344738;EUR
Muster Defensiv Plus cVV;21.10.2025;-0,0043314478;-9.491,08;1,7010015995;1.496.398,01;0,001707352;EUR
Muster Defensiv Plus cVV;22.10.2025;-0,0042784650;-9.334,38;1,6904760989;1.487.063,63;-0,002303820;EUR
Muster Defensiv Plus cVV;23.10.2025;0,0045676150;9.922,58;1,7018416825;1.496.986,22;0,000969976;EUR
Muster Defensiv Plus cVV;24.10.2025;0,0041709997;9.102,37;1,7122758719;1.506.088,59;-0,000051523;EUR
Muster Defensiv Plus cVV;25.10.2025;0,0000371908;81,50;1,7123685294;1.506.170,09;0;EUR
Muster Defensiv Plus cVV;26.10.2025;0,0000371894;81,50;1,7124611870;1.506.251,59;0;EUR
Muster Defensiv Plus cVV;27.10.2025;0,0020778377;4.553,72;1,7177247590;1.510.805,31;0,002626179;EUR
Muster Defensiv Plus cVV;28.10.2025;-0,0012174872;-2.673,75;1,7147710734;1.508.131,56;-0,000123109;EUR
Muster Defensiv Plus cVV;29.10.2025;0,0024918256;5.465,68;1,7210721856;1.513.597,24;-0,001131295;EUR
Muster Defensiv Plus cVV;30.10.2025;-0,0013171251;-2.896,24;1,7178652876;1.510.701,00;-0,000854798;EUR
Muster Defensiv Plus cVV;31.10.2025;0,0013992229;3.072,71;1,7214458538;1.513.773,72;-0,000067343;EUR
Muster Defensiv Plus cVV;01.11.2025;0,0000346688;76,24;1,7215325527;1.513.849,96;0;EUR
Muster Defensiv Plus cVV;02.11.2025;0,0000370595;81,50;1,7216252335;1.513.931,46;0;EUR
Muster Defensiv Plus cVV;03.11.2025;0,0031454557;6.917,63;1,7295787399;1.520.849,08;0,001044673;EUR
Muster Defensiv Plus cVV;04.11.2025;-0,0041581184;-9.173,49;1,7192325407;1.511.675,60;-0,002603449;EUR
Muster Defensiv Plus cVV;05.11.2025;0,0021691718;4.765,65;1,7247390708;1.516.441,24;0,000908920;EUR
Muster Defensiv Plus cVV;06.11.2025;-0,0083900701;-18.472,88;1,7038142279;1.497.968,37;-0,004394656;EUR
Muster Defensiv Plus cVV;07.11.2025;-0,0043421037;-9.480,04;1,6931163675;1.488.488,33;-0,001826256;EUR
Muster Defensiv Plus cVV;08.11.2025;0,0000375399;81,60;1,6932091901;1.488.569,93;0;EUR
Muster Defensiv Plus cVV;09.11.2025;0,0000375385;81,60;1,6933020128;1.488.651,54;0;EUR
Muster Defensiv Plus cVV;10.11.2025;0,0126579427;27.517,93;1,7246893709;1.516.169,46;0,005832744;EUR
Muster Defensiv Plus cVV;11.11.2025;0,0011712042;2.578,39;1,7277089206;1.518.747,85;0,001292416;EUR
Muster Defensiv Plus cVV;12.11.2025;0,0030615661;6.747,88;1,7354721359;1.525.495,73;0,002751938;EUR
Muster Defensiv Plus cVV;13.11.2025;-0,0101500466;-22.439,82;1,7100291971;1.503.055,91;-0,006415356;EUR
Muster Defensiv Plus cVV;14.11.2025;-0,0036543360;-7.997,04;1,7010160699;1.495.058,88;-0,001891980;EUR
Muster Defensiv Plus cVV;15.11.2025;0,0000386051;84,17;1,7011118389;1.495.143,05;0;EUR
Muster Defensiv Plus cVV;16.11.2025;0,0000386036;84,17;1,7012076079;1.495.227,22;0;EUR
Muster Defensiv Plus cVV;17.11.2025;-0,0029511593;-6.435,12;1,6939707197;1.488.792,10;-0,003335034;EUR
Muster Defensiv Plus cVV;18.11.2025;-0,0065047500;-14.142,01;1,6779636111;1.474.650,08;-0,004462357;EUR
Muster Defensiv Plus cVV;19.11.2025;0,0040966830;8.848,69;1,6881166549;1.483.498,77;0,000781670;EUR
Muster Defensiv Plus cVV;20.11.2025;-0,0028515149;-6.184,40;1,6811632305;1.477.314,37;-0,000672704;EUR
Muster Defensiv Plus cVV;21.11.2025;0,0011638133;2.516,90;1,6841115220;1.479.831,27;0,000433652;EUR
Muster Defensiv Plus cVV;22.11.2025;0,0000388766;84,17;1,6842073150;1.479.915,44;0;EUR
Muster Defensiv Plus cVV;23.11.2025;0,0000388751;84,17;1,6843031079;1.479.999,61;0;EUR
Muster Defensiv Plus cVV;24.11.2025;0,0072788381;15.760,96;1,7023247370;1.495.760,58;0,002798817;EUR
Muster Defensiv Plus cVV;25.11.2025;0,0055159086;12.030,61;1,7161023945;1.507.791,18;0,003393249;EUR
Muster Defensiv Plus cVV;26.11.2025;0,0033642342;7.378,12;1,7245858645;1.515.169,30;0,003061967;EUR
Muster Defensiv Plus cVV;27.11.2025;0,0001516534;333,71;1,7250517034;1.515.503,01;0,000438029;EUR
Muster Defensiv Plus cVV;28.11.2025;0,0037969359;8.356,36;1,7346499461;1.523.859,37;0,000959052;EUR
Muster Defensiv Plus cVV;29.11.2025;0,0000381018;84,17;1,7347457630;1.523.943,54;0;EUR
Muster Defensiv Plus cVV;30.11.2025;0,0000381003;84,17;1,7348415798;1.524.027,72;0;EUR
Muster Defensiv Plus cVV;01.12.2025;-0,0042019201;-9.283,48;1,7243598520;1.514.744,24;-0,004092403;EUR
Muster Defensiv Plus cVV;02.12.2025;-0,0002249411;-494,88;1,7238823278;1.514.249,36;0,001590178;EUR
Muster Defensiv Plus cVV;03.12.2025;-0,0010103092;-2.222,24;1,7214381285;1.512.027,12;0,000063704;EUR
Muster Defensiv Plus cVV;04.12.2025;0,0012752932;2.802,25;1,7247143005;1.514.829,37;0,001360564;EUR
Muster Defensiv Plus cVV;05.12.2025;0,0020057115;4.412,85;1,7298246033;1.519.242,23;0,000805955;EUR
Muster Defensiv Plus cVV;06.12.2025;0,0000369918;81,55;1,7299174574;1.519.323,78;0;EUR
Muster Defensiv Plus cVV;07.12.2025;0,0000369904;81,55;1,7300103116;1.519.405,33;0;EUR
Muster Defensiv Plus cVV;08.12.2025;-0,0024015418;-5.294,72;1,7240673979;1.514.110,60;-0,002542461;EUR
Muster Defensiv Plus cVV;09.12.2025;-0,0004767615;-1.048,60;1,7229590153;1.513.062,00;0,001139394;EUR
Muster Defensiv Plus cVV;10.12.2025;-0,0018163614;-3.993,04;1,7184974102;1.509.068,96;0,000088299;EUR
Muster Defensiv Plus cVV;11.12.2025;0,0021391353;4.694,08;1,7239285390;1.513.763,04;0,000791220;EUR
Muster Defensiv Plus cVV;12.12.2025;-0,0024838255;-5.462,12;1,7177933388;1.508.300,92;-0,002002372;EUR
Muster Defensiv Plus cVV;13.12.2025;0,0000371804;81,56;1,7178862263;1.508.382,47;0;EUR
Muster Defensiv Plus cVV;14.12.2025;0,0000371790;81,56;1,7179791138;1.508.464,03;0;EUR
Muster Defensiv Plus cVV;15.12.2025;0,0004194460;920,17;1,7191123859;1.509.384,21;0,000474107;EUR
Muster Defensiv Plus cVV;16.12.2025;-0,0014330823;-3.145,18;1,7156152695;1.506.239,02;-0,001679477;EUR
Muster Defensiv Plus cVV;17.12.2025;-0,0047562794;-10.423,64;1,7038271539;1.495.815,39;-0,002405799;EUR
Muster Defensiv Plus cVV;18.12.2025;0,0079274882;17.290,87;1,7236079552;1.513.106,26;0,003783672;EUR
Muster Defensiv Plus cVV;19.12.2025;0,0030734513;6.756,74;1,7313904481;1.519.863,00;0,001313694;EUR
Muster Defensiv Plus cVV;20.12.2025;0,0000369865;81,56;1,7314833611;1.519.944,56;0;EUR
Muster Defensiv Plus cVV;21.12.2025;0,0000369851;81,56;1,7315762742;1.520.026,12;0;EUR
Muster Defensiv Plus cVV;22.12.2025;0,0030803665;6.793,25;1,7394011111;1.526.819,38;-0,000073479;EUR
Muster Defensiv Plus cVV;23.12.2025;0,0025480739;5.636,68;1,7459090101;1.532.456,05;0,002035106;EUR
Muster Defensiv Plus cVV;24.12.2025;0,0012107380;2.685,14;1,7490546932;1.535.141,19;0,000349380;EUR
Muster Defensiv Plus cVV;25.12.2025;-0,0000651267;-144,61;1,7489764301;1.534.996,58;0,000015382;EUR
Muster Defensiv Plus cVV;26.12.2025;-0,0000979642;-217,51;1,7488150537;1.534.779,07;-0,000026640;EUR
Muster Defensiv Plus cVV;27.12.2025;0,0000367387;81,56;1,7489079916;1.534.860,63;0;EUR
Muster Defensiv Plus cVV;28.12.2025;0,0000367374;81,56;1,7490009296;1.534.942,20;0;EUR
Muster Defensiv Plus cVV;29.12.2025;-0,0026043935;-5.782,42;1,7424982186;1.529.159,78;0,001107060;EUR
Muster Defensiv Plus cVV;30.12.2025;0,0028678348;6.350,74;1,7498214129;1.535.510,52;0,000669055;EUR
Muster Defensiv Plus cVV;31.12.2025;-0,0015185042;-3.372,33;1,7460646223;1.532.138,19;-0,000869409;EUR
Muster Defensiv Plus cVV;01.01.2026;-0,0000396875;-88,01;1,7460505100;1.532.050,18;0,000007730;EUR
Muster Defensiv Plus cVV;02.01.2026;-0,0028072541;-6.224,70;1,7390421255;1.525.825,48;0,000107800;EUR
Muster Defensiv Plus cVV;03.01.2026;0,0000368875;81,56;1,7391350864;1.525.907,04;0;EUR
Muster Defensiv Plus cVV;04.01.2026;0,0000368861;81,56;1,7392280473;1.525.988,61;0;EUR
Muster Defensiv Plus cVV;05.01.2026;0,0097381753;21.534,05;1,7638582224;1.547.522,66;0,005011202;EUR
Muster Defensiv Plus cVV;06.01.2026;0,0067786570;15.135,63;1,7811975451;1.562.658,29;0,002422646;EUR
Muster Defensiv Plus cVV;07.01.2026;0,0025224216;5.670,33;1,7877489766;1.568.328,62;0,002002972;EUR
Muster Defensiv Plus cVV;08.01.2026;-0,0004396897;-990,90;1,7867074493;1.567.337,72;-0,000332186;EUR
Muster Defensiv Plus cVV;09.01.2026;0,0051925140;11.696,92;1,8001301488;1.579.034,64;0,002518501;EUR
Muster Defensiv Plus cVV;10.01.2026;0,0000360207;81,56;1,8002231326;1.579.116,20;0;EUR
Muster Defensiv Plus cVV;11.01.2026;0,0000360194;81,56;1,8003161163;1.579.197,77;0;EUR
Muster Defensiv Plus cVV;12.01.2026;0,0027012337;6.116,97;1,8073785433;1.585.314,74;0,001370364;EUR
Muster Defensiv Plus cVV;13.01.2026;-0,0030440133;-6.911,82;1,7995870815;1.578.402,92;0,000453137;EUR
Muster Defensiv Plus cVV;14.01.2026;-0,0020679678;-4.681,29;1,7943380360;1.573.721,63;-0,000752229;EUR
Muster Defensiv Plus cVV;15.01.2026;0,0027058926;6.112,71;1,8013962254;1.579.834,33;0,001624562;EUR
Muster Defensiv Plus cVV;16.01.2026;-0,0004060870;-919,85;1,8004358491;1.578.914,49;-0,001015730;EUR
Muster Defensiv Plus cVV;17.01.2026;0,0000360226;81,56;1,8005288558;1.578.996,05;0;EUR
Muster Defensiv Plus cVV;18.01.2026;0,0000360213;81,56;1,8006218624;1.579.077,61;0;EUR
Muster Defensiv Plus cVV;19.01.2026;-0,0018345114;-4.154,05;1,7959732174;1.574.923,56;-0,002604013;EUR
Muster Defensiv Plus cVV;20.01.2026;-0,0067910635;-15.349,41;1,7785567525;1.559.574,15;-0,006112784;EUR
Muster Defensiv Plus cVV;21.01.2026;0,0043792156;9.830,85;1,7898558151;1.569.404,99;0,000380299;EUR
Muster Defensiv Plus cVV;22.01.2026;0,0043924457;9.903,73;1,8012390704;1.579.308,72;0,002729540;EUR
Muster Defensiv Plus cVV;23.01.2026;0,0001405809;318,36;1,8016905288;1.579.627,09;-0,000362907;EUR
Muster Defensiv Plus cVV;24.01.2026;0,0000360112;81,56;1,8017835583;1.579.708,65;0;EUR
Muster Defensiv Plus cVV;25.01.2026;0,0000360100;81,56;1,8018765878;1.579.790,21;0;EUR
Muster Defensiv Plus cVV;26.01.2026;0,0007838916;1.775,60;1,8039902320;1.581.565,81;0,000342193;EUR
Muster Defensiv Plus cVV;27.01.2026;-0,0015190676;-3.443,54;1,8001506164;1.578.122,27;0,000233315;EUR
Muster Defensiv Plus cVV;28.01.2026;0,0070500062;15.957,24;1,8184419736;1.594.079,50;-0,000064803;EUR
Muster Defensiv Plus cVV;29.01.2026;-0,0015710165;-3.580,96;1,8144458398;1.590.498,54;-0,002832286;EUR
Muster Defensiv Plus cVV;30.01.2026;-0,0047490830;-10.808,02;1,8022042219;1.579.690,52;0,001197320;EUR
Muster Defensiv Plus cVV;31.01.2026;0,0000360102;81,56;1,8022972742;1.579.772,08;0;EUR
Muster Defensiv Plus cVV;01.02.2026;0,0000360089;81,56;1,8023903265;1.579.853,64;0;EUR
Muster Defensiv Plus cVV;02.02.2026;-0,0007105533;-1.609,52;1,8006421839;1.578.244,12;0,003224232;EUR
Muster Defensiv Plus cVV;03.02.2026;0,0012517145;2.833,33;1,8039629924;1.581.077,45;-0,001383366;EUR
Muster Defensiv Plus cVV;04.02.2026;-0,0045967703;-10.418,08;1,7921638801;1.570.659,37;-0,000871311;EUR
Muster Defensiv Plus cVV;05.02.2026;-0,0065906338;-14.868,29;1,7752855165;1.555.791,08;-0,002293022;EUR
Muster Defensiv Plus cVV;06.02.2026;0,0075525578;16.926,07;1,7946872208;1.572.717,15;0,004268034;EUR
Muster Defensiv Plus cVV;07.02.2026;0,0000361214;81,56;1,7947802958;1.572.798,71;0;EUR
Muster Defensiv Plus cVV;08.02.2026;0,0000361201;81,56;1,7948733708;1.572.880,28;0;EUR
Muster Defensiv Plus cVV;09.02.2026;0,0030297992;6.841,87;1,8027689163;1.579.722,15;0,002930761;EUR
Muster Defensiv Plus cVV;10.02.2026;-0,0023060324;-5.223,25;1,7968958826;1.574.498,91;0,000435489;EUR
Muster Defensiv Plus cVV;11.02.2026;0,0000483725;109,31;1,7971083128;1.574.608,22;-0,000240202;EUR
Muster Defensiv Plus cVV;12.02.2026;-0,0047280548;-10.602,00;1,7851032628;1.564.006,22;-0,001956865;EUR
Muster Defensiv Plus cVV;13.02.2026;0,0014222670;3.174,16;1,7888213622;1.567.180,37;0,001550835;EUR
Muster Defensiv Plus cVV;14.02.2026;0,0000364948;81,56;1,7889144608;1.567.261,94;0;EUR
Muster Defensiv Plus cVV;15.02.2026;0,0000364934;81,56;1,7890075594;1.567.343,50;0;EUR
Muster Defensiv Plus cVV;16.02.2026;-0,0018554992;-4.147,22;1,7843687675;1.563.196,28;-0,000893061;EUR
Muster Defensiv Plus cVV;17.02.2026;-0,0012490634;-2.786,60;1,7812826548;1.560.409,69;0,002224907;EUR
Muster Defensiv Plus cVV;18.02.2026;0,0071945225;16.030,56;1,7996779971;1.576.440,25;0,003010803;EUR
Muster Defensiv Plus cVV;19.02.2026;0,0000357625;80,26;1,7998652838;1.576.520,50;0;EUR
