Portfolio Name;Datum;Performance [%] (Intervall);Performance (Intervall);Performance [%] (kumuliert);Performance (kumuliert);Benchmark Performance [%] (Intervall);Risiko freier Zins
Muster FFPB Pro;31.08.2023;0;0;0;0;0;0,03795000
Muster FFPB Pro;01.09.2023;0,0028737082;2.873,36;0,0028737082;2.873,36;0,001052109;0,03770000
Muster FFPB Pro;02.09.2023;0,0000956272;95,89;0,0029696101;2.969,25;0;0,03770000
Muster FFPB Pro;03.09.2023;0,0000956180;95,89;0,0030655121;3.065,14;0;0,03770000
Muster FFPB Pro;04.09.2023;-0,0020579050;-2.063,96;0,0010012986;1.001,18;0,000823510;0,03798000
Muster FFPB Pro;05.09.2023;0,0004051939;405,55;0,0014068982;1.406,73;-0,000449837;0,03802000
Muster FFPB Pro;06.09.2023;-0,0055626418;-5.569,80;-0,0041635696;-4.163,07;-0,006548134;0,03795000
Muster FFPB Pro;07.09.2023;0,0031342363;3.120,81;-0,0010423829;-1.042,26;-0,003277556;0,03799000
Muster FFPB Pro;08.09.2023;0,0031256173;3.121,98;0,0020799763;2.079,73;0,001760483;0,03800000
Muster FFPB Pro;09.09.2023;0,0000029777;2,98;0,0020829602;2.082,71;0;0,03800000
Muster FFPB Pro;10.09.2023;0,0000029777;2,98;0,0020859441;2.085,69;0;0,03800000
Muster FFPB Pro;11.09.2023;0,0039839958;3.991,82;0,0060782503;6.077,52;0,004082463;0,03822000
Muster FFPB Pro;12.09.2023;-0,0009337749;-939,34;0,0051387996;5.138,18;-0,002179353;0,03824000
Muster FFPB Pro;13.09.2023;0,0007330460;736,72;0,0058756124;5.874,90;-0,003204542;0,03845000
Muster FFPB Pro;14.09.2023;0,0138165852;13.896,04;0,0197733412;19.770,94;0,014606355;0,03867000
Muster FFPB Pro;15.09.2023;-0,0059403484;-6.057,06;0,0137155526;13.713,89;-0,001884706;0,03878000
Muster FFPB Pro;16.09.2023;0,0000028335;2,87;0,0137184250;13.716,76;0;0,03878000
Muster FFPB Pro;17.09.2023;0,0000028335;2,87;0,0137212973;13.719,63;0;0,03878000
Muster FFPB Pro;18.09.2023;-0,0034500396;-3.496,94;0,0102239298;10.222,68;-0,006950457;0,03903000
Muster FFPB Pro;19.09.2023;0,0000462227;46,69;0,0102706269;10.269,37;-0,001888217;0,03934000
Muster FFPB Pro;20.09.2023;-0,0012185285;-1.230,89;0,0090395874;9.038,48;0,000098817;0,03934000
Muster FFPB Pro;21.09.2023;-0,0140691928;-14.194,61;-0,0051567574;-5.156,13;-0,013221721;0,03955000
Muster FFPB Pro;22.09.2023;-0,0016772483;-1.668,39;-0,0068253541;-6.824,52;-0,001619858;0,03958000
Muster FFPB Pro;23.09.2023;0,0000030987;3,08;-0,0068222766;-6.821,44;0;0,03958000
Muster FFPB Pro;24.09.2023;0,0000030987;3,08;-0,0068191990;-6.818,36;0;0,03958000
Muster FFPB Pro;25.09.2023;-0,0015819795;-1.571,00;-0,0083903888;-8.389,36;-0,000927856;0,03977000
Muster FFPB Pro;26.09.2023;-0,0057034996;-5.654,94;-0,0140460256;-14.044,30;-0,010932336;0,03941000
Muster FFPB Pro;27.09.2023;-0,0011976708;-1.180,70;-0,0152268733;-15.225,01;0,003053384;0,03972000
Muster FFPB Pro;28.09.2023;0,0027529802;2.710,72;-0,0125158174;-12.514,28;0,004184244;0,03955000
Muster FFPB Pro;29.09.2023;-0,0034868980;-3.442,83;-0,0159590701;-15.957,11;-0,000023201;0,03952000
Muster FFPB Pro;30.09.2023;0,0000031275;3,08;-0,0159559926;-15.954,03;0;0,03952000
Muster FFPB Pro;01.10.2023;0,0000031275;3,08;-0,0159529150;-15.950,96;0;0,03952000
Muster FFPB Pro;02.10.2023;0,0013855541;1.363,28;-0,0145894674;-14.587,68;-0,002678192;0,03951000
Muster FFPB Pro;03.10.2023;-0,0097922823;-9.648,22;-0,0242388742;-24.235,90;-0,010935772;0,03964000
Muster FFPB Pro;04.10.2023;0,0017869738;1.743,44;-0,0224952180;-22.492,45;0,001714996;0,03962000
Muster FFPB Pro;05.10.2023;0,0010933391;1.068,61;-0,0214264761;-21.423,84;-0,000744120;0,03972000
Muster FFPB Pro;06.10.2023;0,0100330813;9.816,89;-0,0116083802;-11.606,95;0,010224742;0,03983000
Muster FFPB Pro;07.10.2023;0,0000031137;3,08;-0,0116053027;-11.603,87;0;0,03983000
Muster FFPB Pro;08.10.2023;0,0000031137;3,08;-0,0116022251;-11.600,80;0;0,03983000
Muster FFPB Pro;09.10.2023;0,0012705513;1.255,65;-0,0103464168;-10.345,14;-0,001797965;0,03980000
Muster FFPB Pro;10.10.2023;0,0076383841;7.558,42;-0,0027870708;-2.786,73;0,013899648;0,03988000
Muster FFPB Pro;11.10.2023;0,0068868182;6.866,77;0,0040805466;4.080,04;0,000270530;0,03952000
Muster FFPB Pro;12.10.2023;0,0045004120;4.518,22;0,0085993186;8.598,26;0,000280617;0,03965000
Muster FFPB Pro;13.10.2023;-0,0043756713;-4.412,75;0,0041860238;4.185,51;-0,008736176;0,03985000
Muster FFPB Pro;14.10.2023;0,0000030647;3,08;0,0041891014;4.188,59;0;0,03985000
Muster FFPB Pro;15.10.2023;0,0000030647;3,08;0,0041921789;4.191,66;0;0,03985000
Muster FFPB Pro;16.10.2023;0,0000029607;2,97;0,0041951522;4.194,64;0,003528368;0,03975000
Muster FFPB Pro;17.10.2023;-0,0016383414;-1.645,01;0,0025499392;2.549,62;-0,000414182;0,03972000
Muster FFPB Pro;18.10.2023;-0,0039105645;-3.920,05;-0,0013705937;-1.370,42;-0,010171568;0,03993000
Muster FFPB Pro;19.10.2023;-0,0151357760;-15.113,15;-0,0164856125;-16.483,58;-0,008065946;0,04002000
Muster FFPB Pro;20.10.2023;-0,0106615000;-10.484,44;-0,0269713431;-26.968,02;-0,014826611;0,03969000
Muster FFPB Pro;21.10.2023;0,0000031629;3,08;-0,0269682656;-26.964,94;0;0,03969000
Muster FFPB Pro;22.10.2023;0,0000031629;3,08;-0,0269651880;-26.961,86;0;0,03969000
Muster FFPB Pro;23.10.2023;-0,0029089464;-2.830,15;-0,0297956925;-29.792,02;-0,000603304;0,03956000
Muster FFPB Pro;24.10.2023;0,0120467292;11.686,34;-0,0181079135;-18.105,68;0,007106233;0,03941000
Muster FFPB Pro;25.10.2023;-0,0013197820;-1.295,72;-0,0194037964;-19.401,40;-0,003738011;0,03938000
Muster FFPB Pro;26.10.2023;-0,0115512668;-11.325,72;-0,0307309170;-30.727,12;-0,006511084;0,03952000
Muster FFPB Pro;27.10.2023;-0,0079641116;-7.718,41;-0,0384502791;-38.445,53;-0,007643053;0,03948000
Muster FFPB Pro;28.10.2023;0,0000010830;1,04;-0,0384492377;-38.444,49;0;0,03948000
Muster FFPB Pro;29.10.2023;0,0000010830;1,04;-0,0384481963;-38.443,45;0;0,03948000
Muster FFPB Pro;30.10.2023;0,0079688997;7.661,56;-0,0307856925;-30.781,89;0,004532692;0,03968000
Muster FFPB Pro;31.10.2023;0,0020581990;1.994,59;-0,0287908584;-28.787,30;0,008467453;0,03972000
Muster FFPB Pro;01.11.2023;0,0130358286;12.658,94;-0,0161303514;-16.128,36;0,010548151;0,03953000
Muster FFPB Pro;02.11.2023;0,0145519348;14.315,43;-0,0018131538;-1.812,93;0,015499502;0,03974000
Muster FFPB Pro;03.11.2023;-0,0084439624;-8.427,61;-0,0102418009;-10.240,54;0,000684921;0,03956000
Muster FFPB Pro;04.11.2023;0,0000036095;3,57;-0,0102382283;-10.236,96;0;0,03956000
Muster FFPB Pro;05.11.2023;0,0000036095;3,57;-0,0102346558;-10.233,39;0;0,03956000
Muster FFPB Pro;06.11.2023;0,0063544622;6.288,65;-0,0039452333;-3.944,75;-0,001435027;0,03963000
Muster FFPB Pro;07.11.2023;0,0013170622;1.311,70;-0,0026333680;-2.633,04;0,001802251;0,03966000
Muster FFPB Pro;08.11.2023;0,0065916800;6.573,51;0,0039409499;3.940,46;0,002212751;0,03973000
Muster FFPB Pro;09.11.2023;-0,0005924580;-594,72;0,0033461574;3.345,74;0,004129602;0,03987000
Muster FFPB Pro;10.11.2023;0,0048963308;4.912,10;0,0082588694;8.257,85;0,002204588;0,03992000
Muster FFPB Pro;11.11.2023;0,0000004993;0,50;0,0082593728;8.258,35;0;0,03992000
Muster FFPB Pro;12.11.2023;0,0000004993;0,50;0,0082598763;8.258,86;0;0,03992000
Muster FFPB Pro;13.11.2023;0,0022125339;2.230,53;0,0104906844;10.489,39;0,003911974;0,04002000
Muster FFPB Pro;14.11.2023;0,0007545139;762,33;0,0112531134;11.251,72;0,010338079;0,03997000
Muster FFPB Pro;15.11.2023;0,0002892860;292,51;0,0115456547;11.544,23;0,003539375;0,03994000
Muster FFPB Pro;16.11.2023;0,0004488961;454,02;0,0119997335;11.998,25;-0,002289817;0,04002000
Muster FFPB Pro;17.11.2023;0,0009728607;984,41;0,0129842679;12.982,66;0,006065506;0,03984000
Muster FFPB Pro;18.11.2023;0,0000005802;0,59;0,0129848556;12.983,25;0;0,03984000
Muster FFPB Pro;19.11.2023;0,0000005802;0,59;0,0129854433;12.983,84;0;0,03984000
Muster FFPB Pro;20.11.2023;0,0044551058;4.512,40;0,0174983986;17.496,24;0,001168403;0,03962000
Muster FFPB Pro;21.11.2023;0,0027610361;2.809,00;0,0203077472;20.305,24;-0,001802664;0,03973000
Muster FFPB Pro;22.11.2023;0,0044834614;4.573,94;0,0248822557;24.879,18;0,006289064;0,03962000
Muster FFPB Pro;23.11.2023;0,0009109738;933,52;0,0258158963;25.812,70;-0,000240077;0,03956000
Muster FFPB Pro;24.11.2023;0,0010657016;1.093,08;0,0269091096;26.905,78;0,000946886;0,03935000
Muster FFPB Pro;25.11.2023;0,0000006240;0,64;0,0269097504;26.906,42;0;0,03935000
Muster FFPB Pro;26.11.2023;0,0000006240;0,64;0,0269103911;26.907,06;0;0,03935000
Muster FFPB Pro;27.11.2023;-0,0030694832;-3.151,69;0,0237583086;23.755,37;-0,002889990;0,03951000
Muster FFPB Pro;28.11.2023;-0,0074036753;-7.578,63;0,0161787379;16.176,74;-0,002158066;0,03955000
Muster FFPB Pro;29.11.2023;0,0023128740;2.350,00;0,0185290304;18.526,74;0,003153062;0,03975000
Muster FFPB Pro;30.11.2023;0,0064531503;6.571,91;0,0251017486;25.098,64;0,006035500;0,03964000
Muster FFPB Pro;01.12.2023;0,0050467522;5.172,79;0,0302751812;30.271,44;0,010466131;0,03960000
Muster FFPB Pro;02.12.2023;0,0000006219;0,64;0,0302758219;30.272,08;0;0,03960000
Muster FFPB Pro;03.12.2023;0,0000006219;0,64;0,0302764627;30.272,72;0;0,03960000
Muster FFPB Pro;04.12.2023;-0,0027225831;-2.804,67;0,0274714507;27.468,05;-0,001780775;0,03962000
Muster FFPB Pro;05.12.2023;0,0067442819;6.928,70;0,0344010052;34.396,75;0,004208337;0,03958000
Muster FFPB Pro;06.12.2023;0,0001905566;197,09;0,0345981172;34.593,84;0,003740091;0,03950000
Muster FFPB Pro;07.12.2023;0,0016945712;1.752,98;0,0363513170;36.346,82;0,002035324;0,03969000
Muster FFPB Pro;08.12.2023;0,0076715940;7.949,48;0,0443017807;44.296,30;0,007900838;0,03950000
Muster FFPB Pro;09.12.2023;0,0000007277;0,76;0,0443025406;44.297,06;0;0,03950000
Muster FFPB Pro;10.12.2023;0,0000007277;0,76;0,0443033005;44.297,82;0;0,03950000
Muster FFPB Pro;11.12.2023;0,0040377480;4.216,11;0,0485199327;48.513,93;0,004498746;0,03958000
Muster FFPB Pro;12.12.2023;0,0026865550;2.816,56;0,0513368384;51.330,49;-0,000263750;0,03928000
Muster FFPB Pro;13.12.2023;-0,0004646112;-488,40;0,0508483759;50.842,08;0,004172813;0,03925000
Muster FFPB Pro;14.12.2023;-0,0154211610;-16.203,29;0,0346430801;34.638,79;-0,003632355;0,03932000
Muster FFPB Pro;15.12.2023;0,0032437855;3.355,74;0,0379992392;37.994,54;0,004326516;0,03920000
Muster FFPB Pro;16.12.2023;0,0000007422;0,77;0,0380000097;37.995,31;0;0,03920000
Muster FFPB Pro;17.12.2023;0,0000007422;0,77;0,0380007801;37.996,08;0;0,03920000
Muster FFPB Pro;18.12.2023;-0,0001052788;-109,27;0,0378915008;37.886,81;-0,002251012;0,03938000
Muster FFPB Pro;19.12.2023;0,0012424013;1.289,32;0,0391809782;39.176,13;0,001841306;0,03923000
Muster FFPB Pro;20.12.2023;-0,0038160014;-3.965,02;0,0352154637;35.211,10;-0,004548109;0,03916000
Muster FFPB Pro;21.12.2023;0,0005744569;594,61;0,0358101503;35.805,72;0,002005574;0,03916000
Muster FFPB Pro;22.12.2023;-0,0000828558;-85,81;0,0357243276;35.719,91;-0,000257958;0,03931000
Muster FFPB Pro;23.12.2023;0,0000008295;0,86;0,0357251867;35.720,76;0;0,03931000
Muster FFPB Pro;24.12.2023;0,0000008295;0,86;0,0357260458;35.721,62;0;0,03931000
Muster FFPB Pro;25.12.2023;-0,0002728583;-282,57;0,0354434396;35.439,05;0,000037231;0,03931000
Muster FFPB Pro;26.12.2023;0,0003707493;383,84;0,0358273295;35.822,89;0,000976418;0,03931000
Muster FFPB Pro;27.12.2023;-0,0031115660;-3.222,65;0,0326042856;32.600,25;-0,000641907;0,03925000
Muster FFPB Pro;28.12.2023;0,0004125369;425,93;0,0330302729;33.026,18;-0,001076481;0,03893000
Muster FFPB Pro;29.12.2023;0,0044282382;4.573,94;0,0376047758;37.600,12;0,002065547;0,03909000
Muster FFPB Pro;30.12.2023;0;0;0,0376047758;37.600,12;0;0,03909000
Muster FFPB Pro;31.12.2023;0;0;0,0376047758;37.600,12;0;0,03909000
Muster FFPB Pro;01.01.2024;-0,0005561161;-576,96;0,0370277474;37.023,16;0,000011447;0,03909000
Muster FFPB Pro;02.01.2024;-0,0002174277;-236,49;0,0367700042;36.786,67;-0,000009471;0,03905000
Muster FFPB Pro;03.01.2024;0,0021460863;2.333,75;0,0390806631;39.120,42;-0,010152316;0,03929000
Muster FFPB Pro;04.01.2024;0,0002063847;224,91;0,0392837025;39.345,34;0,000424436;0,03922000
Muster FFPB Pro;05.01.2024;-0,0004275455;-466,03;0,0387975096;38.879,31;-0,001190334;0,03936000
Muster FFPB Pro;06.01.2024;0,0000007921;0,86;0,0387983708;38.880,17;0;0,03936000
Muster FFPB Pro;07.01.2024;0,0000007921;0,86;0,0387992320;38.881,04;0;0,03936000
Muster FFPB Pro;08.01.2024;0,0107695000;11.733,80;0,0504817605;50.614,84;0,008089519;0,03925000
Muster FFPB Pro;09.01.2024;0,0005069479;558,29;0,0510123089;51.173,12;-0,000586491;0,03928000
Muster FFPB Pro;10.01.2024;0,0018408361;2.028,29;0,0530075219;53.201,42;0,000249488;0,03936000
Muster FFPB Pro;11.01.2024;-0,0041849953;-4.619,65;0,0483808591;48.581,77;-0,002673067;0,03942000
Muster FFPB Pro;12.01.2024;0,0063738147;7.006,36;0,0553315469;55.588,12;0,005146668;0,03932000
Muster FFPB Pro;13.01.2024;0,0000007802;0,86;0,0553324060;55.588,99;0;0,03932000
Muster FFPB Pro;14.01.2024;0,0000007802;0,86;0,0553332651;55.589,85;0;0,03932000
Muster FFPB Pro;15.01.2024;-0,0006663500;-737,15;0,0545737455;54.852,70;-0,002640703;0,03928000
Muster FFPB Pro;16.01.2024;0,0043460957;4.804,66;0,0593265375;59.657,36;-0,000544816;0,03894000
Muster FFPB Pro;17.01.2024;-0,0043565291;-4.837,12;0,0544915594;54.820,23;-0,007709821;0,03903000
Muster FFPB Pro;18.01.2024;0,0101918672;11.266,90;0,0656617777;66.087,13;0,009262582;0,03970000
Muster FFPB Pro;19.01.2024;0,0077855861;8.694,52;0,0742680615;74.781,65;0,003199681;0,03958000
Muster FFPB Pro;20.01.2024;0,0000009046;1,02;0,0742690726;74.782,67;0;0,03958000
Muster FFPB Pro;21.01.2024;0,0000009046;1,02;0,0742700836;74.783,69;0;0,03958000
Muster FFPB Pro;22.01.2024;0,0040077393;4.510,48;0,0787160604;79.294,17;0,005605432;0,03945000
Muster FFPB Pro;23.01.2024;-0,0059887419;-7.066,43;0,0716367179;72.227,74;0,001130373;0,03948000
Muster FFPB Pro;24.01.2024;0,0050992471;5.980,84;0,0775003182;78.208,57;0,009813674;0,03929000
Muster FFPB Pro;25.01.2024;0,0062029380;7.312,44;0,0846734039;85.521,02;0,006664143;0,03925000
Muster FFPB Pro;26.01.2024;0,0057337699;6.801,28;0,0913299490;92.322,30;0,004940826;0,03887000
Muster FFPB Pro;27.01.2024;0,0000010495;1,25;0,0913311875;92.323,55;0;0,03887000
Muster FFPB Pro;28.01.2024;0,0000010495;1,25;0,0913324261;92.324,80;0;0,03887000
Muster FFPB Pro;29.01.2024;0,0088697447;10.581,46;0,1017157081;102.906,26;0,006538608;0,03912000
Muster FFPB Pro;30.01.2024;0,0027945470;3.363,42;0,1049547691;106.269,68;0,000859183;0,03897000
Muster FFPB Pro;31.01.2024;-0,0075970881;-9.169,14;0,0958225621;97.100,54;-0,007563309;0,03905000
Muster FFPB Pro;01.02.2024;0,0068508803;8.205,71;0,1038389240;105.306,25;0,003871167;0,03884000
Muster FFPB Pro;02.02.2024;0,0090214695;10.879,58;0,1144789105;116.185,82;0,006223972;0,03900000
Muster FFPB Pro;03.02.2024;0,0000010289;1,25;0,1144801441;116.187,08;0;0,03900000
Muster FFPB Pro;04.02.2024;0,0000010289;1,25;0,1144813778;116.188,33;0;0,03900000
Muster FFPB Pro;05.02.2024;0,0102514399;12.474,44;0,1266769884;128.662,76;0,001466000;0,03922000
Muster FFPB Pro;06.02.2024;-0,0002166138;-266,29;0,1263212751;128.396,48;0,004667021;0,03932000
Muster FFPB Pro;07.02.2024;0,0079271819;9.742,95;0,1358080283;138.139,42;0,001259783;0,03895000
Muster FFPB Pro;08.02.2024;0,0006125561;758,83;0,1364566569;138.898,26;0,003412981;0,03898000
Muster FFPB Pro;09.02.2024;0,0085982017;10.657,96;0,1468243524;149.556,22;0,001804821;0,03891000
Muster FFPB Pro;10.02.2024;0,0000010015;1,25;0,1468255816;149.557,47;0;0,03891000
Muster FFPB Pro;11.02.2024;0,0000010015;1,25;0,1468268108;149.558,72;0;0,03891000
Muster FFPB Pro;12.02.2024;0,0002621426;327,74;0,1470473184;149.886,46;0,004054742;0,03912000
Muster FFPB Pro;13.02.2024;-0,0050244765;-6.283,34;0,1407877782;143.603,12;-0,009872774;0,03901000
Muster FFPB Pro;14.02.2024;0,0065387778;8.135,95;0,1486654310;151.739,07;0,005962985;0,03922000
Muster FFPB Pro;15.02.2024;0,0023700655;2.968,27;0,1514746530;154.707,34;0,005488955;0,03915000
Muster FFPB Pro;16.02.2024;0,0028916589;3.630,09;0,1549294548;158.337,43;0,001282292;0,03933000
Muster FFPB Pro;17.02.2024;0,0000010019;1,26;0,1549306890;158.338,69;0;0,03933000
Muster FFPB Pro;18.02.2024;0,0000010019;1,26;0,1549319232;158.339,95;0;0,03933000
Muster FFPB Pro;19.02.2024;0,0013083760;1.647,24;0,1564450127;159.987,20;0,000180228;0,03932000
Muster FFPB Pro;20.02.2024;-0,0072848481;-9.183,62;0,1473733194;150.803,58;-0,004755909;0,03943000
Muster FFPB Pro;21.02.2024;-0,0072067930;-9.019,03;0,1384749899;141.784,55;0,002118941;0,03946000
Muster FFPB Pro;22.02.2024;0,0232030366;28.828,46;0,1665306567;170.613,01;0,017019820;0,03945000
Muster FFPB Pro;23.02.2024;0,0021740502;2.763,81;0,1691285717;173.376,82;0,001901116;0,03933000
Muster FFPB Pro;24.02.2024;0,0000009370;1,19;0,1691297362;173.378,01;0;0,03933000
Muster FFPB Pro;25.02.2024;0,0000009370;1,19;0,1691309006;173.379,21;0;0,03933000
Muster FFPB Pro;26.02.2024;-0,0008909792;-1.135,14;0,1679261373;172.244,07;-0,003444906;0,03952000
Muster FFPB Pro;27.02.2024;-0,0003040777;-387,06;0,1674531910;171.857,00;0,003295555;0,03952000
Muster FFPB Pro;28.02.2024;0,0003620169;460,67;0,1678078071;172.317,68;-0,000906901;0,03942000
Muster FFPB Pro;29.02.2024;0,0062373129;7.939,95;0,1754429875;180.257,63;0,002275890;0,03937000
Muster FFPB Pro;01.03.2024;0,0080803281;10.350,23;0,1854158995;190.607,86;0,005156566;0,03938000
Muster FFPB Pro;02.03.2024;0,0000009245;1,19;0,1854170607;190.609,05;0;0,03938000
Muster FFPB Pro;03.03.2024;0,0000009245;1,19;0,1854182219;190.610,24;0;0,03938000
Muster FFPB Pro;04.03.2024;-0,0003330668;-430,08;0,1849008546;190.180,16;0,000307424;0,03932000
Muster FFPB Pro;05.03.2024;-0,0068899534;-8.893,82;0,1761610663;181.286,34;-0,006098974;0,03926000
Muster FFPB Pro;06.03.2024;0,0037176275;4.765,79;0,1806983477;186.052,14;0,003637113;0,03942000
Muster FFPB Pro;07.03.2024;0,0071980901;9.261,86;0,1895968063;195.314,00;0,010283203;0,03929000
Muster FFPB Pro;08.03.2024;-0,0084153968;-10.906,13;0,1789198827;184.407,87;-0,004315211;0,03940000
Muster FFPB Pro;09.03.2024;0,0000009356;1,20;0,1789210493;184.409,08;0;0,03940000
Muster FFPB Pro;10.03.2024;0,0000009356;1,20;0,1789222158;184.410,28;0;0,03940000
Muster FFPB Pro;11.03.2024;-0,0010917600;-1.402,99;0,1774730184;183.007,29;-0,003537121;0,03928000
Muster FFPB Pro;12.03.2024;0,0128129499;16.447,55;0,1933287962;199.454,84;0,010289027;0,03929000
Muster FFPB Pro;13.03.2024;0,0004891105;635,90;0,1938519296;200.090,74;0,000441198;0,03940000
Muster FFPB Pro;14.03.2024;0,0034908458;4.540,72;0,1981571680;204.631,46;-0,000034934;0,03928000
Muster FFPB Pro;15.03.2024;-0,0040309544;-5.261,57;0,1929719696;199.369,89;-0,003566173;0,03928000
Muster FFPB Pro;16.03.2024;0,0000010893;1,42;0,1929733403;199.371,31;0;0,03928000
Muster FFPB Pro;17.03.2024;0,0000010893;1,42;0,1929747110;199.372,72;0;0,03928000
Muster FFPB Pro;18.03.2024;0,0040603810;5.278,62;0,1979928381;204.651,35;0,002420845;0,03928000
Muster FFPB Pro;19.03.2024;0,0022009933;2.872,98;0,2006813368;207.524,33;0,005630016;0,03935000
Muster FFPB Pro;20.03.2024;0,0066841507;8.744,09;0,2090436606;216.268,42;0,002715889;0,03922000
Muster FFPB Pro;21.03.2024;0,0070751089;9.317,40;0,2179537688;225.585,82;0,007819467;0,03926000
Muster FFPB Pro;22.03.2024;0,0027523832;3.650,33;0,2213844361;229.236,16;-0,000894905;0,03903000
Muster FFPB Pro;23.03.2024;0,0000015292;2,03;0,2213864001;229.238,19;0;0,03903000
Muster FFPB Pro;24.03.2024;0,0000015291;2,03;0,2213883640;229.240,23;0;0,03903000
Muster FFPB Pro;25.03.2024;-0,0016681611;-2.218,49;0,2191520030;227.021,74;-0,000834031;0,03886000
Muster FFPB Pro;26.03.2024;-0,0015844054;-2.103,58;0,2170296822;224.918,15;0,001540192;0,03902000
Muster FFPB Pro;27.03.2024;-0,0032642990;-4.327,08;0,2127657513;220.591,08;0,005507643;0,03908000
Muster FFPB Pro;28.03.2024;0,0026792772;3.539,99;0,2160914058;224.131,07;0,001416406;0,03892000
Muster FFPB Pro;29.03.2024;-0,0002048470;-271,38;0,2157423527;223.859,69;0,000142568;0,03892000
Muster FFPB Pro;30.03.2024;0,0000015672;2,08;0,2157443532;223.861,77;0;0,03892000
Muster FFPB Pro;31.03.2024;0,0000015672;2,08;0,2157463537;223.863,84;0;0,03892000
Muster FFPB Pro;01.04.2024;0,0024187282;3.203,66;0,2187464229;227.067,50;0,000686581;0,03892000
Muster FFPB Pro;02.04.2024;-0,0103513353;-13.743,74;0,2054253385;213.323,76;-0,008159345;0,03883000
Muster FFPB Pro;03.04.2024;-0,0019792547;-2.600,71;0,2028420185;210.723,06;0,001017082;0,03857000
Muster FFPB Pro;04.04.2024;-0,0099587953;-13.059,78;0,1901976654;197.663,27;-0,005298696;0,03891000
Muster FFPB Pro;05.04.2024;0,0060276425;7.825,82;0,1976530468;205.489,09;-0,000819567;0,03885000
Muster FFPB Pro;06.04.2024;0,0000016007;2,09;0,1976550578;205.491,18;0;0,03885000
Muster FFPB Pro;07.04.2024;0,0000016007;2,09;0,1976570688;205.493,27;0;0,03885000
Muster FFPB Pro;08.04.2024;-0,0009919903;-1.295,69;0,1963373968;204.197,58;0,002453213;0,03902000
Muster FFPB Pro;09.04.2024;-0,0076541901;-9.987,62;0,1866653645;194.209,96;-0,005105214;0,03916000
Muster FFPB Pro;10.04.2024;0,0033100788;4.286,12;0,1907155265;198.496,08;0,001049407;0,03912000
Muster FFPB Pro;11.04.2024;0,0029994166;3.896,71;0,1943896142;202.392,79;0,000568105;0,03906000
Muster FFPB Pro;12.04.2024;-0,0090560249;-11.800,47;0,1829908293;190.592,32;-0,003505904;0,03923000
Muster FFPB Pro;13.04.2024;0,0000016192;2,09;0,1829928366;190.594,41;0;0,03923000
Muster FFPB Pro;14.04.2024;0,0000016191;2,09;0,1829948440;190.596,50;0;0,03923000
Muster FFPB Pro;15.04.2024;-0,0078696928;-10.161,78;0,1731776712;180.434,72;-0,001826279;0,03888000
Muster FFPB Pro;16.04.2024;0,0001615855;207,01;0,1733163920;180.641,73;-0,010041258;0,03904000
Muster FFPB Pro;17.04.2024;-0,0042810108;-5.485,26;0,1679961766;175.156,46;-0,002953532;0,03895000
Muster FFPB Pro;18.04.2024;-0,0034434480;-4.393,20;0,1637273289;170.763,26;0,001271424;0,03897000
Muster FFPB Pro;19.04.2024;-0,0093256625;-11.856,85;0,1523082643;158.906,41;-0,006247103;0,03892000
Muster FFPB Pro;20.04.2024;0,0000023696;2,98;0,1523111251;158.909,39;0;0,03892000
Muster FFPB Pro;21.04.2024;0,0000023696;2,98;0,1523139858;158.912,38;0;0,03892000
Muster FFPB Pro;22.04.2024;0,0070815326;8.919,69;0,1608103952;167.832,07;0,007297438;0,03891000
Muster FFPB Pro;23.04.2024;0,0100874528;12.795,84;0,1730146516;180.627,91;0,010922547;0,03882000
Muster FFPB Pro;24.04.2024;-0,0016940018;-2.170,50;0,1708807624;178.457,41;-0,001231595;0,03879000
Muster FFPB Pro;25.04.2024;-0,0084220103;-10.772,73;0,1605144825;167.684,68;-0,008701068;0,03864000
Muster FFPB Pro;26.04.2024;0,0141617141;17.961,92;0,1776526701;185.646,60;0,012812139;0,03865000
Muster FFPB Pro;27.04.2024;0,0000025475;3,28;0,1776558059;185.649,88;0;0,03865000
Muster FFPB Pro;28.04.2024;0,0000025475;3,28;0,1776589417;185.653,15;0;0,03865000
Muster FFPB Pro;29.04.2024;-0,0020568962;-2.645,81;0,1750728436;183.007,34;-0,002263849;0,03835000
Muster FFPB Pro;30.04.2024;-0,0072039138;-9.247,42;0,1661755053;173.759,92;-0,011208477;0,03825000
Muster FFPB Pro;01.05.2024;-0,0049713694;-6.335,61;0,1600680369;167.424,31;-0,001284391;0,03825000
Muster FFPB Pro;02.05.2024;0,0018056011;2.289,65;0,1622086112;169.713,97;0,000936584;0,03853000
Muster FFPB Pro;03.05.2024;0,0055252254;6.991,26;0,1688454400;176.705,23;0,005447803;0,03827000
Muster FFPB Pro;04.05.2024;0,0000029966;3,81;0,1688490831;176.709,04;0;0,03827000
Muster FFPB Pro;05.05.2024;0,0000029966;3,81;0,1688527261;176.712,85;0;0,03827000
Muster FFPB Pro;06.05.2024;0,0132173772;16.816,91;0,1848726523;193.529,76;0,007463800;0,03824000
Muster FFPB Pro;07.05.2024;0,0037343088;4.814,09;0,1894217890;198.343,84;0,007691878;0,03788000
Muster FFPB Pro;08.05.2024;0,0064717629;8.374,23;0,1973682319;206.718,08;0,002652547;0,03814000
Muster FFPB Pro;09.05.2024;0,0004986840;649,46;0,1979376563;207.367,53;0,002871394;0,03806000
Muster FFPB Pro;10.05.2024;0,0096599088;12.586,75;0,2098989190;219.954,28;0,004981678;0,03818000
Muster FFPB Pro;11.05.2024;0,0000026777;3,52;0,2099022807;219.957,80;0;0,03818000
Muster FFPB Pro;12.05.2024;0,0000026777;3,52;0,2099056424;219.961,32;0;0,03818000
Muster FFPB Pro;13.05.2024;-0,0025345996;-3.334,47;0,2066719010;216.626,85;-0,002169002;0,03828000
Muster FFPB Pro;14.05.2024;0,0020682765;2.714,09;0,2092095112;219.340,94;0,001258406;0,03824000
Muster FFPB Pro;15.05.2024;0,0090387773;11.885,64;0,2204922121;231.226,58;0,006045320;0,03816000
Muster FFPB Pro;16.05.2024;-0,0011703502;-1.552,88;0,2189584529;229.673,71;-0,003738266;0,03826000
Muster FFPB Pro;17.05.2024;0,0008994960;1.192,10;0,2200422827;230.865,80;-0,000496099;0,03830000
Muster FFPB Pro;18.05.2024;0,0000028902;3,83;0,2200459368;230.869,64;0;0,03830000
Muster FFPB Pro;19.05.2024;0,0000028902;3,83;0,2200495908;230.873,47;0;0,03830000
Muster FFPB Pro;20.05.2024;0,0055267886;7.331,25;0,2269834187;238.204,72;0,002263333;0,03822000
Muster FFPB Pro;21.05.2024;0,0011262108;1.502,17;0,2283613669;239.706,89;-0,002008344;0,03823000
Muster FFPB Pro;22.05.2024;-0,0042053696;-5.615,55;0,2229599828;234.091,35;-0,003004106;0,03819000
Muster FFPB Pro;23.05.2024;-0,0027994717;-3.722,49;0,2193642532;230.368,85;-0,001155582;0,03801000
Muster FFPB Pro;24.05.2024;0,0051117711;6.778,15;0,2257674561;237.147,01;0,001179595;0,03808000
Muster FFPB Pro;25.05.2024;0,0000029058;3,87;0,2257711431;237.150,88;0;0,03808000
Muster FFPB Pro;26.05.2024;0,0000029058;3,87;0,2257748300;237.154,75;0;0,03808000
Muster FFPB Pro;27.05.2024;-0,0000297132;-39,60;0,2256865298;237.115,15;0,002671499;0,03800000
Muster FFPB Pro;28.05.2024;-0,0067501428;-8.996,16;0,2170758226;228.119,00;-0,004050579;0,03785000
Muster FFPB Pro;29.05.2024;-0,0041646558;-5.512,92;0,2117832971;222.606,08;-0,008859251;0,03794000
Muster FFPB Pro;30.05.2024;-0,0029130325;-3.840,04;0,2080847623;218.766,04;-0,000675816;0,03788000
Muster FFPB Pro;31.05.2024;0,0045042160;5.920,28;0,2136700601;224.686,32;0,003132867;0,03785000
Muster FFPB Pro;01.06.2024;0,0000029615;3,91;0,2136737784;224.690,23;0;0,03785000
Muster FFPB Pro;02.06.2024;0,0000029615;3,91;0,2136774968;224.694,14;0;0,03785000
Muster FFPB Pro;03.06.2024;-0,0022204443;-2.931,68;0,2108447033;221.762,46;0,002594562;0,03782000
Muster FFPB Pro;04.06.2024;-0,0040070010;-5.278,75;0,2057825114;216.483,70;-0,005405269;0,03772000
Muster FFPB Pro;05.06.2024;0,0148426987;19.475,17;0,2242482622;235.958,87;0,013250779;0,03752000
Muster FFPB Pro;06.06.2024;0,0028407422;3.782,67;0,2277962250;239.741,54;0,003739835;0,03755000
Muster FFPB Pro;07.06.2024;0,0033405004;4.460,78;0,2319873847;244.202,32;-0,000222624;0,03759000
Muster FFPB Pro;08.06.2024;0,0000029248;3,92;0,2319911074;244.206,24;0;0,03759000
Muster FFPB Pro;09.06.2024;0,0000029248;3,92;0,2319948301;244.210,16;0;0,03759000
Muster FFPB Pro;10.06.2024;-0,0015458553;-2.071,18;0,2299807740;242.138,97;0,000719619;0,03743000
Muster FFPB Pro;11.06.2024;-0,0010386794;-1.389,50;0,2286153086;240.749,47;-0,004910497;0,03739000
Muster FFPB Pro;12.06.2024;0,0044415643;5.935,57;0,2342053380;246.685,04;0,006420382;0,03720000
Muster FFPB Pro;13.06.2024;0,0060706597;8.148,68;0,2418943521;254.833,72;-0,007978996;0,03719000
Muster FFPB Pro;14.06.2024;-0,0034862189;-4.707,98;0,2373793433;250.125,74;-0,007520293;0,03715000
Muster FFPB Pro;15.06.2024;0,0000022397;3,01;0,2373822037;250.128,76;0;0,03715000
Muster FFPB Pro;16.06.2024;0,0000022397;3,01;0,2373850642;250.131,77;0;0,03715000
Muster FFPB Pro;17.06.2024;0,0058410436;7.860,60;0,2447980329;257.992,37;0,005276346;0,03711000
Muster FFPB Pro;18.06.2024;0,0050513543;6.837,58;0,2512381039;264.829,95;0,004612727;0,03717000
Muster FFPB Pro;19.06.2024;-0,0003753630;-510,66;0,2507063995;264.319,28;-0,003365714;0,03712000
Muster FFPB Pro;20.06.2024;0,0007318106;995,22;0,2516034034;265.314,50;0,007078563;0,03700000
Muster FFPB Pro;21.06.2024;-0,0036414525;-4.955,78;0,2468581033;260.358,72;-0,003887409;0,03686000
Muster FFPB Pro;22.06.2024;0,0000021934;2,97;0,2468609233;260.361,70;0;0,03686000
Muster FFPB Pro;23.06.2024;0,0000021934;2,97;0,2468637433;260.364,67;0;0,03686000
Muster FFPB Pro;24.06.2024;-0,0039660074;-5.377,85;0,2417205098;254.986,82;0,002408902;0,03682000
Muster FFPB Pro;25.06.2024;0,0099469097;13.434,37;0,2544097966;268.421,19;0,001523210;0,03698000
Muster FFPB Pro;26.06.2024;-0,0017102333;-2.332,83;0,2521534578;266.088,36;-0,001189431;0,03722000
Muster FFPB Pro;27.06.2024;-0,0012181028;-1.658,70;0,2505370572;264.429,66;-0,002472818;0,03695000
Muster FFPB Pro;28.06.2024;-0,0009992144;-1.358,98;0,2492055642;263.070,68;-0,002501614;0,03711000
Muster FFPB Pro;29.06.2024;0,0000021907;2,98;0,2492083838;263.073,66;0;0,03711000
Muster FFPB Pro;30.06.2024;0,0000021907;2,98;0,2492112034;263.076,63;0;0,03711000
Muster FFPB Pro;01.07.2024;-0,0004156662;-564,76;0,2486328076;262.511,87;0,004296156;0,03709000
Muster FFPB Pro;02.07.2024;-0,0029951993;-4.067,88;0,2447376821;258.443,99;-0,000524563;0,03714000
Muster FFPB Pro;03.07.2024;0,0031499210;4.265,20;0,2487340690;262.709,19;0,006706645;0,03705000
Muster FFPB Pro;04.07.2024;0,0005111031;694,25;0,2493490656;263.403,43;0,003028532;0,03708000
Muster FFPB Pro;05.07.2024;0,0001462215;198,72;0,2494952280;263.602,15;0,000119750;0,03712000
Muster FFPB Pro;06.07.2024;0,0000021904;2,98;0,2494980459;263.605,13;0;0,03712000
Muster FFPB Pro;07.07.2024;0,0000021904;2,98;0,2495008639;263.608,11;0;0,03712000
Muster FFPB Pro;08.07.2024;0,0034609679;4.704,25;0,2539110541;268.312,35;-0,001182837;0,03699000
Muster FFPB Pro;09.07.2024;-0,0032474602;-4.429,32;0,2496782554;263.883,04;-0,006266895;0,03708000
Muster FFPB Pro;10.07.2024;0,0078159779;10.625,85;0,2596896352;274.508,89;0,010100685;0,03704000
Muster FFPB Pro;11.07.2024;-0,0086697068;-11.878,62;0,2484120089;262.630,27;-0,001800211;0,03685000
Muster FFPB Pro;12.07.2024;0,0068535133;9.308,79;0,2571755258;271.939,06;0,008278995;0,03664000
Muster FFPB Pro;13.07.2024;0,0000013836;1,89;0,2571773152;271.940,95;0;0,03664000
Muster FFPB Pro;14.07.2024;0,0000013836;1,89;0,2571791047;271.942,84;0;0,03664000
Muster FFPB Pro;15.07.2024;-0,0007947964;-1.086,93;0,2561104060;270.855,91;-0,005962787;0,03662000
Muster FFPB Pro;16.07.2024;-0,0020364687;-2.782,79;0,2534391273;268.073,12;0,000055973;0,03674000
Muster FFPB Pro;17.07.2024;-0,0202201760;-27.574,12;0,2273347116;240.499,00;-0,012898458;0,03678000
Muster FFPB Pro;18.07.2024;-0,0074572823;-9.963,82;0,2178825140;230.535,18;-0,005296557;0,03688000
Muster FFPB Pro;19.07.2024;-0,0044869824;-5.950,44;0,2122260556;224.584,74;-0,006882942;0,03698000
Muster FFPB Pro;20.07.2024;0,0000014333;1,89;0,2122278437;224.586,63;0;0,03698000
Muster FFPB Pro;21.07.2024;0,0000014333;1,89;0,2122296318;224.588,52;0;0,03698000
Muster FFPB Pro;22.07.2024;0,0151993764;20.066,35;0,2311565518;244.654,88;0,011886726;0,03705000
Muster FFPB Pro;23.07.2024;0,0060963798;8.170,83;0,2388405174;252.825,70;0,003266662;0,03685000
Muster FFPB Pro;24.07.2024;-0,0216952028;-29.254,81;0,2111723499;223.570,89;-0,015026879;0,03698000
Muster FFPB Pro;25.07.2024;-0,0121329019;-16.005,62;0,1960252729;207.565,27;-0,008829719;0,03686000
Muster FFPB Pro;26.07.2024;0,0099050695;12.908,15;0,2081851479;220.473,42;0,010090488;0,03655000
Muster FFPB Pro;27.07.2024;0,0000014452;1,90;0,2081869438;220.475,32;0;0,03655000
Muster FFPB Pro;28.07.2024;0,0000014452;1,90;0,2081887398;220.477,22;0;0,03655000
Muster FFPB Pro;29.07.2024;-0,0013752410;-1.809,95;0,2064495666;218.667,27;-0,002639099;0,03636000
Muster FFPB Pro;30.07.2024;-0,0051898532;-6.820,96;0,1999808087;211.846,31;0,001453383;0,03631000
Muster FFPB Pro;31.07.2024;0,0189426198;24.766,85;0,2233284563;236.613,15;0,010716891;0,03647000
Muster FFPB Pro;01.08.2024;-0,0091422401;-12.179,60;0,2118025836;224.433,56;-0,017163616;0,03638000
Muster FFPB Pro;02.08.2024;-0,0310275458;-40.958,04;0,1731252428;183.475,52;-0,028991732;0,03623000
Muster FFPB Pro;03.08.2024;0,0000014870;1,90;0,1731270375;183.477,42;0;0,03623000
Muster FFPB Pro;04.08.2024;0,0000014870;1,90;0,1731288322;183.479,32;0;0,03623000
Muster FFPB Pro;05.08.2024;-0,0258277859;-33.036,32;0,1419363389;150.443,01;-0,025102182;0,03584000
Muster FFPB Pro;06.08.2024;0,0155200564;19.338,98;0,1601596174;169.781,98;0,008218358;0,03523000
Muster FFPB Pro;07.08.2024;-0,0020395027;-2.580,79;0,1577034227;167.201,19;0,008956372;0,03569000
Muster FFPB Pro;08.08.2024;0,0212928437;26.889,06;0,1830401274;194.090,25;0,009511900;0,03577000
Muster FFPB Pro;09.08.2024;0,0110189801;14.211,30;0,1964157904;208.301,55;0,002947623;0,03557000
Muster FFPB Pro;10.08.2024;0,0000014587;1,90;0,1964175839;208.303,45;0;0,03557000
Muster FFPB Pro;11.08.2024;0,0000014587;1,90;0,1964193774;208.305,36;0;0,03557000
Muster FFPB Pro;12.08.2024;-0,0022051463;-2.875,35;0,1936821404;205.430,01;-0,000893776;0,03548000
Muster FFPB Pro;13.08.2024;0,0076849279;9.949,47;0,2030405668;215.379,48;0,009399475;0,03542000
Muster FFPB Pro;14.08.2024;0,0106750005;13.926,85;0,2161462576;229.306,33;0,002821719;0,03542000
Muster FFPB Pro;15.08.2024;0,0150003719;19.778,73;0,2347647730;249.085,06;0,017519467;0,03549000
Muster FFPB Pro;16.08.2024;-0,0013916334;-1.862,46;0,2329846762;247.222,60;0,005399739;0,03560000
Muster FFPB Pro;17.08.2024;0,0000012883;1,72;0,2329862988;247.224,32;0;0,03560000
Muster FFPB Pro;18.08.2024;0,0000012883;1,72;0,2329879214;247.226,04;0;0,03560000
Muster FFPB Pro;19.08.2024;0,0052357507;6.997,42;0,2395571465;254.223,46;0,004629676;0,03551000
Muster FFPB Pro;20.08.2024;-0,0001529667;-205,51;0,2393385183;254.017,96;-0,003859698;0,03538000
Muster FFPB Pro;21.08.2024;0,0031999049;4.298,31;0,2433632359;258.316,27;0,004276617;0,03542000
Muster FFPB Pro;22.08.2024;-0,0029556183;-3.982,87;0,2395863113;254.333,39;-0,002689214;0,03541000
Muster FFPB Pro;23.08.2024;0,0024610066;3.306,55;0,2426764099;257.639,94;0,005446497;0,03525000
Muster FFPB Pro;24.08.2024;0,0000012784;1,72;0,2426780317;257.641,67;0;0,03525000
Muster FFPB Pro;25.08.2024;0,0000012784;1,72;0,2426796535;257.643,39;0;0,03525000
Muster FFPB Pro;26.08.2024;-0,0022182263;-2.987,70;0,2398412312;254.655,69;-0,002208942;0,03523000
Muster FFPB Pro;27.08.2024;0,0007755133;1.042,21;0,2407986608;255.697,90;0,001422280;0,03515000
Muster FFPB Pro;28.08.2024;0,0050697692;6.818,54;0,2471952936;262.516,44;0,000890781;0,03505000
Muster FFPB Pro;29.08.2024;0,0040962981;5.537,21;0,2523844179;268.053,65;0,008282145;0,03505000
Muster FFPB Pro;30.08.2024;0,0090759512;12.318,76;0,2639572175;280.372,41;0,003295072;0,03490000
Muster FFPB Pro;31.08.2024;0,0000012572;1,72;0,2639588385;280.374,13;0;0,03490000
Muster FFPB Pro;01.09.2024;0,0000012572;1,72;0,2639604595;280.375,86;0;0,03490000
Muster FFPB Pro;02.09.2024;-0,0021794739;-2.985,05;0,2611247931;277.390,81;0,001254576;0,03469000
Muster FFPB Pro;03.09.2024;-0,0161981214;-22.136,90;0,2402628048;255.253,90;-0,013573024;0,03458000
Muster FFPB Pro;04.09.2024;-0,0058603784;-7.879,26;0,2328240055;247.374,64;-0,010832672;0,03449000
Muster FFPB Pro;05.09.2024;-0,0120520141;-16.108,94;0,2176419244;231.265,70;-0,004588785;0,03470000
Muster FFPB Pro;06.09.2024;-0,0152554230;-20.144,92;0,1986650032;211.120,78;-0,016655329;0,03468000
Muster FFPB Pro;07.09.2024;0,0000007711;1,00;0,1986659467;211.121,78;0;0,03468000
Muster FFPB Pro;08.09.2024;0,0000007711;1,00;0,1986668903;211.122,79;0;0,03468000
Muster FFPB Pro;09.09.2024;0,0142393998;18.516,43;0,2160706684;229.639,22;0,011824766;0,03462000
Muster FFPB Pro;10.09.2024;0,0026625507;3.511,59;0,2193544056;233.150,81;-0,001349261;0,03460000
Muster FFPB Pro;11.09.2024;0,0093143079;12.317,19;0,2309214576;245.467,99;0,005846937;0,03467000
Muster FFPB Pro;12.09.2024;0,0052193732;6.966,36;0,2374532670;252.434,35;0,008532242;0,03481000
Muster FFPB Pro;13.09.2024;0,0081654800;10.955,44;0,2477360533;263.389,79;0,004221805;0,03472000
Muster FFPB Pro;14.09.2024;0,0000007838;1,06;0,2477370504;263.390,85;0;0,03472000
Muster FFPB Pro;15.09.2024;0,0000007838;1,06;0,2477380476;263.391,91;0;0,03472000
Muster FFPB Pro;16.09.2024;-0,0005086425;-688,01;0,2470686683;262.703,91;-0,002380648;0,03488000
Muster FFPB Pro;17.09.2024;-0,0001962891;-265,37;0,2467970180;262.438,53;0,003387893;0,03480000
Muster FFPB Pro;18.09.2024;-0,0036591159;-4.945,96;0,2421243463;257.492,57;-0,003807673;0,03458000
Muster FFPB Pro;19.09.2024;0,0148569627;20.008,40;0,2609155741;277.500,98;0,018950548;0,03455000
Muster FFPB Pro;20.09.2024;-0,0036922525;-5.046,36;0,2561484095;272.454,61;-0,009605776;0,03436000
Muster FFPB Pro;21.09.2024;0,0000007348;1,00;0,2561493501;272.455,61;0;0,03436000
Muster FFPB Pro;22.09.2024;0,0000007348;1,00;0,2561502908;272.456,61;0;0,03436000
Muster FFPB Pro;23.09.2024;0,0087779096;11.952,88;0,2673645822;284.409,49;0,003509124;0,03431000
Muster FFPB Pro;24.09.2024;0,0006661831;915,10;0,2682017241;285.324,60;0,006689210;0,03402000
Muster FFPB Pro;25.09.2024;0,0021969850;3.019,90;0,2710172063;288.344,50;-0,004204005;0,03352000
Muster FFPB Pro;26.09.2024;0,0071716391;9.879,56;0,2802792707;298.224,06;0,015379161;0,03345000
Muster FFPB Pro;27.09.2024;-0,0020566623;-2.853,55;0,2775740112;295.370,51;0,004048159;0,03326000
Muster FFPB Pro;28.09.2024;0,0000007226;1,00;0,2775749515;295.371,51;0;0,03326000
Muster FFPB Pro;29.09.2024;0,0000007226;1,00;0,2775758917;295.372,51;0;0,03326000
Muster FFPB Pro;30.09.2024;0,0018054308;2.499,83;0,2799016624;297.872,34;-0,006252301;0,03279000
Muster FFPB Pro;01.10.2024;-0,0069492097;-9.639,36;0,2708213324;288.232,98;-0,004818206;0,03252000
Muster FFPB Pro;02.10.2024;0,0033012276;4.547,36;0,2750712898;292.780,35;0,001758583;0,03246000
Muster FFPB Pro;03.10.2024;-0,0032380564;-4.475,07;0,2708446983;288.305,27;-0,004768737;0,03238000
Muster FFPB Pro;04.10.2024;0,0088818630;12.235,20;0,2823159220;300.540,47;0,008747204;0,03250000
Muster FFPB Pro;05.10.2024;0,0000007202;1,00;0,2823168622;300.541,47;0;0,03250000
Muster FFPB Pro;06.10.2024;0,0000007202;1,00;0,2823178024;300.542,47;0;0,03250000
Muster FFPB Pro;07.10.2024;-0,0017101021;-2.376,68;0,2800626150;298.165,80;-0,002925852;0,03268000
Muster FFPB Pro;08.10.2024;0,0080149932;11.120,07;0,2904842231;309.285,87;0,002357621;0,03265000
Muster FFPB Pro;09.10.2024;0,0090859643;12.706,99;0,3023946496;321.992,86;0,004004293;0,03223000
Muster FFPB Pro;10.10.2024;0,0009742226;1.374,86;0,3036617994;323.367,72;0,000479929;0,03184000
Muster FFPB Pro;11.10.2024;0,0099292639;14.026,19;0,3168083425;337.393,90;0,001897239;0,03179000
Muster FFPB Pro;12.10.2024;0,0000007027;1,00;0,3168092838;337.394,91;0;0,03179000
Muster FFPB Pro;13.10.2024;0,0000007027;1,00;0,3168102252;337.395,91;0;0,03179000
Muster FFPB Pro;14.10.2024;0,0083786090;11.953,25;0,3280085734;349.349,16;0,004227035;0,03205000
Muster FFPB Pro;15.10.2024;-0,0095251319;-13.702,78;0,3151184296;335.646,38;-0,002759741;0,03215000
Muster FFPB Pro;16.10.2024;0,0055521357;7.911,18;0,3225209461;343.557,56;0,002011738;0,03208000
Muster FFPB Pro;17.10.2024;0,0062966779;9.021,89;0,3309651101;352.579,44;0,002732286;0,03219000
Muster FFPB Pro;18.10.2024;-0,0016525310;-2.382,66;0,3287035671;350.196,79;0,000691203;0,03201000
Muster FFPB Pro;19.10.2024;0,0000006965;1,00;0,3287045081;350.197,79;0;0,03201000
Muster FFPB Pro;20.10.2024;0,0000006965;1,00;0,3287054491;350.198,79;0;0,03201000
Muster FFPB Pro;21.10.2024;0,0004267572;614,29;0,3292572161;350.813,08;-0,002034724;0,03138000
Muster FFPB Pro;22.10.2024;-0,0062245613;-8.963,72;0,3208202538;341.849,36;-0,000231595;0,03098000
Muster FFPB Pro;23.10.2024;-0,0029119094;-4.167,21;0,3168858230;337.682,15;-0,004600691;0,03086000
Muster FFPB Pro;24.10.2024;-0,0036238788;-5.171,00;0,3120102284;332.511,15;0,001576898;0,03072000
Muster FFPB Pro;25.10.2024;-0,0015765307;-2.241,44;0,3098842464;330.269,71;-0,000975481;0,03059000
Muster FFPB Pro;26.10.2024;0,0000007062;1,00;0,3098851870;330.270,71;0;0,03059000
Muster FFPB Pro;27.10.2024;0,0000007062;1,00;0,3098861276;330.271,71;0;0,03059000
Muster FFPB Pro;28.10.2024;0,0011934118;1.694,07;0,3114529294;331.965,78;0,004769717;0,03052000
Muster FFPB Pro;29.10.2024;0,0009343912;1.327,97;0,3126761997;333.293,74;-0,000893528;0,03056000
Muster FFPB Pro;30.10.2024;-0,0114372240;-16.269,87;0,2973913921;317.023,87;-0,011006935;0,03056000
Muster FFPB Pro;31.10.2024;-0,0181488991;-25.522,20;0,2734301828;291.501,67;-0,013574165;0,03062000
Muster FFPB Pro;01.11.2024;0,0103507837;14.291,79;0,2868156083;305.793,46;0,007323642;0,03085000
Muster FFPB Pro;02.11.2024;0,0000009122;1,27;0,2868168018;305.794,73;0;0,03085000
Muster FFPB Pro;03.11.2024;0,0000009122;1,27;0,2868179953;305.796,01;0;0,03085000
Muster FFPB Pro;04.11.2024;-0,0067664825;-9.439,51;0,2779447168;296.356,50;-0,005434121;0,03075000
Muster FFPB Pro;05.11.2024;0,0022852463;3.166,44;0,2808947586;299.522,94;0,006783430;0,03057000
Muster FFPB Pro;06.11.2024;0,0322489643;44.786,27;0,3228731799;344.309,21;0,008598405;0,03049000
Muster FFPB Pro;07.11.2024;0,0020252025;2.903,23;0,3255731586;347.212,44;0,006649700;0,03032000
Muster FFPB Pro;08.11.2024;0,0053381407;7.668,00;0,3327404175;354.880,44;-0,001536365;0,03032000
Muster FFPB Pro;09.11.2024;0,0000008812;1,27;0,3327416107;354.881,72;0;0,03032000
Muster FFPB Pro;10.11.2024;0,0000008812;1,27;0,3327428038;354.882,99;0;0,03032000
Muster FFPB Pro;11.11.2024;0,0091258998;13.178,95;0,3450760111;368.061,94;0,010635775;0,03040000
Muster FFPB Pro;12.11.2024;-0,0061375060;-8.944,22;0,3366675462;359.117,72;-0,012330518;0,03034000
Muster FFPB Pro;13.11.2024;0,0039949093;5.786,07;0,3420688619;364.903,79;-0,000306510;0,03023000
Muster FFPB Pro;14.11.2024;-0,0015843816;-2.303,92;0,3398863668;362.599,87;0,008630833;0,03005000
Muster FFPB Pro;15.11.2024;-0,0143827260;-20.881,46;0,3202916361;341.718,41;-0,007632063;0,02998000
Muster FFPB Pro;16.11.2024;0,0000008893;1,27;0,3202928288;341.719,68;0;0,02998000
Muster FFPB Pro;17.11.2024;0,0000008893;1,27;0,3202940215;341.720,95;0;0,02998000
Muster FFPB Pro;18.11.2024;-0,0009777836;-1.399,17;0,3189615065;340.321,78;-0,000441598;0,03004000
Muster FFPB Pro;19.11.2024;0,0012972061;1.854,44;0,3206785004;342.176,22;-0,002598478;0,03013000
Muster FFPB Pro;20.11.2024;0,0061822838;8.849,44;0,3289505037;351.025,66;0,000057594;0,03000000
Muster FFPB Pro;21.11.2024;0,0166561082;23.989,27;0,3514083717;375.014,93;0,006059933;0,03005000
Muster FFPB Pro;22.11.2024;0,0059121362;8.656,89;0,3594971715;383.671,83;0,010041140;0,03022000
Muster FFPB Pro;23.11.2024;0,0000034354;5,06;0,3595019127;383.676,89;0;0,03022000
Muster FFPB Pro;24.11.2024;0,0000034353;5,06;0,3595066539;383.681,95;0;0,03022000
Muster FFPB Pro;25.11.2024;-0,0041534223;-6.117,68;0,3537517965;377.564,27;-0,000523707;0,02985000
Muster FFPB Pro;26.11.2024;0,0067269242;9.867,10;0,3629735057;387.431,37;-0,002483884;0,02898000
Muster FFPB Pro;27.11.2024;-0,0088458801;-13.062,49;0,3507134611;374.368,88;-0,007791946;0,02912000
Muster FFPB Pro;28.11.2024;0,0021892018;3.204,14;0,3536929226;377.573,03;0,003985875;0,02939000
Muster FFPB Pro;29.11.2024;0,0051528562;7.558,29;0,3607506595;385.131,32;0,007197190;0,02934000
Muster FFPB Pro;30.11.2024;0,0000011768;1,73;0,3607522847;385.133,05;0;0,02934000
Muster FFPB Pro;01.12.2024;0,0000011768;1,73;0,3607539099;385.134,79;0;0,02934000
Muster FFPB Pro;02.12.2024;0,0118109424;17.413,79;0,3770419335;402.548,58;0,009881506;0,02924000
Muster FFPB Pro;03.12.2024;0,0012994243;1.938,47;0,3788342168;404.487,05;0,002629028;0,02879000
Muster FFPB Pro;04.12.2024;0,0077477192;11.573,00;0,3896493726;416.060,06;0,006148174;0,02877000
Muster FFPB Pro;05.12.2024;-0,0066891852;-10.069,25;0,3801961389;405.990,80;0,001092757;0,02881000
Muster FFPB Pro;06.12.2024;0,0045180645;6.755,56;0,3864990895;412.746,37;0,004020223;0,02868000
Muster FFPB Pro;07.12.2024;0,0000010717;1,61;0,3865005967;412.747,98;0;0,02868000
Muster FFPB Pro;08.12.2024;0,0000010717;1,61;0,3865021040;412.749,59;0;0,02868000
Muster FFPB Pro;09.12.2024;-0,0133452139;-20.044,42;0,3677102235;392.705,17;-0,002771955;0,02862000
Muster FFPB Pro;10.12.2024;-0,0032600729;-4.831,26;0,3631647453;387.873,91;-0,001951612;0,02872000
Muster FFPB Pro;11.12.2024;0,0100911166;14.905,76;0,3770985327;402.779,67;0,004852277;0,02888000
Muster FFPB Pro;12.12.2024;-0,0018607752;-2.776,32;0,3744771050;400.003,35;-0,000759038;0,02886000
Muster FFPB Pro;13.12.2024;-0,0015173408;-2.259,69;0,3723397456;397.743,66;-0,001571013;0,02843000
Muster FFPB Pro;14.12.2024;0,0000011158;1,66;0,3723412989;397.745,32;0;0,02843000
Muster FFPB Pro;15.12.2024;0,0000011158;1,66;0,3723428521;397.746,98;0;0,02843000
Muster FFPB Pro;16.12.2024;0,0012711949;1.890,25;0,3740905374;399.637,23;-0,001632873;0,02863000
Muster FFPB Pro;17.12.2024;-0,0033114331;-4.930,33;0,3694539402;394.706,90;-0,002005358;0,02865000
Muster FFPB Pro;18.12.2024;-0,0129222858;-19.176,03;0,3514845011;375.530,88;-0,009270659;0,02852000
Muster FFPB Pro;19.12.2024;-0,0050384740;-7.380,23;0,3445570958;368.150,65;-0,006704137;0,02839000
Muster FFPB Pro;20.12.2024;0,0018068348;2.633,27;0,3470018289;370.783,92;0,001037456;0,02772000
Muster FFPB Pro;21.12.2024;0,0000011214;1,64;0,3470033612;370.785,56;0;0,02772000
Muster FFPB Pro;22.12.2024;0,0000011214;1,64;0,3470048936;370.787,19;0;0,02772000
Muster FFPB Pro;23.12.2024;0,0077094468;11.256,03;0,3575187003;382.043,22;0,002364093;0,02731000
Muster FFPB Pro;24.12.2024;0,0073228039;10.773,94;0,3675803243;392.817,16;0,004810775;0,02715000
Muster FFPB Pro;25.12.2024;-0,0005120317;-758,86;0,3668496725;392.058,30;0,000084379;0,02715000
Muster FFPB Pro;26.12.2024;-0,0026278813;-3.892,68;0,3631870609;388.165,62;-0,000790358;0,02715000
Muster FFPB Pro;27.12.2024;-0,0056712746;-8.378,79;0,3553277804;379.786,83;0,000606819;0,02683000
Muster FFPB Pro;28.12.2024;0,0000011146;1,64;0,3553293123;379.788,46;0;0,02683000
Muster FFPB Pro;29.12.2024;0,0000011146;1,64;0,3553308442;379.790,10;0;0,02683000
Muster FFPB Pro;30.12.2024;-0,0057568029;-8.456,94;0,3473994368;371.333,17;-0,005851950;0,02678000
Muster FFPB Pro;31.12.2024;-0,0002813272;-410,90;0,3469960381;370.922,27;0,002522768;0,02714000
Muster FFPB Pro;01.01.2025;-0,0000624510;-91,19;0,3468918640;370.831,08;0,000005220;0,02714000
Muster FFPB Pro;02.01.2025;0,0102960714;15.033,03;0,3609349099;385.864,11;0,005450781;0,02736000
Muster FFPB Pro;03.01.2025;0,0047227001;6.966,49;0,3674315666;392.830,60;-0,000675931;0,02731000
Muster FFPB Pro;04.01.2025;0,0000011098;1,64;0,3674331051;392.832,24;0;0,02731000
Muster FFPB Pro;05.01.2025;0,0000011098;1,64;0,3674346436;392.833,89;0;0,02731000
Muster FFPB Pro;06.01.2025;-0,0019726714;-2.923,65;0,3646805308;389.910,23;0,010197129;0,02757000
Muster FFPB Pro;07.01.2025;-0,0011772668;-1.741,36;0,3630325543;388.168,88;-0,000368748;0,02785000
Muster FFPB Pro;08.01.2025;0,0080097391;11.833,69;0,3740801669;400.002,56;0,001786157;0,02782000
Muster FFPB Pro;09.01.2025;0,0010621013;1.581,73;0,3755396584;401.584,29;0,002197729;0,02789000
Muster FFPB Pro;10.01.2025;-0,0091228086;-13.600,53;0,3628022267;387.983,76;-0,008786391;0,02766000
Muster FFPB Pro;11.01.2025;0,0000011135;1,64;0,3628037648;387.985,40;0;0,02766000
Muster FFPB Pro;12.01.2025;0,0000011135;1,64;0,3628053029;387.987,05;0;0,02766000
Muster FFPB Pro;13.01.2025;-0,0021369191;-3.156,72;0,3598347690;384.830,33;-0,000192152;0,02785000
Muster FFPB Pro;14.01.2025;-0,0012642517;-1.863,60;0,3580737154;382.966,73;-0,001066119;0,02761000
Muster FFPB Pro;15.01.2025;0,0182731195;26.901,87;0,3832072651;409.868,59;0,013119087;0,02748000
Muster FFPB Pro;16.01.2025;0,0062958202;9.438,14;0,3920114423;419.306,73;0,007989207;0,02744000
Muster FFPB Pro;17.01.2025;0,0073415778;11.075,14;0,4023451919;430.381,87;0,008169968;0,02704000
Muster FFPB Pro;18.01.2025;0,0000010835;1,65;0,4023467311;430.383,52;0;0,02704000
Muster FFPB Pro;19.01.2025;0,0000010835;1,65;0,4023482703;430.385,16;0;0,02704000
Muster FFPB Pro;20.01.2025;-0,0099282923;-15.087,32;0,3882241884;415.297,85;-0,001820795;0,02677000
Muster FFPB Pro;21.01.2025;0,0081543009;12.268,48;0,3996727989;427.566,33;0,003970125;0,02681000
Muster FFPB Pro;22.01.2025;0,0111078447;16.848,49;0,4154013733;444.414,81;0,005686889;0,02671000
Muster FFPB Pro;23.01.2025;0,0055551390;8.519,68;0,4233438221;452.934,50;0,004532278;0,02673000
Muster FFPB Pro;24.01.2025;-0,0047126262;-7.267,71;0,4165303433;445.666,79;-0,005436991;0,02641000
Muster FFPB Pro;25.01.2025;0,0000015973;2,45;0,4165326346;445.669,24;0;0,02641000
Muster FFPB Pro;26.01.2025;0,0000015973;2,45;0,4165349260;445.671,69;0;0,02641000
Muster FFPB Pro;27.01.2025;-0,0241213012;-37.024,15;0,3819125510;408.647,55;-0,007686526;0,02641000
Muster FFPB Pro;28.01.2025;0,0170308414;25.510,34;0,4057341003;434.157,89;0,007300132;0,02615000
Muster FFPB Pro;29.01.2025;0,0054371907;8.283,02;0,4134547514;442.440,91;0,002563778;0,02612000
Muster FFPB Pro;30.01.2025;0,0168149886;25.755,25;0,4375015238;468.196,16;0,007656033;0,02606000
Muster FFPB Pro;31.01.2025;-0,0005083139;-791,67;0,4367407638;467.404,50;-0,000004121;0,02589000
Muster FFPB Pro;01.02.2025;0,0000015750;2,45;0,4367430546;467.406,95;0;0,02589000
Muster FFPB Pro;02.02.2025;0,0000015750;2,45;0,4367453454;467.409,40;0;0,02589000
Muster FFPB Pro;03.02.2025;-0,0020388577;-3.173,79;0,4337590299;464.235,61;-0,007833597;0,02562000
Muster FFPB Pro;04.02.2025;-0,0005693456;-884,47;0,4329120436;463.351,14;0,005200160;0,02541000
Muster FFPB Pro;05.02.2025;0,0112009643;17.390,55;0,4491389132;480.741,69;0,001557040;0,02529000
Muster FFPB Pro;06.02.2025;0,0051379281;8.066,47;0,4566536331;488.808,16;0,012628185;0,02535000
Muster FFPB Pro;07.02.2025;0,0009746030;1.537,97;0,4580690058;490.346,14;-0,005730509;0,02527000
Muster FFPB Pro;08.02.2025;0,0000013060;2,06;0,4580709329;490.348,20;0;0,02527000
Muster FFPB Pro;09.02.2025;0,0000013060;2,06;0,4580728600;490.350,26;0;0,02527000
Muster FFPB Pro;10.02.2025;0,0077154385;12.187,26;0,4694360430;502.537,52;0,007334203;0,02526000
Muster FFPB Pro;11.02.2025;-0,0042432386;-6.754,31;0,4631051990;495.783,21;0,001930489;0,02539000
Muster FFPB Pro;12.02.2025;-0,0045549708;-7.219,75;0,4563403073;488.563,46;-0,001035957;0,02553000
Muster FFPB Pro;13.02.2025;0,0019194930;3.028,59;0,4591481189;491.592,05;0,011874146;0,02556000
Muster FFPB Pro;14.02.2025;-0,0031024865;-4.865,30;0,4545972909;486.726,75;-0,003502547;0,02522000
Muster FFPB Pro;15.02.2025;0,0000006930;1,08;0,4545983028;486.727,83;0;0,02522000
Muster FFPB Pro;16.02.2025;0,0000006930;1,08;0,4545993146;486.728,92;0;0,02522000
Muster FFPB Pro;17.02.2025;0,0038156850;5.965,18;0,4601640604;492.694,10;0,004214929;0,02510000
Muster FFPB Pro;18.02.2025;0,0102411145;16.071,35;0,4751674568;508.765,45;0,003023252;0,02516000
Muster FFPB Pro;19.02.2025;-0,0132093911;-20.941,76;0,4556021260;487.823,70;-0,004977025;0,02529000
Muster FFPB Pro;20.02.2025;-0,0135461176;-21.191,91;0,4358037593;466.631,79;-0,004014475;0,02534000
Muster FFPB Pro;21.02.2025;-0,0112297968;-17.330,22;0,4196125095;449.301,57;-0,004288115;0,02521000
Muster FFPB Pro;22.02.2025;0,0000007141;1,09;0,4196135271;449.302,66;0;0,02521000
Muster FFPB Pro;23.02.2025;0,0000007141;1,09;0,4196145447;449.303,75;0;0,02521000
Muster FFPB Pro;24.02.2025;-0,0062337295;-9.512,09;0,4107251974;439.791,66;-0,004514737;0,02521000
Muster FFPB Pro;25.02.2025;-0,0047743075;-7.239,74;0,4039582732;432.551,92;-0,003709490;0,02530000
Muster FFPB Pro;26.02.2025;0,0149782963;22.604,57;0,4250626427;455.156,49;0,007838939;0,02499000
Muster FFPB Pro;27.02.2025;-0,0080751881;-12.369,25;0,4135054720;442.787,25;-0,007582035;0,02485000
Muster FFPB Pro;28.02.2025;0,0147070964;22.345,82;0,4343675460;465.133,07;0,004896954;0,02464000
Muster FFPB Pro;01.03.2025;0,0000007085;1,09;0,4343685661;465.134,16;0;0,02464000
Muster FFPB Pro;02.03.2025;0,0000007085;1,09;0,4343695862;465.135,25;0;0,02464000
Muster FFPB Pro;03.03.2025;-0,0147480708;-22.737,67;0,4131301825;442.397,59;-0,001541330;0,02464000
Muster FFPB Pro;04.03.2025;-0,0271465709;-41.235,66;0,3746173914;401.161,92;-0,021846475;0,02491000
Muster FFPB Pro;05.03.2025;-0,0003739916;-552,67;0,3740961952;400.609,25;0,005440368;0,02504000
Muster FFPB Pro;06.03.2025;-0,0229423227;-33.890,69;0,3424438173;366.718,56;-0,005682237;0,02511000
Muster FFPB Pro;07.03.2025;-0,0016818131;-2.427,40;0,3401725146;364.291,17;-0,005793579;0,02529000
Muster FFPB Pro;08.03.2025;0,0000007653;1,10;0,3401735443;364.292,27;0;0,02529000
Muster FFPB Pro;09.03.2025;0,0000007653;1,10;0,3401745740;364.293,37;0;0,02529000
Muster FFPB Pro;10.03.2025;-0,0234779344;-33.829,28;0,3085808962;330.464,10;-0,017791951;0,02547000
Muster FFPB Pro;11.03.2025;-0,0101511142;-14.283,30;0,2952394896;316.180,79;-0,015029447;0,02553000
Muster FFPB Pro;12.03.2025;0,0136188260;18.968,08;0,3129471230;335.148,88;0,007649317;0,02527000
Muster FFPB Pro;13.03.2025;-0,0099456364;-14.040,77;0,2998325119;321.108,10;-0,005885124;0,02501000
Muster FFPB Pro;14.03.2025;0,0157180088;21.969,24;0,3203419294;343.077,34;0,015690651;0,02478000
Muster FFPB Pro;15.03.2025;0,0000008055;1,14;0,3203429971;343.078,49;0;0,02478000
Muster FFPB Pro;16.03.2025;0,0000008055;1,14;0,3203440649;343.079,63;0;0,02478000
Muster FFPB Pro;17.03.2025;0,0051732845;7.344,42;0,3271975008;350.424,05;0,005894232;0,02456000
Muster FFPB Pro;18.03.2025;-0,0082254815;-11.737,99;0,3162334074;338.686,07;0,000057903;0,02426000
Muster FFPB Pro;19.03.2025;0,0144244697;20.414,80;0,3352904967;359.100,87;0,008354849;0,02411000
Muster FFPB Pro;20.03.2025;0,0000761293;109,30;0,3353882271;359.210,16;-0,004819126;0,02387000
Muster FFPB Pro;21.03.2025;0,0014236718;2.044,13;0,3372924680;361.254,29;-0,001172715;0,02386000
Muster FFPB Pro;22.03.2025;0,0000011051;1,59;0,3372939516;361.255,88;0;0,02386000
Muster FFPB Pro;23.03.2025;0,0000011051;1,59;0,3372954352;361.257,47;0;0,02386000
Muster FFPB Pro;24.03.2025;0,0138320638;19.888,58;0,3558602763;381.146,05;0,006191221;0,02367000
Muster FFPB Pro;25.03.2025;0,0053048980;7.733,21;0,3630758459;388.879,26;0,006677107;0,02365000
Muster FFPB Pro;26.03.2025;-0,0071609130;-10.494,19;0,3532735141;378.385,07;-0,009946309;0,02369000
Muster FFPB Pro;27.03.2025;-0,0095197763;-13.851,16;0,3403373057;364.533,91;-0,005200673;0,02355000
Muster FFPB Pro;28.03.2025;-0,0142803687;-20.579,97;0,3211193513;343.953,94;-0,013717477;0,02328000
Muster FFPB Pro;29.03.2025;0,0000011202;1,59;0,3211208370;343.955,53;0;0,02328000
Muster FFPB Pro;30.03.2025;0,0000011202;1,59;0,3211223226;343.957,12;0;0,02328000
Muster FFPB Pro;31.03.2025;0,0001290535;183,33;0,3212894800;344.140,45;-0,007582331;0,02336000
Muster FFPB Pro;01.04.2025;0,0101931111;14.481,80;0,3348055374;358.622,25;0,009353907;0,02324000
Muster FFPB Pro;02.04.2025;0,0029542809;4.240,06;0,3387598306;362.862,30;-0,001031881;0,02356000
Muster FFPB Pro;03.04.2025;-0,0478891982;-68.934,85;0,2744004854;293.927,45;-0,047794438;0,02349000
Muster FFPB Pro;04.04.2025;-0,0550718418;-75.477,65;0,2039346763;218.449,80;-0,046564399;0,02323000
Muster FFPB Pro;05.04.2025;0,0000011112;1,44;0,2039360197;218.451,24;0;0,02323000
Muster FFPB Pro;06.04.2025;0,0000011112;1,44;0,2039373631;218.452,68;0;0,02323000
Muster FFPB Pro;07.04.2025;-0,0116550161;-15.093,90;0,1898440882;203.358,78;-0,028673381;0,02362000
Muster FFPB Pro;08.04.2025;0,0056096958;7.180,20;0,1965447318;210.538,98;0,011184255;0,02293000
Muster FFPB Pro;09.04.2025;0,0448139045;57.681,87;0,2503895497;268.220,85;0,010334706;0,02301000
Muster FFPB Pro;10.04.2025;-0,0209888558;-28.226,32;0,2240370303;239.994,53;0,008958073;0,02265000
Muster FFPB Pro;11.04.2025;0,0022753317;2.995,70;0,2268308358;242.990,23;-0,003086113;0,02279000
Muster FFPB Pro;12.04.2025;0,0000010905;1,44;0,2268321791;242.991,67;0;0,02279000
Muster FFPB Pro;13.04.2025;0,0000010905;1,44;0,2268335224;242.993,11;0;0,02279000
Muster FFPB Pro;14.04.2025;0,0141556247;18.679,71;0,2442680928;261.672,82;0,017861696;0,02252000
Muster FFPB Pro;15.04.2025;0,0131187016;17.556,44;0,2606537224;279.229,26;0,009061759;0,02263000
Muster FFPB Pro;16.04.2025;-0,0132724522;-17.995,22;0,2438527543;261.234,04;-0,010455074;0,02236000
Muster FFPB Pro;17.04.2025;0,0013774974;1.842,87;0,2455701337;263.076,91;-0,000894047;0,02183000
Muster FFPB Pro;18.04.2025;-0,0013134451;-1.759,60;0,2439247921;261.317,31;0,000287260;0,02183000
Muster FFPB Pro;19.04.2025;0,0000014038;1,88;0,2439265452;261.319,19;0;0,02183000
Muster FFPB Pro;20.04.2025;0,0000014038;1,88;0,2439282983;261.321,07;0;0,02183000
Muster FFPB Pro;21.04.2025;-0,0206326130;-27.604,87;0,2181581957;233.716,19;-0,013751806;0,02183000
Muster FFPB Pro;22.04.2025;0,0213197176;27.935,64;0,2442314027;261.651,83;0,013031445;0,02191000
Muster FFPB Pro;23.04.2025;0,0297216338;39.775,13;0,2813551259;301.426,96;0,026732591;0,02158000
Muster FFPB Pro;24.04.2025;-0,0026207158;-3.611,43;0,2779810069;297.815,53;0,008836999;0,02161000
Muster FFPB Pro;25.04.2025;0,0050478777;6.937,90;0,2844536057;304.753,43;0,007202382;0,02174000
Muster FFPB Pro;26.04.2025;0,0000013596;1,88;0,2844553587;304.755,31;0;0,02174000
Muster FFPB Pro;27.04.2025;0,0000013596;1,88;0,2844571117;304.757,19;0;0,02174000
Muster FFPB Pro;28.04.2025;0,0027376327;3.781,66;0,2879836107;308.538,85;0,002531878;0,02186000
Muster FFPB Pro;29.04.2025;0,0097562350;13.513,77;0,3005936918;322.052,62;0,001595440;0,02176000
Muster FFPB Pro;30.04.2025;0,0078842327;11.027,33;0,3108827636;333.079,95;0,001738312;0,02156000
Muster FFPB Pro;01.05.2025;0,0043906820;6.189,47;0,3166562193;339.269,42;0,004955206;0,02156000
Muster FFPB Pro;02.05.2025;0,0176517871;24.992,68;0,3399792965;364.262,10;0,016559216;0,02142000
Muster FFPB Pro;03.05.2025;0,0000013596;1,96;0,3399811249;364.264,06;0;0,02142000
Muster FFPB Pro;04.05.2025;0,0000013596;1,96;0,3399829533;364.266,02;0;0,02142000
Muster FFPB Pro;05.05.2025;-0,0001411944;-203,44;0,3397893143;364.062,57;-0,001106019;0,02151000
Muster FFPB Pro;06.05.2025;-0,0052579841;-7.575,00;0,3327157032;356.487,58;-0,004697767;0,02143000
Muster FFPB Pro;07.05.2025;0,0033838689;4.849,39;0,3372380236;361.336,97;-0,002827863;0,02150000
Muster FFPB Pro;08.05.2025;0,0094025431;13.520,29;0,3498527814;374.857,26;0,011099147;0,02138000
Muster FFPB Pro;09.05.2025;-0,0043567264;-6.323,62;0,3439472401;368.533,65;0,002999449;0,02124000
Muster FFPB Pro;10.05.2025;0,0000014612;2,11;0,3439492108;368.535,76;0;0,02124000
Muster FFPB Pro;11.05.2025;0,0000014612;2,11;0,3439511815;368.537,87;0;0,02124000
Muster FFPB Pro;12.05.2025;0,0214301115;30.969,54;0,3728505799;399.507,40;0,026133407;0,02139000
Muster FFPB Pro;13.05.2025;-0,0007907807;-1.167,28;0,3717571850;398.340,13;0,003844754;0,02143000
Muster FFPB Pro;14.05.2025;0,0022760291;3.357,01;0,3748861547;401.697,14;-0,002408051;0,02142000
Muster FFPB Pro;15.05.2025;0,0087570647;12.945,57;0,3869635569;414.642,71;0,003656293;0,02127000
Muster FFPB Pro;16.05.2025;0,0080857059;12.057,78;0,3982121976;426.700,49;0,005681766;0,02101000
Muster FFPB Pro;17.05.2025;0,0000026609;4,00;0,3982159307;426.704,49;0;0,02101000
Muster FFPB Pro;18.05.2025;0,0000026608;4,00;0,3982196637;426.708,49;0;0,02101000
Muster FFPB Pro;19.05.2025;-0,0020884787;-3.139,63;0,3952854659;423.568,85;-0,002789632;0,02075000
Muster FFPB Pro;20.05.2025;-0,0030734676;-4.610,73;0,3909784983;418.958,12;0,001347898;0,02060000
Muster FFPB Pro;21.05.2025;-0,0111035698;-16.606,07;0,3754775116;402.352,05;-0,008345885;0,02046000
Muster FFPB Pro;22.05.2025;0,0018275824;2.702,91;0,3779959448;405.054,97;-0,001385996;0,02049000
Muster FFPB Pro;23.05.2025;-0,0094968615;-14.071,10;0,3648610503;390.983,86;-0,014004604;0,02040000
Muster FFPB Pro;24.05.2025;0,0000027256;4,00;0,3648647831;390.987,86;0;0,02040000
Muster FFPB Pro;25.05.2025;0,0000027256;4,00;0,3648685159;390.991,86;0;0,02040000
Muster FFPB Pro;26.05.2025;0,0019211409;2.819,46;0,3674957979;393.811,32;0,006220545;0,02039000
Muster FFPB Pro;27.05.2025;0,0137446442;20.210,33;0,3863516394;414.021,64;0,011068542;0,02021000
Muster FFPB Pro;28.05.2025;-0,0036486022;-5.438,70;0,3812725163;408.582,95;-0,004673155;0,02011000
Muster FFPB Pro;29.05.2025;-0,0049001392;-7.277,62;0,3744775268;401.305,33;-0,000615948;0,01996000
Muster FFPB Pro;30.05.2025;0,0056465091;8.345,02;0,3822607930;409.650,35;-0,000317701;0,01995000
Muster FFPB Pro;31.05.2025;0,0000011773;1,75;0,3822624257;409.652,10;0;0,01995000
Muster FFPB Pro;01.06.2025;0,0000011773;1,75;0,3822640585;409.653,85;0;0,01995000
Muster FFPB Pro;02.06.2025;-0,0003045074;-452,58;0,3818378810;409.201,28;-0,002307002;0,01979000
Muster FFPB Pro;03.06.2025;0,0043893420;6.521,70;0,3879195722;415.722,98;0,005476457;0,01971000
Muster FFPB Pro;04.06.2025;0,0010410753;1.553,62;0,3893653878;417.276,60;0,002174343;0,01960000
Muster FFPB Pro;05.06.2025;-0,0013129718;-1.961,42;0,3875312961;415.315,18;-0,002330597;0,01954000
Muster FFPB Pro;06.06.2025;0,0059979302;8.948,42;0,3958771510;424.263,60;0,008104944;0,01959000
Muster FFPB Pro;07.06.2025;0,0000011580;1,74;0,3958787727;424.265,34;0;0,01959000
Muster FFPB Pro;08.06.2025;0,0000011580;1,74;0,3958803944;424.267,08;0;0,01959000
Muster FFPB Pro;09.06.2025;-0,0055532998;-8.334,78;0,3880994324;415.932,30;-0,001043026;0,01955000
Muster FFPB Pro;10.06.2025;-0,0044208304;-6.598,25;0,3819389576;409.334,05;0,000694896;0,01954000
Muster FFPB Pro;11.06.2025;-0,0012223166;-1.816,29;0,3802404995;407.517,77;-0,005211821;0,01953000
Muster FFPB Pro;12.06.2025;-0,0055073988;-8.173,65;0,3726103190;399.344,12;-0,005389452;0,01975000
Muster FFPB Pro;13.06.2025;-0,0089674804;-13.235,53;0,3602573298;386.108,59;-0,010356126;0,02004000
Muster FFPB Pro;14.06.2025;0,0000010600;1,55;0,3602587765;386.110,14;0;0,02004000
Muster FFPB Pro;15.06.2025;0,0000010600;1,55;0,3602602231;386.111,69;0;0,02004000
Muster FFPB Pro;16.06.2025;0,0081226463;11.881,12;0,3713422639;397.992,81;0,007100129;0,02001000
Muster FFPB Pro;17.06.2025;-0,0040115963;-5.915,48;0,3658193683;392.077,32;-0,006302216;0,02023000
Muster FFPB Pro;18.06.2025;-0,0024429496;-3.587,91;0,3624682639;388.489,41;-0,001541824;0,02014000
Muster FFPB Pro;19.06.2025;-0,0053673118;-7.863,61;0,3551279678;380.625,80;-0,006454705;0,02036000
Muster FFPB Pro;20.06.2025;-0,0010962663;-1.597,51;0,3536341072;379.028,29;0,000825325;0,02034000
Muster FFPB Pro;21.06.2025;0,0000010691;1,56;0,3536355592;379.029,85;0;0,02034000
Muster FFPB Pro;22.06.2025;0,0000010691;1,56;0,3536370111;379.031,40;0;0,02034000
Muster FFPB Pro;23.06.2025;0,0030254810;4.403,99;0,3577425566;383.435,40;0,001338701;0,02031000
Muster FFPB Pro;24.06.2025;0,0163944561;23.936,54;0,3800715949;407.371,94;0,010087418;0,01997000
Muster FFPB Pro;25.06.2025;-0,0065273048;-9.686,36;0,3710308889;397.685,58;-0,005397255;0,01993000
Muster FFPB Pro;26.06.2025;0,0004972963;733,16;0,3717114297;398.418,74;-0,000138817;0,01980000
Muster FFPB Pro;27.06.2025;0,0060808845;8.969,44;0,3800760761;407.388,18;0,010507182;0,01939000
Muster FFPB Pro;28.06.2025;0,0000010011;1,49;0,3800774621;407.389,66;0;0,01939000
Muster FFPB Pro;29.06.2025;0,0000010011;1,49;0,3800788480;407.391,15;0;0,01939000
Muster FFPB Pro;30.06.2025;0,0016363102;2.428,28;0,3823407795;409.819,42;-0,000758730;0,01944000
Muster FFPB Pro;01.07.2025;-0,0144587392;-21.491,80;0,3622866726;388.327,62;-0,004246932;0,01961000
Muster FFPB Pro;02.07.2025;-0,0027104866;-3.970,68;0,3585789684;384.356,95;0,005750324;0,01958000
Muster FFPB Pro;03.07.2025;0,0132435864;19.348,35;0,3766262187;403.705,30;0,006314011;0,01937000
Muster FFPB Pro;04.07.2025;-0,0012083372;-1.788,71;0,3749540660;401.916,59;-0,006380870;0,01979000
Muster FFPB Pro;05.07.2025;0,0000010081;1,49;0,3749554565;401.918,08;0;0,01979000
Muster FFPB Pro;06.07.2025;0,0000010081;1,49;0,3749568470;401.919,57;0;0,01979000
Muster FFPB Pro;07.07.2025;0,0065204312;9.640,61;0,3839472259;411.560,18;0,003447328;0,01944000
Muster FFPB Pro;08.07.2025;-0,0026464555;-3.938,36;0,3802696644;407.621,82;0,004160155;0,01948000
Muster FFPB Pro;09.07.2025;0,0099363745;14.747,82;0,3940243252;422.369,63;0,009108142;0,01969000
Muster FFPB Pro;10.07.2025;-0,0046066251;-6.905,21;0,3875790509;415.464,43;0,001878884;0,02001000
Muster FFPB Pro;11.07.2025;-0,0042106145;-6.282,52;0,3817147917;409.181,91;-0,007696982;0,02026000
Muster FFPB Pro;12.07.2025;0,0000010032;1,49;0,3817161821;409.183,40;0;0,02026000
Muster FFPB Pro;13.07.2025;0,0000010032;1,49;0,3817175726;409.184,89;0;0,02026000
Muster FFPB Pro;14.07.2025;0,0068003965;10.103,95;0,3911397933;419.288,84;-0,000166890;0,02041000
Muster FFPB Pro;15.07.2025;-0,0018496641;-2.766,90;0,3885552077;416.521,94;-0,001219510;0,02042000
Muster FFPB Pro;16.07.2025;-0,0000397139;-59,30;0,3884964622;416.462,64;-0,003742839;0,02021000
Muster FFPB Pro;17.07.2025;0,0096693942;14.437,04;0,4019604992;430.899,68;0,010921825;0,02024000
Muster FFPB Pro;18.07.2025;-0,0003041971;-458,58;0,4015292039;430.441,10;-0,003585363;0,01995000
Muster FFPB Pro;19.07.2025;0,0000009896;1,49;0,4015305950;430.442,60;0;0,01995000
Muster FFPB Pro;20.07.2025;0,0000009896;1,49;0,4015319862;430.444,09;0;0,01995000
Muster FFPB Pro;21.07.2025;-0,0045624955;-6.875,90;0,3951144851;423.568,19;-0,002837366;0,01971000
Muster FFPB Pro;22.07.2025;-0,0102198988;-15.331,60;0,3808094966;408.236,59;-0,005665263;0,01944000
Muster FFPB Pro;23.07.2025;0,0067387693;10.005,99;0,3901398700;418.242,58;0,009576401;0,01939000
Muster FFPB Pro;24.07.2025;0,0004844381;724,16;0,3908120058;418.966,74;0,000752856;0,01948000
Muster FFPB Pro;25.07.2025;0,0034175583;5.111,20;0,3955763353;424.077,94;0,001662480;0,01971000
Muster FFPB Pro;26.07.2025;0,0000009938;1,49;0,3955777264;424.079,43;0;0,01971000
Muster FFPB Pro;27.07.2025;0,0000009938;1,49;0,3955791175;424.080,92;0;0,01971000
Muster FFPB Pro;28.07.2025;0,0055349378;8.306,19;0,4033236189;432.387,12;0,001620919;0,02016000
Muster FFPB Pro;29.07.2025;0,0041758725;6.301,35;0,4091979341;438.688,47;0,006890097;0,02026000
Muster FFPB Pro;30.07.2025;0,0090977503;13.785,75;0,4220533652;452.474,21;0,002280148;0,02017000
Muster FFPB Pro;31.07.2025;-0,0089029161;-13.613,25;0,4093519102;438.860,97;-0,007640431;0,02008000
Muster FFPB Pro;01.08.2025;-0,0236563571;-35.850,36;0,3759089689;403.010,60;-0,025688625;0,01994000
Muster FFPB Pro;02.08.2025;0,0000017400;2,57;0,3759113702;403.013,18;0;0,01994000
Muster FFPB Pro;03.08.2025;0,0000017400;2,57;0,3759137716;403.015,75;0;0,01994000
Muster FFPB Pro;04.08.2025;0,0127916577;18.926,78;0,3935644685;421.942,53;0,013221219;0,01994000
Muster FFPB Pro;05.08.2025;0,0032436883;4.860,82;0,3980950457;426.803,35;-0,000515627;0,01973000
Muster FFPB Pro;06.08.2025;0,0001692087;254,39;0,3983290149;427.057,74;0,002371983;0,01984000
Muster FFPB Pro;07.08.2025;-0,0052431818;-7.883,97;0,3909721764;419.173,77;0,007342669;0,02003000
Muster FFPB Pro;08.08.2025;-0,0037016061;-5.536,78;0,3858047281;413.636,99;0,003390391;0,02019000
Muster FFPB Pro;09.08.2025;0,0000017276;2,57;0,3858071294;413.639,57;0;0,02019000
Muster FFPB Pro;10.08.2025;0,0000017275;2,57;0,3858095306;413.642,14;0;0,02019000
Muster FFPB Pro;11.08.2025;-0,0019350061;-2.883,63;0,3831167817;410.758,51;-0,000391059;0,02029000
Muster FFPB Pro;12.08.2025;-0,0044277299;-6.532,50;0,3770291027;404.226,00;0,003011122;0,02029000
Muster FFPB Pro;13.08.2025;-0,0001976636;-290,33;0,3767635026;403.935,67;0,004882758;0,02036000
Muster FFPB Pro;14.08.2025;0,0019815550;2.909,99;0,3794829591;406.845,66;0,006452852;0,02034000
Muster FFPB Pro;15.08.2025;-0,0053001031;-7.798,83;0,3722137411;399.046,83;-0,000740232;0,02026000
Muster FFPB Pro;16.08.2025;0,0000013659;2,00;0,3722156058;399.048,83;0;0,02026000
Muster FFPB Pro;17.08.2025;0,0000013659;2,00;0,3722174705;399.050,83;0;0,02026000
Muster FFPB Pro;18.08.2025;0,0030063404;4.400,24;0,3763269608;403.451,07;0,000322520;0,02028000
Muster FFPB Pro;19.08.2025;-0,0062203447;-9.131,80;0,3678140878;394.319,27;0,002288527;0,02034000
Muster FFPB Pro;20.08.2025;0,0020843418;3.040,89;0,3706555963;397.360,16;-0,001306458;0,02034000
Muster FFPB Pro;21.08.2025;-0,0000310562;-45,40;0,3706182413;397.314,76;-0,000891604;0,02026000
Muster FFPB Pro;22.08.2025;-0,0003439973;-502,90;0,3701541075;396.811,86;0,005356889;0,02017000
Muster FFPB Pro;23.08.2025;0,0000013680;2,00;0,3701559723;396.813,86;0;0,02017000
Muster FFPB Pro;24.08.2025;0,0000013680;2,00;0,3701578372;396.815,86;0;0,02017000
Muster FFPB Pro;25.08.2025;0,0005914701;864,39;0,3709691166;397.680,24;-0,005056911;0,02021000
Muster FFPB Pro;26.08.2025;0,0007380992;1.079,31;0,3719808898;398.759,55;-0,003590149;0,02022000
Muster FFPB Pro;27.08.2025;0,0016870653;2.468,79;0,3742888560;401.228,34;0,003941980;0,02032000
Muster FFPB Pro;28.08.2025;-0,0002951145;-432,59;0,3738902576;400.795,76;-0,000673182;0,02047000
Muster FFPB Pro;29.08.2025;-0,0069575854;-10.195,64;0,3643838545;390.600,12;-0,008250994;0,02061000
Muster FFPB Pro;30.08.2025;0,0000015499;2,26;0,3643859586;390.602,37;0;0,02061000
Muster FFPB Pro;31.08.2025;0,0000015499;2,26;0,3643880626;390.604,63;0;0,02061000
Muster FFPB Pro;01.09.2025;-0,0009394112;-1.367,04;0,3631175424;389.237,59;0,001105384;0,02074000
Muster FFPB Pro;02.09.2025;-0,0047461106;-6.900,09;0,3566851512;382.337,50;-0,009019896;0,02075000
Muster FFPB Pro;03.09.2025;0,0031550073;4.565,11;0,3609486720;386.902,61;0,005076634;0,02076000
Muster FFPB Pro;04.09.2025;0,0073612902;10.684,96;0,3709216796;397.587,56;0,006965927;0,02078000
Muster FFPB Pro;05.09.2025;-0,0065587659;-9.590,17;0,3619793961;387.997,40;-0,006686439;0,02053000
Muster FFPB Pro;06.09.2025;0,0000015556;2,26;0,3619815043;387.999,66;0;0,02053000
Muster FFPB Pro;07.09.2025;0,0000015556;2,26;0,3619836125;388.001,92;0;0,02053000
Muster FFPB Pro;08.09.2025;0,0018267553;2.653,55;0,3644639201;390.655,47;0,005429803;0,02034000
Muster FFPB Pro;09.09.2025;0,0068930618;10.031,19;0,3738273615;400.686,66;0,002187976;0,02029000
Muster FFPB Pro;10.09.2025;0,0030843576;4.519,48;0,3780487160;405.206,14;0,000756294;0,02029000
Muster FFPB Pro;11.09.2025;0,0018716570;2.750,98;0,3806201669;407.957,12;0,006082087;0,02014000
Muster FFPB Pro;12.09.2025;0,0021357911;3.145,08;0,3835593633;411.102,20;0,000120964;0,02000000
Muster FFPB Pro;13.09.2025;0,0000015510;2,29;0,3835614988;411.104,49;0;0,02000000
Muster FFPB Pro;14.09.2025;0,0000015510;2,29;0,3835636343;411.106,77;0;0,02000000
Muster FFPB Pro;15.09.2025;-0,0001596733;-235,63;0,3833486336;410.871,14;0,005798397;0,02033000
Muster FFPB Pro;16.09.2025;-0,0141548706;-20.885,15;0,3638670725;389.985,99;-0,010605536;0,02015000
Muster FFPB Pro;17.09.2025;0,0020494244;2.981,07;0,3666530876;392.967,06;-0,000721155;0,02024000
Muster FFPB Pro;18.09.2025;0,0090528318;13.195,14;0,3789693851;406.162,20;0,012956584;0,02029000
Muster FFPB Pro;19.09.2025;0,0039943302;5.874,72;0,3844555776;412.036,93;0,002631278;0,02016000
Muster FFPB Pro;20.09.2025;0,0000015786;2,33;0,3844577526;412.039,26;0;0,02016000
Muster FFPB Pro;21.09.2025;0,0000015786;2,33;0,3844599276;412.041,59;0;0,02016000
Muster FFPB Pro;22.09.2025;-0,0050136494;-7.403,38;0,3775568057;404.638,21;-0,000271851;0,02004000
Muster FFPB Pro;23.09.2025;-0,0007670675;-1.127,01;0,3765098785;403.511,20;-0,000031640;0,01996000
Muster FFPB Pro;24.09.2025;-0,0020713444;-3.040,97;0,3736769976;400.470,23;-0,000384696;0,01993000
Muster FFPB Pro;25.09.2025;-0,0043727639;-6.406,42;0,3677037052;394.063,81;-0,001863163;0,01980000
Muster FFPB Pro;26.09.2025;0,0070738746;10.318,43;0,3773365139;404.382,24;0,007208171;0,02000000
Muster FFPB Pro;27.09.2025;0,0000026003;3,82;0,3773400782;404.386,06;0;0,02000000
Muster FFPB Pro;28.09.2025;0,0000026003;3,82;0,3773436426;404.389,88;0;0,02000000
Muster FFPB Pro;29.09.2025;0,0032439299;4.765,31;0,3817948903;409.155,19;0,000707967;0,02016000
Muster FFPB Pro;30.09.2025;0,0059399431;8.754,04;0,3899682775;417.909,23;0,003421356;0,02032000
Muster FFPB Pro;01.10.2025;0,0064445295;9.554,10;0,3988884177;427.463,33;0,006734902;0,02017000
Muster FFPB Pro;02.10.2025;0,0103269827;15.408,55;0,4132719154;442.871,87;0,007703609;0,02000000
Muster FFPB Pro;03.10.2025;-0,0019720626;-2.972,84;0,4105026990;439.899,04;0,000539350;0,02020000
Muster FFPB Pro;04.10.2025;0,0000025545;3,84;0,4105062854;439.902,88;0;0,02020000
Muster FFPB Pro;05.10.2025;0,0000025545;3,84;0,4105098718;439.906,72;0;0,02020000
Muster FFPB Pro;06.10.2025;0,0025875976;3.893,07;0,4141477342;443.799,79;0,000705701;0,02026000
Muster FFPB Pro;07.10.2025;0,0063493409;9.577,37;0,4230902363;453.377,15;-0,001433765;0,02029000
Muster FFPB Pro;08.10.2025;0,0075566210;11.470,80;0,4337999040;464.847,96;0,007464533;0,02019000
Muster FFPB Pro;09.10.2025;0,0006655234;1.017,89;0,4347549440;465.865,84;-0,002074388;0,02025000
Muster FFPB Pro;10.10.2025;-0,0260971592;-39.940,90;0,3974860169;425.924,95;-0,019791680;0,02009000
Muster FFPB Pro;11.10.2025;0,0000006470;0,96;0,3974869169;425.925,91;0;0,02009000
Muster FFPB Pro;12.10.2025;0,0000006470;0,96;0,3974878169;425.926,88;0;0,02009000
Muster FFPB Pro;13.10.2025;0,0119760501;17.850,66;0,4141514568;443.777,54;0,009839386;0,02026000
Muster FFPB Pro;14.10.2025;-0,0005879456;-886,85;0,4133286505;442.890,69;-0,003822014;0,02021000
Muster FFPB Pro;15.10.2025;-0,0004785105;-721,35;0,4126602570;442.169,34;0,006390197;0,02016000
Muster FFPB Pro;16.10.2025;-0,0066767717;-10.060,38;0,4032759637;432.108,96;0,000756833;0,02004000
Muster FFPB Pro;17.10.2025;-0,0038983638;-5.834,73;0,3978351679;426.274,24;-0,003029343;0,02010000
Muster FFPB Pro;18.10.2025;0,0000006707;1,00;0,3978361010;426.275,24;0;0,02010000
Muster FFPB Pro;19.10.2025;0,0000006707;1,00;0,3978370342;426.276,24;0;0,02010000
Muster FFPB Pro;20.10.2025;0,0123139211;18.358,57;0,4149755912;444.634,81;0,012900601;0,02015000
Muster FFPB Pro;21.10.2025;0,0035548023;5.365,04;0,4199875859;449.999,85;0,002161270;0,02038000
Muster FFPB Pro;22.10.2025;-0,0021884768;-3.314,67;0,4168987534;446.685,18;-0,006624276;0,02066000
Muster FFPB Pro;23.10.2025;0,0074116548;11.201,15;0,4273578473;457.886,33;0,004873066;0,02065000
Muster FFPB Pro;24.10.2025;0,0097591537;14.858,21;0,4412304368;472.744,54;0,003230606;0,02072000
Muster FFPB Pro;25.10.2025;0,0000009340;1,44;0,4412317770;472.745,97;0;0,02072000
Muster FFPB Pro;26.10.2025;0,0000009340;1,44;0,4412331172;472.747,41;0;0,02072000
Muster FFPB Pro;27.10.2025;0,0117872856;18.121,19;0,4581515027;490.868,60;0,008244476;0,02084000
Muster FFPB Pro;28.10.2025;0,0028822613;4.483,28;0,4623411803;495.351,87;-0,000731789;0,02074000
Muster FFPB Pro;29.10.2025;0,0095431730;14.886,92;0,4762413801;510.238,80;-0,000244069;0,02066000
Muster FFPB Pro;30.10.2025;-0,0053835026;-8.478,17;0,4683333659;501.760,63;-0,001184167;0,02050000
Muster FFPB Pro;31.10.2025;-0,0029316459;-4.592,02;0,4640524440;497.168,61;-0,001240427;0,02040000
Muster FFPB Pro;01.11.2025;0,0000009194;1,44;0,4640537843;497.170,04;0;0,02040000
Muster FFPB Pro;02.11.2025;0,0000009194;1,44;0,4640551247;497.171,48;0;0,02040000
Muster FFPB Pro;03.11.2025;0,0049124876;7.672,20;0,4712215258;504.843,68;0,002812237;0,02023000
Muster FFPB Pro;04.11.2025;-0,0100841736;-15.826,58;0,4564540482;489.017,10;-0,005672313;0,02014000
Muster FFPB Pro;05.11.2025;0,0054112169;8.406,98;0,4643063450;497.424,08;0,002442401;0,01990000
Muster FFPB Pro;06.11.2025;-0,0138099083;-21.571,45;0,4441759761;475.852,62;-0,011463468;0,01998000
Muster FFPB Pro;07.11.2025;-0,0021400796;-3.296,70;0,4411035733;472.555,93;-0,005212034;0,02009000
Muster FFPB Pro;08.11.2025;0,0000009342;1,44;0,4411049137;472.557,36;0;0,02009000
Muster FFPB Pro;09.11.2025;0,0000009342;1,44;0,4411062541;472.558,80;0;0,02009000
Muster FFPB Pro;10.11.2025;0,0229786666;35.321,93;0,4740824168;507.880,73;0,016895613;0,02005000
Muster FFPB Pro;11.11.2025;0,0007036293;1.106,45;0,4751204083;508.987,18;0,005563878;0,02032000
Muster FFPB Pro;12.11.2025;0,0030358497;4.777,18;0,4795849377;513.764,36;0,006617519;0,02048000
Muster FFPB Pro;13.11.2025;-0,0151683074;-23.941,17;0,4572414646;489.823,20;-0,012213325;0,02064000
Muster FFPB Pro;14.11.2025;-0,0031780391;-4.940,03;0,4526349151;484.883,17;-0,004632461;0,02069000
Muster FFPB Pro;15.11.2025;0,0000013667;2,12;0,4526368919;484.885,29;0;0,02069000
Muster FFPB Pro;16.11.2025;0,0000013667;2,12;0,4526388688;484.887,40;0;0,02069000
Muster FFPB Pro;17.11.2025;-0,0047421185;-7.347,87;0,4457844776;477.539,54;-0,008355305;0,02048000
Muster FFPB Pro;18.11.2025;-0,0128693483;-19.846,37;0,4272624095;457.693,16;-0,014251480;0,02051000
Muster FFPB Pro;19.11.2025;0,0027756581;4.225,37;0,4312114524;461.918,54;0,002953060;0,02066000
Muster FFPB Pro;20.11.2025;-0,0142550743;-21.760,68;0,4109017317;440.157,86;-0,002021695;0,02054000
Muster FFPB Pro;21.11.2025;-0,0002776331;-417,77;0,4105160795;439.740,08;-0,000804461;0,02047000
Muster FFPB Pro;22.11.2025;0,0000014143;2,13;0,4105180657;439.742,21;0;0,02047000
Muster FFPB Pro;23.11.2025;0,0000014143;2,13;0,4105200519;439.744,34;0;0,02047000
Muster FFPB Pro;24.11.2025;0,0173825434;26.149,39;0,4349362118;465.893,73;0,006356107;0,02059000
Muster FFPB Pro;25.11.2025;0,0087354543;13.369,59;0,4474221313;479.263,31;0,007141402;0,02066000
Muster FFPB Pro;26.11.2025;0,0089492550;13.816,46;0,4603254816;493.079,77;0,010528006;0,02069000
Muster FFPB Pro;27.11.2025;-0,0012245058;-1.907,39;0,4585495881;491.172,38;-0,000075888;0,02061000
Muster FFPB Pro;28.11.2025;0,0041864240;6.513,14;0,4646349749;497.685,51;0,003511864;0,02060000
Muster FFPB Pro;29.11.2025;0,0000014217;2,22;0,4646370485;497.687,73;0;0,02060000
Muster FFPB Pro;30.11.2025;0,0000014217;2,22;0,4646391220;497.689,96;0;0,02060000
Muster FFPB Pro;01.12.2025;-0,0093263602;-14.570,51;0,4510409018;483.119,45;-0,003344474;0,02060000
Muster FFPB Pro;02.12.2025;-0,0001579565;-244,47;0,4508173271;482.874,97;0,003536935;0,02043000
Muster FFPB Pro;03.12.2025;-0,0051093550;-7.906,62;0,4434401982;474.968,36;0,000292424;0,02029000
Muster FFPB Pro;04.12.2025;0,0026324869;4.052,90;0,4472286678;479.021,26;0,003396031;0,02055000
Muster FFPB Pro;05.12.2025;0,0009889426;1.526,56;0,4486585027;480.547,82;0,001684201;0,02075000
Muster FFPB Pro;06.12.2025;0,0000012602;1,95;0,4486603206;480.549,76;0;0,02075000
Muster FFPB Pro;07.12.2025;0,0000012602;1,95;0,4486621386;480.551,71;0;0,02075000
Muster FFPB Pro;08.12.2025;0,0009573338;1.479,23;0,4500478004;482.030,94;-0,000376512;0,02069000
Muster FFPB Pro;09.12.2025;0,0007700866;1.191,04;0,4511644069;483.221,98;-0,001354664;0,02088000
Muster FFPB Pro;10.12.2025;-0,0024265514;-3.755,88;0,4476622390;479.466,10;0,001352425;0,02082000
Muster FFPB Pro;11.12.2025;0,0028919382;4.465,35;0,4518359639;483.931,46;0,001321836;0,02100000
Muster FFPB Pro;12.12.2025;-0,0087756761;-13.589,44;0,4391522327;470.342,02;-0,006187421;0,02082000
Muster FFPB Pro;13.12.2025;0,0000012857;1,97;0,4391540753;470.343,99;0;0,02082000
Muster FFPB Pro;14.12.2025;0,0000012857;1,97;0,4391559180;470.345,97;0;0,02082000
Muster FFPB Pro;15.12.2025;-0,0006767354;-1.038,75;0,4381904458;469.307,21;0,001914448;0,02072000
Muster FFPB Pro;16.12.2025;-0,0004617613;-708,30;0,4375334863;468.598,91;-0,005111237;0,02057000
Muster FFPB Pro;17.12.2025;-0,0100742182;-15.445,81;0,4231158618;453.153,10;-0,007136737;0,02049000
Muster FFPB Pro;18.12.2025;0,0152850226;23.198,94;0,4447814821;476.352,04;0,009960649;0,02035000
Muster FFPB Pro;19.12.2025;0,0121623811;18.741,69;0,4622856296;495.093,72;0,005945050;0,02002000
Muster FFPB Pro;20.12.2025;0,0000025105;3,92;0,4622892857;495.097,64;0;0,02002000
Muster FFPB Pro;21.12.2025;0,0000025105;3,92;0,4622929419;495.101,55;0;0,02002000
Muster FFPB Pro;22.12.2025;0,0028075407;4.378,93;0,4663863054;499.480,49;-0,000445217;0,02022000
Muster FFPB Pro;23.12.2025;0,0030120402;4.711,08;0,4707898786;504.191,57;0,002399841;0,02018000
Muster FFPB Pro;24.12.2025;0,0034257477;5.374,30;0,4758128047;509.565,87;0,000733848;0,02018000
Muster FFPB Pro;25.12.2025;-0,0001243468;-195,74;0,4756346777;509.370,12;0,000043949;0,02018000
Muster FFPB Pro;26.12.2025;-0,0007510802;-1.182,18;0,4745354171;508.187,94;-0,000076115;0,02018000
Muster FFPB Pro;27.12.2025;0,0000025006;3,93;0,4745390895;508.191,88;0;0,02018000
Muster FFPB Pro;28.12.2025;0,0000025006;3,93;0,4745427620;508.195,81;0;0,02018000
Muster FFPB Pro;29.12.2025;-0,0009419702;-1.481,53;0,4731639356;506.714,28;-0,000362690;0,02020000
Muster FFPB Pro;30.12.2025;0,0037524496;5.896,29;0,4786744567;512.610,57;0,003912046;0,02016000
Muster FFPB Pro;31.12.2025;-0,0047407072;-7.477,11;0,4716969026;505.133,46;-0,002898950;0,02026000
Muster FFPB Pro;01.01.2026;-0,0002221828;-348,77;0,4713757538;504.784,69;0,000022085;0,02026000
Muster FFPB Pro;02.01.2026;0,0018623478;2.922,75;0,4741096041;507.707,44;0,006479093;0,02029000
Muster FFPB Pro;03.01.2026;0,0000025048;3,94;0,4741132818;507.711,38;0;0,02029000
Muster FFPB Pro;04.01.2026;0,0000025048;3,94;0,4741169595;507.715,32;0;0,02029000
Muster FFPB Pro;05.01.2026;0,0107286907;16.868,92;0,4898742492;524.584,24;0,011969369;0,02034000
Muster FFPB Pro;06.01.2026;0,0086141378;13.689,48;0,5026627293;538.273,72;0,004288240;0,02026000
Muster FFPB Pro;07.01.2026;-0,0019857882;-3.182,97;0,4996950770;535.090,74;-0,002230177;0,02032000
Muster FFPB Pro;08.01.2026;-0,0020618629;-3.298,35;0,4966196085;531.792,39;-0,001298540;0,02031000
Muster FFPB Pro;09.01.2026;0,0096242712;15.364,14;0,5109723867;547.156,54;0,011992596;0,02019000
Muster FFPB Pro;10.01.2026;0,0000036456;5,88;0,5109778739;547.162,41;0;0,02019000
Muster FFPB Pro;11.01.2026;0,0000036455;5,88;0,5109833611;547.168,29;0;0,02019000
Muster FFPB Pro;12.01.2026;0,0020997631;3.384,34;0,5141487225;550.552,63;0,001108267;0,02020000
Muster FFPB Pro;13.01.2026;-0,0030796644;-4.974,14;0,5095082610;545.578,49;0,002094957;0,02016000
Muster FFPB Pro;14.01.2026;0,0001768845;284,82;0,5097790084;545.863,30;-0,003562169;0,02016000
Muster FFPB Pro;15.01.2026;0,0003773571;607,72;0,5103513074;546.471,02;0,006556991;0,02026000
Muster FFPB Pro;16.01.2026;-0,0004197113;-676,19;0,5097245452;545.794,84;-0,000957352;0,02033000
Muster FFPB Pro;17.01.2026;0,0000019942;3,21;0,5097275444;545.798,05;0;0,02033000
Muster FFPB Pro;18.01.2026;0,0000019942;3,21;0,5097305435;545.801,26;0;0,02033000
Muster FFPB Pro;19.01.2026;-0,0067677986;-10.898,89;0,4995565534;534.902,37;-0,011158523;0,02029000
Muster FFPB Pro;20.01.2026;-0,0180446157;-28.862,46;0,4726056499;506.039,90;-0,014421060;0,02027000
Muster FFPB Pro;21.01.2026;0,0058924319;9.254,91;0,4812535058;515.294,81;0,003879473;0,02034000
Muster FFPB Pro;22.01.2026;0,0034492903;5.449,53;0,4863474834;520.744,34;0,008289725;0,02030000
Muster FFPB Pro;23.01.2026;-0,0056818542;-9.007,71;0,4779391233;511.736,63;-0,001089368;0,02038000
Muster FFPB Pro;24.01.2026;0,0000020373;3,21;0,4779421226;511.739,84;0;0,02038000
Muster FFPB Pro;25.01.2026;0,0000020372;3,21;0,4779451219;511.743,05;0;0,02038000
Muster FFPB Pro;26.01.2026;-0,0012059745;-1.901,03;0,4761739767;509.842,01;-0,001791463;0,02038000
Muster FFPB Pro;27.01.2026;0,0037084135;5.838,69;0,4816314764;515.680,71;0,003626546;0,02039000
Muster FFPB Pro;28.01.2026;-0,0023195839;-3.665,60;0,4782122325;512.015,11;-0,005656566;0,02026000
Muster FFPB Pro;29.01.2026;-0,0056590268;-8.922,13;0,4698833765;503.092,98;-0,003572932;0,02020000
Muster FFPB Pro;30.01.2026;0,0045571005;7.144,15;0,4765602183;510.237,13;0,004092861;0,02031000
Muster FFPB Pro;31.01.2026;0,0000035456;5,58;0,4765654335;510.242,71;0;0,02031000
Muster FFPB Pro;01.02.2026;0,0000035456;5,58;0,4765706488;510.248,30;0;0,02031000
Muster FFPB Pro;02.02.2026;0,0110747213;17.441,04;0,4928649554;527.689,34;0,010693838;0,02022000
Muster FFPB Pro;03.02.2026;-0,0038110694;-6.068,34;0,4872014442;521.621,00;-0,003584288;0,02029000
Muster FFPB Pro;04.02.2026;-0,0144182414;-22.870,56;0,4658441597;498.750,44;-0,003345369;0,02040000
Muster FFPB Pro;05.02.2026;-0,0169737056;-26.535,91;0,4410629406;472.214,53;-0,009483140;0,02020000
Muster FFPB Pro;06.02.2026;0,0172989132;26.585,28;0,4658985324;498.799,81;0,013622150;0,01999000
Muster FFPB Pro;07.02.2026;0,0000035716;5,58;0,4659037479;498.805,39;0;0,01999000
Muster FFPB Pro;08.02.2026;0,0000035716;5,58;0,4659089635;498.810,98;0;0,01999000
Muster FFPB Pro;09.02.2026;0,0083523356;13.058,16;0,4781100133;511.869,14;0,005764707;0,01982000
Muster FFPB Pro;10.02.2026;0,0020104679;3.169,45;0,4810746573;515.038,59;-0,001080957;0,01981000
Muster FFPB Pro;11.02.2026;0,0059943427;9.468,91;0,4899234443;524.507,50;0,001211549;0,01994000
Muster FFPB Pro;12.02.2026;-0,0035782771;-5.642,11;0,4846663223;518.865,39;-0,008856808;0,01984000
Muster FFPB Pro;13.02.2026;-0,0066249754;-10.408,66;0,4749563760;508.456,73;-0,001268811;0,01999000
Muster FFPB Pro;14.02.2026;0,0000027540;4,30;0,4749603910;508.461,03;0;0,01999000
Muster FFPB Pro;15.02.2026;0,0000027540;4,30;0,4749644059;508.465,33;0;0,01999000
Muster FFPB Pro;16.02.2026;-0,0009819181;-1.532,50;0,4735454645;506.932,82;-0,000916319;0,01999000
Muster FFPB Pro;17.02.2026;0,0006610621;1.030,72;0,4745208806;507.963,55;0,005459742;0,02011000
Muster FFPB Pro;18.02.2026;0,0103234247;16.106,84;0,4895802385;524.070,39;0,010070990;0,02006000
Muster FFPB Pro;19.02.2026;-0,0038313017;-6.039,39;0,4839510584;518.030,99;-0,002409300;0,02024000
Muster FFPB Pro;20.02.2026;0,0101301060;15.907,21;0,4988248716;533.938,20;0,007842954;0,02024000
Muster FFPB Pro;21.02.2026;0,0000023708;3,76;0,4988283848;533.941,96;0;0,02024000
Muster FFPB Pro;22.02.2026;0,0000023708;3,76;0,4988318980;533.945,72;0;0,02024000
Muster FFPB Pro;23.02.2026;-0,0013464265;-2.135,71;0,4968496489;531.810,01;-0,005889780;0,02034000
Muster FFPB Pro;24.02.2026;0,0014908247;2.361,57;0,4990689998;534.171,58;0,003715345;0,02041000
Muster FFPB Pro;25.02.2026;0,0082154299;13.033,21;0,5112590505;547.204,79;0,007612720;0,02011000
Muster FFPB Pro;26.02.2026;-0,0017807907;-2.848,31;0,5086110399;544.356,48;-0,002145728;0,02013000
Muster FFPB Pro;27.02.2026;-0,0047270122;-7.547,22;0,5015723830;536.809,26;-0,003188459;0,02013000
Muster FFPB Pro;28.02.2026;0,0000023675;3,76;0,5015758982;536.813,02;0;0,02013000
Muster FFPB Pro;01.03.2026;0,0000023675;3,76;0,5015794133;536.816,79;0;0,02013000
Muster FFPB Pro;02.03.2026;-0,0108200491;-17.193,88;0,4855266816;519.622,91;-0,009557368;0,02026000
Muster FFPB Pro;03.03.2026;-0,0310718362;-48.841,26;0,4399015547;470.781,64;-0,021778903;0,02035000
Muster FFPB Pro;04.03.2026;0,0104887592;15.974,81;0,4548401822;486.756,45;0,009186480;0,02056000
Muster FFPB Pro;05.03.2026;-0,0058045059;-8.933,23;0,4465041107;477.823,22;-0,008223285;0,02046000
Muster FFPB Pro;06.03.2026;-0,0142764337;-21.844,12;0,4261026261;455.979,10;-0,010974507;0,02049000
Muster FFPB Pro;07.03.2026;0,0000032480;4,90;0,4261072039;455.984,00;0;0,02049000
Muster FFPB Pro;08.03.2026;0,0000032480;4,90;0,4261117816;455.988,90;0;0,02049000
Muster FFPB Pro;09.03.2026;0,0010804921;1.629,65;0,4276455158;457.618,55;-0,002405800;0,02078000
Muster FFPB Pro;10.03.2026;0,0187269273;28.275,37;0,4540804094;485.893,92;0,013428129;0,02138000
Muster FFPB Pro;11.03.2026;-0,0014322212;-2.202,98;0,4520330835;483.690,95;-0,001492761;0,02122000
Muster FFPB Pro;12.03.2026;-0,0138572216;-21.284,00;0,4321530090;462.406,94;-0,009098423;0,02150000
Muster FFPB Pro;13.03.2026;-0,0010010847;-1.516,31;0,4307467165;460.890,64;-0,003150189;0,02157000
Muster FFPB Pro;14.03.2026;0,0000009114;1,38;0,4307480054;460.892,01;0;0,02157000
Muster FFPB Pro;15.03.2026;0,0000009114;1,38;0,4307492943;460.893,39;0;0,02157000
Muster FFPB Pro;16.03.2026;0,0072216105;10.927,40;0,4409730343;471.820,79;0,004816750;0,02157000
Muster FFPB Pro;17.03.2026;0,0036536610;5.568,47;0,4461885677;477.389,26;0,002992040;0,02148000
Muster FFPB Pro;18.03.2026;-0,0070979159;-10.857,32;0,4360516962;466.531,95;-0,007534545;0,02121000
Muster FFPB Pro;19.03.2026;-0,0237290912;-36.039,54;0,4023767338;430.492,41;-0,014684070;0,02108000
Muster FFPB Pro;20.03.2026;-0,0205832927;-30.519,91;0,3738593354;399.972,50;-0,018657546;0,02111000
Muster FFPB Pro;21.03.2026;0,0000009568;1,39;0,3738606343;399.973,89;0;0,02111000
Muster FFPB Pro;22.03.2026;0,0000009568;1,39;0,3738619331;399.975,28;0;0,02111000
Muster FFPB Pro;23.03.2026;0,0087958945;12.773,70;0,3858111824;412.748,98;0,008992735;0,02129000
Muster FFPB Pro;24.03.2026;-0,0010868155;-1.592,19;0,3843323469;411.156,79;0,000383938;0,02178000
Muster FFPB Pro;25.03.2026;0,0092823516;13.583,94;0,3970397820;424.740,73;0,010732296;0,02135000
Muster FFPB Pro;26.03.2026;-0,0197401159;-29.156,15;0,3697941849;395.584,58;-0,014048235;0,02135000
Muster FFPB Pro;27.03.2026;-0,0070738906;-10.241,89;0,3602287966;385.342,69;-0,011583983;0,02127000
Muster FFPB Pro;28.03.2026;0,0000010644;1,53;0,3602302271;385.344,22;0;0,02127000
Muster FFPB Pro;29.03.2026;0,0000010644;1,53;0,3602316576;385.345,75;0;0,02127000
Muster FFPB Pro;30.03.2026;0,0000326404;46,92;0,3602842729;385.392,67;0,003891191;0,02122000
Muster FFPB Pro;31.03.2026;0,0159833455;22.978,49;0,3817749520;408.371,16;0,011426192;0,02079000
Muster FFPB Pro;01.04.2026;0,0288268192;42.105,33;0,4211482318;450.476,49;0,017688104;0,02075000
Muster FFPB Pro;02.04.2026;-0,0007871841;-1.182,93;0,4200524279;449.293,56;-0,001243188;0,02103000
Muster FFPB Pro;03.04.2026;0,0018288663;2.746,14;0,4226299850;452.039,70;0,000287187;0,02103000
Muster FFPB Pro;04.04.2026;0,0000010443;1,57;0,4226314537;452.041,27;0;0,02103000
Muster FFPB Pro;05.04.2026;0,0000010443;1,57;0,4226329224;452.042,84;0;0,02103000
Muster FFPB Pro;06.04.2026;0,0006433532;967,80;0,4235478906;453.010,64;0,001953975;0,02103000
Muster FFPB Pro;07.04.2026;0,0002614679;393,58;0,4239259879;453.404,22;-0,006722837;0,02170000
Muster FFPB Pro;08.04.2026;0,0375217062;56.495,06;0,4767593467;509.899,28;0,034597733;0,02162000
Muster FFPB Pro;09.04.2026;0,0049623625;7.752,00;0,4840189988;517.651,28;0,000427618;0,02150000
Muster FFPB Pro;10.04.2026;0,0044082561;6.920,57;0,4905015323;524.571,85;0,001124917;0,02198000
Muster FFPB Pro;11.04.2026;0,0000010482;1,65;0,4905030777;524.573,50;0;0,02198000
Muster FFPB Pro;12.04.2026;0,0000010482;1,65;0,4905046232;524.575,15;0;0,02198000
Muster FFPB Pro;13.04.2026;0,0018975924;2.992,19;0,4933141070;527.567,34;0,002341674;0,02204000
Muster FFPB Pro;14.04.2026;0,0144924079;22.895,49;0,5147351724;550.462,83;0,009175178;0,02243000
Muster FFPB Pro;15.04.2026;-0,0034684719;-5.559,00;0,5095489283;544.903,84;-0,000515126;0,02240000
Muster FFPB Pro;16.04.2026;-0,0019074200;-3.046,46;0,5067119768;541.857,38;0,001403185;0,02238000
Muster FFPB Pro;17.04.2026;0,0154369981;24.608,38;0,5297365775;566.465,75;0,014625898;0,02204000
Muster FFPB Pro;18.04.2026;0,0000010234;1,66;0,5297381267;566.467,41;0;0,02204000
Muster FFPB Pro;19.04.2026;0,0000010234;1,66;0,5297396759;566.469,06;0;0,02204000
Muster FFPB Pro;20.04.2026;-0,0083150700;-13.459,84;0,5171645823;553.009,23;-0,005895597;0,02194000
Muster FFPB Pro;21.04.2026;-0,0065243302;-10.473,30;0,5073818927;542.535,92;-0,007065146;0,02168000
Muster FFPB Pro;22.04.2026;0,0079294353;12.645,83;0,5192203211;555.181,75;0,002368823;0,02161000
Muster FFPB Pro;23.04.2026;-0,0010178399;-1.636,12;0,5177021114;553.545,63;-0,002385942;0,02165000
Muster FFPB Pro;24.04.2026;0,0001654272;265,64;0,5179624553;553.811,28;0,001458232;0,02163000
Muster FFPB Pro;25.04.2026;0,0000010415;1,67;0,5179640198;553.812,95;0;0,02163000
Muster FFPB Pro;26.04.2026;0,0000010415;1,67;0,5179655843;553.814,62;0;0,02163000
Muster FFPB Pro;27.04.2026;0,0060733776;9.754,29;0,5271005478;563.568,91;-0,002589445;0,02170000
Muster FFPB Pro;28.04.2026;-0,0081149119;-13.112,30;0,5148484996;550.456,61;-0,003230144;0,02150000
Muster FFPB Pro;29.04.2026;-0,0060032739;-9.621,54;0,5058608824;540.835,07;-0,002376379;0,02149000
Muster FFPB Pro;30.04.2026;0,0157462746;25.085,30;0,5293360159;565.920,37;0,010199551;0,02199000
Muster FFPB Pro;01.05.2026;0,0045465935;7.357,21;0,5362297547;573.277,57;-0,000109417;0,02199000
Muster FFPB Pro;02.05.2026;0,0000010291;1,67;0,5362313194;573.279,25;0;0,02199000
Muster FFPB Pro;03.05.2026;0,0000010291;1,67;0,5362328841;573.280,92;0;0,02199000
Muster FFPB Pro;04.05.2026;0,0030618906;4.977,23;0,5409006760;578.258,15;-0,010346664;0,02200000
Muster FFPB Pro;05.05.2026;0,0087747781;14.307,43;0,5542962790;592.565,57;0,012561647;0,02218000
Muster FFPB Pro;06.05.2026;0,0223169002;36.707,39;0,5886462397;629.272,97;0,019463858;0,02240000
Muster FFPB Pro;07.05.2026;-0,0029336262;-4.932,99;0,5840448124;624.339,98;-0,006687293;0,02248000
Muster FFPB Pro;08.05.2026;0,0016621747;2.786,80;0,5866648528;627.126,78;-0,003175228;0,02234000
Muster FFPB Pro;09.05.2026;0,0000016842;2,83;0,5866674987;627.129,61;0;0,02234000
Muster FFPB Pro;10.05.2026;0,0000016842;2,83;0,5866701446;627.132,44;0;0,02234000
Muster FFPB Pro;11.05.2026;0,0077612408;13.034,16;0,5988766855;640.166,60;-0,000609956;0,02254000
Muster FFPB Pro;12.05.2026;-0,0080050802;-13.548,00;0,5862155264;626.618,60;-0,007000653;0,02252000
Muster FFPB Pro;13.05.2026;0,0119382812;20.042,92;0,6049795123;646.661,51;0,008552249;0,02283000
Muster FFPB Pro;14.05.2026;0,0050126740;8.516,14;0,6129602561;655.177,65;0,010595152;0,02239000
Muster FFPB Pro;15.05.2026;-0,0214094333;-36.555,26;0,5787732380;618.622,39;-0,013560079;0,02232000
Muster FFPB Pro;16.05.2026;0,0000010786;1,80;0,5787749241;618.624,19;0;0,02232000
Muster FFPB Pro;17.05.2026;0,0000010786;1,80;0,5787766103;618.626,00;0;0,02232000
Muster FFPB Pro;18.05.2026;-0,0109301335;-18.263,00;0,5617023729;600.363,00;0,001259329;0,02219000
Muster FFPB Pro;19.05.2026;0,0017398588;2.875,33;0,5644049017;603.238,33;-0,000170616;0,02201000
Muster FFPB Pro;20.05.2026;0,0162903480;26.968,63;0,5896503037;630.206,96;0,014858903;0,02181000
Muster FFPB Pro;21.05.2026;0,0105049727;17.674,26;0,6062003456;647.881,22;0,001033124;0,02195000
Muster FFPB Pro;22.05.2026;0,0003696353;628,43;0,6068015225;648.509,65;0,007278263;0,02204000
Muster FFPB Pro;23.05.2026;0,0000010655;1,81;0,6068032181;648.511,46;0;0,02204000
Muster FFPB Pro;24.05.2026;0,0000010655;1,81;0,6068049137;648.513,28;0;0,02204000
Muster FFPB Pro;25.05.2026;0,0038005202;6.463,82;0,6128662902;654.977,10;0,009684709;0,02204000
Muster FFPB Pro;26.05.2026;0,0196142684;33.486,19;0,6442134450;688.463,29;-0,003800530;0,02190000
Muster FFPB Pro;27.05.2026;-0,0018689834;-3.253,38;0,6411829744;685.209,91;0,000138402;0,02229000
Muster FFPB Pro;28.05.2026;-0,0000578857;-100,57;0,6411026272;685.109,33;-0,000316206;0,02231000
Muster FFPB Pro;29.05.2026;0,0006930218;1.204,03;0,6422430740;686.313,37;0,000665619;0,02268000
Muster FFPB Pro;30.05.2026;0,0000010792;1,88;0,6422448299;686.315,24;0;0,02268000
Muster FFPB Pro;31.05.2026;0,0000010792;1,88;0,6422465857;686.317,12;0;0,02268000
Muster FFPB Pro;01.06.2026;0,0054031441;9.393,78;0,6510510623;695.710,90;0,000653540;0,02245000
Muster FFPB Pro;02.06.2026;0,0093374336;16.321,56;0,6663390748;712.032,45;0,006740537;0,02276000
Muster FFPB Pro;03.06.2026;0,0009602548;1.694,17;0,6679387075;713.726,62;-0,006300758;0,02299000
Muster FFPB Pro;04.06.2026;-0,0101090027;-17.852,36;0,6512454296;695.874,27;0,005244085;0,02311000
Muster FFPB Pro;05.06.2026;-0,0317876443;-55.569,05;0,5992528740;640.305,22;-0,011584167;0,02312000
Muster FFPB Pro;06.06.2026;0,0000024628;4,17;0,5992567751;640.309,39;0;0,02312000
Muster FFPB Pro;07.06.2026;0,0000024628;4,17;0,5992606763;640.313,56;0;0,02312000
Muster FFPB Pro;08.06.2026;0,0122090321;20.664,68;0,6186134907;660.978,23;0,000820908;0,02351000
Muster FFPB Pro;09.06.2026;-0,0056248409;-9.636,69;0,6096072590;651.341,54;-0,002923662;0,02373000
Muster FFPB Pro;10.06.2026;-0,0149557580;-25.478,64;0,5857734136;625.862,90;-0,009530998;0,02397000
Muster FFPB Pro;11.06.2026;0,0347422192;58.301,69;0,6403539766;684.164,59;0,012124660;0,02401000
Muster FFPB Pro;12.06.2026;0,0113252576;19.665,45;0,6587738652;703.830,04;0,012832607;0,02380000
Muster FFPB Pro;13.06.2026;0,0000023996;4,21;0,6587778094;703.834,25;0;0,02380000
Muster FFPB Pro;14.06.2026;0,0000023996;4,21;0,6587817536;703.838,47;0;0,02380000
Muster FFPB Pro;15.06.2026;0,0255409197;44.852,35;0,7007774071;748.690,82;0,009790772;0,02407000
Muster FFPB Pro;16.06.2026;-0,0149640284;-26.949,47;0,6755665993;721.741,35;0,000310084;0,02408000
Muster FFPB Pro;17.06.2026;0,0113389701;20.115,34;0,6944093691;741.856,69;0,000251087;0,02417000
Muster FFPB Pro;18.06.2026;0,0248108033;44.513,46;0,7360910223;786.370,15;0,009396038;0,02386000
Muster FFPB Pro;19.06.2026;-0,0052457767;-9.645,04;0,7270776097;776.725,11;-0,002362515;0,02330000
Muster FFPB Pro;20.06.2026;0,0000013852;2,53;0,7270799813;776.727,64;0;0,02330000
Muster FFPB Pro;21.06.2026;0,0000013852;2,53;0,7270823528;776.730,17;0;0,02330000
Muster FFPB Pro;22.06.2026;0,0208465710;38.128,16;0,7627890280;814.858,33;0,001919159;0,02313000
Muster FFPB Pro;23.06.2026;-0,0363539416;-67.877,08;0,6992635684;746.981,25;-0,010798047;0,02324000
Muster FFPB Pro;24.06.2026;0,0018219752;3.278,17;0,7023466427;750.259,42;-0,000395231;0,02303000
Muster FFPB Pro;25.06.2026;0,0298244825;53.759,19;0,7526879803;804.018,61;0,003756341;0,02293000
Muster FFPB Pro;26.06.2026;-0,0190079817;-35.284,10;0,7196711012;768.734,51;-0,005464413;0,02291000
Muster FFPB Pro;27.06.2026;0,0000013915;2,53;0,7196734733;768.737,04;0;0,02291000
Muster FFPB Pro;28.06.2026;0,0000013914;2,53;0,7196758454;768.739,58;0;0,02291000
Muster FFPB Pro;29.06.2026;0,0110416193;20.106,78;0,7385142647;788.846,35;0,004502811;0,02317000
Muster FFPB Pro;30.06.2026;0,0163045367;30.018,37;0,7666327830;818.864,73;0,010990225;0,02324000
Muster FFPB Pro;01.07.2026;-0,0286072148;-53.527,65;0,7165338494;765.337,08;-0,003087186;0,02312000
Muster FFPB Pro;02.07.2026;-0,0178857549;-32.509,08;0,6861115322;732.828,00;0,005972903;0,02335000
Muster FFPB Pro;03.07.2026;0,0088767962;15.845,86;0,7009612627;748.673,86;0,005201939;0,02321000
Muster FFPB Pro;04.07.2026;0,0000014477;2,61;0,7009637038;748.676,46;0;0,02321000
Muster FFPB Pro;05.07.2026;0,0000014477;2,61;0,7009661448;748.679,07;0;0,02321000
Muster FFPB Pro;06.07.2026;0,0038667176;6.963,72;0,7075001829;755.642,79;0,002335965;0,02321000
Muster FFPB Pro;07.07.2026;-0,0139661476;-25.249,43;0,6838730220;730.393,36;-0,009029682;0,02313000
Muster FFPB Pro;08.07.2026;-0,0051746226;-9.224,55;0,6752493967;721.168,81;-0,011203322;0,02353000
Muster FFPB Pro;09.07.2026;0,0134844465;23.913,70;0,6976542265;745.082,50;0,009420760;0,02378000
Muster FFPB Pro;10.07.2026;-0,0004768004;-856,97;0,6968655566;744.225,53;0,001010771;0,02412000
Muster FFPB Pro;11.07.2026;0,0000031121;5,59;0,6968707916;744.231,12;0;0,02412000
Muster FFPB Pro;12.07.2026;0,0000031120;5,59;0,6968760266;744.236,71;0;0,02412000
Muster FFPB Pro;13.07.2026;-0,0174046659;-31.267,41;0,6676115062;712.969,30;-0,002362562;0,02431000
Muster FFPB Pro;14.07.2026;0,0151515802;26.746,00;0,6926695742;739.715,30;0,001244688;0,02452000
Muster FFPB Pro;15.07.2026;-0,0113888909;-20.408,60;0,6735721415;719.306,70;0,001120970;0,02490000
Muster FFPB Pro;16.07.2026;-0,0184487809;-32.683,23;0,6429795116;686.623,47;-0,001119009;0,02485000
Muster FFPB Pro;17.07.2026;-0,0072143726;-12.544,95;0,6312442537;674.078,52;-0,008873549;0,02483000
Muster FFPB Pro;18.07.2026;0,0000032385;5,59;0,6312494892;674.084,11;0;0,02483000
Muster FFPB Pro;19.07.2026;0,0000032385;5,59;0,6312547247;674.089,70;0;0,02483000
Muster FFPB Pro;20.07.2026;0,0030718053;5.303,01;0,6362331112;679.392,71;-0,000307242;0,02493000
Muster FFPB Pro;21.07.2026;0,0246249416;42.641,83;0,6761791429;722.034,54;0,009194548;0,02475000
Muster FFPB Pro;22.07.2026;0,0013261600;2.353,00;0,6783958122;724.387,53;0,002401642;0,02456000
Muster FFPB Pro;23.07.2026;-0,0004665257;-828,85;0,6776326433;723.558,68;-0,012357382;0,02472000
Muster FFPB Pro;24.07.2026;-0,0114659734;-20.361,48;0,6585762128;703.197,20;0,006033613;0,02488000
Muster FFPB Pro;25.07.2026;0,0000031848;5,59;0,6585814488;703.202,79;0;0,02488000
Muster FFPB Pro;26.07.2026;0,0000031848;5,59;0,6585866848;703.208,38;0;0,02488000
Muster FFPB Pro;27.07.2026;-0,0069656136;-12.227,91;0,6471470963;690.980,47;0,001159068;0,02454000
Muster FFPB Pro;28.07.2026;-0,0235072248;-40.978,73;0,6087795543;650.001,75;0,000388344;0,02445000
Muster FFPB Pro;29.07.2026;-0,0290860550;-49.512,06;0,5624182068;600.489,69;-0,008841763;0,02459000
Muster FFPB Pro;30.07.2026;0,0397322592;65.667,45;0,6239341592;666.157,14;0,010443987;0,02472000
Muster FFPB Pro;31.07.2026;0,0073920339;12.702,59;0,6358436860;678.859,73;0,003718365;0,02484000
Muster FFPB Pro;01.08.2026;0,0000032296;5,59;0,6358489225;678.865,32;0;0,02484000
Muster FFPB Pro;02.08.2026;0,0000032296;5,59;0,6358541590;678.870,91;0;0,02484000
Muster FFPB Pro;03.08.2026;0,0101014883;17.486,99;0,6522454250;696.357,90;0,010934052;0,02461000
Muster FFPB Pro;04.08.2026;0,0159599887;27.907,91;0,6783982431;724.265,81;0,011613135;0,02498000
Muster FFPB Pro;05.08.2026;-0,0050513960;-8.973,93;0,6700052392;715.291,88;-0,001521372;0,02494000
Muster FFPB Pro;06.08.2026;-0,0032932960;-5.821,07;0,6645651903;709.470,81;0,002039457;0,02477000
Muster FFPB Pro;07.08.2026;-0,0021582699;-3.802,29;0,6610159426;705.668,52;0,004211824;0,02474000
Muster FFPB Pro;08.08.2026;0,0000031803;5,59;0,6610211796;705.674,11;0;0,02474000
Muster FFPB Pro;09.08.2026;0,0000031803;5,59;0,6610264166;705.679,71;0;0,02474000
Muster FFPB Pro;10.08.2026;-0,0033144925;-5.826,68;0,6555806793;699.853,03;0,000967926;0,02475000
Muster FFPB Pro;11.08.2026;-0,0008458502;-1.470,55;0,6542261702;698.382,48;0,000450476;0,02490000
Muster FFPB Pro;12.08.2026;0,0126197055;21.921,37;0,6747851988;720.303,85;-0,000006398;0,02505000
Muster FFPB Pro;13.08.2026;0,0051163366;8.999,61;0,6832400044;729.303,46;0,003392920;0,02511000
Muster FFPB Pro;14.08.2026;0,0011016923;1.947,79;0,6850886812;731.251,25;-0,002405335;0,02508000
Muster FFPB Pro;15.08.2026;0,0000013559;2,40;0,6850909295;731.253,65;0;0,02508000
Muster FFPB Pro;16.08.2026;0,0000013559;2,40;0,6850931778;731.256,05;0;0,02508000
Muster FFPB Pro;17.08.2026;0,0037537531;6.643,95;0,6913417753;737.899,99;-0,003039192;0,02501000
Muster FFPB Pro;18.08.2026;-0,0170610004;-30.310,43;0,6629668205;707.589,56;-0,008199722;0,02500000
Muster FFPB Pro;19.08.2026;-0,0143797623;-25.111,11;0,6394614439;682.478,45;-0,004831463;0,02492000
Muster FFPB Pro;20.08.2026;-0,0006407325;-1.102,81;0,6384502045;681.375,64;-0,005389483;0,02507000
Muster FFPB Pro;21.08.2026;0,0029836773;5.132,13;0,6432811858;686.507,77;0,005873259;0,02507000
Muster FFPB Pro;22.08.2026;0,0000013910;2,40;0,6432834344;686.510,17;0;0,02507000
Muster FFPB Pro;23.08.2026;0,0000013910;2,40;0,6432856831;686.512,57;0;0,02507000
Muster FFPB Pro;24.08.2026;0,0000013910;2,40;0,6433100465;686.514,97;0;0,02507000
