Portfolio Name;Datum;Performance [%] (Intervall);Performance (Intervall);Performance [%] (kumuliert);Performance (kumuliert);Benchmark Performance [%] (Intervall);Währung
Muster ausgewogen cVV;30.12.2008;0;0;0;0;0;EUR
Muster ausgewogen cVV;31.12.2008;0,0027775440;2.520,15;0,0027775440;2.520,15;0,005574408;EUR
Muster ausgewogen cVV;01.01.2009;-0,0000282245;-25,68;0,0027492411;2.494,47;0;EUR
Muster ausgewogen cVV;02.01.2009;0,0007566523;688,42;0,0035079736;3.182,89;0,015678662;EUR
Muster ausgewogen cVV;03.01.2009;0,0000508961;46,34;0,0035590483;3.229,23;0;EUR
Muster ausgewogen cVV;04.01.2009;0,0000508935;46,34;0,0036101229;3.275,57;0;EUR
Muster ausgewogen cVV;05.01.2009;0,0097652543;8.892,28;0,0134106310;12.167,85;0,005998925;EUR
Muster ausgewogen cVV;06.01.2009;0,0036125838;3.321,76;0,0170716618;15.489,61;0,006632617;EUR
Muster ausgewogen cVV;07.01.2009;-0,0042079544;-3.883,18;0,0127918707;11.606,43;-0,011329354;EUR
Muster ausgewogen cVV;08.01.2009;-0,0037298990;-3.427,54;0,0090142593;8.178,90;-0,002677928;EUR
Muster ausgewogen cVV;09.01.2009;-0,0028600793;-2.618,42;0,0061283985;5.560,47;-0,003366158;EUR
Muster ausgewogen cVV;10.01.2009;0,0000507636;46,34;0,0061794732;5.606,81;0;EUR
Muster ausgewogen cVV;11.01.2009;0,0000507610;46,34;0,0062305478;5.653,16;0;EUR
Muster ausgewogen cVV;12.01.2009;-0,0032351819;-2.953,66;0,0029752089;2.699,49;-0,004832813;EUR
Muster ausgewogen cVV;13.01.2009;-0,0038950376;-3.544,59;-0,0009314173;-845,10;-0,004598068;EUR
Muster ausgewogen cVV;14.01.2009;-0,0106284823;-9.634,55;-0,0115500000;-10.479,65;-0,017847874;EUR
Muster ausgewogen cVV;15.01.2009;-0,0094187071;-8.447,16;-0,0208599210;-18.926,81;-0,005373639;EUR
Muster ausgewogen cVV;16.01.2009;0,0041053226;3.647,18;-0,0168402351;-15.279,63;0,001407022;EUR
Muster ausgewogen cVV;17.01.2009;0,0000557321;49,72;-0,0167854415;-15.229,91;0;EUR
Muster ausgewogen cVV;18.01.2009;0,0000557290;49,72;-0,0167306479;-15.180,20;0;EUR
Muster ausgewogen cVV;19.01.2009;-0,0020113977;-1.794,47;-0,0187083936;-16.974,66;-0,003801857;EUR
Muster ausgewogen cVV;20.01.2009;-0,0006386328;-568,61;-0,0193350786;-17.543,27;-0,011368098;EUR
Muster ausgewogen cVV;21.01.2009;-0,0062147345;-5.529,78;-0,0254296507;-23.073,05;0,007005201;EUR
Muster ausgewogen cVV;22.01.2009;-0,0058887464;-5.207,16;-0,0311686483;-28.280,21;-0,007750720;EUR
Muster ausgewogen cVV;23.01.2009;-0,0011229825;-987,16;-0,0322566289;-29.267,37;-0,002059465;EUR
Muster ausgewogen cVV;24.01.2009;0,0000566200;49,72;-0,0322018353;-29.217,65;0;EUR
Muster ausgewogen cVV;25.01.2009;0,0000566168;49,72;-0,0321470417;-29.167,94;0;EUR
Muster ausgewogen cVV;26.01.2009;0,0076460001;6.714,42;-0,0247468379;-22.453,52;0,003795561;EUR
Muster ausgewogen cVV;27.01.2009;-0,0010309290;-912,24;-0,0257522546;-23.365,76;0,003003588;EUR
Muster ausgewogen cVV;28.01.2009;0,0048193708;4.260,15;-0,0210569935;-19.105,62;0,018385145;EUR
Muster ausgewogen cVV;29.01.2009;0,0058554394;5.200,94;-0,0153248521;-13.904,68;-0,007909289;EUR
Muster ausgewogen cVV;30.01.2009;-0,0023271711;-2.079,15;-0,0176163596;-15.983,83;-0,005567293;EUR
Muster ausgewogen cVV;31.01.2009;0,0000557762;49,72;-0,0175615660;-15.934,11;0;EUR
Muster ausgewogen cVV;01.02.2009;0,0000557731;49,72;-0,0175067724;-15.884,40;0;EUR
Muster ausgewogen cVV;02.02.2009;-0,0054177290;-4.829,60;-0,0228296544;-20.714,00;-0,005807108;EUR
Muster ausgewogen cVV;03.02.2009;0,0003301445;292,71;-0,0225070471;-20.421,29;0,007274305;EUR
Muster ausgewogen cVV;04.02.2009;0,0040012087;3.548,70;-0,0185958937;-16.872,59;0,009767488;EUR
Muster ausgewogen cVV;05.02.2009;0,0037601099;3.348,21;-0,0149057064;-13.524,38;0,004626091;EUR
Muster ausgewogen cVV;06.02.2009;0,0059371592;5.306,66;-0,0090570448;-8.217,72;0,012613664;EUR
Muster ausgewogen cVV;07.02.2009;0,0000505815;45,48;-0,0090069214;-8.172,24;0;EUR
Muster ausgewogen cVV;08.02.2009;0,0000505789;45,48;-0,0089567980;-8.126,76;0;EUR
Muster ausgewogen cVV;09.02.2009;0,0039703285;3.570,13;-0,0050220309;-4.556,63;-0,001967463;EUR
Muster ausgewogen cVV;10.02.2009;-0,0036584199;-3.302,72;-0,0086620781;-7.859,35;-0,015803147;EUR
Muster ausgewogen cVV;11.02.2009;-0,0029656298;-2.667,49;-0,0116020194;-10.526,85;0,006800096;EUR
Muster ausgewogen cVV;12.02.2009;-0,0023357680;-2.094,72;-0,0139106878;-12.621,57;-0,004718152;EUR
Muster ausgewogen cVV;13.02.2009;-0,0014391716;-1.287,64;-0,0153298396;-13.909,20;-0,003328025;EUR
Muster ausgewogen cVV;14.02.2009;0,0000509037;45,48;-0,0152797162;-13.863,73;0;EUR
Muster ausgewogen cVV;15.02.2009;0,0000508900;45,47;-0,0152296038;-13.818,26;0;EUR
Muster ausgewogen cVV;16.02.2009;-0,0003277256;-292,83;-0,0155523383;-14.111,08;-0,000403421;EUR
Muster ausgewogen cVV;17.02.2009;-0,0056956097;-5.087,42;-0,0211593679;-19.198,50;-0,013528055;EUR
Muster ausgewogen cVV;18.02.2009;-0,0027982929;-2.485,25;-0,0238984507;-21.683,75;-0,002502323;EUR
Muster ausgewogen cVV;19.02.2009;-0,0003579179;-316,99;-0,0242478149;-22.000,74;-0,005667849;EUR
Muster ausgewogen cVV;20.02.2009;-0,0085337150;-7.555,14;-0,0325746060;-29.555,88;-0,014961551;EUR
Muster ausgewogen cVV;21.02.2009;0,0000518111;45,48;-0,0325244826;-29.510,40;0;EUR
Muster ausgewogen cVV;22.02.2009;0,0000518084;45,48;-0,0324743592;-29.464,92;0;EUR
Muster ausgewogen cVV;23.02.2009;-0,0084828704;-7.446,81;-0,0406817538;-36.911,73;-0,013174564;EUR
Muster ausgewogen cVV;24.02.2009;-0,0060014527;-5.223,77;-0,0464390569;-42.135,49;0,000506117;EUR
Muster ausgewogen cVV;25.02.2009;-0,0056558669;-4.893,42;-0,0518322706;-47.028,91;-0,003298949;EUR
Muster ausgewogen cVV;26.02.2009;0,0011310090;973,01;-0,0507598844;-46.055,90;0,002050065;EUR
Muster ausgewogen cVV;27.02.2009;0,0016940532;1.459,04;-0,0491518212;-44.596,86;-0,008749487;EUR
Muster ausgewogen cVV;28.02.2009;0,0000527251;45,49;-0,0491016876;-44.551,38;0;EUR
Muster ausgewogen cVV;01.03.2009;0,0000527107;45,48;-0,0490515651;-44.505,90;0;EUR
Muster ausgewogen cVV;02.03.2009;-0,0117329470;-10.123,46;-0,0602089926;-54.629,35;-0,017320693;EUR
Muster ausgewogen cVV;03.03.2009;-0,0104712490;-8.928,83;-0,0700497782;-63.558,18;-0,004007570;EUR
Muster ausgewogen cVV;04.03.2009;0,0067412034;5.688,03;-0,0637807946;-57.870,15;0,018316400;EUR
Muster ausgewogen cVV;05.03.2009;-0,0025502300;-2.166,31;-0,0661683690;-60.036,47;-0,019957612;EUR
Muster ausgewogen cVV;06.03.2009;-0,0009946740;-842,78;-0,0670972270;-60.879,25;-0,004535790;EUR
Muster ausgewogen cVV;07.03.2009;0,0000491864;41,63;-0,0670513409;-60.837,61;0;EUR
Muster ausgewogen cVV;08.03.2009;0,0000491958;41,64;-0,0670054438;-60.795,97;0;EUR
Muster ausgewogen cVV;09.03.2009;-0,0056316465;-4.767,37;-0,0722597393;-65.563,34;-0,003112548;EUR
Muster ausgewogen cVV;10.03.2009;0,0055724314;4.690,68;-0,0670899704;-60.872,66;0,021877298;EUR
Muster ausgewogen cVV;11.03.2009;0,0099250514;8.401,12;-0,0578307903;-52.471,54;0,002206107;EUR
Muster ausgewogen cVV;12.03.2009;0,0021011983;1.796,22;-0,0558511060;-50.675,32;0,009024826;EUR
Muster ausgewogen cVV;13.03.2009;0,0033371426;2.858,77;-0,0527003465;-47.816,54;0,000987184;EUR
Muster ausgewogen cVV;14.03.2009;0,0000484505;41,64;-0,0526544494;-47.774,90;0;EUR
Muster ausgewogen cVV;15.03.2009;0,0000484365;41,63;-0,0526085633;-47.733,26;0;EUR
Muster ausgewogen cVV;16.03.2009;0,0043411825;3.731,66;-0,0484957642;-44.001,60;0,005550049;EUR
Muster ausgewogen cVV;17.03.2009;0,0000774739;66,89;-0,0484220475;-43.934,72;0,000069533;EUR
Muster ausgewogen cVV;18.03.2009;-0,0031115363;-2.686,48;-0,0513829168;-46.621,20;0,001118550;EUR
Muster ausgewogen cVV;19.03.2009;0,0064669999;5.566,20;-0,0452482103;-41.055,00;-0,001174784;EUR
Muster ausgewogen cVV;20.03.2009;0,0017505502;1.516,46;-0,0435768693;-39.538,55;0,002095584;EUR
Muster ausgewogen cVV;21.03.2009;0,0000479883;41,64;-0,0435309722;-39.496,90;0;EUR
Muster ausgewogen cVV;22.03.2009;0,0000479745;41,63;-0,0434850861;-39.455,27;0;EUR
Muster ausgewogen cVV;23.03.2009;0,0068785298;5.969,69;-0,0369056698;-33.485,58;0,019009395;EUR
Muster ausgewogen cVV;24.03.2009;0,0031172932;2.724,03;-0,0339034223;-30.761,55;-0,001871128;EUR
Muster ausgewogen cVV;25.03.2009;0,0018906755;1.657,30;-0,0320768473;-29.104,25;0,003639111;EUR
Muster ausgewogen cVV;26.03.2009;0,0013641725;1.198,05;-0,0307564331;-27.906,20;0,006314572;EUR
Muster ausgewogen cVV;27.03.2009;0,0013997057;1.230,93;-0,0293997773;-26.675,26;-0,001347759;EUR
Muster ausgewogen cVV;28.03.2009;0,0000472874;41,64;-0,0293538802;-26.633,62;0;EUR
Muster ausgewogen cVV;29.03.2009;0,0000472851;41,64;-0,0293079831;-26.591,98;0;EUR
Muster ausgewogen cVV;30.03.2009;-0,0090580728;-7.977,78;-0,0381005820;-34.569,76;-0,018631600;EUR
Muster ausgewogen cVV;31.03.2009;0,0003681175;321,28;-0,0377464900;-34.248,48;0,008576458;EUR
Muster ausgewogen cVV;01.04.2009;0,0060960330;5.322,33;-0,0318805609;-28.926,15;0,008056538;EUR
Muster ausgewogen cVV;02.04.2009;0,0096980623;8.518,80;-0,0224916783;-20.407,35;0,018524235;EUR
Muster ausgewogen cVV;03.04.2009;0,0032388097;2.872,57;-0,0193257149;-17.534,78;0,000159755;EUR
Muster ausgewogen cVV;04.04.2009;0,0000460037;40,93;-0,0192806003;-17.493,84;0;EUR
Muster ausgewogen cVV;05.04.2009;0,0000460128;40,94;-0,0192354747;-17.452,90;0;EUR
Muster ausgewogen cVV;06.04.2009;-0,0028099700;-2.500,52;-0,0219913936;-19.953,42;-0,002904820;EUR
Muster ausgewogen cVV;07.04.2009;0,0029762384;2.641,04;-0,0190806068;-17.312,38;-0,002946531;EUR
Muster ausgewogen cVV;08.04.2009;-0,0010734180;-955,36;-0,0201335433;-18.267,74;0,004589714;EUR
Muster ausgewogen cVV;09.04.2009;0,0069451032;6.174,62;-0,0133282697;-12.093,12;0,016172168;EUR
Muster ausgewogen cVV;10.04.2009;0,0021141106;1.892,63;-0,0112423365;-10.200,50;0,000172979;EUR
Muster ausgewogen cVV;11.04.2009;0,0000456276;40,93;-0,0111972219;-10.159,56;0;EUR
Muster ausgewogen cVV;12.04.2009;0,0000456255;40,93;-0,0111521073;-10.118,63;0;EUR
Muster ausgewogen cVV;13.04.2009;-0,0002236719;-200,68;-0,0113732849;-10.319,31;-0,000812742;EUR
Muster ausgewogen cVV;14.04.2009;0,0029154944;2.615,23;-0,0084909492;-7.704,08;0,005612235;EUR
Muster ausgewogen cVV;15.04.2009;0,0008936756;803,97;-0,0076048617;-6.900,11;0,004032833;EUR
Muster ausgewogen cVV;16.04.2009;0,0031851344;2.867,99;-0,0044439498;-4.032,12;0,006410845;EUR
Muster ausgewogen cVV;17.04.2009;0,0018522735;1.673,15;-0,0025999077;-2.358,97;0,006507188;EUR
Muster ausgewogen cVV;18.04.2009;0,0000452433;40,94;-0,0025547821;-2.318,03;0;EUR
Muster ausgewogen cVV;19.04.2009;0,0000452302;40,93;-0,0025096675;-2.277,09;0;EUR
Muster ausgewogen cVV;20.04.2009;-0,0060765644;-5.499,60;-0,0085709817;-7.776,70;-0,014161098;EUR
Muster ausgewogen cVV;21.04.2009;-0,0006404468;-576,12;-0,0092059393;-8.352,81;0,002511153;EUR
Muster ausgewogen cVV;22.04.2009;0,0021396862;1.923,53;-0,0070859509;-6.429,29;0,002836224;EUR
Muster ausgewogen cVV;23.04.2009;-0,0015759674;-1.419,79;-0,0086507510;-7.849,08;-0,001458361;EUR
Muster ausgewogen cVV;24.04.2009;0,0087160692;7.839,93;-0,0000100824;-9,15;0,010133405;EUR
Muster ausgewogen cVV;25.04.2009;0,0000451261;40,94;0,0000350432;31,80;0;EUR
Muster ausgewogen cVV;26.04.2009;0,0000451130;40,93;0,0000801578;72,73;0;EUR
Muster ausgewogen cVV;27.04.2009;0,0042228150;3.831,79;0,0043033113;3.904,52;0,002606331;EUR
Muster ausgewogen cVV;28.04.2009;-0,0049129092;-4.476,81;-0,0006307397;-572,29;-0,005375526;EUR
Muster ausgewogen cVV;29.04.2009;0,0077635732;7.039,67;0,0071279367;6.467,38;0,008227474;EUR
Muster ausgewogen cVV;30.04.2009;0,0108201392;9.887,40;0,0180252012;16.354,78;0,005267543;EUR
Muster ausgewogen cVV;01.05.2009;-0,0000238833;-22,06;0,0180008874;16.332,72;0,000864119;EUR
Muster ausgewogen cVV;02.05.2009;0,0000438405;40,49;0,0180455171;16.373,22;0;EUR
Muster ausgewogen cVV;03.05.2009;0,0000438386;40,49;0,0180901468;16.413,71;0;EUR
Muster ausgewogen cVV;04.05.2009;0,0100308724;9.265,94;0,0283024791;25.679,65;0,012093408;EUR
Muster ausgewogen cVV;05.05.2009;0,0020011535;1.867,09;0,0303602702;27.546,75;-0,001191523;EUR
Muster ausgewogen cVV;06.05.2009;0,0034163920;3.193,90;0,0338803848;30.740,65;0,006131244;EUR
Muster ausgewogen cVV;07.05.2009;-0,0017890751;-1.678,28;0,0320306952;29.062,37;-0,007246901;EUR
Muster ausgewogen cVV;08.05.2009;0,0036658654;3.432,68;0,0358139808;32.495,06;0,009917389;EUR
Muster ausgewogen cVV;09.05.2009;0,0000430866;40,49;0,0358586105;32.535,55;0;EUR
Muster ausgewogen cVV;10.05.2009;0,0000430847;40,49;0,0359032402;32.576,04;0;EUR
Muster ausgewogen cVV;11.05.2009;-0,0042608526;-4.004,80;0,0314894091;28.571,25;-0,006135506;EUR
Muster ausgewogen cVV;12.05.2009;0,0000847807;79,35;0,0315768595;28.650,59;-0,001852122;EUR
Muster ausgewogen cVV;13.05.2009;-0,0053786478;-5.034,30;0,0260283709;23.616,29;-0,009326901;EUR
Muster ausgewogen cVV;14.05.2009;-0,0015108271;-1.406,50;0,0244782194;22.209,79;0,001782286;EUR
Muster ausgewogen cVV;15.05.2009;0,0009309900;865,39;0,0254319984;23.075,18;-0,000777972;EUR
Muster ausgewogen cVV;16.05.2009;0,0000435228;40,49;0,0254766281;23.115,68;0;EUR
Muster ausgewogen cVV;17.05.2009;0,0000435209;40,49;0,0255212577;23.156,17;0;EUR
Muster ausgewogen cVV;18.05.2009;0,0059410425;5.528,05;0,0316139231;28.684,22;0,013355412;EUR
Muster ausgewogen cVV;19.05.2009;0,0060478518;5.660,87;0,0378529712;34.345,09;0,004608452;EUR
Muster ausgewogen cVV;20.05.2009;0,0050666295;4.771,11;0,0431113877;39.116,20;0,002858746;EUR
Muster ausgewogen cVV;21.05.2009;-0,0073897112;-6.993,96;0,0354030958;32.122,25;-0,008589878;EUR
Muster ausgewogen cVV;22.05.2009;0,0005003983;470,10;0,0359212097;32.592,35;-0,003684064;EUR
Muster ausgewogen cVV;23.05.2009;0,0000430821;40,49;0,0359658393;32.632,84;0;EUR
Muster ausgewogen cVV;24.05.2009;0,0000430802;40,49;0,0360104690;32.673,34;0;EUR
Muster ausgewogen cVV;25.05.2009;0,0000424429;39,90;0,0360544403;32.713,23;-0,001559816;EUR
Muster ausgewogen cVV;26.05.2009;0,0014095594;1.325,05;0,0375148205;34.038,28;0,008015096;EUR
Muster ausgewogen cVV;27.05.2009;0,0038925264;3.664,30;0,0415533744;37.702,57;-0,000157122;EUR
Muster ausgewogen cVV;28.05.2009;-0,0027146614;-2.565,44;0,0387259097;35.137,13;-0,002905808;EUR
Muster ausgewogen cVV;29.05.2009;0,0012273445;1.156,73;0,0400007842;36.293,86;0,002060398;EUR
Muster ausgewogen cVV;30.05.2009;0,0000429025;40,48;0,0400454028;36.334,35;0;EUR
Muster ausgewogen cVV;31.05.2009;0,0000429113;40,49;0,0400900325;36.374,84;0;EUR
Muster ausgewogen cVV;01.06.2009;0,0090895054;8.577,80;0,0495439364;44.952,64;0,015849705;EUR
Muster ausgewogen cVV;02.06.2009;0,0005316081;506,24;0,0501018825;45.458,88;-0,000047545;EUR
Muster ausgewogen cVV;03.06.2009;-0,0013559835;-1.291,96;0,0486779616;44.166,92;-0,004843096;EUR
Muster ausgewogen cVV;04.06.2009;-0,0041406766;-3.939,84;0,0443357254;40.227,08;-0,000781079;EUR
Muster ausgewogen cVV;05.06.2009;-0,0012733933;-1.206,61;0,0430058753;39.020,47;0,000242005;EUR
Muster ausgewogen cVV;06.06.2009;0,0000422188;39,95;0,0430499098;39.060,42;0;EUR
Muster ausgewogen cVV;07.06.2009;0,0000422171;39,95;0,0430939443;39.100,38;0;EUR
Muster ausgewogen cVV;08.06.2009;-0,0031207814;-2.953,60;0,0398386761;36.146,78;-0,002118428;EUR
Muster ausgewogen cVV;09.06.2009;-0,0013530936;-1.276,61;0,0384316771;34.870,17;-0,000117829;EUR
Muster ausgewogen cVV;10.06.2009;0,0043600286;4.108,01;0,0429592689;38.978,18;0,003914453;EUR
Muster ausgewogen cVV;11.06.2009;0,0022627354;2.141,24;0,0453192097;41.119,42;0,003271517;EUR
Muster ausgewogen cVV;12.06.2009;-0,0004291891;-407,06;0,0448705701;40.712,36;0,000308475;EUR
Muster ausgewogen cVV;13.06.2009;0,0000413998;39,25;0,0449138275;40.751,61;0;EUR
Muster ausgewogen cVV;14.06.2009;0,0000413981;39,25;0,0449570850;40.790,86;0;EUR
Muster ausgewogen cVV;15.06.2009;-0,0081986973;-7.773,35;0,0363897981;33.017,51;-0,009966797;EUR
Muster ausgewogen cVV;16.06.2009;-0,0009057492;-851,72;0,0354510889;32.165,79;-0,003029579;EUR
Muster ausgewogen cVV;17.06.2009;-0,0087628561;-8.232,66;0,0263775800;23.933,14;-0,004950356;EUR
Muster ausgewogen cVV;18.06.2009;0,0032413429;3.018,54;0,0297044217;26.951,68;0,000784397;EUR
Muster ausgewogen cVV;19.06.2009;0,0022845842;2.134,44;0,0320568682;29.086,12;0,003678767;EUR
Muster ausgewogen cVV;20.06.2009;0,0000419138;39,25;0,0321001257;29.125,37;0;EUR
Muster ausgewogen cVV;21.06.2009;0,0000419014;39,24;0,0321433721;29.164,61;0;EUR
Muster ausgewogen cVV;22.06.2009;-0,0070396534;-6.592,59;0,0248774405;22.572,02;-0,012568666;EUR
Muster ausgewogen cVV;23.06.2009;-0,0024557985;-2.283,65;0,0223605480;20.288,37;-0,001913918;EUR
Muster ausgewogen cVV;24.06.2009;0,0069240505;6.422,87;0,0294394240;26.711,24;0,010775216;EUR
Muster ausgewogen cVV;25.06.2009;-0,0002669662;-249,36;0,0291645984;26.461,88;0,003468981;EUR
Muster ausgewogen cVV;26.06.2009;0,0009591969;895,69;0,0301517699;27.357,57;-0,002228620;EUR
Muster ausgewogen cVV;27.06.2009;0,0000419913;39,25;0,0301950273;27.396,82;0;EUR
Muster ausgewogen cVV;28.06.2009;0,0000419896;39,25;0,0302382848;27.436,07;0;EUR
Muster ausgewogen cVV;29.06.2009;0,0096405830;9.011,68;0,0401703824;36.447,74;0,007719387;EUR
Muster ausgewogen cVV;30.06.2009;-0,0048004782;-4.530,58;0,0351770672;31.917,17;-0,004888728;EUR
Muster ausgewogen cVV;01.07.2009;0,0041792264;3.925,32;0,0395033065;35.842,49;0,005763315;EUR
Muster ausgewogen cVV;02.07.2009;-0,0068097249;-6.422,74;0,0324245750;29.419,75;-0,011555108;EUR
Muster ausgewogen cVV;03.07.2009;-0,0005838314;-546,90;0,0318218131;28.872,85;-0,000739871;EUR
Muster ausgewogen cVV;04.07.2009;0,0000419340;39,26;0,0318650816;28.912,11;0;EUR
Muster ausgewogen cVV;05.07.2009;0,0000419430;39,27;0,0319083611;28.951,37;0;EUR
Muster ausgewogen cVV;06.07.2009;-0,0031930497;-2.989,59;0,0286134264;25.961,79;-0,001739638;EUR
Muster ausgewogen cVV;07.07.2009;-0,0011661389;-1.088,35;0,0274139203;24.873,44;-0,007389699;EUR
Muster ausgewogen cVV;08.07.2009;-0,0043108220;-4.018,56;0,0229849218;20.854,88;-0,001049252;EUR
Muster ausgewogen cVV;09.07.2009;-0,0000753102;-69,90;0,0229078806;20.784,98;0,002866091;EUR
Muster ausgewogen cVV;10.07.2009;-0,0024759226;-2.297,94;0,0203752398;18.487,04;-0,002602385;EUR
Muster ausgewogen cVV;11.07.2009;0,0000424153;39,27;0,0204185193;18.526,31;0;EUR
Muster ausgewogen cVV;12.07.2009;0,0000424135;39,27;0,0204617988;18.565,58;0;EUR
Muster ausgewogen cVV;13.07.2009;0,0045616743;4.223,63;0,0251168132;22.789,21;0,011558319;EUR
Muster ausgewogen cVV;14.07.2009;0,0076615756;7.126,17;0,0329708232;29.915,38;0,005488529;EUR
Muster ausgewogen cVV;15.07.2009;0,0100438626;9.413,55;0,0433458402;39.328,93;0,011321689;EUR
Muster ausgewogen cVV;16.07.2009;0,0048192716;4.562,20;0,0483740072;43.891,13;0,003885644;EUR
Muster ausgewogen cVV;17.07.2009;0,0005325372;506,56;0,0489323054;44.397,69;0,001209491;EUR
Muster ausgewogen cVV;18.07.2009;0,0000412605;39,27;0,0489755848;44.436,96;0;EUR
Muster ausgewogen cVV;19.07.2009;0,0000412588;39,27;0,0490188643;44.476,23;0;EUR
Muster ausgewogen cVV;20.07.2009;0,0050401030;4.797,20;0,0543060275;49.273,42;0,004313233;EUR
Muster ausgewogen cVV;21.07.2009;0,0044772158;4.282,91;0,0590263831;53.556,34;0,006412450;EUR
Muster ausgewogen cVV;22.07.2009;0,0019766914;1.899,37;0,0611197514;55.455,71;0,002207253;EUR
Muster ausgewogen cVV;23.07.2009;0,0073200005;7.047,58;0,0688871486;62.503,29;0,009479569;EUR
Muster ausgewogen cVV;24.07.2009;-0,0014945925;-1.449,50;0,0672895979;61.053,79;0,000485568;EUR
Muster ausgewogen cVV;25.07.2009;0,0000434472;42,07;0,0673359687;61.095,86;0;EUR
Muster ausgewogen cVV;26.07.2009;0,0000434453;42,07;0,0673823394;61.137,94;0;EUR
Muster ausgewogen cVV;27.07.2009;0,0018794832;1.820,22;0,0693884666;62.958,15;0,002441799;EUR
Muster ausgewogen cVV;28.07.2009;-0,0014063493;-1.364,56;0,0678845329;61.593,59;-0,002485331;EUR
Muster ausgewogen cVV;29.07.2009;0,0033342470;3.201,45;0,0714175303;64.795,04;0,005868179;EUR
Muster ausgewogen cVV;30.07.2009;0,0050693381;4.883,67;0,0768051826;69.678,71;0,008234207;EUR
Muster ausgewogen cVV;31.07.2009;0,0018400140;1.781,61;0,0787739064;71.460,32;0,000791407;EUR
Muster ausgewogen cVV;01.08.2009;0,0000433627;42,06;0,0788202749;71.502,38;0;EUR
Muster ausgewogen cVV;02.08.2009;0,0000432371;41,94;0,0788665111;71.544,33;0;EUR
Muster ausgewogen cVV;03.08.2009;0,0031482327;3.054,17;0,0822383128;74.598,50;0,004078340;EUR
Muster ausgewogen cVV;04.08.2009;-0,0020451958;-1.990,34;0,0800489916;72.608,16;-0,000231209;EUR
Muster ausgewogen cVV;05.08.2009;-0,0029638153;-2.878,42;0,0768801954;69.729,74;-0,003963437;EUR
Muster ausgewogen cVV;06.08.2009;0,0012856323;1.244,89;0,0782573653;70.974,63;0,000138352;EUR
Muster ausgewogen cVV;07.08.2009;0,0029034807;2.815,08;0,0813660482;73.789,71;0,004979355;EUR
Muster ausgewogen cVV;08.08.2009;0,0000431354;41,94;0,0814122983;73.831,65;0;EUR
Muster ausgewogen cVV;09.08.2009;0,0000431438;41,95;0,0814585594;73.873,61;0;EUR
Muster ausgewogen cVV;10.08.2009;-0,0006275905;-610,30;0,0807902491;73.263,31;-0,000889965;EUR
Muster ausgewogen cVV;11.08.2009;-0,0046947609;-4.562,57;0,0757632431;68.700,74;-0,007129560;EUR
Muster ausgewogen cVV;12.08.2009;0,0010117903;978,68;0,0768468547;69.679,42;0,004389918;EUR
Muster ausgewogen cVV;13.08.2009;0,0047453239;4.594,70;0,0819187242;74.274,12;0,004999718;EUR
Muster ausgewogen cVV;14.08.2009;-0,0028849878;-2.806,67;0,0788275027;71.467,45;-0,002570274;EUR
Muster ausgewogen cVV;15.08.2009;0,0000432490;41,95;0,0788737768;71.509,41;0;EUR
Muster ausgewogen cVV;16.08.2009;0,0000432368;41,94;0,0789200399;71.551,35;0;EUR
Muster ausgewogen cVV;17.08.2009;-0,0080492429;-7.808,81;0,0703108466;63.742,54;-0,008782842;EUR
Muster ausgewogen cVV;18.08.2009;0,0029796920;2.867,42;0,0734776706;66.609,96;0,004291463;EUR
Muster ausgewogen cVV;19.08.2009;0,0010970534;1.058,86;0,0746496526;67.668,82;-0,000591491;EUR
Muster ausgewogen cVV;20.08.2009;0,0056890050;5.496,99;0,0807179346;73.165,81;0,006415100;EUR
Muster ausgewogen cVV;21.08.2009;0,0072902642;7.084,27;0,0885380130;80.250,08;0,008271411;EUR
Muster ausgewogen cVV;22.08.2009;0,0000428507;41,94;0,0885842883;80.292,03;0;EUR
Muster ausgewogen cVV;23.08.2009;0,0000428591;41,95;0,0886305746;80.333,98;0;EUR
Muster ausgewogen cVV;24.08.2009;0,0057079407;5.587,58;0,0948000497;85.921,56;0,004549738;EUR
Muster ausgewogen cVV;25.08.2009;0,0030477941;3.000,55;0,0981156045;88.922,11;0,003335370;EUR
Muster ausgewogen cVV;26.08.2009;-0,0031071057;-3.068,27;0,0947348315;85.853,84;0,000021317;EUR
Muster ausgewogen cVV;27.08.2009;-0,0009050397;-890,95;0,0937563348;84.962,89;-0,002398284;EUR
Muster ausgewogen cVV;28.08.2009;0,0036448998;3.584,91;0,0977170312;88.547,80;0,001497656;EUR
Muster ausgewogen cVV;29.08.2009;0,0000425006;41,95;0,0977633290;88.589,76;0;EUR
Muster ausgewogen cVV;30.08.2009;0,0000424887;41,94;0,0978096159;88.631,70;0;EUR
Muster ausgewogen cVV;31.08.2009;-0,0023284988;-2.298,72;0,0952774468;86.332,98;-0,003713646;EUR
Muster ausgewogen cVV;01.09.2009;-0,0043443766;-4.278,83;0,0905596221;82.054,15;-0,009439861;EUR
Muster ausgewogen cVV;02.09.2009;0,0004708892;461,77;0,0910735404;82.515,92;-0,000184814;EUR
Muster ausgewogen cVV;03.09.2009;0,0011243731;1.103,12;0,0922953516;83.619,04;0,000148235;EUR
Muster ausgewogen cVV;04.09.2009;0,0044704590;4.390,88;0,0971462909;88.009,91;0,007405182;EUR
Muster ausgewogen cVV;05.09.2009;0,0000425137;41,94;0,0971925886;88.051,86;0;EUR
Muster ausgewogen cVV;06.09.2009;0,0000425220;41,95;0,0972388973;88.093,81;0;EUR
Muster ausgewogen cVV;07.09.2009;0,0063883283;6.303,19;0,1042011627;94.397,00;0,004774849;EUR
Muster ausgewogen cVV;08.09.2009;0,0019997567;1.985,71;0,1063978948;96.382,71;0,000502065;EUR
Muster ausgewogen cVV;09.09.2009;0,0003448281;343,09;0,1067813849;96.725,80;0,003805578;EUR
Muster ausgewogen cVV;10.09.2009;-0,0020882162;-2.078,41;0,1044914988;94.647,39;0,004431417;EUR
Muster ausgewogen cVV;11.09.2009;0,0038719644;3.845,74;0,1087419545;98.493,13;0,002606842;EUR
Muster ausgewogen cVV;12.09.2009;0,0000414611;41,34;0,1087875958;98.534,47;0;EUR
Muster ausgewogen cVV;13.09.2009;0,0000414493;41,33;0,1088332260;98.575,80;0;EUR
Muster ausgewogen cVV;14.09.2009;-0,0015646141;-1.560,16;0,1071153289;97.015,63;-0,001349535;EUR
Muster ausgewogen cVV;15.09.2009;-0,0003590314;-357,45;0,1067252109;96.658,18;0,000872062;EUR
Muster ausgewogen cVV;16.09.2009;0,0053361938;5.310,78;0,1125938519;101.968,96;0,005422694;EUR
Muster ausgewogen cVV;17.09.2009;0,0009365600;937,07;0,1136333002;102.906,03;0,000609778;EUR
Muster ausgewogen cVV;18.09.2009;0,0001469339;147,15;0,1138004834;103.053,19;-0,001460683;EUR
Muster ausgewogen cVV;19.09.2009;0,0000412623;41,33;0,1138461232;103.094,52;0;EUR
Muster ausgewogen cVV;20.09.2009;0,0000412706;41,34;0,1138917742;103.135,86;0;EUR
Muster ausgewogen cVV;21.09.2009;-0,0035168760;-3.522,91;0,1100059554;99.612,95;-0,001853307;EUR
Muster ausgewogen cVV;22.09.2009;0,0048411132;4.832,36;0,1153471492;104.445,31;0,002174900;EUR
Muster ausgewogen cVV;23.09.2009;0,0015098738;1.514,44;0,1170243381;105.959,75;-0,000739235;EUR
Muster ausgewogen cVV;24.09.2009;-0,0022963776;-2.306,80;0,1144811815;103.652,95;-0,004575447;EUR
Muster ausgewogen cVV;25.09.2009;-0,0023289575;-2.334,16;0,1119075637;101.318,79;-0,001858776;EUR
Muster ausgewogen cVV;26.09.2009;0,0000413439;41,34;0,1119532238;101.360,13;0;EUR
Muster ausgewogen cVV;27.09.2009;0,0000413322;41,33;0,1119988728;101.401,46;0;EUR
Muster ausgewogen cVV;28.09.2009;0,0063867704;6.386,64;0,1190575913;107.788,11;0,011062452;EUR
Muster ausgewogen cVV;29.09.2009;-0,0004603081;-463,24;0,1185504629;107.324,87;0,000269606;EUR
Muster ausgewogen cVV;30.09.2009;0,0003871080;389,39;0,1189850981;107.714,26;-0,002566522;EUR
Muster ausgewogen cVV;01.10.2009;-0,0044704839;-4.498,62;0,1140200432;103.215,64;-0,008813896;EUR
Muster ausgewogen cVV;02.10.2009;-0,0055007962;-5.510,67;0,1079365431;97.704,98;-0,007138243;EUR
Muster ausgewogen cVV;03.10.2009;0,0000414838;41,33;0,1079822008;97.746,31;0;EUR
Muster ausgewogen cVV;04.10.2009;0,0000414921;41,34;0,1080278695;97.787,65;0;EUR
Muster ausgewogen cVV;05.10.2009;0,0018182317;1.811,63;0,1100332551;99.599,27;0,004146404;EUR
Muster ausgewogen cVV;06.10.2009;0,0063453114;6.333,75;0,1170347911;105.933,02;0,009399961;EUR
Muster ausgewogen cVV;07.10.2009;0,0011863601;1.191,71;0,1183556643;107.124,74;0,001324849;EUR
Muster ausgewogen cVV;08.10.2009;0,0041125848;4.136,04;0,1229297173;111.260,78;0,005501326;EUR
Muster ausgewogen cVV;09.10.2009;-0,0009146160;-923,62;0,1219135452;110.337,16;-0,001708404;EUR
Muster ausgewogen cVV;10.10.2009;0,0000409743;41,34;0,1219592222;110.378,50;0;EUR
Muster ausgewogen cVV;11.10.2009;0,0000409627;41,33;0,1220048880;110.419,83;0;EUR
Muster ausgewogen cVV;12.10.2009;0,0046727586;4.714,81;0,1272188196;115.134,64;0,004351865;EUR
Muster ausgewogen cVV;13.10.2009;-0,0030521846;-3.094,04;0,1238043313;112.040,60;-0,002962119;EUR
Muster ausgewogen cVV;14.10.2009;0,0065407365;6.610,20;0,1311130686;118.650,79;0,008251137;EUR
Muster ausgewogen cVV;15.10.2009;-0,0022519098;-2.290,71;0,1285861322;116.360,08;-0,001878439;EUR
Muster ausgewogen cVV;16.10.2009;-0,0037219506;-3.777,55;0,1244158605;112.582,53;-0,004960133;EUR
Muster ausgewogen cVV;17.10.2009;0,0000408833;41,34;0,1244615452;112.623,87;0;EUR
Muster ausgewogen cVV;18.10.2009;0,0000408718;41,33;0,1245072190;112.665,20;0;EUR
Muster ausgewogen cVV;19.10.2009;0,0029618296;2.995,13;0,1278214287;115.660,33;0,006590668;EUR
Muster ausgewogen cVV;20.10.2009;0,0006250095;633,91;0,1285262377;116.294,24;-0,001246765;EUR
Muster ausgewogen cVV;21.10.2009;0,0007138722;724,49;0,1293311641;117.018,73;-0,001545113;EUR
Muster ausgewogen cVV;22.10.2009;-0,0034904372;-3.544,88;0,1254173679;113.473,85;-0,002847986;EUR
Muster ausgewogen cVV;23.10.2009;-0,0004780677;-483,83;0,1248866255;112.990,02;-0,003898418;EUR
Muster ausgewogen cVV;24.10.2009;0,0000429898;43,49;0,1249346914;113.033,51;0;EUR
Muster ausgewogen cVV;25.10.2009;0,0000429979;43,50;0,1249827684;113.077,01;0;EUR
Muster ausgewogen cVV;26.10.2009;-0,0032037642;-3.241,11;0,1214042727;109.835,90;-0,005704693;EUR
Muster ausgewogen cVV;27.10.2009;-0,0008437842;-850,88;0,1204675681;108.985,01;0,001673933;EUR
Muster ausgewogen cVV;28.10.2009;-0,0057762881;-5.819,98;0,1140379646;103.165,04;-0,009888892;EUR
Muster ausgewogen cVV;29.10.2009;0,0015810103;1.583,77;0,1157922349;104.748,80;0,005955716;EUR
Muster ausgewogen cVV;30.10.2009;-0,0007989189;-801,58;0,1149096732;103.947,23;-0,009726633;EUR
Muster ausgewogen cVV;31.10.2009;0,0000433876;43,50;0,1149577577;103.990,72;0;EUR
Muster ausgewogen cVV;01.11.2009;0,0000433757;43,49;0,1150058311;104.034,21;0;EUR
Muster ausgewogen cVV;02.11.2009;-0,0038136959;-3.823,66;0,1107822872;100.210,55;0,000452735;EUR
Muster ausgewogen cVV;03.11.2009;-0,0016258690;-1.623,90;0,1089903550;98.586,65;-0,002326184;EUR
Muster ausgewogen cVV;04.11.2009;0,0041266104;4.114,91;0,1135428977;102.701,56;0,003084538;EUR
Muster ausgewogen cVV;05.11.2009;0,0024795276;2.482,70;0,1162911173;105.184,26;0,003265293;EUR
Muster ausgewogen cVV;06.11.2009;0,0008087573;811,80;0,1171920746;105.996,06;0,001842180;EUR
Muster ausgewogen cVV;07.11.2009;0,0000420448;42,24;0,1172387731;106.038,30;0;EUR
Muster ausgewogen cVV;08.11.2009;0,0000420431;42,24;0,1172854717;106.080,54;0;EUR
Muster ausgewogen cVV;09.11.2009;0,0059874512;6.015,35;0,1239398021;112.095,89;0,010605721;EUR
Muster ausgewogen cVV;10.11.2009;0,0011065332;1.118,35;0,1251799145;113.214,23;0,000906599;EUR
Muster ausgewogen cVV;11.11.2009;0,0039588566;4.005,54;0,1296125054;117.219,78;0,003298193;EUR
Muster ausgewogen cVV;12.11.2009;-0,0008285491;-841,64;0,1286855268;116.378,14;-0,000449845;EUR
Muster ausgewogen cVV;13.11.2009;0,0006168415;626,07;0,1293814312;117.004,21;0,002096936;EUR
Muster ausgewogen cVV;14.11.2009;0,0000415891;42,24;0,1294281364;117.046,44;0;EUR
Muster ausgewogen cVV;15.11.2009;0,0000415874;42,24;0,1294748417;117.088,68;0;EUR
Muster ausgewogen cVV;16.11.2009;0,0072642570;7.378,07;0,1376372222;124.466,75;0,008500004;EUR
Muster ausgewogen cVV;17.11.2009;-0,0002166158;-221,61;0,1373959510;124.245,14;0,000648314;EUR
Muster ausgewogen cVV;18.11.2009;0,0012432504;1.271,63;0,1388059653;125.516,77;-0,001314376;EUR
Muster ausgewogen cVV;19.11.2009;-0,0045167775;-4.625,61;0,1336942338;120.891,16;-0,005483778;EUR
Muster ausgewogen cVV;20.11.2009;-0,0016665701;-1.699,02;0,1318188192;119.192,14;-0,003248812;EUR
Muster ausgewogen cVV;21.11.2009;0,0000414997;42,24;0,1318655309;119.234,37;0;EUR
Muster ausgewogen cVV;22.11.2009;0,0000414980;42,24;0,1319122425;119.276,61;0;EUR
Muster ausgewogen cVV;23.11.2009;0,0091009948;9.263,50;0,1421608573;128.540,11;0,008094065;EUR
Muster ausgewogen cVV;24.11.2009;-0,0019918524;-2.045,87;0,1399018907;126.494,24;-0,001373506;EUR
Muster ausgewogen cVV;25.11.2009;0,0025633154;2.627,59;0,1428117229;129.121,83;0,001576639;EUR
Muster ausgewogen cVV;26.11.2009;-0,0074322210;-7.638,10;0,1343672972;121.483,73;-0,008321987;EUR
Muster ausgewogen cVV;27.11.2009;0,0018930411;1.931,02;0,1365066189;123.414,75;0,000640378;EUR
Muster ausgewogen cVV;28.11.2009;0,0000413282;42,24;0,1365533366;123.456,98;0;EUR
Muster ausgewogen cVV;29.11.2009;0,0000413265;42,24;0,1366000543;123.499,22;0;EUR
Muster ausgewogen cVV;30.11.2009;-0,0033016137;-3.374,51;0,1328709700;120.124,71;-0,001898069;EUR
Muster ausgewogen cVV;01.12.2009;0,0078400628;7.986,70;0,1417087130;128.111,41;0,010674403;EUR
Muster ausgewogen cVV;02.12.2009;0,0031764655;3.261,25;0,1453197439;131.372,66;0,000889734;EUR
Muster ausgewogen cVV;03.12.2009;0,0000367825;37,88;0,1453652686;131.410,54;-0,002139510;EUR
Muster ausgewogen cVV;04.12.2009;-0,0001725241;-177,70;0,1451722848;131.232,85;0,003409644;EUR
Muster ausgewogen cVV;05.12.2009;0,0000410922;42,32;0,1452190969;131.275,16;0;EUR
Muster ausgewogen cVV;06.12.2009;0,0000411002;42,33;0,1452659200;131.317,49;0;EUR
Muster ausgewogen cVV;07.12.2009;-0,0013410973;-1.381,19;0,1437415398;129.936,30;0,000018514;EUR
Muster ausgewogen cVV;08.12.2009;-0,0043327047;-4.456,25;0,1388151993;125.480,05;-0,003840953;EUR
Muster ausgewogen cVV;09.12.2009;-0,0023008600;-2.356,22;0,1362118625;123.123,83;-0,002123492;EUR
Muster ausgewogen cVV;10.12.2009;0,0032548211;3.325,46;0,1398941602;126.449,29;0,003385516;EUR
Muster ausgewogen cVV;11.12.2009;0,0026937501;2.761,17;0,1429523029;129.210,46;0,003380832;EUR
Muster ausgewogen cVV;12.12.2009;0,0000410552;42,20;0,1429989866;129.252,66;0;EUR
Muster ausgewogen cVV;13.12.2009;0,0000410535;42,20;0,1430456703;129.294,85;0;EUR
Muster ausgewogen cVV;14.12.2009;0,0031358692;3.223,28;0,1466151986;132.518,13;0,004382813;EUR
Muster ausgewogen cVV;15.12.2009;0,0007304065;753,12;0,1474518739;133.271,25;-0,000091839;EUR
Muster ausgewogen cVV;16.12.2009;0,0046787243;4.827,74;0,1527968439;138.098,99;0,006048100;EUR
Muster ausgewogen cVV;17.12.2009;-0,0017995981;-1.865,60;0,1507361454;136.233,39;-0,001249193;EUR
Muster ausgewogen cVV;18.12.2009;-0,0000507143;-52,48;0,1506815111;136.180,91;0,000540205;EUR
Muster ausgewogen cVV;19.12.2009;0,0000407883;42,21;0,1507282112;136.223,11;0;EUR
Muster ausgewogen cVV;20.12.2009;0,0000407769;42,20;0,1507749003;136.265,31;0;EUR
Muster ausgewogen cVV;21.12.2009;0,0049198683;5.091,30;0,1564118553;141.356,61;0,005606588;EUR
Muster ausgewogen cVV;22.12.2009;0,0018410556;1.914,58;0,1585339019;143.271,19;0,001723580;EUR
Muster ausgewogen cVV;23.12.2009;0,0020565285;2.142,59;0,1609083270;145.413,78;-0,000375623;EUR
Muster ausgewogen cVV;24.12.2009;-0,0000948388;-99,01;0,1608023156;145.314,77;0,000829717;EUR
Muster ausgewogen cVV;25.12.2009;0,0000431257;45,02;0,1608556557;145.359,79;-0,000130700;EUR
Muster ausgewogen cVV;26.12.2009;0,0000404201;42,20;0,1609023500;145.401,98;0;EUR
Muster ausgewogen cVV;27.12.2009;0,0000404280;42,21;0,1609490554;145.444,19;0;EUR
Muster ausgewogen cVV;28.12.2009;0,0022025929;2.299,56;0,1634973077;147.743,75;0,001657055;EUR
Muster ausgewogen cVV;29.12.2009;0,0012611212;1.319,54;0,1649611046;149.063,29;-0,000293020;EUR
Muster ausgewogen cVV;30.12.2009;-0,0033755470;-3.536,37;0,1610510281;145.526,92;-0,002693367;EUR
Muster ausgewogen cVV;31.12.2009;0,0004325139;451,59;0,1615542234;145.978,51;-0,001404228;EUR
Muster ausgewogen cVV;01.01.2010;0,0000797972;83,35;0,1616498774;146.061,87;0;EUR
Muster ausgewogen cVV;02.01.2010;0,0000403929;42,20;0,1616965766;146.104,06;0;EUR
Muster ausgewogen cVV;03.01.2010;0,0000404008;42,21;0,1617432870;146.146,27;0;EUR
Muster ausgewogen cVV;04.01.2010;0,0079170538;8.271,14;0,1709007199;154.417,41;0,007420699;EUR
Muster ausgewogen cVV;05.01.2010;-0,0018996407;-2.000,31;0,1686903842;152.417,10;0,001491844;EUR
Muster ausgewogen cVV;06.01.2010;0,0008172727;858,95;0,1696445389;153.276,05;0,000852451;EUR
Muster ausgewogen cVV;07.01.2010;-0,0015560655;-1.622,16;0,1678591081;151.653,89;0,001159491;EUR
Muster ausgewogen cVV;08.01.2010;0,0020871179;2.172,38;0,1702736524;153.826,27;0,002360339;EUR
Muster ausgewogen cVV;09.01.2010;0,0000404555;42,20;0,1703203601;153.868,47;0;EUR
Muster ausgewogen cVV;10.01.2010;0,0000404538;42,20;0,1703670679;153.910,66;0;EUR
Muster ausgewogen cVV;11.01.2010;0,0008661145;903,45;0,1713771379;154.814,11;-0,000963109;EUR
Muster ausgewogen cVV;12.01.2010;-0,0054430504;-5.682,61;0,1650961409;149.131,50;-0,004798344;EUR
Muster ausgewogen cVV;13.01.2010;0,0000579931;60,22;0,1651723184;149.191,72;0,002251632;EUR
Muster ausgewogen cVV;14.01.2010;0,0039665558;4.118,83;0,1697420465;153.310,55;0,003308795;EUR
Muster ausgewogen cVV;15.01.2010;-0,0030617400;-3.191,89;0,1662174903;150.118,66;-0,004716152;EUR
Muster ausgewogen cVV;16.01.2010;0,0000359962;37,41;0,1662589139;150.156,07;0;EUR
Muster ausgewogen cVV;17.01.2010;0,0000359853;37,40;0,1663003264;150.193,47;0;EUR
Muster ausgewogen cVV;18.01.2010;0,0023180070;2.409,32;0,1689775457;152.602,79;0,002176029;EUR
Muster ausgewogen cVV;19.01.2010;0,0033084256;3.446,72;0,1728037820;156.049,51;0,004709775;EUR
Muster ausgewogen cVV;20.01.2010;-0,0041558333;-4.343,88;0,1680028563;151.705,63;-0,005069301;EUR
Muster ausgewogen cVV;21.01.2010;-0,0026040418;-2.710,56;0,1650102125;148.995,08;-0,006820183;EUR
Muster ausgewogen cVV;22.01.2010;-0,0070076547;-7.275,30;0,1569614979;141.719,77;-0,007276178;EUR
Muster ausgewogen cVV;23.01.2010;0,0000362798;37,40;0,1570029219;141.757,17;0;EUR
Muster ausgewogen cVV;24.01.2010;0,0000362882;37,41;0,1570443570;141.794,58;0;EUR
Muster ausgewogen cVV;25.01.2010;-0,0027599306;-2.845,47;0,1539012288;138.949,11;-0,003372890;EUR
Muster ausgewogen cVV;26.01.2010;0,0008819804;906,81;0,1549139782;139.855,92;0,002428588;EUR
Muster ausgewogen cVV;27.01.2010;-0,0002768127;-284,86;0,1546067404;139.571,07;-0,001491336;EUR
Muster ausgewogen cVV;28.01.2010;-0,0030403119;-3.127,78;0,1511500554;136.443,28;-0,005670899;EUR
Muster ausgewogen cVV;29.01.2010;0,0002106313;216,03;0,1513973750;136.659,32;0,002316028;EUR
Muster ausgewogen cVV;30.01.2010;0,0000364685;37,41;0,1514388212;136.696,73;0;EUR
Muster ausgewogen cVV;31.01.2010;0,0000364574;37,40;0,1514802563;136.734,13;0;EUR
Muster ausgewogen cVV;01.02.2010;0,0014214773;1.458,34;0,1531039071;138.192,47;0,004444205;EUR
Muster ausgewogen cVV;02.02.2010;0,0052042414;5.346,79;0,1590359250;143.539,26;0,004918973;EUR
Muster ausgewogen cVV;03.02.2010;-0,0012856236;-1.327,71;0,1575730267;142.211,55;-0,002619832;EUR
Muster ausgewogen cVV;04.02.2010;-0,0099729667;-10.286,22;0,1461832171;131.925,33;-0,009791853;EUR
Muster ausgewogen cVV;05.02.2010;-0,0096655806;-9.869,76;0,1352536849;122.055,57;-0,003719172;EUR
Muster ausgewogen cVV;06.02.2010;0,0000374995;37,92;0,1352957070;122.093,49;0;EUR
Muster ausgewogen cVV;07.02.2010;0,0000374882;37,91;0,1353377179;122.131,40;0;EUR
Muster ausgewogen cVV;08.02.2010;0,0066048761;6.679,71;0,1427469554;128.811,11;0,000662735;EUR
Muster ausgewogen cVV;09.02.2010;0,0008826150;898,51;0,1437499117;129.709,63;0,001808393;EUR
Muster ausgewogen cVV;10.02.2010;0,0020163006;2.054,43;0,1460340187;131.764,05;0,001624094;EUR
Muster ausgewogen cVV;11.02.2010;-0,0007832142;-799,63;0,1451549951;130.964,42;0,001360042;EUR
Muster ausgewogen cVV;12.02.2010;0,0040439513;4.125,49;0,1497348865;135.089,91;0,000702827;EUR
Muster ausgewogen cVV;13.02.2010;0,0000370223;37,92;0,1497769191;135.127,83;0;EUR
Muster ausgewogen cVV;14.02.2010;0,0000370209;37,92;0,1498189517;135.165,75;0;EUR
Muster ausgewogen cVV;15.02.2010;0,0016815582;1.722,53;0,1517356521;136.888,28;0,000732249;EUR
Muster ausgewogen cVV;16.02.2010;0,0040952753;4.202,11;0,1564011473;141.090,39;0,005579320;EUR
Muster ausgewogen cVV;17.02.2010;0,0052157979;5.373,78;0,1623659241;146.464,17;0,005686559;EUR
Muster ausgewogen cVV;18.02.2010;0,0037056148;3.837,77;0,1666283627;150.301,94;0,002321492;EUR
Muster ausgewogen cVV;19.02.2010;0,0025312180;2.631,20;0,1695534646;152.933,14;0,002432731;EUR
Muster ausgewogen cVV;20.02.2010;0,0000363884;37,92;0,1695955073;152.971,06;0;EUR
Muster ausgewogen cVV;21.02.2010;0,0000363871;37,92;0,1696375500;153.008,98;0;EUR
Muster ausgewogen cVV;22.02.2010;-0,0010481057;-1.092,34;0,1684344733;151.916,64;-0,001143400;EUR
Muster ausgewogen cVV;23.02.2010;-0,0037870292;-3.942,73;0,1640707686;147.973,91;-0,003933337;EUR
Muster ausgewogen cVV;24.02.2010;0,0000828709;85,95;0,1641737456;148.059,86;0,001485956;EUR
Muster ausgewogen cVV;25.02.2010;-0,0064392597;-6.679,18;0,1567749301;141.380,68;-0,003266816;EUR
Muster ausgewogen cVV;26.02.2010;0,0048141107;4.961,32;0,1622839560;146.342,00;0,002967381;EUR
Muster ausgewogen cVV;27.02.2010;0,0000381667;39,52;0,1623277847;146.381,53;0;EUR
Muster ausgewogen cVV;28.02.2010;0,0000381652;39,52;0,1623716134;146.421,05;0;EUR
Muster ausgewogen cVV;01.03.2010;0,0073489985;7.610,77;0,1708193012;154.031,82;0,010011095;EUR
Muster ausgewogen cVV;02.03.2010;0,0050395951;5.257,46;0,1766578016;159.289,28;0,003169313;EUR
Muster ausgewogen cVV;03.03.2010;0,0022574140;2.366,87;0,1792908634;161.656,15;0,000929782;EUR
Muster ausgewogen cVV;04.03.2010;-0,0019668624;-2.066,89;0,1770064610;159.589,26;0,000646004;EUR
Muster ausgewogen cVV;05.03.2010;0,0063659676;6.676,55;0,1844199116;166.265,81;0,006343569;EUR
Muster ausgewogen cVV;06.03.2010;0,0000373894;39,46;0,1844636836;166.305,28;0;EUR
Muster ausgewogen cVV;07.03.2010;0,0000373785;39,45;0,1845074446;166.344,73;0;EUR
Muster ausgewogen cVV;08.03.2010;0,0025786005;2.721,83;0,1875347800;169.066,55;0,000459479;EUR
Muster ausgewogen cVV;09.03.2010;0,0011563988;1.223,78;0,1889005667;170.290,33;0,002325506;EUR
Muster ausgewogen cVV;10.03.2010;0,0037581162;3.981,68;0,1933258592;174.272,01;0,001586055;EUR
Muster ausgewogen cVV;11.03.2010;-0,0022504384;-2.393,28;0,1906792178;171.878,74;-0,000520501;EUR
Muster ausgewogen cVV;12.03.2010;-0,0002040283;-216,49;0,1904472854;171.662,25;0,000153383;EUR
Muster ausgewogen cVV;13.03.2010;0,0000371992;39,46;0,1904910670;171.701,71;0;EUR
Muster ausgewogen cVV;14.03.2010;0,0000371884;39,45;0,1905348376;171.741,17;0;EUR
Muster ausgewogen cVV;15.03.2010;-0,0014326178;-1.519,92;0,1888567080;170.221,24;-0,000370687;EUR
Muster ausgewogen cVV;16.03.2010;0,0042471977;4.499,57;0,1938571571;174.720,81;0,003756984;EUR
Muster ausgewogen cVV;17.03.2010;0,0054063316;5.751,90;0,2002475368;180.472,71;0,005337868;EUR
Muster ausgewogen cVV;18.03.2010;0,0000948974;101,51;0,2003686190;180.574,22;0,000623434;EUR
Muster ausgewogen cVV;19.03.2010;-0,0019050428;-2.037,96;0,1981155591;178.536,26;-0,001155650;EUR
Muster ausgewogen cVV;20.03.2010;0,0000369597;39,46;0,1981593500;178.575,72;0;EUR
Muster ausgewogen cVV;21.03.2010;0,0000369583;39,46;0,1982031409;178.615,18;0;EUR
Muster ausgewogen cVV;22.03.2010;-0,0004559336;-486,85;0,1976711309;178.128,33;0,001635784;EUR
Muster ausgewogen cVV;23.03.2010;0,0037864580;4.041,39;0,2021642768;182.169,72;0,002981195;EUR
Muster ausgewogen cVV;24.03.2010;0,0012857115;1.377,47;0,2037013153;183.547,19;0,001745184;EUR
Muster ausgewogen cVV;25.03.2010;0,0040863560;4.383,62;0,2085748013;187.930,81;0,003214883;EUR
Muster ausgewogen cVV;26.03.2010;-0,0023959357;-2.580,73;0,2057189359;185.350,08;-0,001442136;EUR
Muster ausgewogen cVV;27.03.2010;0,0000367253;39,46;0,2057627358;185.389,54;0;EUR
Muster ausgewogen cVV;28.03.2010;0,0000367240;39,46;0,2058065357;185.429,01;0;EUR
Muster ausgewogen cVV;29.03.2010;0,0030716003;3.300,83;0,2094785628;188.729,83;0,002801436;EUR
Muster ausgewogen cVV;30.03.2010;0,0007141649;769,82;0,2103414565;189.499,65;0,000808919;EUR
Muster ausgewogen cVV;31.03.2010;0,0008617303;929,55;0,2113816704;190.429,20;-0,001114091;EUR
Muster ausgewogen cVV;01.04.2010;0,0066264488;7.154,10;0,2193316145;197.583,30;0,006026922;EUR
Muster ausgewogen cVV;02.04.2010;0,0000356960;38,79;0,2193833236;197.622,09;0,000127013;EUR
Muster ausgewogen cVV;03.04.2010;0,0000363106;39,46;0,2194271323;197.661,56;0;EUR
Muster ausgewogen cVV;04.04.2010;0,0000363093;39,46;0,2194709409;197.701,02;0;EUR
Muster ausgewogen cVV;05.04.2010;0,0000317436;34,50;0,2195178406;197.735,52;0,001529835;EUR
Muster ausgewogen cVV;06.04.2010;0,0028607057;3.109,40;0,2229784490;200.844,92;0,002172020;EUR
Muster ausgewogen cVV;07.04.2010;-0,0010230941;-1.115,22;0,2217489141;199.729,70;-0,000613625;EUR
Muster ausgewogen cVV;08.04.2010;-0,0038703462;-4.214,53;0,2170781034;195.515,17;-0,001834451;EUR
Muster ausgewogen cVV;09.04.2010;0,0059320472;6.434,57;0,2242309069;201.949,75;0,002640537;EUR
Muster ausgewogen cVV;10.04.2010;0,0000361666;39,46;0,2242747240;201.989,21;0;EUR
Muster ausgewogen cVV;11.04.2010;0,0000361653;39,46;0,2243185411;202.028,67;0;EUR
Muster ausgewogen cVV;12.04.2010;-0,0015324154;-1.672,21;0,2224702880;200.356,46;-0,001952496;EUR
Muster ausgewogen cVV;13.04.2010;-0,0020088289;-2.188,73;0,2200482972;198.167,73;0,000160038;EUR
Muster ausgewogen cVV;14.04.2010;0,0025668131;2.791,07;0,2231559199;200.958,80;0,003991528;EUR
Muster ausgewogen cVV;15.04.2010;0,0017113258;1.865,61;0,2252360137;202.824,41;0,002436473;EUR
Muster ausgewogen cVV;16.04.2010;-0,0044962114;-4.909,97;0,2197916660;197.914,44;-0,005862189;EUR
Muster ausgewogen cVV;17.04.2010;0,0000363009;39,46;0,2198354914;197.953,91;0;EUR
Muster ausgewogen cVV;18.04.2010;0,0000362995;39,46;0,2198793168;197.993,37;0;EUR
Muster ausgewogen cVV;19.04.2010;-0,0054002594;-5.871,12;0,2133670845;192.122,25;-0,000704492;EUR
Muster ausgewogen cVV;20.04.2010;0,0063049466;6.817,67;0,2209467585;198.939,92;0,005948315;EUR
Muster ausgewogen cVV;21.04.2010;-0,0021799652;-2.372,10;0,2183202136;196.567,82;-0,000086215;EUR
Muster ausgewogen cVV;22.04.2010;-0,0047055826;-5.109,16;0,2126533750;191.458,65;-0,002031331;EUR
Muster ausgewogen cVV;23.04.2010;0,0043200785;4.668,53;0,2178465656;196.127,18;0,003494557;EUR
Muster ausgewogen cVV;24.04.2010;0,0000363606;39,46;0,2178903989;196.166,64;0;EUR
Muster ausgewogen cVV;25.04.2010;0,0000363593;39,46;0,2179342323;196.206,11;0;EUR
Muster ausgewogen cVV;26.04.2010;0,0040764600;4.424,61;0,2228568171;200.630,71;0,004628858;EUR
Muster ausgewogen cVV;27.04.2010;-0,0104638314;-11.403,79;0,2101971903;189.226,92;-0,010951575;EUR
Muster ausgewogen cVV;28.04.2010;-0,0062892497;-6.782,49;0,2026702423;182.444,43;-0,003173182;EUR
Muster ausgewogen cVV;29.04.2010;0,0034278959;3.673,48;0,2067582501;186.117,92;0,004687650;EUR
Muster ausgewogen cVV;30.04.2010;-0,0002625365;-282,31;0,2064518639;185.835,61;-0,002231205;EUR
Muster ausgewogen cVV;01.05.2010;0,0000366994;39,45;0,2064956939;185.875,06;0;EUR
Muster ausgewogen cVV;02.05.2010;0,0000395909;42,56;0,2065429790;185.917,62;0;EUR
Muster ausgewogen cVV;03.05.2010;-0,0006955915;-747,84;0,2057193378;185.169,78;0,003781101;EUR
Muster ausgewogen cVV;04.05.2010;-0,0078845592;-8.470,92;0,1963151375;176.698,86;-0,008098260;EUR
Muster ausgewogen cVV;05.05.2010;-0,0029494830;-3.143,85;0,1928289153;173.555,01;-0,000098290;EUR
Muster ausgewogen cVV;06.05.2010;-0,0020442062;-2.172,49;0,1904216849;171.382,52;-0,004565301;EUR
Muster ausgewogen cVV;07.05.2010;-0,0161856756;-17.166,23;0,1713542700;154.216,30;-0,014338963;EUR
Muster ausgewogen cVV;08.05.2010;0,0000407922;42,56;0,1714015631;154.258,86;0;EUR
Muster ausgewogen cVV;09.05.2010;0,0000407905;42,56;0,1714488563;154.301,42;0;EUR
Muster ausgewogen cVV;10.05.2010;0,0192570319;20.094,72;0,1937832490;174.396,14;0,020483806;EUR
Muster ausgewogen cVV;11.05.2010;0,0039628828;4.214,90;0,1984733913;178.611,04;0,001967036;EUR
Muster ausgewogen cVV;12.05.2010;0,0084440853;9.016,68;0,2084997438;187.627,72;0,009962394;EUR
Muster ausgewogen cVV;13.05.2010;0,0032034659;3.449,58;0,2123401268;191.077,30;0,004596320;EUR
Muster ausgewogen cVV;14.05.2010;-0,0087976511;-9.503,89;0,2017853345;181.573,40;-0,010170840;EUR
Muster ausgewogen cVV;15.05.2010;0,0000348342;37,30;0,2018267860;181.610,70;0;EUR
Muster ausgewogen cVV;16.05.2010;0,0000348329;37,30;0,2018682375;181.648,00;0;EUR
Muster ausgewogen cVV;17.05.2010;-0,0014036251;-1.503,07;0,2002044468;180.144,94;-0,000004789;EUR
Muster ausgewogen cVV;18.05.2010;0,0048834046;5.222,04;0,2060147149;185.366,97;0,002581000;EUR
Muster ausgewogen cVV;19.05.2010;-0,0117309547;-12.605,68;0,1920111572;172.761,29;-0,009036004;EUR
Muster ausgewogen cVV;20.05.2010;-0,0115668887;-12.283,57;0,1783646661;160.477,72;-0,011166650;EUR
Muster ausgewogen cVV;21.05.2010;-0,0046550482;-4.886,29;0,1729393114;155.591,42;-0,004483911;EUR
Muster ausgewogen cVV;22.05.2010;0,0000357004;37,30;0,1729807696;155.628,72;0;EUR
Muster ausgewogen cVV;23.05.2010;0,0000356991;37,30;0,1730222278;155.666,02;0;EUR
Muster ausgewogen cVV;24.05.2010;0,0003011650;314,68;0,1733775430;155.980,70;0,000425345;EUR
Muster ausgewogen cVV;25.05.2010;-0,0071135792;-7.434,97;0,1651185986;148.545,73;-0,006066958;EUR
Muster ausgewogen cVV;26.05.2010;0,0097922168;10.161,82;0,1764197356;158.707,55;0,004256075;EUR
Muster ausgewogen cVV;27.05.2010;0,0114237644;11.971,04;0,1897327487;170.678,59;0,013456016;EUR
Muster ausgewogen cVV;28.05.2010;0,0024027470;2.546,62;0,1925696995;173.225,20;-0,001402997;EUR
Muster ausgewogen cVV;29.05.2010;0,0000351079;37,30;0,1926111643;173.262,50;0;EUR
Muster ausgewogen cVV;30.05.2010;0,0000351066;37,30;0,1926526291;173.299,80;0;EUR
Muster ausgewogen cVV;31.05.2010;0,0004234906;449,96;0,1931588561;173.749,76;0,002406095;EUR
Muster ausgewogen cVV;01.06.2010;0,0000741723;78,84;0,1932524961;173.828,60;-0,001976623;EUR
Muster ausgewogen cVV;02.06.2010;-0,0001288000;-136,92;0,1931062336;173.691,68;0,004169887;EUR
Muster ausgewogen cVV;03.06.2010;0,0049988076;5.313,19;0,1990194093;179.004,87;0,005712485;EUR
Muster ausgewogen cVV;04.06.2010;-0,0040764853;-4.354,52;0,1941839385;174.650,35;-0,006403550;EUR
Muster ausgewogen cVV;05.06.2010;0,0000427655;45,50;0,1942345230;174.695,85;0;EUR
Muster ausgewogen cVV;06.06.2010;0,0000427637;45,50;0,1942851075;174.741,34;0;EUR
Muster ausgewogen cVV;07.06.2010;-0,0040229024;-4.280,13;0,1895320255;170.461,22;-0,003608182;EUR
Muster ausgewogen cVV;08.06.2010;-0,0022608078;-2.395,69;0,1868739548;168.065,53;-0,000303801;EUR
Muster ausgewogen cVV;09.06.2010;0,0081677850;8.635,51;0,1964817726;176.701,04;0,002635003;EUR
Muster ausgewogen cVV;10.06.2010;0,0052448724;5.590,51;0,2027041630;182.291,55;0,006844434;EUR
Muster ausgewogen cVV;11.06.2010;0,0010471557;1.122,02;0,2039578810;183.413,56;0,002532603;EUR
Muster ausgewogen cVV;12.06.2010;0,0000424161;45,50;0,2040084731;183.459,06;0;EUR
Muster ausgewogen cVV;13.06.2010;0,0000424143;45,50;0,2040590652;183.504,55;0;EUR
Muster ausgewogen cVV;14.06.2010;0,0057512448;6.169,38;0,2109257164;189.673,93;0,001195332;EUR
Muster ausgewogen cVV;15.06.2010;0,0035814384;3.863,92;0,2152288882;193.537,85;0,005064145;EUR
Muster ausgewogen cVV;16.06.2010;0,0017535689;1.898,65;0,2173466925;195.436,50;0,001432329;EUR
Muster ausgewogen cVV;17.06.2010;0,0013637188;1.479,14;0,2189980263;196.915,64;0,000802337;EUR
Muster ausgewogen cVV;18.06.2010;-0,0020284662;-2.203,15;0,2165540838;194.712,50;-0,001801637;EUR
Muster ausgewogen cVV;19.06.2010;0,0000419739;45,50;0,2166046833;194.757,99;0;EUR
Muster ausgewogen cVV;20.06.2010;0,0000419722;45,50;0,2166552828;194.803,49;0;EUR
Muster ausgewogen cVV;21.06.2010;0,0061012188;6.613,74;0,2240173541;201.417,22;0,003925761;EUR
Muster ausgewogen cVV;22.06.2010;-0,0015640070;-1.705,73;0,2221265933;199.711,49;-0,001148361;EUR
Muster ausgewogen cVV;23.06.2010;-0,0023831045;-2.594,99;0,2192465995;197.116,50;-0,003146780;EUR
Muster ausgewogen cVV;24.06.2010;-0,0066483169;-7.222,17;0,2112195929;189.894,34;-0,007002168;EUR
Muster ausgewogen cVV;25.06.2010;-0,0023085553;-2.491,15;0,2084545688;187.403,19;-0,002456884;EUR
Muster ausgewogen cVV;26.06.2010;0,0000422589;45,50;0,2085051755;187.448,69;0;EUR
Muster ausgewogen cVV;27.06.2010;0,0000422571;45,50;0,2085557822;187.494,18;0;EUR
Muster ausgewogen cVV;28.06.2010;0,0049770288;5.358,73;0,2145224911;192.852,91;0,004064724;EUR
Muster ausgewogen cVV;29.06.2010;-0,0106549931;-11.529,25;0,2017034045;181.323,66;-0,012739705;EUR
Muster ausgewogen cVV;30.06.2010;-0,0020806357;-2.227,37;0,1992312278;179.096,29;-0,002860898;EUR
Muster ausgewogen cVV;01.07.2010;-0,0080920992;-8.644,75;0,1896198304;170.451,54;-0,010301048;EUR
Muster ausgewogen cVV;02.07.2010;-0,0038234796;-4.051,55;0,1851177478;166.399,99;-0,004065168;EUR
Muster ausgewogen cVV;03.07.2010;0,0000428913;45,28;0,1851681167;166.445,27;0;EUR
Muster ausgewogen cVV;04.07.2010;0,0000428800;45,27;0,1852184746;166.490,53;0;EUR
Muster ausgewogen cVV;05.07.2010;-0,0009375850;-989,80;0,1841223740;165.500,74;0,000829002;EUR
Muster ausgewogen cVV;06.07.2010;0,0075640962;7.977,85;0,1930031192;173.478,58;0,006558885;EUR
Muster ausgewogen cVV;07.07.2010;0,0032312430;3.433,77;0,1968286796;176.912,35;0,007161124;EUR
Muster ausgewogen cVV;08.07.2010;0,0049318811;5.257,93;0,2026839989;182.170,29;0,003347135;EUR
Muster ausgewogen cVV;09.07.2010;0,0024832568;2.660,48;0,2056495873;184.830,77;0,003469102;EUR
Muster ausgewogen cVV;10.07.2010;0,0000421460;45,27;0,2056999520;184.876,04;0;EUR
Muster ausgewogen cVV;11.07.2010;0,0000421535;45,28;0,2057503278;184.921,31;0;EUR
Muster ausgewogen cVV;12.07.2010;0,0023024759;2.473,14;0,2085075929;187.394,45;0,002831868;EUR
Muster ausgewogen cVV;13.07.2010;0,0052597438;5.662,60;0,2148138877;193.057,05;0,006448415;EUR
Muster ausgewogen cVV;14.07.2010;-0,0014175986;-1.534,20;0,2131124129;191.522,85;-0,000141525;EUR
Muster ausgewogen cVV;15.07.2010;-0,0028509838;-3.081,12;0,2096894825;188.441,73;-0,005554736;EUR
Muster ausgewogen cVV;16.07.2010;-0,0090959118;-9.802,12;0,1987873193;178.639,61;-0,010375676;EUR
Muster ausgewogen cVV;17.07.2010;0,0000423903;45,27;0,1988376906;178.684,87;0;EUR
Muster ausgewogen cVV;18.07.2010;0,0000423979;45,28;0,1988880731;178.730,15;0;EUR
Muster ausgewogen cVV;19.07.2010;-0,0028585832;-3.052,76;0,1954960936;175.677,38;-0,002600549;EUR
Muster ausgewogen cVV;20.07.2010;-0,0000588454;-62,66;0,1954314223;175.614,72;0,001577920;EUR
Muster ausgewogen cVV;21.07.2010;0,0055755758;5.936,95;0,2020435139;181.551,67;0,001780584;EUR
Muster ausgewogen cVV;22.07.2010;0,0078175169;8.370,61;0,2113643395;189.922,28;0,009860227;EUR
Muster ausgewogen cVV;23.07.2010;0,0012971534;1.399,79;0,2129275932;191.322,06;0,003693548;EUR
Muster ausgewogen cVV;24.07.2010;0,0000418928;45,27;0,2129779710;191.367,33;0;EUR
Muster ausgewogen cVV;25.07.2010;0,0000419003;45,28;0,2130283599;191.412,61;0;EUR
Muster ausgewogen cVV;26.07.2010;0,0010579350;1.143,22;0,2143061193;192.555,82;0,000452287;EUR
Muster ausgewogen cVV;27.07.2010;0,0006215678;672,38;0,2150598876;193.228,21;0,000120363;EUR
Muster ausgewogen cVV;28.07.2010;-0,0019220548;-2.080,48;0,2127496927;191.147,72;-0,001446317;EUR
Muster ausgewogen cVV;29.07.2010;-0,0020096753;-2.171,15;0,2103384457;188.976,58;-0,002690793;EUR
Muster ausgewogen cVV;30.07.2010;-0,0009654270;-1.040,90;0,2091850932;187.935,68;0,002126070;EUR
Muster ausgewogen cVV;31.07.2010;0,0000420338;45,28;0,2092354885;187.980,95;0;EUR
Muster ausgewogen cVV;01.08.2010;0,0000420227;45,27;0,2092858726;188.026,22;0;EUR
Muster ausgewogen cVV;02.08.2010;0,0087407857;9.415,79;0,2197717332;197.442,01;0,008874963;EUR
Muster ausgewogen cVV;03.08.2010;-0,0000434088;-47,17;0,2197246488;197.394,84;0,001987098;EUR
Muster ausgewogen cVV;04.08.2010;0,0019432993;2.111,58;0,2220805445;199.506,42;0,002719005;EUR
Muster ausgewogen cVV;05.08.2010;0,0003619185;394,02;0,2225245875;199.900,44;0,000525540;EUR
Muster ausgewogen cVV;06.08.2010;-0,0040750962;-4.438,18;0,2175893937;195.462,26;-0,004913614;EUR
Muster ausgewogen cVV;07.08.2010;0,0000418159;45,36;0,2176398842;195.507,61;0;EUR
Muster ausgewogen cVV;08.08.2010;0,0000418141;45,36;0,2176903747;195.552,97;0;EUR
Muster ausgewogen cVV;09.08.2010;0,0036894786;4.002,17;0,2221509815;199.555,14;0,006137301;EUR
Muster ausgewogen cVV;10.08.2010;-0,0021865479;-2.380,61;0,2195060966;197.174,53;-0,002132306;EUR
Muster ausgewogen cVV;11.08.2010;-0,0044514347;-4.835,92;0,2141276038;192.338,61;-0,006344730;EUR
Muster ausgewogen cVV;12.08.2010;-0,0003564014;-385,46;0,2137035744;191.953,14;-0,001246550;EUR
Muster ausgewogen cVV;13.08.2010;-0,0000348223;-37,65;0,2136667342;191.915,50;0,000326830;EUR
Muster ausgewogen cVV;14.08.2010;0,0000419530;45,36;0,2137172308;191.960,85;0;EUR
Muster ausgewogen cVV;15.08.2010;0,0000419420;45,35;0,2137677162;192.006,20;0;EUR
Muster ausgewogen cVV;16.08.2010;0,0001373919;148,55;0,2139381578;192.154,75;-0,000318939;EUR
Muster ausgewogen cVV;17.08.2010;0,0047235593;5.107,84;0,2196302066;197.262,59;0,005768664;EUR
Muster ausgewogen cVV;18.08.2010;0,0005062447;550,02;0,2202477453;197.812,60;0,000803910;EUR
Muster ausgewogen cVV;19.08.2010;-0,0028687542;-3.118,37;0,2167807557;194.694,23;-0,007215482;EUR
Muster ausgewogen cVV;20.08.2010;-0,0052018217;-5.638,22;0,2105078093;189.056,01;-0,001529374;EUR
Muster ausgewogen cVV;21.08.2010;0,0000420550;45,35;0,2105583006;189.101,36;0;EUR
Muster ausgewogen cVV;22.08.2010;0,0000420625;45,36;0,2106088031;189.146,72;0;EUR
Muster ausgewogen cVV;23.08.2010;0,0021122671;2.277,75;0,2131499306;191.424,47;0,000699909;EUR
Muster ausgewogen cVV;24.08.2010;-0,0056470489;-6.102,33;0,2063597649;185.322,14;-0,005350510;EUR
Muster ausgewogen cVV;25.08.2010;-0,0035471948;-3.811,54;0,2021201712;181.510,60;-0,001693539;EUR
Muster ausgewogen cVV;26.08.2010;0,0024254492;2.573,79;0,2049959138;184.084,39;-0,001224113;EUR
Muster ausgewogen cVV;27.08.2010;0,0011444574;1.217,40;0,2063613388;185.301,79;0,004000466;EUR
Muster ausgewogen cVV;28.08.2010;0,0000425898;45,36;0,2064118495;185.347,14;0;EUR
Muster ausgewogen cVV;29.08.2010;0,0000425880;45,36;0,2064623603;185.392,50;0;EUR
Muster ausgewogen cVV;30.08.2010;0,0018426232;1.962,47;0,2086576626;187.354,97;-0,001136776;EUR
Muster ausgewogen cVV;31.08.2010;-0,0000043917;-4,69;0,2086621973;187.350,28;-0,000070254;EUR
Muster ausgewogen cVV;01.09.2010;0,0085690636;9.143,18;0,2188556408;196.493,47;0,009902362;EUR
Muster ausgewogen cVV;02.09.2010;0,0019417265;2.089,57;0,2211932668;198.583,04;0,001052928;EUR
Muster ausgewogen cVV;03.09.2010;0,0036808808;3.968,84;0,2256243970;202.551,88;0,003394655;EUR
Muster ausgewogen cVV;04.09.2010;0,0000419109;45,36;0,2256749195;202.597,24;0;EUR
Muster ausgewogen cVV;05.09.2010;0,0000418999;45,35;0,2257254309;202.642,58;0;EUR
Muster ausgewogen cVV;06.09.2010;0,0021174646;2.291,71;0,2282886708;204.934,30;0,002366276;EUR
Muster ausgewogen cVV;07.09.2010;-0,0010915865;-1.183,92;0,2269802072;203.750,38;0,000650105;EUR
Muster ausgewogen cVV;08.09.2010;0,0031062580;3.365,32;0,2307397049;207.115,70;0,001375320;EUR
Muster ausgewogen cVV;09.09.2010;0,0020427877;2.220,03;0,2332235167;209.335,73;0,003027425;EUR
Muster ausgewogen cVV;10.09.2010;-0,0010340133;-1.126,02;0,2319794577;208.209,70;-0,000723562;EUR
Muster ausgewogen cVV;11.09.2010;0,0000416929;45,36;0,2320299917;208.255,06;0;EUR
Muster ausgewogen cVV;12.09.2010;0,0000416820;45,35;0,2320805145;208.300,41;0;EUR
Muster ausgewogen cVV;13.09.2010;0,0027094382;2.947,73;0,2353753307;211.248,14;0,002667197;EUR
Muster ausgewogen cVV;14.09.2010;0,0003057176;333,51;0,2357574622;211.581,64;0,000295754;EUR
Muster ausgewogen cVV;15.09.2010;-0,0035698795;-3.895,56;0,2314270800;207.686,08;-0,002140355;EUR
Muster ausgewogen cVV;16.09.2010;-0,0017853288;-1.941,25;0,2292740759;205.744,83;-0,003788669;EUR
Muster ausgewogen cVV;17.09.2010;-0,0033166914;-3.599,92;0,2252724020;202.144,92;0,000010973;EUR
Muster ausgewogen cVV;18.09.2010;0,0000501342;54,23;0,2253328419;202.199,15;0;EUR
Muster ausgewogen cVV;19.09.2010;0,0000501410;54,24;0,2253932930;202.253,40;0;EUR
Muster ausgewogen cVV;20.09.2010;0,0045839492;4.959,38;0,2309302204;207.212,78;0,005366548;EUR
Muster ausgewogen cVV;21.09.2010;-0,0004467165;-485,52;0,2303991988;206.727,26;-0,001636584;EUR
Muster ausgewogen cVV;22.09.2010;-0,0040275487;-4.375,43;0,2255325576;202.351,83;-0,005775611;EUR
Muster ausgewogen cVV;23.09.2010;-0,0021883206;-2.367,76;0,2229032071;199.984,07;0,000142815;EUR
Muster ausgewogen cVV;24.09.2010;0,0047738293;5.153,98;0,2286577242;205.138,05;0,005049084;EUR
Muster ausgewogen cVV;25.09.2010;0,0000500051;54,24;0,2287181885;205.192,29;0;EUR
Muster ausgewogen cVV;26.09.2010;0,0000500026;54,24;0,2287786527;205.246,54;0;EUR
Muster ausgewogen cVV;27.09.2010;-0,0003128047;-339,36;0,2284101927;204.907,18;-0,000069296;EUR
Muster ausgewogen cVV;28.09.2010;-0,0008111390;-879,73;0,2274392867;204.027,45;-0,000443158;EUR
Muster ausgewogen cVV;29.09.2010;-0,0020325059;-2.202,58;0,2249935443;201.824,87;-0,002739722;EUR
Muster ausgewogen cVV;30.09.2010;-0,0009456986;-1.022,75;0,2238628778;200.802,13;-0,003458791;EUR
Muster ausgewogen cVV;01.10.2010;-0,0010309613;-1.113,90;0,2226304465;199.688,22;-0,001612618;EUR
Muster ausgewogen cVV;02.10.2010;0,0000489420;52,82;0,2226893405;199.741,05;0;EUR
Muster ausgewogen cVV;03.10.2010;0,0000489396;52,82;0,2227482345;199.793,87;0;EUR
Muster ausgewogen cVV;04.10.2010;-0,0022901382;-2.472,07;0,2200013895;197.321,80;-0,002774015;EUR
Muster ausgewogen cVV;05.10.2010;0,0035855124;3.861,49;0,2243160951;201.183,29;0,005441114;EUR
Muster ausgewogen cVV;06.10.2010;0,0063581174;6.872,06;0,2319879921;208.055,35;0,004097510;EUR
Muster ausgewogen cVV;07.10.2010;-0,0020162131;-2.193,04;0,2295522051;205.862,31;-0,000940459;EUR
Muster ausgewogen cVV;08.10.2010;0,0015320737;1.663,08;0,2314162285;207.525,39;0,002106642;EUR
Muster ausgewogen cVV;09.10.2010;0,0000485892;52,82;0,2314751347;207.578,21;0;EUR
Muster ausgewogen cVV;10.10.2010;0,0000485868;52,82;0,2315340410;207.631,04;0;EUR
Muster ausgewogen cVV;11.10.2010;-0,0001265565;-137,60;0,2313901143;207.493,44;0,001560816;EUR
Muster ausgewogen cVV;12.10.2010;-0,0010684537;-1.161,56;0,2301042017;206.331,87;0,001207562;EUR
Muster ausgewogen cVV;13.10.2010;0,0067943606;7.378,54;0,2383425773;213.710,42;0,005393599;EUR
Muster ausgewogen cVV;14.10.2010;0,0016420723;1.795,37;0,2403546462;215.505,79;-0,000868531;EUR
Muster ausgewogen cVV;15.10.2010;0,0025142487;2.753,49;0,2434354712;218.259,28;0,001320496;EUR
Muster ausgewogen cVV;16.10.2010;0,0000481142;52,82;0,2434943895;218.312,11;0;EUR
Muster ausgewogen cVV;17.10.2010;0,0000481118;52,82;0,2435533077;218.364,93;0;EUR
Muster ausgewogen cVV;18.10.2010;0,0019913793;2.186,56;0,2460019943;220.551,50;0,001705896;EUR
Muster ausgewogen cVV;19.10.2010;-0,0034309565;-3.774,74;0,2418013645;216.776,76;-0,002281939;EUR
Muster ausgewogen cVV;20.10.2010;0,0020830989;2.283,96;0,2443587431;219.060,72;-0,000425651;EUR
Muster ausgewogen cVV;21.10.2010;0,0015226872;1.672,99;0,2462347277;220.733,71;0,002605776;EUR
Muster ausgewogen cVV;22.10.2010;-0,0016644939;-1.831,58;0,2442012165;218.902,13;0,000657140;EUR
Muster ausgewogen cVV;23.10.2010;0,0000480860;52,82;0,2442601465;218.954,96;0;EUR
Muster ausgewogen cVV;24.10.2010;0,0000480746;52,81;0,2443190654;219.007,77;0;EUR
Muster ausgewogen cVV;25.10.2010;0,0020950764;2.301,77;0,2468965905;221.309,54;0,002497709;EUR
Muster ausgewogen cVV;26.10.2010;-0,0017326898;-1.907,62;0,2447780292;219.401,92;-0,001212799;EUR
Muster ausgewogen cVV;27.10.2010;-0,0015654862;-1.720,55;0,2428679768;217.681,37;-0,002830638;EUR
Muster ausgewogen cVV;28.10.2010;0,0031715479;3.480,24;0,2467604970;221.161,61;0,000328379;EUR
Muster ausgewogen cVV;29.10.2010;0,0020675974;2.276,03;0,2493096415;223.437,64;0,001342969;EUR
Muster ausgewogen cVV;30.10.2010;0,0000478883;52,82;0,2493685830;223.490,47;0;EUR
Muster ausgewogen cVV;31.10.2010;0,0000398282;43,94;0,2494176065;223.534,40;0;EUR
Muster ausgewogen cVV;01.11.2010;-0,0012504802;-1.379,51;0,2478879354;222.154,89;0,001597467;EUR
Muster ausgewogen cVV;02.11.2010;0,0070568902;7.775,31;0,2565737528;229.930,20;0,001203807;EUR
Muster ausgewogen cVV;03.11.2010;-0,0027317712;-3.031,12;0,2532010977;226.899,08;-0,000055971;EUR
Muster ausgewogen cVV;04.11.2010;0,0095690872;10.588,65;0,2650272893;237.487,74;0,007701808;EUR
Muster ausgewogen cVV;05.11.2010;0,0044103818;4.927,00;0,2705359081;242.414,74;0,004390413;EUR
Muster ausgewogen cVV;06.11.2010;0,0000462050;51,84;0,2705937672;242.466,58;0;EUR
Muster ausgewogen cVV;07.11.2010;0,0000462028;51,84;0,2706516264;242.518,43;0;EUR
Muster ausgewogen cVV;08.11.2010;0,0013837847;1.552,84;0,2723949040;244.071,26;0,001794540;EUR
Muster ausgewogen cVV;09.11.2010;0,0034491956;3.875,93;0,2767310478;247.947,19;0,000497853;EUR
Muster ausgewogen cVV;10.11.2010;-0,0050884049;-5.737,66;0,2703374478;242.209,53;-0,000488660;EUR
Muster ausgewogen cVV;11.11.2010;0,0003106446;348,50;0,2707365347;242.558,03;0,000223816;EUR
Muster ausgewogen cVV;12.11.2010;-0,0012565075;-1.410,06;0,2691726805;241.147,97;-0,004385913;EUR
Muster ausgewogen cVV;13.11.2010;0,0000462572;51,84;0,2692305505;241.199,81;0;EUR
Muster ausgewogen cVV;14.11.2010;0,0000462551;51,84;0,2692884205;241.251,66;0;EUR
Muster ausgewogen cVV;15.11.2010;0,0018747778;2.101,44;0,2716441440;243.353,10;0,003043264;EUR
Muster ausgewogen cVV;16.11.2010;-0,0091466284;-10.271,68;0,2601879316;233.081,42;-0,009634289;EUR
Muster ausgewogen cVV;17.11.2010;0,0010718357;1.192,66;0,2615289130;234.274,08;0,002476898;EUR
Muster ausgewogen cVV;18.11.2010;0,0069448712;7.736,05;0,2701748487;242.010,13;0,006049714;EUR
Muster ausgewogen cVV;19.11.2010;-0,0011264270;-1.263,47;0,2687741437;240.746,66;-0,000743025;EUR
Muster ausgewogen cVV;20.11.2010;0,0000421567;47,23;0,2688268746;240.793,90;0;EUR
Muster ausgewogen cVV;21.11.2010;0,0000421638;47,24;0,2688796166;240.841,14;0;EUR
Muster ausgewogen cVV;22.11.2010;0,0004457647;499,47;0,2694470268;241.340,61;0,000732149;EUR
Muster ausgewogen cVV;23.11.2010;-0,0059634916;-6.685,01;0,2619929608;234.655,60;-0,003601594;EUR
Muster ausgewogen cVV;24.11.2010;0,0055473829;6.181,47;0,2689042645;240.837,07;0,005323248;EUR
Muster ausgewogen cVV;25.11.2010;0,0042928899;4.810,12;0,2742848032;245.647,20;0,002065690;EUR
Muster ausgewogen cVV;26.11.2010;-0,0032132428;-3.615,85;0,2702570781;242.031,35;-0,000920643;EUR
Muster ausgewogen cVV;27.11.2010;0,0000421173;47,24;0,2703098296;242.078,59;0;EUR
Muster ausgewogen cVV;28.11.2010;0,0000421156;47,24;0,2703625812;242.125,83;0;EUR
Muster ausgewogen cVV;29.11.2010;-0,0088094234;-9.882,19;0,2593371649;232.243,64;-0,005523893;EUR
Muster ausgewogen cVV;30.11.2010;0,0000693094;77,06;0,2594324200;232.320,71;0,000546101;EUR
Muster ausgewogen cVV;01.12.2010;0,0089580689;9.961,10;0,2705655319;242.281,81;0,008944377;EUR
Muster ausgewogen cVV;02.12.2010;0,0078588944;8.817,13;0,2804218350;251.098,94;0,004904257;EUR
Muster ausgewogen cVV;03.12.2010;-0,0000003372;-0,38;0,2804312368;251.098,56;-0,002139983;EUR
Muster ausgewogen cVV;04.12.2010;0,0000422129;47,73;0,2804845449;251.146,29;0;EUR
Muster ausgewogen cVV;05.12.2010;0,0000422023;47,72;0,2805378419;251.194,02;0;EUR
Muster ausgewogen cVV;06.12.2010;0,0003247582;367,25;0,2809578008;251.561,27;0,002944700;EUR
Muster ausgewogen cVV;07.12.2010;0,0024372003;2.756,99;0,2840468339;254.318,25;-0,000088162;EUR
Muster ausgewogen cVV;08.12.2010;0,0000208132;23,60;0,2840830331;254.341,85;-0,001490746;EUR
Muster ausgewogen cVV;09.12.2010;0,0007424990;841,99;0,2850333098;255.183,84;0,001352100;EUR
Muster ausgewogen cVV;10.12.2010;0,0009572259;1.086,29;0,2862565039;256.270,13;0,001311325;EUR
Muster ausgewogen cVV;11.12.2010;0,0000420208;47,73;0,2863098212;256.317,86;0;EUR
Muster ausgewogen cVV;12.12.2010;0,0000420102;47,72;0,2863631274;256.365,59;0;EUR
Muster ausgewogen cVV;13.12.2010;0,0024936040;2.832,77;0,2895372728;259.198,36;-0,000920534;EUR
Muster ausgewogen cVV;14.12.2010;-0,0002499400;-284,64;0,2892291738;258.913,71;-0,000361640;EUR
Muster ausgewogen cVV;15.12.2010;0,0005995279;682,60;0,2900015471;259.596,31;-0,000616541;EUR
Muster ausgewogen cVV;16.12.2010;-0,0009673468;-1.102,05;0,2887801951;258.494,27;0,002048474;EUR
Muster ausgewogen cVV;17.12.2010;-0,0028174909;-3.206,71;0,2852073924;255.287,56;-0,000150683;EUR
Muster ausgewogen cVV;18.12.2010;0,0000420571;47,73;0,2852607188;255.335,29;0;EUR
Muster ausgewogen cVV;19.12.2010;0,0000420466;47,72;0,2853140340;255.383,01;0;EUR
Muster ausgewogen cVV;20.12.2010;0,0048828685;5.542,21;0,2915155818;260.925,22;0,004364183;EUR
Muster ausgewogen cVV;21.12.2010;0,0041137908;4.692,08;0,2967676799;265.617,31;0,003483920;EUR
Muster ausgewogen cVV;22.12.2010;0,0020119541;2.304,22;0,2993521039;267.921,53;0,002202957;EUR
Muster ausgewogen cVV;23.12.2010;-0,0001694526;-194,46;0,2991447602;267.727,07;-0,000078629;EUR
Muster ausgewogen cVV;24.12.2010;-0,0001029705;-118,15;0,2990226354;267.608,93;-0,000797879;EUR
Muster ausgewogen cVV;25.12.2010;0,0000416055;47,73;0,2990759707;267.656,66;0;EUR
Muster ausgewogen cVV;26.12.2010;0,0000415950;47,72;0,2991292948;267.704,38;0;EUR
Muster ausgewogen cVV;27.12.2010;-0,0045742351;-5.248,26;0,2932746142;262.456,12;-0,004555255;EUR
Muster ausgewogen cVV;28.12.2010;0,0030410375;3.473,18;0,2971653805;265.929,30;0,002253031;EUR
Muster ausgewogen cVV;29.12.2010;0,0017222132;1.972,93;0,2993798352;267.902,23;0,001015272;EUR
Muster ausgewogen cVV;30.12.2010;-0,0038499752;-4.418,04;0,2944522739;263.484,19;-0,005038126;EUR
Muster ausgewogen cVV;31.12.2010;-0,0013449485;-1.537,46;0,2927436123;261.946,73;-0,001833794;EUR
Muster ausgewogen cVV;01.01.2011;0,0000418118;47,73;0,2927969564;261.994,47;0;EUR
Muster ausgewogen cVV;02.01.2011;0,0000418013;47,72;0,2928502892;262.042,19;0;EUR
Muster ausgewogen cVV;03.01.2011;0,0029214278;3.335,37;0,2965873770;265.377,55;0,006149145;EUR
Muster ausgewogen cVV;04.01.2011;-0,0031328036;-3.587,14;0,2925877855;261.790,41;0,001192986;EUR
Muster ausgewogen cVV;05.01.2011;-0,0033477192;-3.821,22;0,2883262807;257.969,19;-0,000278916;EUR
Muster ausgewogen cVV;06.01.2011;0,0028771182;3.273,06;0,2919938353;261.242,26;0,003756664;EUR
Muster ausgewogen cVV;07.01.2011;0,0006055283;690,84;0,2927753166;261.933,10;0,000155580;EUR
Muster ausgewogen cVV;08.01.2011;0,0000418123;47,73;0,2928286692;261.980,83;0;EUR
Muster ausgewogen cVV;09.01.2011;0,0000418018;47,72;0,2928820106;262.028,55;0;EUR
Muster ausgewogen cVV;10.01.2011;-0,0060759489;-6.936,77;0,2851374844;255.091,78;-0,003656511;EUR
Muster ausgewogen cVV;11.01.2011;0,0056448655;6.405,46;0,2923066361;261.497,24;0,003625795;EUR
Muster ausgewogen cVV;12.01.2011;0,0077938808;8.893,96;0,3022579839;270.391,19;0,003297069;EUR
Muster ausgewogen cVV;13.01.2011;-0,0031204570;-3.588,65;0,2982557471;266.802,54;-0,004414274;EUR
Muster ausgewogen cVV;14.01.2011;-0,0055984115;-6.418,31;0,2910898832;260.384,24;-0,000245394;EUR
Muster ausgewogen cVV;15.01.2011;0,0000418691;47,73;0,2911432442;260.431,97;0;EUR
Muster ausgewogen cVV;16.01.2011;0,0000418586;47,72;0,2911965940;260.479,69;0;EUR
Muster ausgewogen cVV;17.01.2011;0,0023905572;2.725,54;0,2942527019;263.205,23;0,001445316;EUR
Muster ausgewogen cVV;18.01.2011;0,0036703545;4.194,68;0,2989514516;267.399,91;0,000802020;EUR
Muster ausgewogen cVV;19.01.2011;-0,0021401724;-2.454,88;0,2962160594;264.945,03;-0,004737361;EUR
Muster ausgewogen cVV;20.01.2011;-0,0063209595;-7.234,93;0,2881360692;257.710,10;-0,004979486;EUR
Muster ausgewogen cVV;21.01.2011;0,0017044029;1.938,52;0,2903123561;259.648,62;-0,000529598;EUR
Muster ausgewogen cVV;22.01.2011;0,0000418962;47,73;0,2903657253;259.696,35;0;EUR
Muster ausgewogen cVV;23.01.2011;0,0000418856;47,72;0,2904190833;259.744,07;0;EUR
Muster ausgewogen cVV;24.01.2011;0,0026304463;2.997,11;0,2937791205;262.741,18;0,001245965;EUR
Muster ausgewogen cVV;25.01.2011;-0,0012899125;-1.473,58;0,2921403538;261.267,60;-0,000319392;EUR
Muster ausgewogen cVV;26.01.2011;0,0022310290;2.545,42;0,2949954978;263.813,02;0,002527943;EUR
Muster ausgewogen cVV;27.01.2011;0,0009209143;1.053,03;0,2961819450;264.866,05;-0,000221804;EUR
Muster ausgewogen cVV;28.01.2011;-0,0041962397;-4.802,66;0,2908202094;260.063,39;-0,002860948;EUR
Muster ausgewogen cVV;29.01.2011;0,0000418809;47,73;0,2908735867;260.111,12;0;EUR
Muster ausgewogen cVV;30.01.2011;0,0000418791;47,73;0,2909269640;260.158,85;0;EUR
Muster ausgewogen cVV;31.01.2011;-0,0009624464;-1.087,57;0,2897252961;259.071,28;-0,001097195;EUR
Muster ausgewogen cVV;01.02.2011;0,0067368150;7.605,33;0,2982454049;266.676,61;0,005857486;EUR
Muster ausgewogen cVV;02.02.2011;0,0031147193;3.539,96;0,3022194621;270.216,56;-0,000049655;EUR
Muster ausgewogen cVV;03.02.2011;0,0001934751;220,57;0,3024811631;270.437,14;0,004917861;EUR
Muster ausgewogen cVV;04.02.2011;0,0004667037;532,18;0,3030913754;270.969,31;0,000897722;EUR
Muster ausgewogen cVV;05.02.2011;0,0000420843;48,01;0,3031450774;271.017,33;0;EUR
Muster ausgewogen cVV;06.02.2011;0,0000420738;48,00;0,3031987681;271.065,33;0;EUR
Muster ausgewogen cVV;07.02.2011;0,0032649476;3.725,02;0,3073805127;274.790,35;0,005237652;EUR
Muster ausgewogen cVV;08.02.2011;-0,0018291667;-2.093,74;0,3050534278;272.696,61;0,000052826;EUR
Muster ausgewogen cVV;09.02.2011;-0,0036346866;-4.152,79;0,3004225717;268.543,82;-0,002475032;EUR
Muster ausgewogen cVV;10.02.2011;-0,0004636689;-527,84;0,2998466828;268.015,98;0,002166649;EUR
Muster ausgewogen cVV;11.02.2011;0,0042734066;4.862,56;0,3053015597;272.878,54;0,003630207;EUR
Muster ausgewogen cVV;12.02.2011;0,0000420140;48,01;0,3053552747;272.926,55;0;EUR
Muster ausgewogen cVV;13.02.2011;0,0000420035;48,00;0,3054089786;272.974,55;0;EUR
Muster ausgewogen cVV;14.02.2011;0,0048500238;5.542,72;0,3116253502;278.517,27;0,003333219;EUR
Muster ausgewogen cVV;15.02.2011;0,0003978663;456,90;0,3121516039;278.974,17;-0,001030836;EUR
Muster ausgewogen cVV;16.02.2011;-0,0005929160;-681,16;0,3114043968;278.293,01;0,002649286;EUR
Muster ausgewogen cVV;17.02.2011;0,0005007588;574,94;0,3120626801;278.867,96;0,002035520;EUR
Muster ausgewogen cVV;18.02.2011;0,0008597807;987,64;0,3131828227;279.855,60;-0,001417657;EUR
Muster ausgewogen cVV;19.02.2011;0,0000417503;48,00;0,3132365395;279.903,60;0;EUR
Muster ausgewogen cVV;20.02.2011;0,0000417573;48,01;0,3132902675;279.951,61;0;EUR
Muster ausgewogen cVV;21.02.2011;-0,0054698147;-6.289,20;0,3062666633;273.662,42;-0,003694988;EUR
Muster ausgewogen cVV;22.02.2011;-0,0002256099;-257,99;0,3059924285;273.404,43;-0,004120464;EUR
Muster ausgewogen cVV;23.02.2011;-0,0078154792;-8.935,07;0,2960063224;264.469,36;-0,007178306;EUR
Muster ausgewogen cVV;24.02.2011;-0,0038140068;-4.326,30;0,2911778218;260.143,06;-0,002999202;EUR
Muster ausgewogen cVV;25.02.2011;0,0041179140;4.653,21;0,2964000412;264.796,27;0,005333827;EUR
Muster ausgewogen cVV;26.02.2011;0,0000426666;48,41;0,2964542307;264.844,68;0;EUR
Muster ausgewogen cVV;27.02.2011;0,0000426736;48,42;0,2965084313;264.893,10;0;EUR
Muster ausgewogen cVV;28.02.2011;0,0049777311;5.648,44;0,3028451600;270.541,54;0,003772114;EUR
Muster ausgewogen cVV;01.03.2011;-0,0025117206;-2.864,34;0,2996527477;267.677,20;-0,004196298;EUR
Muster ausgewogen cVV;02.03.2011;-0,0031697588;-3.605,68;0,2956300526;264.071,52;-0,003316907;EUR
Muster ausgewogen cVV;03.03.2011;0,0015888825;1.801,67;0,2976607845;265.873,18;-0,000094985;EUR
Muster ausgewogen cVV;04.03.2011;-0,0029167697;-3.312,64;0,2939656236;262.560,54;-0,002693736;EUR
Muster ausgewogen cVV;05.03.2011;0,0000427509;48,41;0,2940198256;262.608,96;0;EUR
Muster ausgewogen cVV;06.03.2011;0,0000427579;48,42;0,2940740389;262.657,38;0;EUR
Muster ausgewogen cVV;07.03.2011;-0,0031547435;-3.572,77;0,2900872412;259.084,61;-0,003046386;EUR
Muster ausgewogen cVV;08.03.2011;-0,0006730680;-759,85;0,2892496930;258.324,76;0,002601299;EUR
Muster ausgewogen cVV;09.03.2011;0,0000051531;5,81;0,2892693837;258.330,58;-0,001421423;EUR
Muster ausgewogen cVV;10.03.2011;-0,0045411436;-5.123,22;0,2835454549;253.207,35;-0,004220188;EUR
Muster ausgewogen cVV;11.03.2011;-0,0045125314;-5.067,83;0,2778830009;248.139,53;-0,002562470;EUR
Muster ausgewogen cVV;12.03.2011;0,0000433023;48,41;0,2779372153;248.187,94;0;EUR
Muster ausgewogen cVV;13.03.2011;0,0000433004;48,41;0,2779914297;248.236,35;0;EUR
Muster ausgewogen cVV;14.03.2011;-0,0066582395;-7.444,48;0,2696667729;240.791,87;-0,009274584;EUR
Muster ausgewogen cVV;15.03.2011;-0,0152066981;-16.889,18;0,2507635756;223.902,69;-0,011767527;EUR
Muster ausgewogen cVV;16.03.2011;-0,0033147425;-3.625,50;0,2467141809;220.277,19;-0,004754758;EUR
Muster ausgewogen cVV;17.03.2011;0,0065256400;7.113,77;0,2546930918;227.390,96;0,005474452;EUR
Muster ausgewogen cVV;18.03.2011;0,0006595852;723,72;0,2555150762;228.114,68;-0,001088556;EUR
Muster ausgewogen cVV;19.03.2011;0,0000441012;48,42;0,2555693139;228.163,10;0;EUR
Muster ausgewogen cVV;20.03.2011;0,0000440901;48,41;0,2556235404;228.211,51;0;EUR
Muster ausgewogen cVV;21.03.2011;0,0069847013;7.669,62;0,2642261274;235.881,14;0,007797671;EUR
Muster ausgewogen cVV;22.03.2011;-0,0005089726;-562,79;0,2636073595;235.318,35;-0,000971603;EUR
Muster ausgewogen cVV;23.03.2011;0,0041325887;4.567,20;0,2687354435;239.885,55;0,003131034;EUR
Muster ausgewogen cVV;24.03.2011;0,0065460078;7.264,33;0,2768855695;247.149,88;0,005877974;EUR
Muster ausgewogen cVV;25.03.2011;0,0026208698;2.927,51;0,2801775517;250.077,39;0,001422022;EUR
Muster ausgewogen cVV;26.03.2011;0,0000432363;48,42;0,2802318014;250.125,81;0;EUR
Muster ausgewogen cVV;27.03.2011;0,0000432255;48,41;0,2802860398;250.174,22;0;EUR
Muster ausgewogen cVV;28.03.2011;0,0016064441;1.799,25;0,2823141630;251.973,48;-0,000950683;EUR
Muster ausgewogen cVV;29.03.2011;-0,0009832156;-1.102,99;0,2810905658;250.870,48;0,000679248;EUR
Muster ausgewogen cVV;30.03.2011;0,0082271727;9.220,35;0,2914342249;260.090,83;0,006347070;EUR
Muster ausgewogen cVV;31.03.2011;-0,0024612094;-2.781,02;0,2883305081;257.309,82;-0,002886847;EUR
Muster ausgewogen cVV;01.04.2011;0,0053045034;5.979,02;0,2950430285;263.288,83;0,006351954;EUR
Muster ausgewogen cVV;02.04.2011;0,0000384089;43,52;0,2950918002;263.332,36;0;EUR
Muster ausgewogen cVV;03.04.2011;0,0000384163;43,53;0,2951405831;263.375,89;0;EUR
Muster ausgewogen cVV;04.04.2011;0,0004986188;565,05;0,2957864545;263.940,94;-0,000130468;EUR
Muster ausgewogen cVV;05.04.2011;0,0008178876;927,31;0,2968383298;264.868,25;-0,000288688;EUR
Muster ausgewogen cVV;06.04.2011;0,0017369293;1.970,92;0,2990598782;266.839,17;-0,000385527;EUR
Muster ausgewogen cVV;07.04.2011;-0,0013801349;-1.568,78;0,2973142801;265.270,39;-0,000689818;EUR
Muster ausgewogen cVV;08.04.2011;0,0003328022;377,77;0,2977502747;265.648,16;-0,001366913;EUR
Muster ausgewogen cVV;09.04.2011;0,0000383291;43,52;0,2977990568;265.691,68;0;EUR
Muster ausgewogen cVV;10.04.2011;0,0000383365;43,53;0,2978478501;265.735,21;0;EUR
Muster ausgewogen cVV;11.04.2011;-0,0003493578;-396,73;0,2974157178;265.338,49;-0,001252303;EUR
Muster ausgewogen cVV;12.04.2011;-0,0062660083;-7.113,09;0,2894548697;258.225,40;-0,005568403;EUR
Muster ausgewogen cVV;13.04.2011;0,0023661674;2.669,21;0,2924591378;260.894,61;0,003331795;EUR
Muster ausgewogen cVV;14.04.2011;-0,0015673312;-1.772,25;0,2904845930;259.122,36;-0,000284798;EUR
Muster ausgewogen cVV;15.04.2011;0,0034895394;3.939,59;0,2949132664;263.061,95;0,002928513;EUR
Muster ausgewogen cVV;16.04.2011;0,0018962810;2.148,32;0,2973217000;265.210,27;0;EUR
Muster ausgewogen cVV;17.04.2011;0,0000425767;48,33;0,2973758785;265.258,59;0;EUR
Muster ausgewogen cVV;18.04.2011;-0,0063482319;-7.205,92;0,2893094591;258.052,67;-0,002734877;EUR
Muster ausgewogen cVV;19.04.2011;0,0007797108;879,44;0,2903074130;258.932,10;-0,001086654;EUR
Muster ausgewogen cVV;20.04.2011;0,0091638277;10.343,95;0,3019171972;269.276,06;0,008155812;EUR
Muster ausgewogen cVV;21.04.2011;0,0035519899;4.046,16;0,3064664043;273.322,22;0,003708246;EUR
Muster ausgewogen cVV;22.04.2011;0,0000273208;31,23;0,3065139640;273.353,45;0,000014060;EUR
Muster ausgewogen cVV;23.04.2011;0,0000422647;48,32;0,3065681424;273.401,77;0;EUR
Muster ausgewogen cVV;24.04.2011;0,0000422629;48,32;0,3066223209;273.450,08;0;EUR
Muster ausgewogen cVV;25.04.2011;0,0001690639;193,29;0,3068515724;273.643,38;-0,000467977;EUR
Muster ausgewogen cVV;26.04.2011;0,0014676218;1.678,21;0,3087459963;275.321,59;0,003519613;EUR
Muster ausgewogen cVV;27.04.2011;0,0003773122;432,09;0,3092430671;275.753,68;0,000776173;EUR
Muster ausgewogen cVV;28.04.2011;0,0013271067;1.520,34;0,3109606005;277.274,01;0,003002025;EUR
Muster ausgewogen cVV;29.04.2011;0,0022910200;2.628,08;0,3139206078;279.902,09;0,002422244;EUR
Muster ausgewogen cVV;30.04.2011;0,0000420240;48,32;0,3139747972;279.950,41;0;EUR
Muster ausgewogen cVV;01.05.2011;0,0000420222;48,32;0,3140289867;279.998,73;0;EUR
Muster ausgewogen cVV;02.05.2011;0,0009261367;1.064,92;0,3152359764;281.063,64;-0,000181417;EUR
Muster ausgewogen cVV;03.05.2011;-0,0017902555;-2.060,43;0,3129375517;279.003,22;-0,002325330;EUR
Muster ausgewogen cVV;04.05.2011;-0,0067608442;-7.767,21;0,3042377663;271.236,01;-0,007505173;EUR
Muster ausgewogen cVV;05.05.2011;-0,0011697427;-1.334,78;0,3027526148;269.901,23;0,004076090;EUR
Muster ausgewogen cVV;06.05.2011;0,0075736117;8.632,02;0,3124476709;278.533,26;0,007125919;EUR
Muster ausgewogen cVV;07.05.2011;0,0000420828;48,33;0,3125018823;278.581,58;0;EUR
Muster ausgewogen cVV;08.05.2011;0,0000420723;48,32;0,3125560826;278.629,90;0;EUR
Muster ausgewogen cVV;09.05.2011;-0,0005326428;-611,73;0,3118821807;278.018,17;0,002588479;EUR
Muster ausgewogen cVV;10.05.2011;0,0039470373;4.530,67;0,3169771858;282.548,85;0,003525948;EUR
Muster ausgewogen cVV;11.05.2011;0,0012190105;1.404,78;0,3185656373;283.953,63;-0,000695009;EUR
Muster ausgewogen cVV;12.05.2011;-0,0021172980;-2.442,94;0,3158372638;281.510,69;-0,000030543;EUR
Muster ausgewogen cVV;13.05.2011;-0,0013871467;-1.597,10;0,3140576523;279.913,58;-0,002852191;EUR
Muster ausgewogen cVV;14.05.2011;0,0007241906;832,65;0,3149918664;280.746,23;0;EUR
Muster ausgewogen cVV;15.05.2011;0,0000419932;48,32;0,3150460773;280.794,55;0;EUR
Muster ausgewogen cVV;16.05.2011;-0,0006442938;-741,35;0,3142265011;280.053,19;-0,002596769;EUR
Muster ausgewogen cVV;17.05.2011;-0,0051310472;-5.900,20;0,3076182435;274.152,99;-0,004115142;EUR
Muster ausgewogen cVV;18.05.2011;0,0026029092;2.977,73;0,3109714651;277.130,73;0,002197072;EUR
Muster ausgewogen cVV;19.05.2011;0,0037356944;4.284,76;0,3157915983;281.415,49;0,002201159;EUR
Muster ausgewogen cVV;20.05.2011;-0,0031383764;-3.613,10;0,3117490992;277.802,39;-0,001527414;EUR
Muster ausgewogen cVV;21.05.2011;0,0000420986;48,31;0,3118033176;277.850,70;0;EUR
Muster ausgewogen cVV;22.05.2011;0,0000420881;48,30;0,3118575248;277.899,01;0;EUR
Muster ausgewogen cVV;23.05.2011;-0,0058201578;-6.680,07;0,3043728017;271.218,94;-0,005848374;EUR
Muster ausgewogen cVV;24.05.2011;0,0013428523;1.532,29;0,3061040606;272.751,22;-0,000760232;EUR
Muster ausgewogen cVV;25.05.2011;0,0011742842;1.341,74;0,3076215569;274.092,96;0,002976602;EUR
Muster ausgewogen cVV;26.05.2011;0,0000864897;98,94;0,3077442540;274.191,90;-0,000254538;EUR
Muster ausgewogen cVV;27.05.2011;0,0027050176;3.094,65;0,3112293409;277.286,55;0,001590995;EUR
Muster ausgewogen cVV;28.05.2011;0,0000421088;48,30;0,3112835584;277.334,85;0;EUR
Muster ausgewogen cVV;29.05.2011;0,0000421157;48,31;0,3113377871;277.383,17;0;EUR
Muster ausgewogen cVV;30.05.2011;0,0006077713;697,25;0,3121321403;278.080,42;-0,000177362;EUR
Muster ausgewogen cVV;31.05.2011;0,0060030233;6.891,05;0,3198790148;284.971,47;0,005274321;EUR
Muster ausgewogen cVV;01.06.2011;-0,0016601372;-1.917,16;0,3177388958;283.054,31;-0,006484522;EUR
Muster ausgewogen cVV;02.06.2011;-0,0047461853;-5.471,89;0,3116081131;277.582,42;-0,007424556;EUR
Muster ausgewogen cVV;03.06.2011;-0,0061946238;-7.107,90;0,3036402157;270.474,51;-0,003110516;EUR
Muster ausgewogen cVV;04.06.2011;0,0000423603;48,30;0,3036944433;270.522,81;0;EUR
Muster ausgewogen cVV;05.06.2011;0,0000423673;48,31;0,3037486821;270.571,13;0;EUR
Muster ausgewogen cVV;06.06.2011;-0,0015939854;-1.817,81;0,3017191471;268.753,32;-0,002865103;EUR
Muster ausgewogen cVV;07.06.2011;-0,0015150988;-1.725,09;0,2997935217;267.028,22;-0,001328824;EUR
Muster ausgewogen cVV;08.06.2011;-0,0040310156;-4.582,77;0,2946592803;262.445,45;-0,001181217;EUR
Muster ausgewogen cVV;09.06.2011;0,0043382268;4.912,15;0,3001853891;267.357,60;0,007211792;EUR
Muster ausgewogen cVV;10.06.2011;-0,0030718192;-3.493,29;0,2962740103;263.864,31;-0,002668268;EUR
Muster ausgewogen cVV;11.06.2011;0,0000426073;48,30;0,2963282479;263.912,61;0;EUR
Muster ausgewogen cVV;12.06.2011;0,0000426143;48,31;0,2963824968;263.960,93;0;EUR
Muster ausgewogen cVV;13.06.2011;0,0002294404;260,14;0,2966854138;264.221,07;0,000099351;EUR
Muster ausgewogen cVV;14.06.2011;0,0053871890;6.109,45;0,3035565582;270.330,52;0,004869453;EUR
Muster ausgewogen cVV;15.06.2011;-0,0029570652;-3.371,58;0,2997814441;266.958,93;-0,002828770;EUR
Muster ausgewogen cVV;16.06.2011;-0,0038498748;-4.376,57;0,2948774369;262.582,37;0,001168506;EUR
Muster ausgewogen cVV;17.06.2011;0,0022123042;2.505,28;0,2977015710;265.087,65;-0,000885807;EUR
Muster ausgewogen cVV;18.06.2011;0,0000425614;48,30;0,2977558185;265.135,95;0;EUR
Muster ausgewogen cVV;19.06.2011;0,0000425596;48,30;0,2978100659;265.184,26;0;EUR
Muster ausgewogen cVV;20.06.2011;-0,0018899614;-2.145,17;0,2954115870;263.039,09;-0,000144244;EUR
Muster ausgewogen cVV;21.06.2011;0,0050035608;5.668,47;0,3017884927;268.707,56;0,007363187;EUR
Muster ausgewogen cVV;22.06.2011;0,0008313940;946,59;0,3028624300;269.654,15;-0,001038047;EUR
Muster ausgewogen cVV;23.06.2011;-0,0017852887;-2.034,34;0,3005882548;267.619,81;-0,000585224;EUR
Muster ausgewogen cVV;24.06.2011;-0,0019494849;-2.217,48;0,2981081808;265.402,33;-0,002344466;EUR
Muster ausgewogen cVV;25.06.2011;0,0000425496;48,30;0,2981624379;265.450,64;0;EUR
Muster ausgewogen cVV;26.06.2011;0,0000425478;48,30;0,2982166950;265.498,94;0;EUR
Muster ausgewogen cVV;27.06.2011;-0,0022070615;-2.505,78;0,2954125725;262.993,16;-0,002285311;EUR
Muster ausgewogen cVV;28.06.2011;0,0012109354;1.371,80;0,2969639471;264.364,96;0,002538848;EUR
Muster ausgewogen cVV;29.06.2011;0,0077007387;8.734,28;0,3067860471;273.099,24;0,005747426;EUR
Muster ausgewogen cVV;30.06.2011;0,0043267332;4.945,23;0,3123522220;278.044,47;0,003417385;EUR
Muster ausgewogen cVV;01.07.2011;0,0012404967;1.423,96;0,3139628536;279.468,43;0,004181806;EUR
Muster ausgewogen cVV;02.07.2011;0,0000382179;43,92;0,3140121996;279.512,35;0;EUR
Muster ausgewogen cVV;03.07.2011;0,0000382164;43,92;0,3140615457;279.556,28;0;EUR
Muster ausgewogen cVV;04.07.2011;0,0019762291;2.271,49;0,3166244321;281.827,77;0,001309984;EUR
Muster ausgewogen cVV;05.07.2011;0,0006026357;694,04;0,3174151915;282.521,81;0,000852884;EUR
Muster ausgewogen cVV;06.07.2011;0,0002495078;287,53;0,3177492328;282.809,33;0,003534184;EUR
Muster ausgewogen cVV;07.07.2011;0,0033350796;3.844,21;0,3220794958;286.653,54;0,001219899;EUR
Muster ausgewogen cVV;08.07.2011;-0,0019523672;-2.257,92;0,3195535353;284.395,62;0,001147521;EUR
Muster ausgewogen cVV;09.07.2011;0,0000380548;43,92;0,3196028898;284.439,55;0;EUR
Muster ausgewogen cVV;10.07.2011;0,0000380533;43,92;0,3196522444;284.483,47;0;EUR
Muster ausgewogen cVV;11.07.2011;-0,0043864614;-5.063,43;0,3139736283;279.420,04;-0,003227671;EUR
Muster ausgewogen cVV;12.07.2011;-0,0030598971;-3.516,64;0,3100327180;275.903,39;-0,004556661;EUR
Muster ausgewogen cVV;13.07.2011;0,0050469263;5.782,53;0,3165413441;281.685,92;0,002026822;EUR
Muster ausgewogen cVV;14.07.2011;-0,0027536569;-3.170,93;0,3129886919;278.514,99;-0,003425817;EUR
Muster ausgewogen cVV;15.07.2011;0,0015705629;1.803,58;0,3150261939;280.318,57;0,002005668;EUR
Muster ausgewogen cVV;16.07.2011;0,0000381897;43,92;0,3150755569;280.362,49;0;EUR
Muster ausgewogen cVV;17.07.2011;0,0000381882;43,92;0,3151249199;280.406,42;0;EUR
Muster ausgewogen cVV;18.07.2011;-0,0040374306;-4.644,08;0,3099163171;275.762,34;-0,004746813;EUR
Muster ausgewogen cVV;19.07.2011;0,0019416860;2.224,42;0,3124267670;277.986,76;0,002976473;EUR
Muster ausgewogen cVV;20.07.2011;0,0020987959;2.409,07;0,3151448939;280.395,83;0,000936513;EUR
Muster ausgewogen cVV;21.07.2011;0,0020708863;2.382,03;0,3178327719;282.777,86;0,000927559;EUR
Muster ausgewogen cVV;22.07.2011;0,0014936648;1.721,64;0,3197785193;284.499,49;0,004503672;EUR
Muster ausgewogen cVV;23.07.2011;0,0000380513;43,92;0,3198278906;284.543,42;0;EUR
Muster ausgewogen cVV;24.07.2011;0,0000380499;43,92;0,3198772619;284.587,34;0;EUR
Muster ausgewogen cVV;25.07.2011;0,0018411672;2.125,51;0,3222770793;286.712,85;0,000783477;EUR
Muster ausgewogen cVV;26.07.2011;-0,0004280479;-495,06;0,3217312935;286.217,79;-0,002003326;EUR
Muster ausgewogen cVV;27.07.2011;-0,0030976245;-3.581,06;0,3177164222;282.636,73;-0,004242135;EUR
Muster ausgewogen cVV;28.07.2011;-0,0034437050;-3.968,82;0,3132653525;278.667,91;-0,001706693;EUR
Muster ausgewogen cVV;29.07.2011;-0,0025137253;-2.887,06;0,3100300676;275.780,85;-0,001628475;EUR
Muster ausgewogen cVV;30.07.2011;0,0000383409;43,92;0,3100794470;275.824,78;0;EUR
Muster ausgewogen cVV;31.07.2011;0,0000383394;43,92;0,3101288265;275.868,70;0;EUR
Muster ausgewogen cVV;01.08.2011;-0,0059854539;-6.857,64;0,3024294648;269.011,06;-0,004163637;EUR
Muster ausgewogen cVV;02.08.2011;-0,0067817299;-7.723,44;0,2937561807;261.287,62;-0,010198195;EUR
Muster ausgewogen cVV;03.08.2011;-0,0107740116;-12.186,88;0,2800640574;249.100,75;-0,009204381;EUR
Muster ausgewogen cVV;04.08.2011;-0,0130333767;-14.583,69;0,2636761882;234.517,05;-0,014729335;EUR
Muster ausgewogen cVV;05.08.2011;-0,0180941511;-19.834,19;0,2413869890;214.682,86;-0,012026236;EUR
Muster ausgewogen cVV;06.08.2011;0,0000408094;43,92;0,2414363772;214.726,79;0;EUR
Muster ausgewogen cVV;07.08.2011;0,0000408078;43,92;0,2414857654;214.770,71;0;EUR
Muster ausgewogen cVV;08.08.2011;-0,0247888194;-26.683,17;0,2114932209;188.087,54;-0,024243377;EUR
Muster ausgewogen cVV;09.08.2011;-0,0047627159;-4.999,60;0,2058808978;183.087,95;0,003406370;EUR
Muster ausgewogen cVV;10.08.2011;-0,0048938627;-5.112,80;0,2001407332;177.975,15;-0,015839865;EUR
Muster ausgewogen cVV;11.08.2011;0,0012608406;1.310,80;0,2016239605;179.285,95;0,011408587;EUR
Muster ausgewogen cVV;12.08.2011;0,0172014944;17.905,63;0,2217705979;197.191,58;0,012274288;EUR
Muster ausgewogen cVV;13.08.2011;0,0000414836;43,92;0,2218199973;197.235,51;0;EUR
Muster ausgewogen cVV;14.08.2011;0,0000414819;43,92;0,2218693968;197.279,43;0;EUR
Muster ausgewogen cVV;15.08.2011;0,0019042874;2.016,50;0,2241473908;199.295,94;0,002557246;EUR
Muster ausgewogen cVV;16.08.2011;-0,0012818984;-1.360,02;0,2226278226;197.935,91;-0,001375453;EUR
Muster ausgewogen cVV;17.08.2011;0,0043152869;4.572,41;0,2277808771;202.508,32;-0,000339685;EUR
Muster ausgewogen cVV;18.08.2011;-0,0215634947;-22.946,95;0,2019792678;179.561,38;-0,019896958;EUR
Muster ausgewogen cVV;19.08.2011;-0,0093028921;-9.686,27;0,1910922384;169.875,11;-0,012434479;EUR
Muster ausgewogen cVV;20.08.2011;0,0000425821;43,92;0,1911416490;169.919,04;0;EUR
Muster ausgewogen cVV;21.08.2011;0,0000425803;43,92;0,1911910596;169.962,96;0;EUR
Muster ausgewogen cVV;22.08.2011;0,0007580199;781,98;0,1920792778;170.744,94;-0,000359642;EUR
Muster ausgewogen cVV;23.08.2011;0,0036132355;3.730,28;0,1962843831;174.475,23;0,008042566;EUR
Muster ausgewogen cVV;24.08.2011;0,0061630064;6.385,64;0,2034772423;180.860,86;0,006738277;EUR
Muster ausgewogen cVV;25.08.2011;-0,0027487300;-2.865,58;0,2002621851;177.995,29;-0,004832171;EUR
Muster ausgewogen cVV;26.08.2011;-0,0069279077;-7.202,56;0,1921670738;170.792,73;-0,000170706;EUR
Muster ausgewogen cVV;27.08.2011;0,0000425443;43,92;0,1922164953;170.836,65;0;EUR
Muster ausgewogen cVV;28.08.2011;0,0000425425;43,92;0,1922659169;170.880,58;0;EUR
Muster ausgewogen cVV;29.08.2011;0,0098111576;10.130,31;0,2036729680;181.010,89;0,007347241;EUR
Muster ausgewogen cVV;30.08.2011;0,0017564309;1.831,36;0,2057426306;182.842,25;0,003985044;EUR
Muster ausgewogen cVV;31.08.2011;0,0137491579;14.360,87;0,2219118576;197.203,12;0,008709092;EUR
Muster ausgewogen cVV;01.09.2011;0,0006701388;709,58;0,2227200534;197.912,70;0,000523341;EUR
Muster ausgewogen cVV;02.09.2011;-0,0102449602;-10.855,17;0,2105134006;187.057,53;-0,011039730;EUR
Muster ausgewogen cVV;03.09.2011;0,0000493889;51,79;0,2105716898;187.109,32;0;EUR
Muster ausgewogen cVV;04.09.2011;0,0000493865;51,79;0,2106299790;187.161,12;0;EUR
Muster ausgewogen cVV;05.09.2011;-0,0207415547;-21.753,95;0,1861562896;165.407,17;-0,013685699;EUR
Muster ausgewogen cVV;06.09.2011;-0,0046011231;-4.725,61;0,1808457041;160.681,56;-0,004245457;EUR
Muster ausgewogen cVV;07.09.2011;0,0127072368;12.990,99;0,1954753827;173.672,55;0,015384591;EUR
Muster ausgewogen cVV;08.09.2011;0,0051862396;5.369,42;0,2015275480;179.041,98;0,000436566;EUR
Muster ausgewogen cVV;09.09.2011;-0,0111764577;-11.631,24;0,1884436437;167.410,74;-0,010629704;EUR
Muster ausgewogen cVV;10.09.2011;0,0000503319;51,79;0,1885019455;167.462,54;0;EUR
Muster ausgewogen cVV;11.09.2011;0,0000503293;51,79;0,1885602472;167.514,33;0;EUR
Muster ausgewogen cVV;12.09.2011;-0,0128375095;-13.211,89;0,1736958855;154.302,44;-0,008055913;EUR
Muster ausgewogen cVV;13.09.2011;0,0012128024;1.232,15;0,1750903601;155.534,59;0,003901405;EUR
Muster ausgewogen cVV;14.09.2011;0,0112957055;11.489,80;0,1880328011;167.024,39;0,009760322;EUR
Muster ausgewogen cVV;15.09.2011;0,0107566277;11.065,05;0,2004981234;178.089,45;0,009160168;EUR
Muster ausgewogen cVV;16.09.2011;0,0037705080;3.920,34;0,2049204176;182.009,79;0,007605223;EUR
Muster ausgewogen cVV;17.09.2011;0,0000496278;51,79;0,2049787317;182.061,58;0;EUR
Muster ausgewogen cVV;18.09.2011;0,0000496253;51,79;0,2050370459;182.113,38;0;EUR
Muster ausgewogen cVV;19.09.2011;-0,0083639843;-8.730,01;0,1952163684;173.383,37;-0,007263516;EUR
Muster ausgewogen cVV;20.09.2011;0,0077132957;7.983,51;0,2042137726;181.366,88;0,006268002;EUR
Muster ausgewogen cVV;21.09.2011;-0,0066155145;-6.900,09;0,1964527157;174.466,79;-0,010833201;EUR
Muster ausgewogen cVV;22.09.2011;-0,0211157820;-21.878,39;0,1718244414;152.588,40;-0,018859488;EUR
Muster ausgewogen cVV;23.09.2011;-0,0051303177;-5.203,36;0,1659720414;147.385,04;0,001005609;EUR
Muster ausgewogen cVV;24.09.2011;0,0000513308;51,79;0,1660303677;147.436,83;0;EUR
Muster ausgewogen cVV;25.09.2011;0,0000513281;51,79;0,1660886941;147.488,63;0;EUR
Muster ausgewogen cVV;26.09.2011;0,0099242217;10.014,90;0,1773739707;157.503,53;0,010215708;EUR
Muster ausgewogen cVV;27.09.2011;0,0143528325;14.627,72;0,1938551456;172.131,26;0,015215297;EUR
Muster ausgewogen cVV;28.09.2011;-0,0010958974;-1.132,92;0,1925872120;170.998,34;-0,005787406;EUR
Muster ausgewogen cVV;29.09.2011;-0,0034563778;-3.569,22;0,1885751487;167.429,12;0,003070062;EUR
Muster ausgewogen cVV;30.09.2011;-0,0049247847;-5.067,99;0,1828746033;162.361,13;-0,005728619;EUR
Muster ausgewogen cVV;01.10.2011;0,0000505801;51,79;0,1829329418;162.412,93;0;EUR
Muster ausgewogen cVV;02.10.2011;0,0000505775;51,79;0,1829912802;162.464,72;0;EUR
Muster ausgewogen cVV;03.10.2011;-0,0037008489;-3.790,09;0,1787296628;158.674,63;-0,008522731;EUR
Muster ausgewogen cVV;04.10.2011;-0,0106975459;-10.914,96;0,1664419620;147.759,68;-0,007287105;EUR
Muster ausgewogen cVV;05.10.2011;0,0078938380;7.968,11;0,1754246871;155.727,78;0,014957372;EUR
Muster ausgewogen cVV;06.10.2011;0,0138733225;14.114,39;0,1913320927;169.842,18;0,010510258;EUR
Muster ausgewogen cVV;07.10.2011;0,0034976731;3.607,82;0,1954043300;173.449,99;0,000061110;EUR
Muster ausgewogen cVV;08.10.2011;0,0000500479;51,80;0,1954626916;173.501,80;0;EUR
Muster ausgewogen cVV;09.10.2011;0,0000500357;51,79;0,1955210420;173.553,59;0;EUR
Muster ausgewogen cVV;10.10.2011;0,0057926479;5.996,56;0,2022847997;179.550,16;0,010411024;EUR
Muster ausgewogen cVV;11.10.2011;0,0037378259;3.891,82;0,2066777406;183.441,98;0,002355279;EUR
Muster ausgewogen cVV;12.10.2011;0,0061924322;6.471,65;0,2139777387;189.913,63;0,005217354;EUR
Muster ausgewogen cVV;13.10.2011;-0,0032266233;-3.393,00;0,2101632464;186.520,63;-0,001070869;EUR
Muster ausgewogen cVV;14.10.2011;0,0053399477;5.597,17;0,2164785541;192.117,80;0,001589371;EUR
Muster ausgewogen cVV;15.10.2011;0,0000491518;51,79;0,2165369162;192.169,60;0;EUR
Muster ausgewogen cVV;16.10.2011;0,0000491494;51,79;0,2165952783;192.221,39;0;EUR
Muster ausgewogen cVV;17.10.2011;-0,0018069587;-1.904,30;0,2144580697;190.317,09;-0,002836739;EUR
Muster ausgewogen cVV;18.10.2011;-0,0024860373;-2.615,23;0,2115195306;187.701,87;0,004772273;EUR
Muster ausgewogen cVV;19.10.2011;0,0031064781;3.259,78;0,2152014947;190.961,65;-0,001828500;EUR
Muster ausgewogen cVV;20.10.2011;-0,0068728846;-7.234,47;0,2070569089;183.727,18;-0,005676659;EUR
Muster ausgewogen cVV;21.10.2011;0,0059128893;6.181,19;0,2140314408;189.908,37;0,009778840;EUR
Muster ausgewogen cVV;22.10.2011;0,0000492550;51,79;0,2140898145;189.960,17;0;EUR
Muster ausgewogen cVV;23.10.2011;0,0000492526;51,79;0,2141481882;190.011,96;0;EUR
Muster ausgewogen cVV;24.10.2011;0,0063036206;6.629,27;0,2216282666;196.641,23;0,008158929;EUR
Muster ausgewogen cVV;25.10.2011;0,0021669153;2.293,22;0,2242216943;198.934,46;-0,002493896;EUR
Muster ausgewogen cVV;26.10.2011;0,0016593835;1.759,91;0,2262141767;200.694,37;0,002670439;EUR
Muster ausgewogen cVV;27.10.2011;0,0105041384;11.159,00;0,2388014545;211.853,37;0,015522219;EUR
Muster ausgewogen cVV;28.10.2011;0,0039228374;4.211,17;0,2435577846;216.064,55;0,001340322;EUR
Muster ausgewogen cVV;29.10.2011;0,0000480362;51,77;0,2436161412;216.116,32;0;EUR
Muster ausgewogen cVV;30.10.2011;0,0000480136;51,75;0,2436744732;216.168,06;0;EUR
Muster ausgewogen cVV;31.10.2011;-0,0028163199;-3.035,48;0,2402620796;213.132,59;-0,008401245;EUR
Muster ausgewogen cVV;01.11.2011;-0,0087821940;-9.438,94;0,2296305627;203.693,65;-0,013055438;EUR
Muster ausgewogen cVV;02.11.2011;0,0022755364;2.424,23;0,2323724518;206.117,87;0,005596343;EUR
Muster ausgewogen cVV;03.11.2011;0,0075410217;8.052,05;0,2414594518;214.169,92;0,010998361;EUR
Muster ausgewogen cVV;04.11.2011;-0,0013851178;-1.490,14;0,2397886603;212.679,79;-0,006636466;EUR
Muster ausgewogen cVV;05.11.2011;0,0000513907;55,21;0,2398509082;212.735,00;0;EUR
Muster ausgewogen cVV;06.11.2011;0,0000513881;55,21;0,2399131560;212.790,21;0;EUR
Muster ausgewogen cVV;07.11.2011;-0,0023787284;-2.555,80;0,2370406743;210.234,41;-0,000419421;EUR
Muster ausgewogen cVV;08.11.2011;0,0048733051;5.223,61;0,2429396220;215.458,03;0,002626245;EUR
Muster ausgewogen cVV;09.11.2011;-0,0057801832;-6.225,87;0,2359286361;209.232,15;-0,008424206;EUR
Muster ausgewogen cVV;10.11.2011;-0,0013158139;-1.409,08;0,2343486809;207.823,07;0,000538982;EUR
Muster ausgewogen cVV;11.11.2011;0,0036362422;3.888,86;0,2387429525;211.711,93;0,009155996;EUR
Muster ausgewogen cVV;12.11.2011;0,0000514371;55,21;0,2388052123;211.767,14;0;EUR
Muster ausgewogen cVV;13.11.2011;0,0000514344;55,21;0,2388674720;211.822,35;0;EUR
Muster ausgewogen cVV;14.11.2011;0,0004102507;440,39;0,2393731492;212.262,74;-0,001397022;EUR
Muster ausgewogen cVV;15.11.2011;-0,0005594396;-600,79;0,2387046345;211.661,95;-0,000581628;EUR
Muster ausgewogen cVV;16.11.2011;-0,0003975790;-426,73;0,2382323546;211.235,23;-0,005154260;EUR
Muster ausgewogen cVV;17.11.2011;-0,0052574881;-5.640,68;0,2318794715;205.594,55;-0,007807973;EUR
Muster ausgewogen cVV;18.11.2011;-0,0049084089;-5.238,47;0,2259797357;200.356,09;-0,004954477;EUR
Muster ausgewogen cVV;19.11.2011;0,0000519871;55,21;0,2260420072;200.411,30;0;EUR
Muster ausgewogen cVV;20.11.2011;0,0000519844;55,21;0,2261042786;200.466,51;0;EUR
Muster ausgewogen cVV;21.11.2011;-0,0114788896;-12.191,90;0,2123610745;188.274,60;-0,012277887;EUR
Muster ausgewogen cVV;22.11.2011;-0,0046909727;-4.925,16;0,2068135257;183.349,44;-0,004455759;EUR
Muster ausgewogen cVV;23.11.2011;-0,0031806444;-3.323,77;0,2030719430;180.025,67;-0,009493989;EUR
Muster ausgewogen cVV;24.11.2011;-0,0065226198;-6.794,45;0,1954149346;173.231,23;-0,003538854;EUR
Muster ausgewogen cVV;25.11.2011;-0,0029716051;-3.075,25;0,1919529608;170.155,97;0,002128519;EUR
Muster ausgewogen cVV;26.11.2011;0,0000535184;55,22;0,1920152551;170.211,19;0;EUR
Muster ausgewogen cVV;27.11.2011;0,0000535058;55,21;0,1920775381;170.266,40;0;EUR
Muster ausgewogen cVV;28.11.2011;0,0123537817;12.748,06;0,2064662293;183.014,46;0,017265857;EUR
Muster ausgewogen cVV;29.11.2011;0,0054102935;5.651,93;0,2128502368;188.666,39;0,003461644;EUR
Muster ausgewogen cVV;30.11.2011;0,0178670795;18.766,06;0,2340303750;207.432,46;0,022504212;EUR
Muster ausgewogen cVV;01.12.2011;0,0035841060;3.831,70;0,2383621104;211.264,16;-0,000108077;EUR
Muster ausgewogen cVV;02.12.2011;0,0023636214;2.535,96;0,2412321464;213.800,12;0,004511864;EUR
Muster ausgewogen cVV;03.12.2011;0,0000453397;48,76;0,2412871632;213.848,88;0;EUR
Muster ausgewogen cVV;04.12.2011;0,0000453469;48,77;0,2413421913;213.897,65;0;EUR
Muster ausgewogen cVV;05.12.2011;0,0022842032;2.456,77;0,2441230597;216.354,42;0,002655744;EUR
Muster ausgewogen cVV;06.12.2011;-0,0029012814;-3.127,59;0,2406027802;213.226,83;-0,002785768;EUR
Muster ausgewogen cVV;07.12.2011;-0,0001283704;-137,98;0,2404557858;213.088,84;0,000786440;EUR
Muster ausgewogen cVV;08.12.2011;-0,0034418435;-3.699,08;0,2362901658;209.389,76;-0,006345623;EUR
Muster ausgewogen cVV;09.12.2011;0,0012833196;1.374,48;0,2378497959;210.764,25;0,004361922;EUR
Muster ausgewogen cVV;10.12.2011;0,0000454774;48,77;0,2379048340;210.813,02;0;EUR
Muster ausgewogen cVV;11.12.2011;0,0000454660;48,76;0,2379598608;210.861,78;0;EUR
Muster ausgewogen cVV;12.12.2011;-0,0064022141;-6.866,44;0,2302192730;203.995,34;-0,007629416;EUR
Muster ausgewogen cVV;13.12.2011;0,0015750416;1.678,43;0,2321217879;205.673,77;-0,000088224;EUR
Muster ausgewogen cVV;14.12.2011;-0,0076232547;-8.136,47;0,2229469970;197.537,30;-0,004728820;EUR
Muster ausgewogen cVV;15.12.2011;0,0033012440;3.496,63;0,2269014959;201.033,93;0,002236303;EUR
Muster ausgewogen cVV;16.12.2011;-0,0020963091;-2.227,71;0,2243951164;198.806,22;0,000073236;EUR
Muster ausgewogen cVV;17.12.2011;0,0000459808;48,76;0,2244501530;198.854,98;0;EUR
Muster ausgewogen cVV;18.12.2011;0,0000459881;48,77;0,2245052009;198.903,75;0;EUR
Muster ausgewogen cVV;19.12.2011;-0,0002557523;-271,24;0,2242070007;198.632,51;-0,003229265;EUR
Muster ausgewogen cVV;20.12.2011;0,0057491097;6.095,67;0,2310956829;204.728,19;0,011398227;EUR
Muster ausgewogen cVV;21.12.2011;0,0018341601;1.955,91;0,2333117266;206.684,09;-0,000684548;EUR
Muster ausgewogen cVV;22.12.2011;0,0019453068;2.078,24;0,2356659993;208.762,33;0,004257262;EUR
Muster ausgewogen cVV;23.12.2011;0,0042662079;4.566,60;0,2408295566;213.328,92;0,003346018;EUR
Muster ausgewogen cVV;24.12.2011;0,0000453689;48,77;0,2408846142;213.377,69;0;EUR
Muster ausgewogen cVV;25.12.2011;0,0000453575;48,76;0,2409396606;213.426,46;0;EUR
Muster ausgewogen cVV;26.12.2011;0,0000226413;24,34;0,2409755766;213.450,80;0,000129900;EUR
Muster ausgewogen cVV;27.12.2011;0,0006576422;707,03;0,2417822240;214.157,83;0,001244664;EUR
Muster ausgewogen cVV;28.12.2011;-0,0039403950;-4.239,10;0,2370045716;209.918,72;-0,005800487;EUR
Muster ausgewogen cVV;29.12.2011;0,0005757127;616,92;0,2377093471;210.535,64;0,007242135;EUR
Muster ausgewogen cVV;30.12.2011;0,0060379145;6.473,76;0,2450271617;217.009,40;0,002403304;EUR
Muster ausgewogen cVV;31.12.2011;0,0000452141;48,77;0,2450822290;217.058,17;0;EUR
Muster ausgewogen cVV;01.01.2012;0,0000452028;48,76;0,2451372849;217.106,93;0;EUR
Muster ausgewogen cVV;02.01.2012;0,0033115428;3.572,35;0,2491794657;220.679,27;0,007309365;EUR
Muster ausgewogen cVV;03.01.2012;0,0058195250;6.298,64;0,2563003932;226.977,91;0,007373791;EUR
Muster ausgewogen cVV;04.01.2012;0,0022464036;2.445,49;0,2590707250;229.423,40;0,000069184;EUR
Muster ausgewogen cVV;05.01.2012;0,0001657288;180,82;0,2592838106;229.604,23;0,000989007;EUR
Muster ausgewogen cVV;06.01.2012;0,0041042362;4.478,76;0,2643505616;234.082,99;-0,001046105;EUR
Muster ausgewogen cVV;07.01.2012;0,0000451575;49,48;0,2644064401;234.132,47;0;EUR
Muster ausgewogen cVV;08.01.2012;0,0000451646;49,49;0,2644623299;234.181,96;0;EUR
Muster ausgewogen cVV;09.01.2012;-0,0005425223;-594,51;0,2637999517;233.587,44;-0,001489069;EUR
Muster ausgewogen cVV;10.01.2012;0,0045684397;5.003,52;0,2694598112;238.590,97;0,007669403;EUR
Muster ausgewogen cVV;11.01.2012;-0,0004468557;-491,65;0,2689136887;238.099,32;0,002058844;EUR
Muster ausgewogen cVV;12.01.2012;0,0009351866;1.028,47;0,2700844133;239.127,79;-0,000373040;EUR
Muster ausgewogen cVV;13.01.2012;-0,0006107511;-672,30;0,2693341832;238.455,49;0,001032956;EUR
Muster ausgewogen cVV;14.01.2012;0,0000449780;49,48;0,2693900712;238.504,97;0;EUR
Muster ausgewogen cVV;15.01.2012;0,0000449851;49,49;0,2694459705;238.554,46;0;EUR
Muster ausgewogen cVV;16.01.2012;0,0036981403;4.068,71;0,2740507925;242.623,16;0,003377132;EUR
Muster ausgewogen cVV;17.01.2012;0,0035192993;3.886,26;0,2784498197;246.509,43;0,005044530;EUR
Muster ausgewogen cVV;18.01.2012;0,0003789046;419,89;0,2789334695;246.929,31;0,001757703;EUR
Muster ausgewogen cVV;19.01.2012;0,0014749508;1.635,10;0,2807898879;248.564,41;0,002497470;EUR
Muster ausgewogen cVV;20.01.2012;-0,0000581997;-64,61;0,2807262689;248.499,80;-0,000754314;EUR
Muster ausgewogen cVV;21.01.2012;0,0000445801;49,49;0,2807821776;248.549,29;0;EUR
Muster ausgewogen cVV;22.01.2012;0,0000445691;49,48;0,2808380750;248.598,77;0;EUR
Muster ausgewogen cVV;23.01.2012;0,0022241943;2.469,41;0,2836371699;251.068,17;0,000435766;EUR
Muster ausgewogen cVV;24.01.2012;-0,0024379428;-2.712,74;0,2805818494;248.355,43;-0,000369984;EUR
Muster ausgewogen cVV;25.01.2012;-0,0012276515;-1.362,70;0,2790515757;246.992,74;0,002866285;EUR
Muster ausgewogen cVV;26.01.2012;0,0068266597;7.568,32;0,2876117447;254.561,05;0,004622638;EUR
Muster ausgewogen cVV;27.01.2012;-0,0021802760;-2.433,65;0,2848715230;252.127,41;-0,000952550;EUR
Muster ausgewogen cVV;28.01.2012;0,0000401302;44,70;0,2849220237;252.172,10;0;EUR
Muster ausgewogen cVV;29.01.2012;0,0000401196;44,69;0,2849725132;252.216,79;0;EUR
Muster ausgewogen cVV;30.01.2012;-0,0036999489;-4.121,25;0,2803252572;248.095,55;-0,002543963;EUR
Muster ausgewogen cVV;31.01.2012;0,0014084698;1.563,04;0,2821006079;249.658,59;0,002005053;EUR
Muster ausgewogen cVV;01.02.2012;0,0035594517;3.955,64;0,2865796522;253.614,23;0,007129733;EUR
Muster ausgewogen cVV;02.02.2012;0,0018638816;2.078,72;0,2889380026;255.692,95;0,002320116;EUR
Muster ausgewogen cVV;03.02.2012;0,0040823833;4.561,42;0,2941020729;260.254,37;0,007345176;EUR
Muster ausgewogen cVV;04.02.2012;0,0000413761;46,42;0,2941545302;260.300,79;0;EUR
Muster ausgewogen cVV;05.02.2012;0,0000413655;46,41;0,2942069761;260.347,20;0;EUR
Muster ausgewogen cVV;06.02.2012;0,0007735604;867,93;0,2951973801;261.215,13;0,001808691;EUR
Muster ausgewogen cVV;07.02.2012;-0,0009380854;-1.053,34;0,2940165362;260.161,79;-0,003593167;EUR
Muster ausgewogen cVV;08.02.2012;-0,0006357042;-713,14;0,2932200777;259.448,65;0,000004573;EUR
Muster ausgewogen cVV;09.02.2012;-0,0005858343;-656,78;0,2924872453;258.791,87;0,000095373;EUR
Muster ausgewogen cVV;10.02.2012;-0,0033522974;-3.756,05;0,2882514234;255.035,82;-0,002593614;EUR
Muster ausgewogen cVV;11.02.2012;0,0000415511;46,40;0,2883038659;255.082,22;0;EUR
Muster ausgewogen cVV;12.02.2012;0,0000415404;46,39;0,2883562970;255.128,61;0;EUR
Muster ausgewogen cVV;13.02.2012;0,0028614103;3.195,56;0,2919774147;258.324,17;0,003256108;EUR
Muster ausgewogen cVV;14.02.2012;0,0003479292;389,67;0,2924272152;258.713,84;0,000426264;EUR
Muster ausgewogen cVV;15.02.2012;0,0025998232;2.912,74;0,2957289716;261.626,58;0,003511382;EUR
Muster ausgewogen cVV;16.02.2012;-0,0013053747;-1.466,30;0,2940809205;260.160,29;0,000471835;EUR
Muster ausgewogen cVV;17.02.2012;-0,0004313250;-483,86;0,2935433007;259.676,42;0,002253508;EUR
Muster ausgewogen cVV;18.02.2012;0,0000413791;46,40;0,2935957515;259.722,82;0;EUR
Muster ausgewogen cVV;19.02.2012;0,0000413685;46,39;0,2936481911;259.769,21;0;EUR
Muster ausgewogen cVV;20.02.2012;0,0004995656;560,22;0,2942908105;260.329,43;0,003182918;EUR
Muster ausgewogen cVV;21.02.2012;0,0003320374;372,54;0,2947212737;260.701,97;-0,001449289;EUR
Muster ausgewogen cVV;22.02.2012;0,0007859507;882,11;0,2957278281;261.584,08;-0,002057629;EUR
Muster ausgewogen cVV;23.02.2012;0,0008771061;985,19;0,2968509641;262.569,28;-0,000737150;EUR
Muster ausgewogen cVV;24.02.2012;-0,0028915322;-3.250,71;0,2931850399;259.318,57;0,001139553;EUR
Muster ausgewogen cVV;25.02.2012;0,0000375025;42,04;0,2932325692;259.360,61;0;EUR
Muster ausgewogen cVV;26.02.2012;0,0000374922;42,03;0,2932800872;259.402,63;0;EUR
Muster ausgewogen cVV;27.02.2012;-0,0009701790;-1.087,62;0,2920595779;258.315,01;0,001860144;EUR
Muster ausgewogen cVV;28.02.2012;0,0015768025;1.750,79;0,2940521509;260.065,81;0,002465671;EUR
Muster ausgewogen cVV;29.02.2012;-0,0000435269;-48,41;0,2940104559;260.017,40;-0,001233932;EUR
Muster ausgewogen cVV;01.03.2012;0,0015378429;1.710,15;0,2959572733;261.727,55;0,004811345;EUR
Muster ausgewogen cVV;02.03.2012;0,0011166722;1.243,70;0,2973767523;262.971,25;0,002364055;EUR
Muster ausgewogen cVV;03.03.2012;0,0000437790;48,81;0,2974319523;263.020,06;0;EUR
Muster ausgewogen cVV;04.03.2012;0,0000437771;48,81;0,2974871523;263.068,88;0;EUR
Muster ausgewogen cVV;05.03.2012;-0,0028250934;-3.150,25;0,2939376820;259.918,62;-0,004130620;EUR
Muster ausgewogen cVV;06.03.2012;-0,0072287077;-8.037,94;0,2848602251;251.880,69;-0,010818591;EUR
Muster ausgewogen cVV;07.03.2012;0,0011283936;1.245,64;0,2862815089;253.126,33;0,002362301;EUR
Muster ausgewogen cVV;08.03.2012;0,0024372366;2.693,52;0,2893404846;255.819,85;0,007278703;EUR
Muster ausgewogen cVV;09.03.2012;0,0027644452;3.062,58;0,2928171362;258.882,44;0,005434371;EUR
Muster ausgewogen cVV;10.03.2012;0,0000563174;62,56;0,2928879006;258.945,00;0;EUR
Muster ausgewogen cVV;11.03.2012;0,0000563142;62,56;0,2929586651;259.007,57;0;EUR
Muster ausgewogen cVV;12.03.2012;-0,0002175307;-241,68;0,2926980357;258.765,88;0,000634805;EUR
Muster ausgewogen cVV;13.03.2012;0,0050980054;5.662,83;0,2991164230;264.428,71;0,006968430;EUR
Muster ausgewogen cVV;14.03.2012;0,0041164551;4.595,84;0,3043283270;269.024,56;0,001857842;EUR
Muster ausgewogen cVV;15.03.2012;0,0018847981;2.112,96;0,3067318172;271.137,51;0,002407365;EUR
Muster ausgewogen cVV;16.03.2012;0,0014022415;1.574,95;0,3085268202;272.712,46;-0,001888219;EUR
Muster ausgewogen cVV;17.03.2012;0,0000535622;60,24;0,3085949753;272.772,71;0;EUR
Muster ausgewogen cVV;18.03.2012;0,0000535682;60,25;0,3086631417;272.832,96;0;EUR
Muster ausgewogen cVV;19.03.2012;-0,0002162369;-243,24;0,3084012237;272.589,72;-0,000148764;EUR
Muster ausgewogen cVV;20.03.2012;-0,0046843936;-5.268,15;0,3024539443;267.321,57;-0,004562048;EUR
Muster ausgewogen cVV;21.03.2012;0,0006602162;739,01;0,3033030624;268.060,58;0,001698530;EUR
Muster ausgewogen cVV;22.03.2012;-0,0035068921;-3.928,03;0,2988713694;264.132,56;-0,003842041;EUR
Muster ausgewogen cVV;23.03.2012;-0,0015609060;-1.742,22;0,2969126593;262.390,33;0,000415207;EUR
Muster ausgewogen cVV;24.03.2012;0,0000664741;74,08;0,2969964858;262.464,41;0;EUR
Muster ausgewogen cVV;25.03.2012;0,0000664607;74,07;0,2970803011;262.538,48;0;EUR
Muster ausgewogen cVV;26.03.2012;0,0029771292;3.318,21;0,3008478676;265.856,69;0,003826991;EUR
Muster ausgewogen cVV;27.03.2012;0,0010325503;1.154,27;0,3021668740;267.010,96;0,000998727;EUR
Muster ausgewogen cVV;28.03.2012;-0,0024558875;-2.748,23;0,2990694477;264.262,73;-0,002872312;EUR
Muster ausgewogen cVV;29.03.2012;-0,0066219501;-7.392,02;0,2907160760;256.870,71;-0,004905746;EUR
Muster ausgewogen cVV;30.03.2012;0,0025935356;2.875,97;0,2939833616;259.746,68;0,003248186;EUR
Muster ausgewogen cVV;31.03.2012;0,0000418192;46,49;0,2940359834;259.793,17;0;EUR
Muster ausgewogen cVV;01.04.2012;0,0000666294;74,08;0,2941198276;259.867,25;0;EUR
Muster ausgewogen cVV;02.04.2012;0,0053432465;5.941,13;0,3008566847;265.808,38;0,006535064;EUR
Muster ausgewogen cVV;03.04.2012;-0,0010222111;-1.142,66;0,2995759102;264.665,72;-0,004871294;EUR
Muster ausgewogen cVV;04.04.2012;-0,0075626381;-8.445,15;0,2900289496;256.220,57;-0,007633501;EUR
Muster ausgewogen cVV;05.04.2012;-0,0012027091;-1.332,90;0,2885322106;254.887,67;0,001438267;EUR
Muster ausgewogen cVV;06.04.2012;0,0000969589;107,33;0,2886657185;254.994,99;-0,000207027;EUR
Muster ausgewogen cVV;07.04.2012;0,0000669182;74,08;0,2887495803;255.069,07;0;EUR
Muster ausgewogen cVV;08.04.2012;0,0000669047;74,07;0,2888334308;255.143,14;0;EUR
Muster ausgewogen cVV;09.04.2012;0,0000492777;54,56;0,2889071920;255.197,70;-0,001862938;EUR
Muster ausgewogen cVV;10.04.2012;-0,0055450684;-6.139,64;0,2819682386;249.058,06;-0,009073021;EUR
Muster ausgewogen cVV;11.04.2012;-0,0010807277;-1.189,97;0,2806326244;247.868,09;0,001770460;EUR
Muster ausgewogen cVV;12.04.2012;0,0025788168;2.836,43;0,2838556964;250.704,52;0,005032234;EUR
Muster ausgewogen cVV;13.04.2012;-0,0030782122;-3.394,44;0,2800239210;247.310,07;-0,006192945;EUR
Muster ausgewogen cVV;14.04.2012;0,0000661943;72,77;0,2801063168;247.382,84;0;EUR
Muster ausgewogen cVV;15.04.2012;0,0000661809;72,76;0,2801887014;247.455,60;0;EUR
Muster ausgewogen cVV;16.04.2012;0,0014975991;1.646,59;0,2820646752;249.102,19;0,001364144;EUR
Muster ausgewogen cVV;17.04.2012;0,0035470695;3.905,78;0,2864990290;253.007,97;0,008508432;EUR
Muster ausgewogen cVV;18.04.2012;-0,0003415646;-377,44;0,2860833173;252.630,53;-0,002205839;EUR
Muster ausgewogen cVV;19.04.2012;-0,0012613210;-1.393,33;0,2845170884;251.237,20;-0,003514603;EUR
Muster ausgewogen cVV;20.04.2012;-0,0007281820;-803,38;0,2836188305;250.433,82;0,001931455;EUR
Muster ausgewogen cVV;21.04.2012;0,0000659977;72,76;0,2837012318;250.506,58;0;EUR
Muster ausgewogen cVV;22.04.2012;0,0000660024;72,77;0,2837836445;250.579,35;0;EUR
Muster ausgewogen cVV;23.04.2012;-0,0078351755;-8.639,12;0,2740108755;241.940,23;-0,008818199;EUR
Muster ausgewogen cVV;24.04.2012;0,0017730189;1.939,63;0,2762187970;243.879,86;0,001436268;EUR
Muster ausgewogen cVV;25.04.2012;0,0067565067;7.404,51;0,2846166566;251.284,37;0,007239142;EUR
Muster ausgewogen cVV;26.04.2012;0,0016015144;1.766,97;0,2866295667;253.051,34;0,003509292;EUR
Muster ausgewogen cVV;27.04.2012;0,0035563024;3.930,00;0,2910927553;256.981,33;0,002609846;EUR
Muster ausgewogen cVV;28.04.2012;0,0000539208;59,80;0,2911604915;257.041,13;0;EUR
Muster ausgewogen cVV;29.04.2012;0,0000539088;59,79;0,2912282164;257.100,92;0;EUR
Muster ausgewogen cVV;30.04.2012;-0,0009291432;-1.030,54;0,2900725256;256.070,38;-0,000759401;EUR
Muster ausgewogen cVV;01.05.2012;0,0000500306;55,44;0,2901469438;256.125,82;0,000782362;EUR
Muster ausgewogen cVV;02.05.2012;0,0009080707;1.006,28;0,2912985275;257.132,10;-0,000268863;EUR
Muster ausgewogen cVV;03.05.2012;0,0008048665;892,73;0,2923215264;258.024,83;-0,002043446;EUR
Muster ausgewogen cVV;04.05.2012;-0,0084280105;-9.355,54;0,2817336571;248.669,29;-0,007157905;EUR
Muster ausgewogen cVV;05.05.2012;0,0000568991;62,63;0,2818046131;248.731,92;0;EUR
Muster ausgewogen cVV;06.05.2012;0,0000568867;62,62;0,2818755579;248.794,54;0;EUR
Muster ausgewogen cVV;07.05.2012;-0,0023725945;-2.611,81;0,2789275421;246.182,73;0,000278216;EUR
Muster ausgewogen cVV;08.05.2012;-0,0051769983;-5.685,43;0,2724966765;240.497,30;-0,004564677;EUR
Muster ausgewogen cVV;09.05.2012;-0,0027038153;-2.953,99;0,2691602806;237.543,31;0,000750134;EUR
Muster ausgewogen cVV;10.05.2012;0,0018359438;2.000,39;0,2714376225;239.543,71;0,001839118;EUR
Muster ausgewogen cVV;11.05.2012;0,0002371339;258,85;0,2717416223;239.802,55;0,002155839;EUR
Muster ausgewogen cVV;12.05.2012;0,0000626663;68,42;0,2718191562;239.870,98;0;EUR
Muster ausgewogen cVV;13.05.2012;0,0000626532;68,41;0,2718966788;239.939,39;0;EUR
Muster ausgewogen cVV;14.05.2012;-0,0069712471;-7.612,37;0,2632807522;232.327,01;-0,005771113;EUR
Muster ausgewogen cVV;15.05.2012;-0,0022114934;-2.398,04;0,2605734108;229.928,97;-0,003031894;EUR
Muster ausgewogen cVV;16.05.2012;-0,0029404288;-3.181,42;0,2569780203;226.747,55;-0,002942324;EUR
Muster ausgewogen cVV;17.05.2012;-0,0017841587;-1.924,71;0,2548066396;224.822,85;-0,004405776;EUR
Muster ausgewogen cVV;18.05.2012;-0,0025974746;-2.797,09;0,2516462962;222.025,75;-0,005122803;EUR
Muster ausgewogen cVV;19.05.2012;0,0000717723;77,09;0,2517336678;222.102,84;0;EUR
Muster ausgewogen cVV;20.05.2012;0,0000717672;77,09;0,2518210393;222.179,93;0;EUR
Muster ausgewogen cVV;21.05.2012;0,0001213667;130,37;0,2519785833;222.310,30;0,004322082;EUR
Muster ausgewogen cVV;22.05.2012;0,0055196341;5.929,95;0,2587099314;228.240,25;0,005723668;EUR
Muster ausgewogen cVV;23.05.2012;-0,0078672782;-8.498,77;0,2490862139;219.741,49;-0,003655940;EUR
Muster ausgewogen cVV;24.05.2012;0,0043891204;4.704,12;0,2544283440;224.445,61;0,001609615;EUR
Muster ausgewogen cVV;25.05.2012;0,0027191021;2.927,04;0,2577563097;227.372,65;0,002155786;EUR
Muster ausgewogen cVV;26.05.2012;0,0000734351;79,27;0,2578461678;227.451,92;0;EUR
Muster ausgewogen cVV;27.05.2012;0,0000734389;79,28;0,2579360372;227.531,19;0;EUR
Muster ausgewogen cVV;28.05.2012;-0,0008675758;-936,60;0,2568841390;226.594,59;-0,000473595;EUR
Muster ausgewogen cVV;29.05.2012;0,0020220472;2.181,03;0,2593666397;228.775,62;0,005311748;EUR
Muster ausgewogen cVV;30.05.2012;-0,0048054028;-5.193,70;0,2534881473;223.581,92;-0,004598151;EUR
Muster ausgewogen cVV;31.05.2012;-0,0005570924;-599,21;0,2528184208;222.982,71;-0,000188468;EUR
Muster ausgewogen cVV;01.06.2012;-0,0089614945;-9.633,70;0,2419049056;213.349,01;-0,013445082;EUR
Muster ausgewogen cVV;02.06.2012;0,0000744111;79,28;0,2419947922;213.428,28;0;EUR
Muster ausgewogen cVV;03.06.2012;0,0000744055;79,28;0,2420846788;213.507,56;0;EUR
Muster ausgewogen cVV;04.06.2012;-0,0045065593;-4.801,90;0,2366490479;208.705,66;-0,006665252;EUR
Muster ausgewogen cVV;05.06.2012;-0,0000394366;-41,83;0,2366105762;208.663,83;0,001666609;EUR
Muster ausgewogen cVV;06.06.2012;0,0094543592;10.028,16;0,2479911977;218.691,99;0,008397941;EUR
Muster ausgewogen cVV;07.06.2012;0,0004858692;520,23;0,2485904984;219.212,22;0,001912924;EUR
Muster ausgewogen cVV;08.06.2012;-0,0030338803;-3.250,01;0,2449141400;215.962,21;0,002007639;EUR
Muster ausgewogen cVV;09.06.2012;0,0000742290;79,28;0,2450040436;216.041,48;0;EUR
Muster ausgewogen cVV;10.06.2012;0,0000742141;79,27;0,2450939358;216.120,75;0;EUR
Muster ausgewogen cVV;11.06.2012;0,0023428441;2.502,51;0,2479412356;218.623,25;-0,000757726;EUR
Muster ausgewogen cVV;12.06.2012;0,0012839332;1.374,64;0,2495095699;219.997,90;0,001293118;EUR
Muster ausgewogen cVV;13.06.2012;-0,0012540082;-1.344,33;0,2479941749;218.653,57;-0,004112183;EUR
Muster ausgewogen cVV;14.06.2012;-0,0006384822;-683,61;0,2472280522;217.969,96;0,000713914;EUR
Muster ausgewogen cVV;15.06.2012;0,0069078106;7.391,34;0,2556210462;225.361,30;0,006522332;EUR
Muster ausgewogen cVV;16.06.2012;0,0000735814;79,28;0,2557109666;225.440,57;0;EUR
Muster ausgewogen cVV;17.06.2012;0,0000735760;79,28;0,2558008870;225.519,85;0;EUR
Muster ausgewogen cVV;18.06.2012;0,0027019212;2.911,45;0,2591128841;228.431,30;0,003451516;EUR
Muster ausgewogen cVV;19.06.2012;0,0062317650;6.733,17;0,2667602959;235.164,47;0,003734403;EUR
Muster ausgewogen cVV;20.06.2012;0,0030122433;3.274,89;0,2704851858;238.439,35;-0,000222690;EUR
Muster ausgewogen cVV;21.06.2012;-0,0041146225;-4.486,86;0,2654050902;233.952,49;-0,003021954;EUR
Muster ausgewogen cVV;22.06.2012;-0,0033105949;-3.595,24;0,2613361253;230.357,25;-0,002664840;EUR
Muster ausgewogen cVV;23.06.2012;0,0000732418;79,28;0,2614260623;230.436,53;0;EUR
Muster ausgewogen cVV;24.06.2012;0,0000732364;79,28;0,2615159993;230.515,80;0;EUR
Muster ausgewogen cVV;25.06.2012;-0,0087562220;-9.478,99;0,2507714661;221.036,81;-0,005557836;EUR
Muster ausgewogen cVV;26.06.2012;0,0040525917;4.348,69;0,2557145332;225.385,51;0,000009790;EUR
Muster ausgewogen cVV;27.06.2012;0,0043046686;4.637,91;0,2609860862;230.023,41;0,005359909;EUR
Muster ausgewogen cVV;28.06.2012;-0,0030597212;-3.310,77;0,2572390470;226.712,64;-0,001915525;EUR
Muster ausgewogen cVV;29.06.2012;0,0155019301;16.722,56;0,2762233245;243.435,20;0,012581520;EUR
Muster ausgewogen cVV;30.06.2012;0,0000723674;79,28;0,2763132779;243.514,47;0;EUR
Muster ausgewogen cVV;01.07.2012;0,0000723622;79,28;0,2764032314;243.593,75;0;EUR
Muster ausgewogen cVV;02.07.2012;0,0124261675;13.614,38;0,2918619256;257.208,12;0,007945836;EUR
Muster ausgewogen cVV;03.07.2012;0,0053067162;5.886,40;0,2985522295;263.094,52;0,005540909;EUR
Muster ausgewogen cVV;04.07.2012;0,0003150398;351,31;0,2989617009;263.445,83;0,002665283;EUR
Muster ausgewogen cVV;05.07.2012;0,0006257200;697,97;0,2997645938;264.143,81;0,001532139;EUR
Muster ausgewogen cVV;06.07.2012;-0,0060242911;-6.724,14;0,2921442005;257.419,66;-0,004670595;EUR
Muster ausgewogen cVV;07.07.2012;0,0000714552;79,28;0,2922341702;257.498,94;0;EUR
Muster ausgewogen cVV;08.07.2012;0,0000714501;79,28;0,2923241399;257.578,22;0;EUR
Muster ausgewogen cVV;09.07.2012;-0,0028667266;-3.180,94;0,2887244912;254.397,28;-0,001880209;EUR
Muster ausgewogen cVV;10.07.2012;0,0032432872;3.588,45;0,2928076592;257.985,73;0,001953385;EUR
Muster ausgewogen cVV;11.07.2012;0,0010108043;1.122,01;0,2940916373;259.107,74;0,001202083;EUR
Muster ausgewogen cVV;12.07.2012;-0,0021008381;-2.334,32;0,2914525604;256.773,42;-0,001744519;EUR
Muster ausgewogen cVV;13.07.2012;0,0081868742;9.077,62;0,3017669314;265.851,04;0,007931732;EUR
Muster ausgewogen cVV;14.07.2012;0,0000694492;77,64;0,3018550557;265.928,68;0;EUR
Muster ausgewogen cVV;15.07.2012;0,0000694444;77,64;0,3019431800;266.006,31;0;EUR
Muster ausgewogen cVV;16.07.2012;0,0020171333;2.255,22;0,3045139106;268.261,54;0,000997682;EUR
Muster ausgewogen cVV;17.07.2012;0,0004238049;474,78;0,3050636837;268.736,32;0,002034791;EUR
Muster ausgewogen cVV;18.07.2012;0,0046707382;5.234,80;0,3110171265;273.971,12;0,005743454;EUR
Muster ausgewogen cVV;19.07.2012;0,0041162743;4.634,92;0,3162899530;278.606,04;0,004714752;EUR
Muster ausgewogen cVV;20.07.2012;-0,0054893831;-6.206,48;0,3092548959;272.399,55;-0,005233795;EUR
Muster ausgewogen cVV;21.07.2012;0,0000690448;77,64;0,3093430358;272.477,19;0;EUR
Muster ausgewogen cVV;22.07.2012;0,0000690400;77,64;0,3094311757;272.554,83;0;EUR
Muster ausgewogen cVV;23.07.2012;-0,0132507936;-14.901,61;0,2925236874;257.653,21;-0,011808819;EUR
Muster ausgewogen cVV;24.07.2012;-0,0021831622;-2.422,61;0,2897833768;255.230,60;-0,002981382;EUR
Muster ausgewogen cVV;25.07.2012;0,0008471477;938,01;0,2908585678;256.168,61;-0,000950173;EUR
Muster ausgewogen cVV;26.07.2012;0,0056843937;6.299,42;0,2980214726;262.468,04;0,008180701;EUR
Muster ausgewogen cVV;27.07.2012;0,0073706306;8.214,54;0,3073594614;270.682,57;0,006184728;EUR
Muster ausgewogen cVV;28.07.2012;0,0000691504;77,64;0,3074476167;270.760,21;0;EUR
Muster ausgewogen cVV;29.07.2012;0,0000691456;77,64;0,3075357720;270.837,84;0;EUR
Muster ausgewogen cVV;30.07.2012;0,0077059128;8.577,39;0,3172902036;279.415,24;0,007824612;EUR
Muster ausgewogen cVV;31.07.2012;0,0001279026;143,46;0,3174679108;279.558,70;-0,000577254;EUR
Muster ausgewogen cVV;01.08.2012;-0,0008790181;-986,09;0,3163628119;278.572,61;-0,001847435;EUR
Muster ausgewogen cVV;02.08.2012;-0,0017013120;-1.906,88;0,3142118376;276.665,73;-0,003198919;EUR
Muster ausgewogen cVV;03.08.2012;0,0067469257;7.549,27;0,3228005682;284.215,01;0,008295841;EUR
Muster ausgewogen cVV;04.08.2012;0,0000711034;80,10;0,3228915380;284.295,10;0;EUR
Muster ausgewogen cVV;05.08.2012;0,0000710984;80,10;0,3229825078;284.375,20;0;EUR
Muster ausgewogen cVV;06.08.2012;0,0025134426;2.831,72;0,3262137443;287.206,92;0,003547891;EUR
Muster ausgewogen cVV;07.08.2012;0,0039496372;4.460,96;0,3312958514;291.667,88;0,002422644;EUR
Muster ausgewogen cVV;08.08.2012;0,0014557736;1.650,73;0,3331862014;293.318,62;0,002330215;EUR
Muster ausgewogen cVV;09.08.2012;0,0025221674;2.864,11;0,3364550478;296.182,72;0,001762474;EUR
Muster ausgewogen cVV;10.08.2012;0,0010866971;1.237,14;0,3378758863;297.419,86;0,000762094;EUR
Muster ausgewogen cVV;11.08.2012;0,0000702796;80,10;0,3379668770;297.499,95;0;EUR
Muster ausgewogen cVV;12.08.2012;0,0000702746;80,10;0,3380578678;297.580,05;0;EUR
Muster ausgewogen cVV;13.08.2012;-0,0009166877;-1.044,87;0,3368862774;296.535,18;-0,002775953;EUR
Muster ausgewogen cVV;14.08.2012;0,0006896514;785,37;0,3377939336;297.320,55;0,002280559;EUR
Muster ausgewogen cVV;15.08.2012;0,0001230423;140,22;0,3379686316;297.460,76;-0,001712410;EUR
Muster ausgewogen cVV;16.08.2012;0,0018130300;2.066,34;0,3403318322;299.527,10;0,003119571;EUR
Muster ausgewogen cVV;17.08.2012;0,0009117718;1.041,04;0,3415301918;300.568,15;0,004251329;EUR
Muster ausgewogen cVV;18.08.2012;0,0000700860;80,10;0,3416212032;300.648,24;0;EUR
Muster ausgewogen cVV;19.08.2012;0,0000700810;80,10;0,3417122147;300.728,34;0;EUR
Muster ausgewogen cVV;20.08.2012;-0,0006512398;-744,36;0,3408818478;299.983,98;-0,001267737;EUR
Muster ausgewogen cVV;21.08.2012;0,0017034477;1.945,74;0,3431083623;301.929,72;-0,000998449;EUR
Muster ausgewogen cVV;22.08.2012;-0,0019224569;-2.199,65;0,3406240751;299.730,08;-0,001781360;EUR
Muster ausgewogen cVV;23.08.2012;-0,0020279292;-2.315,86;0,3380074505;297.414,21;-0,004223953;EUR
Muster ausgewogen cVV;24.08.2012;0,0005411540;616,74;0,3387235717;298.030,95;0,002586046;EUR
Muster ausgewogen cVV;25.08.2012;0,0000702419;80,10;0,3388146037;298.111,05;0;EUR
Muster ausgewogen cVV;26.08.2012;0,0000702370;80,10;0,3389056357;298.191,14;0;EUR
Muster ausgewogen cVV;27.08.2012;0,0022075251;2.517,56;0,3417822563;300.708,71;0,002657168;EUR
Muster ausgewogen cVV;28.08.2012;-0,0022632225;-2.586,78;0,3388573012;298.121,93;-0,002867818;EUR
Muster ausgewogen cVV;29.08.2012;-0,0017074358;-1.947,12;0,3366591494;296.174,81;0,000293010;EUR
Muster ausgewogen cVV;30.08.2012;-0,0030536635;-3.476,38;0,3327223961;292.698,42;-0,004510798;EUR
Muster ausgewogen cVV;31.08.2012;0,0024019085;2.726,05;0,3358361390;295.424,48;0,001574350;EUR
Muster ausgewogen cVV;01.09.2012;0,0000704028;80,10;0,3359271913;295.504,57;0;EUR
Muster ausgewogen cVV;02.09.2012;0,0000696860;79,29;0,3360173228;295.583,86;0;EUR
Muster ausgewogen cVV;03.09.2012;0,0026219925;2.983,40;0,3394238861;298.567,26;0,002041297;EUR
Muster ausgewogen cVV;04.09.2012;-0,0016995290;-1.938,86;0,3372346337;296.628,40;-0,003495811;EUR
Muster ausgewogen cVV;05.09.2012;0,0004568818;520,33;0,3378411209;297.148,74;-0,000270269;EUR
Muster ausgewogen cVV;06.09.2012;0,0059175112;6.742,43;0,3455221122;303.891,17;0,009534307;EUR
Muster ausgewogen cVV;07.09.2012;0,0038882522;4.456,50;0,3506045495;308.347,68;0,002388872;EUR
Muster ausgewogen cVV;08.09.2012;0,0000689081;79,29;0,3506947009;308.426,96;0;EUR
Muster ausgewogen cVV;09.09.2012;0,0000689034;79,29;0,3507848523;308.506,25;0;EUR
Muster ausgewogen cVV;10.09.2012;0,0012163860;1.399,77;0,3523919207;309.906,02;-0,001142075;EUR
Muster ausgewogen cVV;11.09.2012;-0,0002205016;-254,05;0,3521184654;309.651,96;0,003096975;EUR
Muster ausgewogen cVV;12.09.2012;-0,0007306452;-841,64;0,3511767606;308.810,33;0,000241313;EUR
Muster ausgewogen cVV;13.09.2012;-0,0000405468;-46,67;0,3511390072;308.763,66;0,002204636;EUR
Muster ausgewogen cVV;14.09.2012;0,0049571080;5.705,72;0,3576433689;314.469,38;0,000574082;EUR
Muster ausgewogen cVV;15.09.2012;0,0000685434;79,29;0,3577335400;314.548,67;0;EUR
Muster ausgewogen cVV;16.09.2012;0,0000685474;79,30;0,3578237225;314.627,96;0;EUR
Muster ausgewogen cVV;17.09.2012;-0,0014589479;-1.687,83;0,3559196333;312.940,13;-0,000351579;EUR
Muster ausgewogen cVV;18.09.2012;-0,0001309028;-151,22;0,3557630760;312.788,91;-0,000813139;EUR
Muster ausgewogen cVV;19.09.2012;0,0012042338;1.390,94;0,3573605884;314.179,85;0,002925801;EUR
Muster ausgewogen cVV;20.09.2012;0,0000322386;37,28;0,3574184330;314.217,14;0,001677864;EUR
Muster ausgewogen cVV;21.09.2012;0,0002582557;298,67;0,3577735848;314.515,80;0,001972652;EUR
Muster ausgewogen cVV;22.09.2012;0,0000922726;106,74;0,3578950036;314.622,54;0;EUR
Muster ausgewogen cVV;23.09.2012;0,0000922728;106,75;0,3580164338;314.729,29;0;EUR
Muster ausgewogen cVV;24.09.2012;0,0002666177;308,47;0,3583827511;315.037,76;-0,000461236;EUR
Muster ausgewogen cVV;25.09.2012;-0,0006197757;-717,26;0,3575821566;314.320,50;-0,002213638;EUR
Muster ausgewogen cVV;26.09.2012;-0,0036147899;-4.180,78;0,3528410756;310.139,72;-0,003995132;EUR
Muster ausgewogen cVV;27.09.2012;0,0015092323;1.739,23;0,3548349454;311.878,95;0,001864005;EUR
Muster ausgewogen cVV;28.09.2012;-0,0003508364;-404,87;0,3543894957;311.474,09;-0,003673176;EUR
Muster ausgewogen cVV;29.09.2012;0,0000925265;106,74;0,3545109405;311.580,83;0;EUR
Muster ausgewogen cVV;30.09.2012;0,0000925266;106,75;0,3546323967;311.687,57;0;EUR
Muster ausgewogen cVV;01.10.2012;0,0023468467;2.707,81;0,3577285903;314.395,39;0,003733007;EUR
Muster ausgewogen cVV;02.10.2012;0,0005334863;616,99;0,3584459077;315.012,38;-0,000627726;EUR
Muster ausgewogen cVV;03.10.2012;0,0000969855;112,23;0,3585888737;315.124,60;0,001613032;EUR
Muster ausgewogen cVV;04.10.2012;0,0004576081;529,57;0,3592067438;315.654,17;-0,000133527;EUR
Muster ausgewogen cVV;05.10.2012;0,0017370716;2.011,14;0,3615107031;317.665,31;0,002490656;EUR
Muster ausgewogen cVV;06.10.2012;0,0000977107;113,32;0,3616396680;317.778,63;0;EUR
Muster ausgewogen cVV;07.10.2012;0,0000976925;113,31;0,3617686216;317.891,94;0;EUR
Muster ausgewogen cVV;08.10.2012;-0,0010203283;-1.183,60;0,3604369162;316.708,35;-0,002590285;EUR
Muster ausgewogen cVV;09.10.2012;0,0013726533;1.590,67;0,3622625175;318.299,02;-0,002947243;EUR
Muster ausgewogen cVV;10.10.2012;-0,0024165984;-2.804,27;0,3590860557;315.494,75;-0,002944479;EUR
Muster ausgewogen cVV;11.10.2012;0,0001714983;198,53;0,3593271325;315.693,28;0,002476824;EUR
Muster ausgewogen cVV;12.10.2012;0,0001839208;212,95;0,3595846092;315.906,23;-0,001714712;EUR
Muster ausgewogen cVV;13.10.2012;0,0000978749;113,34;0,3597136222;316.019,57;0;EUR
Muster ausgewogen cVV;14.10.2012;0,0000978567;113,33;0,3598426239;316.132,90;0;EUR
Muster ausgewogen cVV;15.10.2012;-0,0003355116;-388,61;0,3594153462;315.744,29;0,002875506;EUR
Muster ausgewogen cVV;16.10.2012;0,0004735911;548,36;0,3600546030;316.292,65;0,004488029;EUR
Muster ausgewogen cVV;17.10.2012;0,0014131853;1.637,05;0,3619332659;317.929,70;-0,000159557;EUR
Muster ausgewogen cVV;18.10.2012;0,0026575841;3.082,94;0,3654581236;321.012,64;0,002006610;EUR
Muster ausgewogen cVV;19.10.2012;-0,0004709205;-547,74;0,3648497103;320.464,89;-0,003585570;EUR
Muster ausgewogen cVV;20.10.2012;0,0000974911;113,34;0,3649787503;320.578,23;0;EUR
Muster ausgewogen cVV;21.10.2012;0,0000974730;113,33;0,3651077788;320.691,57;0;EUR
Muster ausgewogen cVV;22.10.2012;-0,0016923258;-1.967,86;0,3628824243;318.723,71;-0,003098217;EUR
Muster ausgewogen cVV;23.10.2012;-0,0031400568;-3.645,12;0,3587471311;315.078,58;-0,006583404;EUR
Muster ausgewogen cVV;24.10.2012;-0,0004463214;-516,48;0,3581738680;314.562,10;0,000644994;EUR
Muster ausgewogen cVV;25.10.2012;0,0007320026;846,70;0,3591527664;315.408,80;0,001258371;EUR
Muster ausgewogen cVV;26.10.2012;0,0002529506;292,80;0,3595009720;315.701,60;0,001912041;EUR
Muster ausgewogen cVV;27.10.2012;0,0000871506;100,90;0,3596158762;315.802,50;0;EUR
Muster ausgewogen cVV;28.10.2012;0,0000871430;100,90;0,3597307804;315.903,41;0;EUR
Muster ausgewogen cVV;29.10.2012;-0,0006009660;-695,93;0,3589530426;315.207,47;0,000116898;EUR
Muster ausgewogen cVV;30.10.2012;0,0008810811;1.019,70;0,3601290287;316.227,17;0,002304766;EUR
Muster ausgewogen cVV;31.10.2012;0,0006026234;698,05;0,3609387587;316.925,22;-0,000299031;EUR
Muster ausgewogen cVV;01.11.2012;0,0006482645;751,37;0,3618092539;317.676,59;0,005461469;EUR
Muster ausgewogen cVV;02.11.2012;0,0016650615;1.931,14;0,3640235096;319.607,73;0,002213717;EUR
Muster ausgewogen cVV;03.11.2012;0,0000875548;101,71;0,3641393598;319.709,44;0;EUR
Muster ausgewogen cVV;04.11.2012;0,0000875471;101,71;0,3642552101;319.811,16;0;EUR
Muster ausgewogen cVV;05.11.2012;0,0006961997;808,94;0,3651914237;320.620,09;0,000017056;EUR
Muster ausgewogen cVV;06.11.2012;0,0010291821;1.196,67;0,3665693392;321.816,77;0,003126101;EUR
Muster ausgewogen cVV;07.11.2012;-0,0002041388;-237,61;0,3663135378;321.579,16;-0,006900307;EUR
Muster ausgewogen cVV;08.11.2012;0,0005593034;650,86;0,3670697877;322.230,03;-0,002606355;EUR
Muster ausgewogen cVV;09.11.2012;-0,0021300908;-2.480,18;0,3642591890;319.749,85;-0,001109617;EUR
Muster ausgewogen cVV;10.11.2012;0,0001056183;122,71;0,3643989859;319.872,56;0;EUR
Muster ausgewogen cVV;11.11.2012;0,0001056072;122,71;0,3645387829;319.995,28;0;EUR
Muster ausgewogen cVV;12.11.2012;0,0003045904;353,97;0,3649567301;320.349,25;-0,000083242;EUR
Muster ausgewogen cVV;13.11.2012;-0,0044396535;-5.160,97;0,3590915530;315.188,28;-0,000504421;EUR
Muster ausgewogen cVV;14.11.2012;-0,0032344199;-3.743,23;0,3548411637;311.445,05;-0,005402624;EUR
Muster ausgewogen cVV;15.11.2012;-0,0051128227;-5.897,99;0,3481353108;305.547,06;-0,003847649;EUR
Muster ausgewogen cVV;16.11.2012;-0,0016794624;-1.927,47;0,3459530171;303.619,60;-0,001442845;EUR
Muster ausgewogen cVV;17.11.2012;0,0000880917;100,93;0,3460680202;303.720,53;0;EUR
Muster ausgewogen cVV;18.11.2012;0,0000880927;100,94;0,3461830346;303.821,47;0;EUR
Muster ausgewogen cVV;19.11.2012;0,0055512517;6.361,42;0,3534455279;310.182,89;0,009219557;EUR
Muster ausgewogen cVV;20.11.2012;0,0005565960;641,37;0,3541904568;310.824,26;0,001174288;EUR
Muster ausgewogen cVV;21.11.2012;-0,0000720730;-83,10;0,3541098423;310.741,16;0,000338305;EUR
Muster ausgewogen cVV;22.11.2012;0,0013856609;1.597,48;0,3559443936;312.338,64;0,002174257;EUR
Muster ausgewogen cVV;23.11.2012;0,0001310391;151,28;0,3561308947;312.489,92;0,003675008;EUR
Muster ausgewogen cVV;24.11.2012;0,0000860771;99,39;0,3562441601;312.589,31;0;EUR
Muster ausgewogen cVV;25.11.2012;0,0000860697;99,39;0,3563574255;312.688,69;0;EUR
Muster ausgewogen cVV;26.11.2012;-0,0003415927;-394,47;0,3559219258;312.294,22;-0,000584715;EUR
Muster ausgewogen cVV;27.11.2012;0,0018644872;2.152,39;0,3583891478;314.446,61;0,001040092;EUR
Muster ausgewogen cVV;28.11.2012;-0,0022504646;-2.602,82;0,3554365910;311.843,79;0,002847921;EUR
Muster ausgewogen cVV;29.11.2012;0,0033181800;3.829,07;0,3598150634;315.672,86;0,002495403;EUR
Muster ausgewogen cVV;30.11.2012;-0,0006731791;-779,40;0,3589407484;314.893,46;-0,000194612;EUR
Muster ausgewogen cVV;01.12.2012;0,0000858983;99,39;0,3590540362;314.992,84;0;EUR
Muster ausgewogen cVV;02.12.2012;0,0000852859;98,69;0,3591665259;315.091,53;0;EUR
Muster ausgewogen cVV;03.12.2012;-0,0006096387;-705,48;0,3583763884;314.386,05;-0,000865048;EUR
Muster ausgewogen cVV;04.12.2012;-0,0020404411;-2.359,79;0,3557003053;312.026,26;0,000108675;EUR
Muster ausgewogen cVV;05.12.2012;0,0011134230;1.285,06;0,3571791564;313.311,31;0,002477624;EUR
Muster ausgewogen cVV;06.12.2012;0,0036881924;4.261,46;0,3620513707;317.572,78;0,006208682;EUR
Muster ausgewogen cVV;07.12.2012;0,0020388483;2.364,44;0,3647611408;319.937,22;0,001204710;EUR
Muster ausgewogen cVV;08.12.2012;0,0000849317;98,70;0,3648736639;320.035,91;0;EUR
Muster ausgewogen cVV;09.12.2012;0,0000849158;98,69;0,3649861756;320.134,60;0;EUR
Muster ausgewogen cVV;10.12.2012;0,0003187960;370,52;0,3654227771;320.505,12;0,000311475;EUR
Muster ausgewogen cVV;11.12.2012;0,0011012745;1.280,37;0,3668967861;321.785,49;0,002014984;EUR
Muster ausgewogen cVV;12.12.2012;0,0008548308;994,94;0,3680454271;322.780,44;0,000328265;EUR
Muster ausgewogen cVV;13.12.2012;-0,0020924690;-2.437,52;0,3652801606;320.342,92;-0,002633532;EUR
Muster ausgewogen cVV;14.12.2012;-0,0001977510;-229,88;0,3650320800;320.113,04;-0,000589745;EUR
Muster ausgewogen cVV;15.12.2012;0,0000849102;98,69;0,3651446134;320.211,72;0;EUR
Muster ausgewogen cVV;16.12.2012;0,0000849030;98,69;0,3652571469;320.310,41;0;EUR
Muster ausgewogen cVV;17.12.2012;-0,0001365966;-158,78;0,3650901022;320.151,62;0,000967369;EUR
Muster ausgewogen cVV;18.12.2012;0,0002424219;281,76;0,3654254195;320.433,38;0,002602500;EUR
Muster ausgewogen cVV;19.12.2012;0,0000067472;7,84;0,3654483462;320.441,23;-0,000208330;EUR
Muster ausgewogen cVV;20.12.2012;-0,0027468250;-3.193,36;0,3618202854;317.247,87;0,001332194;EUR
Muster ausgewogen cVV;21.12.2012;0,0009569152;1.109,42;0,3630994135;318.357,29;-0,001250663;EUR
Muster ausgewogen cVV;22.12.2012;0,0000850387;98,69;0,3632119685;318.455,97;0;EUR
Muster ausgewogen cVV;23.12.2012;0,0000850314;98,69;0,3633245234;318.554,66;0;EUR
Muster ausgewogen cVV;24.12.2012;-0,0000386805;-44,90;0,3632871383;318.509,76;-0,000863603;EUR
Muster ausgewogen cVV;25.12.2012;0,0000798201;92,64;0,3634066025;318.602,41;0,000131628;EUR
Muster ausgewogen cVV;26.12.2012;0,0000048228;5,60;0,3634267610;318.608,00;-0,001048597;EUR
Muster ausgewogen cVV;27.12.2012;0,0006357054;737,88;0,3642822217;319.345,89;0,001578160;EUR
Muster ausgewogen cVV;28.12.2012;-0,0009782062;-1.136,16;0,3629998992;318.209,73;-0,002600827;EUR
Muster ausgewogen cVV;29.12.2012;0,0000850495;98,69;0,3631124755;318.308,42;0;EUR
Muster ausgewogen cVV;30.12.2012;0,0000850509;98,70;0,3632250632;318.407,11;0;EUR
Muster ausgewogen cVV;31.12.2012;0,0005316244;616,97;0,3639425862;319.024,08;0,002915282;EUR
Muster ausgewogen cVV;01.01.2013;0,0000727105;84,43;0,3640525948;319.108,51;0,000001056;EUR
Muster ausgewogen cVV;02.01.2013;0,0087112544;10.115,78;0,3756072062;329.224,28;0,008048976;EUR
Muster ausgewogen cVV;03.01.2013;0,0021528495;2.521,73;0,3784983983;331.746,02;0,000769515;EUR
Muster ausgewogen cVV;04.01.2013;-0,0017269114;-2.027,17;0,3761996179;329.718,85;0,001494946;EUR
Muster ausgewogen cVV;05.01.2013;0,0000842508;98,73;0,3763122644;329.817,58;0;EUR
Muster ausgewogen cVV;06.01.2013;0,0000842437;98,73;0,3764249108;329.916,31;0;EUR
Muster ausgewogen cVV;07.01.2013;-0,0015005295;-1.758,68;0,3744322887;328.157,63;-0,002486526;EUR
Muster ausgewogen cVV;08.01.2013;-0,0004095997;-479,35;0,3738992811;327.678,28;-0,000703091;EUR
Muster ausgewogen cVV;09.01.2013;0,0015473900;1.810,14;0,3759787340;329.488,42;0,002595902;EUR
Muster ausgewogen cVV;10.01.2013;-0,0002709494;-317,45;0,3756304408;329.170,97;-0,002926859;EUR
Muster ausgewogen cVV;11.01.2013;-0,0050457229;-5.910,02;0,3688999442;323.260,95;-0,002303613;EUR
Muster ausgewogen cVV;12.01.2013;0,0000912758;106,37;0,3690213332;323.367,32;0;EUR
Muster ausgewogen cVV;13.01.2013;0,0000912674;106,37;0,3691427223;323.473,69;0;EUR
Muster ausgewogen cVV;14.01.2013;0,0004606807;536,97;0,3697691772;324.010,66;0,000285649;EUR
Muster ausgewogen cVV;15.01.2013;-0,0002824483;-329,37;0,3694069271;323.681,29;-0,000540384;EUR
Muster ausgewogen cVV;16.01.2013;-0,0005618853;-655,05;0,3686729277;323.026,24;0,000734141;EUR
Muster ausgewogen cVV;17.01.2013;0,0022845012;2.661,78;0,3717245188;325.688,02;0,000208945;EUR
Muster ausgewogen cVV;18.01.2013;0,0005157281;602,27;0,3724255964;326.290,30;0,001201012;EUR
Muster ausgewogen cVV;19.01.2013;0,0000993046;116,03;0,3725580309;326.406,33;0;EUR
Muster ausgewogen cVV;20.01.2013;0,0000992948;116,03;0,3726904654;326.522,35;0;EUR
Muster ausgewogen cVV;21.01.2013;0,0014927642;1.744,51;0,3746953693;328.266,86;0,000674457;EUR
Muster ausgewogen cVV;22.01.2013;-0,0011674219;-1.366,34;0,3731494319;326.900,53;0,000024506;EUR
Muster ausgewogen cVV;23.01.2013;0,0013434738;1.570,55;0,3749558698;328.471,08;0,001021531;EUR
Muster ausgewogen cVV;24.01.2013;-0,0022117156;-2.589,02;0,3720140126;325.882,06;-0,000619138;EUR
Muster ausgewogen cVV;25.01.2013;-0,0005309500;-620,15;0,3713195786;325.261,91;0,001458298;EUR
Muster ausgewogen cVV;26.01.2013;0,0000993921;116,03;0,3714520372;325.377,94;0;EUR
Muster ausgewogen cVV;27.01.2013;0,0000993822;116,03;0,3715844959;325.493,96;0;EUR
Muster ausgewogen cVV;28.01.2013;-0,0019321063;-2.255,96;0,3690224879;323.238,01;-0,002224281;EUR
Muster ausgewogen cVV;29.01.2013;0,0006047875;704,80;0,3698405161;323.942,80;0,001773315;EUR
Muster ausgewogen cVV;30.01.2013;-0,0014175565;-1.652,96;0,3679666645;322.289,84;-0,004032881;EUR
Muster ausgewogen cVV;31.01.2013;-0,0031139080;-3.625,87;0,3638400496;318.663,97;-0,001139010;EUR
Muster ausgewogen cVV;01.02.2013;-0,0011032809;-1.280,67;0,3623908801;317.383,29;0,002174782;EUR
Muster ausgewogen cVV;02.02.2013;0,0000859661;99,68;0,3625046935;317.482,97;0;EUR
Muster ausgewogen cVV;03.02.2013;0,0000859588;99,68;0,3626185069;317.582,65;0;EUR
Muster ausgewogen cVV;04.02.2013;-0,0039562152;-4.588,04;0,3573926995;312.994,61;-0,005675217;EUR
Muster ausgewogen cVV;05.02.2013;0,0000648768;74,94;0,3574911074;313.069,55;0,001621316;EUR
Muster ausgewogen cVV;06.02.2013;0,0024314456;2.808,79;0,3607113625;315.878,33;-0,001586281;EUR
Muster ausgewogen cVV;07.02.2013;-0,0017053110;-1.974,75;0,3584691576;313.903,58;0,002961872;EUR
Muster ausgewogen cVV;08.02.2013;0,0031551677;3.647,46;0,3626474015;317.551,04;0,003722175;EUR
Muster ausgewogen cVV;09.02.2013;0,0000620648;71,97;0,3627295978;317.623,01;0;EUR
Muster ausgewogen cVV;10.02.2013;0,0000620696;71,98;0,3628118055;317.695,00;0;EUR
Muster ausgewogen cVV;11.02.2013;0,0005971635;692,60;0,3636157263;318.387,60;-0,001308569;EUR
Muster ausgewogen cVV;12.02.2013;0,0011227988;1.303,02;0,3651168357;319.690,62;0,000323960;EUR
Muster ausgewogen cVV;13.02.2013;0,0019225942;2.233,69;0,3676809849;321.924,31;0,001907427;EUR
Muster ausgewogen cVV;14.02.2013;-0,0003851262;-448,30;0,3671819780;321.476,01;0,000060236;EUR
Muster ausgewogen cVV;15.02.2013;-0,0030966051;-3.603,20;0,3630793355;317.872,80;-0,002556958;EUR
Muster ausgewogen cVV;16.02.2013;0,0000620562;71,98;0,3631615578;317.944,79;0;EUR
Muster ausgewogen cVV;17.02.2013;0,0000620524;71,98;0,3632437802;318.016,77;0;EUR
Muster ausgewogen cVV;18.02.2013;0,0004927824;571,70;0,3639096352;318.588,47;0,002223745;EUR
Muster ausgewogen cVV;19.02.2013;0,0047329185;5.493,55;0,3701977288;324.082,02;0,006162146;EUR
Muster ausgewogen cVV;20.02.2013;-0,0011784486;-1.374,31;0,3686408319;322.707,71;-0,003283717;EUR
Muster ausgewogen cVV;21.02.2013;-0,0062515033;-7.281,94;0,3603350662;315.425,77;-0,003673187;EUR
Muster ausgewogen cVV;22.02.2013;0,0048045678;5.561,52;0,3667012749;320.987,29;0,006299769;EUR
Muster ausgewogen cVV;23.02.2013;0,0000618815;71,97;0,3667835003;321.059,26;0;EUR
Muster ausgewogen cVV;24.02.2013;0,0000618862;71,98;0,3668657371;321.131,25;0;EUR
Muster ausgewogen cVV;25.02.2013;0,0046912919;5.457,16;0,3731131514;326.588,41;0,000778230;EUR
Muster ausgewogen cVV;26.02.2013;-0,0077115364;-8.932,51;0,3629247932;317.655,90;-0,001953886;EUR
Muster ausgewogen cVV;27.02.2013;0,0013478870;1.549,26;0,3647115354;319.205,16;0,004415936;EUR
Muster ausgewogen cVV;28.02.2013;0,0026193536;3.014,74;0,3681728874;322.219,89;0,004075263;EUR
Muster ausgewogen cVV;01.03.2013;-0,0001742379;-201,06;0,3679599370;322.018,83;0,000741909;EUR
Muster ausgewogen cVV;02.03.2013;0,0000624349;72,03;0,3680422489;322.090,87;0;EUR
Muster ausgewogen cVV;03.03.2013;0,0000624396;72,04;0,3681245722;322.162,91;0;EUR
Muster ausgewogen cVV;04.03.2013;-0,0025761483;-2.972,63;0,3647444598;319.190,28;-0,000451798;EUR
Muster ausgewogen cVV;05.03.2013;0,0069988468;8.055,20;0,3739662833;327.245,48;0,007683835;EUR
Muster ausgewogen cVV;06.03.2013;0,0022335225;2.588,63;0,3769415920;329.834,11;0,002770395;EUR
Muster ausgewogen cVV;07.03.2013;-0,0013833354;-1.606,85;0,3751222419;328.227,26;-0,001411825;EUR
Muster ausgewogen cVV;08.03.2013;0,0056191058;6.517,99;0,3825887820;334.745,25;0,003908114;EUR
Muster ausgewogen cVV;09.03.2013;0,0000617537;72,03;0,3826711125;334.817,28;0;EUR
Muster ausgewogen cVV;10.03.2013;0,0000617585;72,04;0,3827534545;334.889,33;0;EUR
Muster ausgewogen cVV;11.03.2013;-0,0007926410;-924,72;0,3817137983;333.964,61;0,001042144;EUR
Muster ausgewogen cVV;12.03.2013;0,0007957861;927,65;0,3827913321;334.892,26;-0,000386496;EUR
Muster ausgewogen cVV;13.03.2013;0,0002836484;330,91;0,3831868109;335.223,17;0,001255168;EUR
Muster ausgewogen cVV;14.03.2013;0,0027169871;3.170,63;0,3868284614;338.393,80;0,004012495;EUR
Muster ausgewogen cVV;15.03.2013;-0,0007068575;-827,12;0,3859002506;337.566,69;-0,000852532;EUR
Muster ausgewogen cVV;16.03.2013;0,0000616047;72,03;0,3859825996;337.638,72;0;EUR
Muster ausgewogen cVV;17.03.2013;0,0000616095;72,04;0,3860649601;337.710,77;0;EUR
Muster ausgewogen cVV;18.03.2013;-0,0025327683;-2.961,95;0,3826960282;334.748,81;-0,000473445;EUR
Muster ausgewogen cVV;19.03.2013;-0,0026244358;-3.061,38;0,3792130903;331.687,43;-0,000393255;EUR
Muster ausgewogen cVV;20.03.2013;0,0004591629;534,20;0,3798407702;332.221,63;0,001203381;EUR
Muster ausgewogen cVV;21.03.2013;-0,0016712390;-1.945,26;0,3776334883;330.276,37;-0,002929975;EUR
Muster ausgewogen cVV;22.03.2013;-0,0009537905;-1.108,32;0,3763829673;329.168,05;-0,001200852;EUR
Muster ausgewogen cVV;23.03.2013;0,0000620504;72,03;0,3764653347;329.240,08;0;EUR
Muster ausgewogen cVV;24.03.2013;0,0000620465;72,03;0,3765477021;329.312,12;0;EUR
Muster ausgewogen cVV;25.03.2013;-0,0016074509;-1.866,34;0,3744302655;327.445,78;0,000775955;EUR
Muster ausgewogen cVV;26.03.2013;-0,0039528229;-4.582,07;0,3692070728;322.863,72;0,001718145;EUR
Muster ausgewogen cVV;27.03.2013;-0,0017717297;-2.045,65;0,3668840052;320.818,07;-0,001068095;EUR
Muster ausgewogen cVV;28.03.2013;-0,0008559896;-986,58;0,3657718975;319.831,49;-0,000199945;EUR
Muster ausgewogen cVV;29.03.2013;0,0000099507;11,46;0,3658011091;319.842,95;-0,000018112;EUR
Muster ausgewogen cVV;30.03.2013;0,0000625528;72,03;0,3658834947;319.914,98;0;EUR
Muster ausgewogen cVV;31.03.2013;0,0000625489;72,03;0,3659658803;319.987,02;0;EUR
Muster ausgewogen cVV;01.04.2013;-0,0000903667;-104,08;0,3658629284;319.882,94;-0,001231226;EUR
Muster ausgewogen cVV;02.04.2013;0,0068980465;7.943,96;0,3749652108;327.826,90;0,005884520;EUR
Muster ausgewogen cVV;03.04.2013;-0,0033760019;-3.914,71;0,3705038342;323.912,19;-0,003517817;EUR
Muster ausgewogen cVV;04.04.2013;-0,0022563018;-2.607,51;0,3675373342;321.304,69;-0,001774703;EUR
Muster ausgewogen cVV;05.04.2013;-0,0062368969;-7.191,44;0,3593268042;314.113,25;-0,008849567;EUR
Muster ausgewogen cVV;06.04.2013;0,0000629093;72,08;0,3594092650;314.185,34;0;EUR
Muster ausgewogen cVV;07.04.2013;0,0000628966;72,07;0,3594917144;314.257,41;0;EUR
Muster ausgewogen cVV;08.04.2013;0,0012728838;1.458,72;0,3611761444;315.716,14;0,001488251;EUR
Muster ausgewogen cVV;09.04.2013;0,0001185928;136,08;0,3613475352;315.852,22;-0,000565196;EUR
Muster ausgewogen cVV;10.04.2013;0,0093385635;10.716,88;0,3736242998;326.569,10;0,008263183;EUR
Muster ausgewogen cVV;11.04.2013;0,0012036389;1.394,19;0,3752356397;327.963,29;0,003145970;EUR
Muster ausgewogen cVV;12.04.2013;-0,0081904068;-9.498,46;0,3643838447;318.464,83;-0,003570682;EUR
Muster ausgewogen cVV;13.04.2013;0,0000747932;86,03;0,3644822766;318.550,86;0;EUR
Muster ausgewogen cVV;14.04.2013;0,0000747963;86,04;0,3645807200;318.636,90;0;EUR
Muster ausgewogen cVV;15.04.2013;-0,0077405014;-8.904,51;0,3544075859;309.732,39;-0,004739854;EUR
Muster ausgewogen cVV;16.04.2013;-0,0045460353;-5.189,18;0,3484849488;304.543,20;-0,001034754;EUR
Muster ausgewogen cVV;17.04.2013;-0,0076709443;-8.716,38;0,3385254722;295.826,82;-0,006405610;EUR
Muster ausgewogen cVV;18.04.2013;-0,0020615239;-2.324,51;0,3358798805;293.502,31;-0,003154488;EUR
Muster ausgewogen cVV;19.04.2013;0,0015139904;1.703,61;0,3378439573;295.205,92;0,000751761;EUR
Muster ausgewogen cVV;20.04.2013;0,0000626100;70,56;0,3379247066;295.276,48;0;EUR
Muster ausgewogen cVV;21.04.2013;0,0000625972;70,55;0,3380054445;295.347,02;0;EUR
Muster ausgewogen cVV;22.04.2013;0,0060642773;6.834,98;0,3458424442;302.182,01;0,003331452;EUR
Muster ausgewogen cVV;23.04.2013;0,0095891515;10.873,37;0,3583021576;313.055,38;0,009115534;EUR
Muster ausgewogen cVV;24.04.2013;0,0076969426;8.811,44;0,3684028610;321.866,82;0,005284833;EUR
Muster ausgewogen cVV;25.04.2013;0,0078678079;9.076,37;0,3788076479;330.943,19;0,003636986;EUR
Muster ausgewogen cVV;26.04.2013;-0,0016919705;-1.967,23;0,3765719090;328.975,96;-0,000653659;EUR
Muster ausgewogen cVV;27.04.2013;0,0000607884;70,56;0,3766526755;329.046,52;0;EUR
Muster ausgewogen cVV;28.04.2013;0,0000607761;70,55;0,3767334306;329.117,07;0;EUR
Muster ausgewogen cVV;29.04.2013;0,0027408639;3.181,76;0,3803916681;332.298,83;0,002707420;EUR
Muster ausgewogen cVV;30.04.2013;0,0006267372;729,55;0,3812429562;333.028,38;0,000874444;EUR
Muster ausgewogen cVV;01.05.2013;0,0000036048;4,20;0,3812638903;333.032,58;-0,001777352;EUR
Muster ausgewogen cVV;02.05.2013;0,0001763084;205,36;0,3815151012;333.237,94;0,005777085;EUR
Muster ausgewogen cVV;03.05.2013;0,0083634838;9.743,29;0,3926864875;342.981,23;0,005437698;EUR
Muster ausgewogen cVV;04.05.2013;0,0000593316;69,70;0,3927662865;343.050,93;0;EUR
Muster ausgewogen cVV;05.05.2013;0,0000593196;69,69;0,3928460740;343.120,61;0;EUR
Muster ausgewogen cVV;06.05.2013;0,0013508054;1.587,01;0,3946796855;344.707,63;0,000973427;EUR
Muster ausgewogen cVV;07.05.2013;0,0025985258;3.057,04;0,3981966255;347.764,66;0,002341633;EUR
Muster ausgewogen cVV;08.05.2013;0,0046417990;5.475,03;0,4044825983;353.239,70;0,003338284;EUR
Muster ausgewogen cVV;09.05.2013;0,0025609734;3.034,71;0,4079746169;356.274,40;0,000919965;EUR
Muster ausgewogen cVV;10.05.2013;0,0004909281;583,23;0,4086595615;356.857,63;0,001271350;EUR
Muster ausgewogen cVV;11.05.2013;0,0000530985;63,11;0,4087318359;356.920,75;0;EUR
Muster ausgewogen cVV;12.05.2013;0,0000530957;63,11;0,4088041104;356.983,86;0;EUR
Muster ausgewogen cVV;13.05.2013;-0,0014901096;-1.771,33;0,4067926213;355.212,53;0,000659120;EUR
Muster ausgewogen cVV;14.05.2013;0,0005887383;698,81;0,4076098770;355.911,33;0,003167687;EUR
Muster ausgewogen cVV;15.05.2013;0,0022575625;2.681,20;0,4106976184;358.592,53;0,003774672;EUR
Muster ausgewogen cVV;16.05.2013;-0,0018444512;-2.195,51;0,4082000294;356.397,02;-0,000118608;EUR
Muster ausgewogen cVV;17.05.2013;-0,0000076848;-9,13;0,4082064864;356.387,89;0,003925677;EUR
Muster ausgewogen cVV;18.05.2013;0,0000531195;63,11;0,4082787759;356.451,00;0;EUR
Muster ausgewogen cVV;19.05.2013;0,0000531167;63,11;0,4083510654;356.514,12;0;EUR
Muster ausgewogen cVV;20.05.2013;-0,0000112581;-13,38;0,4083526348;356.500,74;0,001205255;EUR
Muster ausgewogen cVV;21.05.2013;0,0033285555;3.955,13;0,4129000800;360.455,87;-0,000103348;EUR
Muster ausgewogen cVV;22.05.2013;0,0051327458;6.119,25;0,4199269565;366.575,12;0,001015681;EUR
Muster ausgewogen cVV;23.05.2013;-0,0103393593;-12.389,83;0,4057505879;354.185,29;-0,009620902;EUR
Muster ausgewogen cVV;24.05.2013;-0,0019118143;-2.267,27;0,4031697899;351.918,01;-0,001910480;EUR
Muster ausgewogen cVV;25.05.2013;0,0000533201;63,11;0,4032420943;351.981,13;0;EUR
Muster ausgewogen cVV;26.05.2013;0,0000533173;63,11;0,4033143987;352.044,24;0;EUR
Muster ausgewogen cVV;27.05.2013;0,0027549617;3.261,29;0,4070673404;355.305,53;0,001190852;EUR
Muster ausgewogen cVV;28.05.2013;0,0050541874;5.999,56;0,4139578838;361.305,09;0,005387360;EUR
Muster ausgewogen cVV;29.05.2013;-0,0090592899;-10.808,16;0,4015910697;350.496,93;-0,008719231;EUR
Muster ausgewogen cVV;30.05.2013;0,0011056275;1.307,12;0,4031051818;351.804,04;0,000763446;EUR
Muster ausgewogen cVV;31.05.2013;-0,0027780329;-3.287,93;0,3993540638;348.516,11;-0,002823501;EUR
Muster ausgewogen cVV;01.06.2013;0,0000534738;63,11;0,3994263830;348.579,22;0;EUR
Muster ausgewogen cVV;02.06.2013;0,0000540047;63,74;0,3994994240;348.642,97;0;EUR
Muster ausgewogen cVV;03.06.2013;-0,0077188600;-9.111,23;0,3890749663;339.531,74;-0,003804699;EUR
Muster ausgewogen cVV;04.06.2013;0,0014550380;1.704,25;0,3910437685;341.235,99;-0,000625619;EUR
Muster ausgewogen cVV;05.06.2013;-0,0040631227;-4.765,95;0,3855977904;336.470,03;-0,006954012;EUR
Muster ausgewogen cVV;06.06.2013;-0,0083229030;-9.722,92;0,3744703883;326.747,11;-0,005497186;EUR
Muster ausgewogen cVV;07.06.2013;0,0039985817;4.632,31;0,3797946203;331.379,43;0,006618907;EUR
Muster ausgewogen cVV;08.06.2013;0,0000548119;63,75;0,3798676876;331.443,18;0;EUR
Muster ausgewogen cVV;09.06.2013;0,0000548003;63,74;0,3799407435;331.506,92;0;EUR
Muster ausgewogen cVV;10.06.2013;0,0009768054;1.136,27;0,3812583975;332.643,19;0,001975630;EUR
Muster ausgewogen cVV;11.06.2013;-0,0084437498;-9.831,78;0,3700046169;322.811,41;-0,006609338;EUR
Muster ausgewogen cVV;12.06.2013;-0,0011563866;-1.335,11;0,3684891308;321.476,30;-0,004271596;EUR
Muster ausgewogen cVV;13.06.2013;-0,0047067939;-5.427,96;0,3622819171;316.048,34;0,000887826;EUR
Muster ausgewogen cVV;14.06.2013;0,0043639221;5.008,87;0,3680382575;321.057,21;0,001417715;EUR
Muster ausgewogen cVV;15.06.2013;0,0000552940;63,74;0,3681113280;321.120,95;0;EUR
Muster ausgewogen cVV;16.06.2013;0,0000552910;63,74;0,3681843986;321.184,70;0;EUR
Muster ausgewogen cVV;17.06.2013;0,0037210249;4.290,07;0,3731171649;325.474,77;0,004969318;EUR
Muster ausgewogen cVV;18.06.2013;-0,0003886280;-449,73;0,3726164833;325.025,04;-0,000511831;EUR
Muster ausgewogen cVV;19.06.2013;0,0001480461;171,25;0,3728276729;325.196,29;-0,002240203;EUR
Muster ausgewogen cVV;20.06.2013;-0,0190199797;-22.004,95;0,3476134992;303.191,35;-0,016158227;EUR
Muster ausgewogen cVV;21.06.2013;-0,0023875144;-2.709,67;0,3445205057;300.481,67;-0,005451195;EUR
Muster ausgewogen cVV;22.06.2013;0,0000562988;63,74;0,3445935908;300.545,42;0;EUR
Muster ausgewogen cVV;23.06.2013;0,0000562957;63,74;0,3446666759;300.609,16;0;EUR
Muster ausgewogen cVV;24.06.2013;-0,0101147241;-11.453,42;0,3315477786;289.155,74;-0,008376217;EUR
Muster ausgewogen cVV;25.06.2013;0,0044199505;4.954,31;0,3372417767;294.110,05;0,007240105;EUR
Muster ausgewogen cVV;26.06.2013;0,0076418365;8.603,58;0,3471208045;302.713,63;0,009198742;EUR
Muster ausgewogen cVV;27.06.2013;0,0036825252;4.177,66;0,3519252033;306.891,29;0,004425685;EUR
Muster ausgewogen cVV;28.06.2013;-0,0009051573;-1.030,64;0,3507571388;305.860,65;-0,000910542;EUR
Muster ausgewogen cVV;29.06.2013;0,0000560414;63,75;0,3508302499;305.924,40;0;EUR
Muster ausgewogen cVV;30.06.2013;0,0000560295;63,74;0,3509033494;305.988,15;0;EUR
Muster ausgewogen cVV;01.07.2013;0,0035959299;4.091,20;0,3556090693;310.079,35;0,002244456;EUR
Muster ausgewogen cVV;02.07.2013;-0,0070628112;-8.064,47;0,3463740713;302.014,88;-0,001581471;EUR
Muster ausgewogen cVV;03.07.2013;-0,0069025708;-7.825,84;0,3374120173;294.189,04;-0,001585044;EUR
Muster ausgewogen cVV;04.07.2013;0,0097366551;10.962,80;0,3499992000;305.151,84;0,008716146;EUR
Muster ausgewogen cVV;05.07.2013;-0,0064412964;-7.323,07;0,3416132207;297.828,77;-0,004568525;EUR
Muster ausgewogen cVV;06.07.2013;0,0000523247;59,10;0,3416810141;297.887,87;0;EUR
Muster ausgewogen cVV;07.07.2013;0,0000523219;59,10;0,3417488076;297.946,98;0;EUR
Muster ausgewogen cVV;08.07.2013;0,0059768255;6.751,96;0,3495070137;304.698,93;0,006970546;EUR
Muster ausgewogen cVV;09.07.2013;0,0082851417;9.415,58;0,3603212449;314.114,51;0,007344580;EUR
Muster ausgewogen cVV;10.07.2013;-0,0017890769;-2.050,03;0,3579835723;312.064,48;-0,000817149;EUR
Muster ausgewogen cVV;11.07.2013;0,0063086557;7.215,88;0,3662754588;319.280,37;0,003545416;EUR
Muster ausgewogen cVV;12.07.2013;0,0018107755;2.084,24;0,3686807674;321.364,61;0,002408697;EUR
Muster ausgewogen cVV;13.07.2013;0,0000512567;59,10;0,3687485741;321.423,72;0;EUR
Muster ausgewogen cVV;14.07.2013;0,0000512627;59,11;0,3688163922;321.482,83;0;EUR
Muster ausgewogen cVV;15.07.2013;0,0026987532;3.112,27;0,3724013017;324.595,10;0,000874300;EUR
Muster ausgewogen cVV;16.07.2013;-0,0027427736;-3.171,57;0,3687768631;321.423,53;-0,002175375;EUR
Muster ausgewogen cVV;17.07.2013;0,0033207699;3.829,40;0,3731848098;325.252,93;0,003290564;EUR
Muster ausgewogen cVV;18.07.2013;0,0036521223;4.225,49;0,3780475501;329.478,41;0,004322056;EUR
Muster ausgewogen cVV;19.07.2013;-0,0004423769;-513,70;0,3774726321;328.964,72;-0,000689406;EUR
Muster ausgewogen cVV;20.07.2013;0,0000509210;59,10;0,3775404518;329.023,82;0;EUR
Muster ausgewogen cVV;21.07.2013;0,0000509185;59,10;0,3776082715;329.082,93;0;EUR
Muster ausgewogen cVV;22.07.2013;0,0030018653;3.484,64;0,3816213842;332.567,57;0,000075588;EUR
Muster ausgewogen cVV;23.07.2013;0,0005312512;618,54;0,3823458035;333.186,11;-0,001921633;EUR
Muster ausgewogen cVV;24.07.2013;0,0024687540;2.875,92;0,3856607969;336.062,03;-0,000053737;EUR
Muster ausgewogen cVV;25.07.2013;-0,0034599093;-4.040,50;0,3810385160;332.021,53;-0,002831319;EUR
Muster ausgewogen cVV;26.07.2013;-0,0041562061;-4.836,84;0,3755019120;327.184,69;-0,002163635;EUR
Muster ausgewogen cVV;27.07.2013;0,0000509993;59,10;0,3755697447;327.243,79;0;EUR
Muster ausgewogen cVV;28.07.2013;0,0000509967;59,10;0,3756375773;327.302,90;0;EUR
Muster ausgewogen cVV;29.07.2013;0,0010777068;1.249,11;0,3770854990;328.552,01;-0,000439087;EUR
Muster ausgewogen cVV;30.07.2013;0,0002008636;233,06;0,3773673222;328.785,07;0,000722347;EUR
Muster ausgewogen cVV;31.07.2013;-0,0027315308;-3.170,02;0,3737430689;325.615,05;-0,000663574;EUR
Muster ausgewogen cVV;01.08.2013;0,0086320130;9.990,32;0,3852246124;335.605,38;0,007891881;EUR
Muster ausgewogen cVV;02.08.2013;-0,0010075607;-1.176,17;0,3838890526;334.429,20;0,000797560;EUR
Muster ausgewogen cVV;03.08.2013;0,0000503480;58,71;0,3839564505;334.487,92;0;EUR
Muster ausgewogen cVV;04.08.2013;0,0000503455;58,71;0,3840238484;334.546,63;0;EUR
Muster ausgewogen cVV;05.08.2013;-0,0009305692;-1.085,31;0,3827924714;333.461,32;-0,000445681;EUR
Muster ausgewogen cVV;06.08.2013;-0,0078663629;-9.165,91;0,3722846090;324.295,41;-0,004711783;EUR
Muster ausgewogen cVV;07.08.2013;-0,0016896081;-1.953,25;0,3700562364;322.342,16;-0,002473503;EUR
Muster ausgewogen cVV;08.08.2013;0,0023076297;2.663,20;0,3731276635;325.005,36;0,002223381;EUR
Muster ausgewogen cVV;09.08.2013;0,0028520693;3.299,12;0,3769294093;328.304,48;0,001201855;EUR
Muster ausgewogen cVV;10.08.2013;0,0000510190;59,18;0,3769973594;328.363,66;0;EUR
Muster ausgewogen cVV;11.08.2013;0,0000510078;59,17;0,3770652981;328.422,84;0;EUR
Muster ausgewogen cVV;12.08.2013;0,0032396161;3.758,49;0,3813947314;332.181,33;0,001296469;EUR
Muster ausgewogen cVV;13.08.2013;0,0045203394;5.261,33;0,3874500186;337.442,66;0,001150001;EUR
Muster ausgewogen cVV;14.08.2013;0,0002730709;319,27;0,3878310739;337.761,93;0,000460922;EUR
Muster ausgewogen cVV;15.08.2013;-0,0026201232;-3.064,25;0,3843269078;334.697,68;-0,005767315;EUR
Muster ausgewogen cVV;16.08.2013;0,0028202328;3.289,63;0,3881187636;337.987,32;-0,000757368;EUR
Muster ausgewogen cVV;17.08.2013;0,0000505967;59,18;0,3881867264;338.046,50;0;EUR
Muster ausgewogen cVV;18.08.2013;0,0000505856;59,17;0,3882546778;338.105,67;0;EUR
Muster ausgewogen cVV;19.08.2013;-0,0035255794;-4.124,39;0,3835327827;333.981,28;-0,002695684;EUR
Muster ausgewogen cVV;20.08.2013;-0,0064991210;-7.576,18;0,3748464519;326.405,10;-0,002733368;EUR
Muster ausgewogen cVV;21.08.2013;-0,0021469809;-2.486,52;0,3720046785;323.918,58;-0,002123521;EUR
Muster ausgewogen cVV;22.08.2013;0,0058363332;6.744,82;0,3797648098;330.663,41;0,004612584;EUR
Muster ausgewogen cVV;23.08.2013;0,0039338804;4.572,76;0,3850308054;335.236,17;0,000510630;EUR
Muster ausgewogen cVV;24.08.2013;0,0000373340;43,57;0,3850808448;335.279,74;0;EUR
Muster ausgewogen cVV;25.08.2013;0,0000373326;43,57;0,3851308842;335.323,31;0;EUR
Muster ausgewogen cVV;26.08.2013;0,0014173650;1.654,16;0,3870449997;336.977,46;0,001398853;EUR
Muster ausgewogen cVV;27.08.2013;-0,0052385899;-6.122,44;0,3800268687;330.855,02;-0,008539486;EUR
Muster ausgewogen cVV;28.08.2013;-0,0027546458;-3.174,56;0,3763979285;327.680,46;-0,002862959;EUR
Muster ausgewogen cVV;29.08.2013;0,0009265733;1.064,88;0,3776385866;328.745,33;0,004009451;EUR
Muster ausgewogen cVV;30.08.2013;-0,0027485203;-3.161,71;0,3740239138;325.583,63;-0,003361012;EUR
Muster ausgewogen cVV;31.08.2013;0,0000340106;39,02;0,3740687345;325.622,64;0;EUR
Muster ausgewogen cVV;01.09.2013;0,0000395987;45,43;0,3741209213;325.668,07;0;EUR
Muster ausgewogen cVV;02.09.2013;0,0046755642;5.364,06;0,3803005682;331.032,13;0,004773242;EUR
Muster ausgewogen cVV;03.09.2013;-0,0024598448;-2.835,26;0,3770606782;328.196,87;-0,001237979;EUR
Muster ausgewogen cVV;04.09.2013;-0,0008094372;-930,68;0,3760087111;327.266,19;0,001729308;EUR
Muster ausgewogen cVV;05.09.2013;-0,0013548211;-1.556,49;0,3742375671;325.709,70;0,000946007;EUR
Muster ausgewogen cVV;06.09.2013;0,0009626354;1.104,43;0,3755237404;326.814,13;0,003303219;EUR
Muster ausgewogen cVV;07.09.2013;0,0000281985;32,38;0,3755609501;326.846,51;0;EUR
Muster ausgewogen cVV;08.09.2013;0,0000282064;32,39;0,3755981712;326.878,91;0;EUR
Muster ausgewogen cVV;09.09.2013;0,0017759411;2.039,60;0,3779590471;328.918,51;0,000484185;EUR
Muster ausgewogen cVV;10.09.2013;0,0056869567;6.542,87;0,3854950266;335.461,38;0,005944336;EUR
Muster ausgewogen cVV;11.09.2013;0,0002699865;312,39;0,3858715922;335.773,76;0,002619767;EUR
Muster ausgewogen cVV;12.09.2013;-0,0010250284;-1.186,33;0,3845257626;334.587,44;0,000633222;EUR
Muster ausgewogen cVV;13.09.2013;-0,0001235728;-142,87;0,3843790300;334.444,57;0,001672639;EUR
Muster ausgewogen cVV;14.09.2013;0,0000280124;32,38;0,3844162482;334.476,95;0;EUR
Muster ausgewogen cVV;15.09.2013;0,0000280116;32,38;0,3844534664;334.509,33;0;EUR
Muster ausgewogen cVV;16.09.2013;0,0043708420;5.053,11;0,3902787337;339.562,44;0,004485292;EUR
Muster ausgewogen cVV;17.09.2013;-0,0012255688;-1.423,07;0,3886607229;338.139,37;-0,000849246;EUR
Muster ausgewogen cVV;18.09.2013;0,0000871157;101,03;0,3887944281;338.240,40;0,002863401;EUR
Muster ausgewogen cVV;19.09.2013;0,0059771083;6.932,40;0,3967808743;345.172,81;0,001979036;EUR
Muster ausgewogen cVV;20.09.2013;-0,0027880478;-3.252,98;0,3930592491;341.919,83;-0,001791815;EUR
Muster ausgewogen cVV;21.09.2013;0,0000278324;32,38;0,3930964757;341.952,21;0;EUR
Muster ausgewogen cVV;22.09.2013;0,0000278317;32,38;0,3931337023;341.984,60;0;EUR
Muster ausgewogen cVV;23.09.2013;-0,0009641259;-1.121,83;0,3918617227;340.862,77;-0,000877441;EUR
Muster ausgewogen cVV;24.09.2013;0,0000258149;30,01;0,3919138306;340.892,78;0,001720357;EUR
Muster ausgewogen cVV;25.09.2013;0,0002775757;322,68;0,3923024001;341.215,45;-0,000332494;EUR
Muster ausgewogen cVV;26.09.2013;-0,0004867855;-566,03;0,3916691619;340.649,42;0,001101719;EUR
Muster ausgewogen cVV;27.09.2013;-0,0011523661;-1.339,32;0,3901466971;339.310,10;-0,000672901;EUR
Muster ausgewogen cVV;28.09.2013;0,0000279036;32,39;0,3901839435;339.342,49;0;EUR
Muster ausgewogen cVV;29.09.2013;0,0000278942;32,38;0,3902211784;339.374,87;0;EUR
Muster ausgewogen cVV;30.09.2013;-0,0025145278;-2.919,27;0,3868818118;336.455,61;-0,003630421;EUR
Muster ausgewogen cVV;01.10.2013;0,0002174609;251,83;0,3871886443;336.707,44;0,004179398;EUR
Muster ausgewogen cVV;02.10.2013;-0,0003114541;-360,76;0,3867910190;336.346,68;-0,003080006;EUR
Muster ausgewogen cVV;03.10.2013;-0,0005670814;-656,64;0,3860530526;335.690,04;-0,003043232;EUR
Muster ausgewogen cVV;04.10.2013;0,0001374376;159,05;0,3862531068;335.849,09;0,001756262;EUR
Muster ausgewogen cVV;05.10.2013;0,0000286437;33,15;0,3862912356;335.882,25;0;EUR
Muster ausgewogen cVV;06.10.2013;0,0000286429;33,15;0,3863293644;335.915,40;0;EUR
Muster ausgewogen cVV;07.10.2013;-0,0010919172;-1.263,89;0,3848928365;334.651,50;-0,001538815;EUR
Muster ausgewogen cVV;08.10.2013;-0,0021817959;-2.522,67;0,3820083315;332.128,83;-0,003974730;EUR
Muster ausgewogen cVV;09.10.2013;-0,0022326805;-2.575,88;0,3790623493;329.552,96;-0,000227221;EUR
Muster ausgewogen cVV;10.10.2013;0,0048190319;5.547,37;0,3854601106;335.100,33;0,008610071;EUR
Muster ausgewogen cVV;11.10.2013;0,0000873897;101,08;0,3855933601;335.201,41;0,002695950;EUR
Muster ausgewogen cVV;12.10.2013;0,0000286597;33,15;0,3856314973;335.234,56;0;EUR
Muster ausgewogen cVV;13.10.2013;0,0000286589;33,15;0,3856696345;335.267,72;0;EUR
Muster ausgewogen cVV;14.10.2013;0,0004271585;494,16;0,3862550617;335.761,88;0,000558555;EUR
Muster ausgewogen cVV;15.10.2013;0,0026019007;3.011,30;0,3897363207;338.773,18;0,002474196;EUR
Muster ausgewogen cVV;16.10.2013;0,0014045524;1.629,78;0,3916284422;340.402,96;0,002697229;EUR
Muster ausgewogen cVV;17.10.2013;0,0023663240;2.749,64;0,3948091361;343.152,60;-0,000006161;EUR
Muster ausgewogen cVV;18.10.2013;0,0028696792;3.342,42;0,3986721284;346.495,03;0,003387122;EUR
Muster ausgewogen cVV;19.10.2013;0,0000283826;33,15;0,3987102739;346.528,18;0;EUR
Muster ausgewogen cVV;20.10.2013;0,0000283818;33,15;0,3987484195;346.561,33;0;EUR
Muster ausgewogen cVV;21.10.2013;0,0029635602;3.461,87;0,4027491667;350.023,21;0,000522186;EUR
Muster ausgewogen cVV;22.10.2013;0,0046600457;5.459,75;0,4090491624;355.482,96;0,003341781;EUR
Muster ausgewogen cVV;23.10.2013;-0,0016874586;-1.986,25;0,4067812960;353.496,70;-0,002099550;EUR
Muster ausgewogen cVV;24.10.2013;0,0020991706;2.466,70;0,4096375975;355.963,40;0,002065139;EUR
Muster ausgewogen cVV;25.10.2013;0,0018253782;2.149,47;0,4121290436;358.112,87;0,000372491;EUR
Muster ausgewogen cVV;26.10.2013;0,0000281031;33,15;0,4121671975;358.146,02;0;EUR
Muster ausgewogen cVV;27.10.2013;0,0000281023;33,15;0,4122053513;358.179,18;0;EUR
Muster ausgewogen cVV;28.10.2013;0,0014643583;1.727,60;0,4142114599;359.906,78;0,000616292;EUR
Muster ausgewogen cVV;29.10.2013;0,0016379725;1.935,25;0,4164567092;361.842,03;0,002474834;EUR
Muster ausgewogen cVV;30.10.2013;0,0006465063;765,09;0,4173552896;362.607,12;0,000306178;EUR
Muster ausgewogen cVV;31.10.2013;0,0022787631;2.698,49;0,4204793296;365.305,61;0,003272760;EUR
Muster ausgewogen cVV;01.11.2013;0,0014719146;1.747,00;0,4225083630;367.052,62;0,000412824;EUR
Muster ausgewogen cVV;02.11.2013;0,0000269327;32,01;0,4225452129;367.084,63;0;EUR
Muster ausgewogen cVV;03.11.2013;0,0000269403;32,02;0,4225820743;367.116,65;0;EUR
Muster ausgewogen cVV;04.11.2013;0,0012656748;1.504,51;0,4243321158;368.621,16;0,001629175;EUR
Muster ausgewogen cVV;05.11.2013;-0,0019151376;-2.279,41;0,4217262965;366.341,75;-0,002074588;EUR
Muster ausgewogen cVV;06.11.2013;0,0005167785;613,90;0,4224510897;366.955,65;0,001413822;EUR
Muster ausgewogen cVV;07.11.2013;0,0020473159;2.433,32;0,4252705845;369.388,97;0,002545436;EUR
Muster ausgewogen cVV;08.11.2013;0,0004601257;548,00;0,4259196644;369.936,97;0,000546817;EUR
Muster ausgewogen cVV;09.11.2013;0,0000268675;32,01;0,4259565222;369.968,98;0;EUR
Muster ausgewogen cVV;10.11.2013;0,0000268667;32,01;0,4259933799;370.000,99;0;EUR
Muster ausgewogen cVV;11.11.2013;0,0002285916;272,39;0,4263251566;370.273,38;0,000671444;EUR
Muster ausgewogen cVV;12.11.2013;-0,0014139563;-1.685,24;0,4244028705;368.588,14;-0,001995508;EUR
Muster ausgewogen cVV;13.11.2013;-0,0017070495;-2.031,68;0,4220814644;366.556,46;0,001367275;EUR
Muster ausgewogen cVV;14.11.2013;0,0063248047;7.514,76;0,4307528198;374.071,22;0,003755249;EUR
Muster ausgewogen cVV;15.11.2013;0,0020538942;2.455,75;0,4335990493;376.526,97;0,001311013;EUR
Muster ausgewogen cVV;16.11.2013;0,0000259101;31,04;0,4336347979;376.558,02;0;EUR
Muster ausgewogen cVV;17.11.2013;0,0000259094;31,04;0,4336705464;376.589,06;0;EUR
Muster ausgewogen cVV;18.11.2013;0,0012895525;1.545,11;0,4354682729;378.134,17;0,001282179;EUR
Muster ausgewogen cVV;19.11.2013;-0,0008700598;-1.043,83;0,4342845159;377.090,34;-0,002381267;EUR
Muster ausgewogen cVV;20.11.2013;0,0003627799;434,86;0,4348036606;377.525,20;0,000987010;EUR
Muster ausgewogen cVV;21.11.2013;-0,0030628005;-3.672,64;0,4305919371;373.852,56;0,000114334;EUR
Muster ausgewogen cVV;22.11.2013;-0,0003671595;-438,92;0,4301044869;373.413,64;0,000019128;EUR
Muster ausgewogen cVV;23.11.2013;0,0000308881;36,91;0,4301470019;373.450,56;0;EUR
Muster ausgewogen cVV;24.11.2013;0,0000308871;36,91;0,4301895169;373.487,47;0;EUR
Muster ausgewogen cVV;25.11.2013;0,0069531532;8.309,52;0,4397790334;381.796,99;0,003276416;EUR
Muster ausgewogen cVV;26.11.2013;-0,0025131548;-3.024,29;0,4363137463;378.772,70;-0,001034380;EUR
Muster ausgewogen cVV;27.11.2013;0,0026206607;3.145,73;0,4399557693;381.918,44;0,001793301;EUR
Muster ausgewogen cVV;28.11.2013;0,0009202964;1.107,58;0,4412500965;383.026,02;0,001141441;EUR
Muster ausgewogen cVV;29.11.2013;0,0022205096;2.674,85;0,4443500913;385.700,87;0,000306629;EUR
Muster ausgewogen cVV;30.11.2013;0,0000305737;36,91;0,4443926152;385.737,78;0;EUR
Muster ausgewogen cVV;01.12.2013;0,0000305728;36,91;0,4444351391;385.774,69;0;EUR
Muster ausgewogen cVV;02.12.2013;-0,0009987670;-1.205,87;0,4430643604;384.568,82;-0,000582502;EUR
Muster ausgewogen cVV;03.12.2013;-0,0085921123;-10.363,41;0,4311425354;374.205,41;-0,006437155;EUR
Muster ausgewogen cVV;04.12.2013;-0,0037704722;-4.508,70;0,4259655105;369.696,71;-0,004650249;EUR
Muster ausgewogen cVV;05.12.2013;-0,0028444657;-3.388,56;0,4220787041;366.308,15;-0,005442526;EUR
Muster ausgewogen cVV;06.12.2013;0,0034583655;4.108,17;0,4268300164;370.416,32;0,004391330;EUR
Muster ausgewogen cVV;07.12.2013;0,0000309658;36,91;0,4268725491;370.453,23;0;EUR
Muster ausgewogen cVV;08.12.2013;0,0000309648;36,91;0,4269150819;370.490,14;0;EUR
Muster ausgewogen cVV;09.12.2013;0,0006576889;784,01;0,4278361879;371.274,16;0,000865235;EUR
Muster ausgewogen cVV;10.12.2013;-0,0029176230;-3.480,31;0,4238431586;367.793,84;-0,003520302;EUR
Muster ausgewogen cVV;11.12.2013;-0,0028350679;-3.371,97;0,4199746322;364.421,87;-0,003572202;EUR
Muster ausgewogen cVV;12.12.2013;-0,0043134737;-5.115,81;0,4140960053;359.306,06;-0,003259698;EUR
Muster ausgewogen cVV;13.12.2013;-0,0002271830;-268,28;0,4138038218;359.037,78;0,000153184;EUR
Muster ausgewogen cVV;14.12.2013;0,0000312642;36,91;0,4138463633;359.074,69;0;EUR
Muster ausgewogen cVV;15.12.2013;0,0000312632;36,91;0,4138889048;359.111,61;0;EUR
Muster ausgewogen cVV;16.12.2013;0,0058608383;6.919,87;0,4218816154;366.031,48;0,005670830;EUR
Muster ausgewogen cVV;17.12.2013;-0,0033513151;-3.980,08;0,4173113425;362.051,40;-0,002277667;EUR
Muster ausgewogen cVV;18.12.2013;0,0037535622;4.442,85;0,4224495910;366.494,25;0,004993319;EUR
Muster ausgewogen cVV;19.12.2013;0,0065432683;7.773,92;0,4314280374;374.268,18;0,006519728;EUR
Muster ausgewogen cVV;20.12.2013;0,0032564018;3.894,18;0,4359347322;378.162,36;0,002799435;EUR
Muster ausgewogen cVV;21.12.2013;0,0000307658;36,91;0,4359772824;378.199,27;0;EUR
Muster ausgewogen cVV;22.12.2013;0,0000307649;36,91;0,4360198326;378.236,18;0;EUR
Muster ausgewogen cVV;23.12.2013;0,0021869456;2.623,94;0,4390625206;380.860,12;0,003201145;EUR
Muster ausgewogen cVV;24.12.2013;0,0003494955;420,25;0,4395648655;381.280,37;0,001100676;EUR
Muster ausgewogen cVV;25.12.2013;0,0000387749;46,64;0,4396364864;381.327,01;0,000011757;EUR
Muster ausgewogen cVV;26.12.2013;-0,0000808425;-97,25;0,4395421893;381.229,77;0,000550077;EUR
Muster ausgewogen cVV;27.12.2013;0,0043224507;5.199,11;0,4455545833;386.428,88;0,001131999;EUR
Muster ausgewogen cVV;28.12.2013;0,0000305553;36,91;0,4455971422;386.465,79;0;EUR
Muster ausgewogen cVV;29.12.2013;0,0000305544;36,91;0,4456397010;386.502,70;0;EUR
Muster ausgewogen cVV;30.12.2013;-0,0002288331;-276,45;0,4453389528;386.226,25;-0,000603959;EUR
Muster ausgewogen cVV;31.12.2013;0,0008100250;978,36;0,4464850699;387.204,61;0,001384841;EUR
Muster ausgewogen cVV;01.01.2014;-0,0003224525;-389,78;0,4460535940;386.814,83;0,000003899;EUR
Muster ausgewogen cVV;02.01.2014;-0,0044212811;-5.342,68;0,4399104150;381.472,15;-0,004379257;EUR
Muster ausgewogen cVV;03.01.2014;0,0029209975;3.514,13;0,4439807160;384.986,28;0,002149887;EUR
Muster ausgewogen cVV;04.01.2014;0,0000305918;36,91;0,4440232834;385.023,19;0;EUR
Muster ausgewogen cVV;05.01.2014;0,0000305909;36,91;0,4440658508;385.060,10;0;EUR
Muster ausgewogen cVV;06.01.2014;-0,0008946605;-1.079,54;0,4428386535;383.980,56;-0,000577338;EUR
Muster ausgewogen cVV;07.01.2014;0,0024732199;2.981,63;0,4462951977;386.962,19;0,004169423;EUR
Muster ausgewogen cVV;08.01.2014;0,0011084413;1.339,60;0,4478581181;388.301,80;-0,000166334;EUR
Muster ausgewogen cVV;09.01.2014;-0,0043255654;-5.233,45;0,4418396331;383.068,35;-0,002111349;EUR
Muster ausgewogen cVV;10.01.2014;0,0016981657;2.045,70;0,4442169074;385.114,05;0,002254003;EUR
Muster ausgewogen cVV;11.01.2014;0,0000305886;36,91;0,4442594833;385.150,96;0;EUR
Muster ausgewogen cVV;12.01.2014;0,0000305877;36,91;0,4443020593;385.187,88;0;EUR
Muster ausgewogen cVV;13.01.2014;0,0000440215;53,12;0,4443810326;385.241,00;0,000575612;EUR
Muster ausgewogen cVV;14.01.2014;-0,0009140971;-1.103,16;0,4431261463;384.137,84;0,000983217;EUR
Muster ausgewogen cVV;15.01.2014;0,0072899560;8.789,67;0,4532835562;392.927,51;0,007682264;EUR
Muster ausgewogen cVV;16.01.2014;0,0013107860;1.591,97;0,4551381028;394.519,48;0,000491183;EUR
Muster ausgewogen cVV;17.01.2014;0,0031591934;3.841,91;0,4595885234;398.361,39;0,001693809;EUR
Muster ausgewogen cVV;18.01.2014;0,0000302564;36,91;0,4596311078;398.398,30;0;EUR
Muster ausgewogen cVV;19.01.2014;0,0000302555;36,91;0,4596736922;398.435,21;0;EUR
Muster ausgewogen cVV;20.01.2014;0,0004298922;524,48;0,4602969755;398.959,69;-0,000474600;EUR
Muster ausgewogen cVV;21.01.2014;-0,0003006283;-366,93;0,4598917845;398.592,76;0,001253013;EUR
Muster ausgewogen cVV;22.01.2014;-0,0004551406;-555,35;0,4592691261;398.037,41;-0,000498320;EUR
Muster ausgewogen cVV;23.01.2014;-0,0072362616;-8.825,51;0,4491036276;389.211,90;-0,005564391;EUR
Muster ausgewogen cVV;24.01.2014;-0,0135726256;-16.433,70;0,4301580258;372.778,20;-0,010384991;EUR
Muster ausgewogen cVV;25.01.2014;0,0000241898;28,89;0,4301913642;372.807,09;0;EUR
Muster ausgewogen cVV;26.01.2014;0,0000241892;28,89;0,4302247027;372.835,98;0;EUR
Muster ausgewogen cVV;27.01.2014;-0,0045433327;-5.426,65;0,4239793893;367.409,33;-0,003221397;EUR
Muster ausgewogen cVV;28.01.2014;0,0023223520;2.761,26;0,4271825430;370.170,59;0,002734447;EUR
Muster ausgewogen cVV;29.01.2014;-0,0030200719;-3.599,19;0,4230455755;366.571,41;-0,002061049;EUR
Muster ausgewogen cVV;30.01.2014;0,0008450173;1.004,01;0,4242208398;367.575,42;0,003557159;EUR
Muster ausgewogen cVV;31.01.2014;-0,0026490988;-3.150,20;0,4206015789;364.425,21;-0,000755171;EUR
Muster ausgewogen cVV;01.02.2014;0,0000243601;28,89;0,4206349239;364.454,11;0;EUR
Muster ausgewogen cVV;02.02.2014;0,0000243595;28,89;0,4206682689;364.483,00;0;EUR
Muster ausgewogen cVV;03.02.2014;-0,0056042369;-6.647,01;0,4130127086;357.835,99;-0,007769923;EUR
Muster ausgewogen cVV;04.02.2014;-0,0051858107;-6.116,26;0,4059691437;351.719,73;-0,001744379;EUR
Muster ausgewogen cVV;05.02.2014;-0,0003759714;-441,13;0,4054757225;351.278,60;-0,000123825;EUR
Muster ausgewogen cVV;06.02.2014;0,0075603250;8.867,23;0,4157271602;360.145,84;0,004603323;EUR
Muster ausgewogen cVV;07.02.2014;0,0046016864;5.437,96;0,4220206986;365.583,79;0,004962362;EUR
Muster ausgewogen cVV;08.02.2014;0,0000243364;28,89;0,4220540501;365.612,68;0;EUR
Muster ausgewogen cVV;09.02.2014;0,0000243358;28,89;0,4220874016;365.641,58;0;EUR
Muster ausgewogen cVV;10.02.2014;0,0013533782;1.606,77;0,4239586063;367.248,34;-0,000228353;EUR
Muster ausgewogen cVV;11.02.2014;0,0095118346;11.307,99;0,4370296420;378.556,33;0,007472680;EUR
Muster ausgewogen cVV;12.02.2014;0,0050843647;6.101,96;0,4440912541;384.658,29;0,003263507;EUR
Muster ausgewogen cVV;13.02.2014;0,0002847529;343,48;0,4445049190;385.001,77;0,001861707;EUR
Muster ausgewogen cVV;14.02.2014;0,0038936535;4.698,03;0,4499463427;389.699,80;0,002118753;EUR
Muster ausgewogen cVV;15.02.2014;0,0000238518;28,89;0,4499797006;389.728,69;0;EUR
Muster ausgewogen cVV;16.02.2014;0,0000238513;28,89;0,4500130585;389.757,58;0;EUR
Muster ausgewogen cVV;17.02.2014;0,0008923685;1.071,68;0,4512717912;390.829,27;0,000274587;EUR
Muster ausgewogen cVV;18.02.2014;-0,0002518460;-302,72;0,4509435754;390.526,55;0,000614621;EUR
Muster ausgewogen cVV;19.02.2014;-0,0000776103;-93,27;0,4508571700;390.433,28;-0,000603350;EUR
Muster ausgewogen cVV;20.02.2014;-0,0028126955;-3.379,79;0,4469753980;387.053,49;-0,000897528;EUR
Muster ausgewogen cVV;21.02.2014;0,0019127835;2.291,97;0,4496433721;389.345,46;0,001653577;EUR
Muster ausgewogen cVV;22.02.2014;0,0000240655;28,89;0,4496767379;389.374,36;0;EUR
Muster ausgewogen cVV;23.02.2014;0,0000240649;28,89;0,4497101036;389.403,25;0;EUR
Muster ausgewogen cVV;24.02.2014;0,0031246832;3.751,46;0,4540638979;393.154,71;0,002734790;EUR
Muster ausgewogen cVV;25.02.2014;0,0003617683;435,69;0,4545884303;393.590,40;0,000221281;EUR
Muster ausgewogen cVV;26.02.2014;0,0001834629;221,03;0,4548650405;393.811,43;0,000461326;EUR
Muster ausgewogen cVV;27.02.2014;-0,0036419013;-4.388,48;0,4498172606;389.422,95;-0,000776756;EUR
Muster ausgewogen cVV;28.02.2014;0,0035633062;4.278,13;0,4547801352;393.701,09;0,000023860;EUR
Muster ausgewogen cVV;01.03.2014;0,0000412750;49,73;0,4548375822;393.750,82;0;EUR
Muster ausgewogen cVV;02.03.2014;0,0000239775;28,89;0,4548709558;393.779,71;0;EUR
Muster ausgewogen cVV;03.03.2014;-0,0152143665;-18.332,78;0,4337142618;375.446,93;-0,009692898;EUR
Muster ausgewogen cVV;04.03.2014;0,0120375840;14.284,18;0,4502362602;389.731,11;0,009864105;EUR
Muster ausgewogen cVV;05.03.2014;-0,0024759703;-2.973,43;0,4468220025;386.757,68;-0,000937274;EUR
Muster ausgewogen cVV;06.03.2014;-0,0013247437;-1.586,97;0,4450092578;385.170,71;-0,001717222;EUR
Muster ausgewogen cVV;07.03.2014;-0,0070743892;-8.463,49;0,4352511169;376.707,23;-0,006090410;EUR
Muster ausgewogen cVV;08.03.2014;0,0000243215;28,89;0,4352844983;376.736,12;0;EUR
Muster ausgewogen cVV;09.03.2014;0,0000243209;28,89;0,4353178797;376.765,01;0;EUR
Muster ausgewogen cVV;10.03.2014;-0,0042671242;-5.069,13;0,4294808605;371.695,88;-0,002788237;EUR
Muster ausgewogen cVV;11.03.2014;0,0017889041;2.116,06;0,4319458800;373.811,94;0,000629327;EUR
Muster ausgewogen cVV;12.03.2014;-0,0065133443;-7.718,29;0,4230468120;366.093,64;-0,004129026;EUR
Muster ausgewogen cVV;13.03.2014;-0,0078229322;-9.209,77;0,4124233062;356.883,87;-0,006187971;EUR
Muster ausgewogen cVV;14.03.2014;-0,0012987844;-1.517,07;0,4106890690;355.366,80;-0,000845772;EUR
Muster ausgewogen cVV;15.03.2014;0,0000247665;28,89;0,4107224581;355.395,69;0;EUR
Muster ausgewogen cVV;16.03.2014;0,0000247659;28,89;0,4107558472;355.424,58;0;EUR
Muster ausgewogen cVV;17.03.2014;0,0049201550;5.739,90;0,4174085228;361.164,48;0,005221264;EUR
Muster ausgewogen cVV;18.03.2014;0,0034118178;3.999,84;0,4220506534;365.164,33;0,003804737;EUR
Muster ausgewogen cVV;19.03.2014;-0,0001791219;-210,71;0,4218264729;364.953,62;-0,000623038;EUR
Muster ausgewogen cVV;20.03.2014;-0,0003060353;-359,94;0,4214297500;364.593,68;0,000961584;EUR
Muster ausgewogen cVV;21.03.2014;0,0019597648;2.304,25;0,4241126110;366.897,93;0,001251519;EUR
Muster ausgewogen cVV;22.03.2014;0,0000245241;28,89;0,4241460078;366.926,82;0;EUR
Muster ausgewogen cVV;23.03.2014;0,0000245234;28,89;0,4241794045;366.955,71;0;EUR
Muster ausgewogen cVV;24.03.2014;-0,0062935728;-7.414,72;0,4156274138;359.541,00;-0,004315612;EUR
Muster ausgewogen cVV;25.03.2014;0,0079102572;9.260,75;0,4263522363;368.801,74;0,006085655;EUR
Muster ausgewogen cVV;26.03.2014;0,0069034412;8.145,97;0,4357892170;376.947,71;0,003016829;EUR
Muster ausgewogen cVV;27.03.2014;0,0015653381;1.859,83;0,4379592901;378.807,54;0,001630539;EUR
Muster ausgewogen cVV;28.03.2014;0,0056857521;6.766,00;0,4458020749;385.573,55;0,004283067;EUR
Muster ausgewogen cVV;29.03.2014;0,0000241413;28,89;0,4458354793;385.602,44;0;EUR
Muster ausgewogen cVV;30.03.2014;0,0000241408;28,89;0,4458688836;385.631,33;0;EUR
Muster ausgewogen cVV;31.03.2014;0,0004810598;575,74;0,4465548151;386.207,07;0,000185692;EUR
Muster ausgewogen cVV;01.04.2014;0,0010739277;1.285,91;0,4480619586;387.492,98;0,002220077;EUR
Muster ausgewogen cVV;02.04.2014;0,0020982690;2.515,15;0,4509906516;390.008,13;0,000831750;EUR
Muster ausgewogen cVV;03.04.2014;0,0007053891;847,31;0,4519908648;390.855,44;0,001210056;EUR
Muster ausgewogen cVV;04.04.2014;0,0031813490;3.824,11;0,4564337108;394.679,55;0,001970592;EUR
Muster ausgewogen cVV;05.04.2014;0,0000242783;29,28;0,4564675679;394.708,83;0;EUR
Muster ausgewogen cVV;06.04.2014;0,0000242777;29,28;0,4565014249;394.738,10;0;EUR
Muster ausgewogen cVV;07.04.2014;-0,0092428594;-11.146,18;0,4436312232;383.591,92;-0,007992159;EUR
Muster ausgewogen cVV;08.04.2014;0,0004680576;559,22;0,4442979619;384.151,15;-0,001118627;EUR
Muster ausgewogen cVV;09.04.2014;0,0003513764;420,01;0,4448037162;384.571,16;0,001274818;EUR
Muster ausgewogen cVV;10.04.2014;-0,0008439799;-1.009,19;0,4436563592;383.561,97;-0,004074935;EUR
Muster ausgewogen cVV;11.04.2014;-0,0077217591;-9.225,55;0,4330047950;374.336,42;-0,006205094;EUR
Muster ausgewogen cVV;12.04.2014;0,0000246949;29,28;0,4330386596;374.365,69;0;EUR
Muster ausgewogen cVV;13.04.2014;0,0000246943;29,28;0,4330725243;374.394,97;0;EUR
Muster ausgewogen cVV;14.04.2014;0,0043819925;5.195,20;0,4391015937;379.590,17;0,002812218;EUR
Muster ausgewogen cVV;15.04.2014;-0,0066648387;-7.936,33;0,4299402289;371.653,85;-0,003187129;EUR
Muster ausgewogen cVV;16.04.2014;0,0069982477;8.277,80;0,4395358401;379.931,65;0,006677411;EUR
Muster ausgewogen cVV;17.04.2014;0,0043419033;5.171,71;0,4455387447;385.103,36;0,002022341;EUR
Muster ausgewogen cVV;18.04.2014;0,0000055736;6,67;0,4455662767;385.110,03;0,000117513;EUR
Muster ausgewogen cVV;19.04.2014;0,0000244725;29,28;0,4456001489;385.139,31;0;EUR
Muster ausgewogen cVV;20.04.2014;0,0000244719;29,28;0,4456340211;385.168,58;0;EUR
Muster ausgewogen cVV;21.04.2014;0,0001658720;198,44;0,4458834192;385.367,02;0,000842806;EUR
Muster ausgewogen cVV;22.04.2014;0,0072969970;8.731,24;0,4560059997;394.098,26;0,006483901;EUR
Muster ausgewogen cVV;23.04.2014;-0,0016515159;-1.990,54;0,4537228620;392.107,72;-0,002178443;EUR
Muster ausgewogen cVV;24.04.2014;0,0000462902;55,70;0,4538073871;392.163,42;0,000402945;EUR
Muster ausgewogen cVV;25.04.2014;-0,0048386260;-5.822,55;0,4470893355;386.340,86;-0,004927593;EUR
Muster ausgewogen cVV;26.04.2014;0,0000244473;29,28;0,4471232152;386.370,14;0;EUR
Muster ausgewogen cVV;27.04.2014;0,0000244467;29,28;0,4471570949;386.399,42;0;EUR
Muster ausgewogen cVV;28.04.2014;0,0016904642;2.024,47;0,4495197251;388.423,89;0,001193790;EUR
Muster ausgewogen cVV;29.04.2014;0,0071475001;8.574,21;0,4594628196;396.998,10;0,006082649;EUR
Muster ausgewogen cVV;30.04.2014;-0,0006681431;-807,24;0,4585487356;396.190,86;0,001014932;EUR
Muster ausgewogen cVV;01.05.2014;0,0006939923;837,91;0,4595387108;397.028,77;0,000401515;EUR
Muster ausgewogen cVV;02.05.2014;-0,0013421581;-1.621,61;0,4576818568;395.407,15;-0,000642861;EUR
Muster ausgewogen cVV;03.05.2014;0,0000242636;29,28;0,4577157440;395.436,43;0;EUR
Muster ausgewogen cVV;04.05.2014;0,0000242630;29,28;0,4577496312;395.465,71;0;EUR
Muster ausgewogen cVV;05.05.2014;-0,0008821885;-1.064,49;0,4565374813;394.401,21;-0,000826004;EUR
Muster ausgewogen cVV;06.05.2014;-0,0039063581;-4.709,45;0,4511058049;389.691,76;-0,003679878;EUR
Muster ausgewogen cVV;07.05.2014;0,0019321209;2.320,24;0,4538115278;392.012,00;0,001569616;EUR
Muster ausgewogen cVV;08.05.2014;0,0046120541;5.549,21;0,4602556305;397.561,21;0,004794622;EUR
Muster ausgewogen cVV;09.05.2014;0,0009340316;1.129,01;0,4615827848;398.690,22;0,000874606;EUR
Muster ausgewogen cVV;10.05.2014;0,0000241978;29,28;0,4616166793;398.719,49;0;EUR
Muster ausgewogen cVV;11.05.2014;0,0000241972;29,28;0,4616505739;398.748,77;0;EUR
Muster ausgewogen cVV;12.05.2014;0,0050903400;6.158,98;0,4688015067;404.907,75;0,005097372;EUR
Muster ausgewogen cVV;13.05.2014;0,0037636528;4.576,95;0,4741212881;409.484,70;0,003767137;EUR
Muster ausgewogen cVV;14.05.2014;0,0015334892;1.871,88;0,4763093073;411.356,58;0,000284994;EUR
Muster ausgewogen cVV;15.05.2014;-0,0021732692;-2.656,91;0,4732533710;408.699,67;-0,003493561;EUR
Muster ausgewogen cVV;16.05.2014;-0,0013693752;-1.670,48;0,4713394286;407.029,19;-0,000840735;EUR
Muster ausgewogen cVV;17.05.2014;0,0000240321;29,28;0,4713733305;407.058,47;0;EUR
Muster ausgewogen cVV;18.05.2014;0,0000240316;29,28;0,4714072324;407.087,74;0;EUR
Muster ausgewogen cVV;19.05.2014;0,0008347193;1.016,92;0,4726052352;408.104,66;0,000898120;EUR
Muster ausgewogen cVV;20.05.2014;-0,0007547450;-920,25;0,4715598788;407.184,41;-0,001312491;EUR
Muster ausgewogen cVV;21.05.2014;0,0010478383;1.276,65;0,4730587494;408.461,06;0,002949732;EUR
Muster ausgewogen cVV;22.05.2014;0,0026535597;3.236,40;0,4768275000;411.697,46;0,002130439;EUR
Muster ausgewogen cVV;23.05.2014;0,0012888572;1.576,12;0,4786735250;413.273,59;0,002524256;EUR
Muster ausgewogen cVV;24.05.2014;0,0000239096;29,28;0,4787074342;413.302,86;0;EUR
Muster ausgewogen cVV;25.05.2014;0,0000239090;29,28;0,4787413435;413.332,14;0;EUR
Muster ausgewogen cVV;26.05.2014;0,0029114433;3.565,11;0,4828913463;416.897,25;0,003858558;EUR
Muster ausgewogen cVV;27.05.2014;0,0003656439;449,04;0,4834321802;417.346,29;0,003094301;EUR
Muster ausgewogen cVV;28.05.2014;0,0011825792;1.452,84;0,4851358245;418.799,13;0,000695580;EUR
Muster ausgewogen cVV;29.05.2014;0,0002023501;248,89;0,4854448748;419.048,01;0,000481000;EUR
Muster ausgewogen cVV;30.05.2014;-0,0014306915;-1.760,08;0,4834265357;417.287,93;-0,000307321;EUR
Muster ausgewogen cVV;31.05.2014;0,0000153493;18,86;0,4834483805;417.306,79;0;EUR
Muster ausgewogen cVV;01.06.2014;0,0000238311;29,28;0,4834822970;417.336,06;0;EUR
Muster ausgewogen cVV;02.06.2014;0,0009583689;1.177,38;0,4848669418;418.513,44;0,001264751;EUR
Muster ausgewogen cVV;03.06.2014;-0,0001465002;-180,15;0,4846788504;418.333,29;-0,001954248;EUR
Muster ausgewogen cVV;04.06.2014;0,0003159507;388,47;0,4851495402;418.721,76;0,000176669;EUR
Muster ausgewogen cVV;05.06.2014;0,0005247582;645,40;0,4859179515;419.367,16;0,002775815;EUR
Muster ausgewogen cVV;06.06.2014;0,0018479522;2.274,00;0,4885735250;421.641,16;0,002987696;EUR
Muster ausgewogen cVV;07.06.2014;0,0000237473;29,28;0,4886074487;421.670,44;0;EUR
Muster ausgewogen cVV;08.06.2014;0,0000237467;29,28;0,4886413724;421.699,71;0;EUR
Muster ausgewogen cVV;09.06.2014;0,0017740370;2.187,18;0,4911965400;423.886,90;0,001232425;EUR
Muster ausgewogen cVV;10.06.2014;0,0035540269;4.389,48;0,4963040043;428.276,38;0,000881411;EUR
Muster ausgewogen cVV;11.06.2014;-0,0002857803;-354,21;0,4959144545;427.922,16;-0,001882993;EUR
Muster ausgewogen cVV;12.06.2014;-0,0000720810;-89,32;0,4958318423;427.832,85;-0,001079074;EUR
Muster ausgewogen cVV;13.06.2014;0,0005342932;662,00;0,4966199582;428.494,85;0,000051815;EUR
Muster ausgewogen cVV;14.06.2014;0,0000236160;29,28;0,4966538891;428.524,12;0;EUR
Muster ausgewogen cVV;15.06.2014;0,0000236155;29,28;0,4966878199;428.553,40;0;EUR
Muster ausgewogen cVV;16.06.2014;-0,0024623283;-3.052,64;0,4931705723;425.500,76;-0,001191181;EUR
Muster ausgewogen cVV;17.06.2014;0,0014957508;1.849,77;0,4953353158;427.350,53;0,000752709;EUR
Muster ausgewogen cVV;18.06.2014;0,0004128701;511,35;0,4959488054;427.861,88;0,001509110;EUR
Muster ausgewogen cVV;19.06.2014;0,0039805698;4.932,11;0,5016867794;432.794,00;0,003153890;EUR
Muster ausgewogen cVV;20.06.2014;0,0011345560;1.411,36;0,5033438459;434.205,36;0,000027853;EUR
Muster ausgewogen cVV;21.06.2014;0,0000235077;29,28;0,5033777838;434.234,64;0;EUR
Muster ausgewogen cVV;22.06.2014;0,0000235072;29,28;0,5034117218;434.263,91;0;EUR
Muster ausgewogen cVV;23.06.2014;-0,0018132104;-2.258,26;0,5008147828;432.005,65;-0,001679886;EUR
Muster ausgewogen cVV;24.06.2014;0,0004485280;557,61;0,5014821079;432.563,26;-0,000960629;EUR
Muster ausgewogen cVV;25.06.2014;-0,0049924265;-6.209,32;0,4943040516;426.353,94;-0,001605730;EUR
Muster ausgewogen cVV;26.06.2014;-0,0014062403;-1.740,28;0,4923068840;424.613,66;-0,000661451;EUR
Muster ausgewogen cVV;27.06.2014;-0,0002594282;-320,60;0,4919555960;424.293,06;-0,000605202;EUR
Muster ausgewogen cVV;28.06.2014;0,0000236963;29,28;0,4919895410;424.322,33;0;EUR
Muster ausgewogen cVV;29.06.2014;0,0000236958;29,28;0,4920234860;424.351,61;0;EUR
Muster ausgewogen cVV;30.06.2014;0,0006718641;830,11;0,4930064183;425.181,72;0,000269723;EUR
Muster ausgewogen cVV;01.07.2014;0,0037424518;4.627,04;0,4983922005;429.808,77;0,003865745;EUR
Muster ausgewogen cVV;02.07.2014;0,0014524065;1.802,43;0,5005029318;431.611,19;0,000501189;EUR
Muster ausgewogen cVV;03.07.2014;0,0038914338;4.836,26;0,5061320324;436.447,45;0,004771739;EUR
Muster ausgewogen cVV;04.07.2014;-0,0000461325;-57,56;0,5060861556;436.389,90;0,000175987;EUR
Muster ausgewogen cVV;05.07.2014;0,0000234666;29,28;0,5061201076;436.419,17;0;EUR
Muster ausgewogen cVV;06.07.2014;0,0000234660;29,28;0,5061540597;436.448,45;0;EUR
Muster ausgewogen cVV;07.07.2014;-0,0036701436;-4.578,99;0,5008643751;431.869,46;-0,003627478;EUR
Muster ausgewogen cVV;08.07.2014;-0,0044592262;-5.543,06;0,4944560950;426.326,39;-0,005057892;EUR
Muster ausgewogen cVV;09.07.2014;-0,0006614786;-818,59;0,4935269612;425.507,81;0,000817599;EUR
Muster ausgewogen cVV;10.07.2014;-0,0039147889;-4.841,39;0,4879316650;420.666,41;-0,004588889;EUR
Muster ausgewogen cVV;11.07.2014;-0,0001298814;-159,99;0,4877660658;420.506,42;0,000523460;EUR
Muster ausgewogen cVV;12.07.2014;0,0000237692;29,28;0,4878000248;420.535,70;0;EUR
Muster ausgewogen cVV;13.07.2014;0,0000237686;29,28;0,4878339838;420.564,97;0;EUR
Muster ausgewogen cVV;14.07.2014;0,0048692002;5.997,64;0,4948111797;426.562,61;0,004087646;EUR
Muster ausgewogen cVV;15.07.2014;-0,0018711816;-2.316,05;0,4921446723;424.246,56;-0,001512193;EUR
Muster ausgewogen cVV;16.07.2014;0,0048443748;5.984,89;0,4991077747;430.231,45;0,005892282;EUR
Muster ausgewogen cVV;17.07.2014;-0,0020741476;-2.574,88;0,4961408898;427.656,57;-0,004457689;EUR
Muster ausgewogen cVV;18.07.2014;-0,0008859063;-1.097,50;0,4948877751;426.559,07;0,000443064;EUR
Muster ausgewogen cVV;19.07.2014;0,0000236529;29,28;0,4949217411;426.588,35;0;EUR
Muster ausgewogen cVV;20.07.2014;0,0000236524;29,28;0,4949557070;426.617,63;0;EUR
Muster ausgewogen cVV;21.07.2014;-0,0029050500;-3.595,88;0,4908037608;423.021,75;-0,003313823;EUR
Muster ausgewogen cVV;22.07.2014;0,0062179914;7.674,29;0,4997280005;430.696,04;0,005319102;EUR
Muster ausgewogen cVV;23.07.2014;0,0021132466;2.624,40;0,5027934155;433.320,44;0,001511374;EUR
Muster ausgewogen cVV;24.07.2014;0,0003138824;390,63;0,5032670386;433.711,07;0,000785490;EUR
Muster ausgewogen cVV;25.07.2014;-0,0042021536;-5.231,25;0,4972169318;428.479,82;-0,003736806;EUR
Muster ausgewogen cVV;26.07.2014;0,0000236163;29,28;0,4972509047;428.509,10;0;EUR
Muster ausgewogen cVV;27.07.2014;0,0000236157;29,28;0,4972848775;428.538,37;0;EUR
Muster ausgewogen cVV;28.07.2014;-0,0009529337;-1.181,37;0,4959340019;427.357,00;-0,002865768;EUR
Muster ausgewogen cVV;29.07.2014;0,0023722270;2.938,10;0,4993637037;430.295,10;0,003310041;EUR
Muster ausgewogen cVV;30.07.2014;-0,0020048996;-2.489,04;0,4964951178;427.806,06;-0,002110547;EUR
Muster ausgewogen cVV;31.07.2014;-0,0104849136;-12.990,72;0,4814379487;414.815,34;-0,008392286;EUR
Muster ausgewogen cVV;01.08.2014;-0,0090485335;-11.093,51;0,4685815478;403.721,83;-0,007083873;EUR
Muster ausgewogen cVV;02.08.2014;0,0000240976;29,28;0,4686155274;403.751,11;0;EUR
Muster ausgewogen cVV;03.08.2014;0,0000240970;29,28;0,4686495071;403.780,39;0;EUR
Muster ausgewogen cVV;04.08.2014;-0,0020798581;-2.526,96;0,4657352564;401.253,43;-0,000606974;EUR
Muster ausgewogen cVV;05.08.2014;-0,0010679485;-1.294,82;0,4642509430;399.958,61;-0,000330318;EUR
Muster ausgewogen cVV;06.08.2014;-0,0029245631;-3.542,07;0,4601578977;396.416,54;-0,001242943;EUR
Muster ausgewogen cVV;07.08.2014;-0,0035470043;-4.283,37;0,4552039667;392.133,17;-0,003179079;EUR
Muster ausgewogen cVV;08.08.2014;-0,0044001309;-5.294,76;0,4490755066;386.838,41;-0,001216545;EUR
Muster ausgewogen cVV;09.08.2014;0,0000244372;29,28;0,4491094930;386.867,69;0;EUR
Muster ausgewogen cVV;10.08.2014;0,0000244366;29,28;0,4491434795;386.896,97;0;EUR
Muster ausgewogen cVV;11.08.2014;0,0087009133;10.424,41;0,4612634069;397.321,38;0,007108435;EUR
Muster ausgewogen cVV;12.08.2014;-0,0012410395;-1.499,80;0,4595405123;395.821,57;-0,002506630;EUR
Muster ausgewogen cVV;13.08.2014;0,0040678081;4.909,87;0,4652592511;400.731,44;0,005216610;EUR
Muster ausgewogen cVV;14.08.2014;0,0022410099;2.715,92;0,4684310812;403.447,36;0,001914218;EUR
Muster ausgewogen cVV;15.08.2014;-0,0043895503;-5.331,69;0,4622589215;398.115,67;-0,003321519;EUR
Muster ausgewogen cVV;16.08.2014;0,0000242093;29,28;0,4622929148;398.144,95;0;EUR
Muster ausgewogen cVV;17.08.2014;0,0000242087;29,28;0,4623269080;398.174,22;0;EUR
Muster ausgewogen cVV;18.08.2014;0,0066825148;8.081,56;0,4717292122;406.255,79;0,006055877;EUR
Muster ausgewogen cVV;19.08.2014;0,0049843019;6.068,09;0,4787941763;412.323,88;0,004782826;EUR
Muster ausgewogen cVV;20.08.2014;0,0003065527;375,07;0,4792486218;412.698,95;0,000414640;EUR
Muster ausgewogen cVV;21.08.2014;0,0024247655;2.967,63;0,4827138213;415.666,58;0,003217679;EUR
Muster ausgewogen cVV;22.08.2014;-0,0011033391;-1.353,63;0,4811607821;414.312,95;-0,001457398;EUR
Muster ausgewogen cVV;23.08.2014;0,0000238893;29,28;0,4811947820;414.342,23;0;EUR
Muster ausgewogen cVV;24.08.2014;0,0000238887;29,28;0,4812287819;414.371,50;0;EUR
Muster ausgewogen cVV;25.08.2014;0,0079672633;9.764,33;0,4925879141;424.135,84;0,007350540;EUR
Muster ausgewogen cVV;26.08.2014;0,0037503191;4.632,85;0,4979880134;428.768,68;0,002563423;EUR
Muster ausgewogen cVV;27.08.2014;0,0000790255;97,99;0,4981213467;428.866,67;0,000386992;EUR
Muster ausgewogen cVV;28.08.2014;-0,0043754112;-5.425,74;0,4918386999;423.440,93;-0,003094561;EUR
Muster ausgewogen cVV;29.08.2014;0,0016137505;1.992,38;0,4941722251;425.433,31;0,000959137;EUR
Muster ausgewogen cVV;30.08.2014;0,0000236745;29,28;0,4942062317;425.462,59;0;EUR
Muster ausgewogen cVV;31.08.2014;0,0000152478;18,86;0,4942281345;425.481,45;0;EUR
Muster ausgewogen cVV;01.09.2014;0,0011550485;1.415,66;0,4958961923;426.897,11;0,001186888;EUR
Muster ausgewogen cVV;02.09.2014;0,0003397494;416,89;0,4964041160;427.314,00;0,000563128;EUR
Muster ausgewogen cVV;03.09.2014;0,0054926509;6.742,03;0,5042602236;434.056,02;0,003271542;EUR
Muster ausgewogen cVV;04.09.2014;0,0044990219;5.552,72;0,5107353106;439.608,74;0,006271009;EUR
Muster ausgewogen cVV;05.09.2014;-0,0004376292;-542,55;0,5101291867;439.066,19;0,001337278;EUR
Muster ausgewogen cVV;06.09.2014;0,0000236249;29,28;0,5101632014;439.095,46;0;EUR
Muster ausgewogen cVV;07.09.2014;0,0000236243;29,28;0,5101972161;439.124,74;0;EUR
Muster ausgewogen cVV;08.09.2014;0,0001190637;147,55;0,5103928443;439.272,29;-0,000403918;EUR
Muster ausgewogen cVV;09.09.2014;-0,0032537004;-4.032,71;0,5057311625;435.239,59;-0,002790632;EUR
Muster ausgewogen cVV;10.09.2014;-0,0019195408;-2.371,38;0,5029994951;432.868,21;-0,000019787;EUR
Muster ausgewogen cVV;11.09.2014;-0,0009322200;-1.149,44;0,5016875130;431.718,76;-0,000359204;EUR
Muster ausgewogen cVV;12.09.2014;-0,0027847643;-3.430,46;0,4977245462;428.288,30;-0,002750967;EUR
Muster ausgewogen cVV;13.09.2014;0,0000238321;29,28;0,4977585689;428.317,58;0;EUR
Muster ausgewogen cVV;14.09.2014;0,0000238316;29,28;0,4977925916;428.346,85;0;EUR
Muster ausgewogen cVV;15.09.2014;0,0000894864;109,93;0,4979437997;428.456,79;0,000360071;EUR
Muster ausgewogen cVV;16.09.2014;-0,0002172930;-266,97;0,4976569429;428.189,82;-0,000112011;EUR
Muster ausgewogen cVV;17.09.2014;0,0034242716;4.206,17;0,5025691028;432.395,99;0,001198527;EUR
Muster ausgewogen cVV;18.09.2014;0,0036478127;4.496,09;0,5078186879;436.892,08;0,004469169;EUR
Muster ausgewogen cVV;19.09.2014;0,0007565079;935,83;0,5089302907;437.827,91;0,002250978;EUR
Muster ausgewogen cVV;20.09.2014;0,0000236485;29,28;0,5089643214;437.857,19;0;EUR
Muster ausgewogen cVV;21.09.2014;0,0000236479;29,28;0,5089983521;437.886,47;0;EUR
Muster ausgewogen cVV;22.09.2014;-0,0029598793;-3.664,44;0,5047624372;434.222,03;-0,002725843;EUR
Muster ausgewogen cVV;23.09.2014;-0,0067817068;-8.371,15;0,4950545144;425.850,88;-0,006325255;EUR
Muster ausgewogen cVV;24.09.2014;0,0043070237;5.280,41;0,5012164217;431.131,30;0,004166772;EUR
Muster ausgewogen cVV;25.09.2014;-0,0059972704;-7.384,32;0,4926546590;423.746,97;-0,005324974;EUR
Muster ausgewogen cVV;26.09.2014;0,0005012822;613,52;0,4933909119;424.360,49;0,001402561;EUR
Muster ausgewogen cVV;27.09.2014;0,0000254468;31,16;0,4934271405;424.391,65;0;EUR
Muster ausgewogen cVV;28.09.2014;0,0000254462;31,16;0,4934633691;424.422,81;0;EUR
Muster ausgewogen cVV;29.09.2014;-0,0033551514;-4.108,63;0,4887091177;420.314,18;-0,002446579;EUR
Muster ausgewogen cVV;30.09.2014;0,0048200507;5.882,70;0,4955720763;426.196,88;0,002266028;EUR
Muster ausgewogen cVV;01.10.2014;-0,0051712261;-6.341,71;0,4882207149;419.855,17;-0,004024629;EUR
Muster ausgewogen cVV;02.10.2014;-0,0094899632;-11.577,80;0,4747796771;408.277,37;-0,008042041;EUR
Muster ausgewogen cVV;03.10.2014;0,0014574395;1.761,21;0,4768498165;410.038,58;0,003952139;EUR
Muster ausgewogen cVV;04.10.2014;0,0000257480;31,16;0,4768860535;410.069,74;0;EUR
Muster ausgewogen cVV;05.10.2014;0,0000257473;31,16;0,4769222905;410.100,90;0;EUR
Muster ausgewogen cVV;06.10.2014;0,0035155431;4.254,69;0,4818924920;414.355,58;-0,000031816;EUR
Muster ausgewogen cVV;07.10.2014;-0,0046367015;-5.631,30;0,4753652656;408.724,29;-0,007318291;EUR
Muster ausgewogen cVV;08.10.2014;-0,0068258998;-8.251,65;0,4657896753;400.472,64;-0,001691771;EUR
Muster ausgewogen cVV;09.10.2014;0,0014542713;1.746,03;0,4678420110;402.218,67;-0,003225234;EUR
Muster ausgewogen cVV;10.10.2014;-0,0074063099;-8.905,11;0,4575050270;393.313,56;-0,008227579;EUR
Muster ausgewogen cVV;11.10.2014;0,0000261088;31,16;0,4575412724;393.344,72;0;EUR
Muster ausgewogen cVV;12.10.2014;0,0000261081;31,16;0,4575775178;393.375,88;0;EUR
Muster ausgewogen cVV;13.10.2014;-0,0013539735;-1.616,00;0,4557186903;391.759,87;-0,002598430;EUR
Muster ausgewogen cVV;14.10.2014;0,0005982961;713,11;0,4565691574;392.472,99;0,000753476;EUR
Muster ausgewogen cVV;15.10.2014;-0,0135725344;-16.186,91;0,4377587482;376.286,08;-0,010513478;EUR
Muster ausgewogen cVV;16.10.2014;-0,0025705342;-3.024,07;0,4342605037;373.262,01;-0,001808294;EUR
Muster ausgewogen cVV;17.10.2014;0,0120152186;14.098,79;0,4506839040;387.360,81;0,010901029;EUR
Muster ausgewogen cVV;18.10.2014;0,0000209794;24,91;0,4507128900;387.385,72;0;EUR
Muster ausgewogen cVV;19.10.2014;0,0000209790;24,91;0,4507418759;387.410,63;0;EUR
Muster ausgewogen cVV;20.10.2014;-0,0034724292;-4.123,72;0,4459643792;383.286,92;-0,001537830;EUR
Muster ausgewogen cVV;21.10.2014;0,0098489733;11.655,63;0,4595469450;394.942,55;0,009463850;EUR
Muster ausgewogen cVV;22.10.2014;0,0043443378;5.191,88;0,4656092929;400.134,43;0,002326929;EUR
Muster ausgewogen cVV;23.10.2014;0,0033006845;3.961,76;0,4702406862;404.096,19;0,004944409;EUR
Muster ausgewogen cVV;24.10.2014;-0,0028508558;-3.433,13;0,4662667601;400.663,06;-0,000831515;EUR
Muster ausgewogen cVV;25.10.2014;0,0000207470;24,91;0,4662957526;400.687,97;0;EUR
Muster ausgewogen cVV;26.10.2014;0,0000207466;24,91;0,4663247452;400.712,89;0;EUR
Muster ausgewogen cVV;27.10.2014;-0,0034555237;-4.149,61;0,4615166035;396.563,28;-0,003000716;EUR
Muster ausgewogen cVV;28.10.2014;0,0057888785;6.927,62;0,4696001610;403.490,90;0,006592644;EUR
Muster ausgewogen cVV;29.10.2014;0,0035024432;4.215,68;0,4745280032;407.706,58;0,000251002;EUR
Muster ausgewogen cVV;30.10.2014;0,0027511853;3.323,04;0,4784172684;411.029,62;0,004704179;EUR
Muster ausgewogen cVV;31.10.2014;0,0088735729;10.747,49;0,4909489221;421.777,10;0,010866508;EUR
Muster ausgewogen cVV;01.11.2014;0,0000203885;24,91;0,4909779212;421.802,02;0;EUR
Muster ausgewogen cVV;02.11.2014;0,0000203881;24,91;0,4910069203;421.826,93;0;EUR
Muster ausgewogen cVV;03.11.2014;-0,0014454159;-1.766,26;0,4889730059;420.060,67;-0,002610015;EUR
Muster ausgewogen cVV;04.11.2014;-0,0035105552;-4.283,61;0,4840084171;415.777,05;-0,003397775;EUR
Muster ausgewogen cVV;05.11.2014;0,0020053320;2.438,34;0,4868687662;418.215,39;0,006945716;EUR
Muster ausgewogen cVV;06.11.2014;0,0033619159;4.096,04;0,4916592589;422.311,43;0,002977081;EUR
Muster ausgewogen cVV;07.11.2014;-0,0010471219;-1.280,07;0,4901909554;421.031,36;-0,001650705;EUR
Muster ausgewogen cVV;08.11.2014;0,0000204010;24,91;0,4902199610;421.056,28;0;EUR
Muster ausgewogen cVV;09.11.2014;0,0000204006;24,91;0,4902489666;421.081,19;0;EUR
Muster ausgewogen cVV;10.11.2014;0,0032818728;4.007,92;0,4949373871;425.089,11;0,002179279;EUR
Muster ausgewogen cVV;11.11.2014;0,0016474459;2.018,51;0,4973097967;427.107,63;0,001154866;EUR
Muster ausgewogen cVV;12.11.2014;-0,0025073130;-3.077,12;0,4937489417;424.030,51;-0,005156919;EUR
Muster ausgewogen cVV;13.11.2014;0,0009510800;1.164,29;0,4951267369;425.194,80;0,001358727;EUR
Muster ausgewogen cVV;14.11.2014;0,0021519646;2.636,90;0,4982195066;427.831,70;0,000139292;EUR
Muster ausgewogen cVV;15.11.2014;0,0000202880;24,91;0,4982485187;427.856,61;0;EUR
Muster ausgewogen cVV;16.11.2014;0,0000202876;24,91;0,4982775308;427.881,53;0;EUR
Muster ausgewogen cVV;17.11.2014;0,0010480331;1.287,02;0,4997985139;429.168,54;0,001405199;EUR
Muster ausgewogen cVV;18.11.2014;0,0045439863;5.586,00;0,5063263137;434.754,55;0,004282214;EUR
Muster ausgewogen cVV;19.11.2014;-0,0000844292;-104,26;0,5062273400;434.650,29;-0,001128362;EUR
Muster ausgewogen cVV;20.11.2014;0,0011457626;1.414,79;0,5078976089;436.065,07;0,000943507;EUR
Muster ausgewogen cVV;21.11.2014;0,0111883945;13.831,26;0,5240304557;449.896,33;0,011306983;EUR
Muster ausgewogen cVV;22.11.2014;0,0000199299;24,91;0,5240594742;449.921,24;0;EUR
Muster ausgewogen cVV;23.11.2014;0,0000199295;24,91;0,5240884927;449.946,15;0;EUR
Muster ausgewogen cVV;24.11.2014;-0,0000785829;-98,24;0,5239972223;449.847,92;0,001374335;EUR
Muster ausgewogen cVV;25.11.2014;0,0012227181;1.528,39;0,5258007486;451.376,31;0,001691102;EUR
Muster ausgewogen cVV;26.11.2014;0,0008278343;1.036,06;0,5270308617;452.412,37;0,001496248;EUR
Muster ausgewogen cVV;27.11.2014;0,0014086130;1.764,37;0,5291095343;454.176,74;0,002007839;EUR
Muster ausgewogen cVV;28.11.2014;-0,0008290502;-1.039,90;0,5279212760;453.136,84;-0,000374681;EUR
Muster ausgewogen cVV;29.11.2014;0,0000198784;24,91;0,5279503009;453.161,76;0;EUR
Muster ausgewogen cVV;30.11.2014;0,0000198780;24,91;0,5279793258;453.186,67;0;EUR
Muster ausgewogen cVV;01.12.2014;-0,0020167528;-2.527,67;0,5250575524;450.659,00;-0,002502781;EUR
Muster ausgewogen cVV;02.12.2014;0,0021270219;2.660,50;0,5281804294;453.319,50;0,001283422;EUR
Muster ausgewogen cVV;03.12.2014;0,0043202350;5.415,28;0,5345133976;458.734,78;0,003367908;EUR
Muster ausgewogen cVV;04.12.2014;-0,0059037564;-7.432,15;0,5258765369;451.302,63;-0,005936343;EUR
Muster ausgewogen cVV;05.12.2014;0,0082826394;10.365,33;0,5379781488;461.667,96;0,008880743;EUR
Muster ausgewogen cVV;06.12.2014;0,0000197440;24,91;0,5380071801;461.692,87;0;EUR
Muster ausgewogen cVV;07.12.2014;0,0000197436;24,91;0,5380362113;461.717,79;0;EUR
Muster ausgewogen cVV;08.12.2014;-0,0036926179;-4.659,59;0,5326296645;457.058,19;-0,002560848;EUR
Muster ausgewogen cVV;09.12.2014;-0,0100474526;-12.631,73;0,5179319316;444.426,46;-0,008787803;EUR
Muster ausgewogen cVV;10.12.2014;-0,0043906381;-5.464,48;0,5115859248;438.961,98;-0,003205992;EUR
Muster ausgewogen cVV;11.12.2014;0,0042031006;5.208,11;0,5176781939;444.170,09;0,002318088;EUR
Muster ausgewogen cVV;12.12.2014;-0,0142502751;-17.731,89;0,4970333326;426.438,19;-0,011627582;EUR
Muster ausgewogen cVV;13.12.2014;0,0000203111;24,91;0,4970623701;426.463,11;0;EUR
Muster ausgewogen cVV;14.12.2014;0,0000203106;24,91;0,4970914077;426.488,02;0;EUR
Muster ausgewogen cVV;15.12.2014;-0,0130730925;-16.035,94;0,4784215234;410.452,07;-0,009220903;EUR
Muster ausgewogen cVV;16.12.2014;0,0045941842;5.561,73;0,4849252549;416.013,80;0,004560872;EUR
Muster ausgewogen cVV;17.12.2014;0,0021336866;2.594,91;0,4879711136;418.608,71;0,004552246;EUR
Muster ausgewogen cVV;18.12.2014;0,0180584471;22.008,88;0,5136489994;440.617,59;0,014744813;EUR
Muster ausgewogen cVV;19.12.2014;0,0035746742;4.435,34;0,5188418727;445.052,93;0,001703125;EUR
Muster ausgewogen cVV;20.12.2014;0,0000174662;21,75;0,5188672275;445.074,68;0;EUR
Muster ausgewogen cVV;21.12.2014;0,0000174659;21,75;0,5188925824;445.096,43;0;EUR
Muster ausgewogen cVV;22.12.2014;0,0020271750;2.524,33;0,5218579331;447.620,76;0,003254572;EUR
Muster ausgewogen cVV;23.12.2014;0,0053973797;6.734,69;0,5297323610;454.355,45;0,003089562;EUR
Muster ausgewogen cVV;24.12.2014;-0,0001036614;-130,04;0,5296035107;454.225,40;0,000048716;EUR
Muster ausgewogen cVV;25.12.2014;-0,0001349691;-169,30;0,5294288453;454.056,10;-0,000063582;EUR
Muster ausgewogen cVV;26.12.2014;0,0003002886;376,62;0,5298907114;454.432,72;0,000941377;EUR
Muster ausgewogen cVV;27.12.2014;0,0000173356;21,75;0,5299160717;454.454,47;0;EUR
Muster ausgewogen cVV;28.12.2014;0,0000173353;21,75;0,5299414320;454.476,22;0;EUR
Muster ausgewogen cVV;29.12.2014;0,0017235462;2.162,41;0,5324857085;456.638,63;0,001232064;EUR
Muster ausgewogen cVV;30.12.2014;-0,0049770022;-6.255,04;0,5252141856;450.383,59;-0,004200195;EUR
Muster ausgewogen cVV;31.12.2014;0,0005131304;641,69;0,5259849600;451.025,28;-0,000333460;EUR
Muster ausgewogen cVV;01.01.2015;0,0000587203;73,47;0,5260930893;451.098,75;0,000001202;EUR
Muster ausgewogen cVV;02.01.2015;0,0004643332;581,00;0,5267931264;451.679,74;0,000004422;EUR
Muster ausgewogen cVV;03.01.2015;0,0000173737;21,75;0,5268184921;451.701,49;0;EUR
Muster ausgewogen cVV;04.01.2015;0,0000173734;21,75;0,5268438578;451.723,24;0;EUR
Muster ausgewogen cVV;05.01.2015;-0,0112940663;-14.138,73;0,5103756091;437.584,51;-0,010584987;EUR
Muster ausgewogen cVV;06.01.2015;-0,0030701891;-3.800,08;0,5059649093;433.784,43;-0,002196557;EUR
Muster ausgewogen cVV;07.01.2015;0,0050337594;6.211,33;0,5132315750;439.995,76;0,004963363;EUR
Muster ausgewogen cVV;08.01.2015;0,0178811870;22.175,27;0,5391207053;462.171,02;0,013332972;EUR
Muster ausgewogen cVV;09.01.2015;-0,0095729834;-12.084,17;0,5250468049;450.086,85;-0,006898570;EUR
Muster ausgewogen cVV;10.01.2015;0,0000173958;21,75;0,5250721760;450.108,60;0;EUR
Muster ausgewogen cVV;11.01.2015;0,0000173955;21,75;0,5250975471;450.130,35;0;EUR
Muster ausgewogen cVV;12.01.2015;0,0063686419;7.962,58;0,5344088724;458.092,93;0,002707990;EUR
Muster ausgewogen cVV;13.01.2015;0,0087560356;11.017,21;0,5472846234;469.110,15;0,005070405;EUR
Muster ausgewogen cVV;14.01.2015;-0,0081548988;-10.350,68;0,5352316470;458.759,46;-0,004791968;EUR
Muster ausgewogen cVV;15.01.2015;0,0237299828;29.873,89;0,5701093429;488.633,35;0,009729491;EUR
Muster ausgewogen cVV;16.01.2015;0,0028422715;3.663,07;0,5744073850;492.296,42;0,007241333;EUR
Muster ausgewogen cVV;17.01.2015;0,0000168277;21,75;0,5744327614;492.318,17;0;EUR
Muster ausgewogen cVV;18.01.2015;0,0000168274;21,75;0,5744581379;492.339,92;0;EUR
Muster ausgewogen cVV;19.01.2015;0,0011666109;1.507,83;0,5762416931;493.847,75;0,000249296;EUR
Muster ausgewogen cVV;20.01.2015;0,0034948111;4.522,28;0,5815428909;498.370,03;0,001917475;EUR
Muster ausgewogen cVV;21.01.2015;0,0016135825;2.095,27;0,5840123339;500.465,29;0,001230316;EUR
Muster ausgewogen cVV;22.01.2015;0,0132363466;17.215,39;0,6041269442;517.680,68;0,010210774;EUR
Muster ausgewogen cVV;23.01.2015;0,0137424321;18.110,19;0,6252874753;535.790,87;0,009453631;EUR
Muster ausgewogen cVV;24.01.2015;0,0000162798;21,75;0,6253128571;535.812,62;0;EUR
Muster ausgewogen cVV;25.01.2015;0,0000162796;21,75;0,6253382389;535.834,37;0;EUR
Muster ausgewogen cVV;26.01.2015;0,0019931265;2.662,78;0,6284720699;538.497,15;0,003365153;EUR
Muster ausgewogen cVV;27.01.2015;-0,0081219786;-10.872,46;0,6158086879;527.624,70;-0,008000958;EUR
Muster ausgewogen cVV;28.01.2015;0,0029034989;3.855,19;0,6203340728;531.479,89;0,001309928;EUR
Muster ausgewogen cVV;29.01.2015;-0,0045631696;-6.076,45;0,6132672811;525.403,44;0,001474536;EUR
Muster ausgewogen cVV;30.01.2015;-0,0002979811;-394,99;0,6128317228;525.008,45;-0,001913208;EUR
Muster ausgewogen cVV;31.01.2015;0,0000085490;11,33;0,6128449466;525.019,77;0;EUR
Muster ausgewogen cVV;01.02.2015;0,0000164122;21,75;0,6128703336;525.041,52;0;EUR
Muster ausgewogen cVV;02.02.2015;0,0026693696;3.537,42;0,6170251266;528.578,95;0,004468260;EUR
Muster ausgewogen cVV;03.02.2015;0,0010371111;1.378,04;0,6186594161;529.956,99;0,002049840;EUR
Muster ausgewogen cVV;04.02.2015;0,0068540791;9.116,65;0,6293280623;539.073,64;0,001037318;EUR
Muster ausgewogen cVV;05.02.2015;-0,0002849576;-381,62;0,6289085751;538.692,02;0,001531087;EUR
Muster ausgewogen cVV;06.02.2015;0,0017056033;2.283,53;0,6316006456;540.975,55;-0,000351625;EUR
Muster ausgewogen cVV;07.02.2015;0,0000162169;21,75;0,6316260379;540.997,30;0;EUR
Muster ausgewogen cVV;08.02.2015;0,0000162166;21,75;0,6316514302;541.019,05;0;EUR
Muster ausgewogen cVV;09.02.2015;-0,0054073743;-7.252,20;0,6232100595;533.766,85;-0,004472563;EUR
Muster ausgewogen cVV;10.02.2015;0,0027673956;3.691,47;0,6275459899;537.458,32;0,003870247;EUR
Muster ausgewogen cVV;11.02.2015;-0,0019704802;-2.635,73;0,6244941845;534.822,59;0,000002559;EUR
Muster ausgewogen cVV;12.02.2015;0,0073764394;9.847,34;0,6360187518;544.669,93;0,005768257;EUR
Muster ausgewogen cVV;13.02.2015;0,0024337019;3.272,89;0,6398668398;547.942,82;0,001892326;EUR
Muster ausgewogen cVV;14.02.2015;0,0000161331;21,75;0,6398922374;547.964,57;0;EUR
Muster ausgewogen cVV;15.02.2015;0,0000161328;21,75;0,6399176349;547.986,32;0;EUR
Muster ausgewogen cVV;16.02.2015;0,0001286932;173,50;0,6401465057;548.159,82;-0,000758562;EUR
Muster ausgewogen cVV;17.02.2015;-0,0021469730;-2.894,78;0,6367920482;545.265,03;-0,000511456;EUR
Muster ausgewogen cVV;18.02.2015;0,0041249897;5.549,82;0,6432997843;550.814,85;0,003182812;EUR
Muster ausgewogen cVV;19.02.2015;0,0030606865;4.134,88;0,6481554328;554.949,73;0,000776145;EUR
Muster ausgewogen cVV;20.02.2015;0,0023674131;3.208,08;0,6519289433;558.157,81;0,002831818;EUR
Muster ausgewogen cVV;21.02.2015;0,0000160118;21,75;0,6519543461;558.179,56;0;EUR
Muster ausgewogen cVV;22.02.2015;0,0000160115;21,75;0,6519797488;558.201,31;0;EUR
Muster ausgewogen cVV;23.02.2015;0,0027991974;3.802,29;0,6564476053;562.003,60;0,002548855;EUR
Muster ausgewogen cVV;24.02.2015;0,0036146862;4.923,76;0,6622257705;566.927,36;0,002754533;EUR
Muster ausgewogen cVV;25.02.2015;-0,0001259680;-172,21;0,6620515541;566.755,15;0,000456513;EUR
Muster ausgewogen cVV;26.02.2015;0,0103332283;14.009,15;0,6784493387;580.764,30;0,005693273;EUR
Muster ausgewogen cVV;27.02.2015;0,0000725051;99,31;0,6785984047;580.863,61;0,001149493;EUR
Muster ausgewogen cVV;28.02.2015;0,0000158769;21,75;0,6786238131;580.885,36;0;EUR
Muster ausgewogen cVV;01.03.2015;0,0000310900;42,59;0,6786735682;580.927,95;0;EUR
Muster ausgewogen cVV;02.03.2015;0,0007180783;983,70;0,6798558566;581.911,66;0,000754416;EUR
Muster ausgewogen cVV;03.03.2015;-0,0054024096;-7.406,13;0,6712357731;574.505,52;-0,003744240;EUR
Muster ausgewogen cVV;04.03.2015;0,0054722909;7.461,41;0,6799864624;581.966,93;0,003685134;EUR
Muster ausgewogen cVV;05.03.2015;0,0046597065;6.388,22;0,6874839635;588.355,15;0,004057758;EUR
Muster ausgewogen cVV;06.03.2015;0,0052634857;7.249,60;0,6959887022;595.604,75;0,001453235;EUR
Muster ausgewogen cVV;07.03.2015;0,0000157079;21,75;0,6960141167;595.626,50;0;EUR
Muster ausgewogen cVV;08.03.2015;0,0000157076;21,75;0,6960395312;595.648,25;0;EUR
Muster ausgewogen cVV;09.03.2015;-0,0007006819;-970,19;0,6949394308;594.678,06;0,001907153;EUR
Muster ausgewogen cVV;10.03.2015;-0,0013607840;-1.882,86;0,6927725779;592.795,20;-0,002031274;EUR
Muster ausgewogen cVV;11.03.2015;0,0122781197;16.965,64;0,7126339169;609.760,84;0,009635249;EUR
Muster ausgewogen cVV;12.03.2015;-0,0000663758;-92,84;0,7125597418;609.667,99;0,000939273;EUR
Muster ausgewogen cVV;13.03.2015;0,0042098177;5.888,07;0,7194761410;615.556,06;0,002837718;EUR
Muster ausgewogen cVV;14.03.2015;0,0000154847;21,75;0,7195015616;615.577,81;0;EUR
Muster ausgewogen cVV;15.03.2015;0,0000154845;21,75;0,7195269822;615.599,56;0;EUR
Muster ausgewogen cVV;16.03.2015;0,0046654648;6.553,03;0,7272212700;622.152,59;0,006662126;EUR
Muster ausgewogen cVV;17.03.2015;-0,0047302271;-6.674,99;0,7194535505;615.477,60;-0,005391874;EUR
Muster ausgewogen cVV;18.03.2015;-0,0032745025;-4.598,91;0,7141119650;610.878,69;0,001347858;EUR
Muster ausgewogen cVV;19.03.2015;0,0075510703;10.570,45;0,7265035312;621.449,14;-0,000498592;EUR
Muster ausgewogen cVV;20.03.2015;0,0010775866;1.519,86;0,7283151642;622.969,00;0,002379561;EUR
Muster ausgewogen cVV;21.03.2015;0,0000153907;21,73;0,7283405699;622.990,73;0;EUR
Muster ausgewogen cVV;22.03.2015;0,0000153905;21,73;0,7283659756;623.012,47;0;EUR
Muster ausgewogen cVV;23.03.2015;-0,0057965270;-8.184,67;0,7188315974;614.827,80;-0,006065920;EUR
Muster ausgewogen cVV;24.03.2015;0,0040343094;5.663,41;0,7254876461;620.491,20;0,001626056;EUR
Muster ausgewogen cVV;25.03.2015;-0,0070576443;-9.947,57;0,7138908307;610.543,64;-0,006784071;EUR
Muster ausgewogen cVV;26.03.2015;-0,0008518943;-1.192,25;0,7125306944;609.351,39;-0,000247288;EUR
Muster ausgewogen cVV;27.03.2015;0,0004107038;574,30;0,7132361587;609.925,69;0,001501427;EUR
Muster ausgewogen cVV;28.03.2015;0,0000155342;21,73;0,7132615705;609.947,42;0;EUR
Muster ausgewogen cVV;29.03.2015;0,0000155340;21,73;0,7132869822;609.969,15;0;EUR
Muster ausgewogen cVV;30.03.2015;0,0080512925;11.263,37;0,7264926768;621.232,52;0,007817206;EUR
Muster ausgewogen cVV;31.03.2015;-0,0003194871;-450,55;0,7260002361;620.781,98;-0,002491201;EUR
Muster ausgewogen cVV;01.04.2015;0,0016432359;2.316,58;0,7287439899;623.098,55;-0,000048750;EUR
Muster ausgewogen cVV;02.04.2015;-0,0026559207;-3.750,38;0,7243920296;619.348,18;-0,002019554;EUR
Muster ausgewogen cVV;03.04.2015;-0,0004208427;-592,69;0,7237330373;618.755,49;0,000130577;EUR
Muster ausgewogen cVV;04.04.2015;0,0000154368;21,73;0,7237584551;618.777,22;0;EUR
Muster ausgewogen cVV;05.04.2015;0,0000154365;21,73;0,7237838729;618.798,95;0;EUR
Muster ausgewogen cVV;06.04.2015;-0,0000483931;-68,13;0,7237383631;618.730,83;-0,001415138;EUR
Muster ausgewogen cVV;07.04.2015;0,0107877007;15.186,00;0,7415366154;633.916,82;0,007605895;EUR
Muster ausgewogen cVV;08.04.2015;0,0003233890;460,15;0,7421098457;634.376,97;0,000712599;EUR
Muster ausgewogen cVV;09.04.2015;0,0068514759;9.752,12;0,7535535704;644.129,09;0,006198824;EUR
Muster ausgewogen cVV;10.04.2015;0,0082207512;11.781,26;0,7673722912;655.910,35;0,006613116;EUR
Muster ausgewogen cVV;11.04.2015;0,0000150398;21,73;0,7673977149;655.932,08;0;EUR
Muster ausgewogen cVV;12.04.2015;0,0000150396;21,73;0,7674231387;655.953,81;0;EUR
Muster ausgewogen cVV;13.04.2015;0,0000833192;120,39;0,7676000225;656.074,20;-0,000401251;EUR
Muster ausgewogen cVV;14.04.2015;-0,0059379075;-8.580,62;0,7575963137;647.493,58;-0,003817970;EUR
Muster ausgewogen cVV;15.04.2015;0,0031051896;4.460,53;0,7628510623;651.954,11;0,002878623;EUR
Muster ausgewogen cVV;16.04.2015;-0,0072675897;-10.472,14;0,7506327330;641.481,97;-0,006554037;EUR
Muster ausgewogen cVV;17.04.2015;-0,0106543331;-15.240,65;0,7328330657;626.241,32;-0,010591383;EUR
Muster ausgewogen cVV;18.04.2015;0,0000187429;26,53;0,7328641060;626.267,85;0;EUR
Muster ausgewogen cVV;19.04.2015;0,0000187426;26,53;0,7328951463;626.294,38;0;EUR
Muster ausgewogen cVV;20.04.2015;0,0044192929;6.254,53;0,7402487936;632.548,90;0,006253530;EUR
Muster ausgewogen cVV;21.04.2015;0,0019606115;2.787,07;0,7435450620;635.335,97;0,001543158;EUR
Muster ausgewogen cVV;22.04.2015;-0,0005755572;-819,78;0,7426202392;634.516,20;-0,001288957;EUR
Muster ausgewogen cVV;23.04.2015;-0,0032724644;-4.658,35;0,7372025192;629.857,84;-0,003873603;EUR
Muster ausgewogen cVV;24.04.2015;0,0006148472;872,37;0,7382578585;630.730,21;0,001495264;EUR
Muster ausgewogen cVV;25.04.2015;0,0000186837;26,53;0,7382889060;630.756,74;0;EUR
Muster ausgewogen cVV;26.04.2015;0,0000186833;26,53;0,7383199536;630.783,27;0;EUR
Muster ausgewogen cVV;27.04.2015;0,0081128871;11.518,40;0,7518369118;642.301,67;0,004761523;EUR
Muster ausgewogen cVV;28.04.2015;-0,0077591114;-11.105,50;0,7388717753;631.196,17;-0,006418908;EUR
Muster ausgewogen cVV;29.04.2015;-0,0156716442;-22.256,54;0,7128514925;608.939,63;-0,014648814;EUR
Muster ausgewogen cVV;30.04.2015;-0,0040172506;-5.615,81;0,7063100408;603.323,82;-0,004213228;EUR
Muster ausgewogen cVV;01.05.2015;-0,0008767938;-1.220,77;0,7049134468;602.103,06;0,000886552;EUR
Muster ausgewogen cVV;02.05.2015;0,0000190682;26,53;0,7049445015;602.129,58;0;EUR
Muster ausgewogen cVV;03.05.2015;0,0000190678;26,53;0,7049755562;602.156,11;0;EUR
Muster ausgewogen cVV;04.05.2015;0,0043091579;5.994,64;0,7120266362;608.150,75;0,004865809;EUR
Muster ausgewogen cVV;05.05.2015;-0,0076902689;-10.744,33;0,6994793321;597.406,41;-0,009758231;EUR
Muster ausgewogen cVV;06.05.2015;-0,0072860017;-10.101,24;0,6876838466;587.305,18;-0,003967062;EUR
Muster ausgewogen cVV;07.05.2015;0,0011140860;1.533,30;0,6895109084;588.838,48;0,002719839;EUR
Muster ausgewogen cVV;08.05.2015;0,0138042319;19.019,77;0,7118151260;607.858,25;0,012316585;EUR
Muster ausgewogen cVV;09.05.2015;0,0000189896;26,53;0,7118461879;607.884,77;0;EUR
Muster ausgewogen cVV;10.05.2015;0,0000189892;26,53;0,7118772498;607.911,30;0;EUR
Muster ausgewogen cVV;11.05.2015;-0,0005501152;-768,45;0,7110099828;607.142,85;-0,000403461;EUR
Muster ausgewogen cVV;12.05.2015;-0,0082294436;-11.489,34;0,6975870572;595.653,51;-0,007853261;EUR
Muster ausgewogen cVV;13.05.2015;-0,0041121185;-5.693,79;0,6909505102;589.959,72;-0,004409893;EUR
Muster ausgewogen cVV;14.05.2015;0,0051501368;7.101,74;0,6992999077;597.061,46;0,005765155;EUR
Muster ausgewogen cVV;15.05.2015;-0,0034224266;-4.743,64;0,6937756612;592.317,83;-0,002403679;EUR
Muster ausgewogen cVV;16.05.2015;0,0000192032;26,53;0,6938067302;592.344,35;0;EUR
Muster ausgewogen cVV;17.05.2015;0,0000192029;26,53;0,6938377992;592.370,88;0;EUR
Muster ausgewogen cVV;18.05.2015;0,0074909758;10.347,69;0,7059901287;602.718,57;0,005374527;EUR
Muster ausgewogen cVV;19.05.2015;0,0115451545;16.067,41;0,7248435873;618.785,97;0,010640810;EUR
Muster ausgewogen cVV;20.05.2015;0,0017483792;2.461,31;0,7277598679;621.247,29;0,000505244;EUR
Muster ausgewogen cVV;21.05.2015;0,0000178702;25,20;0,7278224610;621.272,49;0,000841841;EUR
Muster ausgewogen cVV;22.05.2015;0,0023099029;3.257,55;0,7316719016;624.530,04;0,000446734;EUR
Muster ausgewogen cVV;23.05.2015;0,0000216743;30,64;0,7317077944;624.560,68;0;EUR
Muster ausgewogen cVV;24.05.2015;0,0000216738;30,64;0,7317436871;624.591,32;0;EUR
Muster ausgewogen cVV;25.05.2015;-0,0003466851;-490,07;0,7312026967;624.101,25;0,000046263;EUR
Muster ausgewogen cVV;26.05.2015;-0,0028532034;-4.031,82;0,7265118813;620.069,43;-0,003414610;EUR
Muster ausgewogen cVV;27.05.2015;0,0052618394;7.414,21;0,7352320817;627.483,64;0,005407246;EUR
Muster ausgewogen cVV;28.05.2015;-0,0036107185;-5.114,46;0,7292723355;622.369,18;-0,003332206;EUR
Muster ausgewogen cVV;29.05.2015;-0,0099757364;-14.079,28;0,7128068537;608.289,90;-0,007872318;EUR
Muster ausgewogen cVV;30.05.2015;0,0000219262;30,64;0,7128427546;608.320,54;0;EUR
Muster ausgewogen cVV;31.05.2015;0,0000186679;26,08;0,7128733213;608.346,62;0;EUR
Muster ausgewogen cVV;01.06.2015;0,0011830346;1.653,09;0,7148426664;609.999,71;0,001750038;EUR
Muster ausgewogen cVV;02.06.2015;-0,0109339030;-15.296,34;0,6969486633;594.703,37;-0,008933386;EUR
Muster ausgewogen cVV;03.06.2015;-0,0028456935;-3.937,55;0,6923652829;590.765,83;-0,001970549;EUR
Muster ausgewogen cVV;04.06.2015;-0,0038521451;-5.314,99;0,6861670434;585.450,83;-0,003857876;EUR
Muster ausgewogen cVV;05.06.2015;-0,0026219954;-3.603,76;0,6819739210;581.847,07;-0,001589856;EUR
Muster ausgewogen cVV;06.06.2015;0,0000188866;25,89;0,6820042665;581.872,96;0;EUR
Muster ausgewogen cVV;07.06.2015;0,0000188862;25,89;0,6820346121;581.898,85;0;EUR
Muster ausgewogen cVV;08.06.2015;-0,0091484951;-12.541,51;0,6673648161;569.357,35;-0,006748536;EUR
Muster ausgewogen cVV;09.06.2015;-0,0054112123;-7.350,27;0,6587787849;562.007,08;-0,003549157;EUR
Muster ausgewogen cVV;10.06.2015;0,0097677794;13.196,17;0,6742773489;575.203,25;0,008108674;EUR
Muster ausgewogen cVV;11.06.2015;0,0057612045;7.859,36;0,6835209424;583.062,61;0,004510527;EUR
Muster ausgewogen cVV;12.06.2015;-0,0064817914;-8.893,31;0,6731253908;574.169,30;-0,004438044;EUR
Muster ausgewogen cVV;13.06.2015;0,0000189929;25,89;0,6731557432;574.195,19;0;EUR
Muster ausgewogen cVV;14.06.2015;0,0000189926;25,89;0,6731860956;574.221,08;0;EUR
Muster ausgewogen cVV;15.06.2015;-0,0089356210;-12.181,07;0,6589350165;562.040,00;-0,006326381;EUR
Muster ausgewogen cVV;16.06.2015;0,0011485015;1.551,65;0,6607835820;563.591,65;0,002687266;EUR
Muster ausgewogen cVV;17.06.2015;-0,0032690018;-4.421,57;0,6556286571;559.170,08;-0,001685001;EUR
Muster ausgewogen cVV;18.06.2015;0,0019132152;2.579,31;0,6586821528;561.749,39;0,001338046;EUR
Muster ausgewogen cVV;19.06.2015;-0,0011024944;-1.489,17;0,6569651538;560.260,22;0,000025929;EUR
Muster ausgewogen cVV;20.06.2015;0,0000156352;21,10;0,6569898909;560.281,31;0;EUR
Muster ausgewogen cVV;21.06.2015;0,0000156350;21,10;0,6570146279;560.302,41;0;EUR
Muster ausgewogen cVV;22.06.2015;0,0157574080;21.261,24;0,6819759268;581.563,65;0,009823266;EUR
Muster ausgewogen cVV;23.06.2015;0,0095997101;13.156,85;0,6974352930;594.720,50;0,007134971;EUR
Muster ausgewogen cVV;24.06.2015;-0,0027237539;-3.768,87;0,6930461364;590.951,63;-0,002689104;EUR
Muster ausgewogen cVV;25.06.2015;-0,0006631320;-915,08;0,6920035212;590.036,55;-0,000847290;EUR
Muster ausgewogen cVV;26.06.2015;-0,0013883165;-1.914,52;0,6897885721;588.122,04;0,000180532;EUR
Muster ausgewogen cVV;27.06.2015;0,0000153189;21,10;0,6898133146;588.143,13;0;EUR
Muster ausgewogen cVV;28.06.2015;0,0000153187;21,10;0,6898380571;588.164,23;0;EUR
Muster ausgewogen cVV;29.06.2015;-0,0212945482;-29.325,73;0,6554717731;558.838,50;-0,013461055;EUR
Muster ausgewogen cVV;30.06.2015;-0,0036318749;-4.895,12;0,6497587918;553.943,38;-0,002897673;EUR
Muster ausgewogen cVV;01.07.2015;0,0105968132;14.230,74;0,6664803130;568.174,12;0,008051139;EUR
Muster ausgewogen cVV;02.07.2015;-0,0017445183;-2.367,59;0,6637322260;565.806,54;-0,001946660;EUR
Muster ausgewogen cVV;03.07.2015;-0,0013618731;-1.845,05;0,6615968607;563.961,48;-0,000499218;EUR
Muster ausgewogen cVV;04.07.2015;0,0000155925;21,10;0,6616216086;563.982,58;0;EUR
Muster ausgewogen cVV;05.07.2015;0,0000155922;21,10;0,6616463565;564.003,68;0;EUR
Muster ausgewogen cVV;06.07.2015;-0,0077256774;-10.452,74;0,6494124438;553.550,94;-0,005259098;EUR
Muster ausgewogen cVV;07.07.2015;-0,0074963789;-10.064,14;0,6376333369;543.486,79;-0,001259035;EUR
Muster ausgewogen cVV;08.07.2015;-0,0042429533;-5.653,61;0,6310279527;537.833,19;-0,004750646;EUR
Muster ausgewogen cVV;09.07.2015;0,0114887924;15.243,52;0,6489411677;553.076,70;0,007510041;EUR
Muster ausgewogen cVV;10.07.2015;0,0087598403;11.756,23;0,6627639979;564.832,93;0,006112949;EUR
Muster ausgewogen cVV;11.07.2015;0,0000155824;21,10;0,6627887512;564.854,03;0;EUR
Muster ausgewogen cVV;12.07.2015;0,0000155822;21,10;0,6628135046;564.875,12;0;EUR
Muster ausgewogen cVV;13.07.2015;0,0144878014;19.614,43;0,6858585676;584.489,55;0,010725254;EUR
Muster ausgewogen cVV;14.07.2015;0,0034393249;4.723,82;0,6914317291;589.213,37;0,002803568;EUR
Muster ausgewogen cVV;15.07.2015;0,0031292713;4.312,75;0,6965229379;593.526,12;0,002136779;EUR
Muster ausgewogen cVV;16.07.2015;0,0104705999;14.475,70;0,7135416354;608.001,82;0,006851619;EUR
Muster ausgewogen cVV;17.07.2015;-0,0003380898;-472,31;0,7130182616;607.529,51;0,000806196;EUR
Muster ausgewogen cVV;18.07.2015;0,0000118464;16,54;0,7130376778;607.546,06;0;EUR
Muster ausgewogen cVV;19.07.2015;0,0000118463;16,54;0,7130570940;607.562,60;0;EUR
Muster ausgewogen cVV;20.07.2015;0,0023261978;3.248,64;0,7169008660;610.811,24;0,001691581;EUR
Muster ausgewogen cVV;21.07.2015;-0,0074719246;-10.459,16;0,7046555816;600.352,08;-0,005028874;EUR
Muster ausgewogen cVV;22.07.2015;-0,0048857339;-6.787,92;0,6967184544;593.564,16;-0,002009487;EUR
Muster ausgewogen cVV;23.07.2015;-0,0033658365;-4.653,43;0,6912861576;588.910,74;-0,002646726;EUR
Muster ausgewogen cVV;24.07.2015;-0,0093507779;-12.884,38;0,6761911332;576.026,36;-0,005175308;EUR
Muster ausgewogen cVV;25.07.2015;0,0000121198;16,54;0,6762105536;576.042,90;0;EUR
Muster ausgewogen cVV;26.07.2015;0,0000121197;16,54;0,6762299740;576.059,44;0;EUR
Muster ausgewogen cVV;27.07.2015;-0,0179083310;-24.445,63;0,6475614006;551.613,81;-0,011210783;EUR
Muster ausgewogen cVV;28.07.2015;0,0077969996;10.452,63;0,6598605501;562.066,45;0,006206618;EUR
Muster ausgewogen cVV;29.07.2015;0,0037928076;5.124,27;0,6659050100;567.190,72;0,002918670;EUR
Muster ausgewogen cVV;30.07.2015;0,0057828899;7.842,60;0,6751415259;575.033,32;0,003910398;EUR
Muster ausgewogen cVV;31.07.2015;0,0003275077;446,73;0,6756949942;575.480,04;-0,000871454;EUR
Muster ausgewogen cVV;01.08.2015;0,0000121247;16,54;0,6757144188;575.496,59;0;EUR
Muster ausgewogen cVV;02.08.2015;0,0000121245;16,54;0,6757338434;575.513,13;0;EUR
Muster ausgewogen cVV;03.08.2015;0,0065200527;8.896,59;0,6862090842;584.409,72;0,004399625;EUR
Muster ausgewogen cVV;04.08.2015;0,0001456708;200,06;0,6864733646;584.609,78;0,000349615;EUR
Muster ausgewogen cVV;05.08.2015;0,0077843251;10.692,49;0,6990588114;595.302,27;0,005729602;EUR
Muster ausgewogen cVV;06.08.2015;-0,0036176626;-5.007,88;0,6932076901;590.294,40;-0,003272634;EUR
Muster ausgewogen cVV;07.08.2015;-0,0047481597;-6.549,03;0,6855461176;583.745,37;-0,002486656;EUR
Muster ausgewogen cVV;08.08.2015;0,0000120517;16,54;0,6855655464;583.761,91;0;EUR
Muster ausgewogen cVV;09.08.2015;0,0000120515;16,54;0,6855849751;583.778,46;0;EUR
Muster ausgewogen cVV;10.08.2015;0,0053527962;7.348,11;0,6942441098;591.126,57;0,003973298;EUR
Muster ausgewogen cVV;11.08.2015;-0,0129000349;-17.803,46;0,6733636159;573.323,11;-0,009587097;EUR
Muster ausgewogen cVV;12.08.2015;-0,0192064007;-26.165,00;0,6426603363;547.158,11;-0,012208437;EUR
Muster ausgewogen cVV;13.08.2015;0,0050140143;6.699,43;0,6505567150;553.857,54;0,003047965;EUR
Muster ausgewogen cVV;14.08.2015;-0,0010931564;-1.454,84;0,6488806623;552.402,70;-0,000497731;EUR
Muster ausgewogen cVV;15.08.2015;0,0000124444;16,54;0,6489000953;552.419,24;0;EUR
Muster ausgewogen cVV;16.08.2015;0,0000124442;16,54;0,6489195284;552.435,78;0;EUR
Muster ausgewogen cVV;17.08.2015;0,0014654414;1.948,22;0,6512408861;554.384,01;0,000859803;EUR
Muster ausgewogen cVV;18.08.2015;0,0001968151;262,04;0,6515815632;554.646,04;-0,000590451;EUR
Muster ausgewogen cVV;19.08.2015;-0,0128818625;-17.154,17;0,6314611643;537.491,87;-0,008374108;EUR
Muster ausgewogen cVV;20.08.2015;-0,0147106408;-19.337,12;0,6087739808;518.154,75;-0,012603209;EUR
Muster ausgewogen cVV;21.08.2015;-0,0227648509;-29.484,16;0,5741622371;488.670,59;-0,016750009;EUR
Muster ausgewogen cVV;22.08.2015;0,0000130710;16,54;0,5741816750;488.687,13;0;EUR
Muster ausgewogen cVV;23.08.2015;0,0000130708;16,54;0,5742011129;488.703,67;0;EUR
Muster ausgewogen cVV;24.08.2015;-0,0309518770;-39.176,12;0,5281977485;449.527,55;-0,026819136;EUR
Muster ausgewogen cVV;25.08.2015;0,0130193722;15.968,71;0,5469885173;465.496,26;0,013059018;EUR
Muster ausgewogen cVV;26.08.2015;-0,0023032826;-2.861,84;0,5436529074;462.634,42;0,002721558;EUR
Muster ausgewogen cVV;27.08.2015;0,0205254313;25.444,18;0,5735816762;488.078,60;0,017139357;EUR
Muster ausgewogen cVV;28.08.2015;0,0047599172;6.021,70;0,5806873049;494.100,30;0,000497680;EUR
Muster ausgewogen cVV;29.08.2015;0,0000130152;16,54;0,5807067477;494.116,85;0;EUR
Muster ausgewogen cVV;30.08.2015;0,0000130150;16,54;0,5807261905;494.133,39;0;EUR
Muster ausgewogen cVV;31.08.2015;-0,0020477699;-2.603,00;0,5776958771;491.530,39;-0,003170455;EUR
Muster ausgewogen cVV;01.09.2015;-0,0145282646;-18.429,65;0,5560632386;473.100,74;-0,014231813;EUR
Muster ausgewogen cVV;02.09.2015;0,0005523996;690,56;0,5569026386;473.791,30;0,004002283;EUR
Muster ausgewogen cVV;03.09.2015;0,0117512451;14.698,44;0,5742080174;488.489,74;0,012024482;EUR
Muster ausgewogen cVV;04.09.2015;-0,0115266277;-14.586,91;0,5570891465;473.902,83;-0,010788507;EUR
Muster ausgewogen cVV;05.09.2015;0,0000132253;16,54;0,5571085941;473.919,37;0;EUR
Muster ausgewogen cVV;06.09.2015;0,0000132251;16,54;0,5571280418;473.935,91;0;EUR
Muster ausgewogen cVV;07.09.2015;0,0001556110;194,66;0,5573845498;474.130,57;0,001478926;EUR
Muster ausgewogen cVV;08.09.2015;0,0039009992;4.880,69;0,5631501843;479.011,26;0,007697046;EUR
Muster ausgewogen cVV;09.09.2015;0,0062244064;7.817,97;0,5723697483;486.829,23;0,001311678;EUR
Muster ausgewogen cVV;10.09.2015;-0,0071168559;-8.994,54;0,5618225881;477.834,69;-0,003750786;EUR
Muster ausgewogen cVV;11.09.2015;-0,0036952110;-4.636,90;0,5563981731;473.197,78;-0,002885225;EUR
Muster ausgewogen cVV;12.09.2015;0,0000132328;16,54;0,5564176255;473.214,33;0;EUR
Muster ausgewogen cVV;13.09.2015;0,0000132326;16,54;0,5564370780;473.230,87;0;EUR
Muster ausgewogen cVV;14.09.2015;0,0000827218;103,42;0,5565861714;473.334,29;-0,000916952;EUR
Muster ausgewogen cVV;15.09.2015;0,0032386066;4.049,36;0,5613754463;477.383,66;0,002566903;EUR
Muster ausgewogen cVV;16.09.2015;0,0045196660;5.669,43;0,5680703561;483.053,08;0,003177369;EUR
Muster ausgewogen cVV;17.09.2015;-0,0016207443;-2.042,24;0,5656965334;481.010,85;-0,000978928;EUR
Muster ausgewogen cVV;18.09.2015;-0,0071744633;-9.025,60;0,5551091975;471.985,25;-0,010846578;EUR
Muster ausgewogen cVV;19.09.2015;0,0000132456;16,54;0,5551286548;472.001,79;0;EUR
Muster ausgewogen cVV;20.09.2015;0,0000132454;16,54;0,5551481121;472.018,33;0;EUR
Muster ausgewogen cVV;21.09.2015;0,0013381929;1.671,44;0,5571412796;473.689,77;0,004420622;EUR
Muster ausgewogen cVV;22.09.2015;-0,0115978441;-14.505,39;0,5401069297;459.184,38;-0,011439254;EUR
Muster ausgewogen cVV;23.09.2015;-0,0001318807;-163,03;0,5399416311;459.021,35;-0,000136269;EUR
Muster ausgewogen cVV;24.09.2015;-0,0087069602;-10.762,05;0,5273081680;448.259,30;-0,009571472;EUR
Muster ausgewogen cVV;25.09.2015;0,0097921027;11.997,93;0,5414483713;460.257,24;0,009891462;EUR
Muster ausgewogen cVV;26.09.2015;0,0000133712;16,54;0,5414678333;460.273,78;0;EUR
Muster ausgewogen cVV;27.09.2015;0,0000133710;16,54;0,5414872953;460.290,32;0;EUR
Muster ausgewogen cVV;28.09.2015;-0,0115548429;-14.296,78;0,5246941437;445.993,55;-0,011109481;EUR
Muster ausgewogen cVV;29.09.2015;-0,0060006254;-7.338,77;0,5160855499;438.654,78;-0,003175437;EUR
Muster ausgewogen cVV;30.09.2015;0,0111859261;13.598,30;0,5321101446;452.253,08;0,012197156;EUR
Muster ausgewogen cVV;01.10.2015;-0,0009749176;-1.198,43;0,5307259449;451.054,66;-0,003054673;EUR
Muster ausgewogen cVV;02.10.2015;0,0025608499;3.144,88;0,5344523119;454.199,54;0,003005083;EUR
Muster ausgewogen cVV;03.10.2015;0,0000134369;16,54;0,5344717787;454.216,08;0;EUR
Muster ausgewogen cVV;04.10.2015;0,0000134368;16,54;0,5344912454;454.232,62;0;EUR
Muster ausgewogen cVV;05.10.2015;0,0130896967;16.116,55;0,5534823329;470.349,18;0,012556251;EUR
Muster ausgewogen cVV;06.10.2015;0,0031563178;3.937,05;0,5581423383;474.286,23;0,001401421;EUR
Muster ausgewogen cVV;07.10.2015;0,0062442096;7.813,34;0,5673646172;482.099,57;0,004482234;EUR
Muster ausgewogen cVV;08.10.2015;0,0011466686;1.443,78;0,5690913037;483.543,35;0,001324341;EUR
Muster ausgewogen cVV;09.10.2015;0,0034344573;4.329,31;0,5742143235;487.872,65;0,002316266;EUR
Muster ausgewogen cVV;10.10.2015;0,0000130792;16,54;0,5742337950;487.889,20;0;EUR
Muster ausgewogen cVV;11.10.2015;0,0000130791;16,54;0,5742532665;487.905,74;0;EUR
Muster ausgewogen cVV;12.10.2015;-0,0005716736;-723,12;0,5734298843;487.182,62;0,001009549;EUR
Muster ausgewogen cVV;13.10.2015;-0,0046503981;-5.878,99;0,5665374729;481.303,64;-0,004445127;EUR
Muster ausgewogen cVV;14.10.2015;-0,0065361781;-8.224,54;0,5568833014;473.079,09;-0,004740325;EUR
Muster ausgewogen cVV;15.10.2015;0,0082010629;10.252,04;0,5689788514;483.331,13;0,007991417;EUR
Muster ausgewogen cVV;16.10.2015;0,0041378648;5.215,11;0,5751457654;488.546,24;0,002588783;EUR
Muster ausgewogen cVV;17.10.2015;0,0000130723;16,54;0,5751652416;488.562,78;0;EUR
Muster ausgewogen cVV;18.10.2015;0,0000130721;16,54;0,5751847178;488.579,33;0;EUR
Muster ausgewogen cVV;19.10.2015;0,0006203878;785,15;0,5761367383;489.364,48;0,002333589;EUR
Muster ausgewogen cVV;20.10.2015;-0,0020122144;-2.548,21;0,5731642055;486.816,27;-0,002375541;EUR
Muster ausgewogen cVV;21.10.2015;0,0028068846;3.547,41;0,5773685142;490.363,68;0,002179691;EUR
Muster ausgewogen cVV;22.10.2015;0,0156442929;19.827,12;0,6007423221;510.190,79;0,014537403;EUR
Muster ausgewogen cVV;23.10.2015;0,0126656721;16.303,23;0,6199688041;526.494,02;0,013011973;EUR
Muster ausgewogen cVV;24.10.2015;0,0000126917;16,54;0,6199882850;526.510,56;0;EUR
Muster ausgewogen cVV;25.10.2015;0,0000126916;16,54;0,6200077658;526.527,11;0;EUR
Muster ausgewogen cVV;26.10.2015;-0,0007926808;-1.033,29;0,6188206092;525.493,82;-0,000070170;EUR
Muster ausgewogen cVV;27.10.2015;-0,0050604477;-6.591,24;0,6110879598;518.902,58;-0,003051283;EUR
Muster ausgewogen cVV;28.10.2015;0,0073754614;9.557,93;0,6223735880;528.460,51;0,005746155;EUR
Muster ausgewogen cVV;29.10.2015;-0,0016313435;-2.129,67;0,6198949951;526.330,85;-0,000881999;EUR
Muster ausgewogen cVV;30.10.2015;-0,0007198162;-938,16;0,6188195115;525.392,68;-0,000917146;EUR
Muster ausgewogen cVV;31.10.2015;0,0000127024;16,54;0,6188389970;525.409,23;0;EUR
Muster ausgewogen cVV;01.11.2015;0,0000127023;16,54;0,6188584825;525.425,77;0;EUR
Muster ausgewogen cVV;02.11.2015;0,0002287418;297,92;0,6192388233;525.723,69;0,003621991;EUR
Muster ausgewogen cVV;03.11.2015;0,0049266730;6.418,13;0,6268283727;532.141,82;0,002497845;EUR
Muster ausgewogen cVV;04.11.2015;0,0012425983;1.626,75;0,6287744056;533.768,57;-0,000786532;EUR
Muster ausgewogen cVV;05.11.2015;-0,0001322007;-173,29;0,6286000689;533.595,28;0,000464229;EUR
Muster ausgewogen cVV;06.11.2015;0,0038740273;5.077,31;0,6346114198;538.672,59;0,002906750;EUR
Muster ausgewogen cVV;07.11.2015;0,0000125742;16,54;0,6346309099;538.689,13;0;EUR
Muster ausgewogen cVV;08.11.2015;0,0000125741;16,54;0,6346504000;538.705,68;0;EUR
Muster ausgewogen cVV;09.11.2015;-0,0057683925;-7.589,55;0,6257387295;531.116,13;-0,005004115;EUR
Muster ausgewogen cVV;10.11.2015;0,0023734448;3.104,76;0,6294263604;534.220,89;0,002333722;EUR
Muster ausgewogen cVV;11.11.2015;-0,0004468291;-585,89;0,6287657235;533.634,99;0,001464450;EUR
Muster ausgewogen cVV;12.11.2015;-0,0075895478;-9.947,18;0,6170743558;523.687,81;-0,006619668;EUR
Muster ausgewogen cVV;13.11.2015;-0,0030781339;-4.003,71;0,6123855191;519.684,10;-0,003169261;EUR
Muster ausgewogen cVV;14.11.2015;0,0000127584;16,54;0,6124050138;519.700,64;0;EUR
Muster ausgewogen cVV;15.11.2015;0,0000127582;16,54;0,6124245085;519.717,19;0;EUR
Muster ausgewogen cVV;16.11.2015;0,0012184839;1.580,04;0,6143152912;521.297,23;0,002851720;EUR
Muster ausgewogen cVV;17.11.2015;0,0124548995;16.170,25;0,6334006545;537.467,48;0,009230066;EUR
Muster ausgewogen cVV;18.11.2015;-0,0004138148;-543,95;0,6327893185;536.923,53;0,002340630;EUR
Muster ausgewogen cVV;19.11.2015;0,0038890998;5.110,01;0,6388416544;542.033,53;0,002463705;EUR
Muster ausgewogen cVV;20.11.2015;0,0038730085;5.108,66;0,6448929311;547.142,19;0,002850628;EUR
Muster ausgewogen cVV;21.11.2015;0,0000124938;16,54;0,6449124304;547.158,73;0;EUR
Muster ausgewogen cVV;22.11.2015;0,0000124936;16,54;0,6449319297;547.175,28;0;EUR
Muster ausgewogen cVV;23.11.2015;-0,0005418777;-717,54;0,6441163286;546.457,73;-0,000569518;EUR
Muster ausgewogen cVV;24.11.2015;-0,0061690387;-8.164,51;0,6345223852;538.293,23;-0,004041866;EUR
Muster ausgewogen cVV;25.11.2015;0,0074347073;9.778,87;0,6460795649;548.072,10;0,007399264;EUR
Muster ausgewogen cVV;26.11.2015;0,0038768904;5.137,19;0,6521658122;553.209,28;0,004023261;EUR
Muster ausgewogen cVV;27.11.2015;-0,0030921364;-4.113,21;0,6473470031;549.096,07;-0,000211654;EUR
Muster ausgewogen cVV;28.11.2015;0,0000124754;16,54;0,6473665069;549.112,62;0;EUR
Muster ausgewogen cVV;29.11.2015;0,0000124752;16,54;0,6473860108;549.129,16;0;EUR
Muster ausgewogen cVV;30.11.2015;0,0000483164;64,07;0,6474916853;549.193,24;0,001607193;EUR
Muster ausgewogen cVV;01.12.2015;-0,0073135859;-9.699,28;0,6360859339;539.493,96;-0,000959335;EUR
Muster ausgewogen cVV;02.12.2015;-0,0014052695;-1.850,04;0,6339341029;537.643,92;-0,002595867;EUR
Muster ausgewogen cVV;03.12.2015;-0,0241733391;-31.779,50;0,5964906727;505.864,41;-0,021612179;EUR
Muster ausgewogen cVV;04.12.2015;0,0005665982;726,87;0,5973754507;506.591,29;-0,000191906;EUR
Muster ausgewogen cVV;05.12.2015;0,0000093400;11,99;0,5973895880;506.603,28;0;EUR
Muster ausgewogen cVV;06.12.2015;0,0000093400;11,99;0,5974037253;506.615,26;0;EUR
Muster ausgewogen cVV;07.12.2015;0,0029820148;3.827,78;0,6019453344;510.443,05;0,004118830;EUR
Muster ausgewogen cVV;08.12.2015;-0,0107717898;-13.868,14;0,5856182652;496.574,90;-0,007653055;EUR
Muster ausgewogen cVV;09.12.2015;-0,0086987894;-11.078,62;0,5725795323;485.496,28;-0,005144555;EUR
Muster ausgewogen cVV;10.12.2015;0,0011427632;1.442,74;0,5743075622;486.939,02;0,001192842;EUR
Muster ausgewogen cVV;11.12.2015;-0,0139124128;-17.584,54;0,5535934555;469.354,49;-0,010981135;EUR
Muster ausgewogen cVV;12.12.2015;0,0000132636;16,53;0,5536129537;469.371,02;0;EUR
Muster ausgewogen cVV;13.12.2015;0,0000132634;16,53;0,5536324519;469.387,55;0;EUR
Muster ausgewogen cVV;14.12.2015;-0,0102820829;-12.815,53;0,5385416093;456.572,02;-0,006964247;EUR
Muster ausgewogen cVV;15.12.2015;0,0151651540;18.707,42;0,5606334087;475.279,43;0,011113099;EUR
Muster ausgewogen cVV;16.12.2015;0,0046042215;5.765,80;0,5674607532;481.045,24;0,003112914;EUR
Muster ausgewogen cVV;17.12.2015;0,0105083806;13.220,09;0,5830824846;494.265,33;0,007837983;EUR
Muster ausgewogen cVV;18.12.2015;-0,0063177933;-8.031,64;0,5736339065;486.233,69;-0,005937008;EUR
Muster ausgewogen cVV;19.12.2015;0,0000130864;16,53;0,5736534092;486.250,22;0;EUR
Muster ausgewogen cVV;20.12.2015;0,0000130862;16,53;0,5736729119;486.266,75;0;EUR
Muster ausgewogen cVV;21.12.2015;-0,0072863023;-9.204,59;0,5628395799;477.062,16;-0,003381803;EUR
Muster ausgewogen cVV;22.12.2015;0,0005730313;718,62;0,5637132072;477.780,78;-0,000418428;EUR
Muster ausgewogen cVV;23.12.2015;0,0120014468;15.059,27;0,5815075801;492.840,05;0,010322875;EUR
Muster ausgewogen cVV;24.12.2015;-0,0006129158;-778,31;0,5806157576;492.061,74;-0,001425973;EUR
Muster ausgewogen cVV;25.12.2015;-0,0001697851;-215,47;0,5803879870;491.846,27;-0,000104393;EUR
Muster ausgewogen cVV;26.12.2015;0,0000130285;16,53;0,5804074941;491.862,80;0;EUR
Muster ausgewogen cVV;27.12.2015;0,0000130283;16,53;0,5804270013;491.879,33;0;EUR
Muster ausgewogen cVV;28.12.2015;-0,0032932772;-4.178,79;0,5755221697;487.700,54;-0,001529503;EUR
Muster ausgewogen cVV;29.12.2015;0,0102209426;12.926,50;0,5908032793;500.627,04;0,008000193;EUR
Muster ausgewogen cVV;30.12.2015;-0,0043011009;-5.495,23;0,5843447805;495.131,81;-0,004230410;EUR
Muster ausgewogen cVV;31.12.2015;0,0004912221;624,90;0,5851088569;495.756,71;-0,000874525;EUR
Muster ausgewogen cVV;01.01.2016;0,0000130661;16,53;0,5851577804;495.773,24;0;EUR
Muster ausgewogen cVV;02.01.2016;0,0000130660;16,53;0,5851772920;495.789,78;0;EUR
Muster ausgewogen cVV;03.01.2016;0,0000130658;16,53;0,5851968037;495.806,31;0;EUR
Muster ausgewogen cVV;04.01.2016;-0,0183263530;-23.187,31;0,5578569953;472.619,00;-0,013244995;EUR
Muster ausgewogen cVV;05.01.2016;0,0043366206;5.386,33;0,5642430633;478.005,33;0,003190553;EUR
Muster ausgewogen cVV;06.01.2016;-0,0071957000;-8.976,23;0,5536751659;469.029,10;-0,005610779;EUR
Muster ausgewogen cVV;07.01.2016;-0,0170774799;-21.149,89;0,5287348038;447.879,21;-0,013600073;EUR
Muster ausgewogen cVV;08.01.2016;-0,0084262106;-10.257,37;0,5166515087;437.621,85;-0,006925244;EUR
Muster ausgewogen cVV;09.01.2016;0,0000136954;16,53;0,5166710252;437.638,38;0;EUR
Muster ausgewogen cVV;10.01.2016;0,0000136953;16,53;0,5166905418;437.654,91;0;EUR
Muster ausgewogen cVV;11.01.2016;-0,0034546716;-4.170,11;0,5117929229;433.484,80;-0,000433571;EUR
Muster ausgewogen cVV;12.01.2016;0,0047530047;5.717,50;0,5185691485;439.202,30;0,005085492;EUR
Muster ausgewogen cVV;13.01.2016;0,0010207584;1.233,73;0,5200517444;440.436,02;-0,003685139;EUR
Muster ausgewogen cVV;14.01.2016;-0,0078959665;-9.553,12;0,5087970821;430.882,90;-0,003499975;EUR
Muster ausgewogen cVV;15.01.2016;-0,0182495519;-21.905,31;0,4829547783;408.977,59;-0,012911379;EUR
Muster ausgewogen cVV;16.01.2016;0,0000140283;16,53;0,4829742998;408.994,12;0;EUR
Muster ausgewogen cVV;17.01.2016;0,0000140281;16,53;0,4829938212;409.010,65;0;EUR
Muster ausgewogen cVV;18.01.2016;-0,0010648456;-1.254,87;0,4815359003;407.755,79;-0,000343185;EUR
Muster ausgewogen cVV;19.01.2016;0,0058854312;6.928,29;0,4897421203;414.684,08;0,004201546;EUR
Muster ausgewogen cVV;20.01.2016;-0,0174550812;-20.668,94;0,4653551677;394.015,14;-0,011433791;EUR
Muster ausgewogen cVV;21.01.2016;0,0101882593;11.853,56;0,4793786679;405.868,70;0,008414506;EUR
Muster ausgewogen cVV;22.01.2016;0,0182165465;21.410,02;0,5046913971;427.278,72;0,011781331;EUR
Muster ausgewogen cVV;23.01.2016;0,0000138138;16,53;0,5047109234;427.295,25;0;EUR
Muster ausgewogen cVV;24.01.2016;0,0000138136;16,53;0,5047304497;427.311,78;0;EUR
Muster ausgewogen cVV;25.01.2016;-0,0016724857;-2.001,55;0,5023911070;425.310,24;-0,003313650;EUR
Muster ausgewogen cVV;26.01.2016;-0,0003978417;-475,32;0,5018544258;424.834,92;0,004635779;EUR
Muster ausgewogen cVV;27.01.2016;0,0021057126;2.514,79;0,5048500405;427.349,71;0,000357369;EUR
Muster ausgewogen cVV;28.01.2016;-0,0088139508;-10.548,42;0,4924129150;416.801,29;-0,006899743;EUR
Muster ausgewogen cVV;29.01.2016;0,0143232695;16.990,82;0,5125112584;433.792,10;0,013019209;EUR
Muster ausgewogen cVV;30.01.2016;0,0000137390;16,53;0,5125307895;433.808,64;0;EUR
Muster ausgewogen cVV;31.01.2016;0,0000137388;16,53;0,5125503206;433.825,17;0;EUR
Muster ausgewogen cVV;01.02.2016;-0,0023535908;-2.831,99;0,5092294628;430.993,18;-0,002403080;EUR
Muster ausgewogen cVV;02.02.2016;-0,0119203966;-14.309,61;0,4923464803;416.683,57;-0,008829700;EUR
Muster ausgewogen cVV;03.02.2016;-0,0134448550;-15.947,23;0,4735267381;400.736,34;-0,006403571;EUR
Muster ausgewogen cVV;04.02.2016;0,0006380605;746,64;0,4744322618;401.482,98;-0,003116661;EUR
Muster ausgewogen cVV;05.02.2016;-0,0069161076;-8.098,21;0,4648853766;393.384,77;-0,006313966;EUR
Muster ausgewogen cVV;06.02.2016;0,0000142165;16,53;0,4649049124;393.401,30;0;EUR
Muster ausgewogen cVV;07.02.2016;0,0000142163;16,53;0,4649244483;393.417,83;0;EUR
Muster ausgewogen cVV;08.02.2016;-0,0167633976;-19.493,41;0,4419095901;373.924,42;-0,011833004;EUR
Muster ausgewogen cVV;09.02.2016;-0,0108534803;-12.409,46;0,4272647878;361.514,97;-0,008144072;EUR
Muster ausgewogen cVV;10.02.2016;0,0088527104;10.012,00;0,4391191359;371.526,96;0,006007213;EUR
Muster ausgewogen cVV;11.02.2016;-0,0193737772;-22.104,79;0,4130129468;349.422,17;-0,012874456;EUR
Muster ausgewogen cVV;12.02.2016;0,0132418169;14.815,74;0,4305459538;364.237,91;0,010226646;EUR
Muster ausgewogen cVV;13.02.2016;0,0000145820;16,53;0,4305654945;364.254,44;0;EUR
Muster ausgewogen cVV;14.02.2016;0,0000145818;16,53;0,4305850352;364.270,97;0;EUR
Muster ausgewogen cVV;15.02.2016;0,0184879034;20.959,89;0,4553827606;385.230,86;0,012470253;EUR
Muster ausgewogen cVV;16.02.2016;-0,0006584758;-760,32;0,4545060832;384.470,54;0,000485285;EUR
Muster ausgewogen cVV;17.02.2016;0,0123643773;14.267,36;0,4713952934;398.737,90;0,010958828;EUR
Muster ausgewogen cVV;18.02.2016;0,0084058716;9.819,53;0,4830275663;408.557,43;0,003930781;EUR
Muster ausgewogen cVV;19.02.2016;-0,0049453088;-5.825,55;0,4761632434;402.731,88;-0,002888466;EUR
Muster ausgewogen cVV;20.02.2016;0,0000140904;16,52;0,4761827713;402.748,40;0;EUR
Muster ausgewogen cVV;21.02.2016;0,0000140902;16,52;0,4762022992;402.764,91;0;EUR
Muster ausgewogen cVV;22.02.2016;0,0119198999;13.972,54;0,4927463544;416.737,45;0,010476674;EUR
Muster ausgewogen cVV;23.02.2016;-0,0063298671;-7.508,33;0,4838919862;409.229,12;-0,006931505;EUR
Muster ausgewogen cVV;24.02.2016;-0,0083486647;-9.840,29;0,4722791796;399.388,83;-0,007338614;EUR
Muster ausgewogen cVV;25.02.2016;0,0087918526;10.276,15;0,4844541640;409.664,98;0,007893130;EUR
Muster ausgewogen cVV;26.02.2016;0,0111129869;13.103,35;0,4999738007;422.768,33;0,007668507;EUR
Muster ausgewogen cVV;27.02.2016;0,0000138536;16,52;0,4999933333;422.784,84;0;EUR
Muster ausgewogen cVV;28.02.2016;0,0000138534;16,52;0,5000128659;422.801,36;0;EUR
Muster ausgewogen cVV;29.02.2016;0,0020695648;2.467,42;0,5029551108;425.268,78;0,000708461;EUR
Muster ausgewogen cVV;01.03.2016;0,0108972466;13.019,01;0,5183773295;438.287,79;0,010323866;EUR
Muster ausgewogen cVV;02.03.2016;0,0062556882;7.555,15;0,5273384124;445.842,94;0,003914027;EUR
Muster ausgewogen cVV;03.03.2016;0,0005545904;673,98;0,5281609614;446.516,92;-0,000618510;EUR
Muster ausgewogen cVV;04.03.2016;0,0033815289;4.111,79;0,5330501499;450.628,71;0,000843292;EUR
Muster ausgewogen cVV;05.03.2016;0,0000135373;16,52;0,5330696872;450.645,22;0;EUR
Muster ausgewogen cVV;06.03.2016;0,0000135371;16,52;0,5330892245;450.661,74;0;EUR
Muster ausgewogen cVV;07.03.2016;0,0006360374;776,03;0,5340327902;451.437,77;-0,000109109;EUR
Muster ausgewogen cVV;08.03.2016;-0,0033253061;-4.059,78;0,5292555720;447.377,99;-0,005356375;EUR
Muster ausgewogen cVV;09.03.2016;-0,0003291698;-400,54;0,5288070243;446.977,45;0,001374904;EUR
Muster ausgewogen cVV;10.03.2016;-0,0118648072;-14.432,53;0,5117567414;432.544,92;-0,010960171;EUR
Muster ausgewogen cVV;11.03.2016;0,0175604116;21.107,31;0,5367550488;453.652,22;0,014903090;EUR
Muster ausgewogen cVV;12.03.2016;0,0000135038;16,52;0,5367745908;453.668,74;0;EUR
Muster ausgewogen cVV;13.03.2016;0,0000135036;16,52;0,5367941328;453.685,26;0;EUR
Muster ausgewogen cVV;14.03.2016;0,0081861739;10.012,70;0,5486671835;463.697,95;0,005953643;EUR
Muster ausgewogen cVV;15.03.2016;-0,0091242598;-11.251,45;0,5353794963;452.446,50;-0,003471742;EUR
Muster ausgewogen cVV;16.03.2016;-0,0003274978;-400,16;0,5349314420;452.046,34;0,002698967;EUR
Muster ausgewogen cVV;17.03.2016;-0,0021097260;-2.577,00;0,5319072298;449.469,34;-0,003730843;EUR
Muster ausgewogen cVV;18.03.2016;0,0017386441;2.119,25;0,5344405541;451.588,59;0,002658692;EUR
Muster ausgewogen cVV;19.03.2016;0,0000081507;9,95;0,5344523322;451.598,54;0;EUR
Muster ausgewogen cVV;20.03.2016;0,0000081506;9,95;0,5344641103;451.608,49;0;EUR
Muster ausgewogen cVV;21.03.2016;0,0015483701;1.890,63;0,5367270792;453.499,12;0,000677691;EUR
Muster ausgewogen cVV;22.03.2016;0,0032626549;3.990,02;0,5414750308;457.489,14;0,001920294;EUR
Muster ausgewogen cVV;23.03.2016;-0,0010337320;-1.268,31;0,5399994512;456.220,83;0,000274867;EUR
Muster ausgewogen cVV;24.03.2016;-0,0082381293;-10.097,13;0,5280731013;446.123,70;-0,005320023;EUR
Muster ausgewogen cVV;25.03.2016;0,0000154378;18,77;0,5281202719;446.142,46;0,000231267;EUR
Muster ausgewogen cVV;26.03.2016;0,0000136020;16,53;0,5281398444;446.159,00;0;EUR
Muster ausgewogen cVV;27.03.2016;0,0000136019;16,53;0,5281594169;446.175,53;0;EUR
Muster ausgewogen cVV;28.03.2016;0,0003140056;381,71;0,5286362215;446.557,24;-0,000546372;EUR
Muster ausgewogen cVV;29.03.2016;0,0033757365;4.104,88;0,5335207545;450.662,12;0,003952689;EUR
Muster ausgewogen cVV;30.03.2016;0,0044784909;5.464,21;0,5400150502;456.126,33;0,002660498;EUR
Muster ausgewogen cVV;31.03.2016;-0,0044138862;-5.409,50;0,5336357760;450.716,83;-0,003632493;EUR
Muster ausgewogen cVV;01.04.2016;-0,0105555820;-12.879,44;0,5184112643;437.837,39;-0,004239674;EUR
Muster ausgewogen cVV;02.04.2016;0,0000136956;16,53;0,5184308415;437.853,92;0;EUR
Muster ausgewogen cVV;03.04.2016;0,0000136954;16,53;0,5184504186;437.870,45;0;EUR
Muster ausgewogen cVV;04.04.2016;0,0019166945;2.314,04;0,5212147878;440.184,50;0,000414597;EUR
Muster ausgewogen cVV;05.04.2016;-0,0110103424;-13.318,35;0,5054684766;426.866,14;-0,009250594;EUR
Muster ausgewogen cVV;06.04.2016;0,0017632108;2.109,34;0,5079900347;428.975,48;0,003984466;EUR
Muster ausgewogen cVV;07.04.2016;-0,0019801840;-2.373,08;0,5052035092;426.602,40;-0,003766975;EUR
Muster ausgewogen cVV;08.04.2016;0,0046016023;5.503,70;0,5117452024;432.106,10;0,003418128;EUR
Muster ausgewogen cVV;09.04.2016;0,0000137609;16,53;0,5117647841;432.122,63;0;EUR
Muster ausgewogen cVV;10.04.2016;0,0000137608;16,53;0,5117843659;432.139,17;0;EUR
Muster ausgewogen cVV;11.04.2016;0,0043162103;5.186,26;0,5179506815;437.325,43;0,000850963;EUR
Muster ausgewogen cVV;12.04.2016;0,0060380075;7.286,44;0,5266050401;444.611,87;0,004862585;EUR
Muster ausgewogen cVV;13.04.2016;0,0171523492;20.823,80;0,5512947785;465.435,67;0,012446772;EUR
Muster ausgewogen cVV;14.04.2016;0,0052127803;6.437,12;0,5589454043;471.872,79;0,002717445;EUR
Muster ausgewogen cVV;15.04.2016;-0,0026116427;-3.241,86;0,5551311796;468.630,94;-0,001458185;EUR
Muster ausgewogen cVV;16.04.2016;0,0000133550;16,53;0,5551507659;468.647,47;0;EUR
Muster ausgewogen cVV;17.04.2016;0,0000133548;16,53;0,5551703522;468.664,00;0;EUR
Muster ausgewogen cVV;18.04.2016;0,0004041333;500,36;0,5557889118;469.164,36;0,001410783;EUR
Muster ausgewogen cVV;19.04.2016;0,0113127178;14.011,95;0,5724145665;483.176,32;0,007278382;EUR
Muster ausgewogen cVV;20.04.2016;0,0043744139;5.479,45;0,5789328902;488.655,77;0,003340998;EUR
Muster ausgewogen cVV;21.04.2016;0,0016010128;2.014,22;0,5813461855;490.669,99;-0,000379070;EUR
Muster ausgewogen cVV;22.04.2016;-0,0006742592;-849,64;0,5803664122;489.820,35;-0,000564956;EUR
Muster ausgewogen cVV;23.04.2016;0,0000161653;20,36;0,5803905315;489.840,71;0;EUR
Muster ausgewogen cVV;24.04.2016;0,0000161650;20,36;0,5804146507;489.861,07;0;EUR
Muster ausgewogen cVV;25.04.2016;-0,0055198617;-6.951,15;0,5722050115;482.909,91;-0,003259398;EUR
Muster ausgewogen cVV;26.04.2016;-0,0033942030;-4.250,72;0,5671945042;478.659,19;-0,001896891;EUR
Muster ausgewogen cVV;27.04.2016;0,0021910356;2.734,62;0,5704612811;481.393,81;0,001247427;EUR
Muster ausgewogen cVV;28.04.2016;0,0006086281;761,29;0,5713897847;482.155,10;-0,000438465;EUR
Muster ausgewogen cVV;29.04.2016;-0,0142757365;-17.867,41;0,5502409305;464.287,70;-0,011588398;EUR
Muster ausgewogen cVV;30.04.2016;0,0000164999;20,36;0,5502650553;464.308,05;0;EUR
Muster ausgewogen cVV;01.05.2016;0,0000164996;20,36;0,5502891802;464.328,41;0;EUR
Muster ausgewogen cVV;02.05.2016;0,0016086792;1.984,73;0,5526667898;466.313,14;0,001607094;EUR
Muster ausgewogen cVV;03.05.2016;-0,0094221668;-11.643,45;0,5388919466;454.669,69;-0,006227691;EUR
Muster ausgewogen cVV;04.05.2016;-0,0071222527;-8.718,40;0,5285828494;445.951,29;-0,004201846;EUR
Muster ausgewogen cVV;05.05.2016;0,0034147338;4.150,23;0,5335265756;450.101,52;0,002866634;EUR
Muster ausgewogen cVV;06.05.2016;-0,0002350566;-286,66;0,5332112334;449.814,86;0,000592026;EUR
Muster ausgewogen cVV;07.05.2016;0,0000166957;20,36;0,5332353637;449.835,22;0;EUR
Muster ausgewogen cVV;08.05.2016;0,0000166954;20,36;0,5332594941;449.855,57;0;EUR
Muster ausgewogen cVV;09.05.2016;0,0017017982;2.074,99;0,5357437334;451.930,56;0,003505349;EUR
Muster ausgewogen cVV;10.05.2016;0,0050423741;6.158,60;0,5430693289;458.089,16;0,004669953;EUR
Muster ausgewogen cVV;11.05.2016;-0,0012974741;-1.592,68;0,5412059284;456.496,48;-0,003852938;EUR
Muster ausgewogen cVV;12.05.2016;-0,0034643924;-4.247,12;0,5361951877;452.249,36;-0,003059674;EUR
Muster ausgewogen cVV;13.05.2016;0,0050268298;6.141,21;0,5435011207;458.390,57;0,002687657;EUR
Muster ausgewogen cVV;14.05.2016;0,0000165791;20,36;0,5435252566;458.410,93;0;EUR
Muster ausgewogen cVV;15.05.2016;0,0000165788;20,36;0,5435493925;458.431,28;0;EUR
Muster ausgewogen cVV;16.05.2016;0,0003429285;421,07;0,5440734448;458.852,35;0,001241671;EUR
Muster ausgewogen cVV;17.05.2016;-0,0001814074;-222,82;0,5438340044;458.629,53;-0,002640036;EUR
Muster ausgewogen cVV;18.05.2016;0,0028453765;3.494,31;0,5480024226;462.123,85;0,002106785;EUR
Muster ausgewogen cVV;19.05.2016;-0,0080042019;-9.857,67;0,5363372355;452.266,18;-0,004309939;EUR
Muster ausgewogen cVV;20.05.2016;0,0061750548;7.544,09;0,5453084395;459.810,27;0,004717521;EUR
Muster ausgewogen cVV;21.05.2016;0,0000165600;20,36;0,5453325809;459.830,62;0;EUR
Muster ausgewogen cVV;22.05.2016;0,0000165597;20,36;0,5453567223;459.850,98;0;EUR
Muster ausgewogen cVV;23.05.2016;-0,0014121989;-1.736,00;0,5433225694;458.114,98;-0,002218997;EUR
Muster ausgewogen cVV;24.05.2016;0,0091689877;11.255,41;0,5566966712;469.370,40;0,009366494;EUR
Muster ausgewogen cVV;25.05.2016;0,0069669125;8.630,67;0,5669587360;478.001,06;0,006743478;EUR
Muster ausgewogen cVV;26.05.2016;0,0011251423;1.403,55;0,5686492019;479.404,61;0,001576748;EUR
Muster ausgewogen cVV;27.05.2016;0,0041649613;5.201,38;0,5748448248;484.605,99;0,002153684;EUR
Muster ausgewogen cVV;28.05.2016;0,0000162325;20,36;0,5748689716;484.626,34;0;EUR
Muster ausgewogen cVV;29.05.2016;0,0000162323;20,36;0,5748931185;484.646,70;0;EUR
Muster ausgewogen cVV;30.05.2016;0,0006700647;840,32;0,5759159044;485.487,02;0,000855604;EUR
Muster ausgewogen cVV;31.05.2016;-0,0020877501;-2.619,97;0,5728337563;482.867,05;-0,001664230;EUR
Muster ausgewogen cVV;01.06.2016;-0,0054068584;-6.771,03;0,5648265997;476.096,02;-0,002305665;EUR
Muster ausgewogen cVV;02.06.2016;0,0004988114;621,29;0,5655891265;476.717,30;0,000667681;EUR
Muster ausgewogen cVV;03.06.2016;-0,0084230038;-10.496,37;0,5531608448;466.220,93;-0,004951782;EUR
Muster ausgewogen cVV;04.06.2016;0,0000164740;20,36;0,5531849971;466.241,29;0;EUR
Muster ausgewogen cVV;05.06.2016;0,0000164738;20,36;0,5532091494;466.261,65;0;EUR
Muster ausgewogen cVV;06.06.2016;0,0030555592;3.775,75;0,5577140425;470.037,40;0,000928957;EUR
Muster ausgewogen cVV;07.06.2016;0,0095266573;11.808,05;0,5717503181;481.845,45;0,006022947;EUR
Muster ausgewogen cVV;08.06.2016;-0,0012502613;-1.564,43;0,5699195332;480.281,02;-0,001764445;EUR
Muster ausgewogen cVV;09.06.2016;-0,0031681859;-3.959,34;0,5652465402;476.321,68;-0,002988415;EUR
Muster ausgewogen cVV;10.06.2016;-0,0121119117;-15.088,53;0,5473656105;461.233,15;-0,009043296;EUR
Muster ausgewogen cVV;11.06.2016;0,0000165408;20,36;0,5473897682;461.253,51;0;EUR
Muster ausgewogen cVV;12.06.2016;0,0000165405;20,36;0,5474139259;461.273,87;0;EUR
Muster ausgewogen cVV;13.06.2016;-0,0133289667;-16.404,11;0,5279700409;444.869,76;-0,007566440;EUR
Muster ausgewogen cVV;14.06.2016;-0,0023433190;-2.845,51;0,5246164204;442.024,25;-0,003344804;EUR
Muster ausgewogen cVV;15.06.2016;0,0019989136;2.421,61;0,5275140326;444.445,85;0,002465773;EUR
Muster ausgewogen cVV;16.06.2016;0,0005978051;725,67;0,5283988711;445.171,52;-0,000205273;EUR
Muster ausgewogen cVV;17.06.2016;-0,0019170391;-2.328,45;0,5256584992;442.843,07;0,000933477;EUR
Muster ausgewogen cVV;18.06.2016;0,0000202382;24,53;0,5256876217;442.867,60;0;EUR
Muster ausgewogen cVV;19.06.2016;0,0000202378;24,53;0,5257167442;442.892,13;0;EUR
Muster ausgewogen cVV;20.06.2016;0,0113559185;13.767,12;0,5420825364;456.659,25;0,010520243;EUR
Muster ausgewogen cVV;21.06.2016;0,0026109518;3.201,28;0,5459069042;459.860,53;0,003671226;EUR
Muster ausgewogen cVV;22.06.2016;0,0008986457;1.104,70;0,5472426011;460.965,24;0,000833319;EUR
Muster ausgewogen cVV;23.06.2016;0,0036704003;4.516,07;0,5526284333;465.481,31;0,006524498;EUR
Muster ausgewogen cVV;24.06.2016;-0,0134964281;-16.666,99;0,5328646579;448.814,31;-0,023251857;EUR
Muster ausgewogen cVV;25.06.2016;0,0000201390;24,53;0,5328937869;448.838,85;0;EUR
Muster ausgewogen cVV;26.06.2016;0,0000201386;24,53;0,5329229159;448.863,38;0;EUR
Muster ausgewogen cVV;27.06.2016;-0,0066838305;-8.142,92;0,5232782145;440.720,46;-0,010138298;EUR
Muster ausgewogen cVV;28.06.2016;0,0056821279;6.876,27;0,5314660773;447.596,74;0,008012755;EUR
Muster ausgewogen cVV;29.06.2016;0,0119512280;14.545,05;0,5487607773;462.141,79;0,009018865;EUR
Muster ausgewogen cVV;30.06.2016;0,0053953228;6.644,77;0,5566755328;468.786,56;0,004688632;EUR
Muster ausgewogen cVV;01.07.2016;0,0054898503;6.797,67;0,5647725315;475.584,23;0,003389025;EUR
Muster ausgewogen cVV;02.07.2016;0,0000197060;24,53;0,5648016669;475.608,76;0;EUR
Muster ausgewogen cVV;03.07.2016;0,0000197056;24,53;0,5648308023;475.633,29;0;EUR
Muster ausgewogen cVV;04.07.2016;-0,0005833219;-726,28;0,5639931594;474.907,02;-0,001129139;EUR
Muster ausgewogen cVV;05.07.2016;-0,0050980343;-6.343,71;0,5564839347;468.563,31;-0,005458291;EUR
Muster ausgewogen cVV;06.07.2016;-0,0064035822;-7.927,64;0,5470928064;460.635,66;-0,004110777;EUR
Muster ausgewogen cVV;07.07.2016;0,0015669328;1.927,44;0,5494061348;462.563,11;0,001681499;EUR
Muster ausgewogen cVV;08.07.2016;0,0050117971;6.174,54;0,5567643213;468.737,64;0,009692953;EUR
Muster ausgewogen cVV;09.07.2016;0,0000198149;24,53;0,5567934631;468.762,18;0;EUR
Muster ausgewogen cVV;10.07.2016;0,0000198146;24,53;0,5568226049;468.786,71;0;EUR
Muster ausgewogen cVV;11.07.2016;0,0097471672;12.069,18;0,5711833484;480.855,89;0,007240181;EUR
Muster ausgewogen cVV;12.07.2016;0,0038610273;4.827,42;0,5769428407;485.683,31;0,004507756;EUR
Muster ausgewogen cVV;13.07.2016;-0,0005612348;-704,42;0,5761312615;484.978,89;-0,000365215;EUR
Muster ausgewogen cVV;14.07.2016;0,0060169708;7.547,79;0,5851232309;492.526,68;0,004319943;EUR
Muster ausgewogen cVV;15.07.2016;0,0018564290;2.342,75;0,5879320857;494.869,43;-0,000097704;EUR
Muster ausgewogen cVV;16.07.2016;0,0000194054;24,53;0,5879612339;494.893,96;0;EUR
Muster ausgewogen cVV;17.07.2016;0,0000194050;24,53;0,5879903821;494.918,50;0;EUR
Muster ausgewogen cVV;18.07.2016;-0,0008371668;-1.058,48;0,5867584411;493.860,02;0,000966830;EUR
Muster ausgewogen cVV;19.07.2016;0,0004323158;546,14;0,5874329103;494.406,16;-0,001547063;EUR
Muster ausgewogen cVV;20.07.2016;0,0022164527;2.801,25;0,5907869528;497.207,41;0,005182775;EUR
Muster ausgewogen cVV;21.07.2016;0,0011205464;1.419,33;0,5924991837;498.626,75;0,000152859;EUR
Muster ausgewogen cVV;22.07.2016;0,0010646465;1.350,04;0,5941291939;499.976,79;0,000435034;EUR
Muster ausgewogen cVV;23.07.2016;0,0000193273;24,53;0,5941583485;500.001,32;0;EUR
Muster ausgewogen cVV;24.07.2016;0,0000193269;24,53;0,5941875030;500.025,86;0;EUR
Muster ausgewogen cVV;25.07.2016;-0,0007447395;-945,42;0,5930897868;499.080,44;0,001262239;EUR
Muster ausgewogen cVV;26.07.2016;-0,0005407405;-685,94;0,5923003202;498.394,50;0,001057385;EUR
Muster ausgewogen cVV;27.07.2016;0,0032967916;4.179,78;0,5972935092;502.574,27;0,002484583;EUR
Muster ausgewogen cVV;28.07.2016;-0,0050565571;-6.432,00;0,5896747975;496.142,27;-0,003283445;EUR
Muster ausgewogen cVV;29.07.2016;0,0001939291;245,43;0,5899920044;496.387,71;0,001814763;EUR
Muster ausgewogen cVV;30.07.2016;0,0000141822;17,95;0,5900133418;496.405,66;0;EUR
Muster ausgewogen cVV;31.07.2016;0,0000141820;17,95;0,5900346792;496.423,61;0;EUR
Muster ausgewogen cVV;01.08.2016;0,0006352241;804,11;0,5910159405;497.227,72;-0,000774409;EUR
Muster ausgewogen cVV;02.08.2016;-0,0095851723;-12.141,21;0,5766095119;485.086,51;-0,008111840;EUR
Muster ausgewogen cVV;03.08.2016;0,0017027904;2.136,19;0,5791737113;487.222,70;0,001376668;EUR
Muster ausgewogen cVV;04.08.2016;0,0064389414;8.091,56;0,5888177078;495.314,27;0,003923161;EUR
Muster ausgewogen cVV;05.08.2016;0,0071655519;9.062,65;0,5996169591;504.376,91;0,006054823;EUR
Muster ausgewogen cVV;06.08.2016;0,0000140932;17,95;0,5996383011;504.394,86;0;EUR
Muster ausgewogen cVV;07.08.2016;0,0000140931;17,95;0,5996596431;504.412,81;0;EUR
Muster ausgewogen cVV;08.08.2016;0,0043776369;5.576,45;0,6063151429;509.989,27;0,002235750;EUR
Muster ausgewogen cVV;09.08.2016;0,0080298611;10.273,62;0,6185557859;520.262,89;0,006956798;EUR
Muster ausgewogen cVV;10.08.2016;-0,0021567377;-2.781,55;0,6152751182;517.481,34;-0,001720321;EUR
Muster ausgewogen cVV;11.08.2016;0,0039535082;5.087,84;0,6213510933;522.569,19;0,002934042;EUR
Muster ausgewogen cVV;12.08.2016;-0,0008543281;-1.103,80;0,6200651910;521.465,39;-0,000562086;EUR
Muster ausgewogen cVV;13.08.2016;0,0000139067;17,95;0,6200865376;521.483,34;0;EUR
Muster ausgewogen cVV;14.08.2016;0,0000139065;17,95;0,6201078842;521.501,29;0;EUR
Muster ausgewogen cVV;15.08.2016;-0,0007193342;-928,62;0,6190301607;520.572,68;0,000125577;EUR
Muster ausgewogen cVV;16.08.2016;-0,0000685567;-88,44;0,6189514442;520.484,24;-0,004453604;EUR
Muster ausgewogen cVV;17.08.2016;-0,0051944221;-6.700,40;0,6110095230;513.783,84;-0,003258196;EUR
Muster ausgewogen cVV;18.08.2016;0,0006638243;851,83;0,6120486567;514.635,67;0,001536848;EUR
Muster ausgewogen cVV;19.08.2016;-0,0013587938;-1.744,79;0,6099995939;512.890,88;-0,002442044;EUR
Muster ausgewogen cVV;20.08.2016;0,0000139997;17,95;0,6100209451;512.908,84;0;EUR
Muster ausgewogen cVV;21.08.2016;0,0000139995;17,95;0,6100422963;512.926,79;0;EUR
Muster ausgewogen cVV;22.08.2016;-0,0017905503;-2.296,14;0,6073372698;510.630,65;-0,000704716;EUR
Muster ausgewogen cVV;23.08.2016;0,0036479482;4.669,62;0,6129173220;515.300,27;0,003488163;EUR
Muster ausgewogen cVV;24.08.2016;0,0016963810;2.179,40;0,6155357390;517.479,68;0,001087619;EUR
Muster ausgewogen cVV;25.08.2016;-0,0036945937;-4.754,64;0,6099060448;512.725,04;-0,003675628;EUR
Muster ausgewogen cVV;26.08.2016;0,0028620592;3.669,63;0,6142972537;516.394,67;0,001491534;EUR
Muster ausgewogen cVV;27.08.2016;0,0000139615;17,95;0,6143186094;516.412,62;0;EUR
Muster ausgewogen cVV;28.08.2016;0,0000139613;17,95;0,6143399651;516.430,57;0;EUR
Muster ausgewogen cVV;29.08.2016;0,0007649634;983,64;0,6155361712;517.414,21;0,001502813;EUR
Muster ausgewogen cVV;30.08.2016;0,0040904569;5.263,81;0,6218245253;522.678,03;0,002852186;EUR
Muster ausgewogen cVV;31.08.2016;-0,0027308645;-3.528,59;0,6176527121;519.149,43;-0,001988252;EUR
Muster ausgewogen cVV;01.09.2016;-0,0013826963;-1.781,72;0,6155589263;517.367,71;-0,002034262;EUR
Muster ausgewogen cVV;02.09.2016;0,0076012509;9.781,33;0,6272231251;527.149,04;0,005566763;EUR
Muster ausgewogen cVV;03.09.2016;0,0000138457;17,95;0,6272444854;527.166,99;0;EUR
Muster ausgewogen cVV;04.09.2016;0,0000138455;17,95;0,6272658456;527.184,94;0;EUR
Muster ausgewogen cVV;05.09.2016;0,0024830225;3.219,54;0,6311231966;530.404,49;0,000898178;EUR
Muster ausgewogen cVV;06.09.2016;-0,0000295359;-38,39;0,6311040974;530.366,09;0,000470990;EUR
Muster ausgewogen cVV;07.09.2016;0,0025209911;3.276,79;0,6350300095;533.642,89;0,001983096;EUR
Muster ausgewogen cVV;08.09.2016;-0,0038724717;-5.046,14;0,6290515938;528.596,74;-0,003915064;EUR
Muster ausgewogen cVV;09.09.2016;-0,0062021897;-8.050,66;0,6194970066;520.546,09;-0,007190350;EUR
Muster ausgewogen cVV;10.09.2016;0,0000139166;17,95;0,6195183714;520.564,04;0;EUR
Muster ausgewogen cVV;11.09.2016;0,0000139164;17,95;0,6195397361;520.581,99;0;EUR
Muster ausgewogen cVV;12.09.2016;-0,0103472701;-13.348,18;0,6036795222;507.233,81;-0,002830647;EUR
Muster ausgewogen cVV;13.09.2016;-0,0007881768;-1.006,24;0,6025072095;506.227,57;-0,004686179;EUR
Muster ausgewogen cVV;14.09.2016;-0,0019309803;-2.463,28;0,5996005440;503.764,29;-0,000269443;EUR
Muster ausgewogen cVV;15.09.2016;0,0002876197;366,20;0,6000615148;504.130,48;0,003093185;EUR
Muster ausgewogen cVV;16.09.2016;-0,0025442270;-3.240,25;0,5962296050;500.890,24;-0,002693558;EUR
Muster ausgewogen cVV;17.09.2016;0,0000141319;17,95;0,5962509742;500.908,19;0;EUR
Muster ausgewogen cVV;18.09.2016;0,0000141317;17,95;0,5962723434;500.926,14;0;EUR
Muster ausgewogen cVV;19.09.2016;0,0037390722;4.749,98;0,6019515743;505.676,12;0,002744477;EUR
Muster ausgewogen cVV;20.09.2016;0,0015721440;2.004,66;0,6043631186;507.680,79;0,000933656;EUR
Muster ausgewogen cVV;21.09.2016;0,0033222118;4.242,86;0,6094393858;511.923,64;0,004118927;EUR
Muster ausgewogen cVV;22.09.2016;0,0079094228;10.134,83;0,6215306674;522.058,47;0,007420046;EUR
Muster ausgewogen cVV;23.09.2016;-0,0020575654;-2.657,34;0,6183927319;519.401,13;-0,002246172;EUR
Muster ausgewogen cVV;24.09.2016;0,0000139290;17,95;0,6184141055;519.419,09;0;EUR
Muster ausgewogen cVV;25.09.2016;0,0000139288;17,95;0,6184354792;519.437,04;0;EUR
Muster ausgewogen cVV;26.09.2016;-0,0097977554;-12.628,08;0,6034257217;506.808,96;-0,008230803;EUR
Muster ausgewogen cVV;27.09.2016;0,0008207811;1.047,52;0,6046980468;507.856,48;0,002146056;EUR
Muster ausgewogen cVV;28.09.2016;0,0037445350;4.782,87;0,6104182732;512.639,35;0,003165953;EUR
Muster ausgewogen cVV;29.09.2016;0,0001447926;185,64;0,6106646252;512.824,99;-0,003102217;EUR
Muster ausgewogen cVV;30.09.2016;0,0020704072;2.654,81;0,6138513469;515.479,79;0,002943027;EUR
Muster ausgewogen cVV;01.10.2016;0,0000139715;17,95;0,6138727249;515.497,74;0;EUR
Muster ausgewogen cVV;02.10.2016;0,0000139713;17,95;0,6138941030;515.515,70;0;EUR
Muster ausgewogen cVV;03.10.2016;0,0025136630;3.229,94;0,6177659830;518.745,64;0,000051739;EUR
Muster ausgewogen cVV;04.10.2016;0,0025470339;3.281,05;0,6216990227;522.026,68;0,003178183;EUR
Muster ausgewogen cVV;05.10.2016;-0,0034629330;-4.472,25;0,6163983160;517.554,43;-0,002295076;EUR
Muster ausgewogen cVV;06.10.2016;-0,0000180884;-23,28;0,6163960165;517.531,15;-0,000270573;EUR
Muster ausgewogen cVV;07.10.2016;-0,0048161738;-6.198,27;0,6090387850;511.332,88;-0,003099425;EUR
Muster ausgewogen cVV;08.10.2016;0,0000140167;17,95;0,6090601675;511.350,84;0;EUR
Muster ausgewogen cVV;09.10.2016;0,0000140165;17,95;0,6090815500;511.368,79;0;EUR
Muster ausgewogen cVV;10.10.2016;0,0061866446;7.923,89;0,6185450146;519.292,68;0,004241040;EUR
Muster ausgewogen cVV;11.10.2016;-0,0002805521;-361,56;0,6181397804;518.931,13;-0,001534892;EUR
Muster ausgewogen cVV;12.10.2016;-0,0015312241;-1.972,78;0,6158151515;516.958,34;-0,001389215;EUR
Muster ausgewogen cVV;13.10.2016;-0,0053693281;-6.907,08;0,6076121893;510.051,26;-0,003493744;EUR
Muster ausgewogen cVV;14.10.2016;0,0072588862;9.287,66;0,6187017442;519.338,93;0,005018353;EUR
Muster ausgewogen cVV;15.10.2016;0,0000166857;21,50;0,6187273626;519.360,43;0;EUR
Muster ausgewogen cVV;16.10.2016;0,0000166854;21,50;0,6187529810;519.381,93;0;EUR
Muster ausgewogen cVV;17.10.2016;-0,0029458916;-3.796,72;0,6142550191;515.585,21;-0,002216238;EUR
Muster ausgewogen cVV;18.10.2016;0,0067742539;8.705,07;0,6246515904;524.290,28;0,005802075;EUR
Muster ausgewogen cVV;19.10.2016;0,0024869641;3.217,45;0,6285106473;527.507,74;0,001448753;EUR
Muster ausgewogen cVV;20.10.2016;0,0018803880;2.438,76;0,6314421641;529.946,50;0,002004431;EUR
Muster ausgewogen cVV;21.10.2016;0,0014007444;1.820,11;0,6336367243;531.766,60;0,000976351;EUR
Muster ausgewogen cVV;22.10.2016;0,0000165263;21,50;0,6336623479;531.788,11;0;EUR
Muster ausgewogen cVV;23.10.2016;0,0000165260;21,50;0,6336879715;531.809,61;0;EUR
Muster ausgewogen cVV;24.10.2016;0,0011342558;1.475,95;0,6354725829;533.285,56;0,001472624;EUR
Muster ausgewogen cVV;25.10.2016;-0,0013637180;-1.776,55;0,6333814264;531.509,01;-0,000307465;EUR
Muster ausgewogen cVV;26.10.2016;-0,0041150465;-5.353,46;0,6270274187;526.155,56;-0,003713244;EUR
Muster ausgewogen cVV;27.10.2016;0,0010662322;1.381,40;0,6286992270;527.536,96;-0,001671572;EUR
Muster ausgewogen cVV;28.10.2016;-0,0002986956;-387,40;0,6282630651;527.149,56;-0,001336517;EUR
Muster ausgewogen cVV;29.10.2016;0,0000165852;21,50;0,6282886939;527.171,06;0;EUR
Muster ausgewogen cVV;30.10.2016;0,0000165849;21,50;0,6283143228;527.192,57;0;EUR
Muster ausgewogen cVV;31.10.2016;-0,0029601909;-3.838,27;0,6237651454;523.354,29;-0,001303727;EUR
Muster ausgewogen cVV;01.11.2016;-0,0053639556;-6.934,48;0,6155251803;516.419,82;-0,006438725;EUR
Muster ausgewogen cVV;02.11.2016;-0,0063474488;-8.161,91;0,6058214724;508.257,90;-0,006163855;EUR
Muster ausgewogen cVV;03.11.2016;-0,0027184362;-3.473,33;0,6017057660;504.784,57;-0,001807315;EUR
Muster ausgewogen cVV;04.11.2016;-0,0032642740;-4.159,41;0,5967718628;500.625,16;-0,002836995;EUR
Muster ausgewogen cVV;05.11.2016;0,0000169315;21,50;0,5967974968;500.646,66;0;EUR
Muster ausgewogen cVV;06.11.2016;0,0000169312;21,50;0,5968231308;500.668,17;0;EUR
Muster ausgewogen cVV;07.11.2016;0,0119945207;15.234,31;0,6150080891;515.902,48;0,010568279;EUR
Muster ausgewogen cVV;08.11.2016;0,0030890750;3.970,51;0,6197663601;519.872,99;0,000966266;EUR
Muster ausgewogen cVV;09.11.2016;0,0075112430;9.684,33;0,6313369856;529.557,31;0,006980084;EUR
Muster ausgewogen cVV;10.11.2016;-0,0005458993;-709,12;0,6305169784;528.848,19;0,000443845;EUR
Muster ausgewogen cVV;11.11.2016;-0,0035234163;-4.574,40;0,6250883304;524.273,79;0,000062278;EUR
Muster ausgewogen cVV;12.11.2016;0,0000131109;16,96;0,6251085538;524.290,75;0;EUR
Muster ausgewogen cVV;13.11.2016;0,0000131107;16,96;0,6251287772;524.307,71;0;EUR
Muster ausgewogen cVV;14.11.2016;0,0021666005;2.803,03;0,6284960871;527.110,74;0,002408214;EUR
Muster ausgewogen cVV;15.11.2016;0,0032044712;4.154,75;0,6334754231;531.265,49;0,002802688;EUR
Muster ausgewogen cVV;16.11.2016;0,0027045833;3.517,86;0,6376956803;534.783,35;-0,001380591;EUR
Muster ausgewogen cVV;17.11.2016;0,0031786108;4.145,61;0,6426648351;538.928,97;0,002146466;EUR
Muster ausgewogen cVV;18.11.2016;-0,0017359610;-2.271,27;0,6399820172;536.657,69;0,000481645;EUR
Muster ausgewogen cVV;19.11.2016;0,0000129866;16,96;0,6400022446;536.674,65;0;EUR
Muster ausgewogen cVV;20.11.2016;0,0000129864;16,96;0,6400224721;536.691,62;0;EUR
Muster ausgewogen cVV;21.11.2016;0,0010041691;1.311,57;0,6416122513;538.003,19;0,001394351;EUR
Muster ausgewogen cVV;22.11.2016;0,0003560314;465,49;0,6421930683;538.468,68;0,003075813;EUR
Muster ausgewogen cVV;23.11.2016;-0,0009602802;-1.255,96;0,6407207787;537.212,72;-0,001158681;EUR
Muster ausgewogen cVV;24.11.2016;0,0024580702;3.211,84;0,6445771914;540.424,56;0,001164006;EUR
Muster ausgewogen cVV;25.11.2016;0,0000698551;91,50;0,6447120378;540.516,06;0,000723170;EUR
Muster ausgewogen cVV;26.11.2016;0,0000102369;13,41;0,6447280327;540.529,47;0;EUR
Muster ausgewogen cVV;27.11.2016;0,0000129557;16,97;0,6447482758;540.546,44;0;EUR
Muster ausgewogen cVV;28.11.2016;-0,0027538871;-3.607,55;0,6404708146;536.938,90;-0,002651273;EUR
Muster ausgewogen cVV;29.11.2016;-0,0002635895;-344,35;0,6400855504;536.594,55;-0,000091782;EUR
Muster ausgewogen cVV;30.11.2016;0,0046334854;6.051,48;0,6473299020;542.646,03;-0,000129188;EUR
Muster ausgewogen cVV;01.12.2016;-0,0043179330;-5.665,49;0,6405969147;536.980,54;-0,003731501;EUR
Muster ausgewogen cVV;02.12.2016;-0,0007598989;-992,75;0,6394379907;535.987,79;-0,001482920;EUR
Muster ausgewogen cVV;03.12.2016;0,0000130007;16,97;0,6394582378;536.004,77;0;EUR
Muster ausgewogen cVV;04.12.2016;0,0000130006;16,97;0,6394784850;536.021,74;0;EUR
Muster ausgewogen cVV;05.12.2016;0,0013322717;1.739,23;0,6415788413;537.760,96;0,003033604;EUR
Muster ausgewogen cVV;06.12.2016;0,0042371384;5.538,78;0,6482126000;543.299,75;0,002841902;EUR
Muster ausgewogen cVV;07.12.2016;0,0064577770;8.477,36;0,6583530315;551.777,11;0,007624875;EUR
Muster ausgewogen cVV;08.12.2016;0,0109969686;14.529,36;0,6757154617;566.306,47;0,009189048;EUR
Muster ausgewogen cVV;09.12.2016;0,0053003682;7.079,94;0,6841902568;573.386,40;0,004251414;EUR
Muster ausgewogen cVV;10.12.2016;0,0000126386;16,97;0,6842105079;573.403,37;0;EUR
Muster ausgewogen cVV;11.12.2016;0,0000126385;16,97;0,6842307590;573.420,35;0;EUR
Muster ausgewogen cVV;12.12.2016;-0,0027656725;-3.713,91;0,6798259980;569.706,44;-0,002653589;EUR
Muster ausgewogen cVV;13.12.2016;0,0046406245;6.214,46;0,6872687728;575.920,90;0,004053401;EUR
Muster ausgewogen cVV;14.12.2016;-0,0015244168;-2.050,89;0,6848483545;573.870,02;-0,001884944;EUR
Muster ausgewogen cVV;15.12.2016;0,0063918261;8.586,19;0,6951223550;582.456,21;0,006380719;EUR
Muster ausgewogen cVV;16.12.2016;0,0040112439;5.422,78;0,7016216685;587.878,98;0,001613370;EUR
Muster ausgewogen cVV;17.12.2016;0,0000125037;16,97;0,7016419236;587.895,95;0;EUR
Muster ausgewogen cVV;18.12.2016;0,0000125035;16,97;0,7016621787;587.912,93;0;EUR
Muster ausgewogen cVV;19.12.2016;0,0011655307;1.582,03;0,7035779502;589.494,96;0,001368163;EUR
Muster ausgewogen cVV;20.12.2016;-0,0003477136;-472,52;0,7030415855;589.022,44;0,002378277;EUR
Muster ausgewogen cVV;21.12.2016;0,0000638505;86,74;0,7031726934;589.109,18;-0,001242803;EUR
Muster ausgewogen cVV;22.12.2016;-0,0018161971;-2.467,39;0,7002550078;586.641,79;-0,001402399;EUR
Muster ausgewogen cVV;23.12.2016;0,0008935342;1.211,70;0,7017288502;587.853,49;0,000124992;EUR
Muster ausgewogen cVV;24.12.2016;0,0000125039;16,97;0,7017491093;587.870,46;0;EUR
Muster ausgewogen cVV;25.12.2016;0,0000125038;16,97;0,7017693684;587.887,44;0;EUR
Muster ausgewogen cVV;26.12.2016;-0,0000325528;-44,18;0,7017440718;587.843,25;-0,000094655;EUR
Muster ausgewogen cVV;27.12.2016;0,0009844965;1.336,24;0,7033667059;589.179,49;0,002185103;EUR
Muster ausgewogen cVV;28.12.2016;0,0031132338;4.229,69;0,7084438017;593.409,18;0,000001834;EUR
Muster ausgewogen cVV;29.12.2016;-0,0035907309;-4.893,62;0,7026289459;588.515,57;-0,002429493;EUR
Muster ausgewogen cVV;30.12.2016;-0,0003089640;-419,56;0,7021553973;588.096,01;-0,001204953;EUR
Muster ausgewogen cVV;31.12.2016;0,0000125017;16,97;0,7021756604;588.112,98;0;EUR
Muster ausgewogen cVV;01.01.2017;0,0000125015;16,97;0,7021959234;588.129,95;0;EUR
Muster ausgewogen cVV;02.01.2017;0,0053640741;7.194,84;0,7108204682;595.324,79;0,003120062;EUR
Muster ausgewogen cVV;03.01.2017;0,0023282782;3.139,68;0,7146036897;598.464,47;0,003503160;EUR
Muster ausgewogen cVV;04.01.2017;0,0012514454;1.691,50;0,7166579466;600.155,97;0,000178240;EUR
Muster ausgewogen cVV;05.01.2017;-0,0002671164;-361,50;0,7162607282;599.794,47;-0,002110618;EUR
Muster ausgewogen cVV;06.01.2017;0,0002504909;338,91;0,7166998828;600.133,38;0,000458313;EUR
Muster ausgewogen cVV;07.01.2017;0,0000125408;16,97;0,7167201507;600.150,35;0;EUR
Muster ausgewogen cVV;08.01.2017;0,0000125406;16,97;0,7167404186;600.167,32;0;EUR
Muster ausgewogen cVV;09.01.2017;-0,0012695153;-1.718,09;0,7147229370;598.449,24;-0,000943420;EUR
Muster ausgewogen cVV;10.01.2017;0,0004600718;621,84;0,7154999199;599.071,08;-0,000038454;EUR
Muster ausgewogen cVV;11.01.2017;0,0031324375;4.235,82;0,7205934983;603.306,90;0,004162833;EUR
Muster ausgewogen cVV;12.01.2017;-0,0063216667;-8.575,21;0,7103852295;594.731,69;-0,006021610;EUR
Muster ausgewogen cVV;13.01.2017;0,0045947038;6.193,22;0,7178171418;600.924,91;0,003474947;EUR
Muster ausgewogen cVV;14.01.2017;0,0000125334;16,97;0,7178374146;600.941,88;0;EUR
Muster ausgewogen cVV;15.01.2017;0,0000125333;16,97;0,7178576874;600.958,85;0;EUR
Muster ausgewogen cVV;16.01.2017;-0,0022243330;-3.012,04;0,7142938848;597.946,81;-0,001197596;EUR
Muster ausgewogen cVV;17.01.2017;-0,0027246966;-3.681,39;0,7099300792;594.265,42;-0,002311408;EUR
Muster ausgewogen cVV;18.01.2017;0,0017182515;2.315,24;0,7127299443;596.580,66;0,001018862;EUR
Muster ausgewogen cVV;19.01.2017;-0,0009723848;-1.312,48;0,7111958354;595.268,18;0,000008228;EUR
Muster ausgewogen cVV;20.01.2017;-0,0001475866;-199,01;0,7109919250;595.069,17;-0,000681584;EUR
Muster ausgewogen cVV;21.01.2017;0,0000125879;16,97;0,7110122027;595.086,14;0;EUR
Muster ausgewogen cVV;22.01.2017;0,0000125877;16,97;0,7110324803;595.103,11;0;EUR
Muster ausgewogen cVV;23.01.2017;-0,0042239670;-5.695,07;0,7042614864;589.408,04;-0,002782466;EUR
Muster ausgewogen cVV;24.01.2017;0,0011329889;1.521,13;0,7061125913;590.929,17;0,001738517;EUR
Muster ausgewogen cVV;25.01.2017;0,0075764915;10.183,57;0,7183152526;601.112,74;0,005979508;EUR
Muster ausgewogen cVV;26.01.2017;0,0039108241;5.296,37;0,7246786737;606.409,11;0,001790684;EUR
Muster ausgewogen cVV;27.01.2017;-0,0007683440;-1.044,63;0,7234646089;605.364,49;-0,001435688;EUR
Muster ausgewogen cVV;28.01.2017;0,0000124925;16,97;0,7234848913;605.381,46;0;EUR
Muster ausgewogen cVV;29.01.2017;0,0000124923;16,97;0,7235051738;605.398,43;0;EUR
Muster ausgewogen cVV;30.01.2017;-0,0055099385;-7.485,64;0,7145930111;597.912,79;-0,003782597;EUR
Muster ausgewogen cVV;31.01.2017;-0,0077068436;-10.412,60;0,7021816624;587.500,19;-0,005547382;EUR
Muster ausgewogen cVV;01.02.2017;0,0048587532;6.514,00;0,7100007752;594.014,18;0,003777529;EUR
Muster ausgewogen cVV;02.02.2017;-0,0018618843;-2.508,31;0,7070360989;591.505,88;-0,000557387;EUR
Muster ausgewogen cVV;03.02.2017;0,0022024852;2.961,63;0,7106097220;594.467,51;0,002707224;EUR
Muster ausgewogen cVV;04.02.2017;0,0000125935;16,97;0,7106300092;594.484,48;0;EUR
Muster ausgewogen cVV;05.02.2017;0,0000125933;16,97;0,7106502965;594.501,46;0;EUR
Muster ausgewogen cVV;06.02.2017;-0,0015242303;-2.054,17;0,7082281996;592.447,29;-0,001845996;EUR
Muster ausgewogen cVV;07.02.2017;0,0037996054;5.112,82;0,7143738665;597.560,11;0,002165819;EUR
Muster ausgewogen cVV;08.02.2017;0,0001661527;224,43;0,7146758042;597.784,54;0,001083328;EUR
Muster ausgewogen cVV;09.02.2017;0,0044084950;5.955,69;0,7218300141;603.740,23;0,003797925;EUR
Muster ausgewogen cVV;10.02.2017;0,0034757863;4.716,34;0,7275030337;608.456,57;0,002354105;EUR
Muster ausgewogen cVV;11.02.2017;0,0000124641;16,97;0,7275233257;608.473,54;0;EUR
Muster ausgewogen cVV;12.02.2017;0,0000124639;16,97;0,7275436177;608.490,51;0;EUR
Muster ausgewogen cVV;13.02.2017;0,0057097677;7.774,78;0,7368741451;616.265,29;0,003879910;EUR
Muster ausgewogen cVV;14.02.2017;-0,0002148810;-294,27;0,7365568318;615.971,02;0,000835429;EUR
Muster ausgewogen cVV;15.02.2017;0,0027712003;3.794,17;0,7411284959;619.765,19;0,001512611;EUR
Muster ausgewogen cVV;16.02.2017;-0,0021842954;-2.998,90;0,7375768752;616.766,29;-0,002367526;EUR
Muster ausgewogen cVV;17.02.2017;0,0016696004;2.287,25;0,7403467737;619.053,54;0,001759953;EUR
Muster ausgewogen cVV;18.02.2017;0,0000123786;16,99;0,7403670882;619.070,53;0;EUR
Muster ausgewogen cVV;19.02.2017;0,0000123785;16,99;0,7403874026;619.087,51;0;EUR
Muster ausgewogen cVV;20.02.2017;0,0029333451;4.025,31;0,7452362323;623.112,82;0,002325755;EUR
Muster ausgewogen cVV;21.02.2017;0,0066144954;9.103,43;0,7561591424;632.216,25;0,005790822;EUR
Muster ausgewogen cVV;22.02.2017;0,0042030007;5.822,79;0,7631590596;638.039,04;0,001404675;EUR
Muster ausgewogen cVV;23.02.2017;-0,0006070968;-844,60;0,7621843550;637.194,44;-0,001103254;EUR
Muster ausgewogen cVV;24.02.2017;-0,0049650331;-6.903,22;0,7539621341;630.291,23;-0,002240848;EUR
Muster ausgewogen cVV;25.02.2017;0,0000117434;16,25;0,7539815684;630.307,47;0;EUR
Muster ausgewogen cVV;26.02.2017;0,0000117433;16,25;0,7540010028;630.323,72;0;EUR
Muster ausgewogen cVV;27.02.2017;-0,0014268571;-1.974,05;0,7516745882;628.349,67;-0,000765265;EUR
Muster ausgewogen cVV;28.02.2017;0,0005442639;751,91;0,7526090590;629.101,58;-0,000744392;EUR
Muster ausgewogen cVV;01.03.2017;0,0087904554;12.150,82;0,7671809946;641.252,40;0,007315942;EUR
Muster ausgewogen cVV;02.03.2017;0,0028207290;3.933,29;0,7719225212;645.185,69;-0,000725168;EUR
Muster ausgewogen cVV;03.03.2017;-0,0037243007;-5.207,91;0,7657270991;639.977,79;-0,002659693;EUR
Muster ausgewogen cVV;04.03.2017;0,0000116618;16,25;0,7657465380;639.994,03;0;EUR
Muster ausgewogen cVV;05.03.2017;0,0000116616;16,25;0,7657659768;640.010,28;0;EUR
Muster ausgewogen cVV;06.03.2017;-0,0011652535;-1.623,41;0,7638589601;638.386,87;-0,002514372;EUR
Muster ausgewogen cVV;07.03.2017;-0,0007748294;-1.078,22;0,7626041085;637.308,65;0,000944918;EUR
Muster ausgewogen cVV;08.03.2017;-0,0016954163;-2.357,44;0,7598183176;634.951,20;-0,001423729;EUR
Muster ausgewogen cVV;09.03.2017;-0,0023734961;-3.294,71;0,7559106045;631.656,50;-0,000739483;EUR
Muster ausgewogen cVV;10.03.2017;-0,0028310950;-3.920,58;0,7512534700;627.735,92;-0,002582575;EUR
Muster ausgewogen cVV;11.03.2017;0,0000117651;16,25;0,7512729134;627.752,16;0;EUR
Muster ausgewogen cVV;12.03.2017;0,0000117650;16,25;0,7512923568;627.768,41;0;EUR
Muster ausgewogen cVV;13.03.2017;0,0028206793;3.895,19;0,7559888498;631.663,60;0,001036029;EUR
Muster ausgewogen cVV;14.03.2017;-0,0000380507;-52,69;0,7559606105;631.610,91;0,000208945;EUR
Muster ausgewogen cVV;15.03.2017;0,0012806297;1.773,39;0,7581180402;633.384,30;0,003009785;EUR
Muster ausgewogen cVV;16.03.2017;0,0022476228;3.116,46;0,7618832632;636.500,76;-0,000205068;EUR
Muster ausgewogen cVV;17.03.2017;0,0007995316;1.111,09;0,7632482889;637.611,84;-0,000089978;EUR
Muster ausgewogen cVV;18.03.2017;0,0000116816;16,25;0,7632677368;637.628,09;0;EUR
Muster ausgewogen cVV;19.03.2017;0,0000116815;16,25;0,7632871846;637.644,34;0;EUR
Muster ausgewogen cVV;20.03.2017;0,0011099184;1.543,69;0,7651701755;639.188,03;-0,001302749;EUR
Muster ausgewogen cVV;21.03.2017;-0,0059590872;-8.297,20;0,7552722658;630.890,83;-0,005836764;EUR
Muster ausgewogen cVV;22.03.2017;-0,0019706405;-2.727,49;0,7520415062;628.163,34;-0,000736059;EUR
Muster ausgewogen cVV;23.03.2017;0,0049020058;6.771,32;0,7601829752;634.934,66;0,003081856;EUR
Muster ausgewogen cVV;24.03.2017;-0,0004257133;-590,94;0,7595102128;634.343,72;0,000285207;EUR
Muster ausgewogen cVV;25.03.2017;0,0000117091;16,25;0,7595296651;634.359,97;0;EUR
Muster ausgewogen cVV;26.03.2017;0,0000117090;16,25;0,7595491174;634.376,22;0;EUR
Muster ausgewogen cVV;27.03.2017;-0,0048476357;-6.726,33;0,7515299189;627.649,89;-0,003673708;EUR
Muster ausgewogen cVV;28.03.2017;0,0073842126;10.196,28;0,7637735315;637.846,17;0,006019931;EUR
Muster ausgewogen cVV;29.03.2017;0,0065434553;9.102,07;0,7747079255;646.948,24;0,004986901;EUR
Muster ausgewogen cVV;30.03.2017;0,0032649163;4.571,28;0,7802175031;651.519,51;0,002033663;EUR
Muster ausgewogen cVV;31.03.2017;0,0007814295;1.097,67;0,7815675920;652.617,18;0,001394051;EUR
Muster ausgewogen cVV;01.04.2017;0,0000115569;16,25;0,7815870487;652.633,43;0;EUR
Muster ausgewogen cVV;02.04.2017;0,0000115568;16,25;0,7816065054;652.649,67;0;EUR
Muster ausgewogen cVV;03.04.2017;0,0006711250;943,48;0,7827720267;653.593,16;0,000775708;EUR
Muster ausgewogen cVV;04.04.2017;0,0030187800;4.246,72;0,7878938986;657.839,87;0,000737299;EUR
Muster ausgewogen cVV;05.04.2017;-0,0010233181;-1.443,91;0,7862002342;656.395,96;-0,001721770;EUR
Muster ausgewogen cVV;06.04.2017;-0,0012206944;-1.720,65;0,7841749043;654.675,31;0,000244464;EUR
Muster ausgewogen cVV;07.04.2017;0,0022457659;3.161,70;0,7879977353;657.837,00;0,001337175;EUR
Muster ausgewogen cVV;08.04.2017;0,0000129486;18,27;0,7880196209;657.855,27;0;EUR
Muster ausgewogen cVV;09.04.2017;0,0000129484;18,27;0,7880415065;657.873,54;0;EUR
Muster ausgewogen cVV;10.04.2017;-0,0007120277;-1.004,70;0,7868736563;656.868,84;0,000607112;EUR
Muster ausgewogen cVV;11.04.2017;-0,0011031057;-1.555,42;0,7850459204;655.313,42;-0,001558578;EUR
Muster ausgewogen cVV;12.04.2017;0,0011777845;1.658,89;0,7870688160;656.972,31;-0,000338078;EUR
Muster ausgewogen cVV;13.04.2017;-0,0021901630;-3.088,45;0,7834041771;653.883,86;-0,002007712;EUR
Muster ausgewogen cVV;14.04.2017;-0,0000225745;-31,76;0,7834014855;653.852,10;-0,000115215;EUR
Muster ausgewogen cVV;15.04.2017;0,0000129852;18,27;0,7834233761;653.870,37;0;EUR
Muster ausgewogen cVV;16.04.2017;0,0000129851;18,27;0,7834452666;653.888,64;0;EUR
Muster ausgewogen cVV;17.04.2017;0,0005043693;709,68;0,7843309300;654.598,32;0,000981309;EUR
Muster ausgewogen cVV;18.04.2017;-0,0056993349;-8.023,36;0,7747523643;646.574,96;-0,004108112;EUR
Muster ausgewogen cVV;19.04.2017;-0,0024948411;-3.492,15;0,7706026266;643.082,81;-0,001454867;EUR
Muster ausgewogen cVV;20.04.2017;-0,0012971458;-1.811,15;0,7684669077;641.271,67;0,000125643;EUR
Muster ausgewogen cVV;21.04.2017;0,0027353119;3.814,24;0,7730724395;645.085,91;0,001602733;EUR
Muster ausgewogen cVV;22.04.2017;0,0000130666;18,27;0,7730943349;645.104,18;0;EUR
Muster ausgewogen cVV;23.04.2017;0,0000130665;18,27;0,7731162304;645.122,45;0;EUR
Muster ausgewogen cVV;24.04.2017;0,0085922071;12.014,44;0,7875497241;657.136,89;0,006353614;EUR
Muster ausgewogen cVV;25.04.2017;-0,0008941932;-1.261,09;0,7860736313;655.875,80;-0,000186120;EUR
Muster ausgewogen cVV;26.04.2017;0,0024486766;3.450,30;0,7902442765;659.326,10;0,001913492;EUR
Muster ausgewogen cVV;27.04.2017;0,0003561150;503,01;0,7908825885;659.829,11;0,000740884;EUR
Muster ausgewogen cVV;28.04.2017;-0,0007772663;-1.098,28;0,7896015052;658.730,83;-0,001131634;EUR
Muster ausgewogen cVV;29.04.2017;0,0000129404;18,27;0,7896234056;658.749,10;0;EUR
Muster ausgewogen cVV;30.04.2017;0,0000129402;18,27;0,7896453060;658.767,37;0;EUR
Muster ausgewogen cVV;01.05.2017;0,0006148628;868,15;0,7907212825;659.635,52;-0,000078853;EUR
Muster ausgewogen cVV;02.05.2017;0,0028294772;3.997,51;0,7955487285;663.633,03;0,002142846;EUR
Muster ausgewogen cVV;03.05.2017;0,0011949689;1.693,04;0,7976139028;665.326,07;-0,000052351;EUR
Muster ausgewogen cVV;04.05.2017;0,0028300705;4.014,45;0,8024623346;669.340,52;0,001206290;EUR
Muster ausgewogen cVV;05.05.2017;0,0009545961;1.357,93;0,8041261557;670.698,44;0,001155052;EUR
Muster ausgewogen cVV;06.05.2017;0,0000128316;18,27;0,8041480609;670.716,72;0;EUR
Muster ausgewogen cVV;07.05.2017;0,0000128314;18,27;0,8041699662;670.734,99;0;EUR
Muster ausgewogen cVV;08.05.2017;0,0033251645;4.734,73;0,8098826610;675.469,71;0,001165157;EUR
Muster ausgewogen cVV;09.05.2017;0,0032939334;4.705,85;0,8155612095;680.175,56;0,001545825;EUR
Muster ausgewogen cVV;10.05.2017;0,0000111761;16,02;0,8156166590;680.191,58;0,001190425;EUR
Muster ausgewogen cVV;11.05.2017;-0,0020606212;-2.953,62;0,8121110327;677.237,96;-0,001607256;EUR
Muster ausgewogen cVV;12.05.2017;0,0024097481;3.446,93;0,8162806305;680.684,89;0,000704629;EUR
Muster ausgewogen cVV;13.05.2017;0,0000127422;18,27;0,8163025406;680.703,16;0;EUR
Muster ausgewogen cVV;14.05.2017;0,0000127421;18,27;0,8163244508;680.721,43;0;EUR
Muster ausgewogen cVV;15.05.2017;0,0004329419;620,79;0,8171051215;681.342,22;0,000401882;EUR
Muster ausgewogen cVV;16.05.2017;-0,0010668927;-1.530,47;0,8153057913;679.811,75;-0,001861647;EUR
Muster ausgewogen cVV;17.05.2017;-0,0093343866;-13.376,03;0,7992991363;666.435,72;-0,007095056;EUR
Muster ausgewogen cVV;18.05.2017;-0,0035015778;-4.970,87;0,7933723251;661.464,86;-0,000303069;EUR
Muster ausgewogen cVV;19.05.2017;0,0014788688;2.092,06;0,7959167323;663.556,92;0,001024100;EUR
Muster ausgewogen cVV;20.05.2017;0,0000128963;18,27;0,7959386473;663.575,19;0;EUR
Muster ausgewogen cVV;21.05.2017;0,0000128961;18,27;0,7959605623;663.593,46;0;EUR
Muster ausgewogen cVV;22.05.2017;0,0000453315;64,22;0,7960727250;663.657,68;-0,000384540;EUR
Muster ausgewogen cVV;23.05.2017;0,0012894486;1.826,93;0,7982993642;665.484,61;0,001385296;EUR
Muster ausgewogen cVV;24.05.2017;0,0011631155;1.650,06;0,8003139923;667.134,68;0,000864782;EUR
Muster ausgewogen cVV;25.05.2017;0,0005858884;832,14;0,8013475214;667.966,82;0,000481837;EUR
Muster ausgewogen cVV;26.05.2017;0,0013956246;1.983,38;0,8037622858;669.950,19;0,000582273;EUR
Muster ausgewogen cVV;27.05.2017;0,0000128384;18,27;0,8037842057;669.968,46;0;EUR
Muster ausgewogen cVV;28.05.2017;0,0000128382;18,27;0,8038061255;669.986,74;0;EUR
Muster ausgewogen cVV;29.05.2017;0,0009736485;1.385,66;0,8055039352;671.372,39;0,001639934;EUR
Muster ausgewogen cVV;30.05.2017;-0,0015638529;-2.227,78;0,8028663189;669.144,61;-0,000933241;EUR
Muster ausgewogen cVV;31.05.2017;-0,0009730597;-1.384,00;0,8012408830;667.760,61;-0,000787012;EUR
Muster ausgewogen cVV;01.06.2017;0,0023423843;3.328,37;0,8052698574;671.088,98;0,002711590;EUR
Muster ausgewogen cVV;02.06.2017;0,0053664797;7.643,27;0,8144770197;678.732,25;0,004088239;EUR
Muster ausgewogen cVV;03.06.2017;0,0000127596;18,27;0,8144989443;678.750,52;0;EUR
Muster ausgewogen cVV;04.06.2017;0,0000127595;18,27;0,8145208689;678.768,79;0;EUR
Muster ausgewogen cVV;05.06.2017;0,0004925488;705,30;0,8154028979;679.474,10;0,000069145;EUR
Muster ausgewogen cVV;06.06.2017;-0,0049441007;-7.083,15;0,8069380353;672.390,95;-0,003310472;EUR
Muster ausgewogen cVV;07.06.2017;-0,0021215620;-3.024,42;0,8033435021;669.366,53;-0,000156918;EUR
Muster ausgewogen cVV;08.06.2017;0,0004326550;615,47;0,8041172446;669.982,00;0,001180509;EUR
Muster ausgewogen cVV;09.06.2017;0,0029605013;4.213,25;0,8092092942;674.195,25;0,002640264;EUR
Muster ausgewogen cVV;10.06.2017;0,0000128002;18,27;0,8092312236;674.213,52;0;EUR
Muster ausgewogen cVV;11.06.2017;0,0000128000;18,27;0,8092531530;674.231,79;0;EUR
Muster ausgewogen cVV;12.06.2017;-0,0053652363;-7.658,36;0,8000959824;666.573,43;-0,003224915;EUR
Muster ausgewogen cVV;13.06.2017;0,0024913102;3.537,03;0,8043765230;670.110,45;0,002452491;EUR
Muster ausgewogen cVV;14.06.2017;0,0019589877;2.788,19;0,8077584922;672.898,65;-0,000035964;EUR
Muster ausgewogen cVV;15.06.2017;-0,0035969232;-5.129,47;0,8016358218;667.769,18;-0,002603583;EUR
Muster ausgewogen cVV;16.06.2017;0,0031561389;4.484,69;0,8070545798;672.253,87;0,001366444;EUR
Muster ausgewogen cVV;17.06.2017;0,0000128176;18,27;0,8070765140;672.272,14;0;EUR
Muster ausgewogen cVV;18.06.2017;0,0000128174;18,27;0,8070984481;672.290,41;0;EUR
Muster ausgewogen cVV;19.06.2017;0,0072787090;10.375,53;0,8195900269;682.665,94;0,005125730;EUR
Muster ausgewogen cVV;20.06.2017;-0,0015917644;-2.285,52;0,8168814954;680.380,42;-0,002145561;EUR
Muster ausgewogen cVV;21.06.2017;-0,0028685366;-4.112,20;0,8119794426;676.268,22;-0,001639802;EUR
Muster ausgewogen cVV;22.06.2017;0,0009484067;1.355,69;0,8136423845;677.623,91;0,000250522;EUR
Muster ausgewogen cVV;23.06.2017;-0,0020426653;-2.922,64;0,8101681051;674.701,28;-0,001655388;EUR
Muster ausgewogen cVV;24.06.2017;0,0000127956;18,27;0,8101900440;674.719,55;0;EUR
Muster ausgewogen cVV;25.06.2017;0,0000127955;18,27;0,8102119829;674.737,82;0;EUR
Muster ausgewogen cVV;26.06.2017;0,0025267094;3.607,91;0,8145794705;678.345,73;0,001067701;EUR
Muster ausgewogen cVV;27.06.2017;-0,0069775466;-9.988,48;0,8026196061;668.357,25;-0,006923164;EUR
Muster ausgewogen cVV;28.06.2017;-0,0022543492;-3.204,62;0,7988056593;665.152,62;-0,000406742;EUR
Muster ausgewogen cVV;29.06.2017;-0,0111300555;-15.786,03;0,7798812343;649.366,59;-0,008919012;EUR
Muster ausgewogen cVV;30.06.2017;-0,0023429714;-3.286,11;0,7759680518;646.080,48;-0,001944521;EUR
Muster ausgewogen cVV;01.07.2017;0,0000130574;18,27;0,7759899954;646.098,75;0;EUR
Muster ausgewogen cVV;02.07.2017;0,0000130572;18,27;0,7760119391;646.117,02;0;EUR
Muster ausgewogen cVV;03.07.2017;0,0046186988;6.462,90;0,7838078323;652.579,92;0,004517185;EUR
Muster ausgewogen cVV;04.07.2017;-0,0012942196;-1.819,35;0,7816562052;650.760,57;-0,000104119;EUR
Muster ausgewogen cVV;05.07.2017;0,0006532480;917,12;0,7827913926;651.677,68;0,001221790;EUR
Muster ausgewogen cVV;06.07.2017;-0,0054853341;-7.706,07;0,7735680810;643.971,61;-0,006217334;EUR
Muster ausgewogen cVV;07.07.2017;-0,0015008336;-2.096,88;0,7710822533;641.874,73;0,001409685;EUR
Muster ausgewogen cVV;08.07.2017;0,0000130967;18,27;0,7711042017;641.893,00;0;EUR
Muster ausgewogen cVV;09.07.2017;0,0000130966;18,27;0,7711261500;641.911,27;0;EUR
Muster ausgewogen cVV;10.07.2017;0,0042840018;5.976,54;0,7783390736;647.887,81;0,002149509;EUR
Muster ausgewogen cVV;11.07.2017;-0,0018575292;-2.602,51;0,7752457143;645.285,30;-0,001481261;EUR
Muster ausgewogen cVV;12.07.2017;0,0077208560;10.797,29;0,7882512667;656.082,59;0,006998004;EUR
Muster ausgewogen cVV;13.07.2017;0,0012519124;1.764,26;0,7904046963;657.846,85;0,000864480;EUR
Muster ausgewogen cVV;14.07.2017;0,0005398293;761,71;0,7913536566;658.608,56;0,000150078;EUR
Muster ausgewogen cVV;15.07.2017;0,0000129415;18,27;0,7913756097;658.626,83;0;EUR
Muster ausgewogen cVV;16.07.2017;0,0000129413;18,27;0,7913975627;658.645,11;0;EUR
Muster ausgewogen cVV;17.07.2017;0,0013365116;1.886,91;0,7936986227;660.532,02;-0,000895726;EUR
Muster ausgewogen cVV;18.07.2017;-0,0055663644;-7.869,19;0,7842763658;652.662,82;-0,004925014;EUR
Muster ausgewogen cVV;19.07.2017;0,0039120942;5.499,76;0,7909188454;658.162,58;0,003326254;EUR
Muster ausgewogen cVV;20.07.2017;-0,0026979567;-3.807,72;0,7863765175;654.354,86;-0,001916699;EUR
Muster ausgewogen cVV;21.07.2017;-0,0042617173;-5.998,48;0,7792008944;648.356,38;-0,004482238;EUR
Muster ausgewogen cVV;22.07.2017;0,0000130362;18,27;0,7792228522;648.374,65;0;EUR
Muster ausgewogen cVV;23.07.2017;0,0000130360;18,27;0,7792448099;648.392,92;0;EUR
Muster ausgewogen cVV;24.07.2017;-0,0001259837;-176,57;0,7790656714;648.216,35;-0,000552584;EUR
Muster ausgewogen cVV;25.07.2017;0,0004579859;641,82;0,7798701212;648.858,16;0,000503108;EUR
Muster ausgewogen cVV;26.07.2017;0,0011904079;1.668,99;0,7819092317;650.527,15;0,001963156;EUR
Muster ausgewogen cVV;27.07.2017;0,0003205022;449,89;0,7824831117;650.977,04;-0,001841912;EUR
Muster ausgewogen cVV;28.07.2017;-0,0056651056;-7.954,65;0,7729542104;643.022,38;-0,003166514;EUR
Muster ausgewogen cVV;29.07.2017;0,0000130860;18,27;0,7729761728;643.040,66;0;EUR
Muster ausgewogen cVV;30.07.2017;0,0000130858;18,27;0,7729981351;643.058,93;0;EUR
Muster ausgewogen cVV;31.07.2017;-0,0024174926;-3.375,38;0,7689732165;639.683,55;-0,001778167;EUR
Muster ausgewogen cVV;01.08.2017;0,0048656120;6.777,10;0,7771528863;646.460,64;0,004461618;EUR
Muster ausgewogen cVV;02.08.2017;-0,0021846028;-3.057,64;0,7735097330;643.403,00;-0,002220114;EUR
Muster ausgewogen cVV;03.08.2017;-0,0009858558;-1.376,82;0,7718870382;642.026,18;-0,000919321;EUR
Muster ausgewogen cVV;04.08.2017;0,0058853264;8.211,20;0,7817920254;650.237,38;0,005423576;EUR
Muster ausgewogen cVV;05.08.2017;0,0000130187;18,27;0,7818139924;650.255,65;0;EUR
Muster ausgewogen cVV;06.08.2017;0,0000130185;18,27;0,7818359594;650.273,92;0;EUR
Muster ausgewogen cVV;07.08.2017;-0,0018450644;-2.589,45;0,7787553960;647.684,47;-0,000942696;EUR
Muster ausgewogen cVV;08.08.2017;0,0026037655;3.647,50;0,7831739729;651.331,97;0,000982185;EUR
Muster ausgewogen cVV;09.08.2017;-0,0033492328;-4.704,01;0,7775504505;646.627,96;-0,002701284;EUR
Muster ausgewogen cVV;10.08.2017;-0,0053460848;-7.483,45;0,7685840955;639.144,51;-0,005564517;EUR
Muster ausgewogen cVV;11.08.2017;-0,0040896675;-5.694,11;0,7617687644;633.450,40;-0,000679197;EUR
Muster ausgewogen cVV;12.08.2017;0,0000131763;18,27;0,7617907360;633.468,67;0;EUR
Muster ausgewogen cVV;13.08.2017;0,0000131761;18,27;0,7618127077;633.486,94;0;EUR
Muster ausgewogen cVV;14.08.2017;0,0053736208;7.451,38;0,7708058233;640.938,32;0,005016871;EUR
Muster ausgewogen cVV;15.08.2017;0,0007138662;995,21;0,7720350108;641.933,53;0,000764248;EUR
Muster ausgewogen cVV;16.08.2017;0,0038288137;5.341,60;0,7784917717;647.275,13;0,002619405;EUR
Muster ausgewogen cVV;17.08.2017;-0,0023693479;-3.318,15;0,7745333436;643.956,98;-0,004189694;EUR
Muster ausgewogen cVV;18.08.2017;-0,0028298046;-3.953,60;0,7698102157;640.003,38;-0,001421515;EUR
Muster ausgewogen cVV;19.08.2017;0,0000131143;18,27;0,7698321919;640.021,65;0;EUR
Muster ausgewogen cVV;20.08.2017;0,0000131141;18,27;0,7698541681;640.039,92;0;EUR
Muster ausgewogen cVV;21.08.2017;-0,0042748765;-5.955,81;0,7627222196;634.084,11;-0,002953636;EUR
Muster ausgewogen cVV;22.08.2017;0,0071717345;9.949,03;0,7747219420;644.033,14;0,006298026;EUR
Muster ausgewogen cVV;23.08.2017;-0,0022160017;-3.096,21;0,7710295657;640.936,93;-0,002130626;EUR
Muster ausgewogen cVV;24.08.2017;0,0002138397;298,12;0,7714203036;641.235,05;0,000011462;EUR
Muster ausgewogen cVV;25.08.2017;-0,0034742399;-4.844,51;0,7656240982;636.390,54;-0,001091267;EUR
Muster ausgewogen cVV;26.08.2017;0,0000131484;18,27;0,7656460790;636.408,82;0;EUR
Muster ausgewogen cVV;27.08.2017;0,0000131482;18,27;0,7656680598;636.427,09;0;EUR
Muster ausgewogen cVV;28.08.2017;-0,0020752977;-2.883,83;0,7622302764;633.543,25;-0,001864829;EUR
Muster ausgewogen cVV;29.08.2017;-0,0036781661;-5.100,57;0,7561250613;628.442,68;-0,004862004;EUR
Muster ausgewogen cVV;30.08.2017;0,0057652034;7.965,29;0,7657404507;636.407,97;0,003479009;EUR
Muster ausgewogen cVV;31.08.2017;0,0042292042;5.876,82;0,7728436078;642.284,79;0,003089570;EUR
Muster ausgewogen cVV;01.09.2017;0,0026700838;3.725,99;0,7773591822;646.010,78;0,002577090;EUR
Muster ausgewogen cVV;02.09.2017;0,0000130580;18,27;0,7773811676;646.029,05;0;EUR
Muster ausgewogen cVV;03.09.2017;0,0000130578;18,27;0,7774031529;646.047,32;0;EUR
Muster ausgewogen cVV;04.09.2017;-0,0025585467;-3.579,97;0,7731272911;642.467,35;-0,001437383;EUR
Muster ausgewogen cVV;05.09.2017;-0,0000714093;-99,66;0,7730393249;642.367,69;-0,000523891;EUR
Muster ausgewogen cVV;06.09.2017;0,0004346666;606,59;0,7738012823;642.974,29;0,001927538;EUR
Muster ausgewogen cVV;07.09.2017;0,0005984729;835,56;0,7748388343;643.809,84;0,001710134;EUR
Muster ausgewogen cVV;08.09.2017;-0,0005669660;-792,04;0,7739175151;643.017,80;-0,000382520;EUR
Muster ausgewogen cVV;09.09.2017;0,0000130860;18,27;0,7739395050;643.036,07;0;EUR
Muster ausgewogen cVV;10.09.2017;0,0000130858;18,27;0,7739614949;643.054,34;0;EUR
Muster ausgewogen cVV;11.09.2017;0,0045724874;6.384,23;0,7816775789;649.438,57;0,006397133;EUR
Muster ausgewogen cVV;12.09.2017;0,0006478174;908,64;0,7828034631;650.347,21;0,001344014;EUR
Muster ausgewogen cVV;13.09.2017;0,0034416810;4.830,47;0,7886501957;655.177,67;0,000993616;EUR
Muster ausgewogen cVV;14.09.2017;-0,0010199147;-1.436,40;0,7869535250;653.741,27;0,000022079;EUR
Muster ausgewogen cVV;15.09.2017;-0,0028328464;-3.985,57;0,7821879446;649.755,70;-0,002409257;EUR
Muster ausgewogen cVV;16.09.2017;0,0000130232;18,27;0,7822099390;649.773,98;0;EUR
Muster ausgewogen cVV;17.09.2017;0,0000130230;18,27;0,7822319334;649.792,25;0;EUR
Muster ausgewogen cVV;18.09.2017;0,0008632005;1.211,04;0,7837219667;651.003,29;0,001278897;EUR
Muster ausgewogen cVV;19.09.2017;0,0003415008;479,53;0,7843314134;651.482,81;0,000348526;EUR
Muster ausgewogen cVV;20.09.2017;0,0004023576;565,17;0,7850439972;652.047,99;0,000416063;EUR
Muster ausgewogen cVV;21.09.2017;0,0001429136;200,83;0,7853179297;652.248,81;0,000637814;EUR
Muster ausgewogen cVV;22.09.2017;-0,0010118447;-1.422,07;0,7836377877;650.826,74;-0,000708794;EUR
Muster ausgewogen cVV;23.09.2017;0,0000130132;18,27;0,7836597866;650.845,01;0;EUR
Muster ausgewogen cVV;24.09.2017;0,0000130131;18,27;0,7836817855;650.863,28;0;EUR
Muster ausgewogen cVV;25.09.2017;0,0043200112;6.065,45;0,7910173064;656.928,73;0,002699962;EUR
Muster ausgewogen cVV;26.09.2017;0,0026927769;3.797,09;0,7956219197;660.725,82;0,001451773;EUR
Muster ausgewogen cVV;27.09.2017;0,0000755877;106,87;0,7957830780;660.832,69;0,001915966;EUR
Muster ausgewogen cVV;28.09.2017;-0,0005878960;-831,29;0,7948144295;660.001,41;0,000072473;EUR
Muster ausgewogen cVV;29.09.2017;0,0004058204;573,49;0,7955374683;660.574,90;0,002831568;EUR
Muster ausgewogen cVV;30.09.2017;0,0000129235;18,27;0,7955594717;660.593,17;0;EUR
Muster ausgewogen cVV;01.10.2017;0,0000129233;18,27;0,7955814751;660.611,44;0;EUR
Muster ausgewogen cVV;02.10.2017;0,0055534092;7.851,32;0,8050696656;668.462,76;0,004211272;EUR
Muster ausgewogen cVV;03.10.2017;0,0009686630;1.377,09;0,8067609751;669.839,85;0,000229937;EUR
Muster ausgewogen cVV;04.10.2017;0,0014318077;2.037,48;0,8092478106;671.877,33;0,001380751;EUR
Muster ausgewogen cVV;05.10.2017;0,0020440321;2.912,85;0,8127892050;674.790,17;0,001312988;EUR
Muster ausgewogen cVV;06.10.2017;-0,0013731709;-1.960,84;0,8104602361;672.829,34;-0,000986294;EUR
Muster ausgewogen cVV;07.10.2017;0,0000128124;18,27;0,8104822440;672.847,61;0;EUR
Muster ausgewogen cVV;08.10.2017;0,0000128123;18,27;0,8105042518;672.865,88;0;EUR
Muster ausgewogen cVV;09.10.2017;0,0009323649;1.329,59;0,8121387263;674.195,47;0,000606774;EUR
Muster ausgewogen cVV;10.10.2017;0,0002556027;364,84;0,8126111169;674.560,31;-0,001094453;EUR
Muster ausgewogen cVV;11.10.2017;-0,0005982340;-854,12;0,8116150371;673.706,19;0,000021053;EUR
Muster ausgewogen cVV;12.10.2017;0,0020214430;2.884,35;0,8151227734;676.590,54;0,000476442;EUR
Muster ausgewogen cVV;13.10.2017;0,0021012121;3.004,23;0,8187751974;679.594,78;0,001699269;EUR
Muster ausgewogen cVV;14.10.2017;0,0000127519;18,27;0,8187972098;679.613,05;0;EUR
Muster ausgewogen cVV;15.10.2017;0,0000127518;18,27;0,8188192221;679.631,32;0;EUR
Muster ausgewogen cVV;16.10.2017;0,0023780004;3.407,21;0,8229574347;683.038,52;0,001996584;EUR
Muster ausgewogen cVV;17.10.2017;-0,0006470956;-929,37;0,8218708311;682.109,16;0,000527807;EUR
Muster ausgewogen cVV;18.10.2017;0,0002051502;294,45;0,8222587394;682.403,61;0,000244081;EUR
Muster ausgewogen cVV;19.10.2017;-0,0033488578;-4.807,54;0,8164987888;677.596,07;-0,002183164;EUR
Muster ausgewogen cVV;20.10.2017;0,0016135506;2.308,62;0,8193136123;679.904,68;0,000858633;EUR
Muster ausgewogen cVV;21.10.2017;0,0000127492;18,27;0,8193356291;679.922,95;0;EUR
Muster ausgewogen cVV;22.10.2017;0,0000127490;18,27;0,8193576458;679.941,23;0;EUR
Muster ausgewogen cVV;23.10.2017;0,0013519892;1.937,55;0,8217255043;681.878,78;0,000845524;EUR
Muster ausgewogen cVV;24.10.2017;-0,0012301764;-1.765,37;0,8196309924;680.113,41;-0,000769949;EUR
Muster ausgewogen cVV;25.10.2017;-0,0037231866;-5.336,39;0,8132325318;674.777,02;-0,003293785;EUR
Muster ausgewogen cVV;26.10.2017;0,0091503351;13.066,21;0,8290129989;687.843,24;0,006920090;EUR
Muster ausgewogen cVV;27.10.2017;0,0106320921;15.321,01;0,8475123696;703.164,25;0,006603200;EUR
Muster ausgewogen cVV;28.10.2017;0,0000125456;18,27;0,8475343908;703.182,52;0;EUR
Muster ausgewogen cVV;29.10.2017;0,0000125454;18,27;0,8475564120;703.200,79;0;EUR
Muster ausgewogen cVV;30.10.2017;0,0003040866;442,86;0,8481241330;703.643,65;-0,000380096;EUR
Muster ausgewogen cVV;31.10.2017;0,0001808930;263,53;0,8484757022;703.907,18;-0,000183253;EUR
Muster ausgewogen cVV;01.11.2017;0,0052323063;7.623,89;0,8576996536;711.531,07;0,005787020;EUR
Muster ausgewogen cVV;02.11.2017;-0,0016095135;-2.357,46;0,8548920358;709.173,61;-0,001314760;EUR
Muster ausgewogen cVV;03.11.2017;0,0031795918;4.649,66;0,8605314222;713.823,27;0,002223049;EUR
Muster ausgewogen cVV;04.11.2017;0,0000124544;18,27;0,8605534478;713.841,54;0;EUR
Muster ausgewogen cVV;05.11.2017;0,0000124542;18,27;0,8605754734;713.859,81;0;EUR
Muster ausgewogen cVV;06.11.2017;0,0027444686;4.026,22;0,8654636800;717.886,03;0,001225601;EUR
Muster ausgewogen cVV;07.11.2017;-0,0005112416;-752,07;0,8645914422;717.133,97;-0,001288377;EUR
Muster ausgewogen cVV;08.11.2017;0,0006059834;890,98;0,8657000755;718.024,95;0,000380523;EUR
Muster ausgewogen cVV;09.11.2017;-0,0067086124;-9.869,69;0,8538344469;708.155,26;-0,006502130;EUR
Muster ausgewogen cVV;10.11.2017;-0,0044961619;-6.570,37;0,8459460563;701.584,89;-0,002551278;EUR
Muster ausgewogen cVV;11.11.2017;0,0000125592;18,27;0,8459680863;701.603,16;0;EUR
Muster ausgewogen cVV;12.11.2017;0,0000125590;18,27;0,8459901163;701.621,43;0;EUR
Muster ausgewogen cVV;13.11.2017;-0,0012305663;-1.790,22;0,8438650291;699.831,21;-0,001635307;EUR
Muster ausgewogen cVV;14.11.2017;-0,0045485952;-6.609,12;0,8359288199;693.222,09;-0,003030245;EUR
Muster ausgewogen cVV;15.11.2017;-0,0050027216;-7.235,91;0,8272361095;685.986,18;-0,003243354;EUR
Muster ausgewogen cVV;16.11.2017;0,0054284797;7.812,44;0,8366903244;693.798,62;0,003812432;EUR
Muster ausgewogen cVV;17.11.2017;-0,0015773821;-2.282,43;0,8339708146;691.516,20;-0,001394928;EUR
Muster ausgewogen cVV;18.11.2017;0,0000128363;18,54;0,8339931794;691.534,74;0;EUR
Muster ausgewogen cVV;19.11.2017;0,0000128362;18,54;0,8340155441;691.553,28;0;EUR
Muster ausgewogen cVV;20.11.2017;0,0014527170;2.098,78;0,8365797472;693.652,06;0,002370713;EUR
Muster ausgewogen cVV;21.11.2017;0,0055345870;8.007,57;0,8462707170;701.659,64;0,004060751;EUR
Muster ausgewogen cVV;22.11.2017;-0,0028899935;-4.204,45;0,8412329299;697.455,18;-0,004239659;EUR
Muster ausgewogen cVV;23.11.2017;-0,0016086867;-2.333,61;0,8384513239;695.121,58;-0,000937858;EUR
Muster ausgewogen cVV;24.11.2017;0,0004718012;683,31;0,8393085937;695.804,88;-0,000339589;EUR
Muster ausgewogen cVV;25.11.2017;0,0000127984;18,54;0,8393309628;695.823,43;0;EUR
Muster ausgewogen cVV;26.11.2017;0,0010778117;1.561,74;0,8412148036;697.385,17;0;EUR
Muster ausgewogen cVV;27.11.2017;-0,0004497673;-652,41;0,8404609234;696.732,76;-0,000754500;EUR
Muster ausgewogen cVV;28.11.2017;0,0030901725;4.480,46;0,8458989225;701.213,22;0,003607574;EUR
Muster ausgewogen cVV;29.11.2017;-0,0034989754;-5.088,86;0,8397930547;696.124,36;-0,000613130;EUR
Muster ausgewogen cVV;30.11.2017;-0,0023401517;-3.391,57;0,8357343360;692.732,78;-0,000697698;EUR
Muster ausgewogen cVV;01.12.2017;-0,0030019491;-4.340,53;0,8305303715;688.392,25;-0,001870402;EUR
Muster ausgewogen cVV;02.12.2017;0,0000128642;18,54;0,8305527451;688.410,79;0;EUR
Muster ausgewogen cVV;03.12.2017;0,0000128640;18,54;0,8305751186;688.429,34;0;EUR
Muster ausgewogen cVV;04.12.2017;0,0049013032;7.065,73;0,8391326650;695.495,07;0,004118323;EUR
Muster ausgewogen cVV;05.12.2017;0,0008898625;1.289,11;0,8407209504;696.784,18;-0,000261507;EUR
Muster ausgewogen cVV;06.12.2017;0,0000287503;41,69;0,8408041601;696.825,87;-0,000091403;EUR
Muster ausgewogen cVV;07.12.2017;0,0011194693;1.623,23;0,8427957429;698.449,10;0,001751395;EUR
Muster ausgewogen cVV;08.12.2017;0,0029130798;4.228,69;0,8479315002;702.677,78;0,003775460;EUR
Muster ausgewogen cVV;09.12.2017;0,0000127379;18,54;0,8479538781;702.696,33;0;EUR
Muster ausgewogen cVV;10.12.2017;0,0000127378;18,54;0,8479762561;702.714,87;0;EUR
Muster ausgewogen cVV;11.12.2017;-0,0011276506;-1.641,73;0,8460281893;701.073,14;-0,000656601;EUR
Muster ausgewogen cVV;12.12.2017;0,0023238901;3.379,51;0,8501396166;704.452,65;0,002542605;EUR
Muster ausgewogen cVV;13.12.2017;-0,0005229812;-762,31;0,8492527604;703.690,34;-0,001475632;EUR
Muster ausgewogen cVV;14.12.2017;-0,0012678083;-1.847,02;0,8470566648;701.843,31;-0,002640121;EUR
Muster ausgewogen cVV;15.12.2017;0,0011774726;1.713,24;0,8491574291;703.556,56;0,001887309;EUR
Muster ausgewogen cVV;16.12.2017;0,0000127302;18,54;0,8491798114;703.575,10;0;EUR
Muster ausgewogen cVV;17.12.2017;0,0000127301;18,54;0,8492021937;703.593,64;0;EUR
Muster ausgewogen cVV;18.12.2017;0,0065262938;9.507,28;0,8607104770;713.100,93;0,004980539;EUR
Muster ausgewogen cVV;19.12.2017;-0,0044856379;-6.577,17;0,8528049906;706.523,76;-0,003720605;EUR
Muster ausgewogen cVV;20.12.2017;-0,0053900671;-7.867,86;0,8433408835;698.655,90;-0,005262997;EUR
Muster ausgewogen cVV;21.12.2017;0,0017283577;2.509,28;0,8464026438;701.165,18;0,001566647;EUR
Muster ausgewogen cVV;22.12.2017;0,0003171406;461,23;0,8469922415;701.626,40;-0,000474593;EUR
Muster ausgewogen cVV;23.12.2017;0,0000127471;18,54;0,8470146282;701.644,95;0;EUR
Muster ausgewogen cVV;24.12.2017;0,0000127470;18,54;0,8470370148;701.663,49;0;EUR
Muster ausgewogen cVV;25.12.2017;-0,0000596441;-86,77;0,8469650674;701.576,72;0,000041827;EUR
Muster ausgewogen cVV;26.12.2017;0,0001636882;238,13;0,8472853279;701.814,85;-0,000721153;EUR
Muster ausgewogen cVV;27.12.2017;0,0008755550;1.273,92;0,8488561269;703.088,77;0,000260702;EUR
Muster ausgewogen cVV;28.12.2017;-0,0017659465;-2.571,68;0,8457839535;700.517,09;-0,002803470;EUR
Muster ausgewogen cVV;29.12.2017;-0,0040540831;-5.893,38;0,8387008382;694.623,71;-0,003053984;EUR
Muster ausgewogen cVV;30.12.2017;0,0000128088;18,54;0,8387232292;694.642,26;0;EUR
Muster ausgewogen cVV;31.12.2017;0,0000128086;18,54;0,8387456202;694.660,80;0;EUR
Muster ausgewogen cVV;01.01.2018;-0,0001093655;-156,43;0,8385966322;694.504,37;0,000002697;EUR
Muster ausgewogen cVV;02.01.2018;0,0001143487;163,54;0,8388339692;694.667,91;-0,000269126;EUR
Muster ausgewogen cVV;03.01.2018;0,0050029015;7.155,88;0,8475151680;701.823,79;0,003955973;EUR
Muster ausgewogen cVV;04.01.2018;0,0052836113;7.595,20;0,8567277012;709.418,98;0,004481110;EUR
Muster ausgewogen cVV;05.01.2018;0,0063633042;9.195,59;0,8678738718;718.614,57;0,005545139;EUR
Muster ausgewogen cVV;06.01.2018;0,0000127516;18,54;0,8678962681;718.633,11;0;EUR
Muster ausgewogen cVV;07.01.2018;0,0000127514;18,54;0,8679186644;718.651,66;0;EUR
Muster ausgewogen cVV;08.01.2018;0,0030035774;4.368,19;0,8732355143;723.019,85;0,002649718;EUR
Muster ausgewogen cVV;09.01.2018;0,0023642307;3.448,70;0,8774422519;726.468,54;0,001419323;EUR
Muster ausgewogen cVV;10.01.2018;-0,0043525303;-6.364,03;0,8697967936;720.104,51;-0,003267536;EUR
Muster ausgewogen cVV;11.01.2018;-0,0034979314;-5.092,22;0,8636868374;715.012,29;-0,003197629;EUR
Muster ausgewogen cVV;12.01.2018;-0,0007650474;-1.109,85;0,8623869420;713.902,44;0,000040013;EUR
Muster ausgewogen cVV;13.01.2018;0,0000127930;18,54;0,8624093436;713.920,98;0;EUR
Muster ausgewogen cVV;14.01.2018;0,0000127929;18,54;0,8624317452;713.939,53;0;EUR
Muster ausgewogen cVV;15.01.2018;-0,0028445985;-4.123,58;0,8574909659;709.815,95;-0,002149717;EUR
Muster ausgewogen cVV;16.01.2018;0,0027015987;3.905,14;0,8622492137;713.721,09;0,001481424;EUR
Muster ausgewogen cVV;17.01.2018;-0,0010855377;-1.573,38;0,8603889441;712.147,72;-0,000046732;EUR
Muster ausgewogen cVV;18.01.2018;0,0012201730;1.766,60;0,8625638796;713.914,31;0,001361772;EUR
Muster ausgewogen cVV;19.01.2018;0,0048195138;6.986,33;0,8710458513;720.900,64;0,004755716;EUR
Muster ausgewogen cVV;20.01.2018;0,0000102864;14,98;0,8710639547;720.915,62;0;EUR
Muster ausgewogen cVV;21.01.2018;0,0000102862;14,98;0,8710820582;720.930,61;0;EUR
Muster ausgewogen cVV;22.01.2018;0,0014377446;2.094,23;0,8736535216;723.024,84;0,001819821;EUR
Muster ausgewogen cVV;23.01.2018;0,0046101541;6.724,84;0,8818207671;729.749,68;0,001962361;EUR
Muster ausgewogen cVV;24.01.2018;-0,0055583375;-8.145,34;0,8720189558;721.604,34;-0,004563063;EUR
Muster ausgewogen cVV;25.01.2018;-0,0043652945;-6.361,46;0,8643720047;715.242,88;-0,005306067;EUR
Muster ausgewogen cVV;26.01.2018;0,0048327525;7.011,94;0,8728868330;722.254,81;0,003169338;EUR
Muster ausgewogen cVV;27.01.2018;0,0000102768;14,98;0,8729049406;722.269,80;0;EUR
Muster ausgewogen cVV;28.01.2018;0,0000102767;14,98;0,8729230483;722.284,78;0;EUR
Muster ausgewogen cVV;29.01.2018;0,0003814063;556,08;0,8736359927;722.840,86;-0,001412745;EUR
Muster ausgewogen cVV;30.01.2018;-0,0064134905;-9.354,19;0,8623707151;713.486,66;-0,005335950;EUR
Muster ausgewogen cVV;31.01.2018;-0,0009583626;-1.388,82;0,8607323094;712.097,84;-0,001292228;EUR
Muster ausgewogen cVV;01.02.2018;-0,0058912489;-8.529,20;0,8504625407;703.568,64;-0,003631533;EUR
Muster ausgewogen cVV;02.02.2018;-0,0073558044;-10.586,81;0,8377044603;692.981,83;-0,008888118;EUR
Muster ausgewogen cVV;03.02.2018;0,0000104874;14,98;0,8377225722;692.996,81;0;EUR
Muster ausgewogen cVV;04.02.2018;0,0000104873;14,98;0,8377406841;693.011,79;0;EUR
Muster ausgewogen cVV;05.02.2018;-0,0093787836;-13.399,36;0,8215812947;679.612,43;-0,008872406;EUR
Muster ausgewogen cVV;06.02.2018;-0,0127801663;-18.087,64;0,7997524657;661.524,79;-0,004214566;EUR
Muster ausgewogen cVV;07.02.2018;0,0109612762;15.315,12;0,8183058155;676.839,91;0,004669199;EUR
Muster ausgewogen cVV;08.02.2018;-0,0173637028;-24.526,53;0,7886896971;652.313,38;-0,013172990;EUR
Muster ausgewogen cVV;09.02.2018;-0,0098367966;-13.653,38;0,7722177521;638.660,00;-0,001959416;EUR
Muster ausgewogen cVV;10.02.2018;0,0000109019;14,98;0,7722358683;638.674,98;0;EUR
Muster ausgewogen cVV;11.02.2018;0,0000109018;14,98;0,7722539844;638.689,96;0;EUR
Muster ausgewogen cVV;12.02.2018;0,0101584299;13.961,41;0,7891716808;652.651,38;0,006288962;EUR
Muster ausgewogen cVV;13.02.2018;-0,0048292698;-6.704,61;0,7811008542;645.946,76;-0,002786702;EUR
Muster ausgewogen cVV;14.02.2018;0,0074352565;10.272,73;0,7935597810;656.219,49;0,004757455;EUR
Muster ausgewogen cVV;15.02.2018;0,0027147144;3.778,60;0,7981661845;659.998,09;0,001605952;EUR
Muster ausgewogen cVV;16.02.2018;0,0073600449;10.272,23;0,8106263949;670.270,33;0,004439422;EUR
Muster ausgewogen cVV;17.02.2018;0,0000067984;9,56;0,8106379546;670.279,89;0;EUR
Muster ausgewogen cVV;18.02.2018;0,0000106567;14,98;0,8106560749;670.294,87;0;EUR
Muster ausgewogen cVV;19.02.2018;-0,0019683028;-2.767,38;0,8073465443;667.527,49;-0,000766890;EUR
Muster ausgewogen cVV;20.02.2018;0,0033935996;4.761,91;0,8131434626;672.289,40;0,002245424;EUR
Muster ausgewogen cVV;21.02.2018;0,0020668670;2.910,08;0,8167009610;675.199,48;-0,000820521;EUR
Muster ausgewogen cVV;22.02.2018;-0,0021048336;-2.969,66;0,8131464711;672.229,82;-0,000059747;EUR
Muster ausgewogen cVV;23.02.2018;0,0032959135;4.640,34;0,8187972985;676.870,16;0,004384914;EUR
Muster ausgewogen cVV;24.02.2018;0,0000106070;14,98;0,8188154230;676.885,15;0;EUR
Muster ausgewogen cVV;25.02.2018;0,0000106069;14,98;0,8188335475;676.900,13;0;EUR
Muster ausgewogen cVV;26.02.2018;0,0057031016;8.056,07;0,8286170043;684.956,20;0,003419935;EUR
Muster ausgewogen cVV;27.02.2018;-0,0001576162;-223,91;0,8283842609;684.732,29;-0,002329706;EUR
Muster ausgewogen cVV;28.02.2018;-0,0021590157;-3.066,69;0,8247121412;681.665,60;-0,002420459;EUR
Muster ausgewogen cVV;01.03.2018;-0,0118735122;-16.828,84;0,8043887687;664.836,76;-0,007642115;EUR
Muster ausgewogen cVV;02.03.2018;-0,0130316335;-18.250,98;0,7823427564;646.585,78;-0,008413020;EUR
Muster ausgewogen cVV;03.03.2018;0,0000108394;14,98;0,7823608851;646.600,76;0;EUR
Muster ausgewogen cVV;04.03.2018;0,0000108393;14,98;0,7823790137;646.615,74;0;EUR
Muster ausgewogen cVV;05.03.2018;0,0080424000;11.116,95;0,7958666010;657.732,70;0,005460988;EUR
Muster ausgewogen cVV;06.03.2018;0,0012474115;1.738,16;0,7980063872;659.470,85;-0,000406098;EUR
Muster ausgewogen cVV;07.03.2018;0,0023266944;3.246,08;0,8019711218;662.716,94;0,002610570;EUR
Muster ausgewogen cVV;08.03.2018;0,0079748667;11.152,01;0,8155037922;673.868,94;0,005427316;EUR
Muster ausgewogen cVV;09.03.2018;0,0043794444;6.173,03;0,8230119270;680.041,97;0,002659301;EUR
Muster ausgewogen cVV;10.03.2018;0,0000105832;14,98;0,8230300598;680.056,95;0;EUR
Muster ausgewogen cVV;11.03.2018;0,0000105831;14,98;0,8230481927;680.071,94;0;EUR
Muster ausgewogen cVV;12.03.2018;0,0035745559;5.060,67;0,8292107103;685.132,61;0,002646165;EUR
Muster ausgewogen cVV;13.03.2018;-0,0077436558;-11.002,26;0,8159320236;674.130,35;-0,006547402;EUR
Muster ausgewogen cVV;14.03.2018;-0,0009800660;-1.381,70;0,8142968433;672.748,64;0,000267920;EUR
Muster ausgewogen cVV;15.03.2018;0,0039665182;5.586,55;0,8210962581;678.335,19;0,002834765;EUR
Muster ausgewogen cVV;16.03.2018;0,0009308799;1.316,28;0,8227270424;679.651,47;0,001882615;EUR
Muster ausgewogen cVV;17.03.2018;0,0000105861;14,98;0,8227451793;679.666,45;0;EUR
Muster ausgewogen cVV;18.03.2018;0,0000105860;14,98;0,8227633163;679.681,43;0;EUR
Muster ausgewogen cVV;19.03.2018;-0,0124259341;-17.587,15;0,8015103286;662.094,28;-0,007392999;EUR
Muster ausgewogen cVV;20.03.2018;0,0057352094;8.016,51;0,8112517707;670.110,79;0,002836088;EUR
Muster ausgewogen cVV;21.03.2018;-0,0003772168;-530,29;0,8106466435;669.580,51;-0,000182863;EUR
Muster ausgewogen cVV;22.03.2018;-0,0110994454;-15.597,58;0,7917989545;653.982,92;-0,008187599;EUR
Muster ausgewogen cVV;23.03.2018;-0,0137468845;-19.103,50;0,7687046017;634.879,43;-0,010082114;EUR
Muster ausgewogen cVV;24.03.2018;0,0000109320;14,98;0,7687227428;634.894,41;0;EUR
Muster ausgewogen cVV;25.03.2018;0,0000109318;14,98;0,7687408839;634.909,39;0;EUR
Muster ausgewogen cVV;26.03.2018;-0,0021581263;-2.957,90;0,7651941967;631.951,49;0,000188405;EUR
Muster ausgewogen cVV;27.03.2018;0,0082755079;11.317,82;0,7789336028;643.269,32;0,003713106;EUR
Muster ausgewogen cVV;28.03.2018;-0,0068997685;-9.514,41;0,7674473695;633.754,90;-0,000381829;EUR
Muster ausgewogen cVV;29.03.2018;0,0077173771;10.568,42;0,7802805371;644.323,33;0,006725314;EUR
Muster ausgewogen cVV;30.03.2018;-0,0001045703;-144,31;0,7801410494;644.179,02;0,000159382;EUR
Muster ausgewogen cVV;31.03.2018;0,0000108583;14,98;0,7801591946;644.194,00;0;EUR
Muster ausgewogen cVV;01.04.2018;0,0000108582;14,98;0,7801773398;644.208,99;0;EUR
Muster ausgewogen cVV;02.04.2018;0,0001876853;258,98;0,7805262453;644.467,97;-0,003638198;EUR
Muster ausgewogen cVV;03.04.2018;-0,0031369520;-4.329,45;0,7753177714;640.138,52;-0,000225767;EUR
Muster ausgewogen cVV;04.04.2018;-0,0031708616;-4.362,52;0,7700687407;635.776,00;0,000331570;EUR
Muster ausgewogen cVV;05.04.2018;0,0149453103;20.496,79;0,7949308259;656.272,79;0,010670688;EUR
Muster ausgewogen cVV;06.04.2018;-0,0037349791;-5.198,90;0,7886690071;651.073,89;-0,004696405;EUR
Muster ausgewogen cVV;07.04.2018;0,0000108043;14,98;0,7886871564;651.088,87;0;EUR
Muster ausgewogen cVV;08.04.2018;0,0000108042;14,98;0,7887053057;651.103,86;0;EUR
Muster ausgewogen cVV;09.04.2018;0,0016600702;2.302,15;0,7915296034;653.406,01;0,000216833;EUR
Muster ausgewogen cVV;10.04.2018;0,0048856584;6.786,59;0,7997867669;660.192,60;0,005040184;EUR
Muster ausgewogen cVV;11.04.2018;-0,0023427861;-3.270,22;0,7958608267;656.922,37;-0,003115182;EUR
Muster ausgewogen cVV;12.04.2018;0,0035805001;4.986,20;0,8019376071;661.908,57;0,004813156;EUR
Muster ausgewogen cVV;13.04.2018;0,0012751436;1.782,12;0,8041328145;663.690,70;0,000329720;EUR
Muster ausgewogen cVV;14.04.2018;0,0000107069;14,98;0,8041509679;663.705,68;0;EUR
Muster ausgewogen cVV;15.04.2018;0,0000107068;14,98;0,8041691212;663.720,66;0;EUR
Muster ausgewogen cVV;16.04.2018;-0,0016579518;-2.320,13;0,8013939484;661.400,53;-0,000558645;EUR
Muster ausgewogen cVV;17.04.2018;0,0066331773;9.267,06;0,8126588952;670.667,59;0,006660714;EUR
Muster ausgewogen cVV;18.04.2018;0,0033528812;4.715,31;0,8184091352;675.382,90;-0,000233434;EUR
Muster ausgewogen cVV;19.04.2018;-0,0033887092;-4.781,67;0,8126511846;670.601,23;-0,002107785;EUR
Muster ausgewogen cVV;20.04.2018;-0,0008982962;-1.263,25;0,8111565856;669.337,97;-0,000627584;EUR
Muster ausgewogen cVV;21.04.2018;0,0000106639;14,98;0,8111747431;669.352,96;0;EUR
Muster ausgewogen cVV;22.04.2018;0,0000106637;14,98;0,8111929005;669.367,94;0;EUR
Muster ausgewogen cVV;23.04.2018;0,0016372304;2.300,38;0,8140170294;671.668,32;0,001103723;EUR
Muster ausgewogen cVV;24.04.2018;0,0002540422;357,53;0,8144866622;672.025,85;-0,002234035;EUR
Muster ausgewogen cVV;25.04.2018;-0,0052398241;-7.376,12;0,8055828155;664.649,73;-0,002247841;EUR
Muster ausgewogen cVV;26.04.2018;0,0055803196;7.814,27;0,8150903411;672.464,00;0,005325116;EUR
Muster ausgewogen cVV;27.04.2018;0,0028283608;3.982,73;0,8199542854;676.446,73;0,002777292;EUR
Muster ausgewogen cVV;28.04.2018;0,0000106102;14,98;0,8199724469;676.461,72;0;EUR
Muster ausgewogen cVV;29.04.2018;0,0000106101;14,98;0,8199906084;676.476,70;0;EUR
Muster ausgewogen cVV;30.04.2018;0,0022778850;3.216,72;0,8239264008;679.693,42;0,000116230;EUR
Muster ausgewogen cVV;01.05.2018;0,0002438343;345,12;0,8243813863;680.038,54;0,001604447;EUR
Muster ausgewogen cVV;02.05.2018;0,0040561575;5.742,37;0,8313795263;685.780,91;0,003478531;EUR
Muster ausgewogen cVV;03.05.2018;-0,0034509360;-4.905,36;0,8254693312;680.875,54;-0,001918030;EUR
Muster ausgewogen cVV;04.05.2018;0,0048859638;6.921,23;0,8338973507;687.796,77;0,004864261;EUR
Muster ausgewogen cVV;05.05.2018;0,0000105256;14,98;0,8339155162;687.811,75;0;EUR
Muster ausgewogen cVV;06.05.2018;0,0000105255;14,98;0,8339336817;687.826,74;0;EUR
Muster ausgewogen cVV;07.05.2018;0,0053291404;7.586,05;0,8431685037;695.412,79;0,004041222;EUR
Muster ausgewogen cVV;08.05.2018;-0,0014024143;-2.006,98;0,8407723141;693.405,81;-0,000043989;EUR
Muster ausgewogen cVV;09.05.2018;0,0008687133;1.241,46;0,8423148783;694.647,27;0,002337407;EUR
Muster ausgewogen cVV;10.05.2018;0,0029362139;4.199,74;0,8474448502;698.847,01;0,003036947;EUR
Muster ausgewogen cVV;11.05.2018;0,0014942618;2.143,55;0,8500817384;700.990,56;-0,001022296;EUR
Muster ausgewogen cVV;12.05.2018;0,0000104289;14,98;0,8500999080;701.005,55;0;EUR
Muster ausgewogen cVV;13.05.2018;0,0000104288;14,98;0,8501180775;701.020,53;0;EUR
Muster ausgewogen cVV;14.05.2018;-0,0002203324;-316,55;0,8497717010;700.703,98;-0,001383950;EUR
Muster ausgewogen cVV;15.05.2018;-0,0017234212;-2.475,49;0,8468069166;698.228,49;-0,000182772;EUR
Muster ausgewogen cVV;16.05.2018;0,0036557367;5.241,98;0,8532019511;703.470,47;0,002959228;EUR
Muster ausgewogen cVV;17.05.2018;0,0016491422;2.373,36;0,8561181654;705.843,83;0,002188538;EUR
Muster ausgewogen cVV;18.05.2018;-0,0003655774;-526,99;0,8555166197;705.316,84;0,000118903;EUR
Muster ausgewogen cVV;19.05.2018;0,0000103976;14,98;0,8555347932;705.331,82;0;EUR
Muster ausgewogen cVV;20.05.2018;0,0000103975;14,98;0,8555529668;705.346,81;0;EUR
Muster ausgewogen cVV;21.05.2018;0,0002420542;348,81;0,8560136823;705.695,61;0,001633191;EUR
Muster ausgewogen cVV;22.05.2018;0,0015275469;2.201,76;0,8587221583;707.897,38;0,001325368;EUR
Muster ausgewogen cVV;23.05.2018;-0,0035240210;-5.087,19;0,8525885156;702.810,19;-0,002043137;EUR
Muster ausgewogen cVV;24.05.2018;-0,0009470179;-1.362,27;0,8509732456;701.447,92;-0,002816632;EUR
Muster ausgewogen cVV;25.05.2018;0,0033594818;4.828,00;0,8568679607;706.275,91;0,003154011;EUR
Muster ausgewogen cVV;26.05.2018;0,0000103907;14,98;0,8568861382;706.290,90;0;EUR
Muster ausgewogen cVV;27.05.2018;0,0000103906;14,98;0,8569043157;706.305,88;0;EUR
Muster ausgewogen cVV;28.05.2018;-0,0007232467;-1.042,91;0,8556765077;705.262,97;0,000395044;EUR
Muster ausgewogen cVV;29.05.2018;-0,0040477214;-5.832,52;0,8486371971;699.430,45;-0,004800581;EUR
Muster ausgewogen cVV;30.05.2018;-0,0019617308;-2.815,29;0,8452582836;696.615,15;0,002229055;EUR
Muster ausgewogen cVV;31.05.2018;-0,0044313823;-6.347,03;0,8375935177;690.268,12;-0,005614689;EUR
Muster ausgewogen cVV;01.06.2018;0,0055447101;7.906,45;0,8472244486;698.174,57;0,003399210;EUR
Muster ausgewogen cVV;02.06.2018;0,0000104494;14,98;0,8472426301;698.189,55;0;EUR
Muster ausgewogen cVV;03.06.2018;0,0000104493;14,98;0,8472608116;698.204,53;0;EUR
Muster ausgewogen cVV;04.06.2018;0,0032502502;4.660,47;0,8529534354;702.865,01;0,001558083;EUR
Muster ausgewogen cVV;05.06.2018;0,0018953608;2.726,56;0,8562995403;705.591,57;0,001401180;EUR
Muster ausgewogen cVV;06.06.2018;-0,0016209150;-2.336,17;0,8535015546;703.255,39;-0,001408652;EUR
Muster ausgewogen cVV;07.06.2018;-0,0015855215;-2.281,46;0,8507697034;700.973,93;-0,001723194;EUR
Muster ausgewogen cVV;08.06.2018;-0,0013150693;-1.889,30;0,8485135717;699.084,64;0,001376397;EUR
Muster ausgewogen cVV;09.06.2018;0,0000104428;14,98;0,8485317571;699.099,62;0;EUR
Muster ausgewogen cVV;10.06.2018;0,0000104427;14,98;0,8485499426;699.114,60;0;EUR
Muster ausgewogen cVV;11.06.2018;0,0017896048;2.567,71;0,8517035099;701.682,31;0,000478914;EUR
Muster ausgewogen cVV;12.06.2018;-0,0010447824;-1.501,73;0,8499176138;700.180,58;0,000569307;EUR
Muster ausgewogen cVV;13.06.2018;0,0011727381;1.683,89;0,8519985725;701.864,47;0,000910019;EUR
Muster ausgewogen cVV;14.06.2018;0,0081060897;11.652,84;0,8661815979;713.517,31;0,008363645;EUR
Muster ausgewogen cVV;15.06.2018;-0,0036939592;-5.353,27;0,8597201912;708.164,05;-0,001362251;EUR
Muster ausgewogen cVV;16.06.2018;0,0000072936;10,53;0,8597329758;708.174,58;0;EUR
Muster ausgewogen cVV;17.06.2018;0,0000103770;14,98;0,8597511652;708.189,56;0;EUR
Muster ausgewogen cVV;18.06.2018;-0,0044304147;-6.396,93;0,8520220948;701.792,63;-0,004093725;EUR
Muster ausgewogen cVV;19.06.2018;-0,0059281866;-8.521,59;0,8417127368;693.271,04;-0,003267747;EUR
Muster ausgewogen cVV;20.06.2018;0,0022932425;3.276,92;0,8457278637;696.547,97;0,000977110;EUR
Muster ausgewogen cVV;21.06.2018;-0,0058775993;-8.418,05;0,8355430087;688.129,92;-0,004840755;EUR
Muster ausgewogen cVV;22.06.2018;-0,0004211360;-599,62;0,8348509694;687.530,30;0,001616038;EUR
Muster ausgewogen cVV;23.06.2018;0,0000105275;14,98;0,8348691628;687.545,29;0;EUR
Muster ausgewogen cVV;24.06.2018;0,0000105274;14,98;0,8348873561;687.560,27;0;EUR
Muster ausgewogen cVV;25.06.2018;-0,0112132952;-15.959,18;0,8155436865;671.601,09;-0,010659439;EUR
Muster ausgewogen cVV;26.06.2018;0,0006678721;939,88;0,8167202032;672.540,97;-0,000318485;EUR
Muster ausgewogen cVV;27.06.2018;0,0028354450;3.992,93;0,8216045067;676.533,90;0,002347289;EUR
Muster ausgewogen cVV;28.06.2018;-0,0050698001;-7.159,63;0,8129446004;669.374,27;-0,002621099;EUR
Muster ausgewogen cVV;29.06.2018;0,0049362221;6.935,65;0,8214031473;676.309,91;0,001662508;EUR
Muster ausgewogen cVV;30.06.2018;0,0000106112;14,98;0,8214213445;676.324,90;0;EUR
Muster ausgewogen cVV;01.07.2018;0,0000106111;14,98;0,8214395418;676.339,88;0;EUR
Muster ausgewogen cVV;02.07.2018;-0,0041540868;-5.865,64;0,8143504883;670.474,24;-0,000491033;EUR
Muster ausgewogen cVV;03.07.2018;0,0027547083;3.873,54;0,8190904026;674.347,78;0,001285732;EUR
Muster ausgewogen cVV;04.07.2018;-0,0025959034;-3.660,29;0,8146794099;670.687,49;-0,000724214;EUR
Muster ausgewogen cVV;05.07.2018;0,0007669928;1.078,67;0,8160246394;671.766,16;0,003495028;EUR
Muster ausgewogen cVV;06.07.2018;0,0030655432;4.314,58;0,8213009263;676.080,74;0,001931322;EUR
Muster ausgewogen cVV;07.07.2018;0,0000106129;14,98;0,8213191274;676.095,72;0;EUR
Muster ausgewogen cVV;08.07.2018;0,0000106128;14,98;0,8213373286;676.110,70;0;EUR
Muster ausgewogen cVV;09.07.2018;0,0048061962;6.785,33;0,8296156303;682.896,03;0,002890593;EUR
Muster ausgewogen cVV;10.07.2018;0,0030817516;4.371,69;0,8349622789;687.267,72;0,002548011;EUR
Muster ausgewogen cVV;11.07.2018;-0,0064880991;-9.232,21;0,8237812597;678.035,51;-0,006036971;EUR
Muster ausgewogen cVV;12.07.2018;0,0043684316;6.175,71;0,8313199483;684.211,22;0,004267502;EUR
Muster ausgewogen cVV;13.07.2018;0,0032668159;4.638,51;0,8369914749;688.849,74;0,002089855;EUR
Muster ausgewogen cVV;14.07.2018;0,0000105178;14,98;0,8370096799;688.864,72;0;EUR
Muster ausgewogen cVV;15.07.2018;0,0000105177;14,98;0,8370278850;688.879,70;0;EUR
Muster ausgewogen cVV;16.07.2018;-0,0003681053;-524,39;0,8364263835;688.355,31;-0,001146443;EUR
Muster ausgewogen cVV;17.07.2018;0,0027152599;3.866,62;0,8411605773;692.221,93;0,003505278;EUR
Muster ausgewogen cVV;18.07.2018;0,0041199290;5.882,84;0,8483452858;698.104,78;0,003564576;EUR
Muster ausgewogen cVV;19.07.2018;-0,0015302417;-2.194,03;0,8457150428;695.910,74;-0,001785114;EUR
Muster ausgewogen cVV;20.07.2018;-0,0028757861;-4.116,94;0,8407476079;691.793,80;-0,004688991;EUR
Muster ausgewogen cVV;21.07.2018;0,0000104961;14,98;0,8407658169;691.808,79;0;EUR
Muster ausgewogen cVV;22.07.2018;0,0000104960;14,98;0,8407840258;691.823,77;0;EUR
Muster ausgewogen cVV;23.07.2018;-0,0020101341;-2.869,47;0,8373322784;688.954,30;-0,000575015;EUR
Muster ausgewogen cVV;24.07.2018;0,0055684621;7.933,01;0,8470097375;696.887,31;0,004455475;EUR
Muster ausgewogen cVV;25.07.2018;0,0000268063;38,40;0,8470923332;696.925,71;-0,000203427;EUR
Muster ausgewogen cVV;26.07.2018;0,0045783862;6.559,01;0,8551008463;703.484,72;0,004875345;EUR
Muster ausgewogen cVV;27.07.2018;0,0007728335;1.112,23;0,8564890537;704.596,95;0,000428346;EUR
Muster ausgewogen cVV;28.07.2018;0,0000104028;14,98;0,8565072665;704.611,93;0;EUR
Muster ausgewogen cVV;29.07.2018;0,0000104027;14,98;0,8565254793;704.626,92;0;EUR
Muster ausgewogen cVV;30.07.2018;-0,0046966313;-6.764,58;0,8483385340;697.862,34;-0,004065057;EUR
Muster ausgewogen cVV;31.07.2018;-0,0007152787;-1.025,38;0,8471278707;696.836,96;0,001022541;EUR
Muster ausgewogen cVV;01.08.2018;0,0003469864;497,06;0,8477679522;697.334,02;-0,001845930;EUR
Muster ausgewogen cVV;02.08.2018;-0,0018813478;-2.695,99;0,8445260108;694.638,03;-0,002201883;EUR
Muster ausgewogen cVV;03.08.2018;0,0032586851;4.660,95;0,8502285536;699.298,98;0,003713670;EUR
Muster ausgewogen cVV;04.08.2018;0,0000104412;14,98;0,8502467702;699.313,96;0;EUR
Muster ausgewogen cVV;05.08.2018;0,0000104411;14,98;0,8502649869;699.328,94;0;EUR
Muster ausgewogen cVV;06.08.2018;0,0021233605;3.047,04;0,8540056590;702.375,98;0,000947128;EUR
Muster ausgewogen cVV;07.08.2018;0,0020825824;2.994,86;0,8576831811;705.370,84;0,001089087;EUR
Muster ausgewogen cVV;08.08.2018;-0,0006683151;-963,07;0,8565481963;704.407,77;-0,000323624;EUR
Muster ausgewogen cVV;09.08.2018;0,0016549733;2.383,30;0,8594823968;706.791,07;0,001943922;EUR
Muster ausgewogen cVV;10.08.2018;-0,0021847510;-3.151,43;0,8556861016;703.639,63;-0,003818255;EUR
Muster ausgewogen cVV;11.08.2018;0,0000104097;14,98;0,8557043221;703.654,62;0;EUR
Muster ausgewogen cVV;12.08.2018;0,0000104096;14,98;0,8557225426;703.669,60;0;EUR
Muster ausgewogen cVV;13.08.2018;-0,0011239554;-1.617,76;0,8537910566;702.051,84;-0,002364417;EUR
Muster ausgewogen cVV;14.08.2018;0,0010007376;1.438,79;0,8555767202;703.490,63;0,002040057;EUR
Muster ausgewogen cVV;15.08.2018;-0,0048563632;-6.989,12;0,8471121525;696.501,51;-0,004568004;EUR
Muster ausgewogen cVV;16.08.2018;0,0022832976;3.270,09;0,8511250210;699.771,60;0,001274313;EUR
Muster ausgewogen cVV;17.08.2018;-0,0003923647;-563,22;0,8504755870;699.208,38;0,000204558;EUR
Muster ausgewogen cVV;18.08.2018;0,0000104419;14,98;0,8504938113;699.223,36;0;EUR
Muster ausgewogen cVV;19.08.2018;0,0000104418;14,98;0,8505120356;699.238,34;0;EUR
Muster ausgewogen cVV;20.08.2018;0,0033904287;4.864,98;0,8564653349;704.103,32;0,002870484;EUR
Muster ausgewogen cVV;21.08.2018;-0,0005307360;-764,14;0,8555716008;703.339,18;-0,000656925;EUR
Muster ausgewogen cVV;22.08.2018;-0,0012779634;-1.839,01;0,8533701952;701.500,17;-0,001708516;EUR
Muster ausgewogen cVV;23.08.2018;0,0001809737;260,09;0,8537222269;701.760,26;-0,000758974;EUR
Muster ausgewogen cVV;24.08.2018;0,0009082349;1.305,53;0,8553461359;703.065,79;0,000825437;EUR
Muster ausgewogen cVV;25.08.2018;0,0000132322;19,04;0,8553692970;703.084,83;0;EUR
Muster ausgewogen cVV;26.08.2018;0,0000132320;19,04;0,8553924581;703.103,87;0;EUR
Muster ausgewogen cVV;27.08.2018;0,0015280800;2.198,57;0,8581029913;705.302,44;0,003651860;EUR
Muster ausgewogen cVV;28.08.2018;0,0010211267;1.471,42;0,8599290016;706.773,86;-0,001054560;EUR
Muster ausgewogen cVV;29.08.2018;0,0011273983;1.626,22;0,8619434807;708.400,08;0,001645258;EUR
Muster ausgewogen cVV;30.08.2018;-0,0005246132;-757,58;0,8610574989;707.642,50;-0,000649409;EUR
Muster ausgewogen cVV;31.08.2018;-0,0022511811;-3.249,17;0,8571395266;704.393,32;-0,002695168;EUR
Muster ausgewogen cVV;01.09.2018;0,0000132200;19,04;0,8571626925;704.412,36;0;EUR
Muster ausgewogen cVV;02.09.2018;0,0000132198;19,04;0,8571858585;704.431,40;0;EUR
Muster ausgewogen cVV;03.09.2018;-0,0004453455;-641,35;0,8564409963;703.790,05;-0,000474616;EUR
Muster ausgewogen cVV;04.09.2018;-0,0032475962;-4.674,81;0,8507875265;699.115,24;-0,002960631;EUR
Muster ausgewogen cVV;05.09.2018;-0,0070644487;-10.136,02;0,8384872715;688.979,23;-0,006925855;EUR
Muster ausgewogen cVV;06.09.2018;-0,0013516790;-1.925,68;0,8361783612;687.053,55;-0,002150652;EUR
Muster ausgewogen cVV;07.09.2018;0,0004320894;614,75;0,8369611839;687.668,29;-0,000112540;EUR
Muster ausgewogen cVV;08.09.2018;0,0000133753;19,04;0,8369843547;687.687,33;0;EUR
Muster ausgewogen cVV;09.09.2018;0,0000133751;19,04;0,8370075254;687.706,37;0;EUR
Muster ausgewogen cVV;10.09.2018;0,0009074153;1.291,60;0,8386142196;688.997,97;0,000460210;EUR
Muster ausgewogen cVV;11.09.2018;-0,0003914013;-557,62;0,8379701475;688.440,35;0,000305674;EUR
Muster ausgewogen cVV;12.09.2018;0,0024366336;3.470,05;0,8422286833;691.910,40;0,001425782;EUR
Muster ausgewogen cVV;13.09.2018;0,0001839746;262,64;0,8425831555;692.173,04;0,000515118;EUR
Muster ausgewogen cVV;14.09.2018;0,0023266674;3.322,13;0,8466621076;695.495,18;0,001760193;EUR
Muster ausgewogen cVV;15.09.2018;0,0000133022;19,04;0,8466852831;695.514,21;0;EUR
Muster ausgewogen cVV;16.09.2018;0,0000133020;19,04;0,8467084586;695.533,25;0;EUR
Muster ausgewogen cVV;17.09.2018;-0,0022772722;-3.259,26;0,8427755282;692.273,99;-0,001993099;EUR
Muster ausgewogen cVV;18.09.2018;0,0002289244;326,89;0,8432082094;692.600,89;0,002114057;EUR
Muster ausgewogen cVV;19.09.2018;0,0014554116;2.078,73;0,8457737671;694.679,62;0,002502809;EUR
Muster ausgewogen cVV;20.09.2018;0,0014860559;2.125,59;0,8483965601;696.805,21;0,002663148;EUR
Muster ausgewogen cVV;21.09.2018;0,0043392381;6.215,88;0,8559998888;703.021,09;0,002860725;EUR
Muster ausgewogen cVV;22.09.2018;0,0000132326;19,04;0,8560230691;703.040,13;0;EUR
Muster ausgewogen cVV;23.09.2018;0,0000132324;19,04;0,8560462494;703.059,17;0;EUR
Muster ausgewogen cVV;24.09.2018;-0,0032907237;-4.734,48;0,8503164418;698.324,68;-0,004183017;EUR
Muster ausgewogen cVV;25.09.2018;0,0005576578;799,68;0,8513251015;699.124,37;0,000054914;EUR
Muster ausgewogen cVV;26.09.2018;0,0016190285;2.322,98;0,8541888206;701.447,35;0,000806352;EUR
Muster ausgewogen cVV;27.09.2018;0,0034791631;4.999,99;0,8603128094;706.447,34;0,002260270;EUR
Muster ausgewogen cVV;28.09.2018;-0,0005467874;-788,54;0,8593877062;705.658,81;-0,001983814;EUR
Muster ausgewogen cVV;29.09.2018;0,0000132084;19,04;0,8594108912;705.677,84;0;EUR
Muster ausgewogen cVV;30.09.2018;0,0000132082;19,04;0,8594340763;705.696,88;0;EUR
Muster ausgewogen cVV;01.10.2018;0,0041997126;6.053,36;0,8668416221;711.750,24;0,003277261;EUR
Muster ausgewogen cVV;02.10.2018;-0,0008375770;-1.212,33;0,8654004914;710.537,91;-0,000032086;EUR
Muster ausgewogen cVV;03.10.2018;-0,0003641966;-526,71;0,8647943074;710.011,20;0,000380431;EUR
Muster ausgewogen cVV;04.10.2018;-0,0072378069;-10.463,61;0,8520843905;699.547,59;-0,004565665;EUR
Muster ausgewogen cVV;05.10.2018;-0,0045334341;-6.506,50;0,8441935740;693.041,09;-0,004491705;EUR
Muster ausgewogen cVV;06.10.2018;0,0000133250;19,04;0,8442167638;693.060,13;0;EUR
Muster ausgewogen cVV;07.10.2018;0,0000133248;19,04;0,8442399536;693.079,16;0;EUR
Muster ausgewogen cVV;08.10.2018;-0,0066706381;-9.530,72;0,8326645155;683.548,45;-0,002890821;EUR
Muster ausgewogen cVV;09.10.2018;0,0029486915;4.184,86;0,8377964155;687.733,31;0,000229014;EUR
Muster ausgewogen cVV;10.10.2018;-0,0124874979;-17.774,84;0,8161763280;669.958,47;-0,012961707;EUR
Muster ausgewogen cVV;11.10.2018;-0,0122157735;-17.170,93;0,7952901969;652.787,54;-0,009097526;EUR
Muster ausgewogen cVV;12.10.2018;0,0047019514;6.528,49;0,8032764884;659.316,04;0,002328564;EUR
Muster ausgewogen cVV;13.10.2018;0,0000136471;19,04;0,8032996829;659.335,08;0;EUR
Muster ausgewogen cVV;14.10.2018;0,0000136470;19,04;0,8033228774;659.354,11;0;EUR
Muster ausgewogen cVV;15.10.2018;-0,0009040482;-1.261,18;0,8018188793;658.092,94;0,000562854;EUR
Muster ausgewogen cVV;16.10.2018;0,0078520512;10.943,95;0,8151860384;669.036,89;0,008140357;EUR
Muster ausgewogen cVV;17.10.2018;0,0010743128;1.509,10;0,8170579220;670.545,99;0,000219240;EUR
Muster ausgewogen cVV;18.10.2018;-0,0048732444;-6.852,87;0,8087404857;663.693,12;-0,004299520;EUR
Muster ausgewogen cVV;19.10.2018;-0,0016277104;-2.277,77;0,8059975445;661.415,36;-0,001510292;EUR
Muster ausgewogen cVV;20.10.2018;0,0000136266;19,04;0,8060207437;661.434,39;0;EUR
Muster ausgewogen cVV;21.10.2018;0,0000136265;19,04;0,8060439429;661.453,43;0;EUR
Muster ausgewogen cVV;22.10.2018;0,0010808792;1.510,13;0,8079168583;662.963,56;-0,001398985;EUR
Muster ausgewogen cVV;23.10.2018;-0,0068657207;-9.602,68;0,7962467926;653.360,88;-0,007163142;EUR
Muster ausgewogen cVV;24.10.2018;-0,0011320308;-1.572,43;0,7943625604;651.788,45;-0,005422257;EUR
Muster ausgewogen cVV;25.10.2018;0,0034933538;4.846,91;0,8003019947;656.635,36;0,004862814;EUR
Muster ausgewogen cVV;26.10.2018;-0,0055548888;-7.734,14;0,7909075805;648.901,22;-0,004383527;EUR
Muster ausgewogen cVV;27.10.2018;0,0000137498;19,04;0,7909307844;648.920,25;0;EUR
Muster ausgewogen cVV;28.10.2018;0,0000137496;19,04;0,7909539883;648.939,29;0;EUR
Muster ausgewogen cVV;29.10.2018;0,0002177840;301,55;0,7913534172;649.240,84;0,001136021;EUR
Muster ausgewogen cVV;30.10.2018;-0,0013585530;-1.881,48;0,7890918698;647.359,35;0,002343436;EUR
Muster ausgewogen cVV;31.10.2018;0,0086448098;11.956,09;0,8036979574;659.315,44;0,007205782;EUR
Muster ausgewogen cVV;01.11.2018;0,0020141034;2.809,66;0,8071553555;662.125,10;0,001069374;EUR
Muster ausgewogen cVV;02.11.2018;0,0037790236;5.282,33;0,8136274028;667.407,43;0,000809342;EUR
Muster ausgewogen cVV;03.11.2018;0,0000135684;19,04;0,8136506114;667.426,47;0;EUR
Muster ausgewogen cVV;04.11.2018;0,0000135683;19,04;0,8136738200;667.445,51;0;EUR
Muster ausgewogen cVV;05.11.2018;-0,0016759064;-2.351,50;0,8108396905;665.094,00;-0,000412288;EUR
Muster ausgewogen cVV;06.11.2018;0,0002958100;414,36;0,8113774070;665.508,36;0,000595919;EUR
Muster ausgewogen cVV;07.11.2018;0,0057599195;8.070,72;0,8212500227;673.579,08;0,004711729;EUR
Muster ausgewogen cVV;08.11.2018;0,0004034917;568,62;0,8219762366;674.147,70;-0,000445024;EUR
Muster ausgewogen cVV;09.11.2018;-0,0019277680;-2.717,82;0,8186952269;671.429,89;0,000071665;EUR
Muster ausgewogen cVV;10.11.2018;0,0000135297;19,04;0,8187184401;671.448,93;0;EUR
Muster ausgewogen cVV;11.11.2018;0,0000135295;19,04;0,8187416533;671.467,96;0;EUR
Muster ausgewogen cVV;12.11.2018;-0,0052158523;-7.339,46;0,8098248160;664.128,50;-0,006021191;EUR
Muster ausgewogen cVV;13.11.2018;0,0000508081;71,12;0,8099439158;664.199,62;0,001909607;EUR
Muster ausgewogen cVV;14.11.2018;-0,0048149468;-6.740,33;0,8017565877;657.459,29;-0,003393535;EUR
Muster ausgewogen cVV;15.11.2018;-0,0015505122;-2.160,08;0,7991543229;655.299,22;0,000513508;EUR
Muster ausgewogen cVV;16.11.2018;-0,0014117259;-1.963,68;0,7967913472;653.335,54;-0,001784713;EUR
Muster ausgewogen cVV;17.11.2018;0,0000137059;19,04;0,7968145651;653.354,58;0;EUR
Muster ausgewogen cVV;18.11.2018;0,0000137057;19,04;0,7968377829;653.373,61;0;EUR
Muster ausgewogen cVV;19.11.2018;-0,0100470401;-13.955,85;0,7798486666;639.417,77;-0,006513898;EUR
Muster ausgewogen cVV;20.11.2018;-0,0081988884;-11.274,25;0,7661288427;628.143,52;-0,007268830;EUR
Muster ausgewogen cVV;21.11.2018;0,0038412928;5.238,83;0,7725492459;633.382,35;0,005141198;EUR
Muster ausgewogen cVV;22.11.2018;-0,0034221625;-4.685,14;0,7668651771;628.697,21;-0,002621537;EUR
Muster ausgewogen cVV;23.11.2018;0,0021530693;2.937,59;0,7704789781;631.634,80;0,002015688;EUR
Muster ausgewogen cVV;24.11.2018;0,0000139234;19,04;0,7705022006;631.653,84;0;EUR
Muster ausgewogen cVV;25.11.2018;0,0000139232;19,04;0,7705254231;631.672,87;0;EUR
Muster ausgewogen cVV;26.11.2018;0,0067285310;9.200,26;0,7817790988;640.873,13;0,006520955;EUR
Muster ausgewogen cVV;27.11.2018;0,0018818189;2.590,42;0,7849702088;643.463,55;0,000525681;EUR
Muster ausgewogen cVV;28.11.2018;0,0045792103;6.315,38;0,7927058554;649.778,92;0,003570742;EUR
Muster ausgewogen cVV;29.11.2018;0,0002693982;373,24;0,7931926211;650.152,16;-0,001309599;EUR
Muster ausgewogen cVV;30.11.2018;-0,0007907981;-1.095,91;0,7918869506;649.056,25;0,001362368;EUR
Muster ausgewogen cVV;01.12.2018;0,0000137483;19,04;0,7919101777;649.075,29;0;EUR
Muster ausgewogen cVV;02.12.2018;0,0000137481;19,04;0,7919334048;649.094,33;0;EUR
Muster ausgewogen cVV;03.12.2018;0,0131851481;18.258,42;0,8142419667;667.352,75;0,007208589;EUR
Muster ausgewogen cVV;04.12.2018;-0,0073280831;-10.281,52;0,8017291051;657.071,23;-0,008514139;EUR
Muster ausgewogen cVV;05.12.2018;-0,0091622746;-12.760,74;0,7861900721;644.310,48;-0,004192643;EUR
Muster ausgewogen cVV;06.12.2018;-0,0141025065;-19.461,29;0,7624734387;624.849,20;-0,011122496;EUR
Muster ausgewogen cVV;07.12.2018;-0,0033027454;-4.493,47;0,7570201334;620.355,73;-0,004506601;EUR
Muster ausgewogen cVV;08.12.2018;0,0000140392;19,04;0,7570433651;620.374,76;0;EUR
Muster ausgewogen cVV;09.12.2018;0,0000140390;19,04;0,7570665968;620.393,80;0;EUR
Muster ausgewogen cVV;10.12.2018;-0,0079538013;-10.785,92;0,7439338640;609.607,88;-0,005489543;EUR
Muster ausgewogen cVV;11.12.2018;0,0071969270;9.681,92;0,7557789459;619.289,80;0,005543628;EUR
Muster ausgewogen cVV;12.12.2018;0,0075299963;10.202,90;0,7682607623;629.492,70;0,004705766;EUR
Muster ausgewogen cVV;13.12.2018;-0,0002471987;-337,47;0,7678791039;629.155,23;0,000602874;EUR
Muster ausgewogen cVV;14.12.2018;-0,0026981245;-3.682,49;0,7634146611;625.472,74;-0,003744444;EUR
Muster ausgewogen cVV;15.12.2018;0,0000139865;19,04;0,7634378973;625.491,78;0;EUR
Muster ausgewogen cVV;16.12.2018;0,0000139863;19,04;0,7634611336;625.510,82;0;EUR
Muster ausgewogen cVV;17.12.2018;-0,0067932351;-9.246,87;0,7522044992;616.263,95;-0,006674977;EUR
Muster ausgewogen cVV;18.12.2018;-0,0037169079;-5.025,04;0,7461002757;611.238,90;-0,002092183;EUR
Muster ausgewogen cVV;19.12.2018;-0,0019061078;-2.567,37;0,7429955933;608.671,54;-0,002699771;EUR
Muster ausgewogen cVV;20.12.2018;-0,0118685588;-15.955,48;0,7235473473;592.716,06;-0,007409206;EUR
Muster ausgewogen cVV;21.12.2018;-0,0033672239;-4.473,00;0,7181151388;588.243,06;-0,003261925;EUR
Muster ausgewogen cVV;22.12.2018;0,0000143798;19,04;0,7181383796;588.262,10;0;EUR
Muster ausgewogen cVV;23.12.2018;0,0000143796;19,04;0,7181616204;588.281,13;0;EUR
Muster ausgewogen cVV;24.12.2018;-0,0008192520;-1.084,66;0,7168655475;587.196,48;-0,004349659;EUR
Muster ausgewogen cVV;25.12.2018;0,0001887282;249,66;0,7171983887;587.446,14;-0,001063847;EUR
Muster ausgewogen cVV;26.12.2018;0,0047824292;6.327,74;0,7249521013;593.773,88;0,007894537;EUR
Muster ausgewogen cVV;27.12.2018;-0,0053319943;-7.088,63;0,7163254065;586.685,26;-0,003581162;EUR
Muster ausgewogen cVV;28.12.2018;0,0081582078;10.788,11;0,7295258329;597.473,37;0,004443555;EUR
Muster ausgewogen cVV;29.12.2018;0,0000142802;19,04;0,7295490782;597.492,40;0;EUR
Muster ausgewogen cVV;30.12.2018;0,0000142800;19,04;0,7295723235;597.511,44;0;EUR
Muster ausgewogen cVV;31.12.2018;0,0010501737;1.400,08;0,7313103599;598.911,52;0,001841946;EUR
Muster ausgewogen cVV;01.01.2019;-0,0000290034;-38,71;0,7312915877;598.872,81;0,000003263;EUR
Muster ausgewogen cVV;02.01.2019;0,0041940871;5.597,22;0,7381551653;604.470,03;0,002919382;EUR
Muster ausgewogen cVV;03.01.2019;-0,0094831999;-12.708,88;0,7226636883;591.761,15;-0,008297896;EUR
Muster ausgewogen cVV;04.01.2019;0,0110808332;14.709,12;0,7406553870;606.470,27;0,013758014;EUR
Muster ausgewogen cVV;05.01.2019;0,0000141845;19,04;0,7406786369;606.489,31;0;EUR
Muster ausgewogen cVV;06.01.2019;0,0000141843;19,04;0,7407018868;606.508,35;0;EUR
Muster ausgewogen cVV;07.01.2019;0,0019978330;2.681,46;0,7440055422;609.189,81;0,000095411;EUR
Muster ausgewogen cVV;08.01.2019;0,0040005016;5.380,14;0,7506054669;614.569,95;0,003445374;EUR
Muster ausgewogen cVV;09.01.2019;0,0052031711;7.025,57;0,7592155998;621.595,52;0,003001116;EUR
Muster ausgewogen cVV;10.01.2019;0,0013087360;1.776,31;0,7614146990;623.371,83;0,001568774;EUR
Muster ausgewogen cVV;11.01.2019;-0,0004968121;-675,19;0,7606194520;622.696,64;0,000300085;EUR
Muster ausgewogen cVV;12.01.2019;0,0000140150;19,04;0,7606427063;622.715,68;0;EUR
Muster ausgewogen cVV;13.01.2019;0,0000140148;19,04;0,7606659607;622.734,71;0;EUR
Muster ausgewogen cVV;14.01.2019;-0,0027918044;-3.792,42;0,7560628122;618.942,29;-0,001244438;EUR
Muster ausgewogen cVV;15.01.2019;0,0073019249;9.891,33;0,7681751806;628.833,62;0,004336208;EUR
Muster ausgewogen cVV;16.01.2019;0,0047985481;6.547,67;0,7762037338;635.381,29;0,001930048;EUR
Muster ausgewogen cVV;17.01.2019;0,0011698200;1.603,89;0,7781931599;636.985,19;0,000872479;EUR
Muster ausgewogen cVV;18.01.2019;0,0107473364;14.752,46;0,7962467078;651.737,65;0,009991294;EUR
Muster ausgewogen cVV;19.01.2019;0,0000137217;19,04;0,7962699667;651.756,69;0;EUR
Muster ausgewogen cVV;20.01.2019;0,0000137215;19,04;0,7962932255;651.775,73;0;EUR
Muster ausgewogen cVV;21.01.2019;0,0002163442;300,17;0,7966906753;652.075,89;-0,001326047;EUR
Muster ausgewogen cVV;22.01.2019;-0,0025831016;-3.584,71;0,7923415028;648.491,19;-0,003250386;EUR
Muster ausgewogen cVV;23.01.2019;-0,0009170256;-1.269,32;0,7908210771;647.221,87;-0,000739493;EUR
Muster ausgewogen cVV;24.01.2019;0,0056682957;7.838,68;0,8004297311;655.060,55;0,003052757;EUR
Muster ausgewogen cVV;25.01.2019;0,0040964423;5.697,08;0,8074221377;660.757,63;0,004513726;EUR
Muster ausgewogen cVV;26.01.2019;0,0000136331;19,04;0,8074454010;660.776,66;0;EUR
Muster ausgewogen cVV;27.01.2019;0,0000136329;19,04;0,8074686644;660.795,70;0;EUR
Muster ausgewogen cVV;28.01.2019;-0,0039737601;-5.549,25;0,8007184524;655.246,45;-0,003975492;EUR
Muster ausgewogen cVV;29.01.2019;0,0007284591;1.013,23;0,8019874290;656.259,68;0,000840398;EUR
Muster ausgewogen cVV;30.01.2019;0,0046530454;6.476,75;0,8099334677;662.736,43;0,001681279;EUR
Muster ausgewogen cVV;31.01.2019;0,0087848337;12.284,83;0,8249784549;675.021,26;0,001783264;EUR
Muster ausgewogen cVV;01.02.2019;0,0006442269;908,81;0,8261208136;675.930,07;0,000653585;EUR
Muster ausgewogen cVV;02.02.2019;0,0000134865;19,04;0,8261440814;675.949,11;0;EUR
Muster ausgewogen cVV;03.02.2019;0,0000134863;19,04;0,8261673492;675.968,15;0;EUR
Muster ausgewogen cVV;04.02.2019;0,0010032895;1.416,29;0,8279300372;677.384,43;0,001572257;EUR
Muster ausgewogen cVV;05.02.2019;0,0070949499;10.025,60;0,8402159317;687.410,04;0,006670120;EUR
Muster ausgewogen cVV;06.02.2019;-0,0000102108;-14,53;0,8402302970;687.395,51;-0,000642907;EUR
Muster ausgewogen cVV;07.02.2019;-0,0068217270;-9.707,81;0,8283957095;677.687,69;-0,007584618;EUR
Muster ausgewogen cVV;08.02.2019;-0,0053397921;-7.547,07;0,8192015509;670.140,62;-0,002483632;EUR
Muster ausgewogen cVV;09.02.2019;0,0000135421;19,04;0,8192248231;670.159,66;0;EUR
Muster ausgewogen cVV;10.02.2019;0,0000135419;19,04;0,8192480954;670.178,69;0;EUR
Muster ausgewogen cVV;11.02.2019;0,0027505961;3.866,94;0,8240066078;674.045,63;0,003485132;EUR
Muster ausgewogen cVV;12.02.2019;0,0034119485;4.809,90;0,8299182522;678.855,54;0,004628966;EUR
Muster ausgewogen cVV;13.02.2019;0,0042786237;6.052,25;0,8373491876;684.907,79;0,002271379;EUR
Muster ausgewogen cVV;14.02.2019;-0,0003768420;-535,34;0,8367265549;684.372,45;-0,001693874;EUR
Muster ausgewogen cVV;15.02.2019;0,0022552014;3.202,50;0,8406739704;687.574,95;0,007383203;EUR
Muster ausgewogen cVV;16.02.2019;0,0000095647;13,61;0,8406906146;687.588,56;0;EUR
Muster ausgewogen cVV;17.02.2019;0,0000095646;13,61;0,8407072587;687.602,18;0;EUR
Muster ausgewogen cVV;18.02.2019;0,0009863262;1.403,82;0,8424556842;689.006,00;-0,000056538;EUR
Muster ausgewogen cVV;19.02.2019;0,0005673306;808,27;0,8434760032;689.814,26;0,000151824;EUR
Muster ausgewogen cVV;20.02.2019;0,0029635563;4.224,52;0,8486737910;694.038,79;0,002727410;EUR
Muster ausgewogen cVV;21.02.2019;-0,0009602861;-1.372,94;0,8470270890;692.665,85;-0,000807747;EUR
Muster ausgewogen cVV;22.02.2019;0,0039928081;5.703,10;0,8540335032;698.368,95;0,002681826;EUR
Muster ausgewogen cVV;23.02.2019;0,0000132755;19,04;0,8540567843;698.387,99;0;EUR
Muster ausgewogen cVV;24.02.2019;0,0000132753;19,04;0,8540800654;698.407,02;0;EUR
Muster ausgewogen cVV;25.02.2019;0,0022578363;3.202,13;0,8580347190;701.609,15;0,001346056;EUR
Muster ausgewogen cVV;26.02.2019;-0,0000468755;-66,63;0,8579919867;701.542,52;0,000507811;EUR
Muster ausgewogen cVV;27.02.2019;-0,0024374027;-3.464,43;0,8537934929;698.078,09;-0,002069994;EUR
Muster ausgewogen cVV;28.02.2019;-0,0003661882;-519,22;0,8531969388;697.558,87;-0,000474334;EUR
Muster ausgewogen cVV;01.03.2019;0,0038479527;5.454,01;0,8599065936;703.012,88;0,003034284;EUR
Muster ausgewogen cVV;02.03.2019;0,0000173660;24,71;0,8599368169;703.037,59;0;EUR
Muster ausgewogen cVV;03.03.2019;0,0000173657;24,71;0,8599670401;703.062,29;0;EUR
Muster ausgewogen cVV;04.03.2019;0,0023028321;3.276,66;0,8640138783;706.338,95;0,001047368;EUR
Muster ausgewogen cVV;05.03.2019;0,0012056936;1.719,51;0,8661562170;708.058,47;0,000502073;EUR
Muster ausgewogen cVV;06.03.2019;-0,0025357432;-3.620,73;0,8617657909;704.437,73;-0,001389605;EUR
Muster ausgewogen cVV;07.03.2019;0,0005200804;740,73;0,8627107265;705.178,46;-0,000332445;EUR
Muster ausgewogen cVV;08.03.2019;-0,0037933735;-5.405,55;0,8561360584;699.772,91;-0,003155180;EUR
Muster ausgewogen cVV;09.03.2019;0,0000174056;24,71;0,8561662884;699.797,62;0;EUR
Muster ausgewogen cVV;10.03.2019;0,0000174053;24,71;0,8561965185;699.822,32;0;EUR
Muster ausgewogen cVV;11.03.2019;0,0058901484;8.361,91;0,8664657680;708.184,23;0,005327736;EUR
Muster ausgewogen cVV;12.03.2019;0,0023964598;3.422,16;0,8706918366;711.606,39;-0,000256376;EUR
Muster ausgewogen cVV;13.03.2019;0,0017045216;2.439,90;0,8737163513;714.046,29;0,001809001;EUR
Muster ausgewogen cVV;14.03.2019;0,0012177318;1.746,07;0,8758920865;715.792,35;0,000447122;EUR
Muster ausgewogen cVV;15.03.2019;0,0032027009;4.597,84;0,8815577668;720.390,19;0,003239460;EUR
Muster ausgewogen cVV;16.03.2019;0,0000171565;24,71;0,8815880037;720.414,90;0;EUR
Muster ausgewogen cVV;17.03.2019;0,0000171562;24,71;0,8816182405;720.439,61;0;EUR
Muster ausgewogen cVV;18.03.2019;-0,0031133193;-4.483,99;0,8761702649;715.955,62;0,000544301;EUR
Muster ausgewogen cVV;19.03.2019;0,0032119069;4.611,58;0,8818532216;720.567,20;0,002663614;EUR
Muster ausgewogen cVV;20.03.2019;-0,0044175706;-6.363,01;0,8741049971;714.204,18;-0,004809089;EUR
Muster ausgewogen cVV;21.03.2019;0,0029226923;4.191,21;0,8792738066;718.395,40;0,001199048;EUR
Muster ausgewogen cVV;22.03.2019;-0,0018398249;-2.646,07;0,8760742470;715.749,33;-0,005341628;EUR
Muster ausgewogen cVV;23.03.2019;0,0000172119;24,71;0,8761044906;715.774,04;0;EUR
Muster ausgewogen cVV;24.03.2019;0,0000172116;24,71;0,8761347342;715.798,75;0;EUR
Muster ausgewogen cVV;25.03.2019;-0,0037900201;-5.441,03;0,8695136901;710.357,72;-0,002414185;EUR
Muster ausgewogen cVV;26.03.2019;0,0045667784;6.531,31;0,8775474196;716.889,03;0,004309645;EUR
Muster ausgewogen cVV;27.03.2019;0,0007196434;1.033,92;0,8788521548;717.922,95;0,001595472;EUR
Muster ausgewogen cVV;28.03.2019;0,0022060534;3.171,74;0,8827741263;721.094,69;0,000287528;EUR
Muster ausgewogen cVV;29.03.2019;0,0032169323;4.635,33;0,8884882412;725.730,01;0,004048106;EUR
Muster ausgewogen cVV;30.03.2019;0,0000170931;24,71;0,8885184915;725.754,72;0;EUR
Muster ausgewogen cVV;31.03.2019;0,0000170928;24,71;0,8885487419;725.779,43;0;EUR
Muster ausgewogen cVV;01.04.2019;0,0044217561;6.392,09;0,8964141834;732.171,52;0,006041905;EUR
Muster ausgewogen cVV;02.04.2019;0,0019976875;2.900,63;0,9000054252;735.072,15;0,002900628;EUR
Muster ausgewogen cVV;03.04.2019;0,0016274043;2.367,70;0,9029444224;737.439,85;0,003993333;EUR
Muster ausgewogen cVV;04.04.2019;0,0001577804;229,93;0,9032659799;737.669,77;0,001029125;EUR
Muster ausgewogen cVV;05.04.2019;0,0020996066;3.060,16;0,9070532642;740.729,93;0,001055612;EUR
Muster ausgewogen cVV;06.04.2019;0,0000134215;19,60;0,9070772686;740.749,53;0;EUR
Muster ausgewogen cVV;07.04.2019;0,0000169077;24,69;0,9071075085;740.774,23;0;EUR
Muster ausgewogen cVV;08.04.2019;-0,0010455435;-1.527,12;0,9052775553;739.247,11;-0,001382885;EUR
Muster ausgewogen cVV;09.04.2019;0,0000175992;25,68;0,9053490364;739.272,79;-0,003583941;EUR
Muster ausgewogen cVV;10.04.2019;0,0021680912;3.163,45;0,9092633265;742.436,24;0,002985450;EUR
Muster ausgewogen cVV;11.04.2019;-0,0013231397;-1.934,77;0,9069338586;740.501,47;-0,000194841;EUR
Muster ausgewogen cVV;12.04.2019;-0,0009560733;-1.396,17;0,9052638320;739.105,29;0,000817355;EUR
Muster ausgewogen cVV;13.04.2019;0,0000169268;24,69;0,9052940786;739.129,99;0;EUR
Muster ausgewogen cVV;14.04.2019;0,0000169265;24,69;0,9053243252;739.154,68;0;EUR
Muster ausgewogen cVV;15.04.2019;0,0005518387;805,12;0,9063504106;739.959,80;0,001041228;EUR
Muster ausgewogen cVV;16.04.2019;0,0021023440;3.068,96;0,9101495778;743.028,76;0,002233210;EUR
Muster ausgewogen cVV;17.04.2019;0,0014010881;2.049,58;0,9127003378;745.078,34;0,000515575;EUR
Muster ausgewogen cVV;18.04.2019;0,0032782887;4.802,36;0,9186235211;749.880,71;0,003542960;EUR
Muster ausgewogen cVV;19.04.2019;-0,0001129124;-165,95;0,9184606190;749.714,76;0,000017765;EUR
Muster ausgewogen cVV;20.04.2019;0,0000168046;24,69;0,9184908723;749.739,45;0;EUR
Muster ausgewogen cVV;21.04.2019;0,0000168043;24,69;0,9185211256;749.764,15;0;EUR
Muster ausgewogen cVV;22.04.2019;0,0006644772;976,51;0,9197578398;750.740,65;-0,000109995;EUR
Muster ausgewogen cVV;23.04.2019;0,0025361083;3.729,50;0,9243675707;754.470,16;0,002736948;EUR
Muster ausgewogen cVV;24.04.2019;0,0052584424;7.752,47;0,9339067862;762.222,63;0,002053556;EUR
Muster ausgewogen cVV;25.04.2019;0,0003884167;575,65;0,9346530820;762.798,28;0,000395722;EUR
Muster ausgewogen cVV;26.04.2019;0,0008230124;1.220,21;0,9361892278;764.018,49;0,001420042;EUR
Muster ausgewogen cVV;27.04.2019;0,0000166426;24,69;0,9362194877;764.043,19;0;EUR
Muster ausgewogen cVV;28.04.2019;0,0000166423;24,69;0,9362497477;764.067,88;0;EUR
Muster ausgewogen cVV;29.04.2019;0,0007792553;1.156,33;0,9377077145;765.224,21;0,000261427;EUR
Muster ausgewogen cVV;30.04.2019;-0,0023371430;-3.470,76;0,9334954825;761.753,45;-0,000383278;EUR
Muster ausgewogen cVV;01.05.2019;-0,0015979624;-2.367,50;0,9306349107;759.385,95;-0,001732798;EUR
Muster ausgewogen cVV;02.05.2019;-0,0014457174;-2.138,51;0,9280546940;757.247,43;0,000451200;EUR
Muster ausgewogen cVV;03.05.2019;0,0024140821;3.565,76;0,9324654812;760.813,20;0,003272710;EUR
Muster ausgewogen cVV;04.05.2019;0,0000166786;24,69;0,9324957478;760.837,89;0;EUR
Muster ausgewogen cVV;05.05.2019;0,0000166784;24,69;0,9325260143;760.862,59;0;EUR
Muster ausgewogen cVV;06.05.2019;-0,0031696497;-4.693,25;0,9268143351;756.169,34;-0,003742808;EUR
Muster ausgewogen cVV;07.05.2019;-0,0059066688;-8.718,18;0,9161686669;747.451,16;-0,006746026;EUR
Muster ausgewogen cVV;08.05.2019;-0,0037862848;-5.555,51;0,9093987759;741.895,65;0,000914602;EUR
Muster ausgewogen cVV;09.05.2019;-0,0080187835;-11.721,19;0,8950701899;730.174,46;-0,006321539;EUR
Muster ausgewogen cVV;10.05.2019;0,0046368517;6.723,41;0,9033512635;736.897,88;0,002326640;EUR
Muster ausgewogen cVV;11.05.2019;0,0000169525;24,69;0,9033815366;736.922,57;0;EUR
Muster ausgewogen cVV;12.05.2019;0,0000169522;24,69;0,9034118098;736.947,26;0;EUR
Muster ausgewogen cVV;13.05.2019;-0,0059056793;-8.603,20;0,8929041087;728.344,06;-0,008353557;EUR
Muster ausgewogen cVV;14.05.2019;0,0039471095;5.716,06;0,8999507520;734.060,13;0,004733610;EUR
Muster ausgewogen cVV;15.05.2019;0,0039797541;5.786,09;0,9070838303;739.846,21;0,004202286;EUR
Muster ausgewogen cVV;16.05.2019;0,0058311074;8.511,47;0,9175590864;748.357,69;0,006937116;EUR
Muster ausgewogen cVV;17.05.2019;-0,0015348940;-2.253,50;0,9148357504;746.104,19;-0,001968070;EUR
Muster ausgewogen cVV;18.05.2019;0,0000168460;24,69;0,9148660301;746.128,88;0;EUR
Muster ausgewogen cVV;19.05.2019;0,0000168457;24,69;0,9148963099;746.153,58;0;EUR
Muster ausgewogen cVV;20.05.2019;-0,0042339730;-6.206,89;0,9073250429;739.946,68;-0,005711576;EUR
Muster ausgewogen cVV;21.05.2019;0,0018958484;2.767,50;0,9107579966;742.714,18;0,002897711;EUR
Muster ausgewogen cVV;22.05.2019;0,0002704334;395,52;0,9112824381;743.109,70;0,000581262;EUR
Muster ausgewogen cVV;23.05.2019;-0,0074712396;-10.929,90;0,8979178250;732.179,80;-0,007087653;EUR
Muster ausgewogen cVV;24.05.2019;-0,0000628077;-91,20;0,8978447839;732.088,60;0,000939656;EUR
Muster ausgewogen cVV;25.05.2019;0,0000170086;24,69;0,8978750702;732.113,30;0;EUR
Muster ausgewogen cVV;26.05.2019;0,0000170083;24,69;0,8979053564;732.137,99;0;EUR
Muster ausgewogen cVV;27.05.2019;0,0016994069;2.467,47;0,9009704053;734.605,46;0,002153149;EUR
Muster ausgewogen cVV;28.05.2019;-0,0003295296;-479,28;0,9004214445;734.126,18;-0,001749530;EUR
Muster ausgewogen cVV;29.05.2019;-0,0027380944;-3.981,04;0,8955772305;730.145,14;-0,005485703;EUR
Muster ausgewogen cVV;30.05.2019;0,0027311952;3.960,14;0,9004734405;734.105,28;0,001969701;EUR
Muster ausgewogen cVV;31.05.2019;-0,0030746768;-4.470,35;0,8950285292;729.634,93;-0,006086782;EUR
Muster ausgewogen cVV;01.06.2019;0,0000170374;24,69;0,8950588220;729.659,62;0;EUR
Muster ausgewogen cVV;02.06.2019;0,0000170371;24,69;0,8950891148;729.684,32;0;EUR
Muster ausgewogen cVV;03.06.2019;-0,0047453991;-6.878,48;0,8866895805;722.805,84;-0,000235673;EUR
Muster ausgewogen cVV;04.06.2019;0,0035946446;5.185,73;0,8930894913;727.991,57;0,007278166;EUR
Muster ausgewogen cVV;05.06.2019;0,0049545207;7.173,22;0,9019282477;735.164,78;0,002564510;EUR
Muster ausgewogen cVV;06.06.2019;0,0008580033;1.248,38;0,9034986115;736.413,16;-0,000103989;EUR
Muster ausgewogen cVV;07.06.2019;0,0053740949;7.825,94;0,9131393716;744.239,10;0,003925426;EUR
Muster ausgewogen cVV;08.06.2019;0,0000168674;24,69;0,9131696709;744.263,80;0;EUR
Muster ausgewogen cVV;09.06.2019;0,0000168672;24,69;0,9131999703;744.288,49;0;EUR
Muster ausgewogen cVV;10.06.2019;0,0025047302;3.667,20;0,9177387733;747.955,69;0,001519063;EUR
Muster ausgewogen cVV;11.06.2019;0,0006715896;985,74;0,9189876607;748.941,43;0,002904385;EUR
Muster ausgewogen cVV;12.06.2019;0,0001314316;193,04;0,9192639012;749.134,47;-0,001514876;EUR
Muster ausgewogen cVV;13.06.2019;0,0010686662;1.569,82;0,9212296584;750.704,30;0,002454785;EUR
Muster ausgewogen cVV;14.06.2019;0,0011661430;1.714,84;0,9233735240;752.419,14;-0,000910951;EUR
Muster ausgewogen cVV;15.06.2019;0,0000137497;20,24;0,9233983663;752.439,38;0;EUR
Muster ausgewogen cVV;16.06.2019;0,0000137495;20,24;0,9234232085;752.459,63;0;EUR
Muster ausgewogen cVV;17.06.2019;-0,0001923137;-283,14;0,9231151898;752.176,49;-0,000247408;EUR
Muster ausgewogen cVV;18.06.2019;0,0083675574;12.317,02;0,9382714323;764.493,51;0,010446641;EUR
Muster ausgewogen cVV;19.06.2019;0,0012748455;1.892,27;0,9406339831;766.385,78;-0,000638037;EUR
Muster ausgewogen cVV;20.06.2019;0,0067959915;10.100,25;0,9530713047;776.486,02;0,002641669;EUR
Muster ausgewogen cVV;21.06.2019;-0,0018181135;-2.720,46;0,9497726540;773.765,57;-0,002171701;EUR
Muster ausgewogen cVV;22.06.2019;0,0000165259;24,68;0,9498029513;773.790,25;0;EUR
Muster ausgewogen cVV;23.06.2019;0,0000165256;24,68;0,9498332487;773.814,93;0;EUR
Muster ausgewogen cVV;24.06.2019;-0,0008357008;-1.248,23;0,9483414737;772.566,70;-0,002348900;EUR
Muster ausgewogen cVV;25.06.2019;-0,0035977802;-5.369,28;0,9417906547;767.197,42;-0,002102568;EUR
Muster ausgewogen cVV;26.06.2019;-0,0007947954;-1.181,88;0,9403798135;766.015,54;-0,000575870;EUR
Muster ausgewogen cVV;27.06.2019;0,0012336290;1.832,97;0,9426700801;767.848,51;0,001825309;EUR
Muster ausgewogen cVV;28.06.2019;0,0043177247;6.423,35;0,9505962498;774.271,86;0,003869287;EUR
Muster ausgewogen cVV;29.06.2019;0,0000165203;24,68;0,9506265536;774.296,54;0;EUR
Muster ausgewogen cVV;30.06.2019;0,0000165200;24,68;0,9506568574;774.321,23;0;EUR
Muster ausgewogen cVV;01.07.2019;0,0061403064;9.174,49;0,9619614755;783.495,71;0,006247429;EUR
Muster ausgewogen cVV;02.07.2019;0,0051128103;7.686,17;0,9714396172;791.181,88;0,001648729;EUR
Muster ausgewogen cVV;03.07.2019;0,0056796394;8.581,95;0,9820184454;799.763,83;0,004053245;EUR
Muster ausgewogen cVV;04.07.2019;-0,0000106720;-16,22;0,9820401290;799.747,62;0,000612726;EUR
Muster ausgewogen cVV;05.07.2019;-0,0004869362;-739,93;0,9811730686;799.007,68;-0,001405395;EUR
Muster ausgewogen cVV;06.07.2019;0,0000135815;20,63;0,9811983996;799.028,31;0;EUR
Muster ausgewogen cVV;07.07.2019;0,0000135813;20,63;0,9812237305;799.048,94;0;EUR
Muster ausgewogen cVV;08.07.2019;-0,0021699468;-3.295,87;0,9772177768;795.753,07;-0,001455309;EUR
Muster ausgewogen cVV;09.07.2019;-0,0001353763;-205,17;0,9770071140;795.547,90;-0,002383267;EUR
Muster ausgewogen cVV;10.07.2019;-0,0005556632;-842,03;0,9760142446;794.705,87;-0,001889460;EUR
Muster ausgewogen cVV;11.07.2019;0,0012800599;1.938,68;0,9784365324;796.644,55;-0,000848774;EUR
Muster ausgewogen cVV;12.07.2019;-0,0005856329;-888,09;0,9773870095;795.756,46;0,000527133;EUR
Muster ausgewogen cVV;13.07.2019;0,0000124749;18,91;0,9774102316;795.775,37;0;EUR
Muster ausgewogen cVV;14.07.2019;0,0000124748;18,91;0,9774334537;795.794,27;0;EUR
Muster ausgewogen cVV;15.07.2019;0,0026723616;4.050,27;0,9824496087;799.844,54;0,001862596;EUR
Muster ausgewogen cVV;16.07.2019;0,0009005552;1.368,54;0,9841720485;801.213,09;0,001222764;EUR
Muster ausgewogen cVV;17.07.2019;-0,0008032311;-1.221,74;0,9827126878;799.991,34;-0,002393150;EUR
Muster ausgewogen cVV;18.07.2019;-0,0026692833;-4.056,81;0,9777704196;795.934,54;-0,001795472;EUR
Muster ausgewogen cVV;19.07.2019;0,0022312245;3.381,99;0,9819663252;799.316,53;0,000511505;EUR
Muster ausgewogen cVV;20.07.2019;0,0000124457;18,91;0,9819895522;799.335,43;0;EUR
Muster ausgewogen cVV;21.07.2019;0,0000124455;18,91;0,9820127792;799.354,34;0;EUR
Muster ausgewogen cVV;22.07.2019;0,0009241224;1.403,90;0,9837788135;800.758,24;0,001393274;EUR
Muster ausgewogen cVV;23.07.2019;0,0056171973;8.541,39;0,9943141596;809.299,63;0,007360477;EUR
Muster ausgewogen cVV;24.07.2019;0,0024111476;3.686,93;0,9988858723;812.986,57;0,002129605;EUR
Muster ausgewogen cVV;25.07.2019;-0,0014118700;-2.164,12;0,9962686617;810.822,44;-0,004772419;EUR
Muster ausgewogen cVV;26.07.2019;0,0060581915;9.272,93;1,0077046539;820.095,37;0,002826558;EUR
Muster ausgewogen cVV;27.07.2019;0,0000122777;18,91;1,0077278858;820.114,28;0;EUR
Muster ausgewogen cVV;28.07.2019;0,0000122776;18,91;1,0077511177;820.133,19;0;EUR
Muster ausgewogen cVV;29.07.2019;-0,0008820172;-1.358,27;1,0061242508;818.774,92;-0,000228956;EUR
Muster ausgewogen cVV;30.07.2019;-0,0038617900;-5.941,73;0,9988647412;812.833,19;-0,006724759;EUR
Muster ausgewogen cVV;31.07.2019;-0,0004791556;-734,38;0,9980040115;812.098,81;-0,000189407;EUR
Muster ausgewogen cVV;01.08.2019;0,0019717438;3.020,55;1,0017578814;815.119,36;0,001446094;EUR
Muster ausgewogen cVV;02.08.2019;-0,0102445581;-15.724,78;0,9824736053;799.394,58;-0,011403934;EUR
Muster ausgewogen cVV;03.08.2019;0,0000124450;18,91;0,9824968420;799.413,49;0;EUR
Muster ausgewogen cVV;04.08.2019;0,0000124449;18,91;0,9825200788;799.432,39;0;EUR
Muster ausgewogen cVV;05.08.2019;-0,0153066647;-23.254,70;0,9539793477;776.177,70;-0,012245683;EUR
Muster ausgewogen cVV;06.08.2019;0,0021137392;3.162,15;0,9579058026;779.339,85;-0,000100941;EUR
Muster ausgewogen cVV;07.08.2019;0,0037877007;5.678,37;0,9649254336;785.018,22;0,002825490;EUR
Muster ausgewogen cVV;08.08.2019;0,0075257129;11.324,98;0,9788865905;796.343,20;0,008329995;EUR
Muster ausgewogen cVV;09.08.2019;-0,0031685975;-4.804,11;0,9730217330;791.539,09;-0,004288388;EUR
Muster ausgewogen cVV;10.08.2019;0,0000125097;18,91;0,9730449746;791.558,00;0;EUR
Muster ausgewogen cVV;11.08.2019;0,0000125096;18,91;0,9730682161;791.576,90;0;EUR
Muster ausgewogen cVV;12.08.2019;-0,0021618645;-3.267,44;0,9690919245;788.309,47;-0,002450422;EUR
Muster ausgewogen cVV;13.08.2019;0,0047362442;7.142,87;0,9779135022;795.452,34;0,004210793;EUR
Muster ausgewogen cVV;14.08.2019;-0,0052628585;-7.974,67;0,9681498059;787.477,67;-0,009796066;EUR
Muster ausgewogen cVV;15.08.2019;0,0018006767;2.714,16;0,9715269912;790.191,83;-0,000509445;EUR
Muster ausgewogen cVV;16.08.2019;0,0043520537;6.571,65;0,9796473506;796.763,48;0,006207552;EUR
Muster ausgewogen cVV;17.08.2019;0,0000124666;18,91;0,9796705970;796.782,39;0;EUR
Muster ausgewogen cVV;18.08.2019;0,0000124665;18,91;0,9796938434;796.801,30;0;EUR
Muster ausgewogen cVV;19.08.2019;0,0036181939;5.487,43;0,9864817051;802.288,73;0,006244132;EUR
Muster ausgewogen cVV;20.08.2019;-0,0016815498;-2.559,50;0,9833753047;799.729,23;-0,001993711;EUR
Muster ausgewogen cVV;21.08.2019;0,0042213052;6.414,48;0,9913038046;806.143,71;0,004703093;EUR
Muster ausgewogen cVV;22.08.2019;-0,0015796022;-2.410,42;0,9883806245;803.733,29;-0,001983820;EUR
Muster ausgewogen cVV;23.08.2019;-0,0063169263;-9.537,35;0,9766984954;794.195,94;-0,007174441;EUR
Muster ausgewogen cVV;24.08.2019;0,0000126022;18,91;0,9767217467;794.214,85;0;EUR
Muster ausgewogen cVV;25.08.2019;0,0000126020;18,91;0,9767449981;794.233,75;0;EUR
Muster ausgewogen cVV;26.08.2019;0,0037018453;5.553,91;0,9836217807;799.787,67;0,002037624;EUR
Muster ausgewogen cVV;27.08.2019;0,0028346705;4.268,63;0,9889183914;804.056,29;0,002031451;EUR
Muster ausgewogen cVV;28.08.2019;-0,0000616616;-93,12;0,9888506550;803.963,18;0,000946852;EUR
Muster ausgewogen cVV;29.08.2019;0,0054625693;8.248,69;0,9990435408;812.211,87;0,005775627;EUR
Muster ausgewogen cVV;30.08.2019;0,0026936077;4.089,67;1,0041214007;816.301,54;0,004275600;EUR
Muster ausgewogen cVV;31.08.2019;0,0000124192;18,91;1,0041446576;816.320,45;0;EUR
Muster ausgewogen cVV;01.09.2019;0,0000124190;18,91;1,0041679144;816.339,36;0;EUR
Muster ausgewogen cVV;02.09.2019;0,0006823057;1.038,75;1,0054931512;817.378,11;0,001067409;EUR
Muster ausgewogen cVV;03.09.2019;-0,0013008151;-1.981,73;1,0031026711;815.396,38;-0,002056407;EUR
Muster ausgewogen cVV;04.09.2019;0,0018431227;2.804,26;1,0065999487;818.200,64;0,002827706;EUR
Muster ausgewogen cVV;05.09.2019;0,0033353540;5.084,00;1,0129023304;823.284,64;0,003715605;EUR
Muster ausgewogen cVV;06.09.2019;0,0005603885;857,04;1,0140045126;824.141,67;0,002269671;EUR
Muster ausgewogen cVV;07.09.2019;0,0000123556;18,91;1,0140277749;824.160,58;0;EUR
Muster ausgewogen cVV;08.09.2019;0,0000123554;18,91;1,0140510373;824.179,49;0;EUR
Muster ausgewogen cVV;09.09.2019;-0,0057816196;-8.847,35;1,0032126755;815.332,13;-0,000421426;EUR
Muster ausgewogen cVV;10.09.2019;-0,0044400689;-6.755,16;0,9949476936;808.576,98;0,000934442;EUR
Muster ausgewogen cVV;11.09.2019;0,0022971301;3.479,35;0,9992759793;812.056,33;0,004475600;EUR
Muster ausgewogen cVV;12.09.2019;0,0025843457;3.923,38;1,0041510573;815.979,71;0,000166596;EUR
Muster ausgewogen cVV;13.09.2019;-0,0039256106;-5.975,00;0,9968449680;810.004,71;-0,000793359;EUR
Muster ausgewogen cVV;14.09.2019;0,0000124708;18,91;0,9968682358;810.023,62;0;EUR
Muster ausgewogen cVV;15.09.2019;0,0000124706;18,91;0,9968915036;810.042,53;0;EUR
Muster ausgewogen cVV;16.09.2019;0,0012286715;1.862,81;0,9992308721;811.905,34;-0,000583653;EUR
Muster ausgewogen cVV;17.09.2019;0,0006016990;913,37;1,0004018692;812.818,70;-0,001100645;EUR
Muster ausgewogen cVV;18.09.2019;0,0001077059;163,59;1,0006500916;812.982,30;0,000338319;EUR
Muster ausgewogen cVV;19.09.2019;0,0014868412;2.258,60;1,0034770371;815.240,90;0,001511459;EUR
Muster ausgewogen cVV;20.09.2019;-0,0001177814;-179,18;1,0033034174;815.061,71;0,000550192;EUR
Muster ausgewogen cVV;21.09.2019;0,0000102133;15,54;1,0033225412;815.077,25;0;EUR
Muster ausgewogen cVV;22.09.2019;0,0000102132;15,54;1,0033416650;815.092,79;0;EUR
Muster ausgewogen cVV;23.09.2019;0,0024010325;3.652,38;1,0078846894;818.745,16;-0,001559323;EUR
Muster ausgewogen cVV;24.09.2019;-0,0014557315;-2.219,73;1,0051991380;816.525,43;-0,001958233;EUR
Muster ausgewogen cVV;25.09.2019;0,0003696937;562,90;1,0059390668;817.088,33;-0,000617378;EUR
Muster ausgewogen cVV;26.09.2019;0,0011108530;1.692,01;1,0080691799;818.780,34;0,001460463;EUR
Muster ausgewogen cVV;27.09.2019;-0,0034848409;-5.313,88;1,0015735134;813.466,46;0,001257027;EUR
Muster ausgewogen cVV;28.09.2019;0,0000102240;15,54;1,0015926417;813.481,99;0;EUR
Muster ausgewogen cVV;29.09.2019;0,0000102239;15,54;1,0016117700;813.497,53;0;EUR
Muster ausgewogen cVV;30.09.2019;0,0011092576;1.685,60;1,0037339165;815.183,13;0,002764234;EUR
Muster ausgewogen cVV;01.10.2019;-0,0032032313;-4.872,94;0,9977803261;810.310,18;-0,005999122;EUR
Muster ausgewogen cVV;02.10.2019;-0,0078968456;-11.974,67;0,9830809931;798.335,52;-0,012223115;EUR
Muster ausgewogen cVV;03.10.2019;0,0015274810;2.297,96;0,9859565796;800.633,48;0,000326317;EUR
Muster ausgewogen cVV;04.10.2019;0,0042051564;6.335,95;0,9938052961;806.969,42;0,005178225;EUR
Muster ausgewogen cVV;05.10.2019;0,0000102679;15,54;0,9938244289;806.984,96;0;EUR
Muster ausgewogen cVV;06.10.2019;0,0000102678;15,54;0,9938435616;807.000,50;0;EUR
Muster ausgewogen cVV;07.10.2019;0,0008260830;1.249,93;0,9954291081;808.250,42;0,000976850;EUR
Muster ausgewogen cVV;08.10.2019;-0,0032568761;-4.931,97;0,9894008802;803.318,45;-0,004583474;EUR
Muster ausgewogen cVV;09.10.2019;0,0015486521;2.337,53;0,9923258983;805.655,98;0,002929962;EUR
Muster ausgewogen cVV;10.10.2019;-0,0012300358;-1.859,48;0,9900814598;803.796,49;0,000831227;EUR
Muster ausgewogen cVV;11.10.2019;0,0033984533;5.131,23;0,9964480373;808.927,72;0,009724908;EUR
Muster ausgewogen cVV;12.10.2019;0,0000102546;15,54;0,9964671745;808.943,26;0;EUR
Muster ausgewogen cVV;13.10.2019;0,0000102545;15,54;0,9964863117;808.958,79;0;EUR
Muster ausgewogen cVV;14.10.2019;0,0001202578;182,19;0,9967568766;809.140,99;-0,000700798;EUR
Muster ausgewogen cVV;15.10.2019;0,0003298484;499,79;0,9974186903;809.640,78;0,004326049;EUR
Muster ausgewogen cVV;16.10.2019;-0,0009596016;-1.454,48;0,9956728951;808.186,30;0,000095429;EUR
Muster ausgewogen cVV;17.10.2019;-0,0020389634;-3.087,53;0,9919149318;805.098,77;-0,001113992;EUR
Muster ausgewogen cVV;18.10.2019;-0,0031038072;-4.690,39;0,9861816961;800.408,38;-0,001814435;EUR
Muster ausgewogen cVV;19.10.2019;0,0000103126;15,54;0,9862008377;800.423,91;0;EUR
Muster ausgewogen cVV;20.10.2019;0,0000103125;15,54;0,9862199793;800.439,45;0;EUR
Muster ausgewogen cVV;21.10.2019;0,0019740927;2.974,00;0,9899299076;803.413,45;0,003213323;EUR
Muster ausgewogen cVV;22.10.2019;-0,0007803988;-1.178,00;0,9885239965;802.235,45;0,000250244;EUR
Muster ausgewogen cVV;23.10.2019;0,0021125015;3.186,31;0,9924959300;805.421,76;0,001902294;EUR
Muster ausgewogen cVV;24.10.2019;0,0051303968;7.754,58;1,0020977953;813.176,34;0,002883695;EUR
Muster ausgewogen cVV;25.10.2019;-0,0001083584;-164,62;1,0019410240;813.011,71;0,001127429;EUR
Muster ausgewogen cVV;26.10.2019;0,0000102270;15,54;1,0019601700;813.027,25;0;EUR
Muster ausgewogen cVV;27.10.2019;0,0000102269;15,54;1,0019793160;813.042,79;0;EUR
Muster ausgewogen cVV;28.10.2019;0,0008507023;1.292,32;1,0036180907;814.335,10;0,001236667;EUR
Muster ausgewogen cVV;29.10.2019;-0,0023827759;-3.622,80;0,9991991251;810.712,30;-0,000350798;EUR
Muster ausgewogen cVV;30.10.2019;0,0015217164;2.308,12;1,0020898882;813.020,43;-0,000245920;EUR
Muster ausgewogen cVV;31.10.2019;-0,0003390377;-515,03;1,0015010425;812.505,40;-0,001094315;EUR
Muster ausgewogen cVV;01.11.2019;0,0016638412;2.526,68;1,0046615185;815.032,07;0,003418241;EUR
Muster ausgewogen cVV;02.11.2019;0,0000102135;15,54;1,0046806689;815.047,61;0;EUR
Muster ausgewogen cVV;03.11.2019;0,0000102134;15,54;1,0046998193;815.063,14;0;EUR
Muster ausgewogen cVV;04.11.2019;0,0024170326;3.676,64;1,0092781404;818.739,79;0,004513153;EUR
Muster ausgewogen cVV;05.11.2019;-0,0014247224;-2.172,44;1,0066462293;816.567,35;0,001388897;EUR
Muster ausgewogen cVV;06.11.2019;0,0028813641;4.387,29;1,0121011036;820.954,64;0,000854298;EUR
Muster ausgewogen cVV;07.11.2019;-0,0000333652;-50,95;1,0120845802;820.903,69;0,002099002;EUR
Muster ausgewogen cVV;08.11.2019;0,0006812719;1.040,29;1,0134134612;821.943,98;-0,000277454;EUR
Muster ausgewogen cVV;09.11.2019;0,0000101673;15,54;1,0134326160;821.959,51;0;EUR
Muster ausgewogen cVV;10.11.2019;0,0000101672;15,54;1,0134517708;821.975,05;0;EUR
Muster ausgewogen cVV;11.11.2019;-0,0007087931;-1.083,07;1,0121626319;820.891,98;-0,001316355;EUR
Muster ausgewogen cVV;12.11.2019;0,0030099005;4.596,02;1,0178760039;825.488,00;0,002615510;EUR
Muster ausgewogen cVV;13.11.2019;0,0023475971;3.595,49;1,0223560995;829.083,49;-0,000422606;EUR
Muster ausgewogen cVV;14.11.2019;0,0000923955;141,84;1,0225776218;829.225,33;-0,000355358;EUR
Muster ausgewogen cVV;15.11.2019;0,0021298950;3.270,03;1,0266569024;832.495,36;0,001713976;EUR
Muster ausgewogen cVV;16.11.2019;0,0000100975;15,54;1,0266760616;832.510,90;0;EUR
Muster ausgewogen cVV;17.11.2019;0,0000100974;15,54;1,0266952207;832.526,44;0;EUR
Muster ausgewogen cVV;18.11.2019;-0,0015814135;-2.433,17;1,0237411772;830.093,27;-0,001066539;EUR
Muster ausgewogen cVV;19.11.2019;0,0004198775;645,00;1,0245832633;830.738,27;0,000174793;EUR
Muster ausgewogen cVV;20.11.2019;-0,0015406836;-2.367,74;1,0217094807;828.370,53;-0,001920240;EUR
Muster ausgewogen cVV;21.11.2019;-0,0016476634;-2.528,25;1,0186374265;825.842,28;-0,001737274;EUR
Muster ausgewogen cVV;22.11.2019;0,0011195599;1.715,07;1,0207992397;827.557,35;0,002440901;EUR
Muster ausgewogen cVV;23.11.2019;0,0000101300;15,54;1,0208184032;827.572,89;0;EUR
Muster ausgewogen cVV;24.11.2019;0,0000101299;15,54;1,0208375667;827.588,42;0;EUR
Muster ausgewogen cVV;25.11.2019;0,0038495430;5.903,91;1,0281667415;833.492,33;0,003871614;EUR
Muster ausgewogen cVV;26.11.2019;0,0006308962;971,31;1,0294115922;834.463,64;0,000693419;EUR
Muster ausgewogen cVV;27.11.2019;0,0026565487;4.092,52;1,0345070873;838.556,16;0,002105656;EUR
Muster ausgewogen cVV;28.11.2019;-0,0002665232;-411,68;1,0340460353;838.144,48;-0,001088979;EUR
Muster ausgewogen cVV;29.11.2019;-0,0010120265;-1.562,79;1,0321646805;836.581,68;-0,001877807;EUR
Muster ausgewogen cVV;30.11.2019;0,0000100708;15,54;1,0321838484;836.597,22;0;EUR
Muster ausgewogen cVV;01.12.2019;0,0000100707;15,54;1,0322030163;836.612,76;0;EUR
Muster ausgewogen cVV;02.12.2019;-0,0077901522;-12.017,78;1,0174216360;824.594,98;-0,009025719;EUR
Muster ausgewogen cVV;03.12.2019;0,0004368182;668,62;1,0182926389;825.263,60;0,000181502;EUR
Muster ausgewogen cVV;04.12.2019;0,0041897198;6.415,88;1,0262555500;831.679,48;0,003937478;EUR
Muster ausgewogen cVV;05.12.2019;-0,0005288317;-813,21;1,0252983603;830.866,27;-0,001872892;EUR
Muster ausgewogen cVV;06.12.2019;0,0052626216;8.088,34;1,0353261713;838.954,62;0,005021048;EUR
Muster ausgewogen cVV;07.12.2019;0,0000100553;15,54;1,0353453435;838.970,15;0;EUR
Muster ausgewogen cVV;08.12.2019;0,0000100552;15,54;1,0353645157;838.985,69;0;EUR
Muster ausgewogen cVV;09.12.2019;-0,0006822263;-1.054,08;1,0341103248;837.931,61;-0,001473909;EUR
Muster ausgewogen cVV;10.12.2019;-0,0020739540;-3.202,20;1,0302048268;834.729,40;-0,001457773;EUR
Muster ausgewogen cVV;11.12.2019;0,0015177459;2.338,55;1,0331375271;837.067,96;0,002480986;EUR
Muster ausgewogen cVV;12.12.2019;0,0017808389;2.748,09;1,0365759490;839.816,05;0,001364487;EUR
Muster ausgewogen cVV;13.12.2019;0,0027451307;4.243,68;1,0418607151;844.059,72;0,002232237;EUR
Muster ausgewogen cVV;14.12.2019;0,0000100222;15,54;1,0418798916;844.075,26;0;EUR
Muster ausgewogen cVV;15.12.2019;0,0000100221;15,54;1,0418990681;844.090,79;0;EUR
Muster ausgewogen cVV;16.12.2019;0,0043023414;6.669,35;1,0501785269;850.760,14;0,004395411;EUR
Muster ausgewogen cVV;17.12.2019;-0,0030846787;-4.802,34;1,0442974096;845.957,80;-0,002506434;EUR
Muster ausgewogen cVV;18.12.2019;0,0000326527;50,68;1,0444068347;846.008,48;-0,001495643;EUR
Muster ausgewogen cVV;19.12.2019;0,0002392685;371,36;1,0449121460;846.379,84;0,000550370;EUR
Muster ausgewogen cVV;20.12.2019;0,0064553510;10.021,65;1,0573319178;856.401,49;0,003989879;EUR
Muster ausgewogen cVV;21.12.2019;0,0000099430;15,54;1,0573510986;856.417,03;0;EUR
Muster ausgewogen cVV;22.12.2019;0,0000099429;15,54;1,0573702794;856.432,56;0;EUR
Muster ausgewogen cVV;23.12.2019;0,0002458969;384,22;1,0578920182;856.816,78;-0,000402111;EUR
Muster ausgewogen cVV;24.12.2019;-0,0001112805;-173,92;1,0577246227;856.642,86;0,000086529;EUR
Muster ausgewogen cVV;25.12.2019;-0,0000643376;-100,54;1,0576477853;856.542,32;-0,000065934;EUR
Muster ausgewogen cVV;26.12.2019;0,0010363497;1.619,42;1,0596947888;858.161,74;0,000778908;EUR
Muster ausgewogen cVV;27.12.2019;0,0024574873;3.844,09;1,0644891888;862.005,83;-0,000141358;EUR
Muster ausgewogen cVV;28.12.2019;0,0000099075;15,54;1,0645083740;862.021,37;0;EUR
Muster ausgewogen cVV;29.12.2019;0,0000099074;15,54;1,0645275591;862.036,90;0;EUR
Muster ausgewogen cVV;30.12.2019;-0,0047695864;-7.479,25;1,0553385585;854.557,65;-0,004960926;EUR
Muster ausgewogen cVV;31.12.2019;-0,0003031341;-473,08;1,0548013797;854.084,57;0,000084303;EUR
Muster ausgewogen cVV;01.01.2020;0,0001349116;210,48;1,0551083661;854.295,05;0,000000713;EUR
Muster ausgewogen cVV;02.01.2020;0,0083404275;13.014,16;1,0712294016;867.309,21;0,005937421;EUR
Muster ausgewogen cVV;03.01.2020;-0,0006973371;-1.097,18;1,0699218902;866.212,03;-0,002733015;EUR
Muster ausgewogen cVV;04.01.2020;0,0000098810;15,54;1,0699410796;866.227,57;0;EUR
Muster ausgewogen cVV;05.01.2020;0,0000098809;15,54;1,0699602690;866.243,11;0;EUR
Muster ausgewogen cVV;06.01.2020;-0,0010896196;-1.713,23;1,0678916479;864.529,88;-0,002036224;EUR
Muster ausgewogen cVV;07.01.2020;0,0041984466;6.594,10;1,0760847187;871.123,98;0,002677945;EUR
Muster ausgewogen cVV;08.01.2020;0,0022520788;3.551,98;1,0805204310;874.675,96;0,002236508;EUR
Muster ausgewogen cVV;09.01.2020;0,0024853856;3.928,78;1,0854219993;878.604,74;0,004245420;EUR
Muster ausgewogen cVV;10.01.2020;0,0012391914;1.963,72;1,0878962464;880.568,46;-0,000498467;EUR
Muster ausgewogen cVV;11.01.2020;0,0000097916;15,54;1,0879154401;880.584,00;0;EUR
Muster ausgewogen cVV;12.01.2020;0,0000097915;15,54;1,0879346337;880.599,53;0;EUR
Muster ausgewogen cVV;13.01.2020;-0,0002832505;-449,43;1,0874276167;880.150,10;-0,000473461;EUR
Muster ausgewogen cVV;14.01.2020;-0,0002177624;-345,42;1,0870490270;879.804,68;0,000593797;EUR
Muster ausgewogen cVV;15.01.2020;0,0006691886;1.061,22;1,0884084544;880.865,90;-0,000268824;EUR
Muster ausgewogen cVV;16.01.2020;0,0044010550;6.983,99;1,0970865407;887.849,89;0,001957469;EUR
Muster ausgewogen cVV;17.01.2020;0,0061602155;9.818,61;1,1092681590;897.668,50;0,003760313;EUR
Muster ausgewogen cVV;18.01.2020;0,0000096875;15,54;1,1092873569;897.684,04;0;EUR
Muster ausgewogen cVV;19.01.2020;0,0000096874;15,54;1,1093065548;897.699,57;0;EUR
Muster ausgewogen cVV;20.01.2020;0,0009460253;1.517,16;1,1112304924;899.216,74;0,000744638;EUR
Muster ausgewogen cVV;21.01.2020;-0,0003263003;-523,79;1,1106322927;898.692,95;-0,000300574;EUR
Muster ausgewogen cVV;22.01.2020;0,0003883432;623,18;1,1114515313;899.316,13;0,000050330;EUR
Muster ausgewogen cVV;23.01.2020;-0,0007057868;-1.133,03;1,1101002396;898.183,10;-0,001341289;EUR
Muster ausgewogen cVV;24.01.2020;0,0014993396;2.405,25;1,1131220882;900.588,35;0,003176680;EUR
Muster ausgewogen cVV;25.01.2020;0,0000096699;15,54;1,1131412903;900.603,89;0;EUR
Muster ausgewogen cVV;26.01.2020;0,0000096698;15,54;1,1131604925;900.619,42;0;EUR
Muster ausgewogen cVV;27.01.2020;-0,0105633425;-16.971,53;1,0922319313;883.647,90;-0,009766385;EUR
Muster ausgewogen cVV;28.01.2020;0,0031383869;4.989,01;1,0984469787;888.636,90;0,003784196;EUR
Muster ausgewogen cVV;29.01.2020;0,0030900359;4.927,56;1,1045865830;893.564,46;0,000894077;EUR
Muster ausgewogen cVV;30.01.2020;-0,0008345593;-1.334,95;1,1029849016;892.229,51;-0,003930973;EUR
Muster ausgewogen cVV;31.01.2020;-0,0093564028;-14.953,91;1,0845463901;877.275,60;-0,006882403;EUR
Muster ausgewogen cVV;01.02.2020;0,0000098123;15,54;1,0845655965;877.291,14;0;EUR
Muster ausgewogen cVV;02.02.2020;0,0000098122;15,54;1,0845848029;877.306,68;0;EUR
Muster ausgewogen cVV;03.02.2020;0,0054353123;8.605,83;1,0952720297;885.912,50;0,002563145;EUR
Muster ausgewogen cVV;04.02.2020;0,0060425543;9.618,77;1,1072125766;895.531,27;0,008018513;EUR
Muster ausgewogen cVV;05.02.2020;0,0057288344;9.174,48;1,1186048101;904.705,74;0,006290945;EUR
Muster ausgewogen cVV;06.02.2020;0,0056101361;9.035,86;1,1298266086;913.741,60;0,003412735;EUR
Muster ausgewogen cVV;07.02.2020;-0,0008299977;-1.344,32;1,1282138739;912.397,28;-0,001646599;EUR
Muster ausgewogen cVV;08.02.2020;0,0000095999;15,54;1,1282330844;912.412,82;0;EUR
Muster ausgewogen cVV;09.02.2020;0,0000095998;15,54;1,1282522950;912.428,35;0;EUR
Muster ausgewogen cVV;10.02.2020;0,0053905738;8.723,76;1,1390894982;921.152,11;0,001752841;EUR
Muster ausgewogen cVV;11.02.2020;-0,0001757043;-285,88;1,1387858825;920.866,23;0,003323819;EUR
Muster ausgewogen cVV;12.02.2020;0,0047112755;7.664,18;1,1483140461;928.530,41;0,003959295;EUR
Muster ausgewogen cVV;13.02.2020;0,0013195527;2.156,73;1,1510316448;930.687,13;0,000748565;EUR
Muster ausgewogen cVV;14.02.2020;0,0026286228;4.301,99;1,1564027255;934.989,12;0,000545828;EUR
Muster ausgewogen cVV;15.02.2020;0,0000095078;15,60;1,1564220214;935.004,72;0;EUR
Muster ausgewogen cVV;16.02.2020;0,0000095077;15,60;1,1564413173;935.020,32;0;EUR
Muster ausgewogen cVV;17.02.2020;-0,0002940579;-482,37;1,1558954919;934.537,95;0,001079880;EUR
Muster ausgewogen cVV;18.02.2020;0,0005192348;851,50;1,1569994817;935.389,45;-0,002667926;EUR
Muster ausgewogen cVV;19.02.2020;0,0048352460;7.933,55;1,1668638179;943.323,00;0,003868510;EUR
Muster ausgewogen cVV;20.02.2020;-0,0033677495;-5.552,43;1,1600464770;937.770,57;-0,003489688;EUR
Muster ausgewogen cVV;21.02.2020;-0,0053419958;-8.777,73;1,1492385566;928.992,84;-0,004603271;EUR
Muster ausgewogen cVV;22.02.2020;-0,0012618706;-2.062,37;1,1466872360;926.930,46;0;EUR
Muster ausgewogen cVV;23.02.2020;0,0000046725;7,63;1,1466966713;926.938,09;0;EUR
Muster ausgewogen cVV;24.02.2020;-0,0159602471;-26.052,27;1,1145167250;900.885,82;-0,017005535;EUR
Muster ausgewogen cVV;25.02.2020;-0,0167915593;-26.971,79;1,0811963187;873.914,03;-0,011135860;EUR
Muster ausgewogen cVV;26.02.2020;-0,0029972227;-4.733,51;1,0753871048;869.180,52;-0,001852675;EUR
Muster ausgewogen cVV;27.02.2020;-0,0243857426;-38.396,94;1,0279257020;830.783,58;-0,019095630;EUR
Muster ausgewogen cVV;28.02.2020;-0,0179588428;-27.587,80;0,9938348139;803.195,78;-0,013802735;EUR
Muster ausgewogen cVV;29.02.2020;0,0000050558;7,63;0,9938442512;803.203,40;0;EUR
Muster ausgewogen cVV;01.03.2020;0,0000050558;7,63;0,9938536886;803.211,03;0;EUR
Muster ausgewogen cVV;02.03.2020;0,0101262295;15.276,39;1,0128001419;818.487,42;0,004800215;EUR
Muster ausgewogen cVV;03.03.2020;-0,0005619022;-856,27;1,0117847277;817.631,15;-0,001913699;EUR
Muster ausgewogen cVV;04.03.2020;0,0132795962;20.225,03;1,0368575707;837.856,18;0,011732008;EUR
Muster ausgewogen cVV;05.03.2020;-0,0120635355;-18.616,94;1,0138630410;819.239,24;-0,009823036;EUR
Muster ausgewogen cVV;06.03.2020;-0,0168206894;-25.645,22;0,9821681303;793.594,02;-0,016463506;EUR
Muster ausgewogen cVV;07.03.2020;0,0000050882;7,63;0,9821775697;793.601,65;0;EUR
Muster ausgewogen cVV;08.03.2020;0,0000050881;7,63;0,9821870091;793.609,27;0;EUR
Muster ausgewogen cVV;09.03.2020;-0,0435386782;-65.264,21;0,9014539095;728.345,06;-0,040016041;EUR
Muster ausgewogen cVV;10.03.2020;0,0129117391;18.511,94;0,9244058590;746.857,00;0,004316186;EUR
Muster ausgewogen cVV;11.03.2020;-0,0118398581;-17.194,33;0,9031631935;729.662,67;-0,009923954;EUR
Muster ausgewogen cVV;12.03.2020;-0,0590922558;-84.797,50;0,7982370651;644.865,17;-0,053753710;EUR
Muster ausgewogen cVV;13.03.2020;0,0257912077;34.822,39;0,8413779977;679.687,55;0,014398540;EUR
Muster ausgewogen cVV;14.03.2020;0,0000061007;8,45;0,8413884572;679.696,00;0;EUR
Muster ausgewogen cVV;15.03.2020;0,0000061007;8,45;0,8413989167;679.704,45;0;EUR
Muster ausgewogen cVV;16.03.2020;-0,0553695178;-76.687,02;0,7465012730;603.017,43;-0,042501953;EUR
Muster ausgewogen cVV;17.03.2020;0,0237593115;31.084,72;0,7850164363;634.102,15;0,017321669;EUR
Muster ausgewogen cVV;18.03.2020;-0,0331386077;-44.385,92;0,7300984628;589.716,23;-0,030566181;EUR
Muster ausgewogen cVV;19.03.2020;0,0080687895;10.449,21;0,7430673058;600.165,45;0,007269448;EUR
Muster ausgewogen cVV;20.03.2020;-0,0015019391;-1.960,73;0,7406717855;598.204,72;0,005880187;EUR
Muster ausgewogen cVV;21.03.2020;0,0000064821;8,45;0,7406822473;598.213,17;0;EUR
Muster ausgewogen cVV;22.03.2020;0,0000064821;8,45;0,7406927091;598.221,62;0;EUR
Muster ausgewogen cVV;23.03.2020;-0,0093749614;-12.220,46;0,7255932421;586.001,15;-0,014437073;EUR
Muster ausgewogen cVV;24.03.2020;0,0605784403;78.225,00;0,8224878827;664.226,15;0,046853172;EUR
Muster ausgewogen cVV;25.03.2020;0,0107702159;14.750,09;0,8407887325;678.976,24;0,009201961;EUR
Muster ausgewogen cVV;26.03.2020;0,0142340211;19.701,61;0,8652230176;698.677,85;0,013590048;EUR
Muster ausgewogen cVV;27.03.2020;-0,0198589911;-27.878,50;0,8307349672;670.799,35;-0,014000022;EUR
Muster ausgewogen cVV;28.03.2020;0,0000061408;8,45;0,8307454312;670.807,80;0;EUR
Muster ausgewogen cVV;29.03.2020;0,0000061408;8,45;0,8307558952;670.816,25;0;EUR
Muster ausgewogen cVV;30.03.2020;0,0218018648;29.998,52;0,8679443142;700.814,77;0,012781011;EUR
Muster ausgewogen cVV;31.03.2020;-0,0010272285;-1.444,24;0,8661930414;699.370,52;0,001482152;EUR
Muster ausgewogen cVV;01.04.2020;-0,0205342586;-28.840,68;0,8305087481;670.529,84;-0,018850805;EUR
Muster ausgewogen cVV;02.04.2020;0,0137487012;18.913,74;0,8539718555;689.443,58;0,004499603;EUR
Muster ausgewogen cVV;03.04.2020;-0,0004051720;-565,05;0,8533087284;688.878,53;-0,003174280;EUR
Muster ausgewogen cVV;04.04.2020;0,0000060612;8,45;0,8533191946;688.886,98;0;EUR
Muster ausgewogen cVV;05.04.2020;0,0000060612;8,45;0,8533296609;688.895,43;0;EUR
Muster ausgewogen cVV;06.04.2020;0,0334802951;46.672,88;0,9111822463;735.568,32;0,029812545;EUR
Muster ausgewogen cVV;07.04.2020;-0,0002690745;-387,66;0,9107412230;735.180,66;0,005767748;EUR
Muster ausgewogen cVV;08.04.2020;0,0114261950;16.457,44;0,9311687295;751.638,10;0,006475125;EUR
Muster ausgewogen cVV;09.04.2020;0,0064392911;9.380,65;0,9428304883;761.018,75;0,010175434;EUR
Muster ausgewogen cVV;10.04.2020;-0,0001066145;-156,31;0,9426773144;760.862,43;0,000162824;EUR
Muster ausgewogen cVV;11.04.2020;0,0000057636;8,45;0,9426877829;760.870,88;0;EUR
Muster ausgewogen cVV;12.04.2020;0,0000057635;8,45;0,9426982514;760.879,33;0;EUR
Muster ausgewogen cVV;13.04.2020;0,0003918450;574,45;0,9434504689;761.453,79;-0,001059152;EUR
Muster ausgewogen cVV;14.04.2020;0,0188291960;27.614,87;0,9777075690;789.068,66;0,010134522;EUR
Muster ausgewogen cVV;15.04.2020;-0,0051201706;-7.650,63;0,9682694456;781.418,03;-0,012795330;EUR
Muster ausgewogen cVV;16.04.2020;0,0071105032;10.570,21;0,9814092290;791.988,24;0,001870441;EUR
Muster ausgewogen cVV;17.04.2020;0,0063356976;9.485,38;0,9932057644;801.473,63;0,013997368;EUR
Muster ausgewogen cVV;18.04.2020;0,0000056082;8,45;0,9932162351;801.482,08;0;EUR
Muster ausgewogen cVV;19.04.2020;0,0000056082;8,45;0,9932267059;801.490,52;0;EUR
Muster ausgewogen cVV;20.04.2020;-0,0018698112;-2.817,12;0,9897780026;798.673,40;-0,002348690;EUR
Muster ausgewogen cVV;21.04.2020;-0,0165333174;-24.863,11;0,9590067173;773.810,29;-0,017076367;EUR
Muster ausgewogen cVV;22.04.2020;0,0180103056;26.636,44;0,9920604543;800.446,73;0,008661266;EUR
Muster ausgewogen cVV;23.04.2020;0,0061494461;9.258,55;1,0035782084;809.705,29;0,003867782;EUR
Muster ausgewogen cVV;24.04.2020;0,0012648544;1.916,06;1,0059959795;811.621,35;-0,001031842;EUR
Muster ausgewogen cVV;25.04.2020;0,0000055707;8,45;1,0060064525;811.629,80;0;EUR
Muster ausgewogen cVV;26.04.2020;0,0000055707;8,45;1,0060169255;811.638,25;0;EUR
Muster ausgewogen cVV;27.04.2020;0,0061704236;9.359,19;1,0176609477;820.997,44;0,011605123;EUR
Muster ausgewogen cVV;28.04.2020;-0,0065505180;-9.997,02;1,0053120629;811.000,42;0,004282332;EUR
Muster ausgewogen cVV;29.04.2020;0,0106390851;16.130,40;1,0253508984;827.130,82;0,013016724;EUR
Muster ausgewogen cVV;30.04.2020;-0,0060030811;-9.198,38;1,0139913143;817.932,44;-0,008141826;EUR
Muster ausgewogen cVV;01.05.2020;-0,0059152146;-9.009,33;1,0028651047;808.923,11;-0,007060701;EUR
Muster ausgewogen cVV;02.05.2020;0,0000055806;8,45;1,0028755799;808.931,56;0;EUR
Muster ausgewogen cVV;03.05.2020;0,0000055806;8,45;1,0028860552;808.940,01;0;EUR
Muster ausgewogen cVV;04.05.2020;-0,0029275693;-4.432,59;0,9974331421;804.507,43;-0,008504502;EUR
Muster ausgewogen cVV;05.05.2020;0,0113574695;17.145,83;1,0187339274;821.653,26;0,011401189;EUR
Muster ausgewogen cVV;06.05.2020;-0,0015043186;-2.296,79;1,0159293662;819.356,46;-0,004636633;EUR
Muster ausgewogen cVV;07.05.2020;0,0076106168;11.602,40;1,0303590283;830.958,86;0,006895514;EUR
Muster ausgewogen cVV;08.05.2020;0,0016716720;2.567,86;1,0335869135;833.526,72;0,005816347;EUR
Muster ausgewogen cVV;09.05.2020;0,0000054914;8,45;1,0335973910;833.535,17;0;EUR
Muster ausgewogen cVV;10.05.2020;0,0000054914;8,45;1,0336078684;833.543,62;0;EUR
Muster ausgewogen cVV;11.05.2020;0,0034688378;5.337,40;1,0402704216;838.881,02;-0,001329562;EUR
Muster ausgewogen cVV;12.05.2020;-0,0045355167;-7.002,87;1,0316300757;831.878,15;-0,005056622;EUR
Muster ausgewogen cVV;13.05.2020;-0,0036816907;-5.658,78;1,0246558816;826.219,37;-0,009790216;EUR
Muster ausgewogen cVV;14.05.2020;0,0016129861;2.470,04;1,0277626407;828.689,41;-0,004543695;EUR
Muster ausgewogen cVV;15.05.2020;0,0021490872;3.296,30;1,0318944319;831.985,71;0,004060255;EUR
Muster ausgewogen cVV;16.05.2020;0,0000054970;8,45;1,0319049116;831.994,16;0;EUR
Muster ausgewogen cVV;17.05.2020;0,0000054969;8,45;1,0319153913;832.002,61;0;EUR
Muster ausgewogen cVV;18.05.2020;0,0037600042;5.779,61;1,0391276280;837.782,23;0,020151111;EUR
Muster ausgewogen cVV;19.05.2020;-0,0022931736;-3.538,16;1,0347828341;834.244,07;-0,002982637;EUR
Muster ausgewogen cVV;20.05.2020;0,0049099556;7.558,24;1,0442020179;841.802,31;0,006411571;EUR
Muster ausgewogen cVV;21.05.2020;-0,0033463722;-5.176,60;1,0378245440;836.625,71;-0,003380718;EUR
Muster ausgewogen cVV;22.05.2020;0,0040210372;6.199,44;1,0455589470;842.825,15;0,001023380;EUR
Muster ausgewogen cVV;23.05.2020;0,0000054585;8,45;1,0455694289;842.833,60;0;EUR
Muster ausgewogen cVV;24.05.2020;0,0000054584;8,45;1,0455799108;842.842,05;0;EUR
Muster ausgewogen cVV;25.05.2020;0,0044694799;6.918,57;1,0542070892;849.760,62;0,008340322;EUR
Muster ausgewogen cVV;26.05.2020;-0,0063016009;-9.798,22;1,0420953537;839.962,40;0,003717957;EUR
Muster ausgewogen cVV;27.05.2020;0,0005028048;776,87;1,0431030612;840.739,28;0,006650351;EUR
Muster ausgewogen cVV;28.05.2020;0,0011555998;1.786,39;1,0453633832;842.525,67;0,002717797;EUR
Muster ausgewogen cVV;29.05.2020;0,0019089117;2.954,31;1,0490730255;845.479,98;-0,005193986;EUR
Muster ausgewogen cVV;30.05.2020;0,0000054492;8,45;1,0490835096;845.488,43;0;EUR
Muster ausgewogen cVV;31.05.2020;0,0000054491;8,45;1,0490939937;845.496,88;0;EUR
Muster ausgewogen cVV;01.06.2020;-0,0013265856;-2.057,02;1,0465855832;843.439,86;0,001560593;EUR
Muster ausgewogen cVV;02.06.2020;0,0040415860;6.258,63;1,0543958713;849.698,49;0,011099859;EUR
Muster ausgewogen cVV;03.06.2020;-0,0000548443;-85,27;1,0543342720;849.613,21;0,012700096;EUR
Muster ausgewogen cVV;04.06.2020;-0,0040254286;-6.258,46;1,0466116550;843.354,76;-0,003759661;EUR
Muster ausgewogen cVV;05.06.2020;0,0077927480;12.066,85;1,0616312059;855.421,61;0,015123779;EUR
Muster ausgewogen cVV;06.06.2020;0,0000054144;8,45;1,0616416922;855.430,06;0;EUR
Muster ausgewogen cVV;07.06.2020;0,0000054144;8,45;1,0616521785;855.438,51;0;EUR
Muster ausgewogen cVV;08.06.2020;0,0042389191;6.615,07;1,0699066748;862.053,58;0,003356360;EUR
Muster ausgewogen cVV;09.06.2020;-0,0010743380;-1.683,67;1,0678617179;860.369,91;-0,007061832;EUR
Muster ausgewogen cVV;10.06.2020;0,0015179441;2.376,32;1,0708558959;862.746,23;-0,002765841;EUR
Muster ausgewogen cVV;11.06.2020;-0,0159089803;-24.942,40;1,0399404167;837.803,83;-0,023362385;EUR
Muster ausgewogen cVV;12.06.2020;0,0040448317;6.240,68;1,0477305432;844.044,51;0,004201246;EUR
Muster ausgewogen cVV;13.06.2020;0,0000054544;8,45;1,0477410317;844.052,96;0;EUR
Muster ausgewogen cVV;14.06.2020;0,0000054543;8,45;1,0477515202;844.061,41;0;EUR
Muster ausgewogen cVV;15.06.2020;-0,0008013755;-1.241,44;1,0462541733;842.819,97;-0,000880958;EUR
Muster ausgewogen cVV;16.06.2020;0,0141748625;21.941,16;1,0735361354;864.761,13;0,015611852;EUR
Muster ausgewogen cVV;17.06.2020;0,0029844784;4.685,13;1,0793973829;869.446,27;0,001509826;EUR
Muster ausgewogen cVV;18.06.2020;-0,0114599383;-18.043,89;1,0570403572;851.402,38;-0,002618932;EUR
Muster ausgewogen cVV;19.06.2020;-0,0039597826;-6.163,30;1,0494321409;845.239,08;0,001279285;EUR
Muster ausgewogen cVV;20.06.2020;0,0000054502;8,45;1,0494426316;845.247,52;0;EUR
Muster ausgewogen cVV;21.06.2020;0,0000054501;8,45;1,0494531222;845.255,97;0;EUR
Muster ausgewogen cVV;22.06.2020;0,0012143401;1.882,63;1,0518343259;847.138,60;-0,001311072;EUR
Muster ausgewogen cVV;23.06.2020;0,0026873393;4.171,32;1,0570575297;851.309,92;0,004950503;EUR
Muster ausgewogen cVV;24.06.2020;-0,0097095591;-15.111,79;1,0383366275;836.198,13;-0,013310116;EUR
Muster ausgewogen cVV;25.06.2020;0,0040900146;6.303,82;1,0462077585;842.501,95;0,005185578;EUR
Muster ausgewogen cVV;26.06.2020;-0,0065384027;-10.118,67;1,0336854432;832.383,28;-0,005628641;EUR
Muster ausgewogen cVV;27.06.2020;0,0000054957;8,45;1,0336959361;832.391,73;0;EUR
Muster ausgewogen cVV;28.06.2020;0,0000054957;8,45;1,0337064289;832.400,18;0;EUR
Muster ausgewogen cVV;29.06.2020;0,0022721884;3.493,43;1,0380877666;835.893,61;0,004107135;EUR
Muster ausgewogen cVV;30.06.2020;0,0091812946;14.148,06;1,0557018725;850.041,68;0,004872700;EUR
Muster ausgewogen cVV;01.07.2020;0,0005436117;845,38;1,0567955692;850.887,05;-0,001883089;EUR
Muster ausgewogen cVV;02.07.2020;0,0079602073;12.385,76;1,0722229931;863.272,82;0,010803146;EUR
Muster ausgewogen cVV;03.07.2020;-0,0007322511;-1.148,42;1,0708409145;862.124,39;-0,001816382;EUR
Muster ausgewogen cVV;04.07.2020;0,0000053914;8,45;1,0708514095;862.132,84;0;EUR
Muster ausgewogen cVV;05.07.2020;0,0000053914;8,45;1,0708619046;862.141,29;0;EUR
Muster ausgewogen cVV;06.07.2020;0,0042282972;6.626,65;1,0791374609;868.767,94;0,006785250;EUR
Muster ausgewogen cVV;07.07.2020;-0,0003501572;-551,09;1,0784974983;868.216,85;-0,004211387;EUR
Muster ausgewogen cVV;08.07.2020;0,0014699769;2.312,70;1,0814149962;870.529,55;-0,002145605;EUR
Muster ausgewogen cVV;09.07.2020;0,0032015038;5.044,30;1,0877261706;875.573,84;-0,000155520;EUR
Muster ausgewogen cVV;10.07.2020;-0,0013022549;-2.058,40;1,0852137806;873.515,44;0,004631707;EUR
Muster ausgewogen cVV;11.07.2020;0,0000053525;8,45;1,0852242778;873.523,89;0;EUR
Muster ausgewogen cVV;12.07.2020;0,0000053525;8,45;1,0852347750;873.532,34;0;EUR
Muster ausgewogen cVV;13.07.2020;-0,0038833625;-6.130,30;1,0776632184;867.402,04;0,000472367;EUR
Muster ausgewogen cVV;14.07.2020;-0,0005437439;-855,02;1,0766452933;866.547,02;-0,000222317;EUR
Muster ausgewogen cVV;15.07.2020;0,0052477184;8.247,42;1,0869370895;874.794,43;0,007664018;EUR
Muster ausgewogen cVV;16.07.2020;-0,0026221909;-4.142,71;1,0818342622;870.651,72;-0,001781179;EUR
Muster ausgewogen cVV;17.07.2020;0,0028602225;4.506,92;1,0874790909;875.158,64;0,001424035;EUR
Muster ausgewogen cVV;18.07.2020;0,0000053470;8,45;1,0874895903;875.167,09;0;EUR
Muster ausgewogen cVV;19.07.2020;0,0000053469;8,45;1,0875000896;875.175,54;0;EUR
Muster ausgewogen cVV;20.07.2020;0,0083689204;13.224,97;1,1039789155;888.400,51;0,004476300;EUR
Muster ausgewogen cVV;21.07.2020;-0,0027887343;-4.443,77;1,0985019395;883.956,74;0,002722125;EUR
Muster ausgewogen cVV;22.07.2020;0,0008551382;1.358,84;1,1002357451;885.315,58;-0,002018281;EUR
Muster ausgewogen cVV;23.07.2020;-0,0041987946;-6.677,71;1,0919817383;878.637,87;-0,002416747;EUR
Muster ausgewogen cVV;24.07.2020;-0,0105166785;-16.655,37;1,0713261596;861.982,49;-0,008230812;EUR
Muster ausgewogen cVV;25.07.2020;0,0000053919;8,45;1,0713366611;861.990,94;0;EUR
Muster ausgewogen cVV;26.07.2020;0,0000053919;8,45;1,0713471626;861.999,39;0;EUR
Muster ausgewogen cVV;27.07.2020;0,0020487816;3.210,59;1,0753815434;865.209,98;-0,000213500;EUR
Muster ausgewogen cVV;28.07.2020;0,0012519616;1.965,93;1,0778691635;867.175,91;0,000240996;EUR
Muster ausgewogen cVV;29.07.2020;0,0008421386;1.324,05;1,0795590881;868.499,96;0,000658920;EUR
Muster ausgewogen cVV;30.07.2020;-0,0044371374;-6.982,16;1,0709239517;861.517,81;-0,010082031;EUR
Muster ausgewogen cVV;31.07.2020;0,0020931824;3.279,16;1,0750441014;864.796,97;-0,001965177;EUR
Muster ausgewogen cVV;01.08.2020;0,0000066550;10,45;1,0750570887;864.807,41;0;EUR
Muster ausgewogen cVV;02.08.2020;0,0000066549;10,45;1,0750700761;864.817,86;0;EUR
Muster ausgewogen cVV;03.08.2020;0,0124995280;19.622,72;1,0995083377;884.440,58;0,010363212;EUR
Muster ausgewogen cVV;04.08.2020;-0,0022541560;-3.582,80;1,0950990586;880.857,79;0,000718402;EUR
Muster ausgewogen cVV;05.08.2020;0,0027564305;4.371,25;1,1005784158;885.229,03;-0,000140564;EUR
Muster ausgewogen cVV;06.08.2020;0,0041989615;6.677,22;1,1089252540;891.906,26;0,000630358;EUR
Muster ausgewogen cVV;07.08.2020;-0,0002559283;-408,63;1,1084624888;891.497,62;0,002061885;EUR
Muster ausgewogen cVV;08.08.2020;0,0000051970;8,30;1,1084728035;891.505,92;0;EUR
Muster ausgewogen cVV;09.08.2020;0,0000065485;10,45;1,1084858008;891.516,37;0;EUR
Muster ausgewogen cVV;10.08.2020;-0,0020917010;-3.338,92;1,1043793971;888.177,45;0,001838840;EUR
Muster ausgewogen cVV;11.08.2020;-0,0067664417;-10.778,47;1,0910217445;877.398,98;0,004444524;EUR
Muster ausgewogen cVV;12.08.2020;0,0049031931;7.757,60;1,1007130140;885.156,58;0,004418303;EUR
Muster ausgewogen cVV;13.08.2020;0,0000731421;116,29;1,1009025092;885.272,86;-0,002741291;EUR
Muster ausgewogen cVV;14.08.2020;-0,0053023418;-8.430,86;1,0904625392;876.842,00;-0,002067541;EUR
Muster ausgewogen cVV;15.08.2020;0,0000066093;10,45;1,0904755392;876.852,45;0;EUR
Muster ausgewogen cVV;16.08.2020;0,0000066093;10,45;1,0904885392;876.862,91;0;EUR
Muster ausgewogen cVV;17.08.2020;0,0058880491;9.312,02;1,1021141242;886.174,93;0,001106703;EUR
Muster ausgewogen cVV;18.08.2020;-0,0020512696;-3.263,21;1,0981004885;882.911,72;-0,000995768;EUR
Muster ausgewogen cVV;19.08.2020;0,0018154640;2.882,16;1,1017299616;885.793,88;0,002104731;EUR
Muster ausgewogen cVV;20.08.2020;0,0023007492;3.659,21;1,1063262178;889.453,09;-0,001797130;EUR
Muster ausgewogen cVV;21.08.2020;0,0032287547;5.146,96;1,1127734029;894.600,05;0,000559657;EUR
Muster ausgewogen cVV;22.08.2020;0,0000065364;10,45;1,1127864055;894.610,50;0;EUR
Muster ausgewogen cVV;23.08.2020;0,0000065363;10,45;1,1127994082;894.620,96;0;EUR
Muster ausgewogen cVV;24.08.2020;0,0041760008;6.678,55;1,1211522747;901.299,51;0,007709138;EUR
Muster ausgewogen cVV;25.08.2020;-0,0003419563;-549,16;1,1205146626;900.750,34;-0,000822170;EUR
Muster ausgewogen cVV;26.08.2020;0,0070633065;11.339,43;1,1346667266;912.089,77;0,004669342;EUR
Muster ausgewogen cVV;27.08.2020;-0,0011278902;-1.823,50;1,1324441709;910.266,27;-0,001501834;EUR
Muster ausgewogen cVV;28.08.2020;-0,0021097837;-3.407,12;1,1282511776;906.859,14;-0,001737132;EUR
Muster ausgewogen cVV;29.08.2020;0,0000064867;10,45;1,1282641828;906.869,60;0;EUR
Muster ausgewogen cVV;30.08.2020;0,0000064866;10,45;1,1282771881;906.880,05;0;EUR
Muster ausgewogen cVV;31.08.2020;-0,0011713182;-1.887,12;1,1259751832;904.992,94;-0,003296477;EUR
Muster ausgewogen cVV;01.09.2020;0,0035987027;5.791,09;1,1332264328;910.784,03;0,002047521;EUR
Muster ausgewogen cVV;02.09.2020;0,0117514518;18.978,69;1,1568873345;929.762,72;0,011710765;EUR
Muster ausgewogen cVV;03.09.2020;-0,0199853403;-32.655,78;1,1162996578;897.106,94;-0,009757307;EUR
Muster ausgewogen cVV;04.09.2020;-0,0115471973;-18.490,88;1,0933352176;878.616,05;-0,006402585;EUR
Muster ausgewogen cVV;05.09.2020;0,0000066041;10,45;1,0933482256;878.626,51;0;EUR
Muster ausgewogen cVV;06.09.2020;0,0000066041;10,45;1,0933612335;878.636,96;0;EUR
Muster ausgewogen cVV;07.09.2020;0,0041478015;6.565,39;1,1015757824;885.202,35;0,005122931;EUR
Muster ausgewogen cVV;08.09.2020;-0,0108610548;-17.262,85;1,0801370970;867.939,50;-0,007001202;EUR
Muster ausgewogen cVV;09.09.2020;0,0138854504;21.830,20;1,1073492990;889.769,70;0,008328680;EUR
Muster ausgewogen cVV;10.09.2020;-0,0083025290;-13.233,82;1,0909235361;876.535,88;-0,005347370;EUR
Muster ausgewogen cVV;11.09.2020;-0,0026718001;-4.223,36;1,0857111555;872.312,52;0,001794960;EUR
Muster ausgewogen cVV;12.09.2020;0,0000066307;10,45;1,0857241661;872.322,98;0;EUR
Muster ausgewogen cVV;13.09.2020;0,0000066307;10,45;1,0857371766;872.333,43;0;EUR
Muster ausgewogen cVV;14.09.2020;0,0058404972;9.207,63;1,0972417073;881.541,06;0,002108145;EUR
Muster ausgewogen cVV;15.09.2020;0,0038006831;6.026,83;1,1047878812;887.567,88;0,002102231;EUR
Muster ausgewogen cVV;16.09.2020;-0,0008252762;-1.313,63;1,1031973310;886.254,25;0,000607106;EUR
Muster ausgewogen cVV;17.09.2020;-0,0059382526;-9.444,41;1,0914851368;876.809,85;-0,002050415;EUR
Muster ausgewogen cVV;18.09.2020;-0,0041272026;-6.525,07;1,0834062125;870.284,78;-0,004556684;EUR
Muster ausgewogen cVV;19.09.2020;0,0000066393;10,45;1,0834192257;870.295,23;0;EUR
Muster ausgewogen cVV;20.09.2020;0,0000066392;10,45;1,0834322389;870.305,68;0;EUR
Muster ausgewogen cVV;21.09.2020;-0,0058522327;-9.214,26;1,0720047587;861.091,42;-0,011961751;EUR
Muster ausgewogen cVV;22.09.2020;0,0082581757;12.926,29;1,0881410436;874.017,71;0,002815061;EUR
Muster ausgewogen cVV;23.09.2020;-0,0065955135;-10.409,03;1,0752252434;863.608,68;-0,002514173;EUR
Muster ausgewogen cVV;24.09.2020;-0,0023465898;-3.678,96;1,0706879041;859.929,72;-0,000707293;EUR
Muster ausgewogen cVV;25.09.2020;0,0070144786;10.971,42;1,0843919136;870.901,15;0,000705229;EUR
Muster ausgewogen cVV;26.09.2020;0,0000066367;10,45;1,0844049294;870.911,60;0;EUR
Muster ausgewogen cVV;27.09.2020;0,0000066366;10,45;1,0844179452;870.922,05;0;EUR
Muster ausgewogen cVV;28.09.2020;0,0094344491;14.860,23;1,1029653266;885.782,28;0,011803839;EUR
Muster ausgewogen cVV;29.09.2020;-0,0016902324;-2.687,41;1,0996631878;883.094,87;-0,002888383;EUR
Muster ausgewogen cVV;30.09.2020;0,0029613713;4.700,51;1,1055608431;887.795,39;-0,000613734;EUR
Muster ausgewogen cVV;01.10.2020;0,0042557180;6.775,00;1,1140423831;894.570,39;0,000851538;EUR
Muster ausgewogen cVV;02.10.2020;-0,0067412390;-10.777,57;1,1006648202;883.792,82;-0,001969326;EUR
Muster ausgewogen cVV;03.10.2020;0,0000065828;10,45;1,1006778386;883.803,28;0;EUR
Muster ausgewogen cVV;04.10.2020;0,0000065827;10,45;1,1006908571;883.813,73;0;EUR
Muster ausgewogen cVV;05.10.2020;0,0055192022;8.764,46;1,1116505747;892.578,20;0,005268243;EUR
Muster ausgewogen cVV;06.10.2020;-0,0047649124;-7.608,42;1,1022189198;884.969,78;-0,000496391;EUR
Muster ausgewogen cVV;07.10.2020;0,0057143452;9.080,96;1,1135737219;894.050,73;0,003758520;EUR
Muster ausgewogen cVV;08.10.2020;0,0040993879;6.551,77;1,1217790839;900.602,51;0,004934841;EUR
Muster ausgewogen cVV;09.10.2020;0,0052790925;8.471,80;1,1323767324;909.074,31;0,001230196;EUR
Muster ausgewogen cVV;10.10.2020;0,0000064796;10,45;1,1323897534;909.084,76;0;EUR
Muster ausgewogen cVV;11.10.2020;0,0000064796;10,45;1,1324027744;909.095,21;0;EUR
Muster ausgewogen cVV;12.10.2020;0,0087301489;14.084,14;1,1499924615;923.179,35;0,005047012;EUR
Muster ausgewogen cVV;13.10.2020;0,0019916975;3.241,21;1,1540760861;926.420,56;-0,001923889;EUR
Muster ausgewogen cVV;14.10.2020;-0,0001281413;-208,95;1,1538618482;926.211,62;-0,000889167;EUR
Muster ausgewogen cVV;15.10.2020;-0,0049482968;-8.067,67;1,1438568869;918.143,95;-0,006288640;EUR
Muster ausgewogen cVV;16.10.2020;0,0038036494;6.170,76;1,1515905455;924.314,71;0,004297503;EUR
Muster ausgewogen cVV;17.10.2020;0,0000064190;10,45;1,1516035691;924.325,16;0;EUR
Muster ausgewogen cVV;18.10.2020;0,0000064189;10,45;1,1516165927;924.335,61;0;EUR
Muster ausgewogen cVV;19.10.2020;-0,0108773536;-17.713,95;1,1295920370;906.621,66;-0,004454980;EUR
Muster ausgewogen cVV;20.10.2020;-0,0037241839;-5.998,93;1,1221624443;900.622,74;-0,003015553;EUR
Muster ausgewogen cVV;21.10.2020;-0,0018460024;-2.962,47;1,1185157577;897.660,26;-0,005011179;EUR
Muster ausgewogen cVV;22.10.2020;-0,0013725892;-2.198,67;1,1158205130;895.461,59;0,000473805;EUR
Muster ausgewogen cVV;23.10.2020;-0,0006009866;-961,36;1,1146668742;894.500,23;0,002882019;EUR
Muster ausgewogen cVV;24.10.2020;0,0000065387;10,45;1,1146799004;894.510,68;0;EUR
Muster ausgewogen cVV;25.10.2020;0,0000065387;10,45;1,1146929267;894.521,14;0;EUR
Muster ausgewogen cVV;26.10.2020;-0,0136145619;-21.765,63;1,0876132424;872.755,51;-0,013114154;EUR
Muster ausgewogen cVV;27.10.2020;0,0042822421;6.752,82;1,0960720076;879.508,33;-0,002810724;EUR
Muster ausgewogen cVV;28.10.2020;-0,0227971783;-36.103,65;1,0511201614;843.404,68;-0,016741572;EUR
Muster ausgewogen cVV;29.10.2020;0,0061949036;9.587,14;1,0631105973;852.991,83;0,004416989;EUR
Muster ausgewogen cVV;30.10.2020;-0,0039564048;-6.160,81;1,0554740120;846.831,02;-0,003756660;EUR
Muster ausgewogen cVV;31.10.2020;0,0000067397;10,45;1,0554870408;846.841,47;0;EUR
Muster ausgewogen cVV;01.11.2020;0,0000067396;10,45;1,0555000696;846.851,93;0;EUR
Muster ausgewogen cVV;02.11.2020;0,0074434353;11.544,91;1,0699318038;858.396,84;0,008546541;EUR
Muster ausgewogen cVV;03.11.2020;0,0017587831;2.748,07;1,0733996017;861.144,91;0,009452510;EUR
Muster ausgewogen cVV;04.11.2020;0,0261415023;40.917,51;1,1244469556;902.062,42;0,010682412;EUR
Muster ausgewogen cVV;05.11.2020;0,0061986539;9.955,96;1,1369023332;912.018,38;0,007825856;EUR
Muster ausgewogen cVV;06.11.2020;-0,0018768501;-3.033,19;1,1331660348;908.985,19;-0,002514945;EUR
Muster ausgewogen cVV;07.11.2020;0,0000064804;10,45;1,1331790662;908.995,65;0;EUR
Muster ausgewogen cVV;08.11.2020;0,0000064803;10,45;1,1331920976;909.006,10;0;EUR
Muster ausgewogen cVV;09.11.2020;-0,0050757022;-8.187,58;1,1230296150;900.818,52;0,015521942;EUR
Muster ausgewogen cVV;10.11.2020;-0,0093764052;-15.048,08;1,1043131384;885.770,44;0,001578271;EUR
Muster ausgewogen cVV;11.11.2020;0,0098396563;15.643,48;1,1238606405;901.413,92;0,004795258;EUR
Muster ausgewogen cVV;12.11.2020;-0,0025936066;-4.163,99;1,1187132121;897.249,92;-0,005698474;EUR
Muster ausgewogen cVV;13.11.2020;0,0038255268;6.125,83;1,1263954614;903.375,75;0,002470921;EUR
Muster ausgewogen cVV;14.11.2020;0,0000065031;10,45;1,1264084954;903.386,20;0;EUR
Muster ausgewogen cVV;15.11.2020;0,0000065031;10,45;1,1264215293;903.396,66;0;EUR
Muster ausgewogen cVV;16.11.2020;0,0006541139;1.051,45;1,1277770078;904.448,11;0,004163203;EUR
Muster ausgewogen cVV;17.11.2020;-0,0033946826;-5.459,99;1,1210130164;898.988,12;-0,000940877;EUR
Muster ausgewogen cVV;18.11.2020;-0,0036639136;-5.873,02;1,1137334121;893.115,10;-0,000140808;EUR
Muster ausgewogen cVV;19.11.2020;-0,0006800396;-1.086,07;1,1124228735;892.029,03;-0,000996432;EUR
Muster ausgewogen cVV;20.11.2020;0,0024633765;3.931,49;1,1173696983;895.960,52;0,000449194;EUR
Muster ausgewogen cVV;21.11.2020;0,0000065337;10,45;1,1173827348;895.970,98;0;EUR
Muster ausgewogen cVV;22.11.2020;0,0000065336;10,45;1,1173957713;895.981,43;0;EUR
Muster ausgewogen cVV;23.11.2020;-0,0015243148;-2.438,80;1,1143981350;893.542,63;0,001244048;EUR
Muster ausgewogen cVV;24.11.2020;0,0023458695;3.747,50;1,1191158973;897.290,14;0,005952111;EUR
Muster ausgewogen cVV;25.11.2020;0,0017461156;2.795,95;1,1226471561;900.086,09;-0,000296595;EUR
Muster ausgewogen cVV;26.11.2020;0,0011268924;1.807,57;1,1249458509;901.893,66;0,000086104;EUR
Muster ausgewogen cVV;27.11.2020;-0,0006747641;-1.083,56;1,1236383947;900.810,10;0,001069571;EUR
Muster ausgewogen cVV;28.11.2020;0,0000065139;10,45;1,1236514337;900.820,55;0;EUR
Muster ausgewogen cVV;29.11.2020;0,0000065139;10,45;1,1236644728;900.831,00;0;EUR
Muster ausgewogen cVV;30.11.2020;0,0019840904;3.184,03;1,1276803368;904.015,03;-0,003143168;EUR
Muster ausgewogen cVV;01.12.2020;-0,0017009349;-2.735,04;1,1243126742;901.279,99;0,001995697;EUR
Muster ausgewogen cVV;02.12.2020;-0,0030749231;-4.935,95;1,1181990570;896.344,04;-0,001748124;EUR
Muster ausgewogen cVV;03.12.2020;-0,0012296372;-1.967,78;1,1157879079;894.376,26;-0,001442111;EUR
Muster ausgewogen cVV;04.12.2020;0,0046872980;7.491,82;1,1251784230;901.868,08;0,003104208;EUR
Muster ausgewogen cVV;05.12.2020;0,0000065096;10,45;1,1251914646;901.878,53;0;EUR
Muster ausgewogen cVV;06.12.2020;0,0000065096;10,45;1,1252045062;901.888,99;0;EUR
Muster ausgewogen cVV;07.12.2020;0,0008824148;1.417,01;1,1270164487;903.306,00;0,000014549;EUR
Muster ausgewogen cVV;08.12.2020;0,0025720923;4.134,01;1,1322185117;907.440,01;0,001649760;EUR
Muster ausgewogen cVV;09.12.2020;-0,0052605976;-8.476,86;1,1216856770;898.963,14;0,000392537;EUR
Muster ausgewogen cVV;10.12.2020;-0,0035557327;-5.699,36;1,1146177933;893.263,78;-0,001940395;EUR
Muster ausgewogen cVV;11.12.2020;0,0000415076;66,29;1,1147440148;893.330,08;-0,002964533;EUR
Muster ausgewogen cVV;12.12.2020;0,0000065446;10,45;1,1147570589;893.340,53;0;EUR
Muster ausgewogen cVV;13.12.2020;0,0000065446;10,45;1,1147701031;893.350,98;0;EUR
Muster ausgewogen cVV;14.12.2020;0,0004898190;782,36;1,1157898924;894.133,35;0,001198045;EUR
Muster ausgewogen cVV;15.12.2020;0,0041335765;6.605,60;1,1240768385;900.738,95;0,004145083;EUR
Muster ausgewogen cVV;16.12.2020;0,0059146657;9.490,91;1,1359652681;910.229,86;0,003211919;EUR
Muster ausgewogen cVV;17.12.2020;0,0042690693;6.890,84;1,1446095814;917.120,70;0,002730624;EUR
Muster ausgewogen cVV;18.12.2020;-0,0003286803;-532,80;1,1439891303;916.587,91;-0,001317796;EUR
Muster ausgewogen cVV;19.12.2020;0,0000064507;10,45;1,1440021770;916.598,36;0;EUR
Muster ausgewogen cVV;20.12.2020;0,0000064507;10,45;1,1440152237;916.608,81;0;EUR
Muster ausgewogen cVV;21.12.2020;-0,0049434234;-8.010,87;1,1340609864;908.597,94;-0,008456988;EUR
Muster ausgewogen cVV;22.12.2020;0,0066644167;10.746,37;1,1475185929;919.344,31;0,003964013;EUR
Muster ausgewogen cVV;23.12.2020;-0,0025489555;-4.137,58;1,1423984580;915.206,73;0,002559288;EUR
Muster ausgewogen cVV;24.12.2020;-0,0014519878;-2.350,93;1,1395081613;912.855,80;0,000799942;EUR
Muster ausgewogen cVV;25.12.2020;-0,0001443401;-233,36;1,1392610458;912.622,44;0,000021780;EUR
Muster ausgewogen cVV;26.12.2020;0,0000064665;10,45;1,1392740950;912.632,89;0;EUR
Muster ausgewogen cVV;27.12.2020;0,0000064665;10,45;1,1392871443;912.643,35;0;EUR
Muster ausgewogen cVV;28.12.2020;0,0056575438;9.145,68;1,1507486437;921.789,02;0,005039234;EUR
Muster ausgewogen cVV;29.12.2020;-0,0005983992;-972,81;1,1495787342;920.816,21;-0,000020411;EUR
Muster ausgewogen cVV;30.12.2020;-0,0021893689;-3.557,11;1,1451822574;917.259,10;-0,001739316;EUR
Muster ausgewogen cVV;31.12.2020;0,0038830602;6.295,07;1,1530861567;923.554,17;0,001713207;EUR
Muster ausgewogen cVV;01.01.2021;0,0000064231;10,45;1,1531438014;923.564,62;0;EUR
Muster ausgewogen cVV;02.01.2021;0,0000064231;10,45;1,1531568531;923.575,08;0;EUR
Muster ausgewogen cVV;03.01.2021;0,0000064230;10,45;1,1531699049;923.585,53;0;EUR
Muster ausgewogen cVV;04.01.2021;-0,0008362076;-1.360,92;1,1515151953;922.224,61;-0,001845091;EUR
Muster ausgewogen cVV;05.01.2021;0,0008758660;1.424,27;1,1533381243;923.648,88;-0,000186139;EUR
Muster ausgewogen cVV;06.01.2021;-0,0035418875;-5.764,60;1,1461842495;917.884,28;0,005262511;EUR
Muster ausgewogen cVV;07.01.2021;0,0116905950;18.959,65;1,1699047489;936.843,92;0,005088435;EUR
Muster ausgewogen cVV;08.01.2021;0,0077812292;12.767,02;1,1858935714;949.610,94;0,003403897;EUR
Muster ausgewogen cVV;09.01.2021;0,0000063219;10,45;1,1859066257;949.621,40;0;EUR
Muster ausgewogen cVV;10.01.2021;0,0000063218;10,45;1,1859196800;949.631,85;0;EUR
Muster ausgewogen cVV;11.01.2021;-0,0023817466;-3.938,30;1,1810469609;945.693,55;-0,002337943;EUR
Muster ausgewogen cVV;12.01.2021;-0,0049921582;-8.235,04;1,1708075635;937.458,51;-0,000708029;EUR
Muster ausgewogen cVV;13.01.2021;0,0075953422;12.466,69;1,1864230862;949.925,20;0,001468360;EUR
Muster ausgewogen cVV;14.01.2021;-0,0016790831;-2.776,91;1,1830003216;947.148,29;0,001924516;EUR
Muster ausgewogen cVV;15.01.2021;-0,0024723228;-4.081,93;1,1779472206;943.066,36;-0,005070970;EUR
Muster ausgewogen cVV;16.01.2021;0,0000045947;7,57;1,1779566727;943.073,93;0;EUR
Muster ausgewogen cVV;17.01.2021;0,0000063518;10,46;1,1779697394;943.084,39;0;EUR
Muster ausgewogen cVV;18.01.2021;0,0009710392;1.599,29;1,1800126804;944.683,68;0,001005621;EUR
Muster ausgewogen cVV;19.01.2021;0,0041798144;6.890,78;1,1886656542;951.574,46;0,000046597;EUR
Muster ausgewogen cVV;20.01.2021;0,0122815449;20.331,81;1,2141098549;971.906,27;0,005269769;EUR
Muster ausgewogen cVV;21.01.2021;-0,0012244529;-2.051,95;1,2115930144;969.854,32;-0,001426300;EUR
Muster ausgewogen cVV;22.01.2021;0,0000489730;81,97;1,2117418548;969.936,29;-0,001564745;EUR
Muster ausgewogen cVV;23.01.2021;0,0000062498;10,46;1,2117549240;969.946,75;0;EUR
Muster ausgewogen cVV;24.01.2021;0,0000062498;10,46;1,2117679932;969.957,21;0;EUR
Muster ausgewogen cVV;25.01.2021;0,0026332566;4.407,70;1,2173211622;974.364,91;-0,002502247;EUR
Muster ausgewogen cVV;26.01.2021;0,0003904975;655,36;1,2181865658;975.020,27;0,002878819;EUR
Muster ausgewogen cVV;27.01.2021;-0,0122048647;-20.491,02;1,1926307940;954.529,25;-0,008188113;EUR
Muster ausgewogen cVV;28.01.2021;0,0019203017;3.184,69;1,1966556363;957.713,94;0,001598985;EUR
Muster ausgewogen cVV;29.01.2021;-0,0100915187;-16.768,23;1,1757488025;940.945,71;-0,009750182;EUR
Muster ausgewogen cVV;30.01.2021;0,0000063600;10,46;1,1757618742;940.956,17;0;EUR
Muster ausgewogen cVV;31.01.2021;0,0000063599;10,46;1,1757749459;940.966,64;0;EUR
Muster ausgewogen cVV;01.02.2021;0,0162888238;26.792,97;1,2093000047;967.759,61;0,008347167;EUR
Muster ausgewogen cVV;02.02.2021;0,0081278850;13.587,07;1,2263250399;981.346,68;0,007873728;EUR
Muster ausgewogen cVV;03.02.2021;0,0044398744;7.482,29;1,2357223070;988.828,97;0,002560206;EUR
Muster ausgewogen cVV;04.02.2021;0,0075887996;12.845,80;1,2518231930;1.001.674,77;0,004597235;EUR
Muster ausgewogen cVV;05.02.2021;-0,0018001833;-3.070,35;1,2480336304;998.604,42;0,000399941;EUR
Muster ausgewogen cVV;06.02.2021;0,0000061446;10,46;1,2480467046;998.614,88;0;EUR
Muster ausgewogen cVV;07.02.2021;0,0000061446;10,46;1,2480597787;998.625,34;0;EUR
Muster ausgewogen cVV;08.02.2021;0,0068601885;11.679,66;1,2627048329;1.010.305,00;0,001680878;EUR
Muster ausgewogen cVV;09.02.2021;-0,0026509336;-4.544,25;1,2570731503;1.005.760,75;-0,001516309;EUR
Muster ausgewogen cVV;10.02.2021;0,0006191068;1.058,46;1,2584439538;1.006.819,21;-0,001892913;EUR
Muster ausgewogen cVV;11.02.2021;0,0040461166;6.921,78;1,2671437852;1.013.740,99;0,002862272;EUR
Muster ausgewogen cVV;12.02.2021;0,0022734458;3.904,97;1,2720731892;1.017.645,96;0,000961286;EUR
Muster ausgewogen cVV;13.02.2021;0,0000060766;10,46;1,2720862659;1.017.656,42;0;EUR
Muster ausgewogen cVV;14.02.2021;0,0000060766;10,46;1,2720993425;1.017.666,88;0;EUR
Muster ausgewogen cVV;15.02.2021;-0,0015901292;-2.737,52;1,2687255677;1.014.929,36;0,001011037;EUR
Muster ausgewogen cVV;16.02.2021;-0,0016158859;-2.777,44;1,2653016038;1.012.151,93;-0,000968807;EUR
Muster ausgewogen cVV;17.02.2021;-0,0045329480;-7.778,78;1,2556248765;1.004.373,15;-0,001805044;EUR
Muster ausgewogen cVV;18.02.2021;-0,0060583905;-10.349,40;1,2427335901;994.023,75;-0,002820867;EUR
Muster ausgewogen cVV;19.02.2021;-0,0028769810;-4.884,90;1,2366732986;989.138,85;0,000801597;EUR
Muster ausgewogen cVV;20.02.2021;0,0000061877;10,48;1,2366863963;989.149,32;0;EUR
Muster ausgewogen cVV;21.02.2021;0,0000061877;10,48;1,2366994940;989.159,80;0;EUR
Muster ausgewogen cVV;22.02.2021;-0,0112353465;-19.022,13;1,2129629332;970.137,67;-0,002164720;EUR
Muster ausgewogen cVV;23.02.2021;-0,0074975305;-12.488,90;1,1973972864;957.648,77;-0,002295687;EUR
Muster ausgewogen cVV;24.02.2021;0,0016328873;2.699,56;1,2008220170;960.348,33;0,003690213;EUR
Muster ausgewogen cVV;25.02.2021;-0,0164820500;-27.293,37;1,1667422159;933.054,96;-0,008891271;EUR
Muster ausgewogen cVV;26.02.2021;-0,0002330604;-379,57;1,1663154298;932.675,39;-0,002716593;EUR
Muster ausgewogen cVV;27.02.2021;0,0000064338;10,48;1,1663285302;932.685,87;0;EUR
Muster ausgewogen cVV;28.02.2021;0,0000064338;10,48;1,1663416305;932.696,34;0;EUR
Muster ausgewogen cVV;01.03.2021;0,0170622577;27.782,36;1,2011328666;960.478,70;0,012840467;EUR
Muster ausgewogen cVV;02.03.2021;-0,0068026424;-11.265,69;1,1870931346;949.213,01;-0,000953934;EUR
Muster ausgewogen cVV;03.03.2021;-0,0092791479;-15.262,43;1,1680536576;933.950,58;-0,002484750;EUR
Muster ausgewogen cVV;04.03.2021;-0,0065239652;-10.631,11;1,1548050341;923.319,47;-0,002612527;EUR
Muster ausgewogen cVV;05.03.2021;0,0021174856;3.428,03;1,1591399281;926.747,50;0,002095688;EUR
Muster ausgewogen cVV;06.03.2021;0,0000064573;10,48;1,1591530311;926.757,97;0;EUR
Muster ausgewogen cVV;07.03.2021;0,0000064573;10,48;1,1591661342;926.768,45;0;EUR
Muster ausgewogen cVV;08.03.2021;-0,0005735684;-930,54;1,1580496011;925.837,91;0,008519630;EUR
Muster ausgewogen cVV;09.03.2021;0,0131051766;21.249,19;1,1846767582;947.087,10;0,004387190;EUR
Muster ausgewogen cVV;10.03.2021;0,0006858643;1.126,66;1,1861344925;948.213,76;0,002767357;EUR
Muster ausgewogen cVV;11.03.2021;0,0095277345;15.661,79;1,2057752677;963.875,55;0,002348628;EUR
Muster ausgewogen cVV;12.03.2021;-0,0051926304;-8.617,03;1,1950444078;955.258,52;-0,000911264;EUR
Muster ausgewogen cVV;13.03.2021;0,0000050389;8,32;1,1950548143;955.266,84;0;EUR
Muster ausgewogen cVV;14.03.2021;0,0000050389;8,32;1,1950652209;955.275,16;0;EUR
Muster ausgewogen cVV;15.03.2021;0,0040306857;6.654,15;1,2034387277;961.929,31;0,001834332;EUR
Muster ausgewogen cVV;16.03.2021;0,0059120757;9.799,42;1,2157479971;971.728,73;0,002267899;EUR
Muster ausgewogen cVV;17.03.2021;-0,0030439652;-5.075,28;1,2094474637;966.653,44;0,000067854;EUR
Muster ausgewogen cVV;18.03.2021;-0,0022865424;-3.800,81;1,2047410360;962.852,64;0,000193160;EUR
Muster ausgewogen cVV;19.03.2021;-0,0015548915;-2.578,71;1,2015633694;960.273,93;-0,002203828;EUR
Muster ausgewogen cVV;20.03.2021;0,0000050236;8,32;1,2015737781;960.282,25;0;EUR
Muster ausgewogen cVV;21.03.2021;0,0000050236;8,32;1,2015841868;960.290,57;0;EUR
Muster ausgewogen cVV;22.03.2021;0,0046849919;7.757,82;1,2113405604;968.048,39;0,001684283;EUR
Muster ausgewogen cVV;23.03.2021;0,0005880736;978,35;1,2126140452;969.026,73;-0,000155902;EUR
Muster ausgewogen cVV;24.03.2021;-0,0057700053;-9.604,89;1,2006434918;959.421,85;-0,001611882;EUR
Muster ausgewogen cVV;25.03.2021;-0,0003030061;-501,48;1,2000646186;958.920,36;0,002395778;EUR
Muster ausgewogen cVV;26.03.2021;0,0073665251;12.188,04;1,2153669298;971.108,41;0,005005570;EUR
Muster ausgewogen cVV;27.03.2021;0,0000049910;8,32;1,2153773406;971.116,73;0;EUR
Muster ausgewogen cVV;28.03.2021;0,0000049910;8,32;1,2153877514;971.125,04;0;EUR
Muster ausgewogen cVV;29.03.2021;-0,0001075972;-179,33;1,2152125582;970.945,71;0,001119378;EUR
Muster ausgewogen cVV;30.03.2021;0,0005579144;929,79;1,2164255280;971.875,50;0,002706294;EUR
Muster ausgewogen cVV;31.03.2021;0,0054416990;9.073,88;1,2278323455;980.949,38;0,000371439;EUR
Muster ausgewogen cVV;01.04.2021;0,0086230494;14.456,94;1,2459781810;995.406,32;0,004844600;EUR
Muster ausgewogen cVV;02.04.2021;0,0004113393;695,58;1,2468992680;996.101,90;0,000149740;EUR
Muster ausgewogen cVV;03.04.2021;0,0000049172;8,32;1,2469096809;996.110,22;0;EUR
Muster ausgewogen cVV;04.04.2021;0,0000049172;8,32;1,2469200938;996.118,53;0;EUR
Muster ausgewogen cVV;05.04.2021;0,0033896380;5.734,30;1,2541488507;1.001.852,84;0,001944850;EUR
Muster ausgewogen cVV;06.04.2021;0,0007761919;1.317,55;1,2558489117;1.003.170,38;0,001231241;EUR
Muster ausgewogen cVV;07.04.2021;0,0001140742;193,79;1,2561422073;1.003.364,17;-0,001402335;EUR
Muster ausgewogen cVV;08.04.2021;0,0048528176;8.244,75;1,2665151467;1.011.608,92;0,002023014;EUR
Muster ausgewogen cVV;09.04.2021;0,0025739655;4.394,29;1,2720679948;1.016.003,20;0,001216324;EUR
Muster ausgewogen cVV;10.04.2021;0,0000048601;8,32;1,2720784098;1.016.011,52;0;EUR
Muster ausgewogen cVV;11.04.2021;0,0000048600;8,32;1,2720888249;1.016.019,84;0;EUR
Muster ausgewogen cVV;12.04.2021;0,0008351765;1.429,50;1,2739299338;1.017.449,34;-0,000836837;EUR
Muster ausgewogen cVV;13.04.2021;0,0054853290;9.396,62;1,2857470473;1.026.845,97;0,000781126;EUR
Muster ausgewogen cVV;14.04.2021;-0,0065167421;-11.224,72;1,2717433975;1.015.621,25;-0,002181324;EUR
Muster ausgewogen cVV;15.04.2021;0,0104008514;17.798,12;1,2940819502;1.033.419,38;0,003672120;EUR
Muster ausgewogen cVV;16.04.2021;0,0030768743;5.319,97;1,3007960746;1.038.739,34;0,003775663;EUR
Muster ausgewogen cVV;17.04.2021;0,0000047964;8,32;1,3008064918;1.038.747,66;0;EUR
Muster ausgewogen cVV;18.04.2021;0,0000047963;8,32;1,3008169089;1.038.755,98;0;EUR
Muster ausgewogen cVV;19.04.2021;-0,0067150091;-11.646,19;1,2862842460;1.027.109,78;-0,003552325;EUR
Muster ausgewogen cVV;20.04.2021;-0,0063812355;-10.993,00;1,2725684388;1.016.116,79;-0,006543962;EUR
Muster ausgewogen cVV;21.04.2021;0,0059688735;10.217,00;1,2854156280;1.026.333,79;0,003165211;EUR
Muster ausgewogen cVV;22.04.2021;0,0010795813;1.858,96;1,2877955029;1.028.192,75;0,001379032;EUR
Muster ausgewogen cVV;23.04.2021;0,0014577462;2.512,85;1,2909945483;1.030.705,60;0,000611060;EUR
Muster ausgewogen cVV;24.04.2021;0,0000048187;8,32;1,2910049675;1.030.713,92;0;EUR
Muster ausgewogen cVV;25.04.2021;0,0000048187;8,32;1,2910153867;1.030.722,24;0;EUR
Muster ausgewogen cVV;26.04.2021;0,0014483530;2.500,32;1,2941989644;1.033.222,56;0,000459465;EUR
Muster ausgewogen cVV;27.04.2021;-0,0009331513;-1.613,25;1,2922299635;1.031.609,31;-0,001141227;EUR
Muster ausgewogen cVV;28.04.2021;-0,0026916586;-4.649,05;1,2864578722;1.026.960,26;0,000246380;EUR
Muster ausgewogen cVV;29.04.2021;-0,0030249336;-5.210,62;1,2799817867;1.021.749,64;-0,002313532;EUR
Muster ausgewogen cVV;30.04.2021;-0,0011549994;-1.983,53;1,2775479985;1.019.766,10;-0,000534616;EUR
Muster ausgewogen cVV;01.05.2021;0,0000048494;8,32;1,2775584197;1.019.774,42;0;EUR
Muster ausgewogen cVV;02.05.2021;0,0000048494;8,32;1,2775688410;1.019.782,74;0;EUR
Muster ausgewogen cVV;03.05.2021;0,0036183088;6.206,77;1,2853959336;1.025.989,51;0,001915470;EUR
Muster ausgewogen cVV;04.05.2021;-0,0086758428;-14.936,21;1,2667338824;1.011.053,30;-0,006977248;EUR
Muster ausgewogen cVV;05.05.2021;0,0067438300;11.509,36;1,2812049006;1.022.562,66;0,006646634;EUR
Muster ausgewogen cVV;06.05.2021;0,0004486230;770,81;1,2822217931;1.023.333,46;0,001056814;EUR
Muster ausgewogen cVV;07.05.2021;0,0024471393;4.206,46;1,2875437328;1.027.539,93;0,003790398;EUR
Muster ausgewogen cVV;08.05.2021;0,0000048275;8,32;1,2875541562;1.027.548,24;0;EUR
Muster ausgewogen cVV;09.05.2021;0,0000048275;8,32;1,2875645796;1.027.556,56;0;EUR
Muster ausgewogen cVV;10.05.2021;-0,0049201588;-8.478,19;1,2769919659;1.019.078,37;-0,001923796;EUR
Muster ausgewogen cVV;11.05.2021;-0,0076410611;-13.101,94;1,2606242961;1.005.976,44;-0,008401689;EUR
Muster ausgewogen cVV;12.05.2021;-0,0053720077;-9.140,86;1,2492192498;996.835,57;-0,002844513;EUR
Muster ausgewogen cVV;13.05.2021;0,0023994728;4.060,95;1,2543582319;1.000.896,52;0,002047695;EUR
Muster ausgewogen cVV;14.05.2021;0,0065676190;11.141,92;1,2683720695;1.012.038,44;0,006370898;EUR
Muster ausgewogen cVV;15.05.2021;0,0000048714;8,32;1,2683824949;1.012.046,76;0;EUR
Muster ausgewogen cVV;16.05.2021;0,0000048713;8,32;1,2683929203;1.012.055,08;0;EUR
Muster ausgewogen cVV;17.05.2021;0,0006672290;1.139,39;1,2698713311;1.013.194,47;-0,000967124;EUR
Muster ausgewogen cVV;18.05.2021;-0,0035677742;-6.096,58;1,2622803711;1.007.097,89;-0,002124601;EUR
Muster ausgewogen cVV;19.05.2021;-0,0037930632;-6.458,43;1,2542352263;1.000.639,46;-0,005910501;EUR
Muster ausgewogen cVV;20.05.2021;0,0084994702;14.417,11;1,2723565534;1.015.056,57;0,006722511;EUR
Muster ausgewogen cVV;21.05.2021;0,0019981940;3.418,22;1,2766918103;1.018.474,79;0,002251475;EUR
Muster ausgewogen cVV;22.05.2021;0,0000048531;8,32;1,2767022378;1.018.483,11;0;EUR
Muster ausgewogen cVV;23.05.2021;0,0000048530;8,32;1,2767126653;1.018.491,42;0;EUR
Muster ausgewogen cVV;24.05.2021;0,0040548555;6.950,38;1,2854760935;1.025.441,80;0,001395845;EUR
Muster ausgewogen cVV;25.05.2021;0,0011163689;1.921,31;1,2879355841;1.027.363,12;0,000650022;EUR
Muster ausgewogen cVV;26.05.2021;0,0037430372;6.449,10;1,2960716451;1.033.812,22;0,001250521;EUR
Muster ausgewogen cVV;27.05.2021;-0,0014602730;-2.525,41;1,2929566895;1.031.286,81;-0,000784816;EUR
Muster ausgewogen cVV;28.05.2021;0,0039990494;6.905,89;1,3016662434;1.038.192,71;0,003263891;EUR
Muster ausgewogen cVV;29.05.2021;0,0000047979;8,32;1,3016766730;1.038.201,02;0;EUR
Muster ausgewogen cVV;30.05.2021;0,0000047978;8,32;1,3016871025;1.038.209,34;0;EUR
Muster ausgewogen cVV;31.05.2021;-0,0020242926;-3.509,73;1,2973378870;1.034.699,61;-0,002883990;EUR
Muster ausgewogen cVV;01.06.2021;0,0002734786;473,20;1,2979824124;1.035.172,81;0,002571998;EUR
Muster ausgewogen cVV;02.06.2021;0,0025353486;4.388,10;1,3035359719;1.039.560,92;0,002097879;EUR
Muster ausgewogen cVV;03.06.2021;-0,0002941877;-510,46;1,3029472392;1.039.050,45;0,000765454;EUR
Muster ausgewogen cVV;04.06.2021;0,0065772745;11.409,25;1,3173060849;1.050.459,70;0,002971016;EUR
Muster ausgewogen cVV;05.06.2021;0,0000047642;8,32;1,3173165165;1.050.468,02;0;EUR
Muster ausgewogen cVV;06.06.2021;0,0000047641;8,32;1,3173269481;1.050.476,34;0;EUR
Muster ausgewogen cVV;07.06.2021;0,0013293467;2.321,14;1,3202896928;1.052.797,48;-0,000620229;EUR
Muster ausgewogen cVV;08.06.2021;0,0000094254;16,48;1,3203623059;1.052.813,96;-0,000222458;EUR
Muster ausgewogen cVV;09.06.2021;0,0020162065;3.525,16;1,3248353930;1.056.339,11;-0,000756373;EUR
Muster ausgewogen cVV;10.06.2021;0,0040609916;7.114,60;1,3338107668;1.063.453,71;0,001001785;EUR
Muster ausgewogen cVV;11.06.2021;0,0060061647;10.565,15;1,3471147517;1.074.018,86;0,003996088;EUR
Muster ausgewogen cVV;12.06.2021;0,0000047007;8,32;1,3471251854;1.074.027,18;0;EUR
Muster ausgewogen cVV;13.06.2021;0,0000047007;8,32;1,3471356190;1.074.035,50;0;EUR
Muster ausgewogen cVV;14.06.2021;0,0007887126;1.395,73;1,3489391985;1.075.431,23;-0,000141227;EUR
Muster ausgewogen cVV;15.06.2021;-0,0028441098;-5.037,00;1,3426738435;1.070.394,23;0,000365255;EUR
Muster ausgewogen cVV;16.06.2021;0,0020927557;3.695,79;1,3473625667;1.074.090,02;-0,000718755;EUR
Muster ausgewogen cVV;17.06.2021;0,0060515783;10.709,40;1,3608499999;1.084.799,42;0,002544105;EUR
Muster ausgewogen cVV;18.06.2021;-0,0023951560;-4.264,33;1,3555536095;1.080.535,09;-0,006197951;EUR
Muster ausgewogen cVV;19.06.2021;0,0000046835;8,32;1,3555640452;1.080.543,41;0;EUR
Muster ausgewogen cVV;20.06.2021;0,0000046835;8,32;1,3555744810;1.080.551,73;0;EUR
Muster ausgewogen cVV;21.06.2021;0,0028554345;5.071,68;1,3619903105;1.085.623,40;0,003050243;EUR
Muster ausgewogen cVV;22.06.2021;0,0031476400;5.606,64;1,3690777856;1.091.230,04;0,002176166;EUR
Muster ausgewogen cVV;23.06.2021;-0,0003730239;-666,53;1,3682950383;1.090.563,51;-0,003830552;EUR
Muster ausgewogen cVV;24.06.2021;0,0052408774;9.361,05;1,3800939668;1.099.924,56;0,003980760;EUR
Muster ausgewogen cVV;25.06.2021;0,0008434100;1.514,36;1,3820480288;1.101.438,92;0,000299820;EUR
Muster ausgewogen cVV;26.06.2021;0,0000046290;8,32;1,3820584666;1.101.447,24;0;EUR
Muster ausgewogen cVV;27.06.2021;0,0000046290;8,32;1,3820689044;1.101.455,56;0;EUR
Muster ausgewogen cVV;28.06.2021;0,0044173188;7.938,15;1,3920837574;1.109.393,71;0,000110091;EUR
Muster ausgewogen cVV;29.06.2021;0,0021951722;3.962,27;1,3971101602;1.113.355,98;0,002509470;EUR
Muster ausgewogen cVV;30.06.2021;-0,0011944958;-2.160,79;1,3944530262;1.111.195,19;-0,001705597;EUR
Muster ausgewogen cVV;01.07.2021;0,0019846126;3.585,78;1,3990073749;1.114.780,97;0,001920537;EUR
Muster ausgewogen cVV;02.07.2021;0,0047331354;8.568,76;1,4098157386;1.123.349,73;0,003197812;EUR
Muster ausgewogen cVV;03.07.2021;0,0000045732;8,32;1,4098261784;1.123.358,05;0;EUR
Muster ausgewogen cVV;04.07.2021;0,0000045732;8,32;1,4098366182;1.123.366,37;0;EUR
Muster ausgewogen cVV;05.07.2021;0,0003206231;583,20;1,4106234368;1.123.949,57;-0,000224350;EUR
Muster ausgewogen cVV;06.07.2021;0,0021321582;3.879,56;1,4155475704;1.127.829,13;-0,001456375;EUR
Muster ausgewogen cVV;07.07.2021;0,0055903430;10.193,58;1,4283971341;1.138.022,71;0,004551714;EUR
Muster ausgewogen cVV;08.07.2021;-0,0121023484;-22.191,10;1,4005982280;1.115.831,61;-0,007352226;EUR
Muster ausgewogen cVV;09.07.2021;0,0061966071;11.224,71;1,4147424772;1.127.056,32;0,006343389;EUR
Muster ausgewogen cVV;10.07.2021;0,0000045639;8,32;1,4147529190;1.127.064,64;0;EUR
Muster ausgewogen cVV;11.07.2021;0,0000045639;8,32;1,4147633608;1.127.072,96;0;EUR
Muster ausgewogen cVV;12.07.2021;0,0048941081;8.920,34;1,4260159956;1.135.993,30;0,002945316;EUR
Muster ausgewogen cVV;13.07.2021;0,0033549220;6.144,84;1,4337852394;1.142.138,14;0,000198389;EUR
Muster ausgewogen cVV;14.07.2021;-0,0025597515;-4.704,14;1,4279352280;1.137.434,00;0,000323828;EUR
Muster ausgewogen cVV;15.07.2021;-0,0031977982;-5.861,66;1,4206315246;1.131.572,33;-0,003598576;EUR
Muster ausgewogen cVV;16.07.2021;-0,0039636542;-7.242,27;1,4115938765;1.124.330,07;-0,002523992;EUR
Muster ausgewogen cVV;17.07.2021;0,0000045708;8,32;1,4116043204;1.124.338,38;0;EUR
Muster ausgewogen cVV;18.07.2021;0,0000045708;8,32;1,4116147642;1.124.346,70;0;EUR
Muster ausgewogen cVV;19.07.2021;-0,0074880814;-13.627,89;1,3945589441;1.110.718,82;-0,010013415;EUR
Muster ausgewogen cVV;20.07.2021;0,0053328836;9.632,87;1,4067078582;1.120.351,69;0,005427715;EUR
Muster ausgewogen cVV;21.07.2021;0,0053325714;9.683,68;1,4189214702;1.130.035,36;0,005277874;EUR
Muster ausgewogen cVV;22.07.2021;0,0080065049;14.616,93;1,4373306449;1.144.652,30;0,002526138;EUR
Muster ausgewogen cVV;23.07.2021;0,0064019474;11.781,18;1,4521802354;1.156.433,47;0,005339404;EUR
Muster ausgewogen cVV;24.07.2021;0,0000044916;8,32;1,4521906812;1.156.441,79;0;EUR
Muster ausgewogen cVV;25.07.2021;0,0000044915;8,32;1,4522011271;1.156.450,11;0;EUR
Muster ausgewogen cVV;26.07.2021;-0,0060206112;-11.150,45;1,4382545419;1.145.299,66;-0,001055261;EUR
Muster ausgewogen cVV;27.07.2021;-0,0082514273;-15.190,02;1,4192338057;1.130.109,63;-0,002447957;EUR
Muster ausgewogen cVV;28.07.2021;0,0055281766;10.092,83;1,4319639400;1.140.202,46;0,001748360;EUR
Muster ausgewogen cVV;29.07.2021;0,0001268181;232,81;1,4323114931;1.140.435,27;0,001006887;EUR
Muster ausgewogen cVV;30.07.2021;-0,0045164253;-8.292,30;1,4219516457;1.132.142,97;-0,002488641;EUR
Muster ausgewogen cVV;31.07.2021;0,0000045512;8,32;1,4219620936;1.132.151,29;0;EUR
Muster ausgewogen cVV;01.08.2021;0,0000045512;8,32;1,4219725415;1.132.159,61;0;EUR
Muster ausgewogen cVV;02.08.2021;0,0029374894;5.369,02;1,4287708980;1.137.528,62;0,000817269;EUR
Muster ausgewogen cVV;03.08.2021;0,0042103116;7.718,03;1,4385202913;1.145.246,65;0,001634809;EUR
Muster ausgewogen cVV;04.08.2021;0,0050422197;9.281,94;1,4502348680;1.154.528,59;0,002027984;EUR
Muster ausgewogen cVV;05.08.2021;0,0030602450;5.661,84;1,4574028295;1.160.190,43;0,002559214;EUR
Muster ausgewogen cVV;06.08.2021;-0,0023668969;-4.392,46;1,4519408643;1.155.797,97;0,000813405;EUR
Muster ausgewogen cVV;07.08.2021;0,0000044931;8,32;1,4519513142;1.155.806,29;0;EUR
Muster ausgewogen cVV;08.08.2021;0,0000044931;8,32;1,4519617641;1.155.814,61;0;EUR
Muster ausgewogen cVV;09.08.2021;0,0006159253;1.140,33;1,4534500335;1.156.954,94;-0,000112961;EUR
Muster ausgewogen cVV;10.08.2021;0,0004254469;788,16;1,4544959464;1.157.743,10;0,001158570;EUR
Muster ausgewogen cVV;11.08.2021;0,0004968761;920,88;1,4557086482;1.158.663,98;0,001216547;EUR
Muster ausgewogen cVV;12.08.2021;0,0023702531;4.395,07;1,4612864345;1.163.059,05;0,002433231;EUR
Muster ausgewogen cVV;13.08.2021;0,0012067104;2.242,86;1,4641604409;1.165.301,91;0,000014821;EUR
Muster ausgewogen cVV;14.08.2021;0,0000044701;8,32;1,4641708928;1.165.310,23;0;EUR
Muster ausgewogen cVV;15.08.2021;0,0000044701;8,32;1,4641813447;1.165.318,55;0;EUR
Muster ausgewogen cVV;16.08.2021;0,0004770737;887,79;1,4653528810;1.166.206,34;-0,000800832;EUR
Muster ausgewogen cVV;17.08.2021;0,0014956331;2.784,57;1,4689078926;1.168.990,91;-0,000251500;EUR
Muster ausgewogen cVV;18.08.2021;-0,0022568784;-4.208,15;1,4636760273;1.164.782,77;-0,000799363;EUR
Muster ausgewogen cVV;19.08.2021;-0,0020906567;-3.889,42;1,4588442658;1.160.893,35;-0,003652916;EUR
Muster ausgewogen cVV;20.08.2021;0,0048501073;9.004,18;1,4702155368;1.169.897,53;0,002211818;EUR
Muster ausgewogen cVV;21.08.2021;0,0000044591;8,32;1,4702259907;1.169.905,85;0;EUR
Muster ausgewogen cVV;22.08.2021;0,0000044591;8,32;1,4702364445;1.169.914,16;0;EUR
Muster ausgewogen cVV;23.08.2021;0,0057526629;10.731,66;1,4837795639;1.180.645,82;0,001891183;EUR
Muster ausgewogen cVV;24.08.2021;0,0002242814;420,81;1,4843650023;1.181.066,63;0,001106669;EUR
Muster ausgewogen cVV;25.08.2021;-0,0014614286;-2.742,61;1,4809745171;1.178.324,02;-0,000967308;EUR
Muster ausgewogen cVV;26.08.2021;-0,0028973869;-5.380,17;1,4742781552;1.172.943,85;-0,002478072;EUR
Muster ausgewogen cVV;27.08.2021;0,0038415770;7.112,77;1,4832842769;1.180.056,62;0,002111049;EUR
Muster ausgewogen cVV;28.08.2021;0,0000044756;8,32;1,4832947329;1.180.064,94;0;EUR
Muster ausgewogen cVV;29.08.2021;0,0000044756;8,32;1,4833051889;1.180.073,25;0;EUR
Muster ausgewogen cVV;30.08.2021;0,0034094507;6.336,98;1,4913369003;1.186.410,24;0,001591490;EUR
Muster ausgewogen cVV;31.08.2021;-0,0031167648;-5.812,73;1,4840962183;1.180.597,51;-0,002094934;EUR
Muster ausgewogen cVV;01.09.2021;0,0003204555;595,78;1,4849111768;1.181.193,29;-0,000498222;EUR
Muster ausgewogen cVV;02.09.2021;0,0010789531;2.006,61;1,4874998324;1.183.199,90;0,001075143;EUR
Muster ausgewogen cVV;03.09.2021;0,0000771151;143,57;1,4877463956;1.183.343,47;-0,001370434;EUR
Muster ausgewogen cVV;04.09.2021;0,0000044677;8,32;1,4877568540;1.183.351,79;0;EUR
Muster ausgewogen cVV;05.09.2021;0,0000044677;8,32;1,4877673123;1.183.360,10;0;EUR
Muster ausgewogen cVV;06.09.2021;0,0031689534;5.900,40;1,4952518905;1.189.260,50;0,003261761;EUR
Muster ausgewogen cVV;07.09.2021;-0,0020064081;-3.747,65;1,4906061103;1.185.512,85;-0,002758555;EUR
Muster ausgewogen cVV;08.09.2021;-0,0043038976;-8.022,86;1,4805841967;1.177.489,99;-0,003941454;EUR
Muster ausgewogen cVV;09.09.2021;-0,0025635841;-4.758,19;1,4746665574;1.172.731,81;-0,000186174;EUR
Muster ausgewogen cVV;10.09.2021;-0,0000500881;-92,73;1,4746152562;1.172.639,08;-0,001996004;EUR
Muster ausgewogen cVV;11.09.2021;0,0000044935;8,32;1,4746257168;1.172.647,39;0;EUR
Muster ausgewogen cVV;12.09.2021;0,0000044935;8,32;1,4746361775;1.172.655,71;0;EUR
Muster ausgewogen cVV;13.09.2021;-0,0026446107;-4.895,79;1,4685446218;1.167.759,92;0,002275247;EUR
Muster ausgewogen cVV;14.09.2021;0,0029603945;5.465,89;1,4754836519;1.173.225,81;-0,000577912;EUR
Muster ausgewogen cVV;15.09.2021;-0,0000148692;-27,53;1,4755142552;1.173.198,27;-0,000950214;EUR
Muster ausgewogen cVV;16.09.2021;-0,0003565029;-660,16;1,4747491384;1.172.538,11;0,001179097;EUR
Muster ausgewogen cVV;17.09.2021;-0,0049686873;-9.197,62;1,4632455312;1.163.340,49;-0,004476703;EUR
Muster ausgewogen cVV;18.09.2021;0,0000045162;8,32;1,4632559942;1.163.348,81;0;EUR
Muster ausgewogen cVV;19.09.2021;0,0000045162;8,32;1,4632664572;1.163.357,13;0;EUR
Muster ausgewogen cVV;20.09.2021;-0,0087573964;-16.130,56;1,4430411816;1.147.226,56;-0,009062845;EUR
Muster ausgewogen cVV;21.09.2021;0,0056251674;10.270,46;1,4560241276;1.157.497,02;0,004017571;EUR
Muster ausgewogen cVV;22.09.2021;0,0045911171;8.429,64;1,4666924945;1.165.926,66;0,004276364;EUR
Muster ausgewogen cVV;23.09.2021;0,0011265683;2.077,96;1,4693712358;1.168.004,62;0,003317629;EUR
Muster ausgewogen cVV;24.09.2021;-0,0011921253;-2.201,36;1,4666664739;1.165.803,27;-0,001614646;EUR
Muster ausgewogen cVV;25.09.2021;0,0000045102;8,32;1,4666769392;1.165.811,58;0;EUR
Muster ausgewogen cVV;26.09.2021;0,0000045102;8,32;1,4666874045;1.165.819,90;0;EUR
Muster ausgewogen cVV;27.09.2021;-0,0062663992;-11.557,74;1,4522108325;1.154.262,16;0,000092687;EUR
Muster ausgewogen cVV;28.09.2021;-0,0162291547;-29.745,46;1,4148494400;1.124.516,70;-0,010117149;EUR
Muster ausgewogen cVV;29.09.2021;0,0037804462;6.816,51;1,4234884431;1.131.333,21;0,003393548;EUR
Muster ausgewogen cVV;30.09.2021;0,0006142541;1.111,75;1,4249498970;1.132.444,96;-0,003267067;EUR
Muster ausgewogen cVV;01.10.2021;-0,0021341850;-3.865,06;1,4201488764;1.128.579,90;-0,000007191;EUR
Muster ausgewogen cVV;02.10.2021;0,0000046031;8,32;1,4201593440;1.128.588,21;0;EUR
Muster ausgewogen cVV;03.10.2021;0,0000046031;8,32;1,4201698116;1.128.596,53;0;EUR
Muster ausgewogen cVV;04.10.2021;-0,0085088152;-15.376,92;1,4008817428;1.113.219,61;-0,005047852;EUR
Muster ausgewogen cVV;05.10.2021;0,0076605609;13.726,18;1,4182170561;1.126.945,79;0,004845258;EUR
Muster ausgewogen cVV;06.10.2021;-0,0018304346;-3.304,89;1,4141199727;1.123.640,90;-0,002797630;EUR
Muster ausgewogen cVV;07.10.2021;0,0088347598;15.922,18;1,4342211307;1.139.563,08;0,007025015;EUR
Muster ausgewogen cVV;08.10.2021;-0,0040591310;-7.380,08;1,4249951844;1.132.183,00;-0,001867668;EUR
Muster ausgewogen cVV;09.10.2021;0,0000045939;8,32;1,4250056543;1.132.191,32;0;EUR
Muster ausgewogen cVV;10.10.2021;0,0000045939;8,32;1,4250161241;1.132.199,64;0;EUR
Muster ausgewogen cVV;11.10.2021;-0,0001073792;-194,44;1,4248337592;1.132.005,20;-0,001739787;EUR
Muster ausgewogen cVV;12.10.2021;-0,0026385193;-4.777,26;1,4188827778;1.127.227,94;-0,001644493;EUR
Muster ausgewogen cVV;13.10.2021;0,0040688437;7.347,55;1,4281938401;1.134.575,48;0,002578294;EUR
Muster ausgewogen cVV;14.10.2021;0,0119357047;21.641,27;1,4554992880;1.156.216,76;0,007828387;EUR
Muster ausgewogen cVV;15.10.2021;0,0006689920;1.227,46;1,4571081093;1.157.444,22;0,003660583;EUR
Muster ausgewogen cVV;16.10.2021;0,0000045307;8,32;1,4571185814;1.157.452,54;0;EUR
Muster ausgewogen cVV;17.10.2021;0,0000045307;8,32;1,4571290536;1.157.460,86;0;EUR
Muster ausgewogen cVV;18.10.2021;-0,0005915440;-1.086,10;1,4558253050;1.156.374,76;-0,002436144;EUR
Muster ausgewogen cVV;19.10.2021;0,0041473416;7.610,18;1,4654701156;1.163.984,94;0,000920370;EUR
Muster ausgewogen cVV;20.10.2021;-0,0010909308;-2.010,11;1,4630031495;1.161.974,83;0,001446284;EUR
Muster ausgewogen cVV;21.10.2021;0,0010789854;1.985,93;1,4655674281;1.163.960,76;-0,001188473;EUR
Muster ausgewogen cVV;22.10.2021;0,0011592767;2.136,01;1,4683208722;1.166.096,77;0,000780256;EUR
Muster ausgewogen cVV;23.10.2021;0,0000045095;8,32;1,4683313467;1.166.105,09;0;EUR
Muster ausgewogen cVV;24.10.2021;0,0000045094;8,32;1,4683418211;1.166.113,41;0;EUR
Muster ausgewogen cVV;25.10.2021;0,0021988079;4.056,12;1,4735133299;1.170.169,53;0,003046122;EUR
Muster ausgewogen cVV;26.10.2021;0,0066655440;12.322,91;1,4890954982;1.182.492,45;0,003589963;EUR
Muster ausgewogen cVV;27.10.2021;0,0029177621;5.430,16;1,4959986657;1.187.922,61;-0,001527279;EUR
Muster ausgewogen cVV;28.10.2021;-0,0011554932;-2.156,73;1,4933475003;1.185.765,88;-0,000372137;EUR
Muster ausgewogen cVV;29.10.2021;0,0049882739;9.299,86;1,5051250655;1.195.065,74;0,000232687;EUR
Muster ausgewogen cVV;30.10.2021;0,0000044397;8,32;1,5051355423;1.195.074,06;0;EUR
Muster ausgewogen cVV;31.10.2021;0,0000044397;8,32;1,5051460190;1.195.082,38;0;EUR
Muster ausgewogen cVV;01.11.2021;0,0001959561;367,16;1,5056737869;1.195.449,53;0,003115926;EUR
Muster ausgewogen cVV;02.11.2021;0,0067075755;12.570,19;1,5215719982;1.208.019,72;0,005040241;EUR
Muster ausgewogen cVV;03.11.2021;0,0005315902;1.002,90;1,5229012352;1.209.022,62;0,001211917;EUR
Muster ausgewogen cVV;04.11.2021;0,0141773113;26.761,11;1,5566773509;1.235.783,73;0,004645292;EUR
Muster ausgewogen cVV;05.11.2021;-0,0060123436;-11.509,81;1,5422456096;1.224.273,93;0,001650770;EUR
Muster ausgewogen cVV;06.11.2021;0,0000043716;8,32;1,5422560885;1.224.282,24;0;EUR
Muster ausgewogen cVV;07.11.2021;0,0000043716;8,32;1,5422665675;1.224.290,56;0;EUR
Muster ausgewogen cVV;08.11.2021;0,0038670625;7.358,51;1,5516034171;1.231.649,08;-0,000679348;EUR
Muster ausgewogen cVV;09.11.2021;-0,0001983882;-378,97;1,5511931103;1.231.270,11;-0,000328544;EUR
Muster ausgewogen cVV;10.11.2021;-0,0008793381;-1.679,40;1,5491443263;1.229.590,71;-0,001015659;EUR
Muster ausgewogen cVV;11.11.2021;0,0070991830;13.546,44;1,5662789890;1.243.137,15;0,000801893;EUR
Muster ausgewogen cVV;12.11.2021;0,0037467340;7.200,16;1,5754188030;1.250.337,31;0,003069835;EUR
Muster ausgewogen cVV;13.11.2021;0,0000043125;8,32;1,5754292843;1.250.345,63;0;EUR
Muster ausgewogen cVV;14.11.2021;0,0000043125;8,32;1,5754397656;1.250.353,95;0;EUR
Muster ausgewogen cVV;15.11.2021;0,0020058101;3.869,07;1,5803829968;1.254.223,02;0,001234081;EUR
Muster ausgewogen cVV;16.11.2021;0,0055319925;10.692,25;1,5939245193;1.264.915,27;0,003472623;EUR
Muster ausgewogen cVV;17.11.2021;0,0020906841;4.063,23;1,5991135644;1.268.978,50;-0,000203912;EUR
Muster ausgewogen cVV;18.11.2021;0,0060523588;11.787,32;1,6140370019;1.280.765,81;-0,000471957;EUR
Muster ausgewogen cVV;19.11.2021;0,0076147891;14.920,00;1,6329096970;1.295.685,81;0,000510560;EUR
Muster ausgewogen cVV;20.11.2021;0,0000042135;8,32;1,6329201806;1.295.694,13;0;EUR
Muster ausgewogen cVV;21.11.2021;0,0000042134;8,32;1,6329306641;1.295.702,45;0;EUR
Muster ausgewogen cVV;22.11.2021;-0,0041193599;-8.132,78;1,6227510528;1.287.569,67;-0,001067743;EUR
Muster ausgewogen cVV;23.11.2021;-0,0094796822;-18.638,46;1,5993294155;1.268.931,21;-0,004696824;EUR
Muster ausgewogen cVV;24.11.2021;0,0031482998;6.131,35;1,6071263166;1.275.062,55;0,000398739;EUR
Muster ausgewogen cVV;25.11.2021;0,0001145140;223,72;1,6074773815;1.275.286,27;0,000767709;EUR
Muster ausgewogen cVV;26.11.2021;-0,0138452617;-27.051,77;1,5734466485;1.248.234,50;-0,017298545;EUR
Muster ausgewogen cVV;27.11.2021;0,0000043172;8,32;1,5734571343;1.248.242,82;0;EUR
Muster ausgewogen cVV;28.11.2021;0,0000043172;8,32;1,5734676201;1.248.251,14;0;EUR
Muster ausgewogen cVV;29.11.2021;0,0083674535;16.122,66;1,5938592627;1.264.373,80;0,003038376;EUR
Muster ausgewogen cVV;30.11.2021;-0,0083470611;-16.217,94;1,5734825649;1.248.155,85;-0,006721769;EUR
Muster ausgewogen cVV;01.12.2021;0,0017563663;3.384,05;1,5778163146;1.251.539,91;0,002876827;EUR
Muster ausgewogen cVV;02.12.2021;-0,0050258844;-9.700,55;1,5656539272;1.241.839,35;-0,000051729;EUR
Muster ausgewogen cVV;03.12.2021;-0,0049086414;-9.426,64;1,5538358049;1.232.412,71;-0,002706894;EUR
Muster ausgewogen cVV;04.12.2021;0,0000043530;8,32;1,5538462929;1.232.421,03;0;EUR
Muster ausgewogen cVV;05.12.2021;0,0000043530;8,32;1,5538567810;1.232.429,34;0;EUR
Muster ausgewogen cVV;06.12.2021;-0,0022327276;-4.266,76;1,5485435088;1.228.162,58;0,006505446;EUR
Muster ausgewogen cVV;07.12.2021;0,0183277248;34.946,23;1,5926740293;1.263.108,82;0,012713884;EUR
Muster ausgewogen cVV;08.12.2021;-0,0023535097;-4.569,78;1,5869797847;1.258.539,04;-0,003983110;EUR
Muster ausgewogen cVV;09.12.2021;-0,0000053026;-10,27;1,5870346620;1.258.528,76;-0,000742834;EUR
Muster ausgewogen cVV;10.12.2021;-0,0004690957;-908,69;1,5859565303;1.257.620,07;0,000521033;EUR
Muster ausgewogen cVV;11.12.2021;0,0000042963;8,32;1,5859670205;1.257.628,39;0;EUR
Muster ausgewogen cVV;12.12.2021;0,0000042963;8,32;1,5859775108;1.257.636,71;0;EUR
Muster ausgewogen cVV;13.12.2021;-0,0027017707;-5.231,21;1,5794479796;1.252.405,50;-0,000971472;EUR
Muster ausgewogen cVV;14.12.2021;-0,0082552095;-15.940,68;1,5594112258;1.236.464,82;-0,004864907;EUR
Muster ausgewogen cVV;15.12.2021;0,0076950473;14.736,35;1,5780637934;1.251.201,17;0,003702432;EUR
Muster ausgewogen cVV;16.12.2021;-0,0028468102;-5.493,72;1,5712018713;1.245.707,46;0,000657111;EUR
Muster ausgewogen cVV;17.12.2021;-0,0017674718;-3.401,12;1,5669788131;1.242.306,33;-0,002508088;EUR
Muster ausgewogen cVV;18.12.2021;0,0000043306;8,32;1,5669893056;1.242.314,65;0;EUR
Muster ausgewogen cVV;19.12.2021;0,0000043305;8,32;1,5669997981;1.242.322,97;0;EUR
Muster ausgewogen cVV;20.12.2021;-0,0037853890;-7.271,36;1,5578944214;1.235.051,61;-0,007901999;EUR
Muster ausgewogen cVV;21.12.2021;0,0047350300;9.061,10;1,5693908738;1.244.112,71;0,007125799;EUR
Muster ausgewogen cVV;22.12.2021;0,0060799621;11.689,89;1,5842045087;1.255.802,60;0,003051926;EUR
Muster ausgewogen cVV;23.12.2021;0,0033736697;6.525,96;1,5925047527;1.262.328,56;0,003916321;EUR
Muster ausgewogen cVV;24.12.2021;0,0001845126;358,12;1,5930242214;1.262.686,68;-0,000390092;EUR
Muster ausgewogen cVV;25.12.2021;0,0000042851;8,32;1,5930347161;1.262.695,00;0;EUR
Muster ausgewogen cVV;26.12.2021;0,0000042851;8,32;1,5930452108;1.262.703,32;0;EUR
Muster ausgewogen cVV;27.12.2021;0,0058485568;11.353,70;1,6074374563;1.274.057,02;0,003908690;EUR
Muster ausgewogen cVV;28.12.2021;-0,0000340513;-66,49;1,6074217811;1.273.990,53;0,002109187;EUR
Muster ausgewogen cVV;29.12.2021;-0,0023171215;-4.524,34;1,6017812579;1.269.466,19;-0,003049639;EUR
Muster ausgewogen cVV;30.12.2021;0,0011232779;2.188,20;1,6046102887;1.271.654,39;0,000074663;EUR
Muster ausgewogen cVV;31.12.2021;-0,0019066700;-3.718,45;1,5999860253;1.267.935,94;-0,001301349;EUR
Muster ausgewogen cVV;01.01.2022;0,0000042735;8,32;1,5999965222;1.267.944,25;0;EUR
Muster ausgewogen cVV;02.01.2022;0,0000042735;8,32;1,6000070192;1.267.952,57;0;EUR
Muster ausgewogen cVV;03.01.2022;-0,0021714505;-4.226,80;1,5947408257;1.263.725,78;0,003852389;EUR
Muster ausgewogen cVV;04.01.2022;-0,0064185518;-12.466,78;1,5790753728;1.251.258,99;0,002282280;EUR
Muster ausgewogen cVV;05.01.2022;-0,0091346944;-17.628,48;1,5568942747;1.233.630,51;-0,002119402;EUR
Muster ausgewogen cVV;06.01.2022;-0,0061200332;-11.702,78;1,5421900564;1.221.927,73;-0,004654211;EUR
Muster ausgewogen cVV;07.01.2022;-0,0072930748;-13.860,54;1,5247611518;1.208.067,19;-0,003768649;EUR
Muster ausgewogen cVV;08.01.2022;0,0000044091;8,32;1,5247716510;1.208.075,51;0;EUR
Muster ausgewogen cVV;09.01.2022;0,0000044091;8,32;1,5247821502;1.208.083,83;0;EUR
Muster ausgewogen cVV;10.01.2022;-0,0072217664;-13.625,04;1,5076489841;1.194.458,79;-0,003234427;EUR
Muster ausgewogen cVV;11.01.2022;0,0047378007;8.874,08;1,5189139747;1.203.332,87;0,004044165;EUR
Muster ausgewogen cVV;12.01.2022;0,0015260989;2.871,98;1,5226033785;1.206.204,86;0,001484846;EUR
Muster ausgewogen cVV;13.01.2022;-0,0136904892;-25.803,61;1,4900940662;1.180.401,25;-0,002634676;EUR
Muster ausgewogen cVV;14.01.2022;-0,0023604089;-4.387,95;1,4846174348;1.176.013,29;-0,003244131;EUR
Muster ausgewogen cVV;15.01.2022;0,0000029250;5,42;1,4846242830;1.176.018,72;0;EUR
Muster ausgewogen cVV;16.01.2022;0,0000029250;5,42;1,4846311312;1.176.024,14;0;EUR
Muster ausgewogen cVV;17.01.2022;0,0035144705;6.517,95;1,4929223600;1.182.542,09;0,001033386;EUR
Muster ausgewogen cVV;18.01.2022;-0,0092558512;-17.226,26;1,4712366723;1.165.315,83;-0,005417265;EUR
Muster ausgewogen cVV;19.01.2022;-0,0001971549;-363,53;1,4708395776;1.164.952,30;-0,001685794;EUR
Muster ausgewogen cVV;20.01.2022;0,0026586576;4.901,32;1,4770899615;1.169.853,62;0,000653905;EUR
Muster ausgewogen cVV;21.01.2022;-0,0110575368;-20.439,11;1,4513439557;1.149.414,51;-0,008763282;EUR
Muster ausgewogen cVV;22.01.2022;0,0000045506;8,32;1,4513544593;1.149.422,82;0;EUR
Muster ausgewogen cVV;23.01.2022;0,0000045506;8,32;1,4513649629;1.149.431,14;0;EUR
Muster ausgewogen cVV;24.01.2022;-0,0116087301;-21.220,87;1,4246295980;1.128.210,27;-0,009620789;EUR
Muster ausgewogen cVV;25.01.2022;-0,0052234798;-9.437,73;1,4127715604;1.118.772,54;-0,000087946;EUR
Muster ausgewogen cVV;26.01.2022;0,0064414800;11.577,60;1,4274514932;1.130.350,15;0,005592799;EUR
Muster ausgewogen cVV;27.01.2022;0,0007053194;1.275,87;1,4291226388;1.131.626,02;0,001116606;EUR
Muster ausgewogen cVV;28.01.2022;0,0059992320;10.859,84;1,4428979208;1.142.485,86;-0,000015319;EUR
Muster ausgewogen cVV;29.01.2022;0,0000045679;8,32;1,4429084266;1.142.494,18;0;EUR
Muster ausgewogen cVV;30.01.2022;0,0000045679;8,32;1,4429189324;1.142.502,49;0;EUR
Muster ausgewogen cVV;31.01.2022;0,0071702976;13.057,69;1,4594712241;1.155.560,19;0,004319965;EUR
Muster ausgewogen cVV;01.02.2022;0,0041416973;7.596,45;1,4691270293;1.163.156,64;0,003222228;EUR
Muster ausgewogen cVV;02.02.2022;0,0054680868;10.070,77;1,4819089327;1.173.227,41;0,000724395;EUR
Muster ausgewogen cVV;03.02.2022;-0,0182793460;-33.849,81;1,4392132679;1.139.377,60;-0,014824037;EUR
Muster ausgewogen cVV;04.02.2022;-0,0047758356;-8.682,26;1,4283058985;1.130.695,34;-0,007014932;EUR
Muster ausgewogen cVV;05.02.2022;0,0000045977;8,32;1,4283164065;1.130.703,66;0;EUR
Muster ausgewogen cVV;06.02.2022;0,0000045977;8,32;1,4283269146;1.130.711,98;0;EUR
Muster ausgewogen cVV;07.02.2022;-0,0021522524;-3.894,05;1,4234673688;1.126.817,93;0,000424720;EUR
Muster ausgewogen cVV;08.02.2022;-0,0017288516;-3.121,26;1,4195836569;1.123.696,66;0,002535075;EUR
Muster ausgewogen cVV;09.02.2022;0,0113666737;20.485,88;1,4455241019;1.144.182,54;0,008965329;EUR
Muster ausgewogen cVV;10.02.2022;-0,0085344218;-15.556,21;1,4259303363;1.128.626,33;-0,004979488;EUR
Muster ausgewogen cVV;11.02.2022;-0,0115173156;-20.814,15;1,3996916356;1.107.812,17;-0,003719462;EUR
Muster ausgewogen cVV;12.02.2022;0,0000046566;8,32;1,3997021458;1.107.820,49;0;EUR
Muster ausgewogen cVV;13.02.2022;0,0000046566;8,32;1,3997126560;1.107.828,81;0;EUR
Muster ausgewogen cVV;14.02.2022;-0,0029282156;-5.230,99;1,3931614764;1.102.597,82;-0,004884826;EUR
Muster ausgewogen cVV;15.02.2022;0,0094112197;16.763,04;1,4144009139;1.119.360,87;0,006697634;EUR
Muster ausgewogen cVV;16.02.2022;-0,0006661877;-1.197,77;1,4129462381;1.118.163,10;0,000591966;EUR
Muster ausgewogen cVV;17.02.2022;-0,0042213672;-7.584,71;1,4034203292;1.110.578,40;-0,005030322;EUR
Muster ausgewogen cVV;18.02.2022;-0,0057068816;-10.210,51;1,3905752731;1.100.367,89;-0,004259221;EUR
Muster ausgewogen cVV;19.02.2022;0,0000046761;8,32;1,3905857855;1.100.376,21;0;EUR
Muster ausgewogen cVV;20.02.2022;0,0000046761;8,32;1,3905962979;1.100.384,52;0;EUR
Muster ausgewogen cVV;21.02.2022;-0,0079682079;-14.175,15;1,3727396704;1.086.209,37;-0,006138067;EUR
Muster ausgewogen cVV;22.02.2022;0,0008829578;1.558,23;1,3747660318;1.087.767,61;-0,004483996;EUR
Muster ausgewogen cVV;23.02.2022;-0,0039612593;-6.996,96;1,3659796740;1.080.770,65;-0,004379571;EUR
Muster ausgewogen cVV;24.02.2022;0,0085583789;15.057,18;1,3850678027;1.095.827,83;-0,005039689;EUR
Muster ausgewogen cVV;25.02.2022;0,0074834527;13.278,69;1,4019094701;1.109.106,52;0,011798533;EUR
Muster ausgewogen cVV;26.02.2022;0,0000046532;8,32;1,4019199847;1.109.114,84;0;EUR
Muster ausgewogen cVV;27.02.2022;0,0000046532;8,32;1,4019304993;1.109.123,16;0;EUR
Muster ausgewogen cVV;28.02.2022;0,0034077227;6.091,99;1,4096891776;1.115.215,15;-0,000046408;EUR
Muster ausgewogen cVV;01.03.2022;0,0008027633;1.439,99;1,4115678536;1.116.655,14;-0,005910361;EUR
Muster ausgewogen cVV;02.03.2022;0,0025062277;4.499,27;1,4173140496;1.121.154,41;0,004010115;EUR
Muster ausgewogen cVV;03.03.2022;-0,0036671376;-6.599,87;1,4090290692;1.114.554,54;-0,007520825;EUR
Muster ausgewogen cVV;04.03.2022;-0,0037767592;-6.772,23;1,4005254573;1.107.782,30;-0,008938372;EUR
Muster ausgewogen cVV;05.03.2022;0,0000046567;8,32;1,4005359741;1.107.790,62;0;EUR
Muster ausgewogen cVV;06.03.2022;0,0000046566;8,32;1,4005464908;1.107.798,94;0;EUR
Muster ausgewogen cVV;07.03.2022;-0,0110525791;-19.744,08;1,3756416692;1.088.054,86;-0,013474811;EUR
Muster ausgewogen cVV;08.03.2022;-0,0052750068;-9.319,00;1,3639158592;1.078.735,85;-0,004650004;EUR
Muster ausgewogen cVV;09.03.2022;0,0082269668;14.457,37;1,3822523041;1.093.193,22;0,021830096;EUR
Muster ausgewogen cVV;10.03.2022;-0,0036219955;-6.417,35;1,3741947857;1.086.775,87;-0,009850672;EUR
Muster ausgewogen cVV;11.03.2022;0,0011613939;2.050,27;1,3768440607;1.088.826,15;0,001229560;EUR
Muster ausgewogen cVV;12.03.2022;0,0000047066;8,32;1,3768545796;1.088.834,46;0;EUR
Muster ausgewogen cVV;13.03.2022;0,0000047066;8,32;1,3768650985;1.088.842,78;0;EUR
Muster ausgewogen cVV;14.03.2022;-0,0025468741;-4.501,40;1,3712294876;1.084.341,38;0,002410330;EUR
Muster ausgewogen cVV;15.03.2022;0,0016482028;2.884,15;1,3749399225;1.087.225,54;0,005418458;EUR
Muster ausgewogen cVV;16.03.2022;0,0139003400;24.363,98;1,4058159800;1.111.589,51;0,013365772;EUR
Muster ausgewogen cVV;17.03.2022;0,0036351334;6.460,09;1,4140509276;1.118.049,60;0,000017044;EUR
Muster ausgewogen cVV;18.03.2022;0,0114740136;20.464,88;1,4399999433;1.138.514,48;0,005185552;EUR
Muster ausgewogen cVV;19.03.2022;0,0000046110;8,32;1,4400104646;1.138.522,80;0;EUR
Muster ausgewogen cVV;20.03.2022;0,0000046110;8,32;1,4400209859;1.138.531,12;0;EUR
Muster ausgewogen cVV;21.03.2022;0,0002468388;445,31;1,4406503127;1.138.976,44;-0,002777271;EUR
Muster ausgewogen cVV;22.03.2022;0,0024333556;4.391,02;1,4462706696;1.143.367,46;0,003960855;EUR
Muster ausgewogen cVV;23.03.2022;-0,0052474487;-9.492,13;1,4343296001;1.133.875,33;-0,004529418;EUR
Muster ausgewogen cVV;24.03.2022;0,0081025117;14.579,75;1,4528392358;1.148.455,08;0,001002955;EUR
Muster ausgewogen cVV;25.03.2022;-0,0025112998;-4.555,48;1,4471426346;1.143.899,60;0,000659175;EUR
Muster ausgewogen cVV;26.03.2022;0,0000045973;8,32;1,4471531583;1.143.907,92;0;EUR
Muster ausgewogen cVV;27.03.2022;0,0000045973;8,32;1,4471636820;1.143.916,24;0;EUR
Muster ausgewogen cVV;28.03.2022;0,0029246270;5.291,97;1,4539250568;1.149.208,21;0,002446588;EUR
Muster ausgewogen cVV;29.03.2022;0,0014245140;2.585,13;1,4572622811;1.151.793,34;0,006674443;EUR
Muster ausgewogen cVV;30.03.2022;-0,0013971600;-2.539,10;1,4541162433;1.149.254,24;-0,006917252;EUR
Muster ausgewogen cVV;31.03.2022;-0,0020003736;-3.630,26;1,4495892069;1.145.623,98;-0,003288937;EUR
Muster ausgewogen cVV;01.04.2022;-0,0002908283;-526,74;1,4489888683;1.145.097,25;0,002325711;EUR
Muster ausgewogen cVV;02.04.2022;0,0000045942;8,32;1,4489993944;1.145.105,57;0;EUR
Muster ausgewogen cVV;03.04.2022;0,0000045942;8,32;1,4490099205;1.145.113,88;0;EUR
Muster ausgewogen cVV;04.04.2022;0,0093863982;16.995,48;1,4705828501;1.162.109,36;0,005387177;EUR
Muster ausgewogen cVV;05.04.2022;-0,0028963325;-5.293,47;1,4639510367;1.156.815,89;-0,004895228;EUR
Muster ausgewogen cVV;06.04.2022;-0,0097763197;-17.815,89;1,4414707234;1.139.000,00;-0,007847318;EUR
Muster ausgewogen cVV;07.04.2022;0,0021423379;3.865,93;1,4464291750;1.142.865,93;-0,001853520;EUR
Muster ausgewogen cVV;08.04.2022;-0,0029365560;-5.310,47;1,4397737166;1.137.555,45;0,003759582;EUR
Muster ausgewogen cVV;09.04.2022;0,0000046135;8,32;1,4397842451;1.137.563,77;0;EUR
Muster ausgewogen cVV;10.04.2022;0,0000046134;8,32;1,4397947735;1.137.572,09;0;EUR
Muster ausgewogen cVV;11.04.2022;-0,0104734925;-18.884,84;1,4159571780;1.118.687,25;-0,007737909;EUR
Muster ausgewogen cVV;12.04.2022;-0,0012920508;-2.305,31;1,4131035567;1.116.381,95;-0,000826754;EUR
Muster ausgewogen cVV;13.04.2022;0,0044893377;7.999,63;1,4232941044;1.124.381,58;0,002320799;EUR
Muster ausgewogen cVV;14.04.2022;-0,0042687269;-7.640,67;1,4136864288;1.116.740,91;0,000577361;EUR
Muster ausgewogen cVV;15.04.2022;0,0007728021;1.377,35;1,4154943009;1.118.118,26;-0,000081810;EUR
Muster ausgewogen cVV;16.04.2022;0,0000072970;13,02;1,4155107777;1.118.131,27;0;EUR
Muster ausgewogen cVV;17.04.2022;0,0000072969;13,02;1,4155272546;1.118.144,29;0;EUR
Muster ausgewogen cVV;18.04.2022;0,0016443685;2.933,03;1,4193047755;1.121.077,32;-0,000859180;EUR
Muster ausgewogen cVV;19.04.2022;-0,0032787137;-5.857,79;1,4119527547;1.115.219,52;0,001270057;EUR
Muster ausgewogen cVV;20.04.2022;-0,0010687569;-1.903,19;1,4096070796;1.113.316,33;0,003418315;EUR
Muster ausgewogen cVV;21.04.2022;-0,0077818357;-13.842,74;1,3921434178;1.099.473,59;-0,002024670;EUR
Muster ausgewogen cVV;22.04.2022;-0,0139164123;-24.562,60;1,3611041292;1.074.910,99;-0,012714370;EUR
Muster ausgewogen cVV;23.04.2022;0,0000086147;14,99;1,3611231147;1.074.925,99;0;EUR
Muster ausgewogen cVV;24.04.2022;0,0000086147;14,99;1,3611421001;1.074.940,98;0;EUR
Muster ausgewogen cVV;25.04.2022;0,0008322683;1.448,54;1,3630380200;1.076.389,52;-0,000281288;EUR
Muster ausgewogen cVV;26.04.2022;-0,0085201271;-14.841,43;1,3443050648;1.061.548,10;-0,006680288;EUR
Muster ausgewogen cVV;27.04.2022;0,0027807590;4.802,60;1,3504479736;1.066.350,70;0,003568623;EUR
Muster ausgewogen cVV;28.04.2022;0,0106341033;18.417,06;1,3738338030;1.084.767,76;0,006156677;EUR
Muster ausgewogen cVV;29.04.2022;-0,0104135558;-18.226,88;1,3508108885;1.066.540,88;-0,005592667;EUR
Muster ausgewogen cVV;30.04.2022;0,0000087215;15,11;1,3508300212;1.066.555,99;0;EUR
Muster ausgewogen cVV;01.05.2022;0,0000087214;15,11;1,3508491539;1.066.571,09;0;EUR
Muster ausgewogen cVV;02.05.2022;-0,0000350678;-60,74;1,3508332128;1.066.510,35;-0,001741125;EUR
Muster ausgewogen cVV;03.05.2022;0,0010908438;1.889,39;1,3532873691;1.068.399,74;0,002368051;EUR
Muster ausgewogen cVV;04.05.2022;0,0030193456;5.235,35;1,3599800581;1.073.635,09;0,002190501;EUR
Muster ausgewogen cVV;05.05.2022;-0,0074080736;-12.883,91;1,3437205088;1.060.751,19;-0,008111497;EUR
Muster ausgewogen cVV;06.05.2022;-0,0099780180;-17.224,92;1,3219601713;1.043.526,26;-0,010535892;EUR
Muster ausgewogen cVV;07.05.2022;0,0000088360;15,10;1,3219793019;1.043.541,37;0;EUR
Muster ausgewogen cVV;08.05.2022;0,0000088360;15,10;1,3219984326;1.043.556,47;0;EUR
Muster ausgewogen cVV;09.05.2022;-0,0166283118;-28.419,32;1,2860541757;1.015.137,15;-0,011191893;EUR
Muster ausgewogen cVV;10.05.2022;0,0038507210;6.471,80;1,2943114078;1.021.608,95;0,005015142;EUR
Muster ausgewogen cVV;11.05.2022;0,0001575386;265,79;1,2947063862;1.021.874,74;0,003324614;EUR
Muster ausgewogen cVV;12.05.2022;0,0059224253;9.993,56;1,3074269240;1.031.868,30;0,003500958;EUR
Muster ausgewogen cVV;13.05.2022;0,0123311215;20.930,90;1,3340073234;1.052.799,20;0,010442435;EUR
Muster ausgewogen cVV;14.05.2022;0,0000088260;15,17;1,3340265403;1.052.814,37;0;EUR
Muster ausgewogen cVV;15.05.2022;0,0000088259;15,17;1,3340457572;1.052.829,53;0;EUR
Muster ausgewogen cVV;16.05.2022;-0,0039426116;-6.774,85;1,3255208443;1.046.054,69;-0,001831206;EUR
Muster ausgewogen cVV;17.05.2022;0,0033862158;5.795,81;1,3329249130;1.051.850,50;0,003379614;EUR
Muster ausgewogen cVV;18.05.2022;-0,0117111279;-20.112,53;1,3074965920;1.031.737,97;-0,010064993;EUR
Muster ausgewogen cVV;19.05.2022;-0,0045417004;-7.708,51;1,2977859780;1.024.029,46;-0,004525176;EUR
Muster ausgewogen cVV;20.05.2022;0,0024716987;4.176,10;1,3031368837;1.028.205,56;0,003300362;EUR
Muster ausgewogen cVV;21.05.2022;0,0000089137;15,10;1,3031560180;1.028.220,65;0;EUR
Muster ausgewogen cVV;22.05.2022;0,0000089136;15,10;1,3031751524;1.028.235,75;0;EUR
Muster ausgewogen cVV;23.05.2022;0,0018240666;3.089,55;1,3071493694;1.031.325,30;0,004015878;EUR
Muster ausgewogen cVV;24.05.2022;-0,0084688118;-14.370,40;1,2889933707;1.016.954,91;-0,006729853;EUR
Muster ausgewogen cVV;25.05.2022;0,0043129135;7.256,44;1,2982490173;1.024.211,34;0,004759729;EUR
Muster ausgewogen cVV;26.05.2022;0,0044755151;7.562,49;1,3078934154;1.031.773,83;0,006887211;EUR
Muster ausgewogen cVV;27.05.2022;0,0174405187;29.601,96;1,3454774868;1.061.375,79;0,010077957;EUR
Muster ausgewogen cVV;28.05.2022;0,0000086990;15,02;1,3454965303;1.061.390,82;0;EUR
Muster ausgewogen cVV;29.05.2022;0,0000086989;15,02;1,3455155738;1.061.405,84;0;EUR
Muster ausgewogen cVV;30.05.2022;-0,0000189452;-32,72;1,3455342110;1.061.373,12;-0,000253200;EUR
Muster ausgewogen cVV;31.05.2022;-0,0023745750;-4.100,67;1,3403955147;1.057.272,45;-0,005409934;EUR
Muster ausgewogen cVV;01.06.2022;-0,0008503139;-1.464,93;1,3385980382;1.055.807,52;-0,002506784;EUR
Muster ausgewogen cVV;02.06.2022;0,0052921969;9.109,69;1,3502079164;1.064.917,21;0,003777373;EUR
Muster ausgewogen cVV;03.06.2022;-0,0067597367;-11.697,41;1,3354363161;1.053.219,80;-0,004709881;EUR
Muster ausgewogen cVV;04.06.2022;0,0000087427;15,03;1,3354553691;1.053.234,83;0;EUR
Muster ausgewogen cVV;05.06.2022;0,0000087426;15,03;1,3354744221;1.053.249,85;0;EUR
Muster ausgewogen cVV;06.06.2022;0,0026031646;4.474,28;1,3412073756;1.057.724,13;0,003420427;EUR
Muster ausgewogen cVV;07.06.2022;0,0036473427;6.285,32;1,3492373264;1.064.009,45;0,000777247;EUR
Muster ausgewogen cVV;08.06.2022;-0,0035474637;-6.135,50;1,3415168027;1.057.873,95;-0,005782867;EUR
Muster ausgewogen cVV;09.06.2022;-0,0092767585;-15.987,66;1,3213012312;1.041.886,30;-0,010927411;EUR
Muster ausgewogen cVV;10.06.2022;-0,0114975220;-19.631,12;1,2964630439;1.022.255,17;-0,015173565;EUR
Muster ausgewogen cVV;11.06.2022;0,0000089564;15,12;1,2964822152;1.022.270,29;0;EUR
Muster ausgewogen cVV;12.06.2022;0,0000089563;15,12;1,2965013865;1.022.285,41;0;EUR
Muster ausgewogen cVV;13.06.2022;-0,0188250323;-31.773,29;1,2562611171;990.512,12;-0,017670154;EUR
Muster ausgewogen cVV;14.06.2022;-0,0057165572;-9.466,89;1,2443095775;981.045,23;-0,006379298;EUR
Muster ausgewogen cVV;15.06.2022;0,0073728818;12.140,05;1,2597633431;993.185,27;0,009258517;EUR
Muster ausgewogen cVV;16.06.2022;-0,0184770796;-30.648,32;1,2209429656;962.536,95;-0,019476052;EUR
Muster ausgewogen cVV;17.06.2022;0,0048765321;7.939,35;1,2310683346;970.476,30;0,002937115;EUR
Muster ausgewogen cVV;18.06.2022;0,0000092455;15,13;1,2310875220;970.491,43;0;EUR
Muster ausgewogen cVV;19.06.2022;0,0000092454;15,13;1,2311067093;970.506,55;0;EUR
Muster ausgewogen cVV;20.06.2022;-0,0001353527;-221,44;1,2308803625;970.285,11;0,000860159;EUR
Muster ausgewogen cVV;21.06.2022;0,0086861856;14.209,04;1,2489609444;984.494,15;0,004224760;EUR
Muster ausgewogen cVV;22.06.2022;-0,0006719307;-1.108,71;1,2476096457;983.385,45;-0,001378945;EUR
Muster ausgewogen cVV;23.06.2022;0,0087335361;14.400,91;1,2659359396;997.786,36;0,003730523;EUR
Muster ausgewogen cVV;24.06.2022;0,0147381298;24.514,26;1,2970956413;1.022.300,62;0,010558635;EUR
Muster ausgewogen cVV;25.06.2022;0,0000089463;15,10;1,2971148001;1.022.315,72;0;EUR
Muster ausgewogen cVV;26.06.2022;0,0000089463;15,10;1,2971339590;1.022.330,82;0;EUR
Muster ausgewogen cVV;27.06.2022;-0,0021931076;-3.701,67;1,2924944125;1.018.629,15;-0,002098371;EUR
Muster ausgewogen cVV;28.06.2022;-0,0087672760;-14.765,54;1,2738153426;1.003.863,61;-0,003226391;EUR
Muster ausgewogen cVV;29.06.2022;0,0037706020;6.294,64;1,2818593016;1.010.158,25;-0,001623520;EUR
Muster ausgewogen cVV;30.06.2022;-0,0029535516;-4.949,25;1,2756351639;1.005.209,00;-0,003544114;EUR
Muster ausgewogen cVV;01.07.2022;0,0064112576;10.711,58;1,2892852961;1.015.920,57;0,008062681;EUR
Muster ausgewogen cVV;02.07.2022;0,0000090151;15,16;1,2893045335;1.015.935,73;0;EUR
Muster ausgewogen cVV;03.07.2022;0,0000090150;15,16;1,2893237709;1.015.950,89;0;EUR
Muster ausgewogen cVV;04.07.2022;0,0007861168;1.321,84;1,2910582247;1.017.272,74;-0,004117254;EUR
Muster ausgewogen cVV;05.07.2022;0,0076918140;12.943,85;1,3075433636;1.030.216,59;0,000117650;EUR
Muster ausgewogen cVV;06.07.2022;0,0099989946;16.955,82;1,3291221081;1.047.172,41;0,007416389;EUR
Muster ausgewogen cVV;07.07.2022;0,0093645299;16.038,71;1,3495386258;1.063.211,11;0,006983093;EUR
Muster ausgewogen cVV;08.07.2022;0,0016562864;2.863,30;1,3532325676;1.066.074,41;0,003839993;EUR
Muster ausgewogen cVV;09.07.2022;0,0000095531;16,54;1,3532535657;1.066.090,96;0;EUR
Muster ausgewogen cVV;10.07.2022;0,0000095530;16,54;1,3532745638;1.066.107,50;0;EUR
Muster ausgewogen cVV;11.07.2022;0,0010161204;1.759,56;1,3555676909;1.067.867,06;-0,001781522;EUR
Muster ausgewogen cVV;12.07.2022;-0,0076207396;-13.209,81;1,3388577905;1.054.657,24;0,002903562;EUR
Muster ausgewogen cVV;13.07.2022;-0,0033076191;-5.689,74;1,3316933236;1.048.967,50;-0,007075744;EUR
Muster ausgewogen cVV;14.07.2022;-0,0040258293;-6.902,30;1,3229887554;1.042.065,20;-0,005460065;EUR
Muster ausgewogen cVV;15.07.2022;0,0065167179;11.127,95;1,3371753045;1.053.193,16;0,011078910;EUR
Muster ausgewogen cVV;16.07.2022;0,0000096523;16,59;1,3371963674;1.053.209,75;0;EUR
Muster ausgewogen cVV;17.07.2022;0,0000096522;16,59;1,3372174303;1.053.226,34;0;EUR
Muster ausgewogen cVV;18.07.2022;-0,0077834715;-13.377,94;1,3202901892;1.039.848,40;-0,002790332;EUR
Muster ausgewogen cVV;19.07.2022;0,0088525319;15.096,97;1,3395174562;1.054.945,37;0,009457368;EUR
Muster ausgewogen cVV;20.07.2022;0,0069062336;11.882,04;1,3546640460;1.066.827,41;0,002824401;EUR
Muster ausgewogen cVV;21.07.2022;0,0087086862;15.086,61;1,3738812813;1.081.914,02;0,002013323;EUR
Muster ausgewogen cVV;22.07.2022;-0,0056969561;-9.955,14;1,3612992083;1.071.958,88;0,003520170;EUR
Muster ausgewogen cVV;23.07.2022;0,0000095132;16,53;1,3613201989;1.071.975,41;0;EUR
Muster ausgewogen cVV;24.07.2022;0,0000095131;16,53;1,3613411894;1.071.991,93;0;EUR
Muster ausgewogen cVV;25.07.2022;-0,0033570475;-5.832,96;1,3539930427;1.066.158,97;0,000361167;EUR
Muster ausgewogen cVV;26.07.2022;0,0027997120;4.848,25;1,3602096603;1.071.007,22;-0,000932161;EUR
Muster ausgewogen cVV;27.07.2022;0,0079534190;13.811,45;1,3778108143;1.084.818,67;0,006347398;EUR
Muster ausgewogen cVV;28.07.2022;0,0130131579;22.777,64;1,4068017778;1.107.596,31;0,008340345;EUR
Muster ausgewogen cVV;29.07.2022;0,0068295946;12.109,77;1,4222449701;1.119.706,09;0,005729550;EUR
Muster ausgewogen cVV;30.07.2022;0,0000092566;16,53;1,4222659603;1.119.722,61;0;EUR
Muster ausgewogen cVV;31.07.2022;0,0000092565;16,53;1,4222869505;1.119.739,14;0;EUR
Muster ausgewogen cVV;01.08.2022;-0,0011978823;-2.138,55;1,4196325207;1.117.600,59;-0,000223860;EUR
Muster ausgewogen cVV;02.08.2022;0,0014878782;2.653,09;1,4230646708;1.120.253,68;-0,001298406;EUR
Muster ausgewogen cVV;03.08.2022;0,0080540116;14.382,77;1,4413980139;1.134.636,45;0,004611908;EUR
Muster ausgewogen cVV;04.08.2022;0,0001865462;335,82;1,4418874380;1.134.972,26;0,001489888;EUR
Muster ausgewogen cVV;05.08.2022;-0,0000760441;-136,92;1,4417762752;1.134.835,34;-0,004274156;EUR
Muster ausgewogen cVV;06.08.2022;0,0000091886;16,54;1,4417972925;1.134.851,89;0;EUR
Muster ausgewogen cVV;07.08.2022;0,0000091885;16,54;1,4418183098;1.134.868,43;0;EUR
Muster ausgewogen cVV;08.08.2022;-0,0047464097;-8.545,46;1,4310238282;1.126.322,97;0,002343165;EUR
Muster ausgewogen cVV;09.08.2022;-0,0052988490;-9.494,79;1,4190221665;1.116.828,18;-0,005205726;EUR
Muster ausgewogen cVV;10.08.2022;0,0052194923;9.303,04;1,4309046481;1.126.131,22;0,006525041;EUR
Muster ausgewogen cVV;11.08.2022;-0,0025833803;-4.628,56;1,4250853535;1.121.502,66;-0,001308473;EUR
Muster ausgewogen cVV;12.08.2022;0,0103163230;18.435,67;1,4485743340;1.139.938,33;0,006747952;EUR
Muster ausgewogen cVV;13.08.2022;0,0000091421;16,51;1,4485953087;1.139.954,83;0;EUR
Muster ausgewogen cVV;14.08.2022;0,0000091420;16,51;1,4486162834;1.139.971,34;0;EUR
Muster ausgewogen cVV;15.08.2022;0,0105650995;19.075,36;1,4729201986;1.159.046,70;0,004160859;EUR
Muster ausgewogen cVV;16.08.2022;-0,0023471468;-4.282,56;1,4675415738;1.154.764,14;0,000716442;EUR
Muster ausgewogen cVV;17.08.2022;-0,0069761669;-12.698,72;1,4514662448;1.142.065,42;-0,009919517;EUR
Muster ausgewogen cVV;18.08.2022;0,0033527562;6.060,45;1,4592317908;1.148.125,87;0,001719772;EUR
Muster ausgewogen cVV;19.08.2022;-0,0058373761;-10.587,03;1,4458386458;1.137.538,84;-0,007255536;EUR
Muster ausgewogen cVV;20.08.2022;0,0000092141;16,61;1,4458597623;1.137.555,46;0;EUR
Muster ausgewogen cVV;21.08.2022;0,0000092140;16,61;1,4458808787;1.137.572,07;0;EUR
Muster ausgewogen cVV;22.08.2022;-0,0060809814;-10.964,67;1,4320065301;1.126.607,40;-0,010529701;EUR
Muster ausgewogen cVV;23.08.2022;-0,0038672965;-6.930,75;1,4232585918;1.119.676,66;-0,002228553;EUR
Muster ausgewogen cVV;24.08.2022;-0,0006731957;-1.201,80;1,4217924401;1.118.474,86;-0,000127952;EUR
Muster ausgewogen cVV;25.08.2022;0,0060027572;10.708,98;1,4354676292;1.129.183,84;0,005643914;EUR
Muster ausgewogen cVV;26.08.2022;-0,0137132902;-24.611,51;1,4042410762;1.104.572,33;-0,015349672;EUR
Muster ausgewogen cVV;27.08.2022;0,0000094078;16,65;1,4042622468;1.104.588,98;0;EUR
Muster ausgewogen cVV;28.08.2022;0,0000094077;16,65;1,4042834175;1.104.605,64;0;EUR
Muster ausgewogen cVV;29.08.2022;-0,0076213434;-13.490,86;1,3871924171;1.091.114,78;-0,005741485;EUR
Muster ausgewogen cVV;30.08.2022;-0,0049889764;-8.763,89;1,3761098126;1.082.350,89;-0,002026666;EUR
Muster ausgewogen cVV;31.08.2022;-0,0052908936;-9.247,88;1,3644108376;1.073.103,01;-0,007271385;EUR
Muster ausgewogen cVV;01.09.2022;0,0023115558;4.018,96;1,3695798488;1.077.121,97;-0,003213799;EUR
Muster ausgewogen cVV;02.09.2022;-0,0001846243;-321,74;1,3692297601;1.076.800,23;0,007886706;EUR
Muster ausgewogen cVV;03.09.2022;0,0000095610;16,66;1,3692509425;1.076.816,89;0;EUR
Muster ausgewogen cVV;04.09.2022;0,0000095609;16,66;1,3692721249;1.076.833,55;0;EUR
Muster ausgewogen cVV;05.09.2022;0,0008859318;1.543,62;1,3712940144;1.078.377,17;-0,005054631;EUR
Muster ausgewogen cVV;06.09.2022;-0,0009145026;-1.594,81;1,3693249549;1.076.782,36;0,001110078;EUR
Muster ausgewogen cVV;07.09.2022;0,0000829358;144,50;1,3695676423;1.076.926,86;0,003242183;EUR
Muster ausgewogen cVV;08.09.2022;0,0023494225;4.093,78;1,3748329794;1.081.020,64;-0,001702384;EUR
Muster ausgewogen cVV;09.09.2022;0,0043888807;7.665,43;1,3846413219;1.088.686,07;0,006405376;EUR
Muster ausgewogen cVV;10.09.2022;0,0000094700;16,61;1,3846624505;1.088.702,68;0;EUR
Muster ausgewogen cVV;11.09.2022;0,0000094699;16,61;1,3846835791;1.088.719,29;0;EUR
Muster ausgewogen cVV;12.09.2022;0,0015396694;2.700,97;1,3881784383;1.091.420,26;0,008706771;EUR
Muster ausgewogen cVV;13.09.2022;-0,0082100078;-14.424,62;1,3698905675;1.076.995,64;-0,012653166;EUR
Muster ausgewogen cVV;14.09.2022;-0,0006035935;-1.051,78;1,3686114848;1.075.943,86;-0,002901252;EUR
Muster ausgewogen cVV;15.09.2022;-0,0070204970;-12.226,05;1,3531178623;1.063.717,81;-0,004948027;EUR
Muster ausgewogen cVV;16.09.2022;-0,0040817792;-7.058,43;1,3441967090;1.056.659,38;-0,008868839;EUR
Muster ausgewogen cVV;17.09.2022;0,0000143787;24,76;1,3442282104;1.056.684,14;0;EUR
Muster ausgewogen cVV;18.09.2022;0,0000143785;24,76;1,3442597117;1.056.708,90;0;EUR
Muster ausgewogen cVV;19.09.2022;-0,0012362338;-2.129,10;1,3416087339;1.054.579,80;0,002519511;EUR
Muster ausgewogen cVV;20.09.2022;-0,0028735732;-4.942,88;1,3353777251;1.049.636,93;-0,008053815;EUR
Muster ausgewogen cVV;21.09.2022;0,0006826692;1.161,52;1,3369191955;1.050.798,45;0,001084727;EUR
Muster ausgewogen cVV;22.09.2022;-0,0029919807;-5.094,16;1,3305013662;1.045.704,29;-0,008266771;EUR
Muster ausgewogen cVV;23.09.2022;-0,0023384489;-3.969,54;1,3255138654;1.041.734,75;-0,008695824;EUR
Muster ausgewogen cVV;24.09.2022;0,0000145530;24,65;1,3255452253;1.041.759,40;0;EUR
Muster ausgewogen cVV;25.09.2022;0,0000145528;24,65;1,3255765852;1.041.784,04;0;EUR
Muster ausgewogen cVV;26.09.2022;-0,0007551519;-1.278,92;1,3240123150;1.040.505,13;-0,004382708;EUR
Muster ausgewogen cVV;27.09.2022;-0,0010983775;-1.858,80;1,3217099471;1.038.646,33;-0,003541782;EUR
Muster ausgewogen cVV;28.09.2022;0,0013027740;2.202,28;1,3245754123;1.040.848,61;0,005532605;EUR
Muster ausgewogen cVV;29.09.2022;-0,0086254701;-14.599,94;1,3060577411;1.026.248,67;-0,012191469;EUR
Muster ausgewogen cVV;30.09.2022;-0,0020996865;-3.523,39;1,3016355396;1.022.725,28;0,001729658;EUR
Muster ausgewogen cVV;01.10.2022;0,0000146837;24,59;1,3016668335;1.022.749,87;0;EUR
Muster ausgewogen cVV;02.10.2022;0,0000146835;24,59;1,3016981274;1.022.774,46;0;EUR
Muster ausgewogen cVV;03.10.2022;0,0086064338;14.412,16;1,3201033579;1.037.186,62;0,011239573;EUR
Muster ausgewogen cVV;04.10.2022;0,0080260183;13.555,88;1,3374203995;1.050.742,50;0,016075994;EUR
Muster ausgewogen cVV;05.10.2022;0,0025396078;4.323,80;1,3429875947;1.055.066,30;-0,004782859;EUR
Muster ausgewogen cVV;06.10.2022;-0,0019094702;-3.259,22;1,3389024389;1.051.807,08;-0,004881321;EUR
Muster ausgewogen cVV;07.10.2022;-0,0069888670;-11.906,32;1,3238089753;1.039.900,76;-0,010684010;EUR
Muster ausgewogen cVV;08.10.2022;0,0000160043;27,07;1,3238434417;1.039.927,84;0;EUR
Muster ausgewogen cVV;09.10.2022;0,0000160041;27,07;1,3238779080;1.039.954,91;0;EUR
Muster ausgewogen cVV;10.10.2022;-0,0055534202;-9.395,06;1,3119800112;1.030.559,86;-0,002237990;EUR
Muster ausgewogen cVV;11.10.2022;-0,0039717446;-6.681,92;1,3035351349;1.023.877,93;-0,002442007;EUR
Muster ausgewogen cVV;12.10.2022;-0,0000568875;-95,33;1,3034754536;1.023.782,61;-0,002455625;EUR
Muster ausgewogen cVV;13.10.2022;0,0027943681;4.682,21;1,3094987560;1.028.464,82;0,007315370;EUR
Muster ausgewogen cVV;14.10.2022;-0,0018235504;-3.064,06;1,3056591488;1.025.400,76;-0,002832058;EUR
Muster ausgewogen cVV;15.10.2022;0,0000165191;27,71;1,3056944271;1.025.428,47;0;EUR
Muster ausgewogen cVV;16.10.2022;0,0000165188;27,71;1,3057297055;1.025.456,17;0;EUR
Muster ausgewogen cVV;17.10.2022;0,0033751049;5.660,93;1,3129998989;1.031.117,11;0,009158015;EUR
Muster ausgewogen cVV;18.10.2022;0,0015881394;2.672,72;1,3164654397;1.033.789,82;0,004741776;EUR
Muster ausgewogen cVV;19.10.2022;-0,0033173433;-5.591,70;1,3094065734;1.028.198,12;-0,003578345;EUR
Muster ausgewogen cVV;20.10.2022;-0,0032740471;-5.500,41;1,3024632662;1.022.697,71;-0,002629710;EUR
Muster ausgewogen cVV;21.10.2022;0,0017328728;2.901,70;1,3062203368;1.025.599,41;0,003629235;EUR
Muster ausgewogen cVV;22.10.2022;0,0000172893;29,00;1,3062572731;1.025.628,41;0;EUR
Muster ausgewogen cVV;23.10.2022;0,0000172890;29,00;1,3062942095;1.025.657,42;0;EUR
Muster ausgewogen cVV;24.10.2022;0,0066955023;11.231,46;1,3206610167;1.036.888,87;0,006526501;EUR
Muster ausgewogen cVV;25.10.2022;0,0014694780;2.481,50;1,3238840042;1.039.370,37;0,007815403;EUR
Muster ausgewogen cVV;26.10.2022;-0,0048569141;-8.213,89;1,3134835057;1.031.156,48;0,001299807;EUR
Muster ausgewogen cVV;27.10.2022;0,0049693852;8.363,29;1,3241989412;1.039.519,76;0,003801354;EUR
Muster ausgewogen cVV;28.10.2022;0,0095284109;16.115,64;1,3447912019;1.055.635,40;0,003332268;EUR
Muster ausgewogen cVV;29.10.2022;0,0000162754;27,79;1,3448266030;1.055.663,19;0;EUR
Muster ausgewogen cVV;30.10.2022;0,0000162751;27,79;1,3448620042;1.055.690,98;0;EUR
Muster ausgewogen cVV;31.10.2022;0,0020424654;3.487,50;1,3493682221;1.059.178,48;-0,000203219;EUR
Muster ausgewogen cVV;01.11.2022;0,0016625836;2.844,65;1,3530558163;1.062.023,13;0,002837300;EUR
Muster ausgewogen cVV;02.11.2022;-0,0030678632;-5.257,79;1,3464204301;1.056.765,34;-0,006581746;EUR
Muster ausgewogen cVV;03.11.2022;-0,0019758542;-3.375,89;1,3421822254;1.053.389,46;-0,005379051;EUR
Muster ausgewogen cVV;04.11.2022;0,0021136067;3.604,11;1,3468376089;1.056.993,57;0,006265798;EUR
Muster ausgewogen cVV;05.11.2022;0,0000199883;34,16;1,3468811310;1.057.027,72;0;EUR
Muster ausgewogen cVV;06.11.2022;0,0000199879;34,16;1,3469246532;1.057.061,88;0;EUR
Muster ausgewogen cVV;07.11.2022;0,0011079769;1.893,39;1,3494005073;1.058.955,26;0,001042247;EUR
Muster ausgewogen cVV;08.11.2022;0,0022979967;3.931,32;1,3544735725;1.062.886,59;0,003844871;EUR
Muster ausgewogen cVV;09.11.2022;-0,0006064657;-1.039,90;1,3532117769;1.061.846,69;-0,001941971;EUR
Muster ausgewogen cVV;10.11.2022;0,0093246702;15.979,24;1,3736399465;1.077.825,92;0,021867398;EUR
Muster ausgewogen cVV;11.11.2022;-0,0065809074;-11.382,54;1,3591970188;1.066.443,38;-0,001292934;EUR
Muster ausgewogen cVV;12.11.2022;0,0000197661;33,96;1,3592403052;1.066.477,34;0;EUR
Muster ausgewogen cVV;13.11.2022;0,0000197657;33,96;1,3592835917;1.066.511,31;0;EUR
Muster ausgewogen cVV;14.11.2022;0,0017025114;2.925,45;1,3630758758;1.069.436,76;-0,000007385;EUR
Muster ausgewogen cVV;15.11.2022;0,0051530464;8.869,64;1,3744451369;1.078.306,40;0,003754067;EUR
Muster ausgewogen cVV;16.11.2022;-0,0014115417;-2.442,12;1,3713964007;1.075.864,28;-0,003751079;EUR
Muster ausgewogen cVV;17.11.2022;-0,0022457564;-3.879,92;1,3665145052;1.071.984,35;0,000528357;EUR
Muster ausgewogen cVV;18.11.2022;0,0046572161;8.028,06;1,3768125592;1.080.012,41;0,004401735;EUR
Muster ausgewogen cVV;19.11.2022;0,0000196210;33,98;1,3768558773;1.080.046,39;0;EUR
Muster ausgewogen cVV;20.11.2022;0,0000196206;33,98;1,3768991953;1.080.080,37;0;EUR
Muster ausgewogen cVV;21.11.2022;0,0020753205;3.594,22;1,3815455999;1.083.674,59;0,000999312;EUR
Muster ausgewogen cVV;22.11.2022;0,0026641175;4.623,52;1,3875046944;1.088.298,11;0,003200672;EUR
Muster ausgewogen cVV;23.11.2022;-0,0029373897;-5.111,36;1,3810524277;1.083.186,75;0,000521498;EUR
Muster ausgewogen cVV;24.11.2022;0,0033094984;5.741,95;1,3884380385;1.088.928,70;0,004020820;EUR
Muster ausgewogen cVV;25.11.2022;-0,0022383830;-3.896,43;1,3835343141;1.085.032,27;-0,002645976;EUR
Muster ausgewogen cVV;26.11.2022;0,0000195517;33,96;1,3835776145;1.085.066,23;0;EUR
Muster ausgewogen cVV;27.11.2022;0,0000195513;33,96;1,3836209149;1.085.100,19;0;EUR
Muster ausgewogen cVV;28.11.2022;-0,0025938262;-4.505,23;1,3779403780;1.080.594,96;-0,005590693;EUR
Muster ausgewogen cVV;29.11.2022;0,0030626881;5.305,80;1,3847705761;1.085.900,76;0,002133496;EUR
Muster ausgewogen cVV;30.11.2022;0,0079774916;13.862,54;1,4025136638;1.099.763,30;0,006721564;EUR
Muster ausgewogen cVV;01.12.2022;0,0019987123;3.500,88;1,4070436706;1.103.264,18;0,002744472;EUR
Muster ausgewogen cVV;02.12.2022;-0,0010998180;-1.930,26;1,4046471591;1.101.333,92;-0,000797225;EUR
Muster ausgewogen cVV;03.12.2022;0,0000193321;33,89;1,4046903851;1.101.367,81;0;EUR
Muster ausgewogen cVV;04.12.2022;0,0000193318;33,89;1,4047336110;1.101.401,71;0;EUR
Muster ausgewogen cVV;05.12.2022;-0,0032815596;-5.753,25;1,3974607491;1.095.648,45;-0,006048558;EUR
Muster ausgewogen cVV;06.12.2022;-0,0015398082;-2.690,74;1,3940934798;1.092.957,71;-0,002760819;EUR
Muster ausgewogen cVV;07.12.2022;-0,0016502584;-2.879,31;1,3904853310;1.090.078,40;-0,001598828;EUR
Muster ausgewogen cVV;08.12.2022;-0,0002531597;-440,97;1,3899872546;1.089.637,42;0,000201841;EUR
Muster ausgewogen cVV;09.12.2022;-0,0009547526;-1.662,65;1,3879306081;1.087.974,78;-0,001225281;EUR
Muster ausgewogen cVV;10.12.2022;0,0000194829;33,90;1,3879738491;1.088.008,67;0;EUR
Muster ausgewogen cVV;11.12.2022;0,0000194825;33,90;1,3880170901;1.088.042,57;0;EUR
Muster ausgewogen cVV;12.12.2022;0,0003464357;602,75;1,3888503190;1.088.645,31;0,000941343;EUR
Muster ausgewogen cVV;13.12.2022;0,0038737066;6.741,99;1,3975161621;1.095.387,31;0,004607082;EUR
Muster ausgewogen cVV;14.12.2022;-0,0006207207;-1.084,52;1,3961970936;1.094.302,79;-0,001580947;EUR
Muster ausgewogen cVV;15.12.2022;-0,0137806715;-24.062,54;1,3655593532;1.070.240,25;-0,019213827;EUR
Muster ausgewogen cVV;16.12.2022;-0,0077986939;-13.429,71;1,3484862033;1.056.810,54;-0,006073146;EUR
Muster ausgewogen cVV;17.12.2022;0,0000198382;33,90;1,3485294544;1.056.844,44;0;EUR
Muster ausgewogen cVV;18.12.2022;0,0000198378;33,90;1,3485727055;1.056.878,34;0;EUR
Muster ausgewogen cVV;19.12.2022;-0,0033164511;-5.666,77;1,3414038873;1.051.211,57;-0,000192331;EUR
Muster ausgewogen cVV;20.12.2022;-0,0022910578;-3.901,71;1,3364867852;1.047.309,86;-0,003893057;EUR
Muster ausgewogen cVV;21.12.2022;0,0062674592;10.649,13;1,3501385889;1.057.958,99;0,007704416;EUR
Muster ausgewogen cVV;22.12.2022;-0,0048973274;-8.373,28;1,3395146145;1.049.585,72;-0,006880156;EUR
Muster ausgewogen cVV;23.12.2022;-0,0000419842;-71,43;1,3394851914;1.049.514,29;0,000218237;EUR
Muster ausgewogen cVV;24.12.2022;0,0000224443;38,18;1,3395339265;1.049.552,47;0;EUR
Muster ausgewogen cVV;25.12.2022;0,0000224438;38,18;1,3395826616;1.049.590,66;0;EUR
Muster ausgewogen cVV;26.12.2022;-0,0004790731;-815,09;1,3386040348;1.048.775,56;0,000027983;EUR
Muster ausgewogen cVV;27.12.2022;-0,0034117760;-5.802,00;1,3312599540;1.042.973,56;-0,002571953;EUR
Muster ausgewogen cVV;28.12.2022;-0,0038673129;-6.554,24;1,3229549551;1.036.419,32;-0,002524311;EUR
Muster ausgewogen cVV;29.12.2022;0,0038514914;6.502,18;1,3313160164;1.042.921,51;0,006099905;EUR
Muster ausgewogen cVV;30.12.2022;-0,0032532830;-5.513,43;1,3243388763;1.037.408,08;-0,005227199;EUR
Muster ausgewogen cVV;31.12.2022;0,0000137573;23,24;1,3243685427;1.037.431,32;0;EUR
Muster ausgewogen cVV;01.01.2023;0,0000225816;38,15;1,3244172389;1.037.469,47;0;EUR
Muster ausgewogen cVV;02.01.2023;0,0030026928;5.072,37;1,3309537133;1.042.541,84;0,004976264;EUR
Muster ausgewogen cVV;03.01.2023;0,0083564567;14.158,74;1,3490913319;1.056.700,58;0,005186544;EUR
Muster ausgewogen cVV;04.01.2023;0,0007213629;1.232,45;1,3507268154;1.057.933,03;0,009125412;EUR
Muster ausgewogen cVV;05.01.2023;-0,0052655794;-9.002,76;1,3392938994;1.048.930,27;-0,002684817;EUR
Muster ausgewogen cVV;06.01.2023;0,0054664267;9.296,95;1,3512263849;1.058.227,21;0,008640109;EUR
Muster ausgewogen cVV;07.01.2023;0,0000216573;37,03;1,3512736736;1.058.264,25;0;EUR
Muster ausgewogen cVV;08.01.2023;0,0000216568;37,03;1,3513209623;1.058.301,28;0;EUR
Muster ausgewogen cVV;09.01.2023;-0,0015395565;-2.632,81;1,3480209842;1.055.668,48;0,000983733;EUR
Muster ausgewogen cVV;10.01.2023;-0,0010735937;-1.833,13;1,3457418472;1.053.835,34;-0,000709847;EUR
Muster ausgewogen cVV;11.01.2023;0,0079105142;13.492,49;1,3630341044;1.067.327,84;0,007291961;EUR
Muster ausgewogen cVV;12.01.2023;0,0003347349;575,45;1,3638314122;1.067.903,29;0,003963538;EUR
Muster ausgewogen cVV;13.01.2023;0,0036585985;6.291,72;1,3719294053;1.074.195,01;0,001955121;EUR
Muster ausgewogen cVV;14.01.2023;0,0000197331;34,06;1,3719729049;1.074.229,07;0;EUR
Muster ausgewogen cVV;15.01.2023;0,0000197328;34,06;1,3720164046;1.074.263,13;0;EUR
Muster ausgewogen cVV;16.01.2023;0,0011366138;1.961,87;1,3745849017;1.076.225,01;0,000997705;EUR
Muster ausgewogen cVV;17.01.2023;0,0023148673;4.000,16;1,3797570766;1.080.225,17;0,003912518;EUR
Muster ausgewogen cVV;18.01.2023;-0,0032910851;-5.700,26;1,3725389074;1.074.524,91;-0,001593315;EUR
Muster ausgewogen cVV;19.01.2023;-0,0040637222;-7.015,33;1,3636401744;1.067.509,58;-0,007302931;EUR
Muster ausgewogen cVV;20.01.2023;0,0005266161;905,42;1,3648590420;1.068.415,00;0,002697299;EUR
Muster ausgewogen cVV;21.01.2023;0,0000215247;37,03;1,3649063428;1.068.452,03;0;EUR
Muster ausgewogen cVV;22.01.2023;0,0000215242;37,03;1,3649536436;1.068.489,05;0;EUR
Muster ausgewogen cVV;23.01.2023;0,0017680038;3.041,49;1,3689014620;1.071.530,54;0,002748331;EUR
Muster ausgewogen cVV;24.01.2023;-0,0003433026;-591,63;1,3682080217;1.070.938,92;0,000475483;EUR
Muster ausgewogen cVV;25.01.2023;-0,0036660132;-6.315,60;1,3602013234;1.064.623,31;-0,000133759;EUR
Muster ausgewogen cVV;26.01.2023;0,0008118428;1.393,47;1,3620437014;1.066.016,78;0,003068889;EUR
Muster ausgewogen cVV;27.01.2023;0,0020671058;3.550,92;1,3666429006;1.069.567,70;0,000874554;EUR
Muster ausgewogen cVV;28.01.2023;0,0000215077;37,02;1,3666902065;1.069.604,73;0;EUR
Muster ausgewogen cVV;29.01.2023;0,0000215072;37,02;1,3667375124;1.069.641,75;0;EUR
Muster ausgewogen cVV;30.01.2023;-0,0027090914;-4.663,56;1,3608405535;1.064.978,19;-0,005078199;EUR
Muster ausgewogen cVV;31.01.2023;0,0016421034;2.819,14;1,3645049248;1.067.797,33;0,003177826;EUR
Muster ausgewogen cVV;01.02.2023;-0,0022180492;-3.814,16;1,3596927242;1.063.983,16;0,001527863;EUR
Muster ausgewogen cVV;02.02.2023;0,0121436664;20.835,96;1,3863825426;1.084.819,13;0,014819353;EUR
Muster ausgewogen cVV;03.02.2023;-0,0031554800;-5.479,88;1,3794419686;1.079.339,24;-0,003441439;EUR
Muster ausgewogen cVV;04.02.2023;0,0000183503;31,77;1,3794825681;1.079.371,01;0;EUR
Muster ausgewogen cVV;05.02.2023;0,0000214064;37,06;1,3795299302;1.079.408,07;0;EUR
Muster ausgewogen cVV;06.02.2023;-0,0025122199;-4.349,19;1,3740338382;1.075.058,88;-0,003577252;EUR
Muster ausgewogen cVV;07.02.2023;0,0046693823;8.063,39;1,3844024610;1.083.122,27;0,002538174;EUR
Muster ausgewogen cVV;08.02.2023;-0,0037427111;-6.493,33;1,3761653422;1.076.628,94;-0,002317307;EUR
Muster ausgewogen cVV;09.02.2023;-0,0031115060;-5.378,03;1,3693531017;1.071.250,90;0,000991450;EUR
Muster ausgewogen cVV;10.02.2023;0,0036045201;6.210,79;1,3773545836;1.077.461,69;-0,003752458;EUR
Muster ausgewogen cVV;11.02.2023;0,0000215572;37,28;1,3774022375;1.077.498,97;0;EUR
Muster ausgewogen cVV;12.02.2023;0,0000215568;37,28;1,3774498914;1.077.536,25;0;EUR
Muster ausgewogen cVV;13.02.2023;-0,0008300742;-1.435,48;1,3756771454;1.076.100,77;0,002307659;EUR
Muster ausgewogen cVV;14.02.2023;-0,0030175394;-5.214,02;1,3690735329;1.070.886,74;-0,001450496;EUR
Muster ausgewogen cVV;15.02.2023;0,0020394477;3.513,34;1,3736272800;1.074.400,08;0,002647815;EUR
Muster ausgewogen cVV;16.02.2023;-0,0022638780;-3.907,92;1,3686928506;1.070.492,17;-0,002069807;EUR
Muster ausgewogen cVV;17.02.2023;-0,0008426528;-1.451,30;1,3668990292;1.069.040,87;-0,001199293;EUR
Muster ausgewogen cVV;18.02.2023;0,0000217615;37,45;1,3669469113;1.069.078,31;0;EUR
Muster ausgewogen cVV;19.02.2023;0,0000217611;37,45;1,3669947935;1.069.115,76;0;EUR
Muster ausgewogen cVV;20.02.2023;0,0003477216;598,40;1,3678216905;1.069.714,16;-0,000408183;EUR
Muster ausgewogen cVV;21.02.2023;-0,0048129668;-8.285,62;1,3572883043;1.061.428,55;-0,006930920;EUR
Muster ausgewogen cVV;22.02.2023;-0,0020076685;-3.439,61;1,3529509881;1.057.988,94;0,000940111;EUR
Muster ausgewogen cVV;23.02.2023;0,0003388396;579,35;1,3537528946;1.058.568,29;0,003254502;EUR
Muster ausgewogen cVV;24.02.2023;-0,0027881506;-4.768,78;1,3477150679;1.053.799,51;-0,007610811;EUR
Muster ausgewogen cVV;25.02.2023;0,0000219955;37,52;1,3477630471;1.053.837,03;0;EUR
Muster ausgewogen cVV;26.02.2023;0,0000219951;37,52;1,3478110264;1.053.874,54;0;EUR
Muster ausgewogen cVV;27.02.2023;-0,0016021788;-2.732,80;1,3443765738;1.051.141,74;0,002136788;EUR
Muster ausgewogen cVV;28.02.2023;-0,0028594253;-4.869,45;1,3382089546;1.046.272,29;-0,002639776;EUR
Muster ausgewogen cVV;01.03.2023;-0,0053648363;-9.109,91;1,3266168489;1.037.162,38;-0,005060957;EUR
Muster ausgewogen cVV;02.03.2023;0,0062235790;10.511,42;1,3401221101;1.047.673,80;0,002850779;EUR
Muster ausgewogen cVV;03.03.2023;0,0042481996;7.219,73;1,3494178204;1.054.893,53;0,007576028;EUR
Muster ausgewogen cVV;04.03.2023;0,0000213614;36,46;1,3494644568;1.054.929,99;0;EUR
Muster ausgewogen cVV;05.03.2023;0,0000213610;36,46;1,3495110932;1.054.966,44;0;EUR
Muster ausgewogen cVV;06.03.2023;0,0002374506;405,27;1,3500901843;1.055.371,72;-0,000243270;EUR
Muster ausgewogen cVV;07.03.2023;-0,0013116829;-2.221,47;1,3473151944;1.053.150,25;-0,002440199;EUR
Muster ausgewogen cVV;08.03.2023;0,0019215176;3.250,02;1,3515400125;1.056.400,27;0,002675129;EUR
Muster ausgewogen cVV;09.03.2023;-0,0072713824;-12.322,30;1,3358412790;1.044.077,97;-0,003112115;EUR
Muster ausgewogen cVV;10.03.2023;-0,0036531796;-6.145,77;1,3280438798;1.037.932,20;-0,004706924;EUR
Muster ausgewogen cVV;11.03.2023;0,0000212429;35,61;1,3280894388;1.037.967,80;0;EUR
Muster ausgewogen cVV;12.03.2023;0,0000212425;35,61;1,3281349978;1.038.003,41;0;EUR
Muster ausgewogen cVV;13.03.2023;-0,0003694672;-619,31;1,3274082992;1.037.384,10;-0,004818598;EUR
Muster ausgewogen cVV;14.03.2023;0,0030191280;5.058,89;1,3339475273;1.042.442,99;0,002499920;EUR
Muster ausgewogen cVV;15.03.2023;0,0052678880;8.853,59;1,3453434442;1.051.296,58;0,000655729;EUR
Muster ausgewogen cVV;16.03.2023;0,0024788716;4.188,12;1,3507697516;1.055.484,70;0,002809933;EUR
Muster ausgewogen cVV;17.03.2023;-0,0039802640;-6.741,43;1,3422086445;1.048.743,27;-0,002924481;EUR
Muster ausgewogen cVV;18.03.2023;0,0000212300;35,81;1,3422544808;1.048.779,08;0;EUR
Muster ausgewogen cVV;19.03.2023;0,0000212296;35,81;1,3423003171;1.048.814,90;0;EUR
Muster ausgewogen cVV;20.03.2023;0,0043185681;7.285,62;1,3516913915;1.056.100,51;0,002670608;EUR
Muster ausgewogen cVV;21.03.2023;0,0034512334;5.847,53;1,3592426740;1.061.948,04;0,003814916;EUR
Muster ausgewogen cVV;22.03.2023;-0,0059030901;-10.036,30;1,3464631237;1.051.911,74;-0,003722185;EUR
Muster ausgewogen cVV;23.03.2023;0,0047152319;7.969,41;1,3567309933;1.059.881,15;0,002377362;EUR
Muster ausgewogen cVV;24.03.2023;0,0015400720;2.615,21;1,3601457127;1.062.496,36;0,000207950;EUR
Muster ausgewogen cVV;25.03.2023;0,0000204470;34,77;1,3601902292;1.062.531,14;0;EUR
Muster ausgewogen cVV;26.03.2023;0,0000204466;34,77;1,3602347458;1.062.565,91;0;EUR
Muster ausgewogen cVV;27.03.2023;-0,0009566071;-1.626,99;1,3582188797;1.060.938,92;0,001176327;EUR
Muster ausgewogen cVV;28.03.2023;-0,0023098136;-3.924,76;1,3532610197;1.057.014,16;-0,002527194;EUR
Muster ausgewogen cVV;29.03.2023;0,0042926726;7.277,12;1,3626447545;1.064.291,28;0,006044611;EUR
Muster ausgewogen cVV;30.03.2023;0,0010031701;1.707,92;1,3648985994;1.065.999,20;0,002318781;EUR
Muster ausgewogen cVV;31.03.2023;0,0074793448;12.746,51;1,3812870710;1.078.745,71;0,007033646;EUR
Muster ausgewogen cVV;01.04.2023;0,0000218116;37,45;1,3813350241;1.078.783,16;0;EUR
Muster ausgewogen cVV;02.04.2023;0,0000218111;37,45;1,3813829771;1.078.820,61;0;EUR
Muster ausgewogen cVV;03.04.2023;0,0043162785;7.411,27;1,3909411405;1.086.231,88;0,001660593;EUR
Muster ausgewogen cVV;04.04.2023;-0,0015677572;-2.703,54;1,3875473688;1.083.528,34;-0,001835966;EUR
Muster ausgewogen cVV;05.04.2023;0,0019711878;3.393,91;1,3919618902;1.086.922,25;0,000999667;EUR
Muster ausgewogen cVV;06.04.2023;0,0046869090;8.085,63;1,4023855333;1.095.007,88;0,001484932;EUR
Muster ausgewogen cVV;07.04.2023;0,0004000359;693,36;1,4033423559;1.095.701,23;0,000025066;EUR
Muster ausgewogen cVV;08.04.2023;0,0000192930;33,45;1,4033852012;1.095.734,69;0;EUR
Muster ausgewogen cVV;09.04.2023;0,0000192926;33,45;1,4034280465;1.095.768,14;0;EUR
Muster ausgewogen cVV;10.04.2023;0,0007843053;1.359,98;1,4052387676;1.097.128,12;0,001569726;EUR
Muster ausgewogen cVV;11.04.2023;-0,0064762330;-11.238,58;1,3909121743;1.085.889,54;-0,002754383;EUR
Muster ausgewogen cVV;12.04.2023;-0,0026057894;-4.492,69;1,3852253490;1.081.396,85;-0,002297414;EUR
Muster ausgewogen cVV;13.04.2023;0,0044692784;7.685,49;1,3951384449;1.089.082,34;0,002190605;EUR
Muster ausgewogen cVV;14.04.2023;0,0007530912;1.300,82;1,3968731782;1.090.383,16;0,000596938;EUR
Muster ausgewogen cVV;15.04.2023;0,0000193289;33,41;1,3969159821;1.090.416,58;0;EUR
Muster ausgewogen cVV;16.04.2023;0,0000193286;33,41;1,3969587860;1.090.449,99;0;EUR
Muster ausgewogen cVV;17.04.2023;0,0002139821;369,91;1,3975010149;1.090.819,89;0,001140304;EUR
Muster ausgewogen cVV;18.04.2023;0,0023932963;4.138,13;1,4028711420;1.094.958,02;0,001784320;EUR
Muster ausgewogen cVV;19.04.2023;-0,0027067965;-4.691,39;1,3969287454;1.090.266,64;-0,001181334;EUR
Muster ausgewogen cVV;20.04.2023;-0,0001578937;-272,92;1,3966472682;1.089.993,72;-0,001780745;EUR
Muster ausgewogen cVV;21.04.2023;-0,0042554256;-7.354,32;1,3872916300;1.082.639,39;0,000892023;EUR
Muster ausgewogen cVV;22.04.2023;0,0000194188;33,42;1,3873344508;1.082.672,81;0;EUR
Muster ausgewogen cVV;23.04.2023;0,0000194185;33,42;1,3873772716;1.082.706,23;0;EUR
Muster ausgewogen cVV;24.04.2023;-0,0019513114;-3.358,08;1,3831417151;1.079.348,15;-0,001071580;EUR
Muster ausgewogen cVV;25.04.2023;0,0019112349;3.282,69;1,3874160130;1.082.630,84;0,000706491;EUR
Muster ausgewogen cVV;26.04.2023;-0,0064904954;-11.169,23;1,3731693141;1.071.461,61;-0,003171891;EUR
Muster ausgewogen cVV;27.04.2023;0,0034747197;5.940,70;1,3808500935;1.077.402,30;0,002451944;EUR
Muster ausgewogen cVV;28.04.2023;0,0050975887;8.745,58;1,3921266375;1.086.147,89;0,005938575;EUR
Muster ausgewogen cVV;29.04.2023;0,0000193898;33,44;1,3921694919;1.086.181,32;0;EUR
Muster ausgewogen cVV;30.04.2023;0,0000193894;33,44;1,3922123463;1.086.214,76;0;EUR
Muster ausgewogen cVV;01.05.2023;0,0016688888;2.877,91;1,3959689275;1.089.092,66;0,001148445;EUR
Muster ausgewogen cVV;02.05.2023;-0,0041935241;-7.243,57;1,3867517840;1.081.849,10;-0,003997345;EUR
Muster ausgewogen cVV;03.05.2023;-0,0023271771;-4.002,93;1,3816878736;1.077.846,17;-0,000971015;EUR
Muster ausgewogen cVV;04.05.2023;0,0000986976;169,37;1,3819721536;1.078.015,54;0,000508898;EUR
Muster ausgewogen cVV;05.05.2023;0,0027062400;4.644,57;1,3879937260;1.082.660,11;0,005601923;EUR
Muster ausgewogen cVV;06.05.2023;0,0000269395;46,36;1,3880531603;1.082.706,47;0;EUR
Muster ausgewogen cVV;07.05.2023;0,0000269387;46,36;1,3881125947;1.082.752,83;0;EUR
Muster ausgewogen cVV;08.05.2023;0,0010782676;1.855,68;1,3905591291;1.084.608,51;-0,000561676;EUR
Muster ausgewogen cVV;09.05.2023;0,0007421842;1.278,66;1,3922660459;1.085.887,17;0,000159201;EUR
Muster ausgewogen cVV;10.05.2023;0,0025417310;4.382,24;1,3979525248;1.090.269,41;0,000381975;EUR
Muster ausgewogen cVV;11.05.2023;0,0036312220;6.276,56;1,4060685525;1.096.545,98;0,001091234;EUR
Muster ausgewogen cVV;12.05.2023;0,0041693090;7.232,81;1,4154115633;1.103.778,79;0,001222069;EUR
Muster ausgewogen cVV;13.05.2023;0,0000276510;48,17;1,4154733311;1.103.826,96;0;EUR
Muster ausgewogen cVV;14.05.2023;0,0000276503;48,17;1,4155350989;1.103.875,13;0;EUR
Muster ausgewogen cVV;15.05.2023;-0,0022377793;-3.898,45;1,4106043162;1.099.976,68;0,000273196;EUR
Muster ausgewogen cVV;16.05.2023;-0,0013308593;-2.313,31;1,4077058900;1.097.663,37;-0,002850858;EUR
Muster ausgewogen cVV;17.05.2023;0,0014903343;2.587,06;1,4110919614;1.100.250,43;0,003029187;EUR
Muster ausgewogen cVV;18.05.2023;0,0028970353;5.036,44;1,4176198477;1.105.286,87;0,004105196;EUR
Muster ausgewogen cVV;19.05.2023;0,0033324488;5.810,18;1,4251407625;1.111.097,05;0,001857430;EUR
Muster ausgewogen cVV;20.05.2023;0,0000275468;48,19;1,4252025709;1.111.145,24;0;EUR
Muster ausgewogen cVV;21.05.2023;0,0000275460;48,19;1,4252643793;1.111.193,43;0;EUR
Muster ausgewogen cVV;22.05.2023;-0,0008398527;-1.469,26;1,4234486227;1.109.724,17;-0,000930635;EUR
Muster ausgewogen cVV;23.05.2023;-0,0025973338;-4.540,02;1,4176935833;1.105.184,15;-0,003450237;EUR
Muster ausgewogen cVV;24.05.2023;-0,0046525194;-8.111,26;1,4073566544;1.097.072,89;-0,006907375;EUR
Muster ausgewogen cVV;25.05.2023;-0,0001351783;-234,58;1,4071236231;1.096.838,31;-0,000111574;EUR
Muster ausgewogen cVV;26.05.2023;0,0033123524;5.747,16;1,4145648093;1.102.585,47;0,005120082;EUR
Muster ausgewogen cVV;27.05.2023;0,0000277048;48,23;1,4146266848;1.102.633,70;0;EUR
Muster ausgewogen cVV;28.05.2023;0,0000277041;48,23;1,4146885603;1.102.681,92;0;EUR
Muster ausgewogen cVV;29.05.2023;0,0019920108;3.467,91;1,4192061344;1.106.149,84;0,001668645;EUR
Muster ausgewogen cVV;30.05.2023;-0,0004725359;-824,28;1,4182168934;1.105.325,56;0,000643858;EUR
Muster ausgewogen cVV;31.05.2023;0,0006944069;1.210,74;1,4198387299;1.106.536,29;-0,002380647;EUR
Muster ausgewogen cVV;01.06.2023;0,0036732866;6.409,02;1,4281311273;1.112.945,32;0,004572596;EUR
Muster ausgewogen cVV;02.06.2023;0,0066836532;11.704,24;1,4432194375;1.124.649,56;0,005691689;EUR
Muster ausgewogen cVV;03.06.2023;0,0000249469;43,98;1,4432758733;1.124.693,54;0;EUR
Muster ausgewogen cVV;04.06.2023;0,0000249463;43,98;1,4433323090;1.124.737,52;0;EUR
Muster ausgewogen cVV;05.06.2023;-0,0013333143;-2.350,59;1,4403851473;1.122.386,93;-0,002725734;EUR
Muster ausgewogen cVV;06.06.2023;0,0017220624;3.031,89;1,4443454583;1.125.418,82;0,001898100;EUR
Muster ausgewogen cVV;07.06.2023;-0,0057113162;-10.072,75;1,4314870050;1.115.346,07;-0,003120612;EUR
Muster ausgewogen cVV;08.06.2023;-0,0009731901;-1.706,56;1,4293653525;1.113.639,50;0,000911786;EUR
Muster ausgewogen cVV;09.06.2023;0,0028247275;4.948,55;1,4357857628;1.118.588,06;0,000646804;EUR
Muster ausgewogen cVV;10.06.2023;0,0000212206;37,28;1,4358336152;1.118.625,34;0;EUR
Muster ausgewogen cVV;11.06.2023;0,0000212201;37,28;1,4358814675;1.118.662,62;0;EUR
Muster ausgewogen cVV;12.06.2023;0,0023515120;4.131,35;1,4412534791;1.122.793,97;0,004751642;EUR
Muster ausgewogen cVV;13.06.2023;0,0013891200;2.446,27;1,4444628447;1.125.240,24;0,001644593;EUR
Muster ausgewogen cVV;14.06.2023;0,0007419974;1.308,49;1,4462118474;1.126.548,73;0,000157324;EUR
Muster ausgewogen cVV;15.06.2023;-0,0012292288;-2.169,32;1,4434961187;1.124.379,42;-0,001321834;EUR
Muster ausgewogen cVV;16.06.2023;0,0017568375;3.096,62;1,4475409052;1.127.476,03;0,001039828;EUR
Muster ausgewogen cVV;17.06.2023;0,0000211122;37,28;1,4475887656;1.127.513,31;0;EUR
Muster ausgewogen cVV;18.06.2023;0,0000211118;37,28;1,4476366260;1.127.550,59;0;EUR
Muster ausgewogen cVV;19.06.2023;-0,0024162400;-4.266,55;1,4422279148;1.123.284,04;-0,003894883;EUR
Muster ausgewogen cVV;20.06.2023;-0,0019179945;-3.378,57;1,4379588096;1.119.905,47;-0,000078269;EUR
Muster ausgewogen cVV;21.06.2023;-0,0046390926;-8.156,15;1,4275545567;1.111.749,32;-0,004225507;EUR
Muster ausgewogen cVV;22.06.2023;0,0003353029;586,77;1,4283762605;1.112.336,09;-0,002119391;EUR
Muster ausgewogen cVV;23.06.2023;-0,0000236604;-41,42;1,4283912924;1.112.294,67;-0,000065170;EUR
Muster ausgewogen cVV;24.06.2023;0,0000217464;38,07;1,4284401781;1.112.332,74;0;EUR
Muster ausgewogen cVV;25.06.2023;0,0000217459;38,07;1,4284890639;1.112.370,81;0;EUR
Muster ausgewogen cVV;26.06.2023;-0,0020943907;-3.666,44;1,4238486482;1.108.704,37;-0,000647143;EUR
Muster ausgewogen cVV;27.06.2023;-0,0011854420;-2.070,89;1,4212569319;1.106.633,48;0,000311545;EUR
Muster ausgewogen cVV;28.06.2023;0,0044875861;7.830,22;1,4313816024;1.114.463,70;0,003995061;EUR
Muster ausgewogen cVV;29.06.2023;0,0021521103;3.771,99;1,4362946888;1.118.235,69;-0,000669329;EUR
Muster ausgewogen cVV;30.06.2023;0,0052156242;9.161,06;1,4481304197;1.127.396,75;0,005480264;EUR
Muster ausgewogen cVV;01.07.2023;0,0000215968;38,13;1,4481793996;1.127.434,88;0;EUR
Muster ausgewogen cVV;02.07.2023;0,0000215963;38,13;1,4482283796;1.127.473,01;0;EUR
Muster ausgewogen cVV;03.07.2023;0,0003155495;557,17;1,4490130591;1.128.030,18;-0,001343506;EUR
Muster ausgewogen cVV;04.07.2023;0,0004291351;757,96;1,4500557239;1.128.788,14;-0,000277583;EUR
Muster ausgewogen cVV;05.07.2023;-0,0025506668;-4.507,07;1,4443345960;1.124.281,07;-0,001574513;EUR
Muster ausgewogen cVV;06.07.2023;-0,0125595799;-22.136,39;1,4159638869;1.102.144,68;-0,012559258;EUR
Muster ausgewogen cVV;07.07.2023;-0,0030443289;-5.298,27;1,4092239936;1.096.846,41;-0,000108946;EUR
Muster ausgewogen cVV;08.07.2023;0,0000227883;39,54;1,4092747937;1.096.885,95;0;EUR
Muster ausgewogen cVV;09.07.2023;0,0000227878;39,54;1,4093255938;1.096.925,49;0;EUR
Muster ausgewogen cVV;10.07.2023;-0,0019949514;-3.461,55;1,4049449538;1.093.463,94;0,000924590;EUR
Muster ausgewogen cVV;11.07.2023;0,0032479671;5.624,48;1,4122386699;1.099.088,42;0,003370798;EUR
Muster ausgewogen cVV;12.07.2023;0,0045281815;7.866,89;1,4224144898;1.106.955,31;0,005958529;EUR
Muster ausgewogen cVV;13.07.2023;0,0067612190;11.799,58;1,4376448983;1.118.754,89;0,005035550;EUR
Muster ausgewogen cVV;14.07.2023;-0,0007176783;-1.260,95;1,4360926219;1.117.493,94;-0,002044020;EUR
Muster ausgewogen cVV;15.07.2023;0,0000224593;39,43;1,4361432963;1.117.533,37;0;EUR
Muster ausgewogen cVV;16.07.2023;0,0000224588;39,43;1,4361939707;1.117.572,80;0;EUR
Muster ausgewogen cVV;17.07.2023;-0,0019353759;-3.398,14;1,4318948838;1.114.174,67;0,000324014;EUR
Muster ausgewogen cVV;18.07.2023;0,0042627292;7.470,02;1,4415633615;1.121.644,69;0,005100699;EUR
Muster ausgewogen cVV;19.07.2023;-0,0018567926;-3.267,72;1,4374316714;1.118.376,97;0,000706834;EUR
Muster ausgewogen cVV;20.07.2023;0,0014491193;2.545,53;1,4407715872;1.120.922,50;-0,000524845;EUR
Muster ausgewogen cVV;21.07.2023;0,0020160195;3.546,48;1,4453984125;1.124.468,98;0,000820307;EUR
Muster ausgewogen cVV;22.07.2023;0,0000202553;35,70;1,4454443065;1.124.504,69;0;EUR
Muster ausgewogen cVV;23.07.2023;0,0000202549;35,70;1,4454902005;1.124.540,39;0;EUR
Muster ausgewogen cVV;24.07.2023;0,0049990267;8.812,13;1,4568862442;1.133.352,53;0,002964918;EUR
Muster ausgewogen cVV;25.07.2023;0,0020182991;3.575,58;1,4615516026;1.136.928,11;0,001412030;EUR
Muster ausgewogen cVV;26.07.2023;-0,0024316854;-4.316,62;1,4560712433;1.132.611,48;-0,003023183;EUR
Muster ausgewogen cVV;27.07.2023;0,0044226733;7.831,85;1,4662089952;1.140.443,33;0,005817171;EUR
Muster ausgewogen cVV;28.07.2023;0,0038202740;6.795,02;1,4750146019;1.147.238,35;0,002336358;EUR
Muster ausgewogen cVV;29.07.2023;0,0000226937;40,52;1,4750666973;1.147.278,87;0;EUR
Muster ausgewogen cVV;30.07.2023;0,0000226932;40,52;1,4751187927;1.147.319,39;0;EUR
Muster ausgewogen cVV;31.07.2023;0,0016758101;2.992,24;1,4790357045;1.150.311,63;0,000838785;EUR
Muster ausgewogen cVV;01.08.2023;-0,0046004111;-8.228,02;1,4685255949;1.142.083,60;-0,004329375;EUR
Muster ausgewogen cVV;02.08.2023;-0,0079176756;-14.095,94;1,4504689584;1.127.987,66;-0,005454079;EUR
Muster ausgewogen cVV;03.08.2023;-0,0044920617;-7.933,96;1,4403345968;1.120.053,71;-0,003504259;EUR
Muster ausgewogen cVV;04.08.2023;-0,0045048826;-7.920,86;1,4302160879;1.112.132,85;-0,001450979;EUR
Muster ausgewogen cVV;05.08.2023;0,0000222971;39,03;1,4302662783;1.112.171,88;0;EUR
Muster ausgewogen cVV;06.08.2023;0,0000222966;39,03;1,4303164688;1.112.210,91;0;EUR
Muster ausgewogen cVV;07.08.2023;0,0024401737;4.271,38;1,4358770760;1.116.482,28;0,002005630;EUR
Muster ausgewogen cVV;08.08.2023;0,0004436319;772,19;1,4369445901;1.117.254,47;-0,000517081;EUR
Muster ausgewogen cVV;09.08.2023;0,0002286475;398,16;1,4375311001;1.117.652,64;-0,001224503;EUR
Muster ausgewogen cVV;10.08.2023;-0,0000299535;-52,17;1,4375383789;1.117.600,46;0,001544278;EUR
Muster ausgewogen cVV;11.08.2023;-0,0025494064;-4.440,37;1,4319009147;1.113.160,10;-0,004237655;EUR
Muster ausgewogen cVV;12.08.2023;0,0000210521;36,57;1,4319479606;1.113.196,67;0;EUR
Muster ausgewogen cVV;13.08.2023;0,0000210516;36,57;1,4319950064;1.113.233,24;0;EUR
Muster ausgewogen cVV;14.08.2023;0,0020846334;3.621,76;1,4367280825;1.116.855,00;0,002591326;EUR
Muster ausgewogen cVV;15.08.2023;-0,0058698772;-10.219,34;1,4236554288;1.106.635,66;-0,006326033;EUR
Muster ausgewogen cVV;16.08.2023;0,0003437953;595,03;1,4244944840;1.107.230,69;-0,000119977;EUR
Muster ausgewogen cVV;17.08.2023;-0,0016121476;-2.791,20;1,4209768495;1.104.439,48;-0,004165335;EUR
Muster ausgewogen cVV;18.08.2023;-0,0016091580;-2.781,53;1,4174712522;1.101.657,95;-0,000259176;EUR
Muster ausgewogen cVV;19.08.2023;0,0000212576;36,69;1,4175184551;1.101.694,64;0;EUR
Muster ausgewogen cVV;20.08.2023;0,0000212572;36,69;1,4175656580;1.101.731,32;0;EUR
Muster ausgewogen cVV;21.08.2023;0,0006140162;1.059,70;1,4190023300;1.102.791,03;-0,000294456;EUR
Muster ausgewogen cVV;22.08.2023;0,0058352591;10.077,01;1,4320426079;1.112.868,03;0,003203284;EUR
Muster ausgewogen cVV;23.08.2023;0,0072835315;12.651,45;1,4483971627;1.125.519,48;0,005779294;EUR
Muster ausgewogen cVV;24.08.2023;-0,0020417638;-3.572,36;1,4438743569;1.121.947,12;-0,003996791;EUR
Muster ausgewogen cVV;25.08.2023;-0,0003470972;-606,06;1,4431686879;1.121.341,06;0,001142810;EUR
Muster ausgewogen cVV;26.08.2023;0,0000210382;36,72;1,4432159484;1.121.377,78;0;EUR
Muster ausgewogen cVV;27.08.2023;0,0000210377;36,72;1,4432632090;1.121.414,50;0;EUR
Muster ausgewogen cVV;28.08.2023;0,0035547580;6.204,97;1,4513236956;1.127.619,47;0,003380469;EUR
Muster ausgewogen cVV;29.08.2023;0,0055047528;9.642,92;1,4638100788;1.137.262,40;0,006300833;EUR
Muster ausgewogen cVV;30.08.2023;0,0001463973;257,86;1,4642172470;1.137.520,26;-0,001911966;EUR
Muster ausgewogen cVV;31.08.2023;0,0037853573;6.668,46;1,4728765676;1.144.188,72;0,004353162;EUR
Muster ausgewogen cVV;01.09.2023;0,0013731750;2.428,20;1,4760781189;1.146.616,92;-0,001338831;EUR
Muster ausgewogen cVV;02.09.2023;0,0000207457;36,74;1,4761254095;1.146.653,66;0;EUR
Muster ausgewogen cVV;03.09.2023;0,0000207453;36,74;1,4761727001;1.146.690,39;0;EUR
Muster ausgewogen cVV;04.09.2023;-0,0011603200;-2.054,71;1,4736032396;1.144.635,68;-0,000690007;EUR
Muster ausgewogen cVV;05.09.2023;0,0002684515;474,83;1,4742901708;1.145.110,51;-0,000864717;EUR
Muster ausgewogen cVV;06.09.2023;-0,0057314385;-10.140,27;1,4613098658;1.134.970,24;-0,003293174;EUR
Muster ausgewogen cVV;07.09.2023;0,0003303301;581,08;1,4621329728;1.135.551,32;-0,000360886;EUR
Muster ausgewogen cVV;08.09.2023;0,0014521155;2.555,25;1,4654981936;1.138.106,58;0,001019394;EUR
Muster ausgewogen cVV;09.09.2023;0,0000181730;32,03;1,4655394311;1.138.138,60;0;EUR
Muster ausgewogen cVV;10.09.2023;0,0000181727;32,03;1,4655806687;1.138.170,63;0;EUR
Muster ausgewogen cVV;11.09.2023;-0,0020829489;-3.670,77;1,4609287620;1.134.499,85;0,001424459;EUR
Muster ausgewogen cVV;12.09.2023;-0,0037515111;-6.597,50;1,4525073113;1.127.902,35;-0,001921476;EUR
Muster ausgewogen cVV;13.09.2023;0,0007236465;1.267,85;1,4542144403;1.129.170,20;-0,002253569;EUR
Muster ausgewogen cVV;14.09.2023;0,0121134870;21.238,52;1,4816424778;1.150.408,72;0,007989887;EUR
Muster ausgewogen cVV;15.09.2023;-0,0028642393;-5.082,69;1,4751717437;1.145.326,03;-0,001619865;EUR
Muster ausgewogen cVV;16.09.2023;0,0000196022;34,69;1,4752164181;1.145.360,72;0;EUR
Muster ausgewogen cVV;17.09.2023;0,0000196019;34,69;1,4752610924;1.145.395,40;0;EUR
Muster ausgewogen cVV;18.09.2023;-0,0045573497;-8.064,33;1,4649491415;1.137.331,08;-0,004308781;EUR
Muster ausgewogen cVV;19.09.2023;0,0004573863;805,67;1,4660617513;1.138.136,74;-0,002211443;EUR
Muster ausgewogen cVV;20.09.2023;-0,0015958652;-2.812,33;1,4625137646;1.135.324,41;0,000629642;EUR
Muster ausgewogen cVV;21.09.2023;-0,0094154749;-16.566,06;1,4412470617;1.118.758,36;-0,006734508;EUR
Muster ausgewogen cVV;22.09.2023;0,0003710245;646,65;1,4421536558;1.119.405,01;-0,000478330;EUR
Muster ausgewogen cVV;23.09.2023;0,0000199439;34,77;1,4421984543;1.119.439,78;0;EUR
Muster ausgewogen cVV;24.09.2023;0,0000199435;34,77;1,4422432528;1.119.474,55;0;EUR
Muster ausgewogen cVV;25.09.2023;0,0004283261;746,83;1,4432789720;1.120.221,38;-0,000857802;EUR
Muster ausgewogen cVV;26.09.2023;-0,0061929804;-10.802,71;1,4294337259;1.109.418,68;-0,005897264;EUR
Muster ausgewogen cVV;27.09.2023;0,0022163399;3.842,12;1,4344571653;1.113.260,80;0,000207295;EUR
Muster ausgewogen cVV;28.09.2023;-0,0039361877;-6.838,68;1,4257179667;1.106.422,12;-0,000850623;EUR
Muster ausgewogen cVV;29.09.2023;0,0013079957;2.263,55;1,4287074233;1.108.685,67;0,003717171;EUR
Muster ausgewogen cVV;30.09.2023;0,0000219189;37,98;1,4287563679;1.108.723,65;0;EUR
Muster ausgewogen cVV;01.10.2023;0,0000219184;37,98;1,4288053125;1.108.761,63;0;EUR
Muster ausgewogen cVV;02.10.2023;0,0012858924;2.228,31;1,4317496230;1.110.989,94;-0,002595574;EUR
Muster ausgewogen cVV;03.10.2023;-0,0072383577;-12.559,39;1,4156361022;1.098.430,55;-0,006074814;EUR
Muster ausgewogen cVV;04.10.2023;0,0019529308;3.364,03;1,4200437439;1.101.794,59;0,000388985;EUR
Muster ausgewogen cVV;05.10.2023;-0,0014267024;-2.462,37;1,4169420722;1.099.332,21;0,000662004;EUR
Muster ausgewogen cVV;06.10.2023;0,0054603953;9.410,76;1,4291442463;1.108.742,97;0,004871630;EUR
Muster ausgewogen cVV;07.10.2023;0,0000219182;37,98;1,4291932033;1.108.780,95;0;EUR
Muster ausgewogen cVV;08.10.2023;0,0000219177;37,98;1,4292421603;1.108.818,93;0;EUR
Muster ausgewogen cVV;09.10.2023;0,0080135514;13.887,04;1,4472156536;1.122.705,97;0,001880706;EUR
Muster ausgewogen cVV;10.10.2023;0,0044496844;7.772,85;1,4573090815;1.130.478,82;0,006017872;EUR
Muster ausgewogen cVV;11.10.2023;0,0038804397;6.808,64;1,4661604575;1.137.287,46;0,001576336;EUR
Muster ausgewogen cVV;12.10.2023;0,0005047274;889,03;1,4673809124;1.138.176,49;-0,001284836;EUR
Muster ausgewogen cVV;13.10.2023;-0,0003834723;-675,79;1,4665839146;1.137.500,70;-0,003838325;EUR
Muster ausgewogen cVV;14.10.2023;0,0000190869;33,62;1,4666272662;1.137.534,32;0;EUR
Muster ausgewogen cVV;15.10.2023;0,0000190866;33,62;1,4666706178;1.137.567,95;0;EUR
Muster ausgewogen cVV;16.10.2023;-0,0008107127;-1.428,23;1,4649033412;1.136.139,72;0,001046044;EUR
Muster ausgewogen cVV;17.10.2023;-0,0040184189;-7.073,48;1,4558566612;1.129.066,24;-0,002129210;EUR
Muster ausgewogen cVV;18.10.2023;-0,0019387816;-3.399,06;1,4515471995;1.125.667,18;-0,005661811;EUR
Muster ausgewogen cVV;19.10.2023;-0,0071254482;-12.468,06;1,4355422011;1.113.199,12;-0,004355774;EUR
Muster ausgewogen cVV;20.10.2023;-0,0050096413;-8.703,37;1,4243905960;1.104.495,75;-0,005966762;EUR
Muster ausgewogen cVV;21.10.2023;0,0000182957;31,63;1,4244313824;1.104.527,38;0;EUR
Muster ausgewogen cVV;22.10.2023;0,0000182954;31,63;1,4244721687;1.104.559,00;0;EUR
Muster ausgewogen cVV;23.10.2023;-0,0036851518;-6.370,46;1,4163281439;1.098.188,54;-0,001339024;EUR
Muster ausgewogen cVV;24.10.2023;0,0091220684;15.711,07;1,4366631349;1.113.899,60;0,004808046;EUR
Muster ausgewogen cVV;25.10.2023;-0,0043750059;-7.603,87;1,4269279517;1.106.295,73;-0,002750230;EUR
Muster ausgewogen cVV;26.10.2023;-0,0028545969;-4.939,66;1,4206282939;1.101.356,08;-0,003421201;EUR
Muster ausgewogen cVV;27.10.2023;-0,0013797158;-2.380,67;1,4176289342;1.098.975,40;-0,001717521;EUR
Muster ausgewogen cVV;28.10.2023;0,0000183544;31,63;1,4176697308;1.099.007,03;0;EUR
Muster ausgewogen cVV;29.10.2023;0,0000183540;31,63;1,4177105275;1.099.038,66;0;EUR
Muster ausgewogen cVV;30.10.2023;0,0010484949;1.806,73;1,4201126667;1.100.845,39;0,002445340;EUR
Muster ausgewogen cVV;31.10.2023;0,0044921677;7.748,86;1,4301808636;1.108.594,25;0,004507044;EUR
Muster ausgewogen cVV;01.11.2023;0,0083491153;14.466,68;1,4489170303;1.123.060,92;0,006358611;EUR
Muster ausgewogen cVV;02.11.2023;0,0084038834;14.683,15;1,4679343430;1.137.744,07;0,007585736;EUR
Muster ausgewogen cVV;03.11.2023;0,0001058987;186,58;1,4682488982;1.137.930,65;0,001818520;EUR
Muster ausgewogen cVV;04.11.2023;0,0000180506;31,81;1,4682899371;1.137.962,46;0;EUR
Muster ausgewogen cVV;05.11.2023;0,0000180503;31,81;1,4683309760;1.137.994,27;0;EUR
Muster ausgewogen cVV;06.11.2023;0,0012651547;2.229,35;1,4712814117;1.140.223,62;-0,001934240;EUR
Muster ausgewogen cVV;07.11.2023;0,0003098940;546,76;1,4720608719;1.140.770,38;0,002352397;EUR
Muster ausgewogen cVV;08.11.2023;0,0005153961;909,62;1,4733086328;1.141.680,00;0,001327425;EUR
Muster ausgewogen cVV;09.11.2023;0,0008339003;1.472,51;1,4752829062;1.143.152,51;0,000911949;EUR
Muster ausgewogen cVV;10.11.2023;-0,0001823796;-322,32;1,4749409366;1.142.830,19;-0,000197362;EUR
Muster ausgewogen cVV;11.11.2023;0,0000180006;31,81;1,4749819858;1.142.862,00;0;EUR
Muster ausgewogen cVV;12.11.2023;0,0000180003;31,81;1,4750230351;1.142.893,80;0;EUR
Muster ausgewogen cVV;13.11.2023;0,0009847171;1.740,01;1,4773427810;1.144.633,82;0,001537652;EUR
Muster ausgewogen cVV;14.11.2023;0,0010679714;1.888,98;1,4798550021;1.146.522,80;0,008774157;EUR
Muster ausgewogen cVV;15.11.2023;0,0058164090;10.298,81;1,4932228273;1.156.821,62;0,002671703;EUR
Muster ausgewogen cVV;16.11.2023;0,0026853677;4.782,50;1,4994711469;1.161.604,11;0,001482182;EUR
Muster ausgewogen cVV;17.11.2023;-0,0019798639;-3.535,50;1,4949821228;1.158.068,61;0,002638501;EUR
Muster ausgewogen cVV;18.11.2023;0,0000178467;31,81;1,4950231823;1.158.100,42;0;EUR
Muster ausgewogen cVV;19.11.2023;0,0000178464;31,81;1,4950642418;1.158.132,23;0;EUR
Muster ausgewogen cVV;20.11.2023;0,0009024333;1.608,37;1,4972154277;1.159.740,59;-0,000728122;EUR
Muster ausgewogen cVV;21.11.2023;0,0038252244;6.823,69;1,5061000606;1.166.564,28;0,000798537;EUR
Muster ausgewogen cVV;22.11.2023;0,0032851355;5.882,66;1,5137705604;1.172.446,94;0,002695651;EUR
Muster ausgewogen cVV;23.11.2023;-0,0003580686;-643,30;1,5130155714;1.171.803,64;-0,001152840;EUR
Muster ausgewogen cVV;24.11.2023;-0,0010662510;-1.914,91;1,5106184955;1.169.888,73;-0,000087361;EUR
Muster ausgewogen cVV;25.11.2023;0,0000177450;31,83;1,5106596021;1.169.920,57;0;EUR
Muster ausgewogen cVV;26.11.2023;0,0000177446;31,83;1,5107007087;1.169.952,40;0;EUR
Muster ausgewogen cVV;27.11.2023;0,0001055368;189,34;1,5110206098;1.170.141,74;0,000853261;EUR
Muster ausgewogen cVV;28.11.2023;0,0010549207;1.892,81;1,5135403267;1.172.034,55;0,001336500;EUR
Muster ausgewogen cVV;29.11.2023;0,0040757731;7.320,74;1,5230701196;1.179.355,29;0,005252596;EUR
Muster ausgewogen cVV;30.11.2023;0,0043776001;7.894,92;1,5333423775;1.187.250,21;0,002564813;EUR
Muster ausgewogen cVV;01.12.2023;0,0055470703;10.047,83;1,5463962584;1.197.298,04;0,008746458;EUR
Muster ausgewogen cVV;02.12.2023;0,0000174779;31,83;1,5464373752;1.197.329,87;0;EUR
Muster ausgewogen cVV;03.12.2023;0,0000174776;31,83;1,5464784920;1.197.361,71;0;EUR
Muster ausgewogen cVV;04.12.2023;-0,0022357959;-4.072,47;1,5412953473;1.193.289,24;0,000157560;EUR
Muster ausgewogen cVV;05.12.2023;0,0039671273;7.209,92;1,5506851126;1.200.499,15;0,003692428;EUR
Muster ausgewogen cVV;06.12.2023;0,0034950468;6.377,15;1,5590000339;1.206.876,30;0,002746263;EUR
Muster ausgewogen cVV;07.12.2023;0,0014171657;2.594,83;1,5624296384;1.209.471,13;0,001664354;EUR
Muster ausgewogen cVV;08.12.2023;0,0023005174;4.218,22;1,5679567875;1.213.689,35;0,001152228;EUR
Muster ausgewogen cVV;09.12.2023;0,0000173407;31,87;1,5679979589;1.213.721,22;0;EUR
Muster ausgewogen cVV;10.12.2023;0,0000173404;31,87;1,5680391304;1.213.753,09;0;EUR
Muster ausgewogen cVV;11.12.2023;-0,0004658170;-856,12;1,5670109682;1.212.896,98;0,001947567;EUR
Muster ausgewogen cVV;12.12.2023;0,0003322321;610,32;1,5678773266;1.213.507,29;0,000507809;EUR
Muster ausgewogen cVV;13.12.2023;-0,0002992972;-550,00;1,5672445032;1.212.957,30;0,003310894;EUR
Muster ausgewogen cVV;14.12.2023;-0,0026002636;-4.776,90;1,5611497888;1.208.180,40;-0,000007468;EUR
Muster ausgewogen cVV;15.12.2023;0,0052918383;9.696,27;1,5737568528;1.217.876,66;0,003455064;EUR
Muster ausgewogen cVV;16.12.2023;0,0000173013;31,87;1,5737980344;1.217.908,53;0;EUR
Muster ausgewogen cVV;17.12.2023;0,0000173010;31,87;1,5738392161;1.217.940,40;0;EUR
Muster ausgewogen cVV;18.12.2023;-0,0010174462;-1.874,20;1,5714952345;1.216.066,20;-0,001828023;EUR
Muster ausgewogen cVV;19.12.2023;0,0033073837;6.086,22;1,5794385674;1.222.152,42;0,002608922;EUR
Muster ausgewogen cVV;20.12.2023;-0,0005543856;-1.023,55;1,5781939400;1.221.128,87;-0,001328368;EUR
Muster ausgewogen cVV;21.12.2023;0,0014400163;2.657,20;1,5817064023;1.223.786,07;0,001532498;EUR
Muster ausgewogen cVV;22.12.2023;0,0020328490;3.756,53;1,5866400914;1.227.542,59;0,000571095;EUR
Muster ausgewogen cVV;23.12.2023;0,0000172864;32,01;1,5866814637;1.227.574,60;0;EUR
Muster ausgewogen cVV;24.12.2023;0,0000172861;32,01;1,5867228360;1.227.606,61;0;EUR
Muster ausgewogen cVV;25.12.2023;-0,0001683542;-311,75;1,5863983388;1.227.294,86;0,000018615;EUR
Muster ausgewogen cVV;26.12.2023;0,0000079127;14,65;1,5864956896;1.227.309,51;0,000488209;EUR
Muster ausgewogen cVV;27.12.2023;0,0001255909;232,52;1,5868746609;1.227.542,03;0,001183304;EUR
Muster ausgewogen cVV;28.12.2023;0,0005533591;1.024,64;1,5882776653;1.228.566,67;-0,000408634;EUR
Muster ausgewogen cVV;29.12.2023;0,0008938264;1.655,99;1,5904970084;1.230.222,66;-0,000110765;EUR
Muster ausgewogen cVV;30.12.2023;0,0000172614;32,01;1,5905383910;1.230.254,66;0;EUR
Muster ausgewogen cVV;31.12.2023;0,0000127859;23,71;1,5905690444;1.230.278,37;0;EUR
Muster ausgewogen cVV;01.01.2024;-0,0004567037;-846,91;1,5895525309;1.229.431,46;0,000005723;EUR
Muster ausgewogen cVV;02.01.2024;0,0018430652;3.416,23;1,5940480334;1.232.847,69;-0,000145187;EUR
Muster ausgewogen cVV;03.01.2024;-0,0047792315;-8.874,90;1,5826509628;1.223.972,78;-0,004942169;EUR
Muster ausgewogen cVV;04.01.2024;-0,0046112693;-8.522,08;1,5717089711;1.215.450,70;-0,002008659;EUR
Muster ausgewogen cVV;05.01.2024;-0,0001750726;-322,06;1,5713698943;1.215.128,65;-0,001283693;EUR
Muster ausgewogen cVV;06.01.2024;0,0000174194;32,04;1,5714113259;1.215.160,68;0;EUR
Muster ausgewogen cVV;07.01.2024;0,0000174191;32,04;1,5714527575;1.215.192,72;0;EUR
Muster ausgewogen cVV;08.01.2024;0,0034672625;6.377,40;1,5797775880;1.221.570,12;0,004731905;EUR
Muster ausgewogen cVV;09.01.2024;-0,0019749068;-3.645,08;1,5751411408;1.217.925,05;-0,000632747;EUR
Muster ausgewogen cVV;10.01.2024;-0,0017591826;-3.240,50;1,5710274583;1.214.684,54;-0,000482626;EUR
Muster ausgewogen cVV;11.01.2024;-0,0030977349;-5.696,15;1,5637371395;1.208.988,40;-0,001667477;EUR
Muster ausgewogen cVV;12.01.2024;0,0076414587;14.007,66;1,5819327392;1.222.996,06;0,004526731;EUR
Muster ausgewogen cVV;13.01.2024;0,0000173452;32,04;1,5819741811;1.223.028,10;0;EUR
Muster ausgewogen cVV;14.01.2024;0,0000173449;32,04;1,5820156229;1.223.060,14;0;EUR
Muster ausgewogen cVV;15.01.2024;-0,0014937265;-2.759,19;1,5785241573;1.220.300,95;-0,001956940;EUR
Muster ausgewogen cVV;16.01.2024;-0,0019337083;-3.566,58;1,5739878527;1.216.734,36;-0,001111104;EUR
Muster ausgewogen cVV;17.01.2024;-0,0077190978;-14.209,78;1,5556821743;1.202.524,59;-0,005618224;EUR
Muster ausgewogen cVV;18.01.2024;0,0072754500;13.289,70;1,5729519349;1.215.814,29;0,003856313;EUR
Muster ausgewogen cVV;19.01.2024;0,0024257176;4.463,17;1,5788035274;1.220.277,46;0,001450528;EUR
Muster ausgewogen cVV;20.01.2024;0,0000174748;32,23;1,5788452275;1.220.309,69;0;EUR
Muster ausgewogen cVV;21.01.2024;0,0000174745;32,23;1,5788869277;1.220.341,92;0;EUR
Muster ausgewogen cVV;22.01.2024;0,0024877962;4.588,66;1,5849014194;1.224.930,58;0,004218968;EUR
Muster ausgewogen cVV;23.01.2024;0,0017422004;3.221,43;1,5891473522;1.228.152,01;-0,000127506;EUR
Muster ausgewogen cVV;24.01.2024;-0,0007523024;-1.393,47;1,5874219952;1.226.758,54;0,003497116;EUR
Muster ausgewogen cVV;25.01.2024;0,0061454443;11.374,50;1,6022189640;1.238.133,04;0,004359353;EUR
Muster ausgewogen cVV;26.01.2024;0,0003288285;612,36;1,6030897990;1.238.745,40;0,000254225;EUR
Muster ausgewogen cVV;27.01.2024;0,0000173016;32,23;1,6031315094;1.238.777,64;0;EUR
Muster ausgewogen cVV;28.01.2024;0,0000173013;32,23;1,6031732198;1.238.809,87;0;EUR
Muster ausgewogen cVV;29.01.2024;0,0036407377;6.782,46;1,6120293609;1.245.592,32;0,004508815;EUR
Muster ausgewogen cVV;30.01.2024;-0,0002537429;-474,43;1,6114941008;1.245.117,90;-0,001350524;EUR
Muster ausgewogen cVV;31.01.2024;-0,0041422041;-7.742,79;1,6015512125;1.237.375,11;-0,001276204;EUR
Muster ausgewogen cVV;01.02.2024;0,0014624166;2.722,29;1,6051530643;1.240.097,40;0,001953891;EUR
Muster ausgewogen cVV;02.02.2024;0,0004306489;802,83;1,6062705976;1.240.900,22;0,000326088;EUR
Muster ausgewogen cVV;03.02.2024;0,0000137389;25,62;1,6063037655;1.240.925,85;0;EUR
Muster ausgewogen cVV;04.02.2024;0,0000137387;25,62;1,6063369334;1.240.951,47;0;EUR
Muster ausgewogen cVV;05.02.2024;0,0007069847;1.318,58;1,6081221859;1.242.270,05;-0,001372731;EUR
Muster ausgewogen cVV;06.02.2024;0,0019054615;3.556,34;1,6128045057;1.245.826,40;0,002927098;EUR
Muster ausgewogen cVV;07.02.2024;-0,0014523124;-2.715,75;1,6093672003;1.243.110,64;-0,000256980;EUR
Muster ausgewogen cVV;08.02.2024;-0,0006776884;-1.265,40;1,6078072769;1.241.845,24;-0,000768310;EUR
Muster ausgewogen cVV;09.02.2024;0,0004909772;916,15;1,6090717394;1.242.761,39;-0,000905870;EUR
Muster ausgewogen cVV;10.02.2024;0,0000176165;32,89;1,6091143213;1.242.794,28;0;EUR
Muster ausgewogen cVV;11.02.2024;0,0000176162;32,89;1,6091569032;1.242.827,16;0;EUR
Muster ausgewogen cVV;12.02.2024;0,0019535706;3.647,22;1,6139576984;1.246.474,39;0,002547961;EUR
Muster ausgewogen cVV;13.02.2024;-0,0052092192;-9.744,36;1,6014184052;1.236.730,02;-0,004976101;EUR
Muster ausgewogen cVV;14.02.2024;0,0008909451;1.657,92;1,6036431744;1.238.387,94;0,003625297;EUR
Muster ausgewogen cVV;15.02.2024;0,0008976700;1.671,92;1,6058862536;1.240.059,86;0,002740521;EUR
Muster ausgewogen cVV;16.02.2024;-0,0000721239;-134,45;1,6057901296;1.239.925,41;-0,000878313;EUR
Muster ausgewogen cVV;17.02.2024;0,0000185521;34,58;1,6058349158;1.239.959,99;0;EUR
Muster ausgewogen cVV;18.02.2024;0,0000214539;39,99;1,6058867081;1.239.999,99;0;EUR
Muster ausgewogen cVV;19.02.2024;-0,0005918894;-1.103,36;1,6045356809;1.238.896,63;-0,000072827;EUR
Muster ausgewogen cVV;20.02.2024;-0,0003950559;-736,00;1,6036602838;1.238.160,63;-0,001693493;EUR
Muster ausgewogen cVV;21.02.2024;0,0000243007;45,25;1,6037966867;1.238.205,89;-0,000076247;EUR
Muster ausgewogen cVV;22.02.2024;0,0057492241;10.706,96;1,6177433977;1.248.912,85;0,007692588;EUR
Muster ausgewogen cVV;23.02.2024;0,0031145277;5.833,63;1,6253785863;1.254.746,48;0,002038537;EUR
Muster ausgewogen cVV;24.02.2024;0,0000253148;47,56;1,6254401989;1.254.794,04;0;EUR
Muster ausgewogen cVV;25.02.2024;0,0000253141;47,56;1,6255018116;1.254.841,60;0;EUR
Muster ausgewogen cVV;26.02.2024;-0,0061802160;-11.612,42;1,6105372734;1.243.229,18;-0,002240237;EUR
Muster ausgewogen cVV;27.02.2024;0,0030422112;5.680,89;1,6179748938;1.248.910,07;0,002124042;EUR
Muster ausgewogen cVV;28.02.2024;-0,0037921650;-7.102,86;1,6088509268;1.241.807,21;-0,000034780;EUR
Muster ausgewogen cVV;29.02.2024;0,0063058677;11.766,32;1,6241736117;1.253.573,53;0,003247321;EUR
Muster ausgewogen cVV;01.03.2024;0,0009851906;1.849,89;1,6266490408;1.255.423,43;0,003000296;EUR
Muster ausgewogen cVV;02.03.2024;0,0000253542;47,65;1,6267107865;1.255.471,08;0;EUR
Muster ausgewogen cVV;03.03.2024;0,0000253535;47,65;1,6267725322;1.255.518,73;0;EUR
Muster ausgewogen cVV;04.03.2024;-0,0013526124;-2.542,43;1,6235567715;1.252.976,30;-0,001009609;EUR
Muster ausgewogen cVV;05.03.2024;-0,0026435772;-4.962,26;1,6172049853;1.248.014,04;-0,000538426;EUR
Muster ausgewogen cVV;06.03.2024;0,0024903476;4.662,28;1,6233248485;1.252.676,32;0,000485760;EUR
Muster ausgewogen cVV;07.03.2024;0,0046216260;8.673,88;1,6346440845;1.261.350,19;0,004829640;EUR
Muster ausgewogen cVV;08.03.2024;0,0000835288;157,49;1,6349270505;1.261.507,69;-0,000301633;EUR
Muster ausgewogen cVV;09.03.2024;0,0000273855;51,64;1,6349939752;1.261.559,33;0;EUR
Muster ausgewogen cVV;10.03.2024;0,0000273848;51,64;1,6350609000;1.261.610,96;0;EUR
Muster ausgewogen cVV;11.03.2024;0,0009595810;1.809,52;1,6374850050;1.263.420,48;-0,001798766;EUR
Muster ausgewogen cVV;12.03.2024;0,0051396751;9.701,37;1,6501382174;1.273.121,85;0,004995541;EUR
Muster ausgewogen cVV;13.03.2024;-0,0007341227;-1.392,81;1,6484123511;1.271.729,04;-0,001135987;EUR
Muster ausgewogen cVV;14.03.2024;0,0004097562;776,84;1,6494987098;1.272.505,88;-0,001093265;EUR
Muster ausgewogen cVV;15.03.2024;-0,0045002329;-8.535,28;1,6385136203;1.263.970,60;-0,001992271;EUR
Muster ausgewogen cVV;16.03.2024;0,0000237105;44,77;1,6385716538;1.264.015,36;0;EUR
Muster ausgewogen cVV;17.03.2024;0,0000237100;44,77;1,6386296873;1.264.060,13;0;EUR
Muster ausgewogen cVV;18.03.2024;0,0022703529;4.286,85;1,6442659236;1.268.346,98;0,001104720;EUR
Muster ausgewogen cVV;19.03.2024;-0,0005789500;-1.095,65;1,6429245417;1.267.251,33;0,003058396;EUR
Muster ausgewogen cVV;20.03.2024;0,0007520242;1.422,36;1,6448476125;1.268.673,69;0,002015810;EUR
Muster ausgewogen cVV;21.03.2024;0,0050007866;9.465,48;1,6571993163;1.278.139,18;0,004622581;EUR
Muster ausgewogen cVV;22.03.2024;0,0014307096;2.721,59;1,6608078003;1.280.860,77;0,002550738;EUR
Muster ausgewogen cVV;23.03.2024;0,0000264808;50,45;1,6608732097;1.280.911,21;0;EUR
Muster ausgewogen cVV;24.03.2024;0,0000264801;50,45;1,6609386191;1.280.961,66;0;EUR
Muster ausgewogen cVV;25.03.2024;-0,0018602311;-3.543,90;1,6564229765;1.277.417,76;-0,001489821;EUR
Muster ausgewogen cVV;26.03.2024;0,0021655096;4.117,81;1,6618422522;1.281.535,57;0,001897561;EUR
Muster ausgewogen cVV;27.03.2024;0,0043605589;8.309,75;1,6726981987;1.289.845,31;0,004533932;EUR
Muster ausgewogen cVV;28.03.2024;0,0026014639;4.979,13;1,6792357197;1.294.824,44;0,000835820;EUR
Muster ausgewogen cVV;29.03.2024;-0,0000097080;-18,63;1,6792920132;1.294.805,81;0,000071284;EUR
Muster ausgewogen cVV;30.03.2024;0,0000263220;50,51;1,6793575219;1.294.856,32;0;EUR
Muster ausgewogen cVV;31.03.2024;0,0000178224;34,20;1,6794018785;1.294.890,52;0;EUR
Muster ausgewogen cVV;01.04.2024;0,0016594479;3.184,51;1,6836126330;1.298.075,03;0,000343290;EUR
Muster ausgewogen cVV;02.04.2024;-0,0045708429;-8.786,08;1,6722970739;1.289.288,95;-0,006203120;EUR
Muster ausgewogen cVV;03.04.2024;0,0007527513;1.440,33;1,6742453775;1.290.729,28;0,000491666;EUR
Muster ausgewogen cVV;04.04.2024;-0,0009925239;-1.900,54;1,6718600805;1.288.828,74;-0,001219632;EUR
Muster ausgewogen cVV;05.04.2024;-0,0001484796;-284,03;1,6715715342;1.288.544,70;-0,001511821;EUR
Muster ausgewogen cVV;06.04.2024;0,0000264189;50,53;1,6716370852;1.288.595,23;0;EUR
Muster ausgewogen cVV;07.04.2024;0,0000264182;50,53;1,6717026363;1.288.645,76;0;EUR
Muster ausgewogen cVV;08.04.2024;0,0028141547;5.382,83;1,6787657558;1.294.028,60;0,000693705;EUR
Muster ausgewogen cVV;09.04.2024;0,0014299019;2.742,77;1,6824043482;1.296.771,37;-0,001814610;EUR
Muster ausgewogen cVV;10.04.2024;0,0010647873;2.045,35;1,6851383790;1.298.816,72;-0,001089903;EUR
Muster ausgewogen cVV;11.04.2024;0,0017382738;3.342,60;1,6895558208;1.302.159,32;-0,000905921;EUR
Muster ausgewogen cVV;12.04.2024;0,0038620655;7.439,44;1,6992895576;1.309.598,76;0,001259675;EUR
Muster ausgewogen cVV;13.04.2024;0,0000261312;50,53;1,6993551243;1.309.649,29;0;EUR
Muster ausgewogen cVV;14.04.2024;0,0000261305;50,53;1,6994206910;1.309.699,82;0;EUR
Muster ausgewogen cVV;15.04.2024;-0,0056340872;-10.895,34;1,6853636198;1.298.804,48;-0,002867032;EUR
Muster ausgewogen cVV;16.04.2024;-0,0059830465;-11.504,98;1,6705140468;1.287.299,50;-0,006569976;EUR
Muster ausgewogen cVV;17.04.2024;-0,0021241053;-4.060,07;1,6653246567;1.283.239,43;-0,001049581;EUR
Muster ausgewogen cVV;18.04.2024;-0,0012942150;-2.468,54;1,6622002369;1.280.770,89;-0,000043745;EUR
Muster ausgewogen cVV;19.04.2024;-0,0026479230;-5.044,02;1,6557328332;1.275.726,87;-0,004231524;EUR
Muster ausgewogen cVV;20.04.2024;0,0000244738;46,50;1,6557931800;1.275.773,37;0;EUR
Muster ausgewogen cVV;21.04.2024;0,0000244732;46,50;1,6558535267;1.275.819,86;0;EUR
Muster ausgewogen cVV;22.04.2024;0,0015652339;2.973,86;1,6597921644;1.278.793,72;0,005298928;EUR
Muster ausgewogen cVV;23.04.2024;0,0025065821;4.769,82;1,6660622946;1.283.563,54;0,005816990;EUR
Muster ausgewogen cVV;24.04.2024;0,0019954601;3.806,72;1,6710828128;1.287.370,26;-0,001872829;EUR
Muster ausgewogen cVV;25.04.2024;-0,0053838826;-10.291,27;1,6578028786;1.277.078,99;-0,005266543;EUR
Muster ausgewogen cVV;26.04.2024;0,0095014859;18.064,27;1,6813323043;1.295.143,26;0,007366444;EUR
Muster ausgewogen cVV;27.04.2024;0,0000278625;53,48;1,6814017253;1.295.196,74;0;EUR
Muster ausgewogen cVV;28.04.2024;0,0000278617;53,48;1,6814711464;1.295.250,21;0;EUR
Muster ausgewogen cVV;29.04.2024;0,0010061787;1.931,23;1,6840581582;1.297.181,45;0,000857354;EUR
Muster ausgewogen cVV;30.04.2024;-0,0051794339;-9.951,28;1,6712182360;1.287.230,16;-0,006860674;EUR
Muster ausgewogen cVV;01.05.2024;-0,0006944119;-1.327,27;1,6695741937;1.285.902,90;-0,000642196;EUR
Muster ausgewogen cVV;02.05.2024;0,0000667096;127,42;1,6698187613;1.286.030,31;0,002247071;EUR
Muster ausgewogen cVV;03.05.2024;0,0040816440;7.735,82;1,6799508649;1.293.766,14;0,004120203;EUR
Muster ausgewogen cVV;04.05.2024;0,0000282344;53,73;1,6800206334;1.293.819,87;0;EUR
Muster ausgewogen cVV;05.05.2024;0,0000282336;53,73;1,6800904020;1.293.873,60;0;EUR
Muster ausgewogen cVV;06.05.2024;0,0036761771;6.996,19;1,6892630608;1.300.869,78;0,005138179;EUR
Muster ausgewogen cVV;07.05.2024;0,0119041778;22.738,30;1,7188798447;1.323.608,08;0,005371147;EUR
Muster ausgewogen cVV;08.05.2024;-0,0007345815;-1.419,84;1,7171255094;1.322.188,25;0,000354134;EUR
Muster ausgewogen cVV;09.05.2024;0,0028839712;5.570,19;1,7244493590;1.327.758,44;0,002746693;EUR
Muster ausgewogen cVV;10.05.2024;0,0065716217;12.729,23;1,7410723409;1.340.487,66;0,001598707;EUR
Muster ausgewogen cVV;11.05.2024;0,0000269891;52,62;1,7411406874;1.340.540,28;0;EUR
Muster ausgewogen cVV;12.05.2024;0,0000269884;52,62;1,7412090340;1.340.592,91;0;EUR
Muster ausgewogen cVV;13.05.2024;-0,0040874046;-7.969,76;1,7309477377;1.332.623,15;-0,000800282;EUR
Muster ausgewogen cVV;14.05.2024;-0,0004480433;-870,04;1,7299076547;1.331.753,11;-0,000493487;EUR
Muster ausgewogen cVV;15.05.2024;0,0044841496;8.703,71;1,7413040789;1.340.456,81;0,006510719;EUR
Muster ausgewogen cVV;16.05.2024;0,0027454989;5.352,89;1,7483485817;1.345.809,71;-0,002474666;EUR
Muster ausgewogen cVV;17.05.2024;0,0011182541;2.186,24;1,7512797461;1.347.995,95;-0,001824745;EUR
Muster ausgewogen cVV;18.05.2024;0,0000269519;52,75;1,7513482791;1.348.048,70;0;EUR
Muster ausgewogen cVV;19.05.2024;0,0000269512;52,75;1,7514168120;1.348.101,45;0;EUR
Muster ausgewogen cVV;20.05.2024;0,0017578868;3.440,79;1,7559781955;1.351.542,24;0,001094445;EUR
Muster ausgewogen cVV;21.05.2024;0,0003114002;610,59;1,7568627086;1.352.152,83;0,000465548;EUR
Muster ausgewogen cVV;22.05.2024;-0,0019798530;-3.883,27;1,7519080580;1.348.269,56;-0,001635396;EUR
Muster ausgewogen cVV;23.05.2024;-0,0057018032;-11.161,34;1,7374954150;1.337.108,22;-0,002930945;EUR
Muster ausgewogen cVV;24.05.2024;-0,0008736787;-1.700,48;1,7353757098;1.335.407,73;0,001339114;EUR
Muster ausgewogen cVV;25.05.2024;0,0000263975;51,33;1,7354424186;1.335.459,07;0;EUR
Muster ausgewogen cVV;26.05.2024;0,0000263968;51,33;1,7355091274;1.335.510,40;0;EUR
Muster ausgewogen cVV;27.05.2024;0,0023665059;4.602,27;1,7415800757;1.340.112,67;0,002048712;EUR
Muster ausgewogen cVV;28.05.2024;-0,0025325298;-4.936,80;1,7352542164;1.335.175,87;-0,002143328;EUR
Muster ausgewogen cVV;29.05.2024;-0,0044734742;-8.698,30;1,7240387870;1.326.477,57;-0,005418681;EUR
Muster ausgewogen cVV;30.05.2024;-0,0031143485;-6.028,50;1,7162922982;1.320.449,07;-0,000853517;EUR
Muster ausgewogen cVV;31.05.2024;0,0014800306;2.856,00;1,7200934535;1.323.305,07;0,001854462;EUR
Muster ausgewogen cVV;01.06.2024;0,0000283172;54,72;1,7201645866;1.323.359,79;0;EUR
Muster ausgewogen cVV;02.06.2024;0,0000283164;54,72;1,7202357197;1.323.414,52;0;EUR
Muster ausgewogen cVV;03.06.2024;0,0030571593;5.908,44;1,7280051345;1.329.322,95;0,003239269;EUR
Muster ausgewogen cVV;04.06.2024;-0,0010761725;-2.086,23;1,7253823958;1.327.236,72;-0,001861984;EUR
Muster ausgewogen cVV;05.06.2024;0,0081793480;15.839,13;1,7460631652;1.343.075,85;0,005222311;EUR
Muster ausgewogen cVV;06.06.2024;0,0024179717;4.720,65;1,7522907230;1.347.796,50;0,000302642;EUR
Muster ausgewogen cVV;07.06.2024;-0,0013212232;-2.585,68;1,7490193170;1.345.210,81;-0,002106112;EUR
Muster ausgewogen cVV;08.06.2024;0,0000279998;54,72;1,7490904685;1.345.265,54;0;EUR
Muster ausgewogen cVV;09.06.2024;0,0000279990;54,72;1,7491616200;1.345.320,26;0;EUR
Muster ausgewogen cVV;10.06.2024;-0,0012284103;-2.401,00;1,7461299691;1.342.919,26;0,000584807;EUR
Muster ausgewogen cVV;11.06.2024;0,0024900037;4.860,89;1,7525407157;1.347.780,15;-0,000389674;EUR
Muster ausgewogen cVV;12.06.2024;0,0033968652;6.647,74;1,7612756699;1.354.427,88;0,005127080;EUR
Muster ausgewogen cVV;13.06.2024;0,0000753953;148,05;1,7615589598;1.354.575,93;-0,003289528;EUR
Muster ausgewogen cVV;14.06.2024;0,0020815548;4.087,79;1,7669659363;1.358.663,73;0,000417328;EUR
Muster ausgewogen cVV;15.06.2024;0,0000271683;53,46;1,7670354680;1.358.717,19;0;EUR
Muster ausgewogen cVV;16.06.2024;0,0000271676;53,46;1,7671049997;1.358.770,66;0;EUR
Muster ausgewogen cVV;17.06.2024;-0,0005016955;-987,34;1,7659118530;1.357.783,31;0,000196548;EUR
Muster ausgewogen cVV;18.06.2024;0,0025717737;5.058,74;1,7725823860;1.362.842,06;0,001719334;EUR
Muster ausgewogen cVV;19.06.2024;0,0000581962;114,77;1,7728228432;1.362.956,82;-0,000922391;EUR
Muster ausgewogen cVV;20.06.2024;0,0033637854;6.634,05;1,7815434662;1.369.590,87;0,002273543;EUR
Muster ausgewogen cVV;21.06.2024;-0,0014549636;-2.879,13;1,7778897024;1.366.711,75;-0,000112280;EUR
Muster ausgewogen cVV;22.06.2024;0,0000270718;53,49;1,7779592883;1.366.765,24;0;EUR
Muster ausgewogen cVV;23.06.2024;0,0000270711;53,49;1,7780288743;1.366.818,73;0;EUR
Muster ausgewogen cVV;24.06.2024;-0,0003630355;-717,38;1,7771869562;1.366.101,35;0,000962130;EUR
Muster ausgewogen cVV;25.06.2024;0,0029651412;5.857,17;1,7848983005;1.371.958,52;-0,000328066;EUR
Muster ausgewogen cVV;26.06.2024;-0,0014675790;-2.907,57;1,7812070102;1.369.050,95;-0,000439394;EUR
Muster ausgewogen cVV;27.06.2024;0,0015946268;3.154,64;1,7854029459;1.372.205,59;0,000400408;EUR
Muster ausgewogen cVV;28.06.2024;-0,0013132379;-2.602,11;1,7821086673;1.369.603,48;-0,000923892;EUR
Muster ausgewogen cVV;29.06.2024;0,0000257496;50,95;1,7821749684;1.369.654,43;0;EUR
Muster ausgewogen cVV;30.06.2024;0,0000257489;50,95;1,7822412695;1.369.705,39;0;EUR
Muster ausgewogen cVV;01.07.2024;-0,0002204515;-436,26;1,7817649315;1.369.269,13;-0,000865745;EUR
Muster ausgewogen cVV;02.07.2024;0,0001708982;338,12;1,7822962221;1.369.607,25;-0,000645098;EUR
Muster ausgewogen cVV;03.07.2024;0,0048345338;9.566,81;1,7948376027;1.379.174,06;0,004341608;EUR
Muster ausgewogen cVV;04.07.2024;0,0014461877;2.875,62;1,7986719593;1.382.049,68;0,000856202;EUR
Muster ausgewogen cVV;05.07.2024;0,0034061081;6.782,55;1,8075916070;1.388.832,23;0,001893636;EUR
Muster ausgewogen cVV;06.07.2024;0,0000255018;50,95;1,8076579251;1.388.883,19;0;EUR
Muster ausgewogen cVV;07.07.2024;0,0000255011;50,95;1,8077242432;1.388.934,14;0;EUR
Muster ausgewogen cVV;08.07.2024;-0,0003203898;-640,19;1,8069834242;1.388.293,95;0,000336106;EUR
Muster ausgewogen cVV;09.07.2024;-0,0028426463;-5.678,29;1,7996846423;1.382.615,66;-0,003642898;EUR
Muster ausgewogen cVV;10.07.2024;0,0059509510;11.853,44;1,8152064460;1.394.469,10;0,005271627;EUR
Muster ausgewogen cVV;11.07.2024;-0,0009991866;-2.002,08;1,8126928764;1.392.467,02;0,001715280;EUR
Muster ausgewogen cVV;12.07.2024;0,0011543994;2.310,77;1,8157936967;1.394.777,79;0,003289266;EUR
Muster ausgewogen cVV;13.07.2024;0,0000254261;50,95;1,8158600318;1.394.828,75;0;EUR
Muster ausgewogen cVV;14.07.2024;0,0000254254;50,95;1,8159263668;1.394.879,70;0;EUR
Muster ausgewogen cVV;15.07.2024;0,0007654357;1.534,03;1,8180162061;1.396.413,73;-0,001545001;EUR
Muster ausgewogen cVV;16.07.2024;-0,0009260260;-1.857,29;1,8156907747;1.394.556,44;0,001599274;EUR
Muster ausgewogen cVV;17.07.2024;-0,0058430311;-11.708,25;1,8005386065;1.382.848,19;-0,004627381;EUR
Muster ausgewogen cVV;18.07.2024;-0,0028184235;-5.614,55;1,7933195596;1.377.233,64;-0,002059788;EUR
Muster ausgewogen cVV;19.07.2024;-0,0076837909;-15.263,66;1,7735348265;1.361.969,98;-0,004511818;EUR
Muster ausgewogen cVV;20.07.2024;0,0000258493;50,95;1,7736011784;1.362.020,93;0;EUR
Muster ausgewogen cVV;21.07.2024;0,0000258486;50,95;1,7736675304;1.362.071,89;0;EUR
Muster ausgewogen cVV;22.07.2024;0,0040031794;7.891,52;1,7840345675;1.369.963,41;0,004994597;EUR
Muster ausgewogen cVV;23.07.2024;0,0013096492;2.592,06;1,7875010488;1.372.555,47;0,003675757;EUR
Muster ausgewogen cVV;24.07.2024;-0,0072521222;-14.372,23;1,7688738409;1.358.183,24;-0,006267915;EUR
Muster ausgewogen cVV;25.07.2024;-0,0083661573;-16.459,78;1,7475257667;1.341.723,46;-0,002246370;EUR
Muster ausgewogen cVV;26.07.2024;0,0053541659;10.445,79;1,7612203790;1.352.169,25;0,004336387;EUR
Muster ausgewogen cVV;27.07.2024;0,0000259784;50,95;1,7612867478;1.352.220,20;0;EUR
Muster ausgewogen cVV;28.07.2024;0,0000259778;50,95;1,7613531166;1.352.271,16;0;EUR
Muster ausgewogen cVV;29.07.2024;0,0020153296;3.953,09;1,7665918239;1.356.224,25;0,000492611;EUR
Muster ausgewogen cVV;30.07.2024;0,0015799299;3.105,30;1,7707266396;1.359.329,55;0,001311070;EUR
Muster ausgewogen cVV;31.07.2024;0,0072170724;14.207,32;1,7893245782;1.373.536,86;0,005881035;EUR
Muster ausgewogen cVV;01.08.2024;-0,0029987010;-5.945,76;1,7816693511;1.367.591,11;-0,007463080;EUR
Muster ausgewogen cVV;02.08.2024;-0,0189595152;-37.479,78;1,7329293493;1.330.111,33;-0,011895796;EUR
Muster ausgewogen cVV;03.08.2024;0,0000297693;57,73;1,7330045667;1.330.169,06;0;EUR
Muster ausgewogen cVV;04.08.2024;0,0000297684;57,73;1,7330797841;1.330.226,79;0;EUR
Muster ausgewogen cVV;05.08.2024;-0,0189178266;-36.690,52;1,6853631438;1.293.536,28;-0,014179420;EUR
Muster ausgewogen cVV;06.08.2024;0,0038763608;7.375,85;1,6950591076;1.300.912,13;0,003677338;EUR
Muster ausgewogen cVV;07.08.2024;0,0063053501;12.044,18;1,7108390524;1.312.956,31;0,002013271;EUR
Muster ausgewogen cVV;08.08.2024;0,0054774969;10.528,83;1,7246458801;1.323.485,14;0,005842448;EUR
Muster ausgewogen cVV;09.08.2024;0,0037322267;7.213,37;1,7341334397;1.330.698,51;0,002467397;EUR
Muster ausgewogen cVV;10.08.2024;0,0000297603;57,73;1,7342086762;1.330.756,25;0;EUR
Muster ausgewogen cVV;11.08.2024;0,0000297594;57,73;1,7342839127;1.330.813,98;0;EUR
Muster ausgewogen cVV;12.08.2024;0,0020552845;3.987,37;1,7395681313;1.334.801,35;-0,000465576;EUR
Muster ausgewogen cVV;13.08.2024;0,0034749201;6.717,20;1,7484168043;1.341.518,55;0,005983281;EUR
Muster ausgewogen cVV;14.08.2024;-0,0004757556;-922,86;1,7473084700;1.340.595,69;0,000794780;EUR
Muster ausgewogen cVV;15.08.2024;0,0077763136;15.077,08;1,7670551308;1.355.672,78;0,006826410;EUR
Muster ausgewogen cVV;16.08.2024;0,0027036539;5.282,73;1,7740367206;1.360.955,51;0,003281463;EUR
Muster ausgewogen cVV;17.08.2024;0,0000289261;56,67;1,7741105941;1.361.012,18;0;EUR
Muster ausgewogen cVV;18.08.2024;0,0000289253;56,67;1,7741844677;1.361.068,85;0;EUR
Muster ausgewogen cVV;19.08.2024;0,0036718148;7.194,26;1,7836586252;1.368.263,12;0,001955987;EUR
Muster ausgewogen cVV;20.08.2024;-0,0002868737;-564,14;1,7830194116;1.367.698,97;-0,001161919;EUR
Muster ausgewogen cVV;21.08.2024;-0,0005113186;-1.005,23;1,7818050234;1.366.693,75;0,002510223;EUR
Muster ausgewogen cVV;22.08.2024;-0,0017680312;-3.474,08;1,7773715507;1.363.219,66;-0,001471120;EUR
Muster ausgewogen cVV;23.08.2024;0,0011883715;2.330,96;1,7805065972;1.365.550,62;0,004065424;EUR
Muster ausgewogen cVV;24.08.2024;0,0000288584;56,67;1,7805804907;1.365.607,29;0;EUR
Muster ausgewogen cVV;25.08.2024;0,0000288576;56,67;1,7806543842;1.365.663,96;0;EUR
Muster ausgewogen cVV;26.08.2024;0,0004418300;867,72;1,7818817461;1.366.531,68;-0,001051390;EUR
Muster ausgewogen cVV;27.08.2024;0,0004821647;947,35;1,7832130348;1.367.479,03;0,000921047;EUR
Muster ausgewogen cVV;28.08.2024;0,0011700318;2.299,97;1,7863083490;1.369.779,00;0,001473114;EUR
Muster ausgewogen cVV;29.08.2024;0,0058510549;11.515,05;1,8014218524;1.381.294,05;0,003192783;EUR
Muster ausgewogen cVV;30.08.2024;0,0007610154;1.506,46;1,8034834785;1.382.800,51;0,001832926;EUR
Muster ausgewogen cVV;31.08.2024;0,0000172846;34,24;1,8035281375;1.382.834,76;0;EUR
Muster ausgewogen cVV;01.09.2024;0,0000286066;56,67;1,8036020509;1.382.891,43;0;EUR
Muster ausgewogen cVV;02.09.2024;-0,0013345677;-2.643,97;1,8002504660;1.380.247,46;-0,000771937;EUR
Muster ausgewogen cVV;03.09.2024;-0,0062046090;-12.275,81;1,7843350306;1.367.971,65;-0,004966523;EUR
Muster ausgewogen cVV;04.09.2024;-0,0043777162;-8.607,57;1,7732028283;1.359.364,08;-0,002865857;EUR
Muster ausgewogen cVV;05.09.2024;-0,0025316855;-4.956,07;1,7668327858;1.354.408,01;-0,000544830;EUR
Muster ausgewogen cVV;06.09.2024;-0,0065398436;-12.770,09;1,7502680335;1.341.637,93;-0,006825344;EUR
Muster ausgewogen cVV;07.09.2024;0,0000292142;56,67;1,7503419667;1.341.694,60;0;EUR
Muster ausgewogen cVV;08.09.2024;0,0000292133;56,67;1,7504158999;1.341.751,27;0;EUR
Muster ausgewogen cVV;09.09.2024;0,0055554633;10.777,61;1,7645707336;1.352.528,89;0,005899214;EUR
Muster ausgewogen cVV;10.09.2024;0,0025824857;5.037,86;1,7712382968;1.357.566,75;-0,000939503;EUR
Muster ausgewogen cVV;11.09.2024;0,0018401653;3.599,03;1,7760291597;1.361.165,78;0,004093949;EUR
Muster ausgewogen cVV;12.09.2024;0,0051759392;10.141,82;1,7893578900;1.371.307,60;0,002814574;EUR
Muster ausgewogen cVV;13.09.2024;0,0024471512;4.819,81;1,7957431696;1.376.127,41;0,003107584;EUR
Muster ausgewogen cVV;14.09.2024;0,0000287101;56,68;1,7958171389;1.376.184,09;0;EUR
Muster ausgewogen cVV;15.09.2024;0,0000287093;56,68;1,7958911081;1.376.240,78;0;EUR
Muster ausgewogen cVV;16.09.2024;-0,0020861464;-4.119,08;1,7906118287;1.372.121,70;-0,000465890;EUR
Muster ausgewogen cVV;17.09.2024;-0,0015779375;-3.109,13;1,7866499933;1.369.012,57;0,000798170;EUR
Muster ausgewogen cVV;18.09.2024;-0,0023050946;-4.534,73;1,7808270828;1.364.477,84;-0,001632559;EUR
Muster ausgewogen cVV;19.09.2024;0,0072818274;14.292,26;1,7995765630;1.378.770,10;0,008535082;EUR
Muster ausgewogen cVV;20.09.2024;-0,0010025797;-1.982,12;1,7970854800;1.376.787,98;-0,005580478;EUR
Muster ausgewogen cVV;21.09.2024;0,0000279015;55,11;1,7971574092;1.376.843,08;0;EUR
Muster ausgewogen cVV;22.09.2024;0,0000279007;55,11;1,7972293384;1.376.898,19;0;EUR
Muster ausgewogen cVV;23.09.2024;0,0051749695;10.221,34;1,8106676593;1.387.119,53;0,004329373;EUR
Muster ausgewogen cVV;24.09.2024;0,0022215329;4.410,57;1,8165219089;1.391.530,10;0,003537340;EUR
Muster ausgewogen cVV;25.09.2024;0,0000833400;165,83;1,8168353028;1.391.695,92;-0,002657114;EUR
Muster ausgewogen cVV;26.09.2024;0,0047107050;9.374,05;1,8291705060;1.401.069,98;0,006365210;EUR
Muster ausgewogen cVV;27.09.2024;0,0022702360;4.538,93;1,8351941328;1.405.608,91;0,003952200;EUR
Muster ausgewogen cVV;28.09.2024;0,0000275277;55,16;1,8352661530;1.405.664,07;0;EUR
Muster ausgewogen cVV;29.09.2024;0,0000275269;55,16;1,8353381731;1.405.719,23;0;EUR
Muster ausgewogen cVV;30.09.2024;0,0001251980;250,89;1,8357635464;1.405.970,13;-0,001391226;EUR
Muster ausgewogen cVV;01.10.2024;0,0014955980;2.997,51;1,8397753425;1.408.967,64;0,000267315;EUR
Muster ausgewogen cVV;02.10.2024;0,0003614966;725,60;1,8408207927;1.409.693,24;-0,001277098;EUR
Muster ausgewogen cVV;03.10.2024;-0,0018594350;-3.733,64;1,8360429770;1.405.959,60;-0,002778541;EUR
Muster ausgewogen cVV;04.10.2024;0,0031105549;6.234,21;1,8442823162;1.412.193,80;0,002028285;EUR
Muster ausgewogen cVV;05.10.2024;0,0000252256;50,71;1,8443485480;1.412.244,52;0;EUR
Muster ausgewogen cVV;06.10.2024;0,0000252249;50,71;1,8444147797;1.412.295,23;0;EUR
Muster ausgewogen cVV;07.10.2024;-0,0045095695;-9.066,70;1,8326713706;1.403.228,53;-0,002592435;EUR
Muster ausgewogen cVV;08.10.2024;-0,0019948068;-3.992,57;1,8275540352;1.399.235,97;0,000810167;EUR
Muster ausgewogen cVV;09.10.2024;0,0030723334;6.136,95;1,8356670544;1.405.372,92;0,004397398;EUR
Muster ausgewogen cVV;10.10.2024;0,0015501595;3.105,94;1,8398216397;1.408.478,85;-0,000370434;EUR
Muster ausgewogen cVV;11.10.2024;0,0038208446;7.667,40;1,8499353385;1.416.146,26;0,002933393;EUR
Muster ausgewogen cVV;12.10.2024;0,0000251761;50,71;1,8500015879;1.416.196,97;0;EUR
Muster ausgewogen cVV;13.10.2024;0,0000251755;50,71;1,8500678373;1.416.247,69;0;EUR
Muster ausgewogen cVV;14.10.2024;0,0048119919;9.693,75;1,8628297622;1.425.941,44;0,003981390;EUR
Muster ausgewogen cVV;15.10.2024;-0,0022739270;-4.602,87;1,8569151007;1.421.338,57;-0,000328892;EUR
Muster ausgewogen cVV;16.10.2024;0,0009304955;1.879,22;1,8594687675;1.423.217,79;0,001371874;EUR
Muster ausgewogen cVV;17.10.2024;0,0026813397;5.420,25;1,8666493394;1.428.638,04;0,003230215;EUR
Muster ausgewogen cVV;18.10.2024;-0,0001593334;-322,95;1,8663262025;1.428.315,09;0,002223600;EUR
Muster ausgewogen cVV;19.10.2024;0,0000250249;50,71;1,8663924694;1.428.365,80;0;EUR
Muster ausgewogen cVV;20.10.2024;0,0000250243;50,71;1,8664587364;1.428.416,51;0;EUR
Muster ausgewogen cVV;21.10.2024;-0,0028736219;-5.823,88;1,8589472887;1.422.592,64;-0,004628154;EUR
Muster ausgewogen cVV;22.10.2024;-0,0003440088;-695,19;1,8581371747;1.421.897,45;-0,001035605;EUR
Muster ausgewogen cVV;23.10.2024;-0,0056024486;-11.317,78;1,8434445786;1.410.579,67;-0,001755893;EUR
Muster ausgewogen cVV;24.10.2024;0,0019508806;3.918,99;1,8486639141;1.414.498,66;0,002493458;EUR
Muster ausgewogen cVV;25.10.2024;0,0011416975;2.297,95;1,8517650440;1.416.796,61;-0,001512259;EUR
Muster ausgewogen cVV;26.10.2024;0,0000251680;50,71;1,8518313285;1.416.847,33;0;EUR
Muster ausgewogen cVV;27.10.2024;0,0000251673;50,71;1,8518976129;1.416.898,04;0;EUR
Muster ausgewogen cVV;28.10.2024;0,0010414268;2.098,63;1,8547385019;1.418.996,67;0,002030604;EUR
Muster ausgewogen cVV;29.10.2024;0,0013974978;2.819,10;1,8585214022;1.421.815,77;-0,001169606;EUR
Muster ausgewogen cVV;30.10.2024;-0,0043704169;-8.828,54;1,8470786862;1.412.987,24;-0,006688739;EUR
Muster ausgewogen cVV;31.10.2024;-0,0117932950;-23.719,13;1,8161684744;1.389.268,11;-0,007153359;EUR
Muster ausgewogen cVV;01.11.2024;0,0037044444;7.362,66;1,8258898299;1.396.630,76;0,003807178;EUR
Muster ausgewogen cVV;02.11.2024;0,0000255135;50,90;1,8259563696;1.396.681,66;0;EUR
Muster ausgewogen cVV;03.11.2024;0,0000255129;50,90;1,8260229093;1.396.732,55;0;EUR
Muster ausgewogen cVV;04.11.2024;-0,0023996397;-4.787,24;1,8198602039;1.391.945,31;-0,002641269;EUR
Muster ausgewogen cVV;05.11.2024;0,0017775973;3.537,77;1,8245816802;1.395.483,08;0,003410588;EUR
Muster ausgewogen cVV;06.11.2024;0,0098507034;19.639,69;1,8503578302;1.415.122,77;0,006789152;EUR
Muster ausgewogen cVV;07.11.2024;0,0034226626;6.891,10;1,8594662296;1.422.013,87;0,004420868;EUR
Muster ausgewogen cVV;08.11.2024;0,0030238586;6.109,00;1,8675527850;1.428.122,86;0,000754414;EUR
Muster ausgewogen cVV;09.11.2024;0,0000215967;43,76;1,8676100137;1.428.166,63;0;EUR
Muster ausgewogen cVV;10.11.2024;0,0000215962;43,76;1,8676672424;1.428.210,39;0;EUR
Muster ausgewogen cVV;11.11.2024;0,0017038620;3.452,81;1,8722809375;1.431.663,20;0,006978367;EUR
Muster ausgewogen cVV;12.11.2024;-0,0034671152;-7.037,95;1,8631748879;1.424.625,25;-0,006045822;EUR
Muster ausgewogen cVV;13.11.2024;0,0010207943;2.064,94;1,8659735362;1.426.690,19;-0,001158650;EUR
Muster ausgewogen cVV;14.11.2024;0,0004648587;941,31;1,8673027553;1.427.631,50;0,003655874;EUR
Muster ausgewogen cVV;15.11.2024;-0,0088738464;-17.977,37;1,8438856478;1.409.654,13;-0,002476412;EUR
Muster ausgewogen cVV;16.11.2024;0,0000216939;43,56;1,8439426251;1.409.697,69;0;EUR
Muster ausgewogen cVV;17.11.2024;0,0000216934;43,56;1,8439996023;1.409.741,25;0;EUR
Muster ausgewogen cVV;18.11.2024;0,0013225454;2.655,66;1,8475702706;1.412.396,91;-0,001022140;EUR
Muster ausgewogen cVV;19.11.2024;0,0002332270;468,94;1,8482806419;1.412.865,85;-0,000180714;EUR
Muster ausgewogen cVV;20.11.2024;0,0025137030;5.055,35;1,8549912032;1.417.921,20;0,000019146;EUR
Muster ausgewogen cVV;21.11.2024;0,0056478766;11.387,09;1,8699863385;1.429.308,29;0,004243429;EUR
Muster ausgewogen cVV;22.11.2024;0,0108533260;22.005,77;1,8988762999;1.451.314,06;0,006901346;EUR
Muster ausgewogen cVV;23.11.2024;0,0000212689;43,59;1,8989333350;1.451.357,65;0;EUR
Muster ausgewogen cVV;24.11.2024;0,0000212684;43,59;1,8989903701;1.451.401,24;0;EUR
Muster ausgewogen cVV;25.11.2024;-0,0017224733;-3.530,47;1,8944703584;1.447.870,77;0,001061339;EUR
Muster ausgewogen cVV;26.11.2024;0,0012172013;2.490,54;1,8978284503;1.450.361,31;-0,000910896;EUR
Muster ausgewogen cVV;27.11.2024;-0,0032821124;-6.723,78;1,8891290831;1.443.637,54;-0,002259642;EUR
Muster ausgewogen cVV;28.11.2024;0,0031862900;6.506,05;1,8977420775;1.450.143,59;0,003759637;EUR
Muster ausgewogen cVV;29.11.2024;0,0024065985;4.929,66;1,9042928671;1.455.073,25;0,004819831;EUR
Muster ausgewogen cVV;30.11.2024;0,0000212300;43,59;1,9043499170;1.455.116,84;0;EUR
Muster ausgewogen cVV;01.12.2024;0,0000212295;43,59;1,9044069670;1.455.160,43;0;EUR
Muster ausgewogen cVV;02.12.2024;0,0078984926;16.218,86;1,9257336376;1.471.379,29;0,008134670;EUR
Muster ausgewogen cVV;03.12.2024;-0,0000450421;-93,22;1,9257122092;1.471.286,07;0,000290075;EUR
Muster ausgewogen cVV;04.12.2024;0,0045443870;9.404,78;1,9381229610;1.480.690,85;0,003544269;EUR
Muster ausgewogen cVV;05.12.2024;-0,0053980196;-11.222,17;1,9235342863;1.469.468,68;-0,000536563;EUR
Muster ausgewogen cVV;06.12.2024;0,0017731460;3.666,37;1,9284341540;1.473.135,05;0,001192361;EUR
Muster ausgewogen cVV;07.12.2024;0,0000206303;42,73;1,9284900948;1.473.177,78;0;EUR
Muster ausgewogen cVV;08.12.2024;0,0000206299;42,73;1,9285460357;1.473.220,52;0;EUR
Muster ausgewogen cVV;09.12.2024;-0,0020536570;-4.254,09;1,9230774069;1.468.966,42;-0,001858765;EUR
Muster ausgewogen cVV;10.12.2024;0,0014928098;3.085,96;1,9272177945;1.472.052,39;0,000820932;EUR
Muster ausgewogen cVV;11.12.2024;0,0058220310;12.053,37;1,9430993509;1.484.105,76;0,003095338;EUR
Muster ausgewogen cVV;12.12.2024;-0,0083584677;-17.405,31;1,9204110462;1.466.700,44;-0,001385467;EUR
Muster ausgewogen cVV;13.12.2024;-0,0034116498;-7.044,89;1,9112863625;1.459.655,55;-0,002511049;EUR
Muster ausgewogen cVV;14.12.2024;0,0000207715;42,75;1,9113423342;1.459.698,30;0;EUR
Muster ausgewogen cVV;15.12.2024;0,0000207711;42,75;1,9113983059;1.459.741,04;0;EUR
Muster ausgewogen cVV;16.12.2024;-0,0019735420;-4.061,53;1,9061792700;1.455.679,51;-0,000609837;EUR
Muster ausgewogen cVV;17.12.2024;-0,0010941268;-2.247,26;1,9033355173;1.453.432,25;-0,001597130;EUR
Muster ausgewogen cVV;18.12.2024;-0,0055007181;-11.285,73;1,8886545162;1.442.146,52;-0,005676750;EUR
Muster ausgewogen cVV;19.12.2024;-0,0078057769;-15.926,89;1,8678935037;1.426.219,63;-0,004076336;EUR
Muster ausgewogen cVV;20.12.2024;0,0017953699;3.634,67;1,8727510380;1.429.854,30;0,001044217;EUR
Muster ausgewogen cVV;21.12.2024;0,0000211151;42,82;1,8728071263;1.429.897,12;0;EUR
Muster ausgewogen cVV;22.12.2024;0,0000211147;42,82;1,8728632146;1.429.939,95;0;EUR
Muster ausgewogen cVV;23.12.2024;0,0028565493;5.793,63;1,8805490488;1.435.733,58;0,000462221;EUR
Muster ausgewogen cVV;24.12.2024;0,0022868648;4.651,45;1,8867395090;1.440.385,02;0,002151417;EUR
Muster ausgewogen cVV;25.12.2024;-0,0002520890;-513,92;1,8861641752;1.439.871,11;0,000042189;EUR
Muster ausgewogen cVV;26.12.2024;-0,0008773030;-1.788,05;1,8839195931;1.438.083,05;-0,000395179;EUR
Muster ausgewogen cVV;27.12.2024;-0,0016972781;-3.456,23;1,8794892733;1.434.626,83;-0,001135217;EUR
Muster ausgewogen cVV;28.12.2024;0,0000210655;42,82;1,8795453762;1.434.669,65;0;EUR
Muster ausgewogen cVV;29.12.2024;0,0000210651;42,82;1,8796014790;1.434.712,48;0;EUR
Muster ausgewogen cVV;30.12.2024;-0,0041131577;-8.361,90;1,8687434539;1.426.350,58;-0,001488279;EUR
Muster ausgewogen cVV;31.12.2024;0,0010118482;2.048,59;1,8715243428;1.428.399,17;-0,000109455;EUR
Muster ausgewogen cVV;01.01.2025;0,0000250639;50,80;1,8716877782;1.428.449,96;0,000002610;EUR
Muster ausgewogen cVV;02.01.2025;0,0090153113;18.271,34;1,8957266723;1.446.721,30;0,003047134;EUR
Muster ausgewogen cVV;03.01.2025;-0,0015585541;-3.187,20;1,8916481213;1.443.534,10;-0,001039146;EUR
Muster ausgewogen cVV;04.01.2025;0,0000209736;42,82;1,8917042387;1.443.576,93;0;EUR
Muster ausgewogen cVV;05.01.2025;0,0000209732;42,82;1,8917603560;1.443.619,75;0;EUR
Muster ausgewogen cVV;06.01.2025;-0,0021558987;-4.402,07;1,8860892639;1.439.217,68;0,002125406;EUR
Muster ausgewogen cVV;07.01.2025;0,0029035828;5.915,96;1,8939399728;1.445.133,64;0,000085530;EUR
Muster ausgewogen cVV;08.01.2025;-0,0001639909;-335,10;1,8935986138;1.444.798,55;0,001169478;EUR
Muster ausgewogen cVV;09.01.2025;0,0005648527;1.154,02;1,8952089597;1.445.952,57;-0,000692751;EUR
Muster ausgewogen cVV;10.01.2025;-0,0035117456;-7.178,72;1,8858971372;1.438.773,85;-0,004651675;EUR
Muster ausgewogen cVV;11.01.2025;0,0000210227;42,82;1,8859532691;1.438.816,67;0;EUR
Muster ausgewogen cVV;12.01.2025;0,0000210222;42,82;1,8860094010;1.438.859,49;0;EUR
Muster ausgewogen cVV;13.01.2025;-0,0002419754;-492,93;1,8854605454;1.438.366,56;-0,000618884;EUR
Muster ausgewogen cVV;14.01.2025;-0,0042252110;-8.605,14;1,8742772741;1.429.761,42;-0,000687869;EUR
Muster ausgewogen cVV;15.01.2025;0,0100472464;20.375,94;1,9010861260;1.450.137,37;0,009659903;EUR
Muster ausgewogen cVV;16.01.2025;0,0056798422;11.634,52;1,9164373681;1.461.771,89;0,001656092;EUR
Muster ausgewogen cVV;17.01.2025;0,0040303119;8.302,54;1,9274215589;1.470.074,43;0,005609614;EUR
Muster ausgewogen cVV;18.01.2025;0,0000206087;42,63;1,9274774454;1.470.117,05;0;EUR
Muster ausgewogen cVV;19.01.2025;0,0000206083;42,63;1,9275333319;1.470.159,68;0;EUR
Muster ausgewogen cVV;20.01.2025;-0,0052474929;-10.853,97;1,9134011304;1.459.305,71;-0,000353117;EUR
Muster ausgewogen cVV;21.01.2025;0,0044268610;9.108,52;1,9254430381;1.468.414,22;0,002715881;EUR
Muster ausgewogen cVV;22.01.2025;0,0091527034;18.915,58;1,9503462027;1.487.329,80;0,003363844;EUR
Muster ausgewogen cVV;23.01.2025;0,0000880839;183,71;1,9506873816;1.487.513,51;0,003069673;EUR
Muster ausgewogen cVV;24.01.2025;-0,0026354016;-5.496,83;1,9435788573;1.482.016,68;-0,003777226;EUR
Muster ausgewogen cVV;25.01.2025;0,0000204904;42,63;1,9436347581;1.482.059,31;0;EUR
Muster ausgewogen cVV;26.01.2025;0,0000204900;42,63;1,9436906590;1.482.101,93;0;EUR
Muster ausgewogen cVV;27.01.2025;-0,0106378433;-22.130,47;1,9147661831;1.459.971,46;-0,002829413;EUR
Muster ausgewogen cVV;28.01.2025;0,0059010972;12.145,77;1,9307946118;1.472.117,23;0,004765335;EUR
Muster ausgewogen cVV;29.01.2025;0,0008300968;1.718,61;1,9331479089;1.473.835,84;0,002059348;EUR
Muster ausgewogen cVV;30.01.2025;0,0094616887;19.605,44;1,9589637665;1.493.441,28;0,003863916;EUR
Muster ausgewogen cVV;31.01.2025;0,0032610354;6.821,08;1,9680119755;1.500.262,37;0,001645864;EUR
Muster ausgewogen cVV;01.02.2025;0,0000191248;40,13;1,9680646220;1.500.302,50;0;EUR
Muster ausgewogen cVV;02.02.2025;0,0000191244;40,13;1,9681172685;1.500.342,63;0;EUR
Muster ausgewogen cVV;03.02.2025;-0,0018192862;-3.817,94;1,9632096004;1.496.524,69;-0,002617906;EUR
Muster ausgewogen cVV;04.02.2025;0,0017857236;3.740,69;1,9682176513;1.500.265,38;0,001120888;EUR
Muster ausgewogen cVV;05.02.2025;0,0017134555;3.595,72;1,9730359620;1.503.861,10;0,002132814;EUR
Muster ausgewogen cVV;06.02.2025;0,0022010867;4.626,93;1,9792077231;1.508.488,03;0,005728437;EUR
Muster ausgewogen cVV;07.02.2025;0,0006133185;1.292,10;1,9810043897;1.509.780,13;-0,002914254;EUR
Muster ausgewogen cVV;08.02.2025;0,0000197194;41,57;1,9810589332;1.509.821,70;0;EUR
Muster ausgewogen cVV;09.02.2025;0,0000197190;41,57;1,9811134767;1.509.863,27;0;EUR
Muster ausgewogen cVV;10.02.2025;0,0040825850;8.606,56;1,9925081776;1.518.469,82;0,004269071;EUR
Muster ausgewogen cVV;11.02.2025;-0,0038299670;-8.106,97;1,9819716886;1.510.362,85;-0,000609951;EUR
Muster ausgewogen cVV;12.02.2025;-0,0062849429;-13.252,52;1,9646814908;1.497.110,33;-0,001154019;EUR
Muster ausgewogen cVV;13.02.2025;0,0034153781;7.156,45;1,9741738622;1.504.266,79;0,008263882;EUR
Muster ausgewogen cVV;14.02.2025;-0,0070288937;-14.645,53;1,9550646722;1.489.621,26;-0,002470512;EUR
Muster ausgewogen cVV;15.02.2025;0,0000161326;33,38;1,9551084794;1.489.654,63;0;EUR
Muster ausgewogen cVV;16.02.2025;0,0000161324;33,38;1,9551522865;1.489.688,01;0;EUR
Muster ausgewogen cVV;17.02.2025;0,0020416722;4.224,30;1,9608081336;1.493.912,31;0,003262451;EUR
Muster ausgewogen cVV;18.02.2025;0,0081492941;16.895,64;1,9830970542;1.510.807,95;0,001324980;EUR
Muster ausgewogen cVV;19.02.2025;-0,0023993727;-5.015,07;1,9766266757;1.505.792,88;-0,004738858;EUR
Muster ausgewogen cVV;20.02.2025;-0,0060183286;-12.549,08;1,9602651862;1.493.243,79;-0,002988835;EUR
Muster ausgewogen cVV;21.02.2025;-0,0031984187;-6.629,03;1,9516738160;1.486.614,77;-0,001593642;EUR
Muster ausgewogen cVV;22.02.2025;0,0000202526;41,84;1,9517287465;1.486.656,61;0;EUR
Muster ausgewogen cVV;23.02.2025;0,0000202522;41,84;1,9517836770;1.486.698,45;0;EUR
Muster ausgewogen cVV;24.02.2025;-0,0021937711;-4.532,44;1,9459439042;1.482.166,01;0,000614487;EUR
Muster ausgewogen cVV;25.02.2025;-0,0047374203;-9.766,27;1,9332314958;1.472.399,73;-0,001620398;EUR
Muster ausgewogen cVV;26.02.2025;0,0067073382;13.761,79;1,9514112223;1.486.161,52;0,004883992;EUR
Muster ausgewogen cVV;27.02.2025;-0,0011329253;-2.340,07;1,9484491387;1.483.821,45;-0,003252705;EUR
Muster ausgewogen cVV;28.02.2025;0,0020728722;4.276,69;1,9541758267;1.488.098,14;0,003378838;EUR
Muster ausgewogen cVV;01.03.2025;0,0000238878;49,39;1,9542406816;1.488.147,53;0;EUR
Muster ausgewogen cVV;02.03.2025;0,0000202376;41,84;1,9542956278;1.488.189,37;0;EUR
Muster ausgewogen cVV;03.03.2025;-0,0048369968;-10.000,69;1,9412727482;1.478.188,68;0,000545638;EUR
Muster ausgewogen cVV;04.03.2025;-0,0134018722;-27.574,89;1,9051672199;1.450.613,80;-0,011819113;EUR
Muster ausgewogen cVV;05.03.2025;-0,0065194730;-13.234,30;1,8878928594;1.437.379,49;0,000366490;EUR
Muster ausgewogen cVV;06.03.2025;-0,0083109782;-16.761,01;1,8659841622;1.420.618,49;-0,002945563;EUR
Muster ausgewogen cVV;07.03.2025;-0,0033201136;-6.640,13;1,8573674738;1.413.978,36;-0,003287004;EUR
Muster ausgewogen cVV;08.03.2025;0,0000209945;41,85;1,8574224455;1.414.020,21;0;EUR
Muster ausgewogen cVV;09.03.2025;0,0000209940;41,85;1,8574774172;1.414.062,06;0;EUR
Muster ausgewogen cVV;10.03.2025;-0,0089459669;-17.833,01;1,8341561798;1.396.229,05;-0,008768285;EUR
Muster ausgewogen cVV;11.03.2025;-0,0113518369;-22.426,47;1,8047977205;1.373.802,58;-0,008165008;EUR
Muster ausgewogen cVV;12.03.2025;0,0046195093;9.022,61;1,8167536447;1.382.825,19;0,005004989;EUR
Muster ausgewogen cVV;13.03.2025;-0,0007907065;-1.551,51;1,8148178261;1.381.273,69;-0,002172545;EUR
Muster ausgewogen cVV;14.03.2025;0,0092230492;18.082,94;1,8386803616;1.399.356,63;0,008581008;EUR
Muster ausgewogen cVV;15.03.2025;0,0000237021;46,90;1,8387419849;1.399.403,53;0;EUR
Muster ausgewogen cVV;16.03.2025;0,0000237015;46,90;1,8388036083;1.399.450,43;0;EUR
Muster ausgewogen cVV;17.03.2025;0,0044358199;8.777,61;1,8504413930;1.408.228,04;0,004089893;EUR
Muster ausgewogen cVV;18.03.2025;-0,0015939545;-3.168,11;1,8463826286;1.405.059,93;0,000592374;EUR
Muster ausgewogen cVV;19.03.2025;0,0070267250;13.943,91;1,8648114546;1.419.003,84;0,002467295;EUR
Muster ausgewogen cVV;20.03.2025;-0,0010770678;-2.152,36;1,8620878831;1.416.851,47;-0,002530137;EUR
Muster ausgewogen cVV;21.03.2025;-0,0002972647;-593,40;1,8614129279;1.416.258,07;0,000212883;EUR
Muster ausgewogen cVV;22.03.2025;0,0000233086;46,51;1,8614740631;1.416.304,59;0;EUR
Muster ausgewogen cVV;23.03.2025;0,0000233080;46,51;1,8615351983;1.416.351,10;0;EUR
Muster ausgewogen cVV;24.03.2025;0,0061587426;12.291,02;1,8777952961;1.428.642,12;0,002814727;EUR
Muster ausgewogen cVV;25.03.2025;0,0039528893;7.937,38;1,8883344634;1.436.579,50;0,003189349;EUR
Muster ausgewogen cVV;26.03.2025;-0,0035307876;-7.117,82;1,8790841102;1.429.461,67;-0,004834473;EUR
Muster ausgewogen cVV;27.03.2025;-0,0019165138;-3.849,92;1,8741286992;1.425.611,75;-0,002221932;EUR
Muster ausgewogen cVV;28.03.2025;-0,0095558697;-19.159,17;1,8490458020;1.406.452,59;-0,005925145;EUR
Muster ausgewogen cVV;29.03.2025;0,0000234538;46,57;1,8491070332;1.406.499,16;0;EUR
Muster ausgewogen cVV;30.03.2025;0,0000234533;46,57;1,8491682644;1.406.545,74;0;EUR
Muster ausgewogen cVV;31.03.2025;0,0006478812;1.286,63;1,8509638436;1.407.832,36;-0,003270489;EUR
Muster ausgewogen cVV;01.04.2025;0,0060470779;12.016,65;1,8668677983;1.419.849,02;0,006087087;EUR
Muster ausgewogen cVV;02.04.2025;-0,0018492768;-3.697,07;1,8621113619;1.416.151,94;-0,001559805;EUR
Muster ausgewogen cVV;03.04.2025;-0,0267109981;-53.301,88;1,7921248538;1.362.850,06;-0,020968228;EUR
Muster ausgewogen cVV;04.04.2025;-0,0355793430;-69.102,25;1,7013520591;1.293.747,81;-0,023309433;EUR
Muster ausgewogen cVV;05.04.2025;0,0000244109;45,72;1,7014121889;1.293.793,53;0;EUR
Muster ausgewogen cVV;06.04.2025;0,0000244103;45,72;1,7014723186;1.293.839,26;0;EUR
Muster ausgewogen cVV;07.04.2025;-0,0127825871;-23.944,22;1,6700780071;1.269.895,04;-0,013753427;EUR
Muster ausgewogen cVV;08.04.2025;0,0077247797;14.285,02;1,6889594010;1.284.180,06;0,004891514;EUR
Muster ausgewogen cVV;09.04.2025;0,0168626842;31.424,14;1,7303855802;1.315.604,20;0,006553314;EUR
Muster ausgewogen cVV;10.04.2025;-0,0048632979;-9.215,73;1,7183606197;1.306.388,46;0,005018900;EUR
Muster ausgewogen cVV;11.04.2025;0,0021872131;4.124,51;1,7238823704;1.310.512,98;-0,001427679;EUR
Muster ausgewogen cVV;12.04.2025;0,0000241944;45,72;1,7239425170;1.310.558,70;0;EUR
Muster ausgewogen cVV;13.04.2025;0,0000241938;45,72;1,7240026637;1.310.604,43;0;EUR
Muster ausgewogen cVV;14.04.2025;0,0090812341;17.163,13;1,7466772842;1.327.767,56;0,009669011;EUR
Muster ausgewogen cVV;15.04.2025;0,0065224482;12.439,08;1,7631395698;1.340.206,64;0,005424232;EUR
Muster ausgewogen cVV;16.04.2025;-0,0069781719;-13.395,01;1,7456151212;1.326.811,64;-0,003401440;EUR
Muster ausgewogen cVV;17.04.2025;0,0065472018;12.480,03;1,7621329754;1.339.291,67;0,001314351;EUR
Muster ausgewogen cVV;18.04.2025;-0,0007127000;-1.367,42;1,7604322428;1.337.924,25;0,000143630;EUR
Muster ausgewogen cVV;19.04.2025;0,0000238485;45,72;1,7604924063;1.337.969,98;0;EUR
Muster ausgewogen cVV;20.04.2025;0,0000238479;45,72;1,7605525697;1.338.015,70;0;EUR
Muster ausgewogen cVV;21.04.2025;-0,0102400958;-19.634,02;1,7348151814;1.318.381,68;-0,006875903;EUR
Muster ausgewogen cVV;22.04.2025;0,0129749261;24.622,95;1,7673144154;1.343.004,63;0,006962223;EUR
Muster ausgewogen cVV;23.04.2025;0,0084909624;16.322,65;1,7888939292;1.359.327,28;0,013234657;EUR
Muster ausgewogen cVV;24.04.2025;0,0068529227;13.285,61;1,8064787982;1.372.612,89;0,006339406;EUR
Muster ausgewogen cVV;25.04.2025;0,0039049767;7.622,37;1,8166118468;1.380.235,27;0,003088757;EUR
Muster ausgewogen cVV;26.04.2025;0,0000237022;46,45;1,8166729780;1.380.281,71;0;EUR
Muster ausgewogen cVV;27.04.2025;0,0000243483;47,71;1,8167357768;1.380.329,43;0;EUR
Muster ausgewogen cVV;28.04.2025;-0,0021023118;-4.119,86;1,8114143816;1.376.209,57;0,000538656;EUR
Muster ausgewogen cVV;29.04.2025;0,0028386085;5.551,07;1,8188222683;1.381.760,64;0,003014710;EUR
Muster ausgewogen cVV;30.04.2025;0,0073335010;14.381,82;1,8378555585;1.396.142,46;0,002424672;EUR
Muster ausgewogen cVV;01.05.2025;0,0001938513;382,95;1,8384620542;1.396.525,41;0,002477603;EUR
Muster ausgewogen cVV;02.05.2025;0,0078603398;15.531,06;1,8590114767;1.412.056,47;0,007356653;EUR
Muster ausgewogen cVV;03.05.2025;0,0000233062;46,41;1,8590725795;1.412.102,88;0;EUR
Muster ausgewogen cVV;04.05.2025;0,0000233056;46,41;1,8591336824;1.412.149,29;0;EUR
Muster ausgewogen cVV;05.05.2025;0,0053816776;10.717,61;1,8733479599;1.422.866,91;0,002487227;EUR
Muster ausgewogen cVV;06.05.2025;-0,0047501349;-9.510,81;1,8609295301;1.413.356,10;-0,002402114;EUR
Muster ausgewogen cVV;07.05.2025;-0,0008210703;-1.636,15;1,8588786005;1.411.719,95;-0,000226756;EUR
Muster ausgewogen cVV;08.05.2025;0,0037888638;7.543,90;1,8689158745;1.419.263,85;0,005301602;EUR
Muster ausgewogen cVV;09.05.2025;-0,0017687757;-3.535,10;1,8643643495;1.415.728,74;0,001004435;EUR
Muster ausgewogen cVV;10.05.2025;0,0000233340;46,55;1,8644256551;1.415.775,30;0;EUR
Muster ausgewogen cVV;11.05.2025;0,0000233335;46,55;1,8644869607;1.415.821,85;0;EUR
Muster ausgewogen cVV;12.05.2025;0,0126810627;25.300,92;1,8979109697;1.441.122,77;0,007665856;EUR
Muster ausgewogen cVV;13.05.2025;-0,0023096233;-4.666,53;1,8918703104;1.436.456,23;0,001376539;EUR
Muster ausgewogen cVV;14.05.2025;-0,0010513352;-2.119,29;1,8891839403;1.434.336,94;-0,002046512;EUR
Muster ausgewogen cVV;15.05.2025;0,0030876126;6.217,49;1,8974783125;1.440.554,43;0,004234604;EUR
Muster ausgewogen cVV;16.05.2025;0,0053404114;10.787,13;1,9117929534;1.451.341,56;0,003953310;EUR
Muster ausgewogen cVV;17.05.2025;0,0000229346;46,57;1,9118543023;1.451.388,13;0;EUR
Muster ausgewogen cVV;18.05.2025;0,0000229341;46,57;1,9119156512;1.451.434,71;0;EUR
Muster ausgewogen cVV;19.05.2025;-0,0006466972;-1.313,30;1,9102915491;1.450.121,40;0,000770402;EUR
Muster ausgewogen cVV;20.05.2025;-0,0009193782;-1.865,85;1,9079392860;1.448.255,55;0,000283299;EUR
Muster ausgewogen cVV;21.05.2025;-0,0061915986;-12.554,13;1,8915051452;1.435.701,42;-0,003886308;EUR
Muster ausgewogen cVV;22.05.2025;0,0016687953;3.362,71;1,8960403821;1.439.064,13;-0,000435421;EUR
Muster ausgewogen cVV;23.05.2025;-0,0072016403;-14.535,90;1,8769924320;1.424.528,23;-0,004821342;EUR
Muster ausgewogen cVV;24.05.2025;0,0000156021;31,26;1,8770336271;1.424.559,50;0;EUR
Muster ausgewogen cVV;25.05.2025;0,0000156018;31,26;1,8770748222;1.424.590,76;0;EUR
Muster ausgewogen cVV;26.05.2025;0,0008857576;1.775,01;1,8795175530;1.426.365,77;0,004165308;EUR
Muster ausgewogen cVV;27.05.2025;0,0114203899;22.906,07;1,9098063795;1.449.271,84;0,007093947;EUR
Muster ausgewogen cVV;28.05.2025;-0,0016536528;-3.354,64;1,9054910278;1.445.917,20;-0,002732876;EUR
Muster ausgewogen cVV;29.05.2025;-0,0053099651;-10.754,11;1,8914232800;1.435.163,10;-0,001060714;EUR
Muster ausgewogen cVV;30.05.2025;0,0019128250;3.853,41;1,8966064637;1.439.016,51;0,001543824;EUR
Muster ausgewogen cVV;31.05.2025;0,0000176496;35,62;1,8966534148;1.439.052,13;0;EUR
Muster ausgewogen cVV;01.06.2025;0,0000211904;42,77;1,8967097861;1.439.094,90;0;EUR
Muster ausgewogen cVV;02.06.2025;0,0003971831;801,69;1,8978711458;1.439.896,60;-0,001309625;EUR
Muster ausgewogen cVV;03.06.2025;0,0050652376;10.227,97;1,9114576766;1.450.124,57;0,003898473;EUR
Muster ausgewogen cVV;04.06.2025;0,0010335085;2.097,48;1,9143279952;1.452.222,05;0,001206951;EUR
Muster ausgewogen cVV;05.06.2025;-0,0018817786;-3.822,97;1,9093937749;1.448.399,08;-0,002568997;EUR
Muster ausgewogen cVV;06.06.2025;0,0068482868;13.886,62;1,9278064218;1.462.285,69;0,003174698;EUR
Muster ausgewogen cVV;07.06.2025;0,0000209520;42,78;1,9278628161;1.462.328,47;0;EUR
Muster ausgewogen cVV;08.06.2025;0,0000209516;42,78;1,9279192104;1.462.371,24;0;EUR
Muster ausgewogen cVV;09.06.2025;-0,0017491868;-3.571,35;1,9233168349;1.458.799,89;-0,001461918;EUR
Muster ausgewogen cVV;10.06.2025;-0,0004213776;-858,83;1,9222903553;1.457.941,06;-0,000073019;EUR
Muster ausgewogen cVV;11.06.2025;-0,0025214199;-5.136,87;1,9156228239;1.452.804,19;-0,001828163;EUR
Muster ausgewogen cVV;12.06.2025;-0,0026524020;-5.390,09;1,9086205982;1.447.414,10;-0,002121465;EUR
Muster ausgewogen cVV;13.06.2025;-0,0057819677;-11.718,69;1,8932719401;1.435.695,40;-0,005734129;EUR
Muster ausgewogen cVV;14.06.2025;0,0000207898;41,89;1,8933271842;1.435.737,30;0;EUR
Muster ausgewogen cVV;15.06.2025;0,0000207894;41,89;1,8933824283;1.435.779,19;0;EUR
Muster ausgewogen cVV;16.06.2025;0,0050477470;10.171,87;1,9069010211;1.445.951,06;0,003554217;EUR
Muster ausgewogen cVV;17.06.2025;-0,0030195308;-6.115,46;1,8989403542;1.439.835,59;-0,003851427;EUR
Muster ausgewogen cVV;18.06.2025;-0,0015087799;-3.046,51;1,8950265049;1.436.789,09;-0,000341114;EUR
Muster ausgewogen cVV;19.06.2025;-0,0023587290;-4.755,53;1,8888579729;1.432.033,56;-0,002958668;EUR
Muster ausgewogen cVV;20.06.2025;-0,0036944831;-7.431,03;1,8791595283;1.424.602,53;0,001843029;EUR
Muster ausgewogen cVV;21.06.2025;0,0000223271;44,74;1,8792185469;1.424.647,27;0;EUR
Muster ausgewogen cVV;22.06.2025;0,0000223266;44,74;1,8792775655;1.424.692,01;0;EUR
Muster ausgewogen cVV;23.06.2025;0,0017440047;3.495,06;1,8839911509;1.428.187,08;0,000665334;EUR
Muster ausgewogen cVV;24.06.2025;0,0030618428;6.146,77;1,8922033917;1.434.333,84;0,005514095;EUR
Muster ausgewogen cVV;25.06.2025;0,0002788648;561,55;1,8930479396;1.434.895,39;-0,002531775;EUR
Muster ausgewogen cVV;26.06.2025;0,0046148329;9.295,41;1,9054156944;1.444.190,80;0,002335788;EUR
Muster ausgewogen cVV;27.06.2025;0,0004786722;968,61;1,9067980622;1.445.159,41;0,004668434;EUR
Muster ausgewogen cVV;28.06.2025;0,0000212644;43,05;1,9068548640;1.445.202,46;0;EUR
Muster ausgewogen cVV;29.06.2025;0,0000212639;43,05;1,9069116658;1.445.245,51;0;EUR
Muster ausgewogen cVV;30.06.2025;0,0001687057;341,56;1,9074667406;1.445.587,07;-0,000324639;EUR
Muster ausgewogen cVV;01.07.2025;-0,0035324799;-7.153,05;1,8981320661;1.438.434,02;-0,002982976;EUR
Muster ausgewogen cVV;02.07.2025;0,0021105928;4.258,72;1,9038559252;1.442.692,74;0,001855230;EUR
Muster ausgewogen cVV;03.07.2025;0,0063318221;12.803,22;1,9208567661;1.455.495,97;0,004441396;EUR
Muster ausgewogen cVV;04.07.2025;-0,0018834140;-3.832,46;1,9159036632;1.451.663,51;-0,001553794;EUR
Muster ausgewogen cVV;05.07.2025;0,0000197255;40,06;1,9159565381;1.451.703,57;0;EUR
Muster ausgewogen cVV;06.07.2025;0,0000197251;40,06;1,9160094130;1.451.743,63;0;EUR
Muster ausgewogen cVV;07.07.2025;0,0013760659;2.794,92;1,9198030118;1.454.538,55;0,001578732;EUR
Muster ausgewogen cVV;08.07.2025;-0,0019924739;-4.052,47;1,9145588088;1.450.486,08;0,001256431;EUR
Muster ausgewogen cVV;09.07.2025;0,0061427603;12.468,80;1,9311223173;1.462.954,89;0,005048812;EUR
Muster ausgewogen cVV;10.07.2025;0,0011349110;2.317,84;1,9342874232;1.465.272,72;-0,000184399;EUR
Muster ausgewogen cVV;11.07.2025;-0,0003759450;-768,67;1,9333781520;1.464.504,06;-0,003990930;EUR
Muster ausgewogen cVV;12.07.2025;0,0000196016;40,06;1,9334310414;1.464.544,12;0;EUR
Muster ausgewogen cVV;13.07.2025;0,0000196012;40,06;1,9334839307;1.464.584,18;0;EUR
Muster ausgewogen cVV;14.07.2025;0,0006124290;1.251,77;1,9352419537;1.465.835,95;-0,000092826;EUR
Muster ausgewogen cVV;15.07.2025;-0,0011588285;-2.370,02;1,9322182639;1.463.465,92;-0,000331944;EUR
Muster ausgewogen cVV;16.07.2025;-0,0012975687;-2.650,70;1,9288236004;1.460.815,23;0,000577706;EUR
Muster ausgewogen cVV;17.07.2025;0,0081003592;16.526,08;1,9507504311;1.477.341,31;0,005857315;EUR
Muster ausgewogen cVV;18.07.2025;-0,0005839695;-1.201,05;1,9492705988;1.476.140,27;-0,002175650;EUR
Muster ausgewogen cVV;19.07.2025;0,0000195082;40,10;1,9493235503;1.476.180,36;0;EUR
Muster ausgewogen cVV;20.07.2025;0,0000195078;40,10;1,9493765017;1.476.220,46;0;EUR
Muster ausgewogen cVV;21.07.2025;0,0001367224;281,04;1,9498536969;1.476.501,51;0,001102923;EUR
Muster ausgewogen cVV;22.07.2025;-0,0035193639;-7.235,29;1,9404043527;1.469.266,21;-0,002600476;EUR
Muster ausgewogen cVV;23.07.2025;0,0051732292;10.597,97;1,9545069280;1.479.864,18;0,004329123;EUR
Muster ausgewogen cVV;24.07.2025;0,0017244361;3.550,99;1,9593032920;1.483.415,17;-0,001605553;EUR
Muster ausgewogen cVV;25.07.2025;-0,0004583249;-945,42;1,9581609305;1.482.469,75;-0,000495020;EUR
Muster ausgewogen cVV;26.07.2025;0,0000194483;40,10;1,9582138963;1.482.509,85;0;EUR
Muster ausgewogen cVV;27.07.2025;0,0000194480;40,10;1,9582668621;1.482.549,95;0;EUR
Muster ausgewogen cVV;28.07.2025;0,0053226695;10.974,82;1,9728703598;1.493.524,77;-0,000037932;EUR
Muster ausgewogen cVV;29.07.2025;0,0037718074;7.818,49;1,9833058160;1.501.343,25;0,003897639;EUR
Muster ausgewogen cVV;30.07.2025;0,0057016880;11.863,47;1,9990861504;1.513.206,73;0,000668356;EUR
Muster ausgewogen cVV;31.07.2025;-0,0030552382;-6.393,26;1,9907480023;1.506.813,46;-0,002429487;EUR
Muster ausgewogen cVV;01.08.2025;-0,0176963526;-36.917,51;1,9420791754;1.469.895,95;-0,011851045;EUR
Muster ausgewogen cVV;02.08.2025;0,0000195745;40,11;1,9421321741;1.469.936,07;0;EUR
Muster ausgewogen cVV;03.08.2025;0,0000195741;40,11;1,9421851728;1.469.976,18;0;EUR
Muster ausgewogen cVV;04.08.2025;0,0116593532;23.893,83;1,9738615026;1.493.870,01;0,007278922;EUR
Muster ausgewogen cVV;05.08.2025;-0,0025474787;-5.281,49;1,9669895603;1.488.588,53;0,000573272;EUR
Muster ausgewogen cVV;06.08.2025;0,0052133203;10.780,83;1,9813423855;1.499.369,36;0,001217245;EUR
Muster ausgewogen cVV;07.08.2025;-0,0041983153;-8.727,12;1,9699165193;1.490.642,23;0,003162981;EUR
Muster ausgewogen cVV;08.08.2025;0,0004718329;976,69;1,9713138674;1.491.618,93;-0,000207466;EUR
Muster ausgewogen cVV;09.08.2025;0,0000186878;38,70;1,9713650156;1.491.657,63;0;EUR
Muster ausgewogen cVV;10.08.2025;0,0000186875;38,70;1,9714161637;1.491.696,33;0;EUR
Muster ausgewogen cVV;11.08.2025;-0,0006517966;-1.349,90;1,9697386431;1.490.346,43;-0,000372968;EUR
Muster ausgewogen cVV;12.08.2025;0,0023277153;4.782,75;1,9761756810;1.495.129,18;0,000127133;EUR
Muster ausgewogen cVV;13.08.2025;0,0003469574;714,55;1,9772359931;1.495.843,73;0,003149729;EUR
Muster ausgewogen cVV;14.08.2025;0,0053570224;11.036,51;1,9919409459;1.506.880,24;0,002645329;EUR
Muster ausgewogen cVV;15.08.2025;-0,0032263057;-6.682,43;1,9832235802;1.500.197,82;-0,002196092;EUR
Muster ausgewogen cVV;16.08.2025;0,0000183511;37,89;1,9832736655;1.500.235,70;0;EUR
Muster ausgewogen cVV;17.08.2025;0,0000183507;37,89;1,9833237507;1.500.273,59;0;EUR
Muster ausgewogen cVV;18.08.2025;0,0024527178;5.063,94;1,9901346278;1.505.337,53;0,000455868;EUR
Muster ausgewogen cVV;19.08.2025;-0,0026735110;-5.533,34;1,9829352748;1.499.804,20;0,000499168;EUR
Muster ausgewogen cVV;20.08.2025;-0,0018636291;-3.846,82;1,9779649486;1.495.957,38;-0,001074518;EUR
Muster ausgewogen cVV;21.08.2025;0,0009762882;2.011,46;1,9807402921;1.497.968,83;-0,000734057;EUR
Muster ausgewogen cVV;22.08.2025;0,0035431006;7.307,01;1,9905185407;1.505.275,84;0,002880359;EUR
Muster ausgewogen cVV;23.08.2025;0,0000187350;38,77;1,9905698144;1.505.314,61;0;EUR
Muster ausgewogen cVV;24.08.2025;0,0000187346;38,77;1,9906210882;1.505.353,39;0;EUR
Muster ausgewogen cVV;25.08.2025;0,0009566598;1.980,00;1,9933557955;1.507.333,39;-0,002196390;EUR
Muster ausgewogen cVV;26.08.2025;0,0016679705;3.455,51;1,9980421483;1.510.788,90;0,000692115;EUR
Muster ausgewogen cVV;27.08.2025;0,0002062190;427,93;1,9987247443;1.511.216,83;0,001190285;EUR
Muster ausgewogen cVV;28.08.2025;0,0017489480;3.630,06;2,0036427246;1.514.846,89;-0,000861188;EUR
Muster ausgewogen cVV;29.08.2025;-0,0035891216;-7.462,50;1,9938885768;1.507.384,40;-0,003657807;EUR
Muster ausgewogen cVV;30.08.2025;0,0000187159;38,77;1,9939398655;1.507.423,17;0;EUR
Muster ausgewogen cVV;31.08.2025;0,0000171946;35,62;1,9939869861;1.507.458,80;0;EUR
Muster ausgewogen cVV;01.09.2025;0,0003632307;752,54;1,9950987084;1.508.211,34;0,000624574;EUR
Muster ausgewogen cVV;02.09.2025;-0,0046858209;-9.711,66;1,9823673984;1.498.499,68;-0,007505963;EUR
Muster ausgewogen cVV;03.09.2025;0,0062844767;12.963,94;1,9996338786;1.511.463,62;0,002856822;EUR
Muster ausgewogen cVV;04.09.2025;0,0070447040;14.623,50;2,0190980098;1.526.087,12;0,004798523;EUR
Muster ausgewogen cVV;05.09.2025;-0,0047732166;-9.978,12;2,0060131531;1.516.109,01;-0,002570835;EUR
Muster ausgewogen cVV;06.09.2025;0,0000186397;38,78;2,0060644631;1.516.147,79;0;EUR
Muster ausgewogen cVV;07.09.2025;0,0000186394;38,78;2,0061157732;1.516.186,57;0;EUR
Muster ausgewogen cVV;08.09.2025;0,0020051491;4.171,79;2,0117526336;1.520.358,36;0,003332712;EUR
Muster ausgewogen cVV;09.09.2025;0,0041753399;8.704,37;2,0233880015;1.529.062,73;-0,000509774;EUR
Muster ausgewogen cVV;10.09.2025;0,0012060276;2.524,72;2,0268467373;1.531.587,44;-0,000091801;EUR
Muster ausgewogen cVV;11.09.2025;0,0026633451;5.582,21;2,0343522309;1.537.169,65;0,002208300;EUR
Muster ausgewogen cVV;12.09.2025;-0,0030373179;-6.382,99;2,0260224009;1.530.786,66;-0,001086044;EUR
Muster ausgewogen cVV;13.09.2025;0,0000185139;38,79;2,0260737390;1.530.825,45;0;EUR
Muster ausgewogen cVV;14.09.2025;0,0000185136;38,79;2,0261250771;1.530.864,24;0;EUR
Muster ausgewogen cVV;15.09.2025;0,0050985286;10.682,52;2,0403820297;1.541.546,76;0,001558633;EUR
Muster ausgewogen cVV;16.09.2025;-0,0079743066;-16.793,08;2,0182719422;1.524.753,68;-0,006547494;EUR
Muster ausgewogen cVV;17.09.2025;0,0017941273;3.748,12;2,0233505955;1.528.501,80;0,000279432;EUR
Muster ausgewogen cVV;18.09.2025;0,0046048152;9.637,20;2,0362258940;1.538.139,00;0,005518613;EUR
Muster ausgewogen cVV;19.09.2025;0,0035614533;7.487,92;2,0462571962;1.545.626,92;0,000374734;EUR
Muster ausgewogen cVV;20.09.2025;0,0000183894;38,80;2,0463085652;1.545.665,73;0;EUR
Muster ausgewogen cVV;21.09.2025;0,0000183891;38,80;2,0463599342;1.545.704,53;0;EUR
Muster ausgewogen cVV;22.09.2025;-0,0031889615;-6.728,89;2,0375696124;1.538.975,64;-0,000244167;EUR
Muster ausgewogen cVV;23.09.2025;-0,0019901445;-4.185,92;2,0321452384;1.534.789,72;-0,000754016;EUR
Muster ausgewogen cVV;24.09.2025;0,0002552068;535,72;2,0329722527;1.535.325,43;0,000825668;EUR
Muster ausgewogen cVV;25.09.2025;-0,0005721026;-1.201,23;2,0314992317;1.534.124,20;-0,002015453;EUR
Muster ausgewogen cVV;26.09.2025;0,0034119106;7.159,81;2,0410983834;1.541.284,01;0,003687975;EUR
Muster ausgewogen cVV;27.09.2025;0,0000140588;29,60;2,0411375857;1.541.313,61;0;EUR
Muster ausgewogen cVV;28.09.2025;0,0000184271;38,80;2,0411889695;1.541.352,42;0;EUR
Muster ausgewogen cVV;29.09.2025;0,0016632516;3.502,32;2,0459453380;1.544.854,73;0,000699395;EUR
Muster ausgewogen cVV;30.09.2025;0,0029054262;6.128,14;2,0541799469;1.550.982,87;0,002178997;EUR
Muster ausgewogen cVV;01.10.2025;0,0046136546;9.759,42;2,0672251331;1.560.742,29;0,003697216;EUR
Muster ausgewogen cVV;02.10.2025;0,0034584250;7.349,48;2,0770795824;1.568.091,77;0,004323340;EUR
Muster ausgewogen cVV;03.10.2025;0,0003839499;818,75;2,0782840778;1.568.910,52;-0,000439527;EUR
Muster ausgewogen cVV;04.10.2025;0,0000182695;38,97;2,0783357047;1.568.949,50;0;EUR
Muster ausgewogen cVV;05.10.2025;0,0000182691;38,97;2,0783873317;1.568.988,47;0;EUR
Muster ausgewogen cVV;06.10.2025;0,0097212548;20.738,74;2,1059807924;1.589.727,21;0,001556966;EUR
Muster ausgewogen cVV;07.10.2025;-0,0019366643;-4.171,73;2,1005754995;1.585.555,48;0,000004048;EUR
Muster ausgewogen cVV;08.10.2025;0,0089183654;19.173,65;2,1260997376;1.604.729,14;0,005053958;EUR
Muster ausgewogen cVV;09.10.2025;0,0025778079;5.591,47;2,1336308431;1.610.320,61;-0,000243623;EUR
Muster ausgewogen cVV;10.10.2025;-0,0161857786;-35.198,76;2,0871137035;1.575.121,85;-0,008573911;EUR
Muster ausgewogen cVV;11.10.2025;0,0000182164;38,97;2,0871653454;1.575.160,82;0;EUR
Muster ausgewogen cVV;12.10.2025;0,0000182161;38,97;2,0872169873;1.575.199,80;0;EUR
Muster ausgewogen cVV;13.10.2025;0,0092854312;19.866,65;2,1136630148;1.595.066,45;0,005278885;EUR
Muster ausgewogen cVV;14.10.2025;-0,0049474636;-10.683,64;2,0996267302;1.584.382,81;-0,002396251;EUR
Muster ausgewogen cVV;15.10.2025;0,0019215429;4.128,88;2,1052194878;1.588.511,70;0,001384609;EUR
Muster ausgewogen cVV;16.10.2025;-0,0027242138;-5.864,86;2,0975675834;1.582.646,84;-0,000865826;EUR
Muster ausgewogen cVV;17.10.2025;-0,0013148220;-2.822,92;2,0939466216;1.579.823,92;-0,004166854;EUR
Muster ausgewogen cVV;18.10.2025;0,0000181814;38,98;2,0939982923;1.579.862,90;0;EUR
Muster ausgewogen cVV;19.10.2025;0,0000181811;38,98;2,0940499630;1.579.901,89;0;EUR
Muster ausgewogen cVV;20.10.2025;0,0121568496;26.067,36;2,1287227976;1.605.969,25;0,007646514;EUR
Muster ausgewogen cVV;21.10.2025;-0,0034531481;-7.494,44;2,1189106165;1.598.474,81;0,002031066;EUR
Muster ausgewogen cVV;22.10.2025;-0,0046495678;-10.056,21;2,1057012212;1.588.418,60;-0,003183077;EUR
Muster ausgewogen cVV;23.10.2025;0,0049526766;10.661,97;2,1199570698;1.599.080,58;0,001545560;EUR
Muster ausgewogen cVV;24.10.2025;0,0050772881;10.984,37;2,1346419330;1.610.064,94;0,000733297;EUR
Muster ausgewogen cVV;25.10.2025;0,0000179285;38,98;2,1346936185;1.610.103,93;0;EUR
Muster ausgewogen cVV;26.10.2025;0,0000179282;38,98;2,1347453041;1.610.142,91;0;EUR
Muster ausgewogen cVV;27.10.2025;0,0032931510;7.160,94;2,1443623670;1.617.303,85;0,003507226;EUR
Muster ausgewogen cVV;28.10.2025;-0,0027309768;-5.958,05;2,1365851829;1.611.345,80;-0,000271117;EUR
Muster ausgewogen cVV;29.10.2025;0,0027336569;5.947,61;2,1445944215;1.617.293,41;-0,001689967;EUR
Muster ausgewogen cVV;30.10.2025;-0,0024716597;-5.392,28;2,1375665185;1.611.901,13;-0,000822178;EUR
Muster ausgewogen cVV;31.10.2025;0,0004797089;1.043,97;2,1390734535;1.612.945,09;-0,000354386;EUR
Muster ausgewogen cVV;01.11.2025;0,0000155644;33,89;2,1391183957;1.612.978,98;0;EUR
Muster ausgewogen cVV;02.11.2025;0,0000179045;38,98;2,1391700961;1.613.017,97;0;EUR
Muster ausgewogen cVV;03.11.2025;0,0025563132;5.566,04;2,1466746259;1.618.584,00;0,001940380;EUR
Muster ausgewogen cVV;04.11.2025;-0,0042548397;-9.288,04;2,1344783578;1.609.295,96;-0,003801027;EUR
Muster ausgewogen cVV;05.11.2025;-0,0012776523;-2.777,17;2,1309167848;1.606.518,80;0,001565586;EUR
Muster ausgewogen cVV;06.11.2025;-0,0117397803;-25.485,54;2,0972322131;1.581.033,26;-0,006361201;EUR
Muster ausgewogen cVV;07.11.2025;-0,0033607240;-7.210,05;2,0877874645;1.573.823,22;-0,002487025;EUR
Muster ausgewogen cVV;08.11.2025;0,0000182817;39,09;2,0878393194;1.573.862,30;0;EUR
Muster ausgewogen cVV;09.11.2025;0,0000182813;39,09;2,0878911742;1.573.901,39;0;EUR
Muster ausgewogen cVV;10.11.2025;0,0149292801;31.922,57;2,1303604427;1.605.823,97;0,008265150;EUR
Muster ausgewogen cVV;11.11.2025;0,0011814953;2.564,05;2,1338839092;1.608.388,02;0,001647433;EUR
Muster ausgewogen cVV;12.11.2025;0,0044048785;9.570,65;2,1467040658;1.617.958,67;0,003807847;EUR
Muster ausgewogen cVV;13.11.2025;-0,0127131846;-27.744,11;2,1100136581;1.590.214,56;-0,008474015;EUR
Muster ausgewogen cVV;14.11.2025;-0,0040148068;-8.650,17;2,0986557034;1.581.564,40;-0,002331717;EUR
Muster ausgewogen cVV;15.11.2025;0,0000192433;41,29;2,0987104991;1.581.605,69;0;EUR
Muster ausgewogen cVV;16.11.2025;0,0000192429;41,29;2,0987652947;1.581.646,99;0;EUR
Muster ausgewogen cVV;17.11.2025;-0,0065638928;-14.086,10;2,0801923723;1.567.560,88;-0,004805209;EUR
Muster ausgewogen cVV;18.11.2025;-0,0082644240;-17.619,03;2,0569287330;1.549.941,86;-0,006553786;EUR
Muster ausgewogen cVV;19.11.2025;0,0042429939;8.970,93;2,0689519501;1.558.912,79;0,001042083;EUR
Muster ausgewogen cVV;20.11.2025;-0,0055777723;-11.843,08;2,0533510423;1.547.069,71;-0,000986761;EUR
Muster ausgewogen cVV;21.11.2025;0,0031314162;6.611,74;2,0622438947;1.553.681,44;0,000356983;EUR
Muster ausgewogen cVV;22.11.2025;0,0000194966;41,29;2,0622987060;1.553.722,74;0;EUR
Muster ausgewogen cVV;23.11.2025;0,0000194962;41,29;2,0623535173;1.553.764,03;0;EUR
Muster ausgewogen cVV;24.11.2025;0,0096130823;20.361,62;2,0894989648;1.574.125,65;0,004071688;EUR
Muster ausgewogen cVV;25.11.2025;0,0069437286;14.849,00;2,1093295723;1.588.974,65;0,004433418;EUR
Muster ausgewogen cVV;26.11.2025;0,0039259335;8.453,81;2,1206724228;1.597.428,47;0,004380601;EUR
Muster ausgewogen cVV;27.11.2025;0,0002996204;647,71;2,1216528992;1.598.076,18;0,000571590;EUR
Muster ausgewogen cVV;28.11.2025;0,0053093954;11.481,18;2,1370170819;1.609.557,36;0,001576148;EUR
Muster ausgewogen cVV;29.11.2025;0,0000189955;41,29;2,1370719087;1.609.598,66;0;EUR
Muster ausgewogen cVV;30.11.2025;0,0000189951;41,29;2,1371267356;1.609.639,95;0;EUR
Muster ausgewogen cVV;01.12.2025;-0,0062958710;-13.687,17;2,1190745757;1.595.952,78;-0,005103083;EUR
Muster ausgewogen cVV;02.12.2025;0,0011291778;2.439,37;2,1224340227;1.598.392,15;0,002252829;EUR
Muster ausgewogen cVV;03.12.2025;-0,0025064229;-5.420,75;2,1153561033;1.592.971,40;-0,000137223;EUR
Muster ausgewogen cVV;04.12.2025;0,0017420075;3.758,07;2,1204668602;1.596.729,48;0,002270807;EUR
Muster ausgewogen cVV;05.12.2025;0,0034802138;7.521,02;2,1305756483;1.604.250,50;0,001596502;EUR
Muster ausgewogen cVV;06.12.2025;0,0000175886;38,14;2,1306263048;1.604.288,64;0;EUR
Muster ausgewogen cVV;07.12.2025;0,0000175883;38,14;2,1306769613;1.604.326,78;0;EUR
Muster ausgewogen cVV;08.12.2025;-0,0030248717;-6.559,97;2,1220850741;1.597.766,81;-0,001990277;EUR
Muster ausgewogen cVV;09.12.2025;-0,0006895690;-1.490,93;2,1202250250;1.596.275,88;0,001270047;EUR
Muster ausgewogen cVV;10.12.2025;-0,0012790241;-2.763,49;2,1166743537;1.593.512,39;0,000430590;EUR
Muster ausgewogen cVV;11.12.2025;0,0036261165;7.824,67;2,1271883532;1.601.337,05;0,000773511;EUR
Muster ausgewogen cVV;12.12.2025;-0,0039600289;-8.576,19;2,1159156461;1.592.760,86;-0,002814892;EUR
Muster ausgewogen cVV;13.12.2025;0,0000176871;38,15;2,1159663308;1.592.799,02;0;EUR
Muster ausgewogen cVV;14.12.2025;0,0000176868;38,15;2,1160170154;1.592.837,17;0;EUR
Muster ausgewogen cVV;15.12.2025;0,0021168523;4.566,45;2,1222034122;1.597.403,62;0,000372038;EUR
Muster ausgewogen cVV;16.12.2025;-0,0017295283;-3.738,82;2,1173560110;1.593.664,80;-0,002504394;EUR
Muster ausgewogen cVV;17.12.2025;-0,0066749624;-14.404,68;2,0983364580;1.579.260,13;-0,003325106;EUR
Muster ausgewogen cVV;18.12.2025;0,0093115092;19.960,26;2,1249773937;1.599.220,38;0,005140318;EUR
Muster ausgewogen cVV;19.12.2025;0,0055570698;12.023,12;2,1410741508;1.611.243,50;0,002431762;EUR
Muster ausgewogen cVV;20.12.2025;0,0000175424;38,17;2,1411248659;1.611.281,67;0;EUR
Muster ausgewogen cVV;21.12.2025;0,0000175421;38,17;2,1411755810;1.611.319,83;0;EUR
Muster ausgewogen cVV;22.12.2025;0,0031394450;6.830,40;2,1503734594;1.618.150,23;0,000153404;EUR
Muster ausgewogen cVV;23.12.2025;0,0027901018;6.089,40;2,1585875469;1.624.239,63;0,002273489;EUR
Muster ausgewogen cVV;24.12.2025;0,0015695406;3.435,08;2,1632747613;1.627.674,72;0,000499114;EUR
Muster ausgewogen cVV;25.12.2025;-0,0001461025;-320,26;2,1629710978;1.627.354,46;0,000021974;EUR
Muster ausgewogen cVV;26.12.2025;-0,0000193928;-42,50;2,1630365422;1.627.311,95;-0,000038057;EUR
Muster ausgewogen cVV;27.12.2025;0,0000174148;38,17;2,1630872747;1.627.350,12;0;EUR
Muster ausgewogen cVV;28.12.2025;0,0000174145;38,17;2,1631380072;1.627.388,29;0;EUR
Muster ausgewogen cVV;29.12.2025;-0,0024148978;-5.292,83;2,1562242424;1.622.095,46;0,000710480;EUR
Muster ausgewogen cVV;30.12.2025;0,0029948052;6.547,98;2,1650503194;1.628.643,44;0,001184533;EUR
Muster ausgewogen cVV;31.12.2025;-0,0028186743;-6.181,34;2,1569545582;1.622.462,11;-0,001242012;EUR
Muster ausgewogen cVV;01.01.2026;-0,0001065084;-232,91;2,1567663065;1.622.229,19;0,000011043;EUR
Muster ausgewogen cVV;02.01.2026;-0,0022663536;-4.955,56;2,1502988248;1.617.273,63;0,000633745;EUR
Muster ausgewogen cVV;03.01.2026;0,0000174981;38,17;2,1503495805;1.617.311,80;0;EUR
Muster ausgewogen cVV;04.01.2026;0,0000174977;38,17;2,1504003362;1.617.349,97;0;EUR
Muster ausgewogen cVV;05.01.2026;0,0118733396;25.904,08;2,1849648320;1.643.254,06;0,006719683;EUR
Muster ausgewogen cVV;06.01.2026;0,0061680273;13.616,57;2,2031940629;1.656.870,63;0,002804473;EUR
Muster ausgewogen cVV;07.01.2026;0,0024224871;5.380,88;2,2104734123;1.662.251,51;0,002252400;EUR
Muster ausgewogen cVV;08.01.2026;-0,0009308482;-2.072,63;2,2078412375;1.660.178,88;-0,000156339;EUR
Muster ausgewogen cVV;09.01.2026;0,0059531349;13.242,93;2,2255777321;1.673.421,81;0,003500607;EUR
Muster ausgewogen cVV;10.01.2026;0,0000170590;38,17;2,2256285021;1.673.459,98;0;EUR
Muster ausgewogen cVV;11.01.2026;0,0000170587;38,17;2,2256792721;1.673.498,15;0;EUR
Muster ausgewogen cVV;12.01.2026;0,0017644156;3.948,50;2,2310558265;1.677.446,65;0,001603973;EUR
Muster ausgewogen cVV;13.01.2026;-0,0027642752;-6.196,95;2,2229384186;1.671.249,70;0,000642111;EUR
Muster ausgewogen cVV;14.01.2026;-0,0049740122;-11.119,91;2,2082716200;1.660.129,80;-0,001536630;EUR
Muster ausgewogen cVV;15.01.2026;0,0046211774;10.279,72;2,2220700768;1.670.409,52;0,002371212;EUR
Muster ausgewogen cVV;16.01.2026;-0,0007964500;-1.779,88;2,2198267901;1.668.629,64;-0,001030483;EUR
Muster ausgewogen cVV;17.01.2026;0,0000170956;38,17;2,2198775744;1.668.667,82;0;EUR
Muster ausgewogen cVV;18.01.2026;0,0000170953;38,17;2,2199283586;1.668.705,99;0;EUR
Muster ausgewogen cVV;19.01.2026;-0,0025717065;-5.742,77;2,2124125226;1.662.963,22;-0,004136976;EUR
Muster ausgewogen cVV;20.01.2026;-0,0107498744;-23.943,35;2,1806803082;1.639.019,87;-0,008556309;EUR
Muster ausgewogen cVV;21.01.2026;0,0063659479;14.026,55;2,1994654373;1.653.046,42;0,000704049;EUR
Muster ausgewogen cVV;22.01.2026;0,0074097219;16.430,30;2,2214511147;1.669.476,72;0,003963354;EUR
Muster ausgewogen cVV;23.01.2026;-0,0014712166;-3.286,44;2,2172020910;1.666.190,27;-0,000170791;EUR
Muster ausgewogen cVV;24.01.2026;0,0000171143;38,17;2,2172528895;1.666.228,45;0;EUR
Muster ausgewogen cVV;25.01.2026;0,0000171140;38,17;2,2173036879;1.666.266,62;0;EUR
Muster ausgewogen cVV;26.01.2026;0,0023754804;5.298,79;2,2244791627;1.671.565,41;-0,000186417;EUR
Muster ausgewogen cVV;27.01.2026;-0,0033936435;-7.587,90;2,2145051228;1.663.977,51;0,000125040;EUR
Muster ausgewogen cVV;28.01.2026;0,0080760923;17.996,19;2,2385804159;1.681.973,70;-0,000505662;EUR
Muster ausgewogen cVV;29.01.2026;-0,0011844851;-2.660,74;2,2351639907;1.679.312,96;-0,004587133;EUR
Muster ausgewogen cVV;30.01.2026;-0,0060515794;-13.577,71;2,2172158344;1.665.735,25;0,001860198;EUR
Muster ausgewogen cVV;31.01.2026;0,0000159739;35,62;2,2172632516;1.665.770,87;0;EUR
Muster ausgewogen cVV;01.02.2026;0,0000171175;38,17;2,2173140643;1.665.809,04;0;EUR
Muster ausgewogen cVV;02.02.2026;0,0014538668;3.242,36;2,2217538494;1.669.051,40;0,005006324;EUR
Muster ausgewogen cVV;03.02.2026;-0,0017350833;-3.875,14;2,2167191079;1.665.176,26;-0,001735563;EUR
Muster ausgewogen cVV;04.02.2026;-0,0058740710;-13.096,40;2,1994075169;1.652.079,86;-0,001791057;EUR
Muster ausgewogen cVV;05.02.2026;-0,0095437652;-21.153,10;2,1713674956;1.630.926,76;-0,003612230;EUR
Muster ausgewogen cVV;06.02.2026;0,0100006925;21.954,30;2,2007194056;1.652.881,06;0,006096552;EUR
Muster ausgewogen cVV;07.02.2026;0,0000172170;38,17;2,2007702324;1.652.919,23;0;EUR
Muster ausgewogen cVV;08.02.2026;0,0000172167;38,17;2,2008210592;1.652.957,41;0;EUR
Muster ausgewogen cVV;09.02.2026;0,0014714222;3.262,60;2,2052878377;1.656.220,00;0,003788319;EUR
Muster ausgewogen cVV;10.02.2026;-0,0016057002;-3.565,57;2,2006627179;1.652.654,43;0,000188476;EUR
Muster ausgewogen cVV;11.02.2026;-0,0001730156;-383,58;2,2002743860;1.652.270,86;-0,000295418;EUR
Muster ausgewogen cVV;12.02.2026;-0,0071356257;-15.694,34;2,1795071549;1.636.576,52;-0,003099717;EUR
Muster ausgewogen cVV;13.02.2026;0,0029416461;6.423,79;2,1881948996;1.643.000,31;0,001689092;EUR
Muster ausgewogen cVV;14.02.2026;0,0000174298;38,17;2,1882457410;1.643.038,48;0;EUR
Muster ausgewogen cVV;15.02.2026;0,0000174295;38,17;2,1882965825;1.643.076,66;0;EUR
Muster ausgewogen cVV;16.02.2026;-0,0019173726;-4.199,51;2,1828360601;1.638.877,15;-0,001303824;EUR
Muster ausgewogen cVV;17.02.2026;-0,0007304463;-1.596,79;2,1808416145;1.637.280,36;0,003060952;EUR
Muster ausgewogen cVV;18.02.2026;0,0094080524;20.551,36;2,2083497735;1.657.831,73;0,004369586;EUR
Muster ausgewogen cVV;19.02.2026;-0,0022934813;-5.057,11;2,2017468298;1.652.774,61;-0,001791269;EUR
Muster ausgewogen cVV;20.02.2026;0,0059052711;12.991,23;2,2191876197;1.665.765,84;0,003221071;EUR
Muster ausgewogen cVV;21.02.2026;0,0000166812;36,91;2,2192367981;1.665.802,75;0;EUR
Muster ausgewogen cVV;22.02.2026;0,0000166809;36,91;2,2192859766;1.665.839,67;0;EUR
Muster ausgewogen cVV;23.02.2026;0,0000166806;36,91;2,2194696186;1.665.876,58;0;EUR
