Portfolio Name;Datum;Performance [%] (Intervall);Performance (Intervall);Performance [%] (kumuliert);Performance (kumuliert);Benchmark Performance [%] (Intervall);Risiko freier Zins
Muster konservativ cVV;30.12.2008;0;0;0;0;0;0,02928000
Muster konservativ cVV;31.12.2008;-0,0001112320;-115,77;-0,0001112320;-115,77;0;0,02892000
Muster konservativ cVV;01.01.2009;0,0000920016;95,75;-0,0000192407;-20,03;0;0,02892000
Muster konservativ cVV;02.01.2009;-0,0009668888;-1.006,34;-0,0009861109;-1.026,37;0,001584724;0,02859000
Muster konservativ cVV;03.01.2009;0,0000893124;92,87;-0,0008968866;-933,50;0;0,02859000
Muster konservativ cVV;04.01.2009;0,0000892948;92,86;-0,0008076719;-840,65;0;0,02859000
Muster konservativ cVV;05.01.2009;0,0009730593;1.011,97;0,0001646015;171,32;0,000249746;0,02822000
Muster konservativ cVV;06.01.2009;-0,0006667678;-694,10;-0,0005022760;-522,78;-0,002739304;0,02797000
Muster konservativ cVV;07.01.2009;-0,0012398441;-1.289,81;-0,0017414974;-1.812,59;0,000960497;0,02762000
Muster konservativ cVV;08.01.2009;-0,0005397846;-560,84;-0,0022803419;-2.373,44;0,003587890;0,02729000
Muster konservativ cVV;09.01.2009;0,0006946014;721,31;-0,0015873244;-1.652,13;0,003975668;0,02692000
Muster konservativ cVV;10.01.2009;0,0000858711;89,23;-0,0015015896;-1.562,89;0;0,02692000
Muster konservativ cVV;11.01.2009;0,0002349983;244,22;-0,0012669442;-1.318,67;0;0,02692000
Muster konservativ cVV;12.01.2009;0,0018331631;1.905,59;0,0005638964;586,92;0,002121056;0,02653000
Muster konservativ cVV;13.01.2009;-0,0006948108;-723,58;-0,0001313063;-136,67;0,000271869;0,02612000
Muster konservativ cVV;14.01.2009;0,0003232911;336,45;0,0001919424;199,78;0,002249355;0,02572000
Muster konservativ cVV;15.01.2009;-0,0013787606;-1.435,32;-0,0011870829;-1.235,55;0,000280262;0,02510000
Muster konservativ cVV;16.01.2009;-0,0003960696;-411,75;-0,0015826824;-1.647,30;-0,000751819;0,02453000
Muster konservativ cVV;17.01.2009;0,0000858948;89,26;-0,0014969235;-1.558,04;0;0,02453000
Muster konservativ cVV;18.01.2009;0,0000858778;89,25;-0,0014111743;-1.468,79;0;0,02453000
Muster konservativ cVV;19.01.2009;0,0003228536;335,56;-0,0010887763;-1.133,23;-0,002008632;0,02410000
Muster konservativ cVV;20.01.2009;-0,0004987726;-518,57;-0,0015870059;-1.651,80;-0,001253819;0,02370000
Muster konservativ cVV;21.01.2009;0,0001070177;111,21;-0,0014801580;-1.540,59;0,000343262;0,02312000
Muster konservativ cVV;22.01.2009;-0,0027251817;-2.832,24;-0,0042013060;-4.372,83;-0,002629444;0,02254000
Muster konservativ cVV;23.01.2009;0,0006244859;647,25;-0,0035794437;-3.725,58;-0,002872933;0,02199000
Muster konservativ cVV;24.01.2009;0,0000860669;89,26;-0,0034936849;-3.636,32;0;0,02199000
Muster konservativ cVV;25.01.2009;0,0000860499;89,25;-0,0034079356;-3.547,07;0;0,02199000
Muster konservativ cVV;26.01.2009;-0,0051689500;-5.361,64;-0,0085592702;-8.908,71;-0,006867052;0,02149000
Muster konservativ cVV;27.01.2009;0,0017540272;1.810,01;-0,0068202562;-7.098,70;0,000453764;0,02130000
Muster konservativ cVV;28.01.2009;0,0017672465;1.826,85;-0,0050650627;-5.271,85;0,001853821;0,02115000
Muster konservativ cVV;29.01.2009;0,0005471276;566,58;-0,0045207063;-4.705,27;0,000686571;0,02101000
Muster konservativ cVV;30.01.2009;0,0024515014;2.540,05;-0,0020802875;-2.165,22;0,000040948;0,02086000
Muster konservativ cVV;31.01.2009;0,0000859376;89,26;-0,0019945286;-2.075,96;0;0,02086000
Muster konservativ cVV;01.02.2009;0,0000859206;89,25;-0,0019087794;-1.986,71;0;0,02086000
Muster konservativ cVV;02.02.2009;-0,0007099562;-737,53;-0,0026173804;-2.724,24;0,001623847;0,02077000
Muster konservativ cVV;03.02.2009;0,0010416518;1.081,34;-0,0015784550;-1.642,90;-0,000199670;0,02064000
Muster konservativ cVV;04.02.2009;0,0006757908;702,27;-0,0009037309;-940,63;-0,000130997;0,02053000
Muster konservativ cVV;05.02.2009;-0,0001640566;-170,60;-0,0010676393;-1.111,23;0,002618463;0,02039000
Muster konservativ cVV;06.02.2009;0,0020665006;2.148,57;0,0009966550;1.037,34;0,000383831;0,02022000
Muster konservativ cVV;07.02.2009;0,0000853759;88,95;0,0010821160;1.126,29;0;0,02022000
Muster konservativ cVV;08.02.2009;0,0000853590;88,94;0,0011675675;1.215,23;0;0,02022000
Muster konservativ cVV;09.02.2009;-0,0018486323;-1.926,35;-0,0006832232;-711,12;-0,001534399;0,02005000
Muster konservativ cVV;10.02.2009;0,0011931674;1.241,03;0,0005091290;529,91;0,001908718;0,01989000
Muster konservativ cVV;11.02.2009;0,0022232296;2.315,17;0,0027334904;2.845,09;0,006227833;0,01975000
Muster konservativ cVV;12.02.2009;0,0017045916;1.779,03;0,0044427415;4.624,12;0,003497621;0,01959000
Muster konservativ cVV;13.02.2009;-0,0000288087;-30,12;0,0044138048;4.594,00;-0,001763749;0,01943000
Muster konservativ cVV;14.02.2009;0,0000898127;93,89;0,0045040140;4.687,89;0;0,01943000
Muster konservativ cVV;15.02.2009;0,0000897951;93,88;0,0045942136;4.781,77;0;0,01943000
Muster konservativ cVV;16.02.2009;0,0003043131;318,19;0,0048999248;5.099,97;0,003660037;0,01927000
Muster konservativ cVV;17.02.2009;0,0003487723;364,79;0,0052504060;5.464,76;0,002276179;0,01912000
Muster konservativ cVV;18.02.2009;0,0011594529;1.213,12;0,0064159465;6.677,88;-0,002234940;0,01900000
Muster konservativ cVV;19.02.2009;-0,0018066633;-1.892,49;0,0045976917;4.785,39;-0,005650945;0,01888000
Muster konservativ cVV;20.02.2009;-0,0015288822;-1.598,62;0,0030617802;3.186,78;0,001876028;0,01875000
Muster konservativ cVV;21.02.2009;0,0000874839;91,33;0,0031495319;3.278,11;0;0,01875000
Muster konservativ cVV;22.02.2009;0,0000874762;91,33;0,0032372836;3.369,45;0;0,01875000
Muster konservativ cVV;23.02.2009;-0,0011584387;-1.209,64;0,0020750947;2.159,81;-0,002094354;0,01867000
Muster konservativ cVV;24.02.2009;0,0009757897;1.017,73;0,0030529092;3.177,55;-0,000121245;0,01858000
Muster konservativ cVV;25.02.2009;-0,0007919669;-826,82;0,0022585245;2.350,73;0,000077493;0,01848000
Muster konservativ cVV;26.02.2009;-0,0021717001;-2.265,47;0,0000819195;85,26;-0,006303893;0,01835000
Muster konservativ cVV;27.02.2009;0,0008794935;915,47;0,0009614851;1.000,74;0,001382465;0,01825000
Muster konservativ cVV;28.02.2009;0,0000876578;91,32;0,0010492272;1.092,06;0;0,01825000
Muster konservativ cVV;01.03.2009;0,0000876597;91,33;0,0011369789;1.183,40;0;0,01825000
Muster konservativ cVV;02.03.2009;-0,0005635229;-587,20;0,0005728153;596,20;0,003185948;0,01811000
Muster konservativ cVV;03.03.2009;0,0007246961;754,71;0,0012979266;1.350,91;-0,000449656;0,01799000
Muster konservativ cVV;04.03.2009;-0,0012551578;-1.308,10;0,0000411396;42,82;-0,002957285;0,01778000
Muster konservativ cVV;05.03.2009;0,0021748134;2.263,69;0,0022160425;2.306,51;-0,000052654;0,01757000
Muster konservativ cVV;06.03.2009;0,0011761736;1.226,90;0,0033948225;3.533,42;0,001306795;0,01726000
Muster konservativ cVV;07.03.2009;0,0000858940;89,70;0,0034810082;3.623,12;0;0,01726000
Muster konservativ cVV;08.03.2009;0,0000858771;89,69;0,0035671842;3.712,82;0;0,01726000
Muster konservativ cVV;09.03.2009;-0,0030281666;-3.163,04;0,0005282156;549,78;-0,004352327;0,01703000
Muster konservativ cVV;10.03.2009;-0,0007636688;-795,27;-0,0002358566;-245,49;-0,004499493;0,01687000
Muster konservativ cVV;11.03.2009;-0,0007303963;-760,04;-0,0009660807;-1.005,52;-0,002324922;0,01663000
Muster konservativ cVV;12.03.2009;0,0001645422;171,09;-0,0008016975;-834,43;0,003583243;0,01650000
Muster konservativ cVV;13.03.2009;0,0017660770;1.836,70;0,0009629637;1.002,28;-0,001328071;0,01640000
Muster konservativ cVV;14.03.2009;0,0000861027;89,70;0,0010491493;1.091,98;0;0,01640000
Muster konservativ cVV;15.03.2009;0,0000860857;89,69;0,0011353253;1.181,68;0;0,01640000
Muster konservativ cVV;16.03.2009;-0,0007412577;-772,40;0,0003932261;409,28;-0,002221407;0,01629000
Muster konservativ cVV;17.03.2009;-0,0021491848;-2.237,81;-0,0017568038;-1.828,53;-0,002587119;0,01614000
Muster konservativ cVV;18.03.2009;-0,0005140880;-534,14;-0,0022699886;-2.362,66;-0,000124764;0,01602000
Muster konservativ cVV;19.03.2009;0,0017482227;1.815,46;-0,0005257343;-547,20;0,005646894;0,01584000
Muster konservativ cVV;20.03.2009;0,0018449047;1.919,21;0,0013182004;1.372,02;0,003311332;0,01574000
Muster konservativ cVV;21.03.2009;0,0000860722;89,70;0,0014043861;1.461,72;0;0,01574000
Muster konservativ cVV;22.03.2009;0,0000860552;89,69;0,0014905621;1.551,41;0;0,01574000
Muster konservativ cVV;23.03.2009;0,0013766079;1.434,94;0,0028692219;2.986,36;-0,000640867;0,01560000
Muster konservativ cVV;24.03.2009;-0,0035304217;-3.685,10;-0,0006713293;-698,74;-0,003047094;0,01556000
Muster konservativ cVV;25.03.2009;0,0002543865;264,59;-0,0004171136;-434,14;0,000272025;0,01548000
Muster konservativ cVV;26.03.2009;0,0009065476;943,16;0,0004890559;509,02;0,001251475;0,01538000
Muster konservativ cVV;27.03.2009;0,0021204083;2.208,05;0,0026105011;2.717,08;0,004463859;0,01531000
Muster konservativ cVV;28.03.2009;0,0000859612;89,70;0,0026966868;2.806,78;0;0,01531000
Muster konservativ cVV;29.03.2009;0,0000859443;89,69;0,0027828628;2.896,47;0;0,01531000
Muster konservativ cVV;30.03.2009;0,0019220103;2.006,04;0,0047102218;4.902,52;0,002451487;0,01520000
Muster konservativ cVV;31.03.2009;0,0005269288;551,02;0,0052396326;5.453,54;0,001533011;0,01510000
Muster konservativ cVV;01.04.2009;0,0000341154;35,69;0,0052739267;5.489,24;0,000832453;0,01498000
Muster konservativ cVV;02.04.2009;-0,0037762213;-3.951,12;0,0014777898;1.538,12;-0,006590257;0,01483000
Muster konservativ cVV;03.04.2009;-0,0006912807;-720,57;0,0007854876;817,56;-0,002004289;0,01479000
Muster konservativ cVV;04.04.2009;0,0000861180;89,70;0,0008716732;907,26;0;0,01479000
Muster konservativ cVV;05.04.2009;0,0000861106;89,70;0,0009578589;996,96;0;0,01479000
Muster konservativ cVV;06.04.2009;-0,0008476548;-883,11;0,0001093921;113,86;0,001200142;0,01466000
Muster konservativ cVV;07.04.2009;0,0028622267;2.979,40;0,0029719319;3.093,26;0,001382835;0,01453000
Muster konservativ cVV;08.04.2009;0,0010823584;1.129,89;0,0040575070;4.223,16;0,001750358;0,01445000
Muster konservativ cVV;09.04.2009;-0,0008199674;-856,91;0,0032342126;3.366,25;0,000650492;0,01435000
Muster konservativ cVV;10.04.2009;0,0000841667;87,89;0,0033186515;3.454,14;0;0,01435000
Muster konservativ cVV;11.04.2009;0,0000841500;87,88;0,0034030808;3.542,01;0;0,01435000
Muster konservativ cVV;12.04.2009;0,0000841525;87,89;0,0034875197;3.629,90;0;0,01435000
Muster konservativ cVV;13.04.2009;0,0000841359;87,88;0,0035719489;3.717,78;0;0,01435000
Muster konservativ cVV;14.04.2009;0,0033303037;3.478,65;0,0069141484;7.196,42;0,004126200;0,01423000
Muster konservativ cVV;15.04.2009;0,0016547233;1.734,19;0,0085803126;8.930,61;0,004888535;0,01415000
Muster konservativ cVV;16.04.2009;-0,0000557881;-58,56;0,0085240459;8.872,04;-0,000319313;0,01410000
Muster konservativ cVV;17.04.2009;0,0003441050;361,21;0,0088710841;9.233,25;-0,003159205;0,01405000
Muster konservativ cVV;18.04.2009;0,0000836869;87,88;0,0089555134;9.321,13;0;0,01405000
Muster konservativ cVV;19.04.2009;0,0000836894;87,89;0,0090399523;9.409,01;0;0,01405000
Muster konservativ cVV;20.04.2009;0,0002330491;244,76;0,0092751081;9.653,77;0,005632200;0,01405000
Muster konservativ cVV;21.04.2009;0,0008763678;920,61;0,0101596043;10.574,37;0,000333280;0,01405000
Muster konservativ cVV;22.04.2009;-0,0008740099;-918,93;0,0092767148;9.655,44;-0,003155397;0,01405000
Muster konservativ cVV;23.04.2009;0,0001400274;147,10;0,0094180412;9.802,54;0,000378946;0,01406000
Muster konservativ cVV;24.04.2009;0,0009883481;1.038,39;0,0104156976;10.840,92;0,002459138;0,01400000
Muster konservativ cVV;25.04.2009;0,0000835590;87,88;0,0105001269;10.928,80;0;0,01400000
Muster konservativ cVV;26.04.2009;0,0000835615;87,89;0,0105845658;11.016,69;0;0,01400000
Muster konservativ cVV;27.04.2009;0,0017613729;1.852,69;0,0123645820;12.869,37;0,001705049;0,01392000
Muster konservativ cVV;28.04.2009;0,0006630916;698,70;0,0130358725;13.568,07;0,002290953;0,01384000
Muster konservativ cVV;29.04.2009;-0,0000071073;-7,49;0,0130286726;13.560,57;0,001552723;0,01372000
Muster konservativ cVV;30.04.2009;0,0007986981;842,14;0,0138377767;14.402,71;-0,001068633;0,01365000
Muster konservativ cVV;01.05.2009;0,0000832864;87,89;0,0139222156;14.490,60;0;0,01365000
Muster konservativ cVV;02.05.2009;0,0000832510;87,86;0,0140066257;14.578,45;0;0,01365000
Muster konservativ cVV;03.05.2009;0,0000832441;87,86;0,0140910357;14.666,31;0;0,01365000
Muster konservativ cVV;04.05.2009;0,0023571346;2.487,94;0,0164813848;17.154,24;-0,000743691;0,01354000
Muster konservativ cVV;05.05.2009;0,0004791833;506,97;0,0169684657;17.661,21;0,002228837;0,01344000
Muster konservativ cVV;06.05.2009;0,0000518629;54,90;0,0170212086;17.716,11;0,000677685;0,01334000
Muster konservativ cVV;07.05.2009;0,0002800232;296,42;0,0173059981;18.012,52;-0,002129631;0,01327000
Muster konservativ cVV;08.05.2009;0,0002114924;223,94;0,0175211506;18.236,46;0,000532621;0,01313000
Muster konservativ cVV;09.05.2009;0,0000829566;87,86;0,0176055606;18.324,32;0;0,01313000
Muster konservativ cVV;10.05.2009;0,0000829497;87,86;0,0176899707;18.412,17;0;0,01313000
Muster konservativ cVV;11.05.2009;0,0012843447;1.360,43;0,0189970354;19.772,60;0,002642408;0,01299000
Muster konservativ cVV;12.05.2009;0,0000747655;79,30;0,0190732212;19.851,89;-0,000750960;0,01291000
Muster konservativ cVV;13.05.2009;0,0005258679;557,78;0,0196091191;20.409,67;0,004209857;0,01281000
Muster konservativ cVV;14.05.2009;0,0016800953;1.782,98;0,0213221597;22.192,65;0,001146875;0,01266000
Muster konservativ cVV;15.05.2009;0,0013168507;1.399,84;0,0226670885;23.592,48;-0,001203892;0,01250000
Muster konservativ cVV;16.05.2009;0,0000825392;87,86;0,0227514986;23.680,34;0;0,01250000
Muster konservativ cVV;17.05.2009;0,0000825323;87,86;0,0228359087;23.768,19;0;0,01250000
Muster konservativ cVV;18.05.2009;-0,0005311265;-565,43;0,0222926534;23.202,76;0,002110424;0,01244000
Muster konservativ cVV;19.05.2009;0,0000852082;90,66;0,0223797612;23.293,42;-0,003668640;0,01237000
Muster konservativ cVV;20.05.2009;-0,0003905354;-415,58;0,0219804857;22.877,85;0,000680294;0,01244000
Muster konservativ cVV;21.05.2009;-0,0006509297;-692,40;0,0213152482;22.185,45;0,004278325;0,01252000
Muster konservativ cVV;22.05.2009;0,0003603763;383,08;0,0216833060;22.568,54;-0,003269048;0,01259000
Muster konservativ cVV;23.05.2009;0,0000819113;87,10;0,0217669934;22.655,64;0;0,01259000
Muster konservativ cVV;24.05.2009;0,0000819045;87,10;0,0218506807;22.742,74;0;0,01259000
Muster konservativ cVV;25.05.2009;-0,0006439137;-684,85;0,0211926971;22.057,90;-0,003205937;0,01264000
Muster konservativ cVV;26.05.2009;0,0010817217;1.149,74;0,0222973434;23.207,64;0,000148083;0,01266000
Muster konservativ cVV;27.05.2009;-0,0013483003;-1.434,64;0,0209189796;21.773,01;-0,000786158;0,01270000
Muster konservativ cVV;28.05.2009;-0,0006071495;-645,16;0,0202991292;21.127,85;-0,000104071;0,01270000
Muster konservativ cVV;29.05.2009;0,0021287602;2.260,64;0,0224711015;23.388,49;0,003040738;0,01269000
Muster konservativ cVV;30.05.2009;0,0001523227;162,10;0,0226268470;23.550,60;0;0,01269000
Muster konservativ cVV;31.05.2009;0,0000818263;87,09;0,0227105248;23.637,69;0;0,01269000
Muster konservativ cVV;01.06.2009;-0,0015500735;-1.650,00;0,0211252483;21.987,70;-0,001273542;0,01266000
Muster konservativ cVV;02.06.2009;0,0008673246;921,80;0,0220108953;22.909,50;0,001850066;0,01262000
Muster konservativ cVV;03.06.2009;0,0012324160;1.310,96;0,0232704379;24.220,46;0,003530040;0,01260000
Muster konservativ cVV;04.06.2009;-0,0015087388;-1.606,88;0,0217265900;22.613,59;-0,004204085;0,01260000
Muster konservativ cVV;05.06.2009;-0,0014125268;-1.502,14;0,0202833739;21.111,45;-0,005263663;0,01268000
Muster konservativ cVV;06.06.2009;0,0000830030;88,14;0,0203680605;21.199,60;0;0,01268000
Muster konservativ cVV;07.06.2009;0,0000829961;88,14;0,0204527470;21.287,74;0;0,01268000
Muster konservativ cVV;08.06.2009;-0,0004613596;-490,02;0,0199819514;20.797,72;0,001088006;0,01281000
Muster konservativ cVV;09.06.2009;0,0007135902;757,56;0,0207098006;21.555,29;0,001866078;0,01286000
Muster konservativ cVV;10.06.2009;0,0073213819;7.778,10;0,0281828069;29.333,38;0,000045259;0,01283000
Muster konservativ cVV;11.06.2009;-0,0005891476;-630,48;0,0275770555;28.702,90;-0,001484521;0,01277000
Muster konservativ cVV;12.06.2009;0,0016018322;1.713,20;0,0292230615;30.416,11;0,002893823;0,01268000
Muster konservativ cVV;13.06.2009;0,0000790138;84,64;0,0293043844;30.500,75;0;0,01268000
Muster konservativ cVV;14.06.2009;0,0000789983;84,63;0,0293856976;30.585,38;0;0,01268000
Muster konservativ cVV;15.06.2009;0,0017661419;1.892,26;0,0312037389;32.477,65;0,005067499;0,01260000
Muster konservativ cVV;16.06.2009;0,0006163178;661,50;0,0318392881;33.139,14;0,000232263;0,01252000
Muster konservativ cVV;17.06.2009;-0,0000951627;-102,20;0,0317410956;33.036,94;0,002361521;0,01244000
Muster konservativ cVV;18.06.2009;-0,0003600289;-386,62;0,0313696389;32.650,32;-0,002051976;0,01235000
Muster konservativ cVV;19.06.2009;0,0004164762;447,08;0,0317991799;33.097,40;0,002588054;0,01224000
Muster konservativ cVV;20.06.2009;0,0000951462;102,18;0,0318973516;33.199,57;0;0,01224000
Muster konservativ cVV;21.06.2009;0,0000951371;102,18;0,0319955233;33.301,75;0;0,01224000
Muster konservativ cVV;22.06.2009;0,0002365249;254,06;0,0322396160;33.555,81;0,001479984;0,01215000
Muster konservativ cVV;23.06.2009;0,0003232119;347,25;0,0325732481;33.903,07;-0,000262525;0,01206000
Muster konservativ cVV;24.06.2009;0,0011593513;1.245,99;0,0337703633;35.149,05;0,001844854;0,01195000
Muster konservativ cVV;25.06.2009;0,0011698651;1.258,74;0,0349797351;36.407,80;0,002591837;0,01145000
Muster konservativ cVV;26.06.2009;0,0001673294;180,25;0,0351529177;36.588,05;0,000608062;0,01120000
Muster konservativ cVV;27.06.2009;0,0000948402;102,18;0,0352510918;36.690,23;0;0,01120000
Muster konservativ cVV;28.06.2009;0,0000948312;102,18;0,0353492659;36.792,41;0;0,01120000
Muster konservativ cVV;29.06.2009;0,0010120013;1.090,55;0,0363970407;37.882,97;0,000022719;0,01108000
Muster konservativ cVV;30.06.2009;0,0001928635;208,04;0,0365969238;38.091,01;0,000357695;0,01099000
Muster konservativ cVV;01.07.2009;0,0005216367;562,80;0,0371376509;38.653,81;0,000531856;0,01085000
Muster konservativ cVV;02.07.2009;0,0020921471;2.258,43;0,0393074954;40.912,24;0,004899042;0,01072000
Muster konservativ cVV;03.07.2009;0,0012802183;1.384,86;0,0406380359;42.297,10;-0,000471556;0,01059000
Muster konservativ cVV;04.07.2009;0,0000939635;101,77;0,0407358179;42.398,88;0;0,01059000
Muster konservativ cVV;05.07.2009;0,0000939455;101,76;0,0408335903;42.500,64;0;0,01059000
Muster konservativ cVV;06.07.2009;0,0019019187;2.060,40;0,0428131712;44.561,04;0,002741003;0,01048000
Muster konservativ cVV;07.07.2009;-0,0012770412;-1.386,08;0,0414814558;43.174,95;-0,000370507;0,01044000
Muster konservativ cVV;08.07.2009;0,0008312813;901,11;0,0423472198;44.076,06;0,001575441;0,01029000
Muster konservativ cVV;09.07.2009;-0,0011405092;-1.237,34;0,0411584132;42.838,72;-0,000646930;0,01018000
Muster konservativ cVV;10.07.2009;0,0003018776;327,13;0,0414727155;43.165,86;0,002066236;0,01007000
Muster konservativ cVV;11.07.2009;0,0000933645;101,21;0,0415699521;43.267,06;0;0,01007000
Muster konservativ cVV;12.07.2009;0,0000933466;101,20;0,0416671791;43.368,26;0;0,01007000
Muster konservativ cVV;13.07.2009;0,0008071957;875,16;0,0425080084;44.243,42;0,000144599;0,00996000
Muster konservativ cVV;14.07.2009;-0,0003012743;-326,90;0,0421939276;43.916,51;-0,001320929;0,00985000
Muster konservativ cVV;15.07.2009;-0,0011071600;-1.200,98;0,0410400521;42.715,53;-0,001629878;0,00979000
Muster konservativ cVV;16.07.2009;0,0010250050;1.110,63;0,0421071233;43.826,16;0,001626174;0,00969000
Muster konservativ cVV;17.07.2009;0,0002142478;232,38;0,0423303925;44.058,55;-0,000836532;0,00954000
Muster konservativ cVV;18.07.2009;0,0000932880;101,21;0,0424276295;44.159,76;0;0,00954000
Muster konservativ cVV;19.07.2009;0,0000932793;101,21;0,0425248665;44.260,96;0;0,00954000
Muster konservativ cVV;20.07.2009;-0,0002061511;-223,69;0,0423099488;44.037,27;0,000357871;0,00944000
Muster konservativ cVV;21.07.2009;0,0015499943;1.681,53;0,0439255233;45.718,80;0,002400114;0,00937000
Muster konservativ cVV;22.07.2009;0,0011026347;1.198,06;0,0450765919;46.916,86;0,000758173;0,00933000
Muster konservativ cVV;23.07.2009;0,0009177228;998,25;0,0460356825;47.915,11;-0,001544577;0,00927000
Muster konservativ cVV;24.07.2009;-0,0007031412;-765,54;0,0453001717;47.149,57;-0,000376003;0,00921000
Muster konservativ cVV;25.07.2009;0,0000947420;103,08;0,0453992055;47.252,65;0;0,00921000
Muster konservativ cVV;26.07.2009;0,0000947330;103,08;0,0454982394;47.355,72;0;0,00921000
Muster konservativ cVV;27.07.2009;-0,0008446801;-919,17;0,0446151278;46.436,56;0,001165379;0,00914000
Muster konservativ cVV;28.07.2009;0,0004025998;437,73;0,0450356896;46.874,29;0,002806369;0,00908000
Muster konservativ cVV;29.07.2009;0,0005546274;598,97;0,0456134136;47.473,26;0,000600381;0,00903000
Muster konservativ cVV;30.07.2009;0,0007163505;774,05;0,0463593950;48.247,31;0,000393582;0,00899000
Muster konservativ cVV;31.07.2009;0,0022085615;2.388,16;0,0486564437;50.635,47;0,005451291;0,00893000
Muster konservativ cVV;01.08.2009;0,0000951155;103,08;0,0487554924;50.738,54;0;0,00893000
Muster konservativ cVV;02.08.2009;0,0000950695;103,04;0,0488545027;50.841,58;0;0,00893000
Muster konservativ cVV;03.08.2009;0,0006709797;727,28;0,0495557120;51.568,86;-0,002312852;0,00886000
Muster konservativ cVV;04.08.2009;-0,0010021178;-1.086,94;0,0485134783;50.481,93;-0,000774775;0,00884000
Muster konservativ cVV;05.08.2009;-0,0008028826;-869,97;0,0476796389;49.611,96;-0,000217156;0,00884000
Muster konservativ cVV;06.08.2009;0,0006300901;682,19;0,0483374627;50.294,15;-0,000884220;0,00883000
Muster konservativ cVV;07.08.2009;-0,0011493242;-1.245,14;0,0471428908;49.049,01;-0,005803180;0,00881000
Muster konservativ cVV;08.08.2009;0,0000952096;103,03;0,0472419152;49.152,04;0;0,00881000
Muster konservativ cVV;09.08.2009;0,0000952098;103,04;0,0473409493;49.255,08;0;0,00881000
Muster konservativ cVV;10.08.2009;-0,0009312326;-1.007,90;0,0463742837;48.247,18;0,001824772;0,00884000
Muster konservativ cVV;11.08.2009;0,0014340015;1.550,61;0,0478668068;49.797,79;0,002184668;0,00883000
Muster konservativ cVV;12.08.2009;0,0008494537;919,85;0,0487531015;50.717,64;0,000638214;0,00879000
Muster konservativ cVV;13.08.2009;-0,0001262192;-136,80;0,0486236895;50.580,84;0,002181070;0,00873000
Muster konservativ cVV;14.08.2009;0,0019744298;2.139,60;0,0506826422;52.720,44;0,004649440;0,00869000
Muster konservativ cVV;15.08.2009;0,0000948979;103,04;0,0507816988;52.823,48;0;0,00869000
Muster konservativ cVV;16.08.2009;0,0000948797;103,03;0,0508807458;52.926,51;0;0,00869000
Muster konservativ cVV;17.08.2009;0,0002458477;266,99;0,0511395550;53.193,50;0,000761320;0,00861000
Muster konservativ cVV;18.08.2009;0,0001471377;159,83;0,0512953336;53.353,33;-0,000277595;0,00859000
Muster konservativ cVV;19.08.2009;0,0004615893;501,48;0,0517795860;53.854,81;0,001879993;0,00854000
Muster konservativ cVV;20.08.2009;-0,0003735531;-406,02;0,0513912801;53.448,79;-0,000073885;0,00851000
Muster konservativ cVV;21.08.2009;-0,0002308178;-250,79;0,0511521850;53.198,00;-0,003660104;0,00849000
Muster konservativ cVV;22.08.2009;0,0000948572;103,04;0,0512512628;53.301,04;0;0,00849000
Muster konservativ cVV;23.08.2009;0,0000948482;103,04;0,0513503407;53.404,08;0;0,00849000
Muster konservativ cVV;24.08.2009;-0,0005465823;-593,85;0,0507813301;52.810,23;0,001187137;0,00843000
Muster konservativ cVV;25.08.2009;0,0008592124;933,00;0,0516805001;53.743,23;0,002239043;0,00838000
Muster konservativ cVV;26.08.2009;0,0005521865;600,12;0,0522596016;54.343,36;0,001606248;0,00834000
Muster konservativ cVV;27.08.2009;0,0009990236;1.086,35;0,0533063265;55.429,71;0,000078844;0,00829000
Muster konservativ cVV;28.08.2009;-0,0005392444;-586,97;0,0527438264;54.842,74;-0,000094441;0,00825000
Muster konservativ cVV;29.08.2009;0,0000947148;103,04;0,0528429244;54.945,78;0;0,00825000
Muster konservativ cVV;30.08.2009;0,0000947058;103,04;0,0529420223;55.048,83;0;0,00825000
Muster konservativ cVV;31.08.2009;0,0011430898;1.243,82;0,0541402504;56.292,65;0,000384563;0,00821000
Muster konservativ cVV;01.09.2009;0,0004426219;482,18;0,0546059964;56.774,82;0,000782854;0,00819000
Muster konservativ cVV;02.09.2009;0,0018828445;2.052,01;0,0565816747;58.826,83;0,001549727;0,00813000
Muster konservativ cVV;03.09.2009;0,0001267928;138,44;0,0567168725;58.965,28;0,000216682;0,00809000
Muster konservativ cVV;04.09.2009;0,0005381599;587,69;0,0572841877;59.552,97;0,000835547;0,00803000
Muster konservativ cVV;05.09.2009;0,0000937010;102,38;0,0573826674;59.655,35;0;0,00803000
Muster konservativ cVV;06.09.2009;0,0000936922;102,38;0,0574811470;59.757,73;0;0,00803000
Muster konservativ cVV;07.09.2009;0,0003730426;407,67;0,0578753200;60.165,40;0,001214250;0,00797000
Muster konservativ cVV;08.09.2009;0,0004470232;488,70;0,0583474468;60.654,10;-0,000622042;0,00788000
Muster konservativ cVV;09.09.2009;-0,0004474660;-489,40;0,0578786415;60.164,70;-0,002081882;0,00781000
Muster konservativ cVV;10.09.2009;-0,0001816729;-198,61;0,0576895361;59.966,09;0,002593932;0,00778000
Muster konservativ cVV;11.09.2009;0,0013889087;1.518,13;0,0591520185;61.484,22;0,002201907;0,00773000
Muster konservativ cVV;12.09.2009;0,0000935311;102,38;0,0592505103;61.586,59;0;0,00773000
Muster konservativ cVV;13.09.2009;0,0000935224;102,38;0,0593490021;61.688,97;0;0,00773000
Muster konservativ cVV;14.09.2009;-0,0005416509;-592,98;0,0587804701;61.095,99;-0,001359292;0,00771000
Muster konservativ cVV;15.09.2009;-0,0002154334;-235,72;0,0585556086;60.860,27;-0,000845795;0,00770000
Muster konservativ cVV;16.09.2009;0,0003560313;389,47;0,0589322504;61.249,74;-0,000649268;0,00768000
Muster konservativ cVV;17.09.2009;-0,0014026834;-1.534,99;0,0574571918;59.714,75;-0,001322943;0,00766000
Muster konservativ cVV;18.09.2009;0,0007444700;813,55;0,0582418356;60.528,30;-0,000035116;0,00762000
Muster konservativ cVV;19.09.2009;0,0000936084;102,37;0,0583403387;60.630,67;0;0,00762000
Muster konservativ cVV;20.09.2009;0,0000935996;102,37;0,0584388417;60.733,04;0;0,00762000
Muster konservativ cVV;21.09.2009;-0,0002764042;-302,33;0,0581497618;60.430,71;0,000844382;0,00758000
Muster konservativ cVV;22.09.2009;0,0003394618;371,20;0,0585087765;60.801,91;-0,000137754;0,00755000
Muster konservativ cVV;23.09.2009;0,0003189048;348,84;0,0588462764;61.150,75;0,001126893;0,00749000
Muster konservativ cVV;24.09.2009;0,0010005570;1.094,83;0,0599016773;62.245,58;0,003425027;0,00743000
Muster konservativ cVV;25.09.2009;0,0011422990;1.251,18;0,0611075885;63.496,76;0,000868024;0,00741000
Muster konservativ cVV;26.09.2009;0,0000933773;102,39;0,0612061303;63.599,16;0;0,00741000
Muster konservativ cVV;27.09.2009;0,0000933686;102,39;0,0613046721;63.701,55;0;0,00741000
Muster konservativ cVV;28.09.2009;-0,0001581074;-173,41;0,0611396168;63.528,15;0,000593221;0,00739000
Muster konservativ cVV;29.09.2009;0,0001008627;110,61;0,0612478765;63.638,75;0,000457414;0,00750000
Muster konservativ cVV;30.09.2009;0,0006273001;687,97;0,0619118096;64.326,72;0,000087247;0,00753000
Muster konservativ cVV;01.10.2009;0,0002874192;315,41;0,0622171857;64.642,13;0,002188142;0,00754000
Muster konservativ cVV;02.10.2009;0,0012803682;1.405,48;0,0635717635;66.047,61;0,000928469;0,00752000
Muster konservativ cVV;03.10.2009;0,0000937671;103,06;0,0636709613;66.150,67;0;0,00752000
Muster konservativ cVV;04.10.2009;0,0000937583;103,06;0,0637701592;66.253,73;0;0,00752000
Muster konservativ cVV;05.10.2009;0,0002593849;285,15;0,0640464383;66.538,88;0,000497337;0,00746000
Muster konservativ cVV;06.10.2009;0,0007716043;848,46;0,0648649447;67.387,34;-0,000667401;0,00744000
Muster konservativ cVV;07.10.2009;0,0002987766;328,79;0,0651832443;67.716,13;0,001165417;0,00740000
Muster konservativ cVV;08.10.2009;0,0005098771;561,27;0,0657253291;68.277,40;0,000586681;0,00741000
Muster konservativ cVV;09.10.2009;-0,0012424908;-1.368,42;0,0644098206;66.908,99;-0,004207519;0,00743000
Muster konservativ cVV;10.10.2009;0,0000933120;102,64;0,0645086281;67.011,63;0;0,00743000
Muster konservativ cVV;11.10.2009;0,0000933033;102,64;0,0646074357;67.114,27;0;0,00743000
Muster konservativ cVV;12.10.2009;-0,0009391830;-1.033,28;0,0636144745;66.080,99;0,001545005;0,00743000
Muster konservativ cVV;13.10.2009;0,0015174645;1.667,92;0,0652218892;67.748,92;0,002179213;0,00742000
Muster konservativ cVV;14.10.2009;-0,0004555681;-501,50;0,0647408130;67.247,42;-0,002093917;0,00742000
Muster konservativ cVV;15.10.2009;-0,0010474155;-1.152,49;0,0636329513;66.094,93;-0,002245176;0,00740000
Muster konservativ cVV;16.10.2009;-0,0003883022;-426,81;0,0632236850;65.668,12;-0,000077826;0,00739000
Muster konservativ cVV;17.10.2009;0,0000934271;102,65;0,0633225160;65.770,77;0;0,00739000
Muster konservativ cVV;18.10.2009;0,0000934184;102,65;0,0634213469;65.873,42;0;0,00739000
Muster konservativ cVV;19.10.2009;0,0011086656;1.218,36;0,0645960209;67.091,79;-0,000271873;0,00739000
Muster konservativ cVV;20.10.2009;0,0014324994;1.575,98;0,0661150655;68.667,77;0,002905664;0,00737000
Muster konservativ cVV;21.10.2009;-0,0003793861;-417,98;0,0657142803;68.249,78;-0,002048766;0,00735000
Muster konservativ cVV;22.10.2009;0,0008042651;885,75;0,0665687950;69.135,54;0,000592863;0,00733000
Muster konservativ cVV;23.10.2009;-0,0014925139;-1.645,06;0,0649864224;67.490,48;-0,001152480;0,00730000
Muster konservativ cVV;24.10.2009;0,0000951715;104,74;0,0650872783;67.595,22;0;0,00730000
Muster konservativ cVV;25.10.2009;0,0000951624;104,74;0,0651881342;67.699,96;0;0,00730000
Muster konservativ cVV;26.10.2009;0,0002269736;249,85;0,0654303180;67.949,81;0,000481285;0,00731000
Muster konservativ cVV;27.10.2009;0,0015243346;1.678,32;0,0670480447;69.628,13;0,003618161;0,00728000
Muster konservativ cVV;28.10.2009;0,0009907815;1.092,53;0,0681017374;70.720,67;0,000521947;0,00724000
Muster konservativ cVV;29.10.2009;-0,0006377894;-703,99;0,0674254318;70.016,68;-0,003008341;0,00722000
Muster konservativ cVV;30.10.2009;0,0006760830;745,78;0,0681452238;70.762,46;0,003451778;0,00720000
Muster konservativ cVV;31.10.2009;0,0000948915;104,74;0,0682460942;70.867,21;0;0,00720000
Muster konservativ cVV;01.11.2009;0,0000948825;104,74;0,0683469646;70.971,95;0;0,00720000
Muster konservativ cVV;02.11.2009;0,0018719134;2.066,67;0,0703388499;73.038,62;0,000173323;0,00722000
Muster konservativ cVV;03.11.2009;0,0009298147;1.028,48;0,0713309693;74.067,10;0,000056245;0,00720000
Muster konservativ cVV;04.11.2009;-0,0015669565;-1.734,84;0,0696618234;72.332,26;-0,002215543;0,00719000
Muster konservativ cVV;05.11.2009;-0,0003025751;-334,47;0,0693412872;71.997,80;-0,000923945;0,00716000
Muster konservativ cVV;06.11.2009;0,0005940949;656,52;0,0699751631;72.654,31;0,000694489;0,00716000
Muster konservativ cVV;07.11.2009;0,0000947299;104,75;0,0700760458;72.759,06;0;0,00716000
Muster konservativ cVV;08.11.2009;0,0000947209;104,75;0,0701769285;72.863,80;0;0,00716000
Muster konservativ cVV;09.11.2009;0,0013283503;1.469,07;0,0715934311;74.332,87;0,002471339;0,00715000
Muster konservativ cVV;10.11.2009;0,0007265552;804,59;0,0723699780;75.137,46;0,001424960;0,00715000
Muster konservativ cVV;11.11.2009;0,0005184330;574,53;0,0729249553;75.711,99;-0,000077927;0,00715000
Muster konservativ cVV;12.11.2009;-0,0003447305;-382,23;0,0725583786;75.329,76;0,000089469;0,00714000
Muster konservativ cVV;13.11.2009;0,0004288511;475,34;0,0730178105;75.805,10;-0,000280815;0,00714000
Muster konservativ cVV;14.11.2009;0,0000944608;104,75;0,0731187045;75.909,85;0;0,00714000
Muster konservativ cVV;15.11.2009;0,0000944519;104,75;0,0732195985;76.014,59;0;0,00714000
Muster konservativ cVV;16.11.2009;0,0012104218;1.342,46;0,0745142980;77.357,05;0,002253225;0,00714000
Muster konservativ cVV;17.11.2009;0,0007795171;865,60;0,0753496894;78.222,65;0,001399812;0,00715000
Muster konservativ cVV;18.11.2009;-0,0002627415;-291,98;0,0750700133;77.930,67;-0,000157594;0,00715000
Muster konservativ cVV;19.11.2009;-0,0000588205;-65,35;0,0750086306;77.865,32;0,001119870;0,00715000
Muster konservativ cVV;20.11.2009;0,0003885020;431,60;0,0754259608;78.296,92;-0,000804641;0,00714000
Muster konservativ cVV;21.11.2009;0,0000942491;104,75;0,0755268656;78.401,67;0;0,00714000
Muster konservativ cVV;22.11.2009;0,0000942403;104,75;0,0756277703;78.506,41;0;0,00714000
Muster konservativ cVV;23.11.2009;0,0007952851;884,02;0,0764809484;79.390,43;-0,000320102;0,00715000
Muster konservativ cVV;24.11.2009;-0,0001300768;-144,71;0,0763431016;79.245,73;0,001363510;0,00716000
Muster konservativ cVV;25.11.2009;-0,0001348431;-149,99;0,0762001467;79.095,74;-0,000784383;0,00716000
Muster konservativ cVV;26.11.2009;0,0015727551;1.749,17;0,0778868389;80.844,91;0,004153742;0,00717000
Muster konservativ cVV;27.11.2009;0,0007686274;856,19;0,0787132618;81.701,09;-0,001003355;0,00718000
Muster konservativ cVV;28.11.2009;0,0000939615;104,75;0,0788141769;81.805,84;0;0,00718000
Muster konservativ cVV;29.11.2009;0,0000939526;104,75;0,0789150920;81.910,58;0;0,00718000
Muster konservativ cVV;30.11.2009;-0,0003280184;-365,73;0,0785642800;81.544,85;0,000688036;0,00719000
Muster konservativ cVV;01.12.2009;0,0008427901;939,39;0,0794708843;82.484,24;0,000661280;0,00720000
Muster konservativ cVV;02.12.2009;0,0004838428;539,75;0,0799924692;83.023,99;-0,000139948;0,00721000
Muster konservativ cVV;03.12.2009;-0,0002573229;-287,20;0,0797172906;82.736,79;-0,001503815;0,00720000
Muster konservativ cVV;04.12.2009;-0,0009029744;-1.007,55;0,0787480157;81.729,25;-0,003225375;0,00718000
Muster konservativ cVV;05.12.2009;0,0000940674;104,87;0,0788490569;81.834,11;0;0,00718000
Muster konservativ cVV;06.12.2009;0,0000940675;104,88;0,0789501078;81.938,99;0;0,00718000
Muster konservativ cVV;07.12.2009;-0,0006970897;-777,26;0,0782026757;81.161,73;0,002350211;0,00717000
Muster konservativ cVV;08.12.2009;0,0022593606;2.517,45;0,0806298586;83.679,18;0,003446978;0,00716000
Muster konservativ cVV;09.12.2009;0,0010220422;1.141,37;0,0817311525;84.820,55;0,000705386;0,00715000
Muster konservativ cVV;10.12.2009;-0,0002765281;-309,13;0,0814347853;84.511,42;-0,001774466;0,00714000
Muster konservativ cVV;11.12.2009;-0,0012694096;-1.418,67;0,0800692264;83.092,75;-0,001419039;0,00714000
Muster konservativ cVV;12.12.2009;0,0000939540;104,87;0,0801702786;83.197,62;0;0,00714000
Muster konservativ cVV;13.12.2009;0,0000939452;104,87;0,0802713308;83.302,48;0;0,00714000
Muster konservativ cVV;14.12.2009;0,0004659060;520,13;0,0807739962;83.822,61;0,001840008;0,00715000
Muster konservativ cVV;15.12.2009;0,0002924822;326,67;0,0810902469;84.149,28;-0,001332400;0,00715000
Muster konservativ cVV;16.12.2009;0,0016260036;1.816,60;0,0828422933;85.965,89;0,001562097;0,00715000
Muster konservativ cVV;17.12.2009;0,0008525433;954,03;0,0837631405;86.919,91;0,003274606;0,00712000
Muster konservativ cVV;18.12.2009;0,0009768025;1.094,01;0,0848189095;88.013,92;0,000267372;0,00710000
Muster konservativ cVV;19.12.2009;0,0000935430;104,87;0,0849199724;88.118,79;0;0,00710000
Muster konservativ cVV;20.12.2009;0,0000935343;104,87;0,0850210352;88.223,66;0;0,00710000
Muster konservativ cVV;21.12.2009;-0,0007519473;-843,15;0,0842099568;87.380,51;-0,001085736;0,00709000
Muster konservativ cVV;22.12.2009;-0,0005343886;-598,76;0,0836343729;86.781,75;-0,002287059;0,00708000
Muster konservativ cVV;23.12.2009;0,0001182140;132,38;0,0837633923;86.914,13;-0,001324842;0,00706000
Muster konservativ cVV;24.12.2009;0,0000936890;104,93;0,0838659477;87.019,07;0;0,00707000
Muster konservativ cVV;25.12.2009;0,0000936807;104,93;0,0839684960;87.124,00;0;0,00707000
Muster konservativ cVV;26.12.2009;0,0000936188;104,87;0,0840695690;87.228,87;0;0,00707000
Muster konservativ cVV;27.12.2009;0,0000936190;104,88;0,0841706517;87.333,75;0;0,00707000
Muster konservativ cVV;28.12.2009;-0,0002878572;-322,52;0,0838612229;87.011,23;-0,001463518;0,00706000
Muster konservativ cVV;29.12.2009;-0,0004258684;-477,01;0,0834028723;86.534,22;-0,001494701;0,00707000
Muster konservativ cVV;30.12.2009;0,0008974838;1.004,83;0,0843727331;87.539,05;-0,001758348;0,00700000
Muster konservativ cVV;31.12.2009;0,0000936387;104,93;0,0844752550;87.643,98;0;0,00700000
Muster konservativ cVV;01.01.2010;0,0000951046;106,59;0,0845793627;87.750,57;0;0,00700000
Muster konservativ cVV;02.01.2010;0,0000935679;104,87;0,0846804457;87.855,44;0;0,00700000
Muster konservativ cVV;03.01.2010;0,0000935592;104,87;0,0847815288;87.960,32;0;0,00700000
Muster konservativ cVV;04.01.2010;-0,0000163311;-18,31;0,0847652513;87.942,01;0,001442314;0,00700000
Muster konservativ cVV;05.01.2010;0,0012723414;1.419,56;0,0861365746;89.361,57;0,002106254;0,00699000
Muster konservativ cVV;06.01.2010;0,0025107997;2.804,88;0,0888433434;92.166,45;0,000122048;0,00694000
Muster konservativ cVV;07.01.2010;0,0007550129;845,56;0,0896615389;93.012,01;0,001680213;0,00692000
Muster konservativ cVV;08.01.2010;0,0006603263;740,08;0,0903780800;93.752,09;0,000922780;0,00691000
Muster konservativ cVV;09.01.2010;0,0000935195;104,88;0,0904791891;93.856,97;0;0,00691000
Muster konservativ cVV;10.01.2010;0,0000935019;104,87;0,0905802885;93.961,85;0;0,00691000
Muster konservativ cVV;11.01.2010;0,0013860342;1.554,75;0,0920822435;95.516,60;0,001747145;0,00689000
Muster konservativ cVV;12.01.2010;0,0001116129;125,37;0,0922062465;95.641,97;0,001506262;0,00685000
Muster konservativ cVV;13.01.2010;-0,0010634498;-1.194,69;0,0910575530;94.447,28;0,000731004;0,00684000
Muster konservativ cVV;14.01.2010;0,0008662413;972,11;0,0919978554;95.419,39;0,000625170;0,00682000
Muster konservativ cVV;15.01.2010;0,0006337941;711,87;0,0926872825;96.131,26;0,001448498;0,00680000
Muster konservativ cVV;16.01.2010;0,0000898534;100,99;0,0927846504;96.232,24;0;0,00680000
Muster konservativ cVV;17.01.2010;0,0000898453;100,99;0,0928820183;96.333,23;0;0,00680000
Muster konservativ cVV;18.01.2010;0,0001696910;190,75;0,0930690098;96.523,98;0,000216289;0,00677000
Muster konservativ cVV;19.01.2010;-0,0004445135;-499,76;0,0925901749;96.024,22;-0,001232213;0,00675000
Muster konservativ cVV;20.01.2010;-0,0000966302;-108,59;0,0924884793;95.915,62;0,002302801;0,00674000
Muster konservativ cVV;21.01.2010;-0,0043367204;-4.873,09;0,0877923517;91.042,54;0,000579383;0,00672000
Muster konservativ cVV;22.01.2010;0,0018711363;2.093,44;0,0898139409;93.135,98;-0,000196898;0,00670000
Muster konservativ cVV;23.01.2010;0,0000944937;105,92;0,0899160809;93.241,90;0;0,00670000
Muster konservativ cVV;24.01.2010;0,0000944848;105,92;0,0900182210;93.347,81;0;0,00670000
Muster konservativ cVV;25.01.2010;-0,0005913173;-662,93;0,0893817833;92.684,88;0,000211744;0,00669000
Muster konservativ cVV;26.01.2010;-0,0009477498;-1.061,91;0,0883605187;91.622,98;0,000447643;0,00667000
Muster konservativ cVV;27.01.2010;0,0004233094;473,85;0,0888202850;92.096,82;0,000015906;0,00665000
Muster konservativ cVV;28.01.2010;-0,0008531377;-955,40;0,0879016226;91.141,43;0,000111434;0,00665000
Muster konservativ cVV;29.01.2010;0,0001170560;130,97;0,0880306693;91.272,40;0,000184839;0,00665000
Muster konservativ cVV;30.01.2010;0,0000946606;105,93;0,0881328357;91.378,33;0;0,00665000
Muster konservativ cVV;31.01.2010;0,0000946427;105,92;0,0882349925;91.484,25;0;0,00665000
Muster konservativ cVV;01.02.2010;0,0023153565;2.591,46;0,0907372031;94.075,71;0,000282439;0,00665000
Muster konservativ cVV;02.02.2010;0,0001192784;133,81;0,0908690423;94.209,52;0,000051572;0,00665000
Muster konservativ cVV;03.02.2010;0,0002995285;336,06;0,0911959565;94.545,58;-0,000806800;0,00665000
Muster konservativ cVV;04.02.2010;-0,0001601956;-179,79;0,0910252799;94.365,79;0,002221918;0,00665000
Muster konservativ cVV;05.02.2010;0,0009729157;1.091,74;0,0920811263;95.457,53;0,002434712;0,00663000
Muster konservativ cVV;06.02.2010;0,0000943004;105,92;0,0921833001;95.563,45;0;0,00663000
Muster konservativ cVV;07.02.2010;0,0000942915;105,92;0,0922854740;95.669,37;0;0,00663000
Muster konservativ cVV;08.02.2010;0,0002217671;249,14;0,0925285520;95.918,51;-0,000986713;0,00661000
Muster konservativ cVV;09.02.2010;-0,0004374388;-491,54;0,0920570986;95.426,97;-0,000267468;0,00661000
Muster konservativ cVV;10.02.2010;-0,0007938625;-891,66;0,0911996000;94.535,31;-0,001865020;0,00662000
Muster konservativ cVV;11.02.2010;0,0004344112;487,54;0,0916726053;95.022,85;-0,000904371;0,00662000
Muster konservativ cVV;12.02.2010;0,0007096408;796,78;0,0924439617;95.819,63;0,002250116;0,00663000
Muster konservativ cVV;13.02.2010;0,0000915709;102,89;0,0925432247;95.922,51;0;0,00663000
Muster konservativ cVV;14.02.2010;0,0000915626;102,89;0,0926424877;96.025,40;0;0,00663000
Muster konservativ cVV;15.02.2010;0,0005686096;639,00;0,0932616521;96.664,40;-0,000127657;0,00661000
Muster konservativ cVV;16.02.2010;0,0000887452;99,79;0,0933605901;96.764,19;-0,000155556;0,00663000
Muster konservativ cVV;17.02.2010;0,0011540726;1.297,79;0,0946154098;98.061,97;0,000509093;0,00662000
Muster konservativ cVV;18.02.2010;-0,0001675324;-188,61;0,0944360842;97.873,36;-0,001556269;0,00660000
Muster konservativ cVV;19.02.2010;-0,0007181816;-808,41;0,0936586812;97.064,95;-0,001031227;0,00661000
Muster konservativ cVV;20.02.2010;0,0000914785;102,90;0,0937579679;97.167,85;0;0,00661000
Muster konservativ cVV;21.02.2010;0,0000914612;102,89;0,0938572449;97.270,74;0;0,00661000
Muster konservativ cVV;22.02.2010;-0,0004499525;-506,21;0,0933713897;96.764,52;0,001152467;0,00661000
Muster konservativ cVV;23.02.2010;0,0021443091;2.411,34;0,0957008114;99.175,86;0,003729212;0,00661000
Muster konservativ cVV;24.02.2010;0,0000346404;39,04;0,0957411046;99.214,90;0,001113766;0,00659000
Muster konservativ cVV;25.02.2010;0,0011785747;1.328,23;0,0970254699;100.543,13;0,001778370;0,00658000
Muster konservativ cVV;26.02.2010;0,0001587711;179,14;0,0972009733;100.722,27;0,000376864;0,00656000
Muster konservativ cVV;27.02.2010;0,0000937473;105,79;0,0973030674;100.828,06;0;0,00656000
Muster konservativ cVV;28.02.2010;0,0000937385;105,79;0,0974051614;100.933,86;0;0,00656000
Muster konservativ cVV;01.03.2010;0,0009655748;1.089,84;0,0984595477;102.023,70;0,000204650;0,00655000
Muster konservativ cVV;02.03.2010;0,0004313752;487,36;0,0989325249;102.511,06;-0,000129533;0,00655000
Muster konservativ cVV;03.03.2010;-0,0007122134;-805,00;0,0981582316;101.706,06;-0,000508237;0,00655000
Muster konservativ cVV;04.03.2010;0,0001365353;154,21;0,0983096545;101.860,28;0,000834993;0,00654000
Muster konservativ cVV;05.03.2010;0,0002346023;265,01;0,0985680092;102.125,29;-0,000798035;0,00653000
Muster konservativ cVV;06.03.2010;0,0000947903;107,10;0,0986713811;102.232,39;0;0,00653000
Muster konservativ cVV;07.03.2010;0,0000947902;107,11;0,0987747627;102.339,50;0;0,00653000
Muster konservativ cVV;08.03.2010;-0,0003088542;-349,04;0,0984404430;101.990,47;0,000817668;0,00652000
Muster konservativ cVV;09.03.2010;0,0012586912;1.422,01;0,0998155379;103.412,48;0,001439584;0,00652000
Muster konservativ cVV;10.03.2010;-0,0007526651;-851,40;0,0989962956;102.561,08;-0,000873189;0,00651000
Muster konservativ cVV;11.03.2010;-0,0008081189;-913,44;0,0981171099;101.647,64;-0,001106505;0,00650000
Muster konservativ cVV;12.03.2010;-0,0002056711;-232,29;0,0978953717;101.415,36;-0,000064962;0,00649000
Muster konservativ cVV;13.03.2010;0,0000948499;107,10;0,0979987569;101.522,46;0;0,00649000
Muster konservativ cVV;14.03.2010;0,0000948498;107,11;0,0981021518;101.629,57;0;0,00649000
Muster konservativ cVV;15.03.2010;0,0008801292;994,01;0,0990641584;102.623,58;0,001178024;0,00646000
Muster konservativ cVV;16.03.2010;0,0002858776;323,15;0,0993785897;102.946,74;0,000745849;0,00646000
Muster konservativ cVV;17.03.2010;0,0011243478;1.271,31;0,1006083402;104.218,05;0,001775509;0,00644000
Muster konservativ cVV;18.03.2010;0,0002629569;297,66;0,1008981862;104.515,71;-0,000367151;0,00643000
Muster konservativ cVV;19.03.2010;-0,0004598574;-520,69;0,1003979864;103.995,02;-0,000072188;0,00642000
Muster konservativ cVV;20.03.2010;0,0000946337;107,10;0,1005013845;104.102,13;0;0,00642000
Muster konservativ cVV;21.03.2010;0,0000946336;107,11;0,1006047922;104.209,24;0;0,00642000
Muster konservativ cVV;22.03.2010;0,0005258184;595,21;0,1011818864;104.804,45;0,001799343;0,00639000
Muster konservativ cVV;23.03.2010;0,0005557742;629,45;0,1017920505;105.433,90;0,000407551;0,00637000
Muster konservativ cVV;24.03.2010;-0,0000147701;-16,74;0,1017783441;105.417,17;-0,000812787;0,00636000
Muster konservativ cVV;25.03.2010;-0,0007190704;-814,84;0,1009940524;104.602,33;-0,002162777;0,00635000
Muster konservativ cVV;26.03.2010;-0,0001089730;-123,40;0,1008773129;104.478,93;-0,000501272;0,00636000
Muster konservativ cVV;27.03.2010;0,0000946021;107,11;0,1009807331;104.586,05;0;0,00636000
Muster konservativ cVV;28.03.2010;0,0000945932;107,11;0,1010841533;104.693,16;0;0,00636000
Muster konservativ cVV;29.03.2010;0,0010238464;1.159,46;0,1022060645;105.852,62;0,001777244;0,00635000
Muster konservativ cVV;30.03.2010;0,0001964972;222,75;0,1024235516;106.075,37;0,000723350;0,00635000
Muster konservativ cVV;31.03.2010;0,0005960830;675,86;0,1030785553;106.751,24;0,001108406;0,00634000
Muster konservativ cVV;01.04.2010;0,0003063092;347,51;0,1034165140;107.098,75;0,000696600;0,00635000
Muster konservativ cVV;02.04.2010;0,0000943749;107,10;0,1035223240;107.205,85;0;0,00635000
Muster konservativ cVV;03.04.2010;0,0000943748;107,11;0,1036257563;107.312,96;0;0,00635000
Muster konservativ cVV;04.04.2010;0,0000943659;107,11;0,1037291886;107.420,08;0;0,00635000
Muster konservativ cVV;05.04.2010;0,0000943482;107,10;0,1038349937;107.527,18;0;0,00635000
Muster konservativ cVV;06.04.2010;0,0001609830;182,76;0,1040138530;107.709,94;-0,001905502;0,00638000
Muster konservativ cVV;07.04.2010;0,0005808256;659,51;0,1046531067;108.369,45;0,001537105;0,00639000
Muster konservativ cVV;08.04.2010;0,0010370368;1.178,21;0,1057932983;109.547,67;0,001671306;0,00640000
Muster konservativ cVV;09.04.2010;-0,0004622719;-525,75;0,1052879274;109.021,92;-0,002672025;0,00641000
Muster konservativ cVV;10.04.2010;0,0000942240;107,11;0,1053913714;109.129,03;0;0,00641000
Muster konservativ cVV;11.04.2010;0,0000942152;107,11;0,1054948154;109.236,14;0;0,00641000
Muster konservativ cVV;12.04.2010;-0,0007359252;-836,75;0,1046890574;108.399,40;-0,000477058;0,00642000
Muster konservativ cVV;13.04.2010;0,0001429482;162,41;0,1048482314;108.561,81;0,001567453;0,00644000
Muster konservativ cVV;14.04.2010;0,0008661796;984,26;0,1058011530;109.546,07;0,001045463;0,00644000
Muster konservativ cVV;15.04.2010;0,0005292773;601,95;0,1063848541;110.148,02;0,000580230;0,00644000
Muster konservativ cVV;16.04.2010;0,0002805687;319,26;0,1066955290;110.467,29;0,002747525;0,00644000
Muster konservativ cVV;17.04.2010;0,0000941044;107,11;0,1067989844;110.574,40;0;0,00644000
Muster konservativ cVV;18.04.2010;0,0000940955;107,11;0,1069024398;110.681,51;0;0,00644000
Muster konservativ cVV;19.04.2010;0,0011069938;1.260,25;0,1081219997;111.941,77;0,000356792;0,00643000
Muster konservativ cVV;20.04.2010;-0,0004104017;-467,74;0,1076725364;111.474,03;-0,000885966;0,00642000
Muster konservativ cVV;21.04.2010;0,0006922279;788,61;0,1084365721;112.262,64;0,001035041;0,00642000
Muster konservativ cVV;22.04.2010;0,0001283764;146,35;0,1085802428;112.408,99;0,000136501;0,00644000
Muster konservativ cVV;23.04.2010;0,0000211482;24,11;0,1086058272;112.433,11;-0,000959762;0,00645000
Muster konservativ cVV;24.04.2010;0,0000939421;107,11;0,1087092937;112.540,22;0;0,00645000
Muster konservativ cVV;25.04.2010;0,0000939246;107,10;0,1088127504;112.647,32;0;0,00645000
Muster konservativ cVV;26.04.2010;0,0001628031;185,66;0,1089943810;112.832,98;0,000761906;0,00645000
Muster konservativ cVV;27.04.2010;0,0008324695;949,51;0,1099138849;113.782,50;0,001999832;0,00646000
Muster konservativ cVV;28.04.2010;0,0009494245;1.083,81;0,1109631504;114.866,31;-0,001126786;0,00654000
Muster konservativ cVV;29.04.2010;-0,0008459841;-966,65;0,1100316197;113.899,66;-0,000048851;0,00659000
Muster konservativ cVV;30.04.2010;0,0009057503;1.034,06;0,1110328431;114.933,72;0,002145279;0,00663000
Muster konservativ cVV;01.05.2010;0,0000937366;107,11;0,1111363203;115.040,84;0;0,00663000
Muster konservativ cVV;02.05.2010;0,0000937803;107,17;0,1112398554;115.148,01;0;0,00663000
Muster konservativ cVV;03.05.2010;-0,0000749203;-85,63;0,1111594014;115.062,38;-0,001306555;0,00665000
Muster konservativ cVV;04.05.2010;0,0014414018;1.647,27;0,1127530842;116.709,65;0,004155852;0,00668000
Muster konservativ cVV;05.05.2010;0,0018415992;2.107,66;0,1147916098;118.817,32;0,002853452;0,00672000
Muster konservativ cVV;06.05.2010;0,0010647061;1.220,77;0,1159733461;120.038,09;0,002983080;0,00677000
Muster konservativ cVV;07.05.2010;-0,0054241276;-6.225,83;0,1099605307;113.812,26;-0,003321268;0,00682000
Muster konservativ cVV;08.05.2010;0,0000938812;107,17;0,1100640763;113.919,43;0;0,00682000
Muster konservativ cVV;09.05.2010;0,0000938724;107,17;0,1101676218;114.026,61;0;0,00682000
Muster konservativ cVV;10.05.2010;0,0011372244;1.298,47;0,1114243594;115.325,08;-0,002354923;0,00682000
Muster konservativ cVV;11.05.2010;0,0012677245;1.449,12;0,1128266916;116.774,20;0,000032649;0,00682000
Muster konservativ cVV;12.05.2010;0,0018173372;2.080,01;0,1148386413;118.854,22;0,001258382;0,00682000
Muster konservativ cVV;13.05.2010;0,0013359041;1.531,77;0,1163209294;120.385,99;0,001728071;0,00683000
Muster konservativ cVV;14.05.2010;0,0011289658;1.296,22;0,1175756619;121.682,21;0,002204874;0,00684000
Muster konservativ cVV;15.05.2010;0,0000932384;107,17;0,1176792176;121.789,38;0;0,00684000
Muster konservativ cVV;16.05.2010;0,0000932297;107,17;0,1177827733;121.896,56;0;0,00684000
Muster konservativ cVV;17.05.2010;-0,0015844474;-1.821,58;0,1160249075;120.074,98;-0,001106932;0,00685000
Muster konservativ cVV;18.05.2010;-0,0000823525;-94,53;0,1159357911;119.980,45;0,001128731;0,00688000
Muster konservativ cVV;19.05.2010;-0,0009450945;-1.084,73;0,1148898213;118.895,72;0,001206093;0,00690000
Muster konservativ cVV;20.05.2010;-0,0012405048;-1.422,44;0,1135174618;117.473,29;0,002164816;0,00692000
Muster konservativ cVV;21.05.2010;-0,0023824987;-2.728,53;0,1108829063;114.744,76;-0,001453651;0,00695000
Muster konservativ cVV;22.05.2010;0,0000938046;107,17;0,1109864719;114.851,93;0;0,00695000
Muster konservativ cVV;23.05.2010;0,0000937958;107,17;0,1110900375;114.959,10;0;0,00695000
Muster konservativ cVV;24.05.2010;-0,0001320332;-150,88;0,1109463186;114.808,23;0,000007998;0,00697000
Muster konservativ cVV;25.05.2010;-0,0019205583;-2.194,38;0,1088277851;112.613,85;0,001384065;0,00697000
Muster konservativ cVV;26.05.2010;0,0019584489;2.233,37;0,1109881307;114.847,22;-0,002493943;0,00697000
Muster konservativ cVV;27.05.2010;-0,0004478664;-511,74;0,1104956271;114.335,48;-0,001878069;0,00699000
Muster konservativ cVV;28.05.2010;-0,0000931419;-106,38;0,1103948479;114.229,11;0,001096124;0,00699000
Muster konservativ cVV;29.05.2010;0,0000939345;107,27;0,1104985197;114.336,38;0;0,00699000
Muster konservativ cVV;30.05.2010;0,0000939257;107,27;0,1106021916;114.443,65;0;0,00699000
Muster konservativ cVV;31.05.2010;0,0023530586;2.687,68;0,1132017242;117.131,33;0,001008823;0,00701000
Muster konservativ cVV;01.06.2010;-0,0001402987;-160,63;0,1130485375;116.970,71;0,000034896;0,00702000
Muster konservativ cVV;02.06.2010;-0,0000556920;-63,75;0,1129889625;116.906,95;0,000054372;0,00704000
Muster konservativ cVV;03.06.2010;0,0011358509;1.300,18;0,1142476162;118.207,13;-0,000061348;0,00706000
Muster konservativ cVV;04.06.2010;0,0006241656;715,28;0,1149409859;118.922,41;0,003986599;0,00707000
Muster konservativ cVV;05.06.2010;0,0001051081;120,53;0,1150574769;119.042,93;0;0,00707000
Muster konservativ cVV;06.06.2010;0,0001117265;128,13;0,1151813160;119.171,06;0;0,00707000
Muster konservativ cVV;07.06.2010;0,0014822397;1.700,03;0,1168265091;120.871,09;0,000153506;0,00711000
Muster konservativ cVV;08.06.2010;0,0009506700;1.091,97;0,1178840259;121.963,07;0,001229665;0,00713000
Muster konservativ cVV;09.06.2010;-0,0017069494;-1.962,53;0,1159891745;120.000,54;-0,002470189;0,00715000
Muster konservativ cVV;10.06.2010;0,0003064419;351,72;0,1163311743;120.352,26;-0,002141258;0,00718000
Muster konservativ cVV;11.06.2010;0,0005113795;587,12;0,1169007144;120.939,39;0,002687449;0,00719000
Muster konservativ cVV;12.06.2010;0,0000983050;112,92;0,1170098667;121.052,31;0;0,00719000
Muster konservativ cVV;13.06.2010;0,0000982953;112,92;0,1171190190;121.165,23;0;0,00719000
Muster konservativ cVV;14.06.2010;-0,0008290992;-952,58;0,1162002632;120.212,66;-0,001395442;0,00720000
Muster konservativ cVV;15.06.2010;0,0004703345;539,93;0,1167241836;120.752,59;-0,000540448;0,00723000
Muster konservativ cVV;16.06.2010;-0,0000621468;-71,38;0,1166571853;120.681,21;0,000650427;0,00727000
Muster konservativ cVV;17.06.2010;0,0005633904;647,02;0,1172846314;121.328,24;-0,000246458;0,00729000
Muster konservativ cVV;18.06.2010;0,0005485835;630,37;0,1178959931;121.958,61;-0,003046525;0,00732000
Muster konservativ cVV;19.06.2010;0,0000982178;112,92;0,1180051548;122.071,53;0;0,00732000
Muster konservativ cVV;20.06.2010;0,0000982082;112,92;0,1181143164;122.184,46;0;0,00732000
Muster konservativ cVV;21.06.2010;-0,0007478826;-860,03;0,1172849152;121.324,43;-0,000756464;0,00733000
Muster konservativ cVV;22.06.2010;0,0012703517;1.459,75;0,1186980498;122.784,18;0,002477368;0,00737000
Muster konservativ cVV;23.06.2010;0,0006829672;785,79;0,1194596792;123.569,96;0,001346563;0,00739000
Muster konservativ cVV;24.06.2010;0,0007255815;835,39;0,1202692746;124.405,35;0,002343823;0,00742000
Muster konservativ cVV;25.06.2010;0,0010586000;1.219,69;0,1214504160;125.625,04;-0,000900729;0,00748000
Muster konservativ cVV;26.06.2010;0,0000935824;107,94;0,1215547661;125.732,98;0;0,00748000
Muster konservativ cVV;27.06.2010;0,0000935737;107,94;0,1216591163;125.840,91;0;0,00748000
Muster konservativ cVV;28.06.2010;-0,0006140861;-708,41;0,1209762313;125.132,50;0,001160482;0,00754000
Muster konservativ cVV;29.06.2010;0,0007519727;866,95;0,1218163732;125.999,45;0,000941810;0,00761000
Muster konservativ cVV;30.06.2010;-0,0003513830;-405,41;0,1214263936;125.594,03;-0,000792667;0,00767000
Muster konservativ cVV;01.07.2010;-0,0021020738;-2.424,44;0,1190843264;123.169,59;-0,000842538;0,00782000
Muster konservativ cVV;02.07.2010;-0,0006027077;-693,68;0,1184155629;122.475,91;-0,000630184;0,00790000
Muster konservativ cVV;03.07.2010;0,0001029204;118,38;0,1185300214;122.594,30;0;0,00790000
Muster konservativ cVV;04.07.2010;0,0001029011;118,37;0,1186444702;122.712,67;0;0,00790000
Muster konservativ cVV;05.07.2010;0,0010976952;1.262,87;0,1198673954;123.975,54;0,001793471;0,00793000
Muster konservativ cVV;06.07.2010;-0,0003493122;-402,32;0,1194803134;123.573,22;-0,001583706;0,00797000
Muster konservativ cVV;07.07.2010;-0,0003599959;-414,48;0,1190814520;123.158,75;-0,000329435;0,00802000
Muster konservativ cVV;08.07.2010;-0,0002968720;-341,68;0,1187529594;122.817,07;-0,001145647;0,00810000
Muster konservativ cVV;09.07.2010;0,0008282622;952,98;0,1196762855;123.770,05;-0,000432709;0,00822000
Muster konservativ cVV;10.07.2010;0,0001027960;118,37;0,1197907434;123.888,43;0;0,00822000
Muster konservativ cVV;11.07.2010;0,0001027941;118,38;0,1199052109;124.006,81;0;0,00822000
Muster konservativ cVV;12.07.2010;0,0011140434;1.283,12;0,1211477855;125.289,93;0,002764091;0,00827000
Muster konservativ cVV;13.07.2010;-0,0002907728;-335,28;0,1208254701;124.954,66;-0,001150919;0,00835000
Muster konservativ cVV;14.07.2010;-0,0001479258;-170,52;0,1206624532;124.784,14;-0,001259592;0,00840000
Muster konservativ cVV;15.07.2010;-0,0009829320;-1.132,88;0,1195688350;123.651,26;0,000092521;0,00846000
Muster konservativ cVV;16.07.2010;-0,0002352555;-270,88;0,1193087273;123.380,39;0,000755285;0,00861000
Muster konservativ cVV;17.07.2010;0,0001028395;118,38;0,1194232037;123.498,77;0;0,00861000
Muster konservativ cVV;18.07.2010;0,0001028202;118,37;0,1195376704;123.617,14;0;0,00861000
Muster konservativ cVV;19.07.2010;0,0001289498;148,47;0,1196830639;123.765,61;-0,001763815;0,00870000
Muster konservativ cVV;20.07.2010;0,0009459876;1.089,33;0,1207382939;124.854,95;0,001435213;0,00876000
Muster konservativ cVV;21.07.2010;0,0004901645;564,97;0,1212864680;125.419,92;0,001377749;0,00881000
Muster konservativ cVV;22.07.2010;0,0006527778;752,77;0,1220162631;126.172,69;0,000584432;0,00884000
Muster konservativ cVV;23.07.2010;0,0001426275;164,58;0,1221772490;126.337,28;-0,001407310;0,00885000
Muster konservativ cVV;24.07.2010;0,0001025673;118,37;0,1222917243;126.455,65;0;0,00885000
Muster konservativ cVV;25.07.2010;0,0001025655;118,38;0,1224062094;126.574,03;0;0,00885000
Muster konservativ cVV;26.07.2010;-0,0015110619;-1.744,28;0,1207211619;124.829,75;-0,002244580;0,00889000
Muster konservativ cVV;27.07.2010;-0,0005923393;-682,73;0,1200626815;124.147,03;0,000530183;0,00893000
Muster konservativ cVV;28.07.2010;0,0001607616;185,18;0,1202435417;124.332,21;0,001199133;0,00896000
Muster konservativ cVV;29.07.2010;0,0005968461;687,62;0,1209103242;125.019,84;0,001278841;0,00899000
Muster konservativ cVV;30.07.2010;0,0012790045;1.474,42;0,1223380582;126.494,25;0,002493098;0,00896000
Muster konservativ cVV;31.07.2010;0,0001003902;115,88;0,1224501271;126.610,13;0;0,00896000
Muster konservativ cVV;01.08.2010;0,0001003715;115,87;0,1225621864;126.725,99;0;0,00896000
Muster konservativ cVV;02.08.2010;-0,0000409217;-47,24;0,1225182720;126.678,75;-0,000045729;0,00898000
Muster konservativ cVV;03.08.2010;0,0013841706;1.597,95;0,1240655281;128.276,70;0,003720748;0,00899000
Muster konservativ cVV;04.08.2010;0,0016090312;1.860,11;0,1258663775;130.136,80;0,000639765;0,00900000
Muster konservativ cVV;05.08.2010;-0,0002571063;-297,70;0,1255802382;129.839,10;0,001073590;0,00904000
Muster konservativ cVV;06.08.2010;0,0003642061;421,61;0,1259898080;130.260,71;0,001418226;0,00905000
Muster konservativ cVV;07.08.2010;0,0001001242;115,95;0,1261019527;130.376,65;0;0,00905000
Muster konservativ cVV;08.08.2010;0,0001001228;115,96;0,1262141071;130.492,61;0;0,00905000
Muster konservativ cVV;09.08.2010;0,0005672370;657,01;0,1268513682;131.149,61;0,000579653;0,00904000
Muster konservativ cVV;10.08.2010;0,0008946274;1.036,80;0,1278559868;132.186,41;0,000443407;0,00904000
Muster konservativ cVV;11.08.2010;0,0014267900;1.655,01;0,1294585910;133.841,42;0,004769012;0,00903000
Muster konservativ cVV;12.08.2010;0,0014453666;1.678,95;0,1310843878;135.520,36;-0,000095409;0,00899000
Muster konservativ cVV;13.08.2010;0,0004461558;519,01;0,1315882338;136.039,37;0,000519148;0,00898000
Muster konservativ cVV;14.08.2010;0,0000996270;115,95;0,1317003864;136.155,32;0;0,00898000
Muster konservativ cVV;15.08.2010;0,0000996257;115,96;0,1318125487;136.271,27;0;0,00898000
Muster konservativ cVV;16.08.2010;0,0007885981;917,96;0,1327023051;137.189,23;0,001355486;0,00896000
Muster konservativ cVV;17.08.2010;-0,0004046545;-471,40;0,1322481394;136.717,83;-0,001130044;0,00895000
Muster konservativ cVV;18.08.2010;0,0003402854;396,26;0,1326332580;137.114,08;0,002138773;0,00894000
Muster konservativ cVV;19.08.2010;0,0003955746;460,80;0,1330808104;137.574,88;0,000698512;0,00891000
Muster konservativ cVV;20.08.2010;0,0006326967;737,31;0,1337958475;138.312,18;0,001592439;0,00890000
Muster konservativ cVV;21.08.2010;0,0000994414;115,96;0,1339080174;138.428,14;0;0,00890000
Muster konservativ cVV;22.08.2010;0,0000994229;115,95;0,1340201777;138.544,09;0;0,00890000
Muster konservativ cVV;23.08.2010;0,0003076856;358,86;0,1343691314;138.902,94;-0,000007212;0,00891000
Muster konservativ cVV;24.08.2010;0,0007385535;861,65;0,1352044715;139.764,59;0,003068591;0,00889000
Muster konservativ cVV;25.08.2010;0,0000519099;60,61;0,1352649108;139.825,20;-0,000198248;0,00890000
Muster konservativ cVV;26.08.2010;-0,0004065196;-472,40;0,1348113768;139.352,79;-0,000810108;0,00889000
Muster konservativ cVV;27.08.2010;-0,0003397426;-394,64;0,1344330315;138.958,15;-0,001651218;0,00888000
Muster konservativ cVV;28.08.2010;0,0000998589;115,96;0,1345452117;139.074,10;0;0,00888000
Muster konservativ cVV;29.08.2010;0,0000998403;115,95;0,1346573822;139.190,05;0;0,00888000
Muster konservativ cVV;30.08.2010;0,0003695488;429,21;0,1350760494;139.619,26;0,002206326;0,00888000
Muster konservativ cVV;31.08.2010;0,0008459229;982,85;0,1360303601;140.602,10;0,000988113;0,00886000
Muster konservativ cVV;01.09.2010;-0,0011326472;-1.317,09;0,1347594907;139.285,01;-0,003466973;0,00886000
Muster konservativ cVV;02.09.2010;-0,0003376187;-392,15;0,1343834521;138.892,86;-0,001035104;0,00884000
Muster konservativ cVV;03.09.2010;-0,0007479257;-868,44;0,1335465412;138.024,41;-0,001556244;0,00883000
Muster konservativ cVV;04.09.2010;0,0000999393;115,96;0,1336587356;138.140,37;0;0,00883000
Muster konservativ cVV;05.09.2010;0,0000999206;115,95;0,1337709203;138.256,32;0;0,00883000
Muster konservativ cVV;06.09.2010;0,0001678211;194,76;0,1339626908;138.451,07;0,001566076;0,00882000
Muster konservativ cVV;07.09.2010;0,0019684734;2.284,80;0,1361767896;140.735,87;0,003886461;0,00881000
Muster konservativ cVV;08.09.2010;-0,0002311681;-268,84;0,1359200057;140.467,02;-0,002636383;0,00880000
Muster konservativ cVV;09.09.2010;-0,0014422367;-1.676,90;0,1343006805;138.790,12;-0,002452332;0,00879000
Muster konservativ cVV;10.09.2010;-0,0008800725;-1.021,79;0,1333151958;137.768,33;-0,002406141;0,00878000
Muster konservativ cVV;11.09.2010;0,0000999613;115,96;0,1334274040;137.884,28;0;0,00878000
Muster konservativ cVV;12.09.2010;0,0000999427;115,95;0,1335396026;138.000,23;0;0,00878000
Muster konservativ cVV;13.09.2010;-0,0004355496;-505,34;0,1330538294;137.494,89;0,000305739;0,00879000
Muster konservativ cVV;14.09.2010;0,0013124049;1.522,05;0,1345299713;139.016,93;0,002036221;0,00877000
Muster konservativ cVV;15.09.2010;-0,0009513316;-1.104,74;0,1334641018;137.912,19;-0,001632801;0,00876000
Muster konservativ cVV;16.09.2010;-0,0008436400;-978,75;0,1325200961;136.933,43;-0,002983020;0,00879000
Muster konservativ cVV;17.09.2010;0,0004900946;568,11;0,1330730717;137.501,54;0,001489945;0,00879000
Muster konservativ cVV;18.09.2010;0,0000999843;115,96;0,1331852935;137.617,50;0;0,00879000
Muster konservativ cVV;19.09.2010;0,0000999657;115,95;0,1332975055;137.733,44;0;0,00879000
Muster konservativ cVV;20.09.2010;-0,0001606443;-186,34;0,1331203297;137.547,10;-0,001321850;0,00876000
Muster konservativ cVV;21.09.2010;-0,0005932569;-688,05;0,1324575567;136.859,05;0,000906812;0,00879000
Muster konservativ cVV;22.09.2010;0,0009365059;1.085,51;0,1335112999;137.944,55;0,003745922;0,00879000
Muster konservativ cVV;23.09.2010;0,0013330135;1.546,55;0,1350113124;139.491,10;0,002344826;0,00878000
Muster konservativ cVV;24.09.2010;-0,0006237354;-724,61;0,1343131074;138.766,48;-0,002167533;0,00879000
Muster konservativ cVV;25.09.2010;0,0000958520;111,29;0,1344208210;138.877,77;0;0,00879000
Muster konservativ cVV;26.09.2010;0,0000958342;111,28;0,1345285250;138.989,04;0;0,00879000
Muster konservativ cVV;27.09.2010;0,0004444718;516,14;0,1350312377;139.505,18;0,002221304;0,00879000
Muster konservativ cVV;28.09.2010;-0,0002773620;-322,22;0,1347224673;139.182,95;0,000170023;0,00880000
Muster konservativ cVV;29.09.2010;-0,0006477509;-752,31;0,1339973528;138.430,64;-0,001177335;0,00886000
Muster konservativ cVV;30.09.2010;-0,0005963043;-692,11;0,1333304648;137.738,52;-0,001552026;0,00892000
Muster konservativ cVV;01.10.2010;-0,0002626276;-304,64;0,1330386128;137.433,88;-0,000499394;0,00942000
Muster konservativ cVV;02.10.2010;0,0001022617;118,59;0,1331534107;137.552,47;0;0,00942000
Muster konservativ cVV;03.10.2010;0,0001022512;118,59;0,1332682086;137.671,06;0;0,00942000
Muster konservativ cVV;04.10.2010;0,0009385179;1.088,60;0,1343250525;138.759,66;0,002023811;0,00953000
Muster konservativ cVV;05.10.2010;0,0009794035;1.137,09;0,1354288725;139.896,75;-0,000012449;0,00956000
Muster konservativ cVV;06.10.2010;0,0012152497;1.412,29;0,1367991460;141.309,04;0,002822736;0,00959000
Muster konservativ cVV;07.10.2010;-0,0008010034;-932,01;0,1358999356;140.377,03;-0,000924605;0,00965000
Muster konservativ cVV;08.10.2010;0,0007107569;826,34;0,1367029800;141.203,37;0,001281579;0,00972000
Muster konservativ cVV;09.10.2010;0,0001019390;118,60;0,1368178005;141.321,98;0;0,00972000
Muster konservativ cVV;10.10.2010;0,0001019200;118,59;0,1369326114;141.440,57;0;0,00972000
Muster konservativ cVV;11.10.2010;0,0007331376;853,14;0,1377616300;142.293,71;0,000028279;0,00977000
Muster konservativ cVV;12.10.2010;0,0011515653;1.341,04;0,1390630431;143.634,75;0,001738314;0,00982000
Muster konservativ cVV;13.10.2010;-0,0001365147;-159,16;0,1389120178;143.475,59;-0,000893748;0,00985000
Muster konservativ cVV;14.10.2010;-0,0002121090;-247,26;0,1386756731;143.228,33;-0,000576768;0,00987000
Muster konservativ cVV;15.10.2010;0,0000039474;4,60;0,1386831647;143.232,93;-0,001784907;0,00993000
Muster konservativ cVV;16.10.2010;0,0001017529;118,59;0,1387979882;143.351,52;0;0,00993000
Muster konservativ cVV;17.10.2010;0,0001017425;118,59;0,1389128118;143.470,11;0;0,00993000
Muster konservativ cVV;18.10.2010;-0,0012869881;-1.500,26;0,1374632055;141.969,85;-0,001876524;0,01000000
Muster konservativ cVV;19.10.2010;-0,0009106231;-1.060,16;0,1364396623;140.909,69;-0,001169503;0,01008000
Muster konservativ cVV;20.10.2010;-0,0012236561;-1.423,30;0,1350644343;139.486,39;-0,002415541;0,01016000
Muster konservativ cVV;21.10.2010;-0,0002738670;-318,16;0,1347592628;139.168,23;-0,001483656;0,01025000
Muster konservativ cVV;22.10.2010;-0,0002066963;-240,06;0,1345296932;138.928,17;-0,000287170;0,01029000
Muster konservativ cVV;23.10.2010;0,0001021301;118,59;0,1346445292;139.046,76;0;0,01029000
Muster konservativ cVV;24.10.2010;0,0001021196;118,59;0,1347593651;139.165,35;0;0,01029000
Muster konservativ cVV;25.10.2010;0,0006624718;769,40;0,1355072997;139.934,75;0,001652453;0,01032000
Muster konservativ cVV;26.10.2010;-0,0001329482;-154,51;0,1353605570;139.780,24;-0,002065941;0,01037000
Muster konservativ cVV;27.10.2010;-0,0012137097;-1.410,36;0,1339976287;138.369,88;-0,001437149;0,01043000
Muster konservativ cVV;28.10.2010;0,0004538467;526,74;0,1345105613;138.896,63;-0,000127041;0,01045000
Muster konservativ cVV;29.10.2010;0,0007784509;903,89;0,1353887518;139.800,52;0,001800790;0,01045000
Muster konservativ cVV;30.10.2010;-0,0002335535;-271,40;0,1351259170;139.529,12;0;0,01045000
Muster konservativ cVV;31.10.2010;0,0001020773;118,59;0,1352407651;139.647,71;0;0,01045000
Muster konservativ cVV;01.11.2010;0,0006494073;754,54;0,1359743375;140.402,25;0,002088721;0,01046000
Muster konservativ cVV;02.11.2010;-0,0002146565;-249,57;0,1357354653;140.152,68;-0,000762606;0,01047000
Muster konservativ cVV;03.11.2010;0,0006153501;715,28;0,1364310315;140.867,96;0,002139484;0,01049000
Muster konservativ cVV;04.11.2010;0,0010273999;1.194,98;0,1375912152;142.062,94;0,002123434;0,01050000
Muster konservativ cVV;05.11.2010;0,0016325862;1.900,83;0,1394350809;143.963,77;-0,000072297;0,01050000
Muster konservativ cVV;06.11.2010;0,0001019378;118,88;0,1395502218;144.082,65;0;0,01050000
Muster konservativ cVV;07.11.2010;0,0001019274;118,88;0,1396653627;144.201,53;0;0,01050000
Muster konservativ cVV;08.11.2010;0,0006129570;714,98;0,1403607269;144.916,51;0,000309419;0,01050000
Muster konservativ cVV;09.11.2010;0,0006247906;729,23;0,1410699100;145.645,74;-0,000388171;0,01049000
Muster konservativ cVV;10.11.2010;-0,0008201715;-957,87;0,1401449815;144.687,87;-0,000510746;0,01048000
Muster konservativ cVV;11.11.2010;0,0004219876;492,43;0,1406247958;145.180,30;0,000019975;0,01050000
Muster konservativ cVV;12.11.2010;-0,0018799253;-2.194,67;0,1385017820;142.985,63;-0,003819373;0,01049000
Muster konservativ cVV;13.11.2010;0,0001020233;118,88;0,1386169346;143.104,51;0;0,01049000
Muster konservativ cVV;14.11.2010;0,0001020043;118,87;0,1387320775;143.223,38;0;0,01049000
Muster konservativ cVV;15.11.2010;-0,0008596722;-1.001,92;0,1377643416;142.221,47;-0,001609952;0,01048000
Muster konservativ cVV;16.11.2010;-0,0008957930;-1.043,12;0,1367566460;141.178,35;-0,002249696;0,01046000
Muster konservativ cVV;17.11.2010;0,0001406889;163,68;0,1369179253;141.342,03;0,000758019;0,01044000
Muster konservativ cVV;18.11.2010;-0,0006988481;-813,17;0,1361329074;140.528,86;-0,003546539;0,01041000
Muster konservativ cVV;19.11.2010;-0,0002943564;-342,27;0,1358040259;140.186,59;-0,000652666;0,01040000
Muster konservativ cVV;20.11.2010;0,0001022690;118,88;0,1359191900;140.305,47;0;0,01040000
Muster konservativ cVV;21.11.2010;0,0001022585;118,88;0,1360343541;140.424,35;0;0,01040000
Muster konservativ cVV;22.11.2010;0,0015208088;1.768,20;0,1377499803;142.192,54;0,002649593;0,01039000
Muster konservativ cVV;23.11.2010;0,0024650788;2.870,43;0,1405334775;145.062,97;0,003368761;0,01035000
Muster konservativ cVV;24.11.2010;-0,0005329565;-622,12;0,1399335090;144.440,85;-0,004409330;0,01030000
Muster konservativ cVV;25.11.2010;-0,0001714890;-200,07;0,1397423939;144.240,77;-0,001473188;0,01031000
Muster konservativ cVV;26.11.2010;-0,0006653957;-776,17;0,1389931162;143.464,60;-0,000091772;0,01028000
Muster konservativ cVV;27.11.2010;0,0001012058;117,98;0,1391074156;143.582,58;0;0,01028000
Muster konservativ cVV;28.11.2010;0,0001011956;117,98;0,1392217149;143.700,55;0;0,01028000
Muster konservativ cVV;29.11.2010;-0,0002473305;-288,37;0,1389450074;143.412,18;-0,001012042;0,01027000
Muster konservativ cVV;30.11.2010;0,0004933931;575,13;0,1395048972;143.987,31;0,002138369;0,01028000
Muster konservativ cVV;01.12.2010;0,0001060480;123,68;0,1396273933;144.110,98;-0,003412853;0,01026000
Muster konservativ cVV;02.12.2010;-0,0005876889;-685,45;0,1389659123;143.425,53;-0,001235804;0,01027000
Muster konservativ cVV;03.12.2010;-0,0000726309;-84,66;0,1388865158;143.340,86;0,000489156;0,01027000
Muster konservativ cVV;04.12.2010;0,0001011479;117,90;0,1390007486;143.458,76;0;0,01027000
Muster konservativ cVV;05.12.2010;0,0001011377;117,90;0,1391149814;143.576,66;0;0,01027000
Muster konservativ cVV;06.12.2010;0,0021107000;2.460,70;0,1415018848;146.037,35;0,002756864;0,01028000
Muster konservativ cVV;07.12.2010;-0,0006694996;-782,16;0,1407466617;145.255,19;-0,003270258;0,01029000
Muster konservativ cVV;08.12.2010;-0,0028071584;-3.277,35;0,1375736119;141.977,84;-0,004984330;0,01029000
Muster konservativ cVV;09.12.2010;-0,0003052715;-355,40;0,1372317956;141.622,43;0,000212462;0,01029000
Muster konservativ cVV;10.12.2010;-0,0003731560;-434,30;0,1368135012;141.188,13;-0,000844011;0,01028000
Muster konservativ cVV;11.12.2010;0,0001013265;117,89;0,1369277350;141.306,02;0;0,01028000
Muster konservativ cVV;12.12.2010;0,0001013248;117,90;0,1370419785;141.423,91;0;0,01028000
Muster konservativ cVV;13.12.2010;-0,0007358663;-856,30;0,1362147306;140.567,61;-0,000797587;0,01026000
Muster konservativ cVV;14.12.2010;0,0002785891;323,95;0,1365311652;140.891,56;-0,001679048;0,01026000
Muster konservativ cVV;15.12.2010;-0,0003108096;-361,51;0,1361833434;140.530,04;0,000670594;0,01025000
Muster konservativ cVV;16.12.2010;-0,0007024615;-816,80;0,1353942834;139.713,24;-0,001753872;0,01024000
Muster konservativ cVV;17.12.2010;0,0006570782;763,50;0,1361366610;140.476,73;0,001868244;0,01023000
Muster konservativ cVV;18.12.2010;0,0001013971;117,90;0,1362509150;140.594,63;0;0,01023000
Muster konservativ cVV;19.12.2010;0,0001013782;117,89;0,1363651593;140.712,52;0;0,01023000
Muster konservativ cVV;20.12.2010;0,0016776185;1.951,00;0,1382583911;142.663,51;0,003453135;0,01022000
Muster konservativ cVV;21.12.2010;-0,0002099769;-244,60;0,1380238385;142.418,91;-0,000592537;0,01022000
Muster konservativ cVV;22.12.2010;0,0011604620;1.351,55;0,1393361881;143.770,46;0,002720740;0,01021000
Muster konservativ cVV;23.12.2010;0,0003191527;372,14;0,1396993559;144.142,59;-0,000495772;0,01015000
Muster konservativ cVV;24.12.2010;0,0001010784;117,90;0,1398161196;144.260,49;0;0,01014000
Muster konservativ cVV;25.12.2010;0,0001010682;117,90;0,1399303839;144.378,39;0;0,01014000
Muster konservativ cVV;26.12.2010;0,0001010494;117,89;0,1400446385;144.496,27;0;0,01014000
Muster konservativ cVV;27.12.2010;-0,0013305483;-1.552,40;0,1385425304;142.943,87;-0,001193187;0,01014000
Muster konservativ cVV;28.12.2010;0,0026631310;3.103,05;0,1415525451;146.046,92;0,002633205;0,01014000
Muster konservativ cVV;29.12.2010;-0,0009239172;-1.079,40;0,1405088436;144.967,51;-0,000934654;0,01013000
Muster konservativ cVV;30.12.2010;0,0007109139;829,79;0,1413155987;145.797,30;0,002116183;0,01010000
Muster konservativ cVV;31.12.2010;0,0001009352;117,90;0,1414323534;145.915,20;0;0,01006000
Muster konservativ cVV;01.01.2011;0,0001009250;117,90;0,1415466278;146.033,09;0;0,01006000
Muster konservativ cVV;02.01.2011;0,0001009148;117,90;0,1416609022;146.150,99;0;0,01006000
Muster konservativ cVV;03.01.2011;0,0011261064;1.315,74;0,1429387156;147.466,72;0,001732888;0,01001000
Muster konservativ cVV;04.01.2011;-0,0004522091;-528,95;0,1424284846;146.937,77;0,001213853;0,00999000
Muster konservativ cVV;05.01.2011;-0,0005198113;-607,75;0,1418418434;146.330,02;-0,003004168;0,00998000
Muster konservativ cVV;06.01.2011;0,0001984440;231,90;0,1420690832;146.561,91;0,000823988;0,00997000
Muster konservativ cVV;07.01.2011;0,0006467599;755,94;0,1428043059;147.317,85;0,001550453;0,00997000
Muster konservativ cVV;08.01.2011;0,0001008040;117,90;0,1429185902;147.435,75;0;0,00997000
Muster konservativ cVV;09.01.2011;0,0001007938;117,90;0,1430328746;147.553,64;0;0,00997000
Muster konservativ cVV;10.01.2011;0,0000694534;81,25;0,1431140872;147.634,89;-0,000186236;0,00995000
Muster konservativ cVV;11.01.2011;0,0003195516;373,84;0,1434789287;148.008,73;-0,001760560;0,00995000
Muster konservativ cVV;12.01.2011;-0,0018858359;-2.206,90;0,1413419741;145.801,82;-0,003949411;0,00995000
Muster konservativ cVV;13.01.2011;-0,0015211342;-1.776,75;0,1396219373;144.025,07;-0,001642848;0,00998000
Muster konservativ cVV;14.01.2011;-0,0019401223;-2.262,70;0,1374307319;141.762,37;-0,000907133;0,01006000
Muster konservativ cVV;15.01.2011;0,0001012765;117,89;0,1375450163;141.880,25;0;0,01006000
Muster konservativ cVV;16.01.2011;0,0001012748;117,90;0,1376593103;141.998,15;0;0,01006000
Muster konservativ cVV;17.01.2011;0,0001753901;204,20;0,1378595888;142.202,34;0,000512379;0,01009000
Muster konservativ cVV;18.01.2011;-0,0006718248;-782,30;0,1371034762;141.420,04;-0,002496427;0,01012000
Muster konservativ cVV;19.01.2011;0,0003405507;396,29;0,1374899648;141.816,33;0,001277622;0,01014000
Muster konservativ cVV;20.01.2011;-0,0015704551;-1.828,10;0,1357198908;139.988,22;-0,003577364;0,01016000
Muster konservativ cVV;21.01.2011;-0,0014955741;-1.738,20;0,1340369098;138.250,02;-0,000271023;0,01025000
Muster konservativ cVV;22.01.2011;0,0001015830;117,89;0,1341512037;138.367,91;0;0,01025000
Muster konservativ cVV;23.01.2011;0,0001015813;117,90;0,1342655073;138.485,80;0;0,01025000
Muster konservativ cVV;24.01.2011;-0,0000846912;-98,30;0,1341724172;138.387,50;0,001726805;0,01029000
Muster konservativ cVV;25.01.2011;0,0009070467;1.052,75;0,1351953249;139.440,25;0,000378810;0,01031000
Muster konservativ cVV;26.01.2011;-0,0005813661;-675,36;0,1345427286;138.764,88;-0,001988613;0,01051000
Muster konservativ cVV;27.01.2011;-0,0011174800;-1.297,40;0,1332869796;137.467,48;-0,002074662;0,01057000
Muster konservativ cVV;28.01.2011;0,0006632657;769,20;0,1340349672;138.236,68;0,001297058;0,01063000
Muster konservativ cVV;29.01.2011;0,0001015928;117,90;0,1341492801;138.354,57;0;0,01063000
Muster konservativ cVV;30.01.2011;0,0001015739;117,89;0,1342635834;138.472,46;0;0,01063000
Muster konservativ cVV;31.01.2011;-0,0007343504;-848,55;0,1334442239;137.623,90;0,000414459;0,01074000
Muster konservativ cVV;01.02.2011;-0,0014670490;-1.693,95;0,1318050644;135.929,95;-0,001291414;0,01082000
Muster konservativ cVV;02.02.2011;-0,0001572574;-181,31;0,1316325846;135.748,64;-0,000480703;0,01083000
Muster konservativ cVV;03.02.2011;0,0010807903;1.245,93;0,1328440833;136.994,56;0,003650519;0,01087000
Muster konservativ cVV;04.02.2011;0,0004686037;540,79;0,1333718369;137.535,35;-0,003267153;0,01088000
Muster konservativ cVV;05.02.2011;0,0001020514;117,83;0,1334860965;137.653,18;0;0,01088000
Muster konservativ cVV;06.02.2011;0,0001020497;117,84;0,1336003657;137.771,01;0;0,01088000
Muster konservativ cVV;07.02.2011;0,0003656661;422,28;0,1340132141;138.193,29;0,002470647;0,01084000
Muster konservativ cVV;08.02.2011;0,0005365450;619,84;0,1346176598;138.813,13;-0,000914302;0,01079000
Muster konservativ cVV;09.02.2011;-0,0003130264;-361,81;0,1342701190;138.451,31;-0,001812124;0,01089000
Muster konservativ cVV;10.02.2011;0,0000276734;31,98;0,1343044560;138.483,29;0,000777135;0,01094000
Muster konservativ cVV;11.02.2011;0,0006393071;738,74;0,1350242326;139.222,03;0,002090911;0,01093000
Muster konservativ cVV;12.02.2011;0,0001019026;117,83;0,1351385063;139.339,85;0;0,01093000
Muster konservativ cVV;13.02.2011;0,0001019008;117,84;0,1352527898;139.457,69;0;0,01093000
Muster konservativ cVV;14.02.2011;0,0012311933;1.423,88;0,1366370936;140.881,56;0,000069258;0,01091000
Muster konservativ cVV;15.02.2011;0,0001838948;212,94;0,1368469675;141.094,50;-0,000179975;0,01090000
Muster konservativ cVV;16.02.2011;0,0006037160;699,19;0,1375284631;141.793,69;0,001553639;0,01089000
Muster konservativ cVV;17.02.2011;0,0009898082;1.147,03;0,1386443591;142.940,71;0,004082682;0,01086000
Muster konservativ cVV;18.02.2011;-0,0002485065;-288,26;0,1383681138;142.652,45;-0,003236900;0,01078000
Muster konservativ cVV;19.02.2011;0,0001016012;117,83;0,1384824016;142.770,28;0;0,01078000
Muster konservativ cVV;20.02.2011;0,0001015995;117,84;0,1385966990;142.888,11;0;0,01078000
Muster konservativ cVV;21.02.2011;0,0005332094;618,49;0,1391999723;143.506,60;0,002526892;0,01079000
Muster konservativ cVV;22.02.2011;-0,0000359085;-41,67;0,1391628987;143.464,93;0,000208078;0,01082000
Muster konservativ cVV;23.02.2011;-0,0002763130;-320,66;0,1388551809;143.144,26;-0,000429232;0,01087000
Muster konservativ cVV;24.02.2011;0,0000859253;99,69;0,1389552041;143.243,95;0,000373606;0,01088000
Muster konservativ cVV;25.02.2011;-0,0001688681;-195,94;0,1387684395;143.048,02;-0,000182460;0,01092000
Muster konservativ cVV;26.02.2011;0,0001094780;127,00;0,1388916444;143.175,02;0;0,01092000
Muster konservativ cVV;27.02.2011;0,0001094747;127,01;0,1390148590;143.302,04;0;0,01092000
Muster konservativ cVV;28.02.2011;0,0000186708;21,66;0,1390391748;143.323,70;-0,000070465;0,01094000
Muster konservativ cVV;01.03.2011;0,0005954620;690,95;0,1397127775;144.014,65;-0,000447961;0,01096000
Muster konservativ cVV;02.03.2011;0,0002230418;258,96;0,1399673046;144.273,62;-0,000878821;0,01095000
Muster konservativ cVV;03.03.2011;-0,0035467020;-4.118,85;0,1359745922;140.154,77;-0,006546810;0,01098000
Muster konservativ cVV;04.03.2011;-0,0001421844;-164,54;0,1358181420;139.990,24;0,000981771;0,01162000
Muster konservativ cVV;05.03.2011;0,0001097674;127,00;0,1359413614;140.117,24;0;0,01162000
Muster konservativ cVV;06.03.2011;0,0001097639;127,01;0,1360645906;140.244,26;0;0,01162000
Muster konservativ cVV;07.03.2011;0,0001066844;123,46;0,1361875510;140.367,72;-0,000558283;0,01172000
Muster konservativ cVV;08.03.2011;0,0004720056;546,30;0,1367207633;140.914,03;-0,000008360;0,01180000
Muster konservativ cVV;09.03.2011;0,0000404285;46,81;0,1367693515;140.960,84;0,000647883;0,01179000
Muster konservativ cVV;10.03.2011;0,0001604524;185,80;0,1369527912;141.146,65;0,001756199;0,01175000
Muster konservativ cVV;11.03.2011;0,0008152069;944,16;0,1378720723;142.090,81;0,001447073;0,01173000
Muster konservativ cVV;12.03.2011;0,0001095684;127,00;0,1379953060;142.217,81;0;0,01173000
Muster konservativ cVV;13.03.2011;0,0001095651;127,01;0,1381185494;142.344,83;0;0,01173000
Muster konservativ cVV;14.03.2011;0,0001070086;124,06;0,1382420982;142.468,89;-0,000306006;0,01174000
Muster konservativ cVV;15.03.2011;0,0003601984;417,65;0,1386505278;142.886,55;0,003468692;0,01167000
Muster konservativ cVV;16.03.2011;0,0006036696;700,21;0,1393331545;143.586,76;0,003418188;0,01170000
Muster konservativ cVV;17.03.2011;-0,0009393565;-1.090,25;0,1382783423;142.496,52;-0,004182866;0,01170000
Muster konservativ cVV;18.03.2011;-0,0005266619;-610,69;0,1376888461;141.885,83;-0,001491724;0,01172000
Muster konservativ cVV;19.03.2011;0,0001095878;127,00;0,1378120939;142.012,84;0;0,01172000
Muster konservativ cVV;20.03.2011;0,0001095844;127,01;0,1379353513;142.139,85;0;0,01172000
Muster konservativ cVV;21.03.2011;-0,0011801287;-1.367,99;0,1366109077;140.771,87;-0,002025325;0,01179000
Muster konservativ cVV;22.03.2011;0,0003178871;368,05;0,1369711576;141.139,92;0,000181751;0,01185000
Muster konservativ cVV;23.03.2011;0,0007918129;917,06;0,1378642193;142.056,98;0,001159187;0,01191000
Muster konservativ cVV;24.03.2011;0,0002157747;250,10;0,1381100209;142.307,09;0,000207639;0,01197000
Muster konservativ cVV;25.03.2011;-0,0013210288;-1.531,54;0,1366266904;140.775,55;-0,000778864;0,01203000
Muster konservativ cVV;26.03.2011;0,0001096929;127,00;0,1367499519;140.902,56;0;0,01203000
Muster konservativ cVV;27.03.2011;0,0001096895;127,01;0,1368732231;141.029,57;0;0,01203000
Muster konservativ cVV;28.03.2011;-0,0006000792;-694,94;0,1362017840;140.334,64;-0,001095960;0,01210000
Muster konservativ cVV;29.03.2011;0,0005031671;582,35;0,1367700062;140.916,99;-0,001063862;0,01219000
Muster konservativ cVV;30.03.2011;-0,0002975365;-344,54;0,1364386103;140.572,46;0,000133659;0,01231000
Muster konservativ cVV;31.03.2011;-0,0005591626;-647,30;0,1358133265;139.925,16;-0,000882873;0,01239000
Muster konservativ cVV;01.04.2011;0,0002628114;304,06;0,1361114288;140.229,22;-0,001235855;0,01249000
Muster konservativ cVV;02.04.2011;0,0001088719;125,99;0,1362337236;140.355,22;0;0,01249000
Muster konservativ cVV;03.04.2011;0,0001088601;125,99;0,1363560183;140.481,21;0;0,01249000
Muster konservativ cVV;04.04.2011;0,0004862139;562,80;0,1369052764;141.044,02;0,001506013;0,01255000
Muster konservativ cVV;05.04.2011;-0,0002921243;-338,31;0,1365798612;140.705,71;-0,000850329;0,01262000
Muster konservativ cVV;06.04.2011;-0,0000862497;-99,86;0,1364858849;140.605,86;-0,000679294;0,01269000
Muster konservativ cVV;07.04.2011;0,0003076878;356,19;0,1368345912;140.962,05;0,000482527;0,01280000
Muster konservativ cVV;08.04.2011;-0,0009029366;-1.045,61;0,1358225188;139.916,45;-0,002726893;0,01294000
Muster konservativ cVV;09.04.2011;0,0001089100;126,00;0,1359448365;140.042,45;0;0,01294000
Muster konservativ cVV;10.04.2011;0,0001088895;125,99;0,1360671444;140.168,45;0;0,01294000
Muster konservativ cVV;11.04.2011;-0,0003948330;-456,91;0,1356265111;139.711,54;-0,000044927;0,01311000
Muster konservativ cVV;12.04.2011;-0,0000424943;-49,16;0,1355816854;139.662,38;0,002862985;0,01320000
Muster konservativ cVV;13.04.2011;0,0005952633;688,54;0,1362530090;140.350,93;-0,000245007;0,01327000
Muster konservativ cVV;14.04.2011;0,0008838427;1.022,95;0,1372490043;141.373,88;0,000857388;0,01332000
Muster konservativ cVV;15.04.2011;-0,0000319449;-37,01;0,1372159768;141.336,88;0,001609577;0,01332000
Muster konservativ cVV;16.04.2011;0,0001087678;125,99;0,1373382978;141.462,87;0;0,01332000
Muster konservativ cVV;17.04.2011;0,0001087560;125,99;0,1374606187;141.588,87;0;0,01332000
Muster konservativ cVV;18.04.2011;0,0026026760;3.015,54;0,1403911957;144.604,41;0,005414597;0,01338000
Muster konservativ cVV;19.04.2011;-0,0007311988;-849,40;0,1395694768;143.755,02;-0,002152833;0,01343000
Muster konservativ cVV;20.04.2011;-0,0006403829;-743,36;0,1388506685;143.011,66;-0,001464241;0,01349000
Muster konservativ cVV;21.04.2011;0,0004426467;513,49;0,1393521273;143.525,16;0,002173934;0,01356000
Muster konservativ cVV;22.04.2011;0,0001085628;125,99;0,1394773561;143.651,15;0;0,01356000
Muster konservativ cVV;23.04.2011;0,0001085596;126,00;0,1395996996;143.777,15;0;0,01356000
Muster konservativ cVV;24.04.2011;0,0001085392;125,99;0,1397220333;143.903,15;0;0,01356000
Muster konservativ cVV;25.04.2011;0,0001085274;125,99;0,1398472628;144.029,14;0;0,01356000
Muster konservativ cVV;26.04.2011;0,0011763214;1.365,79;0,1411763152;145.394,94;0,001686060;0,01361000
Muster konservativ cVV;27.04.2011;-0,0003046230;-354,11;0,1408353812;145.040,83;-0,003024807;0,01365000
Muster konservativ cVV;28.04.2011;0,0013588554;1.579,10;0,1423716188;146.619,94;0,002436664;0,01375000
Muster konservativ cVV;29.04.2011;0,0003288275;382,64;0,1427460934;147.002,58;0,001184138;0,01385000
Muster konservativ cVV;30.04.2011;0,0001082141;125,97;0,1428684123;147.128,55;0;0,01385000
Muster konservativ cVV;01.05.2011;0,0001082024;125,97;0,1429907311;147.254,51;0;0,01385000
Muster konservativ cVV;02.05.2011;-0,0011243117;-1.309,03;0,1417224876;145.945,48;-0,000654940;0,01395000
Muster konservativ cVV;03.05.2011;-0,0009470286;-1.101,38;0,1406558286;144.844,10;-0,001441484;0,01402000
Muster konservativ cVV;04.05.2011;-0,0015412626;-1.790,77;0,1389196477;143.053,32;-0,001166202;0,01415000
Muster konservativ cVV;05.05.2011;0,0010180756;1.181,07;0,1400694112;144.234,39;0,004454089;0,01424000
Muster konservativ cVV;06.05.2011;0,0020349706;2.363,17;0,1423672000;146.597,56;0,001140144;0,01419000
Muster konservativ cVV;07.05.2011;0,0001082518;125,97;0,1424895313;146.723,52;0;0,01419000
Muster konservativ cVV;08.05.2011;0,0001082401;125,97;0,1426118625;146.849,49;0;0,01419000
Muster konservativ cVV;09.05.2011;0,0020759008;2.416,13;0,1449611719;149.265,61;0,004170704;0,01423000
Muster konservativ cVV;10.05.2011;0,0002606224;303,97;0,1452592743;149.569,58;-0,000614520;0,01426000
Muster konservativ cVV;11.05.2011;0,0002593973;302,62;0,1455560680;149.872,20;-0,000050383;0,01420000
Muster konservativ cVV;12.05.2011;0,0004244662;495,32;0,1460400184;150.367,51;0,002024130;0,01420000
Muster konservativ cVV;13.05.2011;0,0003411534;398,27;0,1464297197;150.765,78;0,000188342;0,01425000
Muster konservativ cVV;14.05.2011;0,0001078740;125,98;0,1465520728;150.891,75;0;0,01425000
Muster konservativ cVV;15.05.2011;0,0001078538;125,97;0,1466744162;151.017,72;0;0,01425000
Muster konservativ cVV;16.05.2011;-0,0004034753;-471,28;0,1462195702;150.546,44;-0,000775317;0,01426000
Muster konservativ cVV;17.05.2011;-0,0002030846;-237,12;0,1459921355;150.309,32;0,000879347;0,01428000
Muster konservativ cVV;18.05.2011;0,0003007054;351,03;0,1463359498;150.660,35;-0,000763715;0,01431000
Muster konservativ cVV;19.05.2011;-0,0002943476;-343,71;0,1460049563;150.316,64;-0,000731104;0,01434000
Muster konservativ cVV;20.05.2011;0,0010050579;1.173,26;0,1471474318;151.489,90;0,002935014;0,01435000
Muster konservativ cVV;21.05.2011;0,0000939764;109,81;0,1472540985;151.599,72;0;0,01435000
Muster konservativ cVV;22.05.2011;0,0000939675;109,81;0,1473607651;151.709,53;0;0,01435000
Muster konservativ cVV;23.05.2011;0,0020452693;2.390,41;0,1496855632;154.099,94;0,002085540;0,01434000
Muster konservativ cVV;24.05.2011;-0,0003954985;-463,19;0,1492385333;153.636,76;-0,001470257;0,01434000
Muster konservativ cVV;25.05.2011;0,0010968961;1.284,11;0,1504887890;154.920,87;0,001597836;0,01435000
Muster konservativ cVV;26.05.2011;-0,0001558286;-182,63;0,1503142777;154.738,25;0,001859493;0,01433000
Muster konservativ cVV;27.05.2011;0,0004532404;531,10;0,1508330826;155.269,35;0,000972528;0,01430000
Muster konservativ cVV;28.05.2011;0,0000879533;103,11;0,1509332454;155.372,46;0;0,01430000
Muster konservativ cVV;29.05.2011;0,0000879370;103,10;0,1510333985;155.475,55;0;0,01430000
Muster konservativ cVV;30.05.2011;0,0000814901;95,55;0,1511291041;155.571,10;0,000295923;0,01430000
Muster konservativ cVV;31.05.2011;-0,0002347874;-275,32;0,1508645226;155.295,79;-0,001205170;0,01433000
Muster konservativ cVV;01.06.2011;-0,0001071918;-125,67;0,1507453046;155.170,12;0,000784415;0,01434000
Muster konservativ cVV;02.06.2011;0,0004253191;498,56;0,1512325140;155.668,69;-0,000658819;0,01435000
Muster konservativ cVV;03.06.2011;-0,0012763790;-1.496,83;0,1497811699;154.171,86;-0,002398607;0,01436000
Muster konservativ cVV;04.06.2011;0,0000932065;109,16;0,1498872258;154.281,03;0;0,01436000
Muster konservativ cVV;05.06.2011;0,0000932063;109,17;0,1499932914;154.390,20;0;0,01436000
Muster konservativ cVV;06.06.2011;0,0001246463;146,01;0,1501379709;154.536,22;0,001113304;0,01438000
Muster konservativ cVV;07.06.2011;-0,0006297695;-737,83;0,1494239458;153.798,39;-0,002088460;0,01443000
Muster konservativ cVV;08.06.2011;0,0000859338;100,61;0,1495244929;153.899,01;0,001871855;0,01452000
Muster konservativ cVV;09.06.2011;0,0007967641;932,96;0,1504337408;154.831,97;0,001579604;0,01464000
Muster konservativ cVV;10.06.2011;0,0016917966;1.982,57;0,1523628269;156.814,55;0,003235360;0,01469000
Muster konservativ cVV;11.06.2011;0,0000929966;109,16;0,1524688928;156.923,71;0;0,01469000
Muster konservativ cVV;12.06.2011;0,0000929965;109,17;0,1525749683;157.032,89;0;0,01469000
Muster konservativ cVV;13.06.2011;-0,0002768007;-324,99;0,1522620276;156.707,90;-0,000401330;0,01471000
Muster konservativ cVV;14.06.2011;-0,0005815330;-682,58;0,1516016151;156.025,33;-0,001881961;0,01477000
Muster konservativ cVV;15.06.2011;0,0008342775;978,66;0,1525553388;157.003,99;0,002489700;0,01485000
Muster konservativ cVV;16.06.2011;0,0006473885;760,06;0,1532966789;157.764,06;0,001460362;0,01494000
Muster konservativ cVV;17.06.2011;-0,0001936702;-227,53;0,1530783953;157.536,53;-0,002500335;0,01502000
Muster konservativ cVV;18.06.2011;0,0055416958;6.509,16;0,1594033569;164.045,70;0;0,01502000
Muster konservativ cVV;19.06.2011;0,0000924357;109,17;0,1595094423;164.154,87;0;0,01502000
Muster konservativ cVV;20.06.2011;-0,0000292797;-34,59;0,1594787426;164.120,28;0,000406810;0,01510000
Muster konservativ cVV;21.06.2011;-0,0004001436;-472,64;0,1590223637;163.647,65;-0,000502533;0,01520000
Muster konservativ cVV;22.06.2011;0,0008376661;989,02;0,1599863331;164.636,67;0,001371829;0,01526000
Muster konservativ cVV;23.06.2011;0,0003132953;370,21;0,1603489866;165.006,89;0,004628693;0,01526000
Muster konservativ cVV;24.06.2011;-0,0001675268;-198,03;0,1601594348;164.808,86;0,000218532;0,01528000
Muster konservativ cVV;25.06.2011;0,0000923676;109,16;0,1602655200;164.918,03;0;0,01528000
Muster konservativ cVV;26.06.2011;0,0000923675;109,17;0,1603716149;165.027,20;0;0,01528000
Muster konservativ cVV;27.06.2011;-0,0006449996;-762,44;0,1596335540;164.264,77;-0,002006375;0,01524000
Muster konservativ cVV;28.06.2011;-0,0007981703;-942,89;0,1587200922;163.321,88;-0,002284767;0,01531000
Muster konservativ cVV;29.06.2011;-0,0009276578;-1.094,98;0,1576587818;162.226,91;-0,002784950;0,01537000
Muster konservativ cVV;30.06.2011;-0,0006287660;-741,49;0,1569409671;161.485,42;-0,001775833;0,01547000
Muster konservativ cVV;01.07.2011;0,0000919475;108,36;0,1570490648;161.593,79;0,000093228;0,01556000
Muster konservativ cVV;02.07.2011;0,0000926093;109,15;0,1571551477;161.702,94;0;0,01556000
Muster konservativ cVV;03.07.2011;0,0000926092;109,16;0,1572612403;161.812,10;0;0,01556000
Muster konservativ cVV;04.07.2011;-0,0004108623;-484,35;0,1567932865;161.327,75;0,000412872;0,01563000
Muster konservativ cVV;05.07.2011;0,0006553137;772,20;0,1575465611;162.099,96;0,001080434;0,01568000
Muster konservativ cVV;06.07.2011;0,0013076550;1.541,91;0,1590479558;163.641,87;0,003489324;0,01569000
Muster konservativ cVV;07.07.2011;-0,0000910042;-107,45;0,1589463090;163.534,42;-0,002050312;0,01583000
Muster konservativ cVV;08.07.2011;0,0005016547;592,24;0,1595247213;164.126,66;0,006545217;0,01593000
Muster konservativ cVV;09.07.2011;0,0000968177;114,36;0,1596358730;164.241,02;0;0,01593000
Muster konservativ cVV;10.07.2011;0,0000968168;114,37;0,1597470345;164.355,39;0;0,01593000
Muster konservativ cVV;11.07.2011;0,0017623669;2.082,06;0,1617735304;166.437,45;0,006332538;0,01601000
Muster konservativ cVV;12.07.2011;0,0002365972;280,01;0,1620485051;166.717,46;-0,002531808;0,01599000
Muster konservativ cVV;13.07.2011;0,0002510796;297,22;0,1623402090;167.014,68;-0,001248301;0,01605000
Muster konservativ cVV;14.07.2011;-0,0000250341;-29,64;0,1623141974;166.985,03;0,000192851;0,01606000
Muster konservativ cVV;15.07.2011;0,0004878837;577,67;0,1628785091;167.562,70;0,001612699;0,01608000
Muster konservativ cVV;16.07.2011;0,0000965325;114,35;0,1629896653;167.677,06;0;0,01608000
Muster konservativ cVV;17.07.2011;0,0000965316;114,36;0,1631008313;167.791,42;0;0,01608000
Muster konservativ cVV;18.07.2011;0,0014230278;1.686,05;0,1647425763;169.477,47;0,000954470;0,01608000
Muster konservativ cVV;19.07.2011;-0,0014389523;-1.707,35;0,1630857181;167.770,12;-0,001622642;0,01609000
Muster konservativ cVV;20.07.2011;-0,0007911798;-937,40;0,1621772561;166.832,72;-0,002833349;0,01604000
Muster konservativ cVV;21.07.2011;-0,0014430652;-1.708,41;0,1605192472;165.124,31;-0,003868772;0,01608000
Muster konservativ cVV;22.07.2011;0,0015589386;1.842,93;0,1623135284;166.967,24;0,004155499;0,01611000
Muster konservativ cVV;23.07.2011;0,0000965506;114,32;0,1624246591;167.081,56;0;0,01611000
Muster konservativ cVV;24.07.2011;0,0000965497;114,33;0,1625357995;167.195,88;0;0,01611000
Muster konservativ cVV;25.07.2011;0,0013651945;1.616,72;0,1641102282;168.812,60;0,002191246;0,01613000
Muster konservativ cVV;26.07.2011;-0,0003850662;-456,63;0,1636690721;168.355,97;0,000262302;0,01615000
Muster konservativ cVV;27.07.2011;0,0013435783;1.592,68;0,1652201853;169.948,64;0,003275258;0,01612000
Muster konservativ cVV;28.07.2011;0,0005386868;639,42;0,1658445891;170.588,06;0,000355870;0,01610000
Muster konservativ cVV;29.07.2011;0,0010300560;1.223,33;0,1670366886;171.811,39;0,003843502;0,01609000
Muster konservativ cVV;30.07.2011;0,0000961572;114,32;0,1671478286;171.925,71;0;0,01609000
Muster konservativ cVV;31.07.2011;0,0000961480;114,32;0,1672589687;172.040,02;0;0,01609000
Muster konservativ cVV;01.08.2011;0,0013992096;1.663,78;0,1688793201;173.703,80;0,003413675;0,01609000
Muster konservativ cVV;02.08.2011;0,0006073640;723,22;0,1695852652;174.427,02;0,002201847;0,01605000
Muster konservativ cVV;03.08.2011;0,0009114175;1.085,93;0,1706438731;175.512,94;-0,001954252;0,01601000
Muster konservativ cVV;04.08.2011;0,0005932357;707,47;0,1713345408;176.220,41;0,004454726;0,01602000
Muster konservativ cVV;05.08.2011;-0,0012966262;-1.541,12;0,1698400858;174.679,29;-0,002957483;0,01564000
Muster konservativ cVV;06.08.2011;0,0000963056;114,32;0,1699512358;174.793,60;0;0,01564000
Muster konservativ cVV;07.08.2011;0,0000962963;114,32;0,1700623858;174.907,92;0;0,01564000
Muster konservativ cVV;08.08.2011;0,0007472950;887,23;0,1709289864;175.795,15;0,002005901;0,01560000
Muster konservativ cVV;09.08.2011;-0,0007538961;-895,73;0,1700619692;174.899,42;-0,005621708;0,01555000
Muster konservativ cVV;10.08.2011;0,0016697738;1.982,43;0,1719935195;176.881,84;0,007303900;0,01545000
Muster konservativ cVV;11.08.2011;-0,0013953732;-1.659,41;0,1703838719;175.222,43;-0,006536311;0,01535000
Muster konservativ cVV;12.08.2011;-0,0023594254;-2.801,97;0,1676631043;172.420,46;-0,000741784;0,01535000
Muster konservativ cVV;13.08.2011;0,0000964892;114,32;0,1677742670;172.534,77;0;0,01535000
Muster konservativ cVV;14.08.2011;0,0000964799;114,32;0,1678854298;172.649,09;0;0,01535000
Muster konservativ cVV;15.08.2011;0,0000292212;34,63;0,1679229284;172.683,72;0,000951915;0,01538000
Muster konservativ cVV;16.08.2011;0,0023979425;2.841,63;0,1706900922;175.525,34;0,001251614;0,01536000
Muster konservativ cVV;17.08.2011;-0,0002964747;-352,17;0,1703514806;175.173,17;0,003328197;0,01535000
Muster konservativ cVV;18.08.2011;0,0032680275;3.880,84;0,1741294306;179.054,01;0,006570259;0,01535000
Muster konservativ cVV;19.08.2011;0,0005009722;596,86;0,1747138080;179.650,86;-0,003393147;0,01533000
Muster konservativ cVV;20.08.2011;0,0000959039;114,32;0,1748249833;179.765,18;0;0,01533000
Muster konservativ cVV;21.08.2011;0,0000958948;114,32;0,1749361587;179.879,50;0;0,01533000
Muster konservativ cVV;22.08.2011;0,0015088176;1.798,85;0,1766895399;181.678,35;-0,001310738;0,01534000
Muster konservativ cVV;23.08.2011;-0,0015046233;-1.796,55;0,1749462379;179.881,79;-0,000637086;0,01536000
Muster konservativ cVV;24.08.2011;-0,0054216543;-6.463,83;0,1686635250;173.417,96;-0,004069530;0,01539000
Muster konservativ cVV;25.08.2011;-0,0009665039;-1.146,04;0,1675526334;172.271,92;0,002844931;0,01539000
Muster konservativ cVV;26.08.2011;0,0028163547;3.336,30;0,1708013274;175.608,21;0,000431554;0,01540000
Muster konservativ cVV;27.08.2011;0,0000962303;114,32;0,1709125152;175.722,53;0;0,01540000
Muster konservativ cVV;28.08.2011;0,0000962211;114,32;0,1710237030;175.836,85;0;0,01540000
Muster konservativ cVV;29.08.2011;-0,0010501967;-1.247,82;0,1698137965;174.589,02;-0,003175289;0,01540000
Muster konservativ cVV;30.08.2011;0,0025937255;3.078,58;0,1728119862;177.667,60;0,004474268;0,01540000
Muster konservativ cVV;31.08.2011;-0,0000825648;-98,25;0,1727202212;177.569,35;-0,002646760;0,01542000
Muster konservativ cVV;01.09.2011;0,0017288300;2.057,16;0,1747250365;179.626,51;0,003871916;0,01543000
Muster konservativ cVV;02.09.2011;0,0010396545;1.239,24;0,1759343099;180.865,74;0,004831233;0,01541000
Muster konservativ cVV;03.09.2011;0,0000934262;111,48;0,1760427473;180.977,22;0;0,01541000
Muster konservativ cVV;04.09.2011;0,0000934258;111,49;0,1761511945;181.088,71;0;0,01541000
Muster konservativ cVV;05.09.2011;0,0016318959;1.947,56;0,1780495367;183.036,26;0,004784824;0,01537000
Muster konservativ cVV;06.09.2011;-0,0020165919;-2.410,59;0,1757084437;180.625,67;-0,001228120;0,01534000
Muster konservativ cVV;07.09.2011;-0,0044628675;-5.324,06;0,1705330208;175.301,61;-0,003458028;0,01532000
Muster konservativ cVV;08.09.2011;0,0040343005;4.791,32;0,1751977956;180.092,92;0,001072243;0,01532000
Muster konservativ cVV;09.09.2011;0,0033309090;3.971,90;0,1790655968;184.064,82;0,003564569;0,01530000
Muster konservativ cVV;10.09.2011;0,0000931847;111,49;0,1791740558;184.176,31;0;0,01530000
Muster konservativ cVV;11.09.2011;0,0000931677;111,48;0,1792825050;184.287,78;0;0,01530000
Muster konservativ cVV;12.09.2011;-0,0014882054;-1.780,83;0,1775538610;182.506,95;-0,003294579;0,01527000
Muster konservativ cVV;13.09.2011;-0,0038622602;-4.614,82;0,1730679949;177.892,13;-0,004369320;0,01528000
Muster konservativ cVV;14.09.2011;0,0013169132;1.567,44;0,1745966623;179.459,57;-0,002159540;0,01529000
Muster konservativ cVV;15.09.2011;-0,0030179426;-3.596,79;0,1711009849;175.862,77;-0,001556119;0,01531000
Muster konservativ cVV;16.09.2011;0,0021823207;2.593,05;0,1736275158;178.455,82;0,004106840;0,01535000
Muster konservativ cVV;17.09.2011;0,0000936152;111,48;0,1737359766;178.567,30;0;0,01535000
Muster konservativ cVV;18.09.2011;0,0000936065;111,48;0,1738444374;178.678,77;0;0,01535000
Muster konservativ cVV;19.09.2011;-0,0006459435;-769,33;0,1730995931;177.909,44;0,001613795;0,01536000
Muster konservativ cVV;20.09.2011;0,0003594841;427,88;0,1735195744;178.337,32;-0,000601797;0,01537000
Muster konservativ cVV;21.09.2011;-0,0008593933;-1.023,26;0,1725275955;177.314,05;0,000623028;0,01537000
Muster konservativ cVV;22.09.2011;-0,0011429113;-1.359,67;0,1712082289;175.954,38;0,000086156;0,01536000
Muster konservativ cVV;23.09.2011;-0,0021466193;-2.550,82;0,1687297522;173.403,56;-0,001730019;0,01537000
Muster konservativ cVV;24.09.2011;0,0000940141;111,48;0,1688382245;173.515,04;0;0,01537000
Muster konservativ cVV;25.09.2011;0,0000939958;111,47;0,1689466859;173.626,50;0;0,01537000
Muster konservativ cVV;26.09.2011;-0,0016930566;-2.007,91;0,1669963865;171.618,59;-0,002316847;0,01535000
Muster konservativ cVV;27.09.2011;-0,0000984527;-116,56;0,1668864446;171.502,02;-0,003716626;0,01537000
Muster konservativ cVV;28.09.2011;-0,0010888366;-1.289,01;0,1656355683;170.213,01;-0,001172492;0,01544000
Muster konservativ cVV;29.09.2011;0,0005995449;709,00;0,1663289495;170.922,00;-0,000830332;0,01550000
Muster konservativ cVV;30.09.2011;-0,0006057679;-716,78;0,1656348550;170.205,22;0,003617689;0,01554000
Muster konservativ cVV;01.10.2011;0,0000942589;111,47;0,1657433276;170.316,69;0;0,01554000
Muster konservativ cVV;02.10.2011;0,0000942585;111,48;0,1658518100;170.428,16;0;0,01554000
Muster konservativ cVV;03.10.2011;-0,0001317619;-155,84;0,1657035706;170.272,32;0,002324126;0,01557000
Muster konservativ cVV;04.10.2011;-0,0016502607;-1.951,62;0,1638076840;168.320,69;0,000568894;0,01557000
Muster konservativ cVV;05.10.2011;-0,0039259550;-4.635,23;0,1592999993;163.685,46;-0,003663327;0,01558000
Muster konservativ cVV;06.10.2011;0,0024922736;2.930,99;0,1621557774;166.616,44;-0,003770922;0,01556000
Muster konservativ cVV;07.10.2011;-0,0013037121;-1.537,02;0,1606631822;165.079,42;-0,000320777;0,01566000
Muster konservativ cVV;08.10.2011;0,0000946777;111,48;0,1607716757;165.190,90;0;0,01566000
Muster konservativ cVV;09.10.2011;0,0000946603;111,47;0,1608801595;165.302,36;0;0,01566000
Muster konservativ cVV;10.10.2011;0,0000651433;76,72;0,1609580996;165.379,08;-0,001658233;0,01567000
Muster konservativ cVV;11.10.2011;0,0031793107;3.744,35;0,1646056919;169.123,42;0,001343911;0,01570000
Muster konservativ cVV;12.10.2011;0,0011850825;1.400,14;0,1659717866;170.523,56;-0,001915762;0,01571000
Muster konservativ cVV;13.10.2011;0,0020762484;2.455,93;0,1683655560;172.979,48;0,003962177;0,01572000
Muster konservativ cVV;14.10.2011;-0,0007440203;-881,90;0,1675105480;172.097,58;-0,002764443;0,01574000
Muster konservativ cVV;15.10.2011;0,0000941083;111,47;0,1676190428;172.209,05;0;0,01574000
Muster konservativ cVV;16.10.2011;0,0000940994;111,47;0,1677275376;172.320,51;0;0,01574000
Muster konservativ cVV;17.10.2011;0,0000433927;51,41;0,1677809424;172.371,92;0,005828481;0,01578000
Muster konservativ cVV;18.10.2011;0,0021905141;2.595,14;0,1703103697;174.967,05;0,002638312;0,01579000
Muster konservativ cVV;19.10.2011;-0,0002107909;-250,27;0,1700701531;174.716,78;-0,001419227;0,01582000
Muster konservativ cVV;20.10.2011;-0,0010133473;-1.202,90;0,1689026045;173.513,87;0,000723933;0,01584000
Muster konservativ cVV;21.10.2011;-0,0014339308;-1.700,44;0,1672506800;171.813,44;-0,002577067;0,01585000
Muster konservativ cVV;22.10.2011;0,0000886128;104,93;0,1673528248;171.918,37;0;0,01585000
Muster konservativ cVV;23.10.2011;0,0000886050;104,93;0,1674549697;172.023,30;0;0,01585000
Muster konservativ cVV;24.10.2011;0,0013044183;1.544,91;0,1689621992;173.568,21;0,001381433;0,01588000
Muster konservativ cVV;25.10.2011;0,0035260044;4.181,53;0,1730361816;177.749,74;0,003093082;0,01588000
Muster konservativ cVV;26.10.2011;0,0018090399;2.152,93;0,1751354672;179.902,67;0,002844336;0,01588000
Muster konservativ cVV;27.10.2011;-0,0004422694;-527,29;0,1746255774;179.375,37;-0,004826308;0,01590000
Muster konservativ cVV;28.10.2011;0,0008573969;1.021,78;0,1756237390;180.397,15;0,001833835;0,01592000
Muster konservativ cVV;29.10.2011;0,0000934118;111,42;0,1757322069;180.508,56;0;0,01592000
Muster konservativ cVV;30.10.2011;-0,0002335482;-278,59;0,1754609900;180.229,98;0;0,01592000
Muster konservativ cVV;31.10.2011;0,0003618816;431,57;0,1758845784;180.661,55;0,006109172;0,01591000
Muster konservativ cVV;01.11.2011;0,0005466283;652,13;0,1765229063;181.313,68;0,006725870;0,01585000
Muster konservativ cVV;02.11.2011;0,0001967486;234,85;0,1767549875;181.548,53;-0,001790787;0,01584000
Muster konservativ cVV;03.11.2011;0,0008505881;1.015,51;0,1777471309;182.564,04;-0,001582035;0,01580000
Muster konservativ cVV;04.11.2011;0,0000407772;48,73;0,1777980083;182.612,76;0,002442683;0,01488000
Muster konservativ cVV;05.11.2011;0,0000963753;115,16;0,1779101361;182.727,93;0;0,01488000
Muster konservativ cVV;06.11.2011;0,0000963576;115,15;0,1780222542;182.843,08;0;0,01488000
Muster konservativ cVV;07.11.2011;-0,0010584672;-1.265,07;0,1767939526;181.578,01;0,001047327;0,01476000
Muster konservativ cVV;08.11.2011;0,0041441288;4.947,76;0,1816148504;186.525,78;-0,000068618;0,01474000
Muster konservativ cVV;09.11.2011;-0,0019025643;-2.280,93;0,1793974191;184.244,85;0,000684386;0,01470000
Muster konservativ cVV;10.11.2011;0,0003040262;363,79;0,1797550809;184.608,65;-0,001618214;0,01464000
Muster konservativ cVV;11.11.2011;0,0009774445;1.169,95;0,1808977274;185.778,60;-0,003557523;0,01462000
Muster konservativ cVV;12.11.2011;0,0000961123;115,15;0,1810098563;185.893,76;0;0,01462000
Muster konservativ cVV;13.11.2011;0,0000961030;115,15;0,1811219851;186.008,91;0;0,01462000
Muster konservativ cVV;14.11.2011;-0,0008849365;-1.060,47;0,1800928076;184.948,44;0,003928175;0,01459000
Muster konservativ cVV;15.11.2011;-0,0001400458;-167,68;0,1799329491;184.780,77;0,000463005;0,01457000
Muster konservativ cVV;16.11.2011;-0,0011986774;-1.434,97;0,1785390100;183.345,80;-0,003451866;0,01458000
Muster konservativ cVV;17.11.2011;-0,0014608192;-1.746,69;0,1768414559;181.599,12;-0,003970635;0,01460000
Muster konservativ cVV;18.11.2011;-0,0010482630;-1.251,57;0,1756259865;180.347,55;-0,003108163;0,01465000
Muster konservativ cVV;19.11.2011;0,0000965499;115,15;0,1757381260;180.462,71;0;0,01465000
Muster konservativ cVV;20.11.2011;0,0000965406;115,15;0,1758502655;180.577,86;0;0,01465000
Muster konservativ cVV;21.11.2011;0,0003347165;399,29;0,1762424121;180.977,15;0,001563549;0,01467000
Muster konservativ cVV;22.11.2011;-0,0023566087;-2.812,19;0,1735070451;178.164,96;-0,000157714;0,01467000
Muster konservativ cVV;23.11.2011;-0,0011617302;-1.383,05;0,1721633699;176.781,91;-0,006316437;0,01471000
Muster konservativ cVV;24.11.2011;-0,0026711983;-3.176,39;0,1690731158;173.605,52;-0,004065925;0,01474000
Muster konservativ cVV;25.11.2011;-0,0029472429;-3.495,28;0,1656721679;170.110,24;-0,002838003;0,01475000
Muster konservativ cVV;26.11.2011;0,0000973657;115,13;0,1657842946;170.225,37;0;0,01475000
Muster konservativ cVV;27.11.2011;0,0000973562;115,13;0,1658964213;170.340,50;0;0,01475000
Muster konservativ cVV;28.11.2011;-0,0002616334;-309,43;0,1655981339;170.031,07;-0,001040324;0,01477000
Muster konservativ cVV;29.11.2011;0,0008239948;974,27;0,1665500827;171.005,34;-0,001794635;0,01477000
Muster konservativ cVV;30.11.2011;0,0001295057;153,25;0,1667024141;171.158,59;0,005211397;0,01473000
Muster konservativ cVV;01.12.2011;0,0003491928;413,27;0,1671079980;171.571,86;0,004501259;0,01469000
Muster konservativ cVV;02.12.2011;0,0014690412;1.739,22;0,1688050645;173.311,08;0,002484153;0,01469000
Muster konservativ cVV;03.12.2011;0,0000947834;112,38;0,1689145230;173.423,46;0;0,01469000
Muster konservativ cVV;04.12.2011;0,0000947829;112,39;0,1690239913;173.535,85;0;0,01469000
Muster konservativ cVV;05.12.2011;0,0008585025;1.018,08;0,1700187124;174.553,94;-0,000315446;0,01470000
Muster konservativ cVV;06.12.2011;0,0000066900;7,94;0,1700295491;174.561,88;-0,000071733;0,01472000
Muster konservativ cVV;07.12.2011;0,0018837563;2.235,84;0,1722104723;176.797,72;0,003086605;0,01472000
Muster konservativ cVV;08.12.2011;-0,0002467324;-293,40;0,1719278063;176.504,32;0,003900407;0,01470000
Muster konservativ cVV;09.12.2011;0,0007631039;907,21;0,1728146267;177.411,53;-0,004234201;0,01437000
Muster konservativ cVV;10.12.2011;0,0000846994;100,77;0,1729127872;177.512,30;0;0,01437000
Muster konservativ cVV;11.12.2011;0,0000846838;100,76;0,1730109379;177.613,06;0;0,01437000
Muster konservativ cVV;12.12.2011;-0,0001654753;-196,91;0,1728222525;177.416,16;0,003703675;0,01430000
Muster konservativ cVV;13.12.2011;0,0003968294;472,13;0,1732852802;177.888,29;-0,000098074;0,01426000
Muster konservativ cVV;14.12.2011;-0,0029388970;-3.497,97;0,1698808767;174.390,32;0,002700180;0,01423000
Muster konservativ cVV;15.12.2011;0,0022085674;2.620,98;0,1724371740;177.011,30;-0,000319083;0,01419000
Muster konservativ cVV;16.12.2011;-0,0008190339;-974,12;0,1714912895;176.037,18;0,002972662;0,01417000
Muster konservativ cVV;17.12.2011;0,0000847777;100,75;0,1715894360;176.137,93;0;0,01417000
Muster konservativ cVV;18.12.2011;0,0000847789;100,76;0,1716875923;176.238,68;0;0,01417000
Muster konservativ cVV;19.12.2011;0,0006342920;753,91;0,1724251059;176.992,59;-0,000004662;0,01418000
Muster konservativ cVV;20.12.2011;-0,0003529884;-419,82;0,1720191769;176.572,77;-0,001797181;0,01418000
Muster konservativ cVV;21.12.2011;0,0015734903;1.870,75;0,1738447642;178.443,52;0,000859882;0,01416000
Muster konservativ cVV;22.12.2011;-0,0018027086;-2.146,64;0,1717564831;176.296,88;-0,000133681;0,01410000
Muster konservativ cVV;23.12.2011;0,0010676301;1.269,03;0,1729958811;177.565,91;-0,000342931;0,01404000
Muster konservativ cVV;24.12.2011;0,0000846772;100,76;0,1730940460;177.666,66;0;0,01404000
Muster konservativ cVV;25.12.2011;0,0000846616;100,75;0,1731922012;177.767,41;0;0,01404000
Muster konservativ cVV;26.12.2011;0,0000846628;100,76;0,1732934163;177.868,17;0;0,01404000
Muster konservativ cVV;27.12.2011;-0,0003167856;-377,04;0,1729291079;177.491,13;0,002274205;0,01396000
Muster konservativ cVV;28.12.2011;0,0016845940;2.004,39;0,1748850402;179.495,52;0,000355427;0,01387000
Muster konservativ cVV;29.12.2011;-0,0017281042;-2.059,62;0,1728813410;177.435,89;0,002393686;0,01369000
Muster konservativ cVV;30.12.2011;0,0022057604;2.624,37;0,1754414017;180.060,26;0,001004762;0,01356000
Muster konservativ cVV;31.12.2011;0,0000845000;100,76;0,1755395752;180.161,02;0;0,01356000
Muster konservativ cVV;01.01.2012;0,0000844845;100,75;0,1756377390;180.261,77;0;0,01356000
Muster konservativ cVV;02.01.2012;-0,0016347588;-1.949,62;0,1737411478;178.312,15;-0,001873970;0,01343000
Muster konservativ cVV;03.01.2012;0,0011854798;1.411,50;0,1751194981;179.723,64;0,001564616;0,01333000
Muster konservativ cVV;04.01.2012;0,0020974391;2.500,29;0,1775588042;182.223,93;0,000000966;0,01319000
Muster konservativ cVV;05.01.2012;-0,0014607061;-1.744,91;0,1758615972;180.479,02;0,001479643;0,01303000
Muster konservativ cVV;06.01.2012;0,0035191391;4.197,71;0,1799550059;184.676,73;0,000078979;0,01288000
Muster konservativ cVV;07.01.2012;0,0000834139;99,85;0,1800523012;184.776,58;0;0,01288000
Muster konservativ cVV;08.01.2012;0,0000834153;99,86;0,1801496062;184.876,44;0;0,01288000
Muster konservativ cVV;09.01.2012;0,0009376792;1.122,61;0,1812466224;185.999,04;0,000949220;0,01276000
Muster konservativ cVV;10.01.2012;0,0016397384;1.964,97;0,1831645194;187.964,01;-0,001513614;0,01267000
Muster konservativ cVV;11.01.2012;-0,0011660445;-1.399,61;0,1818037496;186.564,40;0,002700592;0,01257000
Muster konservativ cVV;12.01.2012;0,0010267329;1.230,96;0,1830064137;187.795,36;0,000118766;0,01245000
Muster konservativ cVV;13.01.2012;0,0018871302;2.264,82;0,1852166236;190.060,18;0,002475589;0,01231000
Muster konservativ cVV;14.01.2012;0,0000830488;99,86;0,1853139369;190.160,03;0;0,01231000
Muster konservativ cVV;15.01.2012;0,0000830336;99,85;0,1854112405;190.259,88;0;0,01231000
Muster konservativ cVV;16.01.2012;-0,0004258028;-512,07;0,1849153521;189.747,81;0,000108832;0,01222000
Muster konservativ cVV;17.01.2012;0,0000799009;96,05;0,1850120816;189.843,86;-0,000247454;0,01213000
Muster konservativ cVV;18.01.2012;-0,0004875129;-586,08;0,1844440264;189.257,78;0,000523625;0,01204000
Muster konservativ cVV;19.01.2012;0,0003262381;392,01;0,1848291727;189.649,79;-0,001324068;0,01195000
Muster konservativ cVV;20.01.2012;0,0001121289;134,78;0,1849636283;189.784,56;-0,000614387;0,01182000
Muster konservativ cVV;21.01.2012;0,0000830595;99,85;0,1850609401;189.884,41;0;0,01182000
Muster konservativ cVV;22.01.2012;0,0000830609;99,86;0,1851582616;189.984,27;0;0,01182000
Muster konservativ cVV;23.01.2012;0,0016360666;1.967,09;0,1870785125;191.951,36;0,000407888;0,01168000
Muster konservativ cVV;24.01.2012;-0,0000385469;-46,42;0,1870363916;191.904,94;0,000279742;0,01158000
Muster konservativ cVV;25.01.2012;-0,0005782876;-696,40;0,1863607607;191.208,53;0,002650319;0,01149000
Muster konservativ cVV;26.01.2012;0,0024666556;2.968,75;0,1892573851;194.177,28;0,004130697;0,01142000
Muster konservativ cVV;27.01.2012;0,0004116201;496,63;0,1897445744;194.673,91;0,001091785;0,01138000
Muster konservativ cVV;28.01.2012;0,0000827313;99,86;0,1898419041;194.773,77;0;0,01138000
Muster konservativ cVV;29.01.2012;0,0000827162;99,85;0,1899392240;194.873,62;0;0,01138000
Muster konservativ cVV;30.01.2012;0,0001420773;171,52;0,1901095416;195.045,14;0,002262271;0,01131000
Muster konservativ cVV;31.01.2012;0,0003239373;391,12;0,1904939037;195.436,25;0,001176575;0,01125000
Muster konservativ cVV;01.02.2012;0,0001864729;225,22;0,1907165633;195.661,47;-0,000606414;0,01115000
Muster konservativ cVV;02.02.2012;0,0004683823;565,81;0,1912712103;196.227,28;-0,000238149;0,01108000
Muster konservativ cVV;03.02.2012;0,0012669992;1.531,26;0,1927669490;197.758,54;-0,001103938;0,01102000
Muster konservativ cVV;04.02.2012;0,0000839749;101,62;0,1928660022;197.860,16;0;0,01102000
Muster konservativ cVV;05.02.2012;0,0000839678;101,62;0,1929650554;197.961,77;0;0,01102000
Muster konservativ cVV;06.02.2012;-0,0007125078;-862,35;0,1921276070;197.099,42;0,002178754;0,01094000
Muster konservativ cVV;07.02.2012;0,0000145889;17,64;0,1921479360;197.117,07;-0,002080355;0,01086000
Muster konservativ cVV;08.02.2012;0,0000090160;10,90;0,1921616877;197.127,97;-0,000387417;0,01077000
Muster konservativ cVV;09.02.2012;0,0006035980;730,03;0,1928764564;197.858,01;-0,002087925;0,01070000
Muster konservativ cVV;10.02.2012;-0,0001040018;-125,86;0,1927568787;197.732,14;0,003233731;0,01063000
Muster konservativ cVV;11.02.2012;0,0000889644;107,65;0,1928618236;197.839,80;0;0,01063000
Muster konservativ cVV;12.02.2012;0,0000889648;107,66;0,1929667783;197.947,46;0;0,01063000
Muster konservativ cVV;13.02.2012;0,0001656740;200,51;0,1931653623;198.147,97;0,000330782;0,01057000
Muster konservativ cVV;14.02.2012;0,0012511478;1.514,50;0,1946449141;199.662,48;0,000401067;0,01051000
Muster konservativ cVV;15.02.2012;0,0007781428;943,11;0,1955674661;200.605,59;0,001772299;0,01045000
Muster konservativ cVV;16.02.2012;-0,0003694601;-448,14;0,1951337089;200.157,45;-0,001763062;0,01041000
Muster konservativ cVV;17.02.2012;-0,0015146020;-1.836,46;0,1933464339;198.321,00;-0,001085480;0,01036000
Muster konservativ cVV;18.02.2012;0,0000947971;114,77;0,1934583227;198.435,77;0;0,01036000
Muster konservativ cVV;19.02.2012;0,0000947799;114,76;0,1935702017;198.550,52;0;0,01036000
Muster konservativ cVV;20.02.2012;0,0000435360;52,72;0,1936246820;198.603,24;-0,000321544;0,01031000
Muster konservativ cVV;21.02.2012;0,0008236511;997,40;0,1946001701;199.600,64;0,000566915;0,01026000
Muster konservativ cVV;22.02.2012;0,0002487416;301,46;0,1948971691;199.902,10;0,001779979;0,01021000
Muster konservativ cVV;23.02.2012;0,0015750749;1.909,38;0,1967618541;201.811,48;0,001665245;0,01014000
Muster konservativ cVV;24.02.2012;-0,0002440528;-296,32;0,1964760509;201.515,16;0,001359721;0,01006000
Muster konservativ cVV;25.02.2012;0,0000893449;108,45;0,1965817910;201.623,61;0;0,01006000
Muster konservativ cVV;26.02.2012;0,0000893287;108,44;0,1966875214;201.732,05;0;0,01006000
Muster konservativ cVV;27.02.2012;0,0011278970;1.369,35;0,1980257486;203.101,41;0,002981649;0,00997000
Muster konservativ cVV;28.02.2012;0,0007124123;861,86;0,1988705266;203.963,27;0,001273733;0,00991000
Muster konservativ cVV;29.02.2012;-0,0015818288;-1.915,03;0,1970077171;202.048,24;-0,000385247;0,00983000
Muster konservativ cVV;01.03.2012;0,0007941267;959,88;0,1979480655;203.008,12;-0,000575347;0,00967000
Muster konservativ cVV;02.03.2012;0,0011965017;1.447,39;0,1993638143;204.455,51;0,003687924;0,00948000
Muster konservativ cVV;03.03.2012;0,0000893973;108,27;0,1994693900;204.563,79;0;0,00948000
Muster konservativ cVV;04.03.2012;0,0000893810;108,26;0,1995749559;204.672,05;0;0,00948000
Muster konservativ cVV;05.03.2012;-0,0003345257;-405,23;0,1991842386;204.266,82;-0,000817347;0,00934000
Muster konservativ cVV;06.03.2012;-0,0002125595;-257,40;0,1989376482;204.009,42;0,001247034;0,00920000
Muster konservativ cVV;07.03.2012;-0,0000709992;-85,96;0,1988582180;203.923,46;-0,000217184;0,00911000
Muster konservativ cVV;08.03.2012;-0,0000148008;-17,92;0,1988451251;203.905,55;0,000284931;0,00902000
Muster konservativ cVV;09.03.2012;0,0010330073;1.250,54;0,2000690283;205.156,09;0,001078879;0,00894000
Muster konservativ cVV;10.03.2012;0,0000893456;108,27;0,2001746156;205.264,36;0;0,00894000
Muster konservativ cVV;11.03.2012;0,0000893294;108,26;0,2002801932;205.372,62;0;0,00894000
Muster konservativ cVV;12.03.2012;0,0000345547;41,88;0,2003254284;205.414,50;0,001358448;0,00884000
Muster konservativ cVV;13.03.2012;0,0003640992;441,32;0,2007602075;205.855,83;-0,001577248;0,00876000
Muster konservativ cVV;14.03.2012;-0,0017606248;-2.134,82;0,1986825684;203.721,01;-0,004409240;0,00871000
Muster konservativ cVV;15.03.2012;-0,0000512871;-62,08;0,1986263493;203.658,93;-0,001425060;0,00862000
Muster konservativ cVV;16.03.2012;-0,0003850480;-466,04;0,1981761310;203.192,89;-0,003358171;0,00853000
Muster konservativ cVV;17.03.2012;0,0000894906;108,27;0,1982817299;203.301,16;0;0,00853000
Muster konservativ cVV;18.03.2012;0,0000894743;108,26;0,1983873190;203.409,43;0;0,00853000
Muster konservativ cVV;19.03.2012;0,0001749146;211,66;0,1985980576;203.621,09;0,000815240;0,00842000
Muster konservativ cVV;20.03.2012;0,0000017533;2,12;0,1986044198;203.623,21;0,000377219;0,00832000
Muster konservativ cVV;21.03.2012;-0,0004056740;-490,99;0,1981298055;203.132,22;0,002669784;0,00824000
Muster konservativ cVV;22.03.2012;0,0003780691;457,39;0,1985802054;203.589,62;0,001891004;0,00817000
Muster konservativ cVV;23.03.2012;0,0006240040;755,21;0,1993211127;204.344,83;0,000868013;0,00808000
Muster konservativ cVV;24.03.2012;0,0000894054;108,27;0,1994267230;204.453,10;0;0,00808000
Muster konservativ cVV;25.03.2012;0,0000893892;108,26;0,1995323235;204.561,36;0;0,00808000
Muster konservativ cVV;26.03.2012;0,0007808298;945,77;0,2004591361;205.507,13;-0,001727248;0,00800000
Muster konservativ cVV;27.03.2012;0,0002316659;280,82;0,2007373479;205.787,96;0,002238143;0,00794000
Muster konservativ cVV;28.03.2012;0,0001567071;190,00;0,2009269686;205.977,96;0,001774484;0,00787000
Muster konservativ cVV;29.03.2012;-0,0008822845;-1.069,91;0,1998875465;204.908,05;0,001242052;0,00783000
Muster konservativ cVV;30.03.2012;0,0004707316;570,33;0,2004481564;205.478,38;0,000231678;0,00777000
Muster konservativ cVV;31.03.2012;0,0000893136;108,26;0,2005537681;205.586,64;0;0,00777000
Muster konservativ cVV;01.04.2012;0,0000893056;108,26;0,2006593799;205.694,91;0;0,00777000
Muster konservativ cVV;02.04.2012;0,0011218591;1.360,11;0,2019904700;207.055,02;-0,000207829;0,00771000
Muster konservativ cVV;03.04.2012;-0,0006319080;-766,97;0,2012465106;206.288,05;-0,000334370;0,00770000
Muster konservativ cVV;04.04.2012;-0,0006552843;-794,84;0,2004753205;205.493,21;0,000129906;0,00768000
Muster konservativ cVV;05.04.2012;0,0006913064;837,98;0,2012970700;206.331,19;0,001941533;0,00766000
Muster konservativ cVV;06.04.2012;0,0000893167;108,34;0,2014069912;206.439,54;0;0,00766000
Muster konservativ cVV;07.04.2012;0,0000893170;108,35;0,2015127018;206.547,89;0;0,00766000
Muster konservativ cVV;08.04.2012;0,0000893008;108,34;0,2016184028;206.656,23;0;0,00766000
Muster konservativ cVV;09.04.2012;0,0000893011;108,35;0,2017283328;206.764,58;0;0,00766000
Muster konservativ cVV;10.04.2012;0,0010084380;1.223,68;0,2029264437;207.988,26;0,002883367;0,00764000
Muster konservativ cVV;11.04.2012;0,0001945324;236,29;0,2031612148;208.224,56;-0,003126428;0,00760000
Muster konservativ cVV;12.04.2012;-0,0010282532;-1.249,23;0,2019465586;206.975,33;0,000020344;0,00757000
Muster konservativ cVV;13.04.2012;0,0004027937;488,85;0,2024277282;207.464,18;0,002080114;0,00753000
Muster konservativ cVV;14.04.2012;0,0000892334;108,34;0,2025334401;207.572,52;0;0,00753000
Muster konservativ cVV;15.04.2012;0,0000892337;108,35;0,2026391618;207.680,87;0;0,00753000
Muster konservativ cVV;16.04.2012;-0,0001488175;-180,72;0,2024670171;207.500,16;-0,000704796;0,00750000
Muster konservativ cVV;17.04.2012;-0,0004855858;-589,59;0,2018958949;206.910,57;-0,001183901;0,00746000
Muster konservativ cVV;18.04.2012;-0,0005475642;-664,52;0,2012516239;206.246,05;0,001150680;0,00741000
Muster konservativ cVV;19.04.2012;-0,0000250947;-30,44;0,2012260548;206.215,61;0,000619861;0,00737000
Muster konservativ cVV;20.04.2012;-0,0001719083;-208,51;0,2010267113;206.007,11;-0,001236195;0,00734000
Muster konservativ cVV;21.04.2012;0,0000956574;116,00;0,2011399092;206.123,11;0;0,00734000
Muster konservativ cVV;22.04.2012;0,0000956400;115,99;0,2012530973;206.239,10;0;0,00734000
Muster konservativ cVV;23.04.2012;0,0003279220;397,74;0,2016453453;206.636,84;0,002682800;0,00731000
Muster konservativ cVV;24.04.2012;-0,0007688803;-932,89;0,2007390793;205.703,95;-0,002324849;0,00727000
Muster konservativ cVV;25.04.2012;0,0003293213;399,26;0,2011327981;206.103,21;-0,000457047;0,00724000
Muster konservativ cVV;26.04.2012;0,0008972624;1.088,18;0,2021988430;207.191,40;0,002958048;0,00720000
Muster konservativ cVV;27.04.2012;-0,0004137401;-502,23;0,2017128032;206.689,17;-0,000354395;0,00715000
Muster konservativ cVV;28.04.2012;0,0000884178;107,28;0,2018175036;206.796,45;0;0,00715000
Muster konservativ cVV;29.04.2012;0,0001062184;128,89;0,2019432936;206.925,35;0;0,00715000
Muster konservativ cVV;30.04.2012;0,0001812910;220,02;0,2021620967;207.145,36;0,002167929;0,00708000
Muster konservativ cVV;01.05.2012;0,0000798843;96,97;0,2022608070;207.242,33;0;0,00708000
Muster konservativ cVV;02.05.2012;0,0005126162;622,28;0,2028722053;207.864,60;0,002440698;0,00704000
Muster konservativ cVV;03.05.2012;-0,0000526655;-63,96;0,2028138472;207.800,64;-0,000185349;0,00700000
Muster konservativ cVV;04.05.2012;-0,0000640281;-77,76;0,2027420119;207.722,88;0,001539941;0,00697000
Muster konservativ cVV;05.05.2012;0,0000875249;106,29;0,2028457536;207.829,17;0;0,00697000
Muster konservativ cVV;06.05.2012;0,0000875173;106,29;0,2029494953;207.935,46;0;0,00697000
Muster konservativ cVV;07.05.2012;0,0005046134;612,91;0,2035517755;208.548,37;-0,001019856;0,00693000
Muster konservativ cVV;08.05.2012;-0,0005886687;-715,37;0,2028575922;207.833,00;0,002322764;0,00692000
Muster konservativ cVV;09.05.2012;-0,0009204502;-1.117,90;0,2017704694;206.715,10;0,000319457;0,00691000
Muster konservativ cVV;10.05.2012;0,0000042465;5,15;0,2017795025;206.720,26;-0,000504904;0,00690000
Muster konservativ cVV;11.05.2012;-0,0001776028;-215,50;0,2015731407;206.504,75;-0,000102332;0,00690000
Muster konservativ cVV;12.05.2012;0,0000716171;86,88;0,2016579504;206.591,64;0;0,00690000
Muster konservativ cVV;13.05.2012;0,0000716120;86,88;0,2017427602;206.678,52;0;0,00690000
Muster konservativ cVV;14.05.2012;-0,0004547404;-551,76;0,2012081490;206.126,76;0,001289152;0,00689000
Muster konservativ cVV;15.05.2012;-0,0000389172;-47,20;0,2011660409;206.079,56;-0,000404365;0,00687000
Muster konservativ cVV;16.05.2012;-0,0011603007;-1.407,16;0,1997963564;204.672,40;-0,002221681;0,00685000
Muster konservativ cVV;17.05.2012;-0,0001339117;-162,21;0,1996419237;204.510,18;0,001175688;0,00686000
Muster konservativ cVV;18.05.2012;0,0001887699;228,64;0,1998690296;204.738,82;-0,001357600;0,00684000
Muster konservativ cVV;19.05.2012;0,0000984763;119,30;0,1999854881;204.858,12;0;0,00684000
Muster konservativ cVV;20.05.2012;0,0000984706;119,30;0,2001019511;204.977,42;0;0,00684000
Muster konservativ cVV;21.05.2012;-0,0003472730;-420,78;0,1996950844;204.556,64;0,000038850;0,00682000
Muster konservativ cVV;22.05.2012;-0,0008362239;-1.012,86;0,1987101652;203.543,78;-0,000780403;0,00681000
Muster konservativ cVV;23.05.2012;0,0002205763;266,95;0,1989746412;203.810,72;0,002659996;0,00680000
Muster konservativ cVV;24.05.2012;0,0012351423;1.495,13;0,2004381793;205.305,85;-0,001035334;0,00677000
Muster konservativ cVV;25.05.2012;0,0002812135;340,83;0,2007748113;205.646,68;0,000748971;0,00675000
Muster konservativ cVV;26.05.2012;0,0001026097;124,40;0,2008962606;205.771,07;0;0,00675000
Muster konservativ cVV;27.05.2012;0,0001025992;124,40;0,2010177100;205.895,47;0;0,00675000
Muster konservativ cVV;28.05.2012;0,0002901484;351,83;0,2013650906;206.247,30;0,000736510;0,00673000
Muster konservativ cVV;29.05.2012;0,0006502676;788,73;0,2021390419;207.036,02;-0,000125266;0,00673000
Muster konservativ cVV;30.05.2012;0,0007127264;865,05;0,2029875306;207.901,07;0,002370907;0,00671000
Muster konservativ cVV;31.05.2012;0,0011870566;1.441,77;0,2043991518;209.342,84;0,001287657;0,00668000
Muster konservativ cVV;01.06.2012;0,0014516560;1.765,24;0,2061266555;211.108,09;0,000578316;0,00665000
Muster konservativ cVV;02.06.2012;0,0000979848;119,32;0,2062431644;211.227,41;0;0,00665000
Muster konservativ cVV;03.06.2012;0,0000979752;119,32;0,2063596734;211.346,74;0;0,00665000
Muster konservativ cVV;04.06.2012;-0,0014712220;-1.791,99;0,2046138810;209.554,75;-0,001321216;0,00664000
Muster konservativ cVV;05.06.2012;0,0022857743;2.780,03;0,2073323194;212.334,79;-0,000314131;0,00663000
Muster konservativ cVV;06.06.2012;-0,0008341627;-1.016,86;0,2063433443;211.317,93;-0,003380303;0,00663000
Muster konservativ cVV;07.06.2012;-0,0016239009;-1.977,91;0,2044158789;209.340,03;-0,000727627;0,00663000
Muster konservativ cVV;08.06.2012;-0,0009257141;-1.125,69;0,2033205214;208.214,34;0,001998862;0,00663000
Muster konservativ cVV;09.06.2012;0,0000982182;119,32;0,2034370415;208.333,67;0;0,00663000
Muster konservativ cVV;10.06.2012;0,0000982168;119,33;0,2035535713;208.453,00;0;0,00663000
Muster konservativ cVV;11.06.2012;0,0011042136;1.341,76;0,2048676694;209.794,76;0,001368374;0,00661000
Muster konservativ cVV;12.06.2012;0,0010395992;1.264,64;0,2061064982;211.059,41;-0,004548425;0,00661000
Muster konservativ cVV;13.06.2012;-0,0012622958;-1.537,15;0,2046092730;209.522,26;-0,002264790;0,00662000
Muster konservativ cVV;14.06.2012;-0,0001574620;-191,51;0,2044260943;209.330,76;0,000999076;0,00663000
Muster konservativ cVV;15.06.2012;0,0011004149;1.338,11;0,2057367090;210.668,87;0,001553618;0,00662000
Muster konservativ cVV;16.06.2012;0,0000980284;119,33;0,2058532497;210.788,21;0;0,00662000
Muster konservativ cVV;17.06.2012;0,0000980106;119,32;0,2059697807;210.907,53;0;0,00662000
Muster konservativ cVV;18.06.2012;0,0008811243;1.072,84;0,2070213759;211.980,38;0,002172522;0,00659000
Muster konservativ cVV;19.06.2012;-0,0006395840;-779,43;0,2062640203;211.200,94;-0,004170476;0,00657000
Muster konservativ cVV;20.06.2012;-0,0014262714;-1.737,03;0,2045714030;209.463,92;-0,002762074;0,00657000
Muster konservativ cVV;21.06.2012;0,0001888377;229,65;0,2047994938;209.693,57;0,003181035;0,00655000
Muster konservativ cVV;22.06.2012;0,0001633822;198,73;0,2049973857;209.892,30;-0,001350298;0,00654000
Muster konservativ cVV;23.06.2012;0,0001016986;123,72;0,2051182238;210.016,03;0;0,00654000
Muster konservativ cVV;24.06.2012;0,0001016882;123,72;0,2052390620;210.139,75;0;0,00654000
Muster konservativ cVV;25.06.2012;0,0011721829;1.426,33;0,2066359505;211.566,08;0,004293919;0,00653000
Muster konservativ cVV;26.06.2012;0,0010020842;1.220,78;0,2078321184;212.786,87;-0,001619344;0,00653000
Muster konservativ cVV;27.06.2012;-0,0008127058;-991,07;0,2068679353;211.795,80;-0,002270368;0,00652000
Muster konservativ cVV;28.06.2012;-0,0005241773;-638,70;0,2062478860;211.157,10;0,001999246;0,00653000
Muster konservativ cVV;29.06.2012;0,0008057767;981,30;0,2072101712;212.138,41;-0,000707299;0,00653000
Muster konservativ cVV;30.06.2012;0,0001015112;123,72;0,2073310204;212.262,13;0;0,00653000
Muster konservativ cVV;01.07.2012;0,0001015108;123,74;0,2074518816;212.385,87;0;0,00653000
Muster konservativ cVV;02.07.2012;0,0014885233;1.814,61;0,2092281564;214.200,47;0,003462627;0,00652000
Muster konservativ cVV;03.07.2012;0,0009162708;1.118,66;0,2103246807;215.319,13;0,001153848;0,00650000
Muster konservativ cVV;04.07.2012;0,0009868397;1.205,92;0,2115064740;216.525,04;0,002976828;0,00645000
Muster konservativ cVV;05.07.2012;0,0014797503;1.810,04;0,2132784306;218.335,08;0,003218104;0,00641000
Muster konservativ cVV;06.07.2012;0,0007138253;874,45;0,2141365047;219.209,52;0,002432645;0,00549000
Muster konservativ cVV;07.07.2012;0,0001009355;123,74;0,2142573768;219.333,26;0;0,00549000
Muster konservativ cVV;08.07.2012;0,0001009335;123,75;0,2143782587;219.457,01;0;0,00549000
Muster konservativ cVV;09.07.2012;0,0000878497;107,72;0,2144873601;219.564,72;-0,000181917;0,00531000
Muster konservativ cVV;10.07.2012;-0,0004288337;-525,85;0,2139775271;219.038,87;0,000314809;0,00521000
Muster konservativ cVV;11.07.2012;0,0010005045;1.226,34;0,2151794001;220.265,20;0,000908087;0,00512000
Muster konservativ cVV;12.07.2012;-0,0001355599;-166,32;0,2150207793;220.098,88;0,001167322;0,00497000
Muster konservativ cVV;13.07.2012;0,0022764976;2.792,76;0,2177530046;222.891,63;0,000094318;0,00486000
Muster konservativ cVV;14.07.2012;0,0001000152;122,98;0,2178731452;223.014,61;0;0,00486000
Muster konservativ cVV;15.07.2012;0,0001000052;122,98;0,2179932857;223.137,59;0;0,00486000
Muster konservativ cVV;16.07.2012;0,0002640278;324,71;0,2183144110;223.462,29;0,001252483;0,00477000
Muster konservativ cVV;17.07.2012;-0,0003710180;-456,40;0,2178724101;223.005,89;0,000515124;0,00470000
Muster konservativ cVV;18.07.2012;0,0011523247;1.417,00;0,2192606929;224.422,88;0,001387261;0,00464000
Muster konservativ cVV;19.07.2012;0,0010905647;1.342,60;0,2205763268;225.765,48;0,000194539;0,00458000
Muster konservativ cVV;20.07.2012;0,0008875500;1.093,86;0,2216489718;226.859,33;0,001829670;0,00451000
Muster konservativ cVV;21.07.2012;0,0000997016;122,99;0,2217691328;226.982,32;0;0,00451000
Muster konservativ cVV;22.07.2012;0,0000996835;122,98;0,2218892841;227.105,29;0;0,00451000
Muster konservativ cVV;23.07.2012;0,0002207483;272,36;0,2221593164;227.377,65;-0,001947394;0,00442000
Muster konservativ cVV;24.07.2012;-0,0007937438;-979,52;0,2212061790;226.398,13;-0,001263388;0,00435000
Muster konservativ cVV;25.07.2012;0,0005751595;709,22;0,2219030410;227.107,34;-0,001132914;0,00427000
Muster konservativ cVV;26.07.2012;-0,0009907509;-1.222,37;0,2207125596;225.884,97;-0,000938895;0,00422000
Muster konservativ cVV;27.07.2012;-0,0001944665;-239,69;0,2204822250;225.645,28;-0,001896937;0,00415000
Muster konservativ cVV;28.07.2012;0,0000930687;114,69;0,2205942915;225.759,97;0;0,00415000
Muster konservativ cVV;29.07.2012;0,0000930600;114,69;0,2207063579;225.874,66;0;0,00415000
Muster konservativ cVV;30.07.2012;0,0023536100;2.887,38;0,2235329343;228.762,04;0,002524153;0,00401000
Muster konservativ cVV;31.07.2012;0,0002634766;323,99;0,2238547781;229.086,03;0,003259586;0,00389000
Muster konservativ cVV;01.08.2012;-0,0006194956;-761,98;0,2231154293;228.324,05;-0,002204925;0,00381000
Muster konservativ cVV;02.08.2012;0,0019868665;2.442,33;0,2255073201;230.766,38;0,004231852;0,00375000
Muster konservativ cVV;03.08.2012;-0,0010953084;-1.349,07;0,2241942291;229.417,31;-0,005623534;0,00375000
Muster konservativ cVV;04.08.2012;0,0000924229;113,71;0,2243053510;229.531,02;0;0,00375000
Muster konservativ cVV;05.08.2012;0,0000924143;113,71;0,2244164729;229.644,73;0;0,00375000
Muster konservativ cVV;06.08.2012;-0,0001411711;-173,72;0,2242519326;229.471,01;0,002911040;0,00374000
Muster konservativ cVV;07.08.2012;0,0003254923;400,48;0,2246485270;229.871,49;-0,001808022;0,00370000
Muster konservativ cVV;08.08.2012;0,0017784917;2.188,94;0,2267929932;232.060,43;0,002051508;0,00366000
Muster konservativ cVV;09.08.2012;0,0004362304;537,86;0,2273239075;232.598,29;0,000866860;0,00360000
Muster konservativ cVV;10.08.2012;0,0012951970;1.597,64;0,2288906075;234.195,94;0,002964389;0,00353000
Muster konservativ cVV;11.08.2012;0,0000920653;113,71;0,2290017423;234.309,65;0;0,00353000
Muster konservativ cVV;12.08.2012;0,0000920568;113,71;0,2291128771;234.423,36;0;0,00353000
Muster konservativ cVV;13.08.2012;0,0005226354;645,63;0,2297491782;235.068,99;-0,000778036;0,00349000
Muster konservativ cVV;14.08.2012;-0,0011437050;-1.413,60;0,2283728232;233.655,39;-0,001878187;0,00345000
Muster konservativ cVV;15.08.2012;0,0003775980;466,17;0,2288337074;234.121,56;-0,003002952;0,00341000
Muster konservativ cVV;16.08.2012;0,0005424306;669,92;0,2294937544;234.791,48;0,001724534;0,00339000
Muster konservativ cVV;17.08.2012;0,0010225455;1.263,56;0,2307340829;236.055,04;0,001599622;0,00334000
Muster konservativ cVV;18.08.2012;0,0000919427;113,73;0,2308452495;236.168,77;0;0,00334000
Muster konservativ cVV;19.08.2012;0,0000919342;113,73;0,2309564161;236.282,50;0;0,00334000
Muster konservativ cVV;20.08.2012;0,0002036219;251,92;0,2312079319;236.534,42;-0,000149466;0,00325000
Muster konservativ cVV;21.08.2012;-0,0002690859;-332,98;0,2308877064;236.201,44;-0,001831248;0,00318000
Muster konservativ cVV;22.08.2012;0,0001604218;198,46;0,2310869515;236.399,91;0,003107282;0,00310000
Muster konservativ cVV;23.08.2012;0,0014112918;1.746,21;0,2327991941;238.146,12;0,001971849;0,00303000
Muster konservativ cVV;24.08.2012;-0,0010732493;-1.329,82;0,2315044690;236.816,30;0,000716751;0,00295000
Muster konservativ cVV;25.08.2012;0,0000918861;113,73;0,2316156482;236.930,03;0;0,00295000
Muster konservativ cVV;26.08.2012;0,0000918777;113,73;0,2317268274;237.043,76;0;0,00295000
Muster konservativ cVV;27.08.2012;-0,0000747359;-92,52;0,2316416123;236.951,24;-0,000494515;0,00293000
Muster konservativ cVV;28.08.2012;0,0007115319;880,78;0,2325078940;237.832,02;0,000286965;0,00290000
Muster konservativ cVV;29.08.2012;-0,0007546989;-934,88;0,2315991493;236.897,14;-0,001239012;0,00288000
Muster konservativ cVV;30.08.2012;0,0010823386;1.339,73;0,2329141433;238.236,87;0,002322763;0,00283000
Muster konservativ cVV;31.08.2012;-0,0006313599;-782,35;0,2321544707;237.454,52;-0,000874340;0,00278000
Muster konservativ cVV;01.09.2012;0,0001419450;175,78;0,2323263274;237.630,30;0;0,00278000
Muster konservativ cVV;02.09.2012;0,0000942722;116,76;0,2324404815;237.747,06;0;0,00278000
Muster konservativ cVV;03.09.2012;0,0011049195;1.368,62;0,2337837772;239.115,68;-0,000615466;0,00276000
Muster konservativ cVV;04.09.2012;0,0000620229;76,91;0,2338641869;239.192,59;0,000405044;0,00273000
Muster konservativ cVV;05.09.2012;-0,0003716374;-460,87;0,2334187776;238.731,72;-0,000798280;0,00269000
Muster konservativ cVV;06.09.2012;-0,0003611919;-447,75;0,2329861660;238.283,97;-0,003810493;0,00266000
Muster konservativ cVV;07.09.2012;0,0004917862;609,42;0,2335872131;238.893,39;0,002421463;0,00265000
Muster konservativ cVV;08.09.2012;0,0000941761;116,76;0,2337013799;239.010,15;0;0,00265000
Muster konservativ cVV;09.09.2012;0,0000941672;116,76;0,2338155466;239.126,91;0;0,00265000
Muster konservativ cVV;10.09.2012;0,0000519259;64,39;0,2338836788;239.191,30;-0,000651923;0,00261000
Muster konservativ cVV;11.09.2012;0,0015435972;1.914,22;0,2357606278;241.105,52;-0,000223143;0,00258000
Muster konservativ cVV;12.09.2012;-0,0005511073;-684,49;0,2350964937;240.421,04;-0,002151220;0,00255000
Muster konservativ cVV;13.09.2012;0,0000071168;8,83;0,2351102998;240.429,87;0,002505110;0,00252000
Muster konservativ cVV;14.09.2012;0,0003418509;424,35;0,2355304312;240.854,22;-0,003364257;0,00250000
Muster konservativ cVV;15.09.2012;0,0000976224;121,22;0,2356489760;240.975,45;0;0,00250000
Muster konservativ cVV;16.09.2012;0,0000976128;121,22;0,2357675208;241.096,67;0;0,00250000
Muster konservativ cVV;17.09.2012;0,0004337278;538,69;0,2362994803;241.635,37;0,001412505;0,00248000
Muster konservativ cVV;18.09.2012;0,0005783147;718,58;0,2370073738;242.353,95;0,000953887;0,00244000
Muster konservativ cVV;19.09.2012;0,0011463618;1.425,23;0,2384063632;243.779,19;0,001345236;0,00238000
Muster konservativ cVV;20.09.2012;0,0014066479;1.750,84;0,2401238434;245.530,03;0,001965302;0,00233000
Muster konservativ cVV;21.09.2012;0,0000753217;93,88;0,2402208760;245.623,91;-0,000169935;0,00228000
Muster konservativ cVV;22.09.2012;0,0000972488;121,22;0,2403394337;245.745,14;0;0,00228000
Muster konservativ cVV;23.09.2012;0,0000972394;121,22;0,2404579914;245.866,36;0;0,00228000
Muster konservativ cVV;24.09.2012;0,0010057143;1.253,90;0,2416895501;247.120,27;0,001082544;0,00225000
Muster konservativ cVV;25.09.2012;-0,0006780868;-846,28;0,2408670810;246.273,99;-0,001773346;0,00222000
Muster konservativ cVV;26.09.2012;-0,0005254905;-655,39;0,2402312688;245.618,61;0,003500648;0,00222000
Muster konservativ cVV;27.09.2012;0,0005086792;634,08;0,2408566328;246.252,69;-0,000498816;0,00221000
Muster konservativ cVV;28.09.2012;0,0003530603;440,32;0,2412924949;246.693,02;0,001122362;0,00220000
Muster konservativ cVV;29.09.2012;0,0000971820;121,24;0,2414110855;246.814,26;0;0,00220000
Muster konservativ cVV;30.09.2012;0,0000971725;121,24;0,2415296761;246.935,51;0;0,00220000
Muster konservativ cVV;01.10.2012;0,0000989822;123,51;0,2416556702;247.059,02;-0,001469738;0,00223000
Muster konservativ cVV;02.10.2012;-0,0010447547;-1.303,83;0,2403855062;245.755,20;0,001050846;0,00220000
Muster konservativ cVV;03.10.2012;-0,0003860434;-481,27;0,2399198788;245.273,93;0,000983736;0,00218000
Muster konservativ cVV;04.10.2012;0,0011613116;1.447,21;0,2413406448;246.721,14;0,001065554;0,00216000
Muster konservativ cVV;05.10.2012;0,0003103407;387,19;0,2417245357;247.108,33;-0,001450372;0,00215000
Muster konservativ cVV;06.10.2012;0,0001007689;125,76;0,2418475575;247.234,09;0;0,00215000
Muster konservativ cVV;07.10.2012;0,0001007588;125,76;0,2419705793;247.359,85;0;0,00215000
Muster konservativ cVV;08.10.2012;0,0010772656;1.344,72;0,2432911694;248.704,58;0,001632882;0,00214000
Muster konservativ cVV;09.10.2012;0,0004391196;548,73;0,2438331242;249.253,31;0,000048142;0,00212000
Muster konservativ cVV;10.10.2012;-0,0002902798;-362,90;0,2434832668;248.890,41;-0,000532386;0,00211000
Muster konservativ cVV;11.10.2012;-0,0000619603;-77,44;0,2434126483;248.812,97;-0,000206305;0,00210000
Muster konservativ cVV;12.10.2012;0,0003498140;437,17;0,2438454679;249.250,14;0,001938811;0,00210000
Muster konservativ cVV;13.10.2012;0,0001005963;125,76;0,2439685027;249.375,91;0;0,00210000
Muster konservativ cVV;14.10.2012;0,0001005862;125,76;0,2440915375;249.501,67;0;0,00210000
Muster konservativ cVV;15.10.2012;-0,0012309338;-1.539,18;0,2425908341;247.962,49;-0,000030132;0,00209000
Muster konservativ cVV;16.10.2012;-0,0003211914;-401,13;0,2422034769;247.561,36;-0,001903807;0,00208000
Muster konservativ cVV;17.10.2012;-0,0001032926;-128,96;0,2420823783;247.432,40;-0,001715099;0,00207000
Muster konservativ cVV;18.10.2012;0,0002506051;312,84;0,2423935207;247.745,24;0,000044283;0,00205000
Muster konservativ cVV;19.10.2012;-0,0004972281;-620,87;0,2417911067;247.124,38;0,000759974;0,00204000
Muster konservativ cVV;20.10.2012;0,0001007596;125,75;0,2419141446;247.250,13;0;0,00204000
Muster konservativ cVV;21.10.2012;0,0001007575;125,76;0,2420371923;247.375,89;0;0,00204000
Muster konservativ cVV;22.10.2012;-0,0002216779;-276,72;0,2417714779;247.099,17;-0,000600138;0,00204000
Muster konservativ cVV;23.10.2012;-0,0004541446;-566,78;0,2412219305;246.532,39;0,001205434;0,00203000
Muster konservativ cVV;24.10.2012;-0,0004162491;-519,25;0,2407188573;246.013,15;0,000567066;0,00202000
Muster konservativ cVV;25.10.2012;0,0010438320;1.301,58;0,2419974352;247.314,73;0,000082931;0,00201000
Muster konservativ cVV;26.10.2012;0,0001690331;210,99;0,2422088917;247.525,72;0,001521202;0,00199000
Muster konservativ cVV;27.10.2012;0,0001007352;125,76;0,2423319522;247.651,48;0;0,00199000
Muster konservativ cVV;28.10.2012;0,0001007171;125,75;0,2424550028;247.777,23;0;0,00199000
Muster konservativ cVV;29.10.2012;0,0003378593;421,88;0,2428728275;248.199,11;0,002443707;0,00196000
Muster konservativ cVV;30.10.2012;-0,0003161990;-394,97;0,2424913223;247.804,15;-0,000230026;0,00198000
Muster konservativ cVV;31.10.2012;0,0003504179;437,57;0,2429244999;248.241,72;0,000480487;0,00197000
Muster konservativ cVV;01.11.2012;0,0000195116;24,37;0,2429533277;248.266,09;0,000434199;0,00197000
Muster konservativ cVV;02.11.2012;-0,0005265192;-657,72;0,2423146394;247.608,38;0,001755028;0,00197000
Muster konservativ cVV;03.11.2012;0,0001004572;125,42;0,2424373809;247.733,80;0;0,00197000
Muster konservativ cVV;04.11.2012;0,0001004551;125,43;0,2425601322;247.859,23;0;0,00197000
Muster konservativ cVV;05.11.2012;0,0008139296;1.016,41;0,2435597844;248.875,64;0,001038304;0,00196000
Muster konservativ cVV;06.11.2012;0,0008852798;1.106,41;0,2446475469;249.982,06;0,000387881;0,00196000
Muster konservativ cVV;07.11.2012;0,0012939154;1.618,55;0,2462365651;251.600,61;0,002450631;0,00196000
Muster konservativ cVV;08.11.2012;0,0007593392;951,08;0,2471723848;252.551,69;0,000376675;0,00194000
Muster konservativ cVV;09.11.2012;0,0006400202;802,24;0,2479625599;253.353,94;0,000113883;0,00193000
Muster konservativ cVV;10.11.2012;0,0000999970;125,42;0,2480853139;253.479,36;0;0,00193000
Muster konservativ cVV;11.11.2012;0,0000999870;125,42;0,2482080679;253.604,78;0;0,00193000
Muster konservativ cVV;12.11.2012;0,0000404243;50,71;0,2482627176;253.655,50;0,000199103;0,00192000
Muster konservativ cVV;13.11.2012;0,0000289765;36,35;0,2483033047;253.691,85;-0,000154604;0,00192000
Muster konservativ cVV;14.11.2012;-0,0008312790;-1.042,93;0,2472875066;252.648,92;0,000158128;0,00191000
Muster konservativ cVV;15.11.2012;-0,0009663636;-1.211,40;0,2461067597;251.437,52;0,000168725;0,00191000
Muster konservativ cVV;16.11.2012;0,0009961209;1.247,49;0,2473327625;252.685,02;0,000488127;0,00191000
Muster konservativ cVV;17.11.2012;0,0001000504;125,42;0,2474555288;252.810,44;0;0,00191000
Muster konservativ cVV;18.11.2012;0,0001000404;125,42;0,2475782952;252.935,86;0;0,00191000
Muster konservativ cVV;19.11.2012;-0,0003010424;-377,46;0,2472137746;252.558,40;-0,000710913;0,00191000
Muster konservativ cVV;20.11.2012;-0,0000883734;-110,77;0,2471102796;252.447,63;-0,001787080;0,00190000
Muster konservativ cVV;21.11.2012;0,0000155884;19,54;0,2471343296;252.467,17;-0,000743772;0,00190000
Muster konservativ cVV;22.11.2012;0,0002932558;367,56;0,2474990497;252.834,73;0,000317575;0,00190000
Muster konservativ cVV;23.11.2012;0,0000455124;57,06;0,2475598212;252.891,79;0,000190439;0,00190000
Muster konservativ cVV;24.11.2012;0,0000773335;96,96;0,2476547380;252.988,75;0;0,00190000
Muster konservativ cVV;25.11.2012;0,0000773355;96,97;0,2477496646;253.085,72;0;0,00190000
Muster konservativ cVV;26.11.2012;0,0006453044;809,21;0,2485467389;253.894,93;0,001087199;0,00189000
Muster konservativ cVV;27.11.2012;-0,0000527880;-66,24;0,2484868092;253.828,69;-0,000763302;0,00189000
Muster konservativ cVV;28.11.2012;-0,0012614057;-1.582,74;0,2469422532;252.245,95;0,002268616;0,00188000
Muster konservativ cVV;29.11.2012;0,0005129205;642,77;0,2475763863;252.888,72;-0,000457215;0,00190000
Muster konservativ cVV;30.11.2012;-0,0004619859;-579,24;0,2470141717;252.309,49;0,000047592;0,00191000
Muster konservativ cVV;01.12.2012;0,0000773694;96,96;0,2471090978;252.406,45;0;0,00191000
Muster konservativ cVV;02.12.2012;0,0000778103;97,52;0,2472045723;252.503,97;0;0,00191000
Muster konservativ cVV;03.12.2012;-0,0003895980;-488,33;0,2467313336;252.015,64;-0,000785439;0,00190000
Muster konservativ cVV;04.12.2012;-0,0011529135;-1.444,52;0,2453219081;250.571,12;0,000876337;0,00191000
Muster konservativ cVV;05.12.2012;0,0003521986;440,77;0,2457582492;251.011,89;0,002311445;0,00190000
Muster konservativ cVV;06.12.2012;0,0021308548;2.667,67;0,2483749319;253.679,56;0,002405740;0,00190000
Muster konservativ cVV;07.12.2012;0,0008859615;1.111,52;0,2494680677;254.791,08;0,000613821;0,00187000
Muster konservativ cVV;08.12.2012;0,0000776705;97,53;0,2495635613;254.888,61;0;0,00187000
Muster konservativ cVV;09.12.2012;0,0000776565;97,52;0,2496590450;254.986,14;0;0,00187000
Muster konservativ cVV;10.12.2012;0,0006113714;767,82;0,2504156916;255.753,96;-0,000814906;0,00183000
Muster konservativ cVV;11.12.2012;-0,0011843459;-1.488,33;0,2489632571;254.265,63;-0,000075680;0,00181000
Muster konservativ cVV;12.12.2012;0,0002379192;298,63;0,2492604862;254.564,26;-0,000394399;0,00183000
Muster konservativ cVV;13.12.2012;-0,0009715257;-1.219,73;0,2480709632;253.344,53;0,000352651;0,00183000
Muster konservativ cVV;14.12.2012;-0,0000885614;-111,08;0,2479669786;253.233,45;-0,000539052;0,00184000
Muster konservativ cVV;15.12.2012;0,0000777589;97,52;0,2480624716;253.330,97;0;0,00184000
Muster konservativ cVV;16.12.2012;0,0000777609;97,53;0,2481579744;253.428,50;0;0,00184000
Muster konservativ cVV;17.12.2012;0,0002237597;280,67;0,2484375904;253.709,18;-0,000315817;0,00184000
Muster konservativ cVV;18.12.2012;-0,0016520337;-2.072,68;0,2464127117;251.636,50;-0,000796236;0,00184000
Muster konservativ cVV;19.12.2012;-0,0011947459;-1.496,48;0,2449519954;250.140,02;-0,000015927;0,00183000
Muster konservativ cVV;20.12.2012;-0,0020131185;-2.518,52;0,2424903526;247.621,50;0,000426187;0,00183000
Muster konservativ cVV;21.12.2012;0,0018315636;2.286,77;0,2447344126;249.908,27;0,001426096;0,00184000
Muster konservativ cVV;22.12.2012;0,0000779657;97,52;0,2448299148;250.005,79;0;0,00184000
Muster konservativ cVV;23.12.2012;0,0000779596;97,52;0,2449254169;250.103,31;0;0,00184000
Muster konservativ cVV;24.12.2012;0,0001169298;146,28;0,2450733419;250.249,59;0;0,00186000
Muster konservativ cVV;25.12.2012;0,0000779444;97,52;0,2451735112;250.347,11;0;0,00186000
Muster konservativ cVV;26.12.2012;0,0000779383;97,52;0,2452736754;250.444,64;0;0,00186000
Muster konservativ cVV;27.12.2012;0,0010217868;1.278,62;0,2465305700;251.723,26;0,001691771;0,00185000
Muster konservativ cVV;28.12.2012;0,0002572822;322,28;0,2468508734;252.045,54;0,001082972;0,00186000
Muster konservativ cVV;29.12.2012;0,0000778327;97,52;0,2469463847;252.143,06;0;0,00186000
Muster konservativ cVV;30.12.2012;0,0000778266;97,52;0,2470418959;252.240,58;0;0,00186000
Muster konservativ cVV;31.12.2012;-0,0001815251;-227,48;0,2468237665;252.013,10;0;0,00187000
Muster konservativ cVV;01.01.2013;0,0000778427;97,53;0,2469239435;252.110,63;0;0,00187000
Muster konservativ cVV;02.01.2013;0,0019267716;2.414,29;0,2492932553;254.524,92;-0,003526970;0,00188000
Muster konservativ cVV;03.01.2013;0,0000418508;52,54;0,2493493986;254.577,46;-0,001429629;0,00189000
Muster konservativ cVV;04.01.2013;-0,0019933309;-2.502,61;0,2469028114;252.074,86;-0,002337647;0,00191000
Muster konservativ cVV;05.01.2013;0,0000778468;97,54;0,2469983512;252.172,40;0;0,00191000
Muster konservativ cVV;06.01.2013;0,0000778407;97,54;0,2470938910;252.269,94;0;0,00191000
Muster konservativ cVV;07.01.2013;0,0000256077;32,09;0,2471299466;252.302,03;0,001060990;0,00192000
Muster konservativ cVV;08.01.2013;0,0016027899;2.008,64;0,2491020626;254.310,67;0,001330300;0,00192000
Muster konservativ cVV;09.01.2013;0,0006060998;760,79;0,2498519280;255.071,46;0,000899464;0,00192000
Muster konservativ cVV;10.01.2013;-0,0002687603;-337,56;0,2495259180;254.733,90;-0,002729023;0,00190000
Muster konservativ cVV;11.01.2013;-0,0025668106;-3.223,01;0,2463733771;251.510,89;-0,001390120;0,00195000
Muster konservativ cVV;12.01.2013;0,0000778819;97,54;0,2464689258;251.608,43;0;0,00195000
Muster konservativ cVV;13.01.2013;0,0000778758;97,54;0,2465644745;251.705,98;0;0,00195000
Muster konservativ cVV;14.01.2013;0,0002484722;311,24;0,2468739329;252.017,22;0,001056739;0,00199000
Muster konservativ cVV;15.01.2013;0,0007848329;983,34;0,2478417898;253.000,56;0,000748017;0,00202000
Muster konservativ cVV;16.01.2013;0,0005680941;712,34;0,2485441946;253.712,90;-0,000123672;0,00201000
Muster konservativ cVV;17.01.2013;-0,0010237780;-1.284,46;0,2472904599;252.428,44;-0,002779062;0,00204000
Muster konservativ cVV;18.01.2013;0,0003863440;484,22;0,2477693822;252.912,66;0,001335234;0,00209000
Muster konservativ cVV;19.01.2013;0,0000777948;97,54;0,2478649397;253.010,20;0;0,00209000
Muster konservativ cVV;20.01.2013;0,0000777887;97,54;0,2479604973;253.107,74;0;0,00209000
Muster konservativ cVV;21.01.2013;-0,0003830229;-480,32;0,2474944898;252.627,42;-0,001326303;0,00209000
Muster konservativ cVV;22.01.2013;0,0007859665;985,24;0,2484642654;253.612,67;0,000888684;0,00209000
Muster konservativ cVV;23.01.2013;-0,0000486469;-61,03;0,2484090188;253.551,64;0,001286901;0,00209000
Muster konservativ cVV;24.01.2013;-0,0012508589;-1.569,16;0,2468761930;251.982,48;-0,001567932;0,00211000
Muster konservativ cVV;25.01.2013;-0,0026722961;-3.348,11;0,2436003705;248.634,37;-0,003740335;0,00214000
Muster konservativ cVV;26.01.2013;0,0000780612;97,54;0,2436959368;248.731,91;0;0,00214000
Muster konservativ cVV;27.01.2013;0,0000780551;97,54;0,2437915030;248.829,45;0;0,00214000
Muster konservativ cVV;28.01.2013;-0,0022722744;-2.839,76;0,2410136231;245.989,69;-0,002523620;0,00224000
Muster konservativ cVV;29.01.2013;-0,0007560881;-942,77;0,2400942841;245.046,92;0,000443985;0,00226000
Muster konservativ cVV;30.01.2013;-0,0009361282;-1.166,38;0,2389558090;243.880,55;-0,001975192;0,00230000
Muster konservativ cVV;31.01.2013;-0,0008075382;-1.005,22;0,2379751931;242.875,33;0,001547914;0,00232000
Muster konservativ cVV;01.02.2013;0,0000321046;39,93;0,2380186157;242.915,26;0,001117604;0,00234000
Muster konservativ cVV;02.02.2013;0,0000671096;83,47;0,2381004059;242.998,73;0;0,00234000
Muster konservativ cVV;03.02.2013;0,0000671051;83,47;0,2381821961;243.082,20;0;0,00234000
Muster konservativ cVV;04.02.2013;0,0008644426;1.075,36;0,2392401930;244.157,57;0,002130146;0,00233000
Muster konservativ cVV;05.02.2013;-0,0006171593;-768,41;0,2384915512;243.389,16;-0,001585818;0,00233000
Muster konservativ cVV;06.02.2013;0,0014860915;1.849,15;0,2403078034;245.238,31;0,001437599;0,00233000
Muster konservativ cVV;07.02.2013;0,0022333135;2.783,05;0,2430392530;248.021,35;0,001939850;0,00232000
Muster konservativ cVV;08.02.2013;0,0000680559;85,00;0,2431268918;248.106,35;0,000013857;0,00227000
Muster konservativ cVV;09.02.2013;0,0000777163;97,07;0,2432220128;248.203,42;0;0,00227000
Muster konservativ cVV;10.02.2013;0,0000777022;97,06;0,2433171240;248.300,48;0;0,00227000
Muster konservativ cVV;11.02.2013;-0,0004815355;-601,54;0,2427319897;247.698,94;0,000195775;0,00227000
Muster konservativ cVV;12.02.2013;0,0000501030;62,56;0,2427976212;247.761,50;-0,000801009;0,00226000
Muster konservativ cVV;13.02.2013;0,0000496680;62,02;0,2428627179;247.823,52;-0,000842542;0,00226000
Muster konservativ cVV;14.02.2013;0,0009599373;1.198,71;0,2440417649;249.022,23;0,002546918;0,00226000
Muster konservativ cVV;15.02.2013;-0,0021479432;-2.684,79;0,2414149486;246.337,44;-0,000681264;0,00225000
Muster konservativ cVV;16.02.2013;0,0000778185;97,06;0,2415100683;246.434,50;0;0,00225000
Muster konservativ cVV;17.02.2013;0,0000778205;97,07;0,2416051977;246.531,56;0;0,00225000
Muster konservativ cVV;18.02.2013;0,0005330970;665,01;0,2422612038;247.196,57;0,001534359;0,00223000
Muster konservativ cVV;19.02.2013;0,0001698241;211,96;0,2424732127;247.408,53;0,000334095;0,00221000
Muster konservativ cVV;20.02.2013;-0,0019696768;-2.458,79;0,2400677012;244.949,74;-0,001168914;0,00221000
Muster konservativ cVV;21.02.2013;0,0010478030;1.305,42;0,2413513484;246.255,16;0,002829170;0,00220000
Muster konservativ cVV;22.02.2013;0,0004710744;587,51;0,2419314067;246.842,67;0,001506040;0,00218000
Muster konservativ cVV;23.02.2013;0,0000777870;97,06;0,2420265347;246.939,73;0;0,00218000
Muster konservativ cVV;24.02.2013;0,0000777809;97,06;0,2421216628;247.036,79;0;0,00218000
Muster konservativ cVV;25.02.2013;0,0009581866;1.195,77;0,2432979053;248.232,56;0,000104982;0,00213000
Muster konservativ cVV;26.02.2013;0,0026393997;3.281,16;0,2465194872;251.513,72;0,003698276;0,00210000
Muster konservativ cVV;27.02.2013;-0,0002334600;-290,99;0,2462399072;251.222,73;0,000131355;0,00210000
Muster konservativ cVV;28.02.2013;0,0003994822;497,81;0,2467334765;251.720,54;0,000418157;0,00209000
Muster konservativ cVV;01.03.2013;0,0003199001;398,80;0,2471300065;252.119,33;0,001415887;0,00206000
Muster konservativ cVV;02.03.2013;0,0000785574;97,96;0,2472260315;252.217,30;0;0,00206000
Muster konservativ cVV;03.03.2013;0,0000785432;97,95;0,2473220467;252.315,25;0;0,00206000
Muster konservativ cVV;04.03.2013;-0,0002983305;-372,09;0,2469629424;251.943,17;-0,000050290;0,00202000
Muster konservativ cVV;05.03.2013;-0,0002732442;-340,70;0,2466345817;251.602,47;-0,001056598;0,00200000
Muster konservativ cVV;06.03.2013;0,0009730431;1.212,91;0,2478291643;252.815,38;0,000563775;0,00200000
Muster konservativ cVV;07.03.2013;-0,0013825090;-1.725,00;0,2461437593;251.090,39;-0,002007163;0,00200000
Muster konservativ cVV;08.03.2013;0,0008532187;1.063,11;0,2471915122;252.153,50;-0,000401878;0,00201000
Muster konservativ cVV;09.03.2013;0,0000785473;97,95;0,2472875383;252.251,45;0;0,00201000
Muster konservativ cVV;10.03.2013;0,0000785491;97,96;0,2473835742;252.349,42;0;0,00201000
Muster konservativ cVV;11.03.2013;0,0004912386;612,70;0,2479898119;252.962,12;0,001330808;0,00201000
Muster konservativ cVV;12.03.2013;0,0006842539;853,86;0,2488324918;253.815,98;0,001133528;0,00201000
Muster konservativ cVV;13.03.2013;0,0010480282;1.308,70;0,2501211188;255.124,69;0,000462187;0,00203000
Muster konservativ cVV;14.03.2013;-0,0005471324;-683,94;0,2494561899;254.440,75;0,000106866;0,00204000
Muster konservativ cVV;15.03.2013;-0,0001898952;-237,25;0,2492291699;254.203,51;0,001034484;0,00204000
Muster konservativ cVV;16.03.2013;0,0000784264;97,96;0,2493252166;254.301,47;0;0,00204000
Muster konservativ cVV;17.03.2013;0,0000784122;97,95;0,2494212535;254.399,42;0;0,00204000
Muster konservativ cVV;18.03.2013;0,0010315780;1.288,76;0,2506903996;255.688,19;0,001538115;0,00206000
Muster konservativ cVV;19.03.2013;0,0016688797;2.087,10;0,2527423448;257.775,29;0,001836160;0,00207000
Muster konservativ cVV;20.03.2013;-0,0017272338;-2.163,69;0,2506264833;255.611,60;-0,001293637;0,00210000
Muster konservativ cVV;21.03.2013;0,0012623687;1.578,62;0,2521799238;257.190,23;0,000144942;0,00211000
Muster konservativ cVV;22.03.2013;-0,0010992351;-1.376,36;0,2508359446;255.813,87;-0,000310905;0,00215000
Muster konservativ cVV;23.03.2013;0,0000783174;97,95;0,2509319922;255.911,83;0;0,00215000
Muster konservativ cVV;24.03.2013;0,0000783193;97,96;0,2510280496;256.009,79;0;0,00215000
Muster konservativ cVV;25.03.2013;0,0013942532;1.744,10;0,2527438112;257.753,89;0,001634472;0,00214000
Muster konservativ cVV;26.03.2013;-0,0004988366;-624,88;0,2521366542;257.129,02;-0,000238802;0,00213000
Muster konservativ cVV;27.03.2013;0,0004669600;584,65;0,2527155325;257.713,67;0,001427848;0,00212000
Muster konservativ cVV;28.03.2013;-0,0017249318;-2.160,70;0,2506022607;255.552,97;-0,000456546;0,00211000
Muster konservativ cVV;29.03.2013;0,0000783417;97,96;0,2507038385;255.650,94;0;0,00211000
Muster konservativ cVV;30.03.2013;0,0000783276;97,95;0,2507998967;255.748,89;0;0,00211000
Muster konservativ cVV;31.03.2013;0,0000783295;97,96;0,2508959647;255.846,85;0;0,00211000
Muster konservativ cVV;01.04.2013;0,0003087752;386,20;0,2512802098;256.233,06;0;0,00211000
Muster konservativ cVV;02.04.2013;-0,0011245576;-1.406,99;0,2499058947;254.826,07;-0,000685646;0,00210000
Muster konservativ cVV;03.04.2013;-0,0004086422;-510,70;0,2494105133;254.315,38;0,001021286;0,00210000
Muster konservativ cVV;04.04.2013;0,0001043553;130,36;0,2495438103;254.445,74;0,001473141;0,00210000
Muster konservativ cVV;05.04.2013;0,0006763497;845,00;0,2503779909;255.290,74;-0,000046054;0,00210000
Muster konservativ cVV;06.04.2013;0,0000783582;97,96;0,2504740694;255.388,71;0;0,00210000
Muster konservativ cVV;07.04.2013;0,0000783440;97,95;0,2505701381;255.486,66;0;0,00210000
Muster konservativ cVV;08.04.2013;0,0011434450;1.429,76;0,2519778690;256.916,42;-0,000225448;0,00210000
Muster konservativ cVV;09.04.2013;0,0008993664;1.125,85;0,2530875766;258.042,28;-0,000239077;0,00211000
Muster konservativ cVV;10.04.2013;-0,0004759835;-596,39;0,2525081149;257.445,89;-0,000573852;0,00211000
Muster konservativ cVV;11.04.2013;0,0001935576;242,40;0,2527513382;257.688,30;0,000317862;0,00211000
Muster konservativ cVV;12.04.2013;-0,0036888581;-4.620,67;0,2482245553;253.067,63;0,001870776;0,00210000
Muster konservativ cVV;13.04.2013;0,0000879017;109,70;0,2483321556;253.177,33;0;0,00210000
Muster konservativ cVV;14.04.2013;0,0000879019;109,71;0,2484397656;253.287,03;0;0,00210000
Muster konservativ cVV;15.04.2013;-0,0064243690;-8.018,90;0,2405795137;245.268,13;0,000688618;0,00210000
Muster konservativ cVV;16.04.2013;0,0004927985;611,16;0,2411841812;245.879,29;-0,001073599;0,00210000
Muster konservativ cVV;17.04.2013;0,0009877956;1.225,65;0,2423916345;247.104,94;0,001795658;0,00210000
Muster konservativ cVV;18.04.2013;0,0005788639;718,96;0,2431020944;247.823,90;-0,000390683;0,00208000
Muster konservativ cVV;19.04.2013;-0,0000420961;-52,31;0,2430559805;247.771,59;-0,000700928;0,00208000
Muster konservativ cVV;20.04.2013;0,0000727413;90,39;0,2431446547;247.861,98;0;0,00208000
Muster konservativ cVV;21.04.2013;0,0000727280;90,38;0,2432333190;247.952,37;0;0,00208000
Muster konservativ cVV;22.04.2013;0,0033248518;4.132,34;0,2472923015;252.084,71;0,001738782;0,00208000
Muster konservativ cVV;23.04.2013;-0,0000305257;-38,07;0,2472602348;252.046,65;-0,000330521;0,00207000
Muster konservativ cVV;24.04.2013;0,0020427234;2.547,19;0,2497643768;254.593,84;0,000687339;0,00206000
Muster konservativ cVV;25.04.2013;0,0018114217;2.263,38;0,2519901837;256.857,23;-0,000051200;0,00206000
Muster konservativ cVV;26.04.2013;0,0001783031;223,19;0,2522145016;257.080,42;0,001009723;0,00207000
Muster konservativ cVV;27.04.2013;0,0000722005;90,39;0,2523031852;257.170,82;0;0,00207000
Muster konservativ cVV;28.04.2013;0,0000721873;90,38;0,2523918590;257.261,20;0;0,00207000
Muster konservativ cVV;29.04.2013;0,0009069378;1.135,64;0,2535113791;258.396,84;0,000639337;0,00207000
Muster konservativ cVV;30.04.2013;0,0000484992;60,78;0,2535763770;258.457,63;-0,000287716;0,00207000
Muster konservativ cVV;01.05.2013;0,0002302946;288,64;0,2538649296;258.746,27;0;0,00207000
Muster konservativ cVV;02.05.2013;0,0026347856;3.303,12;0,2571111579;262.049,40;0,002734824;0,00207000
Muster konservativ cVV;03.05.2013;-0,0001712266;-215,23;0,2569053929;261.834,17;-0,001928504;0,00201000
Muster konservativ cVV;04.05.2013;0,0000720388;90,53;0,2569942232;261.924,71;0;0,00201000
Muster konservativ cVV;05.05.2013;0,0000720256;90,52;0,2570830437;262.015,23;0;0,00201000
Muster konservativ cVV;06.05.2013;0,0002558813;321,62;0,2574040196;262.336,86;0,000403431;0,00202000
Muster konservativ cVV;07.05.2013;-0,0016777689;-2.109,38;0,2553396607;260.227,48;-0,002014378;0,00202000
Muster konservativ cVV;08.05.2013;0,0011278292;1.415,58;0,2567340294;261.643,07;0,001765995;0,00203000
Muster konservativ cVV;09.05.2013;0,0009713248;1.220,52;0,2579370426;262.863,59;0,000443578;0,00203000
Muster konservativ cVV;10.05.2013;-0,0020420992;-2.568,51;0,2554220025;260.295,08;-0,003246043;0,00203000
Muster konservativ cVV;11.05.2013;0,0000721191;90,52;0,2555108323;260.385,61;0;0,00203000
Muster konservativ cVV;12.05.2013;0,0000721139;90,52;0,2555996621;260.476,13;0;0,00203000
Muster konservativ cVV;13.05.2013;0,0001835482;230,42;0,2558310989;260.706,56;0,001050179;0,00203000
Muster konservativ cVV;14.05.2013;-0,0007559894;-949,24;0,2549049127;259.757,32;-0,000420890;0,00203000
Muster konservativ cVV;15.05.2013;-0,0008810482;-1.105,43;0,2538254033;258.651,90;-0,000213737;0,00203000
Muster konservativ cVV;16.05.2013;-0,0006082455;-762,48;0,2530823973;257.889,42;0,002324237;0,00202000
Muster konservativ cVV;17.05.2013;-0,0000853410;-106,92;0,2529827052;257.782,51;0,000820560;0,00200000
Muster konservativ cVV;18.05.2013;0,0000722638;90,52;0,2530715442;257.873,03;0;0,00200000
Muster konservativ cVV;19.05.2013;0,0000722586;90,52;0,2531603832;257.963,56;0;0,00200000
Muster konservativ cVV;20.05.2013;-0,0009349485;-1.171,38;0,2520160197;256.792,18;-0,001662470;0,00199000
Muster konservativ cVV;21.05.2013;0,0003177461;397,72;0,2524115475;257.189,90;-0,001332690;0,00198000
Muster konservativ cVV;22.05.2013;0,0006078209;761,05;0,2531636694;257.950,96;0,001166027;0,00199000
Muster konservativ cVV;23.05.2013;-0,0008768989;-1.098,64;0,2520905995;256.852,32;-0,001392528;0,00199000
Muster konservativ cVV;24.05.2013;-0,0005746566;-719,34;0,2513897525;256.132,99;0,000248055;0,00200000
Muster konservativ cVV;25.05.2013;0,0000723591;90,52;0,2514786007;256.223,51;0;0,00200000
Muster konservativ cVV;26.05.2013;0,0000723538;90,52;0,2515674488;256.314,04;0;0,00200000
Muster konservativ cVV;27.05.2013;-0,0004249950;-531,77;0,2510506680;255.782,27;-0,000935898;0,00201000
Muster konservativ cVV;28.05.2013;0,0010204757;1.276,30;0,2523085166;257.058,58;-0,000857775;0,00199000
Muster konservativ cVV;29.05.2013;-0,0019665020;-2.462,01;0,2498971012;254.596,57;-0,002167057;0,00200000
Muster konservativ cVV;30.05.2013;0,0006094185;761,47;0,2506496225;255.358,05;0,000160771;0,00200000
Muster konservativ cVV;31.05.2013;-0,0014446997;-1.806,27;0,2488817183;253.551,78;0,000445110;0,00200000
Muster konservativ cVV;01.06.2013;0,0000725087;90,52;0,2489705756;253.642,30;0;0,00200000
Muster konservativ cVV;02.06.2013;0,0000716704;89,48;0,2490584119;253.731,79;0;0,00200000
Muster konservativ cVV;03.06.2013;-0,0012394277;-1.547,61;0,2475443331;252.184,18;-0,001476810;0,00200000
Muster konservativ cVV;04.06.2013;-0,0016725840;-2.085,88;0,2455018070;250.098,31;-0,000524561;0,00200000
Muster konservativ cVV;05.06.2013;0,0003680323;458,20;0,2459565630;250.556,51;0,000160046;0,00200000
Muster konservativ cVV;06.06.2013;-0,0030297202;-3.773,43;0,2422573031;246.783,09;-0,002353860;0,00200000
Muster konservativ cVV;07.06.2013;-0,0027481505;-3.412,37;0,2389123279;243.370,72;-0,000662330;0,00203000
Muster konservativ cVV;08.06.2013;0,0000759986;94,11;0,2390047117;243.464,82;0;0,00203000
Muster konservativ cVV;09.06.2013;0,0000759928;94,11;0,2390970955;243.558,93;0;0,00203000
Muster konservativ cVV;10.06.2013;-0,0003152611;-390,44;0,2387186077;243.168,49;-0,001278705;0,00204000
Muster konservativ cVV;11.06.2013;-0,0042966852;-5.319,65;0,2335009955;237.848,84;-0,001804513;0,00205000
Muster konservativ cVV;12.06.2013;0,0010836999;1.335,94;0,2348172261;239.184,79;0,000372508;0,00208000
Muster konservativ cVV;13.06.2013;-0,0016017632;-1.976,73;0,2328812489;237.208,05;0,001024969;0,00209000
Muster konservativ cVV;14.06.2013;0,0021045302;2.593,04;0,2354316908;239.801,09;0,002466862;0,00209000
Muster konservativ cVV;15.06.2013;0,0000750836;92,71;0,2355227085;239.893,80;0;0,00209000
Muster konservativ cVV;16.06.2013;0,0000750699;92,70;0,2356137163;239.986,49;0;0,00209000
Muster konservativ cVV;17.06.2013;0,0007668531;946,99;0,2365481659;240.933,48;0,000330239;0,00210000
Muster konservativ cVV;18.06.2013;-0,0019762586;-2.442,35;0,2341549290;238.491,13;-0,002240277;0,00210000
Muster konservativ cVV;19.06.2013;0,0001832139;225,98;0,2343814559;238.717,10;0,000645336;0,00212000
Muster konservativ cVV;20.06.2013;-0,0088361246;-10.900,51;0,2236833595;227.816,59;-0,007078472;0,00214000
Muster konservativ cVV;21.06.2013;-0,0019161737;-2.342,96;0,2213872897;225.473,63;-0,002644152;0,00216000
Muster konservativ cVV;22.06.2013;0,0000759569;92,70;0,2214783066;225.566,32;0;0,00216000
Muster konservativ cVV;23.06.2013;0,0000759512;92,70;0,2215693235;225.659,02;0;0,00216000
Muster konservativ cVV;24.06.2013;-0,0050735645;-6.192,65;0,2154931635;219.466,37;-0,005097230;0,00221000
Muster konservativ cVV;25.06.2013;-0,0011688214;-1.419,39;0,2141036939;218.046,98;0,001832354;0,00225000
Muster konservativ cVV;26.06.2013;-0,0008194110;-993,91;0,2131319558;217.053,06;0,002561923;0,00222000
Muster konservativ cVV;27.06.2013;0,0037241515;4.513,55;0,2175682454;221.566,61;0,002004710;0,00219000
Muster konservativ cVV;28.06.2013;-0,0001309953;-159,35;0,2174160385;221.407,26;0,000833185;0,00218000
Muster konservativ cVV;29.06.2013;0,0000762109;92,70;0,2175070644;221.499,95;0;0,00218000
Muster konservativ cVV;30.06.2013;0,0000762051;92,70;0,2175980902;221.592,65;0;0,00218000
Muster konservativ cVV;01.07.2013;0,0031039688;3.776,00;0,2213103585;225.368,65;0,000565021;0,00222000
Muster konservativ cVV;02.07.2013;0,0014501457;1.769,59;0,2230524464;227.138,23;0,001134005;0,00221000
Muster konservativ cVV;03.07.2013;0,0000751497;91,84;0,2231469924;227.230,07;0,001035288;0,00222000
Muster konservativ cVV;04.07.2013;0,0011458449;1.400,39;0,2245265965;228.630,46;0,001963118;0,00222000
Muster konservativ cVV;05.07.2013;0,0003439217;420,80;0,2249442280;229.051,26;-0,000739590;0,00217000
Muster konservativ cVV;06.07.2013;0,0000713042;87,27;0,2250299369;229.138,53;0;0,00217000
Muster konservativ cVV;07.07.2013;0,0000712991;87,27;0,2251156459;229.225,81;0;0,00217000
Muster konservativ cVV;08.07.2013;0,0006828830;835,94;0,2259409943;230.061,75;0,001699843;0,00217000
Muster konservativ cVV;09.07.2013;0,0028150969;3.448,42;0,2293321035;233.510,18;0,002236026;0,00217000
Muster konservativ cVV;10.07.2013;-0,0004432072;-544,45;0,2288018331;232.965,73;-0,001066489;0,00217000
Muster konservativ cVV;11.07.2013;0,0004699842;577,08;0,2293730403;233.542,81;0,000562007;0,00218000
Muster konservativ cVV;12.07.2013;0,0015656674;1.923,35;0,2312665208;235.466,17;0,001442526;0,00220000
Muster konservativ cVV;13.07.2013;0,0000709325;87,27;0,2313522381;235.553,44;0;0,00220000
Muster konservativ cVV;14.07.2013;0,0000709274;87,27;0,2314379554;235.640,72;0;0,00220000
Muster konservativ cVV;15.07.2013;0,0003594205;442,29;0,2318768247;236.083,00;-0,000703264;0,00219000
Muster konservativ cVV;16.07.2013;0,0010024593;1.234,02;0,2330933498;237.317,03;0,001258114;0,00219000
Muster konservativ cVV;17.07.2013;0,0007460243;919,27;0,2340007600;238.236,30;0,000637124;0,00220000
Muster konservativ cVV;18.07.2013;0,0012757363;1.573,17;0,2355504844;239.809,47;0,000973302;0,00220000
Muster konservativ cVV;19.07.2013;0,0007757995;957,90;0,2364958997;240.767,37;-0,000018082;0,00220000
Muster konservativ cVV;20.07.2013;0,0000677644;83,74;0,2365781493;240.851,11;0;0,00220000
Muster konservativ cVV;21.07.2013;0,0000677598;83,74;0,2366603989;240.934,84;0;0,00220000
Muster konservativ cVV;22.07.2013;0,0019117113;2.362,59;0,2389856394;243.297,43;-0,000113628;0,00221000
Muster konservativ cVV;23.07.2013;0,0007028974;870,34;0,2398451292;244.167,76;-0,001626011;0,00224000
Muster konservativ cVV;24.07.2013;-0,0018658300;-2.311,91;0,2375786716;241.855,85;-0,002878609;0,00225000
Muster konservativ cVV;25.07.2013;-0,0000702353;-86,86;0,2374978620;241.768,98;-0,000708585;0,00225000
Muster konservativ cVV;26.07.2013;-0,0011296634;-1.397,03;0,2361299930;240.371,95;0,000519738;0,00226000
Muster konservativ cVV;27.07.2013;0,0000677861;83,74;0,2362122504;240.455,68;0;0,00226000
Muster konservativ cVV;28.07.2013;0,0000677815;83,74;0,2362945078;240.539,42;0;0,00226000
Muster konservativ cVV;29.07.2013;0,0009273079;1.145,65;0,2374244380;241.685,06;0,000253293;0,00226000
Muster konservativ cVV;30.07.2013;-0,0000723437;-89,46;0,2373410488;241.595,60;0,000114620;0,00227000
Muster konservativ cVV;31.07.2013;-0,0008142005;-1.006,77;0,2363564796;240.588,84;0,000150112;0,00228000
Muster konservativ cVV;01.08.2013;0,0013735994;1.697,09;0,2380282020;242.285,92;0,000254554;0,00228000
Muster konservativ cVV;02.08.2013;-0,0009730484;-1.203,85;0,2368499649;241.082,07;0,000756728;0,00228000
Muster konservativ cVV;03.08.2013;0,0000679170;83,95;0,2369324364;241.166,01;0;0,00228000
Muster konservativ cVV;04.08.2013;0,0000679205;83,96;0,2370149178;241.249,97;0;0,00228000
Muster konservativ cVV;05.08.2013;-0,0001392250;-172,10;0,2368502890;241.077,86;-0,000937933;0,00227000
Muster konservativ cVV;06.08.2013;-0,0009658683;-1.193,80;0,2356818445;239.884,06;-0,000165652;0,00228000
Muster konservativ cVV;07.08.2013;-0,0000207766;-25,65;0,2356610570;239.858,40;0,000435758;0,00227000
Muster konservativ cVV;08.08.2013;0,0010033798;1.238,95;0,2368827551;241.097,35;0,000581504;0,00227000
Muster konservativ cVV;09.08.2013;0,0016361468;2.022,30;0,2388741622;243.119,64;0,000168030;0,00227000
Muster konservativ cVV;10.08.2013;0,0000678133;83,96;0,2389566512;243.203,60;0;0,00227000
Muster konservativ cVV;11.08.2013;0,0000678007;83,95;0,2390391305;243.287,54;0;0,00227000
Muster konservativ cVV;12.08.2013;0,0012754756;1.579,30;0,2405953354;244.866,84;0,000077478;0,00226000
Muster konservativ cVV;13.08.2013;-0,0014104555;-1.748,65;0,2388816334;243.118,18;-0,004333637;0,00225000
Muster konservativ cVV;14.08.2013;0,0003688073;456,60;0,2393347220;243.574,78;0,000567430;0,00226000
Muster konservativ cVV;15.08.2013;-0,0009574454;-1.185,78;0,2381740001;242.388,99;-0,002297545;0,00226000
Muster konservativ cVV;16.08.2013;0,0014957419;1.850,69;0,2399969507;244.239,68;0,000367935;0,00226000
Muster konservativ cVV;17.08.2013;0,0000677440;83,95;0,2400794377;244.323,62;0;0,00226000
Muster konservativ cVV;18.08.2013;0,0000677394;83,95;0,2401619246;244.407,57;0;0,00226000
Muster konservativ cVV;19.08.2013;-0,0012590805;-1.560,40;0,2386330410;242.847,16;-0,000833715;0,00226000
Muster konservativ cVV;20.08.2013;-0,0007242555;-896,45;0,2377565342;241.950,71;0,001549494;0,00225000
Muster konservativ cVV;21.08.2013;-0,0003773210;-466,69;0,2373023058;241.484,01;-0,001652848;0,00224000
Muster konservativ cVV;22.08.2013;-0,0005861747;-724,74;0,2365944672;240.759,27;-0,001509744;0,00224000
Muster konservativ cVV;23.08.2013;0,0013440108;1.660,76;0,2382308750;242.420,03;-0,001535899;0,00225000
Muster konservativ cVV;24.08.2013;0,0000714472;88,40;0,2383177514;242.508,43;0;0,00225000
Muster konservativ cVV;25.08.2013;0,0000714421;88,40;0,2384046278;242.596,83;0;0,00225000
Muster konservativ cVV;26.08.2013;0,0009443025;1.168,58;0,2395574144;243.765,42;0,001958563;0,00225000
Muster konservativ cVV;27.08.2013;0,0017345503;2.148,55;0,2416733037;245.913,97;0,001670106;0,00225000
Muster konservativ cVV;28.08.2013;-0,0003706729;-457,79;0,2412289514;245.456,18;-0,001189952;0,00225000
Muster konservativ cVV;29.08.2013;0,0000249152;30,76;0,2412647168;245.486,94;0,000970707;0,00225000
Muster konservativ cVV;30.08.2013;0,0000759028;93,71;0,2413623434;245.580,65;0,000199557;0,00224000
Muster konservativ cVV;31.08.2013;0,0000667439;82,41;0,2414433360;245.663,06;0;0,00224000
Muster konservativ cVV;01.09.2013;0,0000707575;87,37;0,2415292048;245.750,43;0;0,00224000
Muster konservativ cVV;02.09.2013;-0,0007651872;-944,90;0,2406060374;244.805,52;-0,001965036;0,00225000
Muster konservativ cVV;03.09.2013;0,0004244690;523,76;0,2411263178;245.329,28;-0,001521468;0,00225000
Muster konservativ cVV;04.09.2013;-0,0016545148;-2.042,40;0,2391243587;243.286,88;0,000536823;0,00225000
Muster konservativ cVV;05.09.2013;-0,0020455160;-2.520,89;0,2366519855;240.765,99;-0,003947882;0,00225000
Muster konservativ cVV;06.09.2013;0,0005240244;644,49;0,2372908507;241.410,48;0,003977800;0,00225000
Muster konservativ cVV;07.09.2013;0,0000709939;87,36;0,2373767195;241.497,84;0;0,00225000
Muster konservativ cVV;08.09.2013;0,0000709807;87,35;0,2374625784;241.585,19;0;0,00225000
Muster konservativ cVV;09.09.2013;0,0005072002;624,21;0,2380815370;242.209,40;0,000012213;0,00225000
Muster konservativ cVV;10.09.2013;-0,0027451364;-3.380,14;0,2347643168;238.829,25;-0,002250819;0,00225000
Muster konservativ cVV;11.09.2013;-0,0000293040;-35,98;0,2347342537;238.793,27;0,001430735;0,00224000
Muster konservativ cVV;12.09.2013;-0,0015339086;-1.883,49;0,2328880336;236.909,78;0,002459610;0,00224000
Muster konservativ cVV;13.09.2013;-0,0007954819;-975,28;0,2319345399;235.934,50;0,000324904;0,00223000
Muster konservativ cVV;14.09.2013;0,0000709396;86,90;0,2320199709;236.021,40;0;0,00223000
Muster konservativ cVV;15.09.2013;0,0000709428;86,91;0,2321054117;236.108,32;0;0,00223000
Muster konservativ cVV;16.09.2013;0,0014367254;1.760,30;0,2338411348;237.868,62;0,002210680;0,00223000
Muster konservativ cVV;17.09.2013;-0,0003636617;-446,21;0,2334077283;237.422,42;-0,001136272;0,00222000
Muster konservativ cVV;18.09.2013;-0,0002901067;-355,83;0,2330631475;237.066,59;-0,001218014;0,00222000
Muster konservativ cVV;19.09.2013;0,0072509979;8.891,01;0,2418094311;245.957,61;0,004072609;0,00221000
Muster konservativ cVV;20.09.2013;-0,0012133943;-1.498,63;0,2403414545;244.458,98;-0,000601969;0,00221000
Muster konservativ cVV;21.09.2013;0,0000704575;86,91;0,2404269049;244.545,89;0;0,00221000
Muster konservativ cVV;22.09.2013;0,0000704445;86,90;0,2405123454;244.632,80;0;0,00221000
Muster konservativ cVV;23.09.2013;-0,0000451923;-55,76;0,2404628971;244.577,04;0,001638268;0,00221000
Muster konservativ cVV;24.09.2013;-0,0002124245;-262,07;0,2402105938;244.314,98;0,002425050;0,00221000
Muster konservativ cVV;25.09.2013;0,0010682796;1.317,64;0,2415114768;245.632,62;0,000384013;0,00221000
Muster konservativ cVV;26.09.2013;-0,0009950772;-1.228,67;0,2403087644;244.403,96;-0,000035695;0,00221000
Muster konservativ cVV;27.09.2013;0,0005181324;639,12;0,2409425244;245.043,08;0,001559264;0,00224000
Muster konservativ cVV;28.09.2013;0,0000704161;86,90;0,2410279744;245.129,98;0;0,00224000
Muster konservativ cVV;29.09.2013;0,0000704192;86,91;0,2411134343;245.216,90;0;0,00224000
Muster konservativ cVV;30.09.2013;-0,0002040751;-251,90;0,2408710885;244.965,00;0,000058198;0,00225000
Muster konservativ cVV;01.10.2013;-0,0019963477;-2.463,65;0,2384538885;242.501,36;-0,000780116;0,00225000
Muster konservativ cVV;02.10.2013;0,0018174578;2.238,40;0,2406602458;244.739,76;0,000410982;0,00225000
Muster konservativ cVV;03.10.2013;-0,0005323297;-656,82;0,2400196689;244.082,95;-0,000406506;0,00224000
Muster konservativ cVV;04.10.2013;-0,0003300418;-407,01;0,2396247120;243.675,94;-0,000514281;0,00225000
Muster konservativ cVV;05.10.2013;0,0000705672;86,99;0,2397102600;243.762,93;0;0,00225000
Muster konservativ cVV;06.10.2013;0,0000705622;86,99;0,2397958080;243.849,93;0;0,00225000
Muster konservativ cVV;07.10.2013;0,0021269801;2.622,48;0,2423800178;246.472,41;0,001450628;0,00225000
Muster konservativ cVV;08.10.2013;0,0007565608;934,79;0,2433046283;247.407,21;-0,000722332;0,00227000
Muster konservativ cVV;09.10.2013;-0,0012830423;-1.586,51;0,2417497254;245.820,70;-0,000068303;0,00228000
Muster konservativ cVV;10.10.2013;-0,0001909544;-235,82;0,2415230966;245.584,89;-0,001123826;0,00227000
Muster konservativ cVV;11.10.2013;-0,0017474788;-2.157,61;0,2394064031;243.427,28;0,000926291;0,00227000
Muster konservativ cVV;12.10.2013;0,0000705814;86,99;0,2394919604;243.514,27;0;0,00227000
Muster konservativ cVV;13.10.2013;0,0000705764;86,99;0,2395775178;243.601,27;0;0,00227000
Muster konservativ cVV;14.10.2013;0,0009869163;1.216,58;0,2407792555;244.817,85;0,000301771;0,00227000
Muster konservativ cVV;15.10.2013;0,0002351385;290,14;0,2410698602;245.108,00;-0,001252983;0,00225000
Muster konservativ cVV;16.10.2013;0,0003888241;479,89;0,2415470971;245.587,89;-0,001343011;0,00225000
Muster konservativ cVV;17.10.2013;0,0034801463;4.296,93;0,2457786639;249.884,83;0,003086411;0,00224000
Muster konservativ cVV;18.10.2013;0,0003548795;439,69;0,2462164665;250.324,52;0,001287060;0,00224000
Muster konservativ cVV;19.10.2013;0,0000701886;86,99;0,2463020332;250.411,51;0;0,00224000
Muster konservativ cVV;20.10.2013;0,0000701837;86,99;0,2463875998;250.498,51;0;0,00224000
Muster konservativ cVV;21.10.2013;0,0009036587;1.120,18;0,2474947536;251.618,69;-0,000312106;0,00223000
Muster konservativ cVV;22.10.2013;0,0021749245;2.698,49;0,2501544222;254.317,19;0,002264218;0,00223000
Muster konservativ cVV;23.10.2013;0,0015580664;1.937,34;0,2520654897;256.254,53;0,000453481;0,00222000
Muster konservativ cVV;24.10.2013;0,0007653849;953,18;0,2530085383;257.207,72;-0,000475898;0,00225000
Muster konservativ cVV;25.10.2013;0,0005716606;712,47;0,2537148309;257.920,19;0,000101032;0,00228000
Muster konservativ cVV;26.10.2013;0,0000742496;92,59;0,2538059127;258.012,78;0;0,00228000
Muster konservativ cVV;27.10.2013;0,0000742440;92,59;0,2538969946;258.105,37;0;0,00228000
Muster konservativ cVV;28.10.2013;0,0003229844;402,83;0,2542987148;258.508,20;0,000612491;0,00229000
Muster konservativ cVV;29.10.2013;0,0007975921;995,09;0,2552830718;259.503,29;0,000653694;0,00228000
Muster konservativ cVV;30.10.2013;0,0008865357;1.106,94;0,2563774957;260.610,24;0,002055499;0,00228000
Muster konservativ cVV;31.10.2013;-0,0006465176;-807,97;0,2555881101;259.802,27;0,001559533;0,00230000
Muster konservativ cVV;01.11.2013;0,0015189933;1.897,09;0,2574599198;261.699,36;-0,000143571;0,00226000
Muster konservativ cVV;02.11.2013;0,0000736894;92,17;0,2575505982;261.791,53;0;0,00226000
Muster konservativ cVV;03.11.2013;0,0000736840;92,17;0,2576412766;261.883,70;0;0,00226000
Muster konservativ cVV;04.11.2013;0,0005433447;679,72;0,2583154867;262.563,42;0,000608796;0,00227000
Muster konservativ cVV;05.11.2013;-0,0015380020;-1.925,08;0,2564270046;260.638,35;-0,002592507;0,00227000
Muster konservativ cVV;06.11.2013;0,0002717916;339,67;0,2567666375;260.978,02;0,000211900;0,00228000
Muster konservativ cVV;07.11.2013;0,0005210199;651,32;0,2574129038;261.629,34;0,003372067;0,00228000
Muster konservativ cVV;08.11.2013;-0,0008185377;-1.023,78;0,2564110499;260.605,56;-0,002523186;0,00217000
Muster konservativ cVV;09.11.2013;0,0000737459;92,16;0,2565017281;260.697,72;0;0,00217000
Muster konservativ cVV;10.11.2013;0,0000737485;92,17;0,2565924161;260.789,89;0;0,00217000
Muster konservativ cVV;11.11.2013;-0,0007319125;-914,82;0,2556977237;259.875,08;0,000443048;0,00218000
Muster konservativ cVV;12.11.2013;-0,0010268633;-1.282,54;0,2544411682;258.592,54;-0,000461945;0,00218000
Muster konservativ cVV;13.11.2013;-0,0003890173;-485,38;0,2539689305;258.107,16;0,001579888;0,00218000
Muster konservativ cVV;14.11.2013;0,0014138432;1.763,37;0,2557094069;259.870,53;0,000716704;0,00217000
Muster konservativ cVV;15.11.2013;-0,0003433424;-428,83;0,2552928048;259.441,70;-0,000528316;0,00218000
Muster konservativ cVV;16.11.2013;0,0000735424;91,82;0,2553831580;259.533,52;0;0,00218000
Muster konservativ cVV;17.11.2013;0,0000735369;91,82;0,2554735111;259.625,34;0;0,00218000
Muster konservativ cVV;18.11.2013;0,0004299237;536,86;0,2560071539;260.162,21;0,000895516;0,00218000
Muster konservativ cVV;19.11.2013;-0,0002905676;-363,00;0,2556553037;259.799,21;-0,001108461;0,00218000
Muster konservativ cVV;20.11.2013;-0,0005562035;-694,65;0,2549770636;259.104,56;0,000726775;0,00219000
Muster konservativ cVV;21.11.2013;-0,0013867219;-1.730,93;0,2532789933;257.373,63;-0,001095728;0,00217000
Muster konservativ cVV;22.11.2013;0,0005043555;628,67;0,2539029527;258.002,30;-0,001013154;0,00223000
Muster konservativ cVV;23.11.2013;0,0000736272;91,82;0,2539933153;258.094,12;0;0,00223000
Muster konservativ cVV;24.11.2013;0,0000736218;91,82;0,2540836779;258.185,95;0;0,00223000
Muster konservativ cVV;25.11.2013;0,0008650475;1.078,97;0,2551508132;259.264,92;0,001321600;0,00227000
Muster konservativ cVV;26.11.2013;-0,0007005728;-874,58;0,2542953943;258.390,34;0,000967245;0,00230000
Muster konservativ cVV;27.11.2013;0,0008099560;1.010,42;0,2552950968;259.400,76;-0,000153681;0,00230000
Muster konservativ cVV;28.11.2013;0,0005890383;735,42;0,2560241794;260.136,18;0,000006650;0,00233000
Muster konservativ cVV;29.11.2013;0,0016859120;2.106,12;0,2581023450;262.242,30;0,000365358;0,00234000
Muster konservativ cVV;30.11.2013;0,0000733778;91,82;0,2581927170;262.334,12;0;0,00234000
Muster konservativ cVV;01.12.2013;0,0000733724;91,82;0,2582830890;262.425,95;0;0,00234000
Muster konservativ cVV;02.12.2013;-0,0023066258;-2.886,83;0,2554471070;259.539,12;-0,000999396;0,00236000
Muster konservativ cVV;03.12.2013;-0,0034891095;-4.356,68;0,2511642943;255.182,44;0,000204600;0,00239000
Muster konservativ cVV;04.12.2013;-0,0007901095;-983,13;0,2502017950;254.199,31;-0,003389192;0,00239000
Muster konservativ cVV;05.12.2013;-0,0017269041;-2.147,08;0,2480935787;252.052,23;-0,002375632;0,00240000
Muster konservativ cVV;06.12.2013;0,0001534701;190,48;0,2482861622;252.242,71;0,000641681;0,00248000
Muster konservativ cVV;07.12.2013;0,0000739689;91,82;0,2483765435;252.334,54;0;0,00248000
Muster konservativ cVV;08.12.2013;0,0000739634;91,82;0,2484669247;252.426,36;0;0,00248000
Muster konservativ cVV;09.12.2013;0,0015149853;1.880,91;0,2503234608;254.307,27;0,000225399;0,00255000
Muster konservativ cVV;10.12.2013;0,0010318500;1.283,02;0,2515915289;255.590,29;0,000270786;0,00260000
Muster konservativ cVV;11.12.2013;0,0007349323;914,77;0,2524971449;256.505,06;-0,000087826;0,00267000
Muster konservativ cVV;12.12.2013;0,0007401327;921,92;0,2534098283;257.426,98;-0,001061538;0,00277000
Muster konservativ cVV;13.12.2013;0,0004835162;602,72;0,2540083156;258.029,70;0,000365082;0,00282000
Muster konservativ cVV;14.12.2013;0,0000736256;91,82;0,2540987061;258.121,53;0;0,00282000
Muster konservativ cVV;15.12.2013;0,0000736202;91,82;0,2541890966;258.213,35;0;0,00282000
Muster konservativ cVV;16.12.2013;0,0013266966;1.654,82;0,2558233281;259.868,17;0,000132517;0,00290000
Muster konservativ cVV;17.12.2013;-0,0001893373;-236,48;0,2555957181;259.631,69;0,000568055;0,00298000
Muster konservativ cVV;18.12.2013;-0,0004477129;-559,08;0,2550504993;259.072,61;-0,000749585;0,00298000
Muster konservativ cVV;19.12.2013;-0,0006394317;-798,13;0,2542699069;258.274,48;-0,000276686;0,00293000
Muster konservativ cVV;20.12.2013;0,0005081198;633,82;0,2548990510;258.908,31;-0,000336067;0,00292000
Muster konservativ cVV;21.12.2013;0,0000735738;91,82;0,2549894506;259.000,13;0;0,00292000
Muster konservativ cVV;22.12.2013;0,0000735684;91,82;0,2550798503;259.091,95;0;0,00292000
Muster konservativ cVV;23.12.2013;-0,0004711800;-588,13;0,2545059634;258.503,82;-0,000338939;0,00294000
Muster konservativ cVV;24.12.2013;0,0000735976;91,82;0,2546014932;258.595,64;0;0,00294000
Muster konservativ cVV;25.12.2013;0,0000735922;91,82;0,2546970190;258.687,46;0;0,00294000
Muster konservativ cVV;26.12.2013;0,0000952249;118,82;0,2548191249;258.806,28;0;0,00294000
Muster konservativ cVV;27.12.2013;-0,0002865882;-357,64;0,2544720987;258.448,65;-0,002410352;0,00293000
Muster konservativ cVV;28.12.2013;0,0000736009;91,82;0,2545625074;258.540,47;0;0,00293000
Muster konservativ cVV;29.12.2013;0,0000735955;91,82;0,2546529162;258.632,29;0;0,00293000
Muster konservativ cVV;30.12.2013;0,0004068396;507,63;0,2551578457;259.139,92;0,001441188;0,00288000
Muster konservativ cVV;31.12.2013;0,0001075688;134,27;0,2552951588;259.274,19;0;0,00287000
Muster konservativ cVV;01.01.2014;0,0000735522;91,82;0,2553906689;259.366,02;0;0,00287000
Muster konservativ cVV;02.01.2014;0,0014736122;1.839,77;0,2572073681;261.205,79;-0,000454544;0,00284000
Muster konservativ cVV;03.01.2014;0,0021587494;2.699,12;0,2598703442;263.904,91;0,000504839;0,00280000
Muster konservativ cVV;04.01.2014;0,0000732804;91,82;0,2599607620;263.996,73;0;0,00280000
Muster konservativ cVV;05.01.2014;0,0000732750;91,82;0,2600511798;264.088,55;0;0,00280000
Muster konservativ cVV;06.01.2014;0,0010233575;1.282,47;0,2613192374;265.371,02;0,001765786;0,00280000
Muster konservativ cVV;07.01.2014;-0,0000803347;-100,78;0,2612251805;265.270,24;0,000882986;0,00280000
Muster konservativ cVV;08.01.2014;0,0006775223;849,87;0,2620672841;266.120,12;-0,000959741;0,00281000
Muster konservativ cVV;09.01.2014;0,0001168801;146,71;0,2622169481;266.266,83;0,000390132;0,00282000
Muster konservativ cVV;10.01.2014;0,0015269354;1.916,88;0,2641098905;268.183,71;0,002293314;0,00282000
Muster konservativ cVV;11.01.2014;0,0000730310;91,82;0,2642003173;268.275,53;0;0,00282000
Muster konservativ cVV;12.01.2014;0,0000730257;91,82;0,2642907440;268.367,35;0;0,00282000
Muster konservativ cVV;13.01.2014;0,0002841810;357,35;0,2646478864;268.724,70;0,001430468;0,00282000
Muster konservativ cVV;14.01.2014;-0,0011850180;-1.490,56;0,2631851237;267.234,15;-0,000309373;0,00282000
Muster konservativ cVV;15.01.2014;0,0005847805;734,69;0,2639138674;267.968,83;-0,000739777;0,00290000
Muster konservativ cVV;16.01.2014;0,0008935723;1.123,29;0,2650253647;269.092,12;0,002261090;0,00300000
Muster konservativ cVV;17.01.2014;0,0012571368;1.581,73;0,2665884201;270.673,86;0,001069824;0,00302000
Muster konservativ cVV;18.01.2014;0,0000751588;94,68;0,2666816749;270.768,54;0;0,00302000
Muster konservativ cVV;19.01.2014;0,0000751532;94,68;0,2667749298;270.863,23;0;0,00302000
Muster konservativ cVV;20.01.2014;0,0007347640;925,78;0,2676919801;271.789,01;0,000721317;0,00302000
Muster konservativ cVV;21.01.2014;-0,0009968797;-1.256,97;0,2664591698;270.532,04;0,000345252;0,00302000
Muster konservativ cVV;22.01.2014;-0,0002232187;-281,18;0,2661874216;270.250,87;-0,000469761;0,00301000
Muster konservativ cVV;23.01.2014;0,0004306894;542,39;0,2667268577;270.793,26;0,001043780;0,00300000
Muster konservativ cVV;24.01.2014;-0,0015150594;-1.908,83;0,2648518447;268.884,43;0,001537977;0,00300000
Muster konservativ cVV;25.01.2014;0,0000748476;94,16;0,2649445905;268.978,59;0;0,00300000
Muster konservativ cVV;26.01.2014;0,0000748420;94,16;0,2650373364;269.072,75;0;0,00300000
Muster konservativ cVV;27.01.2014;-0,0002727995;-343,23;0,2647043946;268.729,52;-0,000465824;0,00300000
Muster konservativ cVV;28.01.2014;-0,0001585590;-199,44;0,2645130712;268.530,07;0,000029440;0,00301000
Muster konservativ cVV;29.01.2014;0,0009367597;1.178,11;0,2656787018;269.708,18;0,001190980;0,00300000
Muster konservativ cVV;30.01.2014;-0,0012707397;-1.599,63;0,2641080767;268.108,55;0,000944428;0,00298000
Muster konservativ cVV;31.01.2014;0,0012643844;1.589,61;0,2656790983;269.698,16;0,001985205;0,00296000
Muster konservativ cVV;01.02.2014;0,0000747992;94,16;0,2657718531;269.792,32;0;0,00296000
Muster konservativ cVV;02.02.2014;0,0000747936;94,16;0,2658646079;269.886,47;0;0,00296000
Muster konservativ cVV;03.02.2014;0,0016512720;2.078,95;0,2679177417;271.965,42;0,000405159;0,00290000
Muster konservativ cVV;04.02.2014;-0,0003139317;-395,89;0,2675328932;271.569,53;0,000024313;0,00288000
Muster konservativ cVV;05.02.2014;0,0001505599;189,81;0,2677250273;271.759,34;0,000326452;0,00287000
Muster konservativ cVV;06.02.2014;-0,0009754307;-1.229,89;0,2665185098;270.529,45;-0,002587706;0,00286000
Muster konservativ cVV;07.02.2014;0,0021055270;2.652,21;0,2691365548;273.181,65;0,002175499;0,00291000
Muster konservativ cVV;08.02.2014;0,0000745928;94,16;0,2692293185;273.275,81;0;0,00291000
Muster konservativ cVV;09.02.2014;0,0000745872;94,16;0,2693220822;273.369,97;0;0,00291000
Muster konservativ cVV;10.02.2014;0,0007316606;923,71;0,2702372852;274.293,68;-0,000300186;0,00291000
Muster konservativ cVV;11.02.2014;0,0006210422;784,63;0,2710154896;275.078,31;0,000355989;0,00291000
Muster konservativ cVV;12.02.2014;0,0003560683;450,14;0,2714641601;275.528,44;-0,001148448;0,00291000
Muster konservativ cVV;13.02.2014;0,0006067007;767,26;0,2722252880;276.295,70;0,001888074;0,00288000
Muster konservativ cVV;14.02.2014;0,0007083949;896,41;0,2731136870;277.192,11;-0,000578810;0,00287000
Muster konservativ cVV;15.02.2014;0,0000743565;94,16;0,2732064595;277.286,27;0;0,00287000
Muster konservativ cVV;16.02.2014;0,0000743510;94,16;0,2732992321;277.380,43;0;0,00287000
Muster konservativ cVV;17.02.2014;0,0017453726;2.200,03;0,2754733406;279.580,45;0,000358044;0,00287000
Muster konservativ cVV;18.02.2014;-0,0008629279;-1.089,61;0,2744061512;278.490,84;0,000682196;0,00288000
Muster konservativ cVV;19.02.2014;-0,0003017528;-380,69;0,2740374407;278.110,15;0,000413598;0,00287000
Muster konservativ cVV;20.02.2014;0,0003025305;381,56;0,2744198085;278.491,71;-0,001500762;0,00286000
Muster konservativ cVV;21.02.2014;-0,0004806420;-606,38;0,2738286694;277.885,33;0,001311716;0,00287000
Muster konservativ cVV;22.02.2014;0,0000705278;88,94;0,2739163064;277.974,26;0;0,00287000
Muster konservativ cVV;23.02.2014;0,0000705228;88,94;0,2740039434;278.063,20;0;0,00287000
Muster konservativ cVV;24.02.2014;0,0014253104;1.797,57;0,2757816777;279.860,76;-0,000494595;0,00288000
Muster konservativ cVV;25.02.2014;0,0001623198;205,01;0,2759901008;280.065,77;0,000842161;0,00289000
Muster konservativ cVV;26.02.2014;0,0008654489;1.093,22;0,2770738286;281.158,98;0,001714592;0,00288000
Muster konservativ cVV;27.02.2014;0,0015935557;2.014,69;0,2790656995;283.173,67;0,001555914;0,00286000
Muster konservativ cVV;28.02.2014;-0,0008284190;-1.049,01;0,2780383278;282.124,66;-0,002749761;0,00286000
Muster konservativ cVV;01.03.2014;0,0000869660;110,03;0,2781467667;282.234,69;0;0,00286000
Muster konservativ cVV;02.03.2014;0,0000702854;88,94;0,2782344139;282.323,62;0;0,00286000
Muster konservativ cVV;03.03.2014;0,0013059029;1.652,54;0,2798694716;283.976,16;0,002347015;0,00288000
Muster konservativ cVV;04.03.2014;0,0009890282;1.253,19;0,2811110114;285.229,34;-0,000498276;0,00287000
Muster konservativ cVV;05.03.2014;-0,0007641595;-969,21;0,2801622368;284.260,13;-0,000006221;0,00286000
Muster konservativ cVV;06.03.2014;0,0004599956;582,99;0,2807432676;284.843,11;-0,002081251;0,00287000
Muster konservativ cVV;07.03.2014;-0,0009233885;-1.170,81;0,2795957190;283.672,30;0,000104804;0,00299000
Muster konservativ cVV;08.03.2014;0,0000702056;88,94;0,2796833763;283.761,23;0;0,00299000
Muster konservativ cVV;09.03.2014;0,0000702007;88,94;0,2797710336;283.850,17;0;0,00299000
Muster konservativ cVV;10.03.2014;0,0002437764;308,86;0,2800818664;284.159,03;0,000973459;0,00307000
Muster konservativ cVV;11.03.2014;0,0009190109;1.164,64;0,2812362244;285.323,66;-0,000213644;0,00304000
Muster konservativ cVV;12.03.2014;0,0013374081;1.696,42;0,2829147996;287.020,08;0,001277399;0,00304000
Muster konservativ cVV;13.03.2014;0,0005429637;689,64;0,2836010393;287.709,71;0,001849153;0,00304000
Muster konservativ cVV;14.03.2014;-0,0005516627;-701,06;0,2829164296;287.008,65;-0,000737863;0,00303000
Muster konservativ cVV;15.03.2014;0,0000700212;88,94;0,2830040969;287.097,58;0;0,00303000
Muster konservativ cVV;16.03.2014;0,0000700163;88,94;0,2830917642;287.186,52;0;0,00303000
Muster konservativ cVV;17.03.2014;-0,0006400540;-813,06;0,2822967175;286.373,46;-0,000285240;0,00305000
Muster konservativ cVV;18.03.2014;0,0001704065;216,33;0,2825163820;286.589,79;0,000241790;0,00309000
Muster konservativ cVV;19.03.2014;-0,0005062330;-642,76;0,2818891452;285.947,02;-0,001031094;0,00312000
Muster konservativ cVV;20.03.2014;-0,0010708054;-1.358,91;0,2805558676;284.588,11;-0,002568482;0,00313000
Muster konservativ cVV;21.03.2014;-0,0003597182;-456,01;0,2801126475;284.132,09;0,000168100;0,00315000
Muster konservativ cVV;22.03.2014;0,0000701801;88,94;0,2802003248;284.221,03;0;0,00315000
Muster konservativ cVV;23.03.2014;0,0000701752;88,94;0,2802880020;284.309,96;0;0,00315000
Muster konservativ cVV;24.03.2014;0,0000713933;90,49;0,2803835377;284.400,45;0,001859569;0,00320000
Muster konservativ cVV;25.03.2014;0,0003799060;481,54;0,2808646039;284.881,98;0,000826957;0,00318000
Muster konservativ cVV;26.03.2014;0,0008389124;1.063,74;0,2819196853;285.945,72;0,000774558;0,00315000
Muster konservativ cVV;27.03.2014;0,0010219282;1.296,89;0,2832046774;287.242,60;0,001359317;0,00313000
Muster konservativ cVV;28.03.2014;-0,0000315382;-40,06;0,2831715326;287.202,54;-0,000816318;0,00310000
Muster konservativ cVV;29.03.2014;0,0000700105;88,94;0,2832592196;287.291,48;0;0,00310000
Muster konservativ cVV;30.03.2014;0,0000700056;88,94;0,2833469067;287.380,41;0;0,00310000
Muster konservativ cVV;31.03.2014;-0,0011398076;-1.448,12;0,2819254349;285.932,29;-0,000540350;0,00313000
Muster konservativ cVV;01.04.2014;-0,0004374334;-555,12;0,2813843903;285.377,17;-0,000594827;0,00313000
Muster konservativ cVV;02.04.2014;0,0010520930;1.334,57;0,2827066048;286.711,74;-0,001514724;0,00319000
Muster konservativ cVV;03.04.2014;-0,0004457881;-566,07;0,2821547377;286.145,67;0,000910906;0,00319000
Muster konservativ cVV;04.04.2014;0,0020667191;2.623,20;0,2847476956;288.768,87;0,002203544;0,00325000
Muster konservativ cVV;05.04.2014;0,0000737868;93,85;0,2848402367;288.862,71;0;0,00325000
Muster konservativ cVV;06.04.2014;0,0000737813;93,85;0,2849327777;288.956,56;0;0,00325000
Muster konservativ cVV;07.04.2014;0,0017395280;2.212,80;0,2871211519;291.169,36;0,000337296;0,00327000
Muster konservativ cVV;08.04.2014;0,0002449208;312,10;0,2874352984;291.481,46;-0,000718369;0,00327000
Muster konservativ cVV;09.04.2014;0,0001908201;243,22;0,2876815242;291.724,68;-0,000716752;0,00327000
Muster konservativ cVV;10.04.2014;0,0014243226;1.815,78;0,2894785512;293.540,45;0,002277909;0,00327000
Muster konservativ cVV;11.04.2014;-0,0003364677;-429,55;0,2890613394;293.110,90;0,000471935;0,00328000
Muster konservativ cVV;12.04.2014;0,0000735357;93,85;0,2891538908;293.204,75;0;0,00328000
Muster konservativ cVV;13.04.2014;0,0000735303;93,85;0,2892464421;293.298,60;0;0,00328000
Muster konservativ cVV;14.04.2014;0,0003633612;463,80;0,2897102339;293.762,40;-0,000246220;0,00328000
Muster konservativ cVV;15.04.2014;0,0001936745;247,30;0,2899605185;294.009,69;0,002062280;0,00327000
Muster konservativ cVV;16.04.2014;0,0000321410;41,05;0,2900073910;294.050,74;-0,000686641;0,00327000
Muster konservativ cVV;17.04.2014;-0,0003614671;-461,65;0,2895584578;293.589,09;-0,001362135;0,00328000
Muster konservativ cVV;18.04.2014;0,0000735082;93,85;0,2896573813;293.682,94;0;0,00328000
Muster konservativ cVV;19.04.2014;0,0000735028;93,85;0,2897499428;293.776,79;0;0,00328000
Muster konservativ cVV;20.04.2014;0,0000734974;93,85;0,2898425043;293.870,63;0;0,00328000
Muster konservativ cVV;21.04.2014;-0,0000377077;-48,15;0,2898013704;293.822,48;0;0,00328000
Muster konservativ cVV;22.04.2014;-0,0002693186;-343,90;0,2894685165;293.478,58;-0,000337993;0,00329000
Muster konservativ cVV;23.04.2014;-0,0002606400;-332,73;0,2891466582;293.145,85;0,000458186;0,00332000
Muster konservativ cVV;24.04.2014;-0,0000336312;-42,92;0,2891106376;293.102,93;-0,000382514;0,00337000
Muster konservativ cVV;25.04.2014;0,0007615660;971,92;0,2900756488;294.074,85;0,001527875;0,00344000
Muster konservativ cVV;26.04.2014;0,0000669161;85,46;0,2901599509;294.160,31;0;0,00344000
Muster konservativ cVV;27.04.2014;0,0000734753;93,85;0,2902525226;294.254,16;0;0,00344000
Muster konservativ cVV;28.04.2014;0,0002363520;301,91;0,2905566543;294.556,07;-0,000359057;0,00345000
Muster konservativ cVV;29.04.2014;-0,0000029367;-3,75;0,2905592738;294.552,32;0,000935811;0,00347000
Muster konservativ cVV;30.04.2014;0,0008531884;1.090,09;0,2916409193;295.642,40;0,001008798;0,00339000
Muster konservativ cVV;01.05.2014;0,0000421097;53,85;0,2917003659;295.696,25;0;0,00339000
Muster konservativ cVV;02.05.2014;0,0007582437;969,65;0,2926632499;296.665,90;0,001452292;0,00336000
Muster konservativ cVV;03.05.2014;0,0000733314;93,85;0,2927558316;296.759,75;0;0,00336000
Muster konservativ cVV;04.05.2014;0,0000733261;93,85;0,2928484133;296.853,60;0;0,00336000
Muster konservativ cVV;05.05.2014;0,0014506239;1.856,75;0,2946864840;298.710,34;-0,000169226;0,00336000
Muster konservativ cVV;06.05.2014;0,0000771932;98,95;0,2947904665;298.809,29;-0,000325471;0,00337000
Muster konservativ cVV;07.05.2014;-0,0000050877;-6,52;0,2947903906;298.802,77;-0,000464401;0,00338000
Muster konservativ cVV;08.05.2014;0,0019723223;2.528,35;0,2972911907;301.331,12;0,001948918;0,00338000
Muster konservativ cVV;09.05.2014;0,0004694238;602,95;0,2978924622;301.934,07;0,000142101;0,00336000
Muster konservativ cVV;10.05.2014;0,0000730308;93,85;0,2979850539;302.027,91;0;0,00336000
Muster konservativ cVV;11.05.2014;0,0000730255;93,85;0,2980776456;302.121,76;0;0,00336000
Muster konservativ cVV;12.05.2014;0,0008357222;1.074,10;0,2991437911;303.195,86;0,000257370;0,00335000
Muster konservativ cVV;13.05.2014;0,0009442129;1.214,55;0,3003485491;304.410,41;0,002038765;0,00335000
Muster konservativ cVV;14.05.2014;0,0007196289;926,54;0,3012691765;305.336,95;0,001367712;0,00328000
Muster konservativ cVV;15.05.2014;-0,0007782012;-1.002,67;0,3002862847;304.334,27;0,001862129;0,00321000
Muster konservativ cVV;16.05.2014;-0,0004673832;-601,73;0,2996989589;303.732,54;-0,001224837;0,00318000
Muster konservativ cVV;17.05.2014;0,0000664938;85,57;0,2997833897;303.818,11;0;0,00318000
Muster konservativ cVV;18.05.2014;0,0000664893;85,57;0,2998678204;303.903,68;0;0,00318000
Muster konservativ cVV;19.05.2014;0,0011683717;1.503,71;0,3013579904;305.407,39;0,000012793;0,00318000
Muster konservativ cVV;20.05.2014;-0,0009420820;-1.213,89;0,3001665879;304.193,50;-0,000185683;0,00318000
Muster konservativ cVV;21.05.2014;-0,0002953771;-380,24;0,2997977572;303.813,26;-0,000931518;0,00319000
Muster konservativ cVV;22.05.2014;-0,0003542868;-455,94;0,2993542008;303.357,32;0,000986391;0,00318000
Muster konservativ cVV;23.05.2014;0,0006868100;883,56;0,3002324684;304.240,88;0,000019404;0,00317000
Muster konservativ cVV;24.05.2014;0,0000715885;92,16;0,3003234137;304.333,04;0;0,00317000
Muster konservativ cVV;25.05.2014;0,0000715833;92,16;0,3004143591;304.425,20;0;0,00317000
Muster konservativ cVV;26.05.2014;0,0008876327;1.142,86;0,3015485478;305.568,06;0,000498673;0,00317000
Muster konservativ cVV;27.05.2014;-0,0006461579;-832,69;0,3007331711;304.735,37;0,001060385;0,00316000
Muster konservativ cVV;28.05.2014;0,0009598887;1.236,19;0,3019595027;305.971,55;0,001206642;0,00314000
Muster konservativ cVV;29.05.2014;0,0002550880;328,83;0,3022903959;306.300,38;-0,000501500;0,00310000
Muster konservativ cVV;30.05.2014;-0,0002095843;-270,24;0,3020300544;306.030,14;-0,000310344;0,00311000
Muster konservativ cVV;31.05.2014;0,0000633064;81,61;0,3021105987;306.111,76;0;0,00311000
Muster konservativ cVV;01.06.2014;0,0000714846;92,16;0,3022015536;306.203,91;0;0,00311000
Muster konservativ cVV;02.06.2014;0,0003410954;439,78;0,3026419499;306.643,69;0,000094482;0,00309000
Muster konservativ cVV;03.06.2014;-0,0007575007;-976,99;0,3016840454;305.666,70;-0,001504864;0,00307000
Muster konservativ cVV;04.06.2014;-0,0011344004;-1.461,99;0,3002474010;304.204,71;-0,000614584;0,00301000
Muster konservativ cVV;05.06.2014;0,0020209407;2.601,59;0,3028214895;306.806,30;0,001932673;0,00292000
Muster konservativ cVV;06.06.2014;0,0027734789;3.577,56;0,3063589911;310.383,86;0,002251855;0,00267000
Muster konservativ cVV;07.06.2014;0,0000712485;92,16;0,3064499556;310.476,02;0;0,00267000
Muster konservativ cVV;08.06.2014;0,0000712434;92,16;0,3065409201;310.568,18;0;0,00267000
Muster konservativ cVV;09.06.2014;0,0008507976;1.100,66;0,3076337321;311.668,84;-0,000753895;0,00264000
Muster konservativ cVV;10.06.2014;0,0010027644;1.298,36;0,3089217252;312.967,20;-0,000819194;0,00263000
Muster konservativ cVV;11.06.2014;-0,0000165811;-21,49;0,3089069465;312.945,71;0,000783703;0,00258000
Muster konservativ cVV;12.06.2014;0,0012833613;1.663,31;0,3105552492;314.609,02;0,000644463;0,00242000
Muster konservativ cVV;13.06.2014;0,0006297655;817,26;0,3113684455;315.426,28;0,000046826;0,00234000
Muster konservativ cVV;14.06.2014;0,0000709718;92,16;0,3114594195;315.518,44;0;0,00234000
Muster konservativ cVV;15.06.2014;0,0000709668;92,16;0,3115503935;315.610,60;0;0,00234000
Muster konservativ cVV;16.06.2014;-0,0010126882;-1.315,20;0,3102585478;314.295,40;0,000681284;0,00223000
Muster konservativ cVV;17.06.2014;-0,0002151988;-279,20;0,3099893542;314.016,20;-0,001828534;0,00217000
Muster konservativ cVV;18.06.2014;-0,0002710916;-351,64;0,3096486279;313.664,56;0,000889934;0,00216000
Muster konservativ cVV;19.06.2014;0,0027390772;3.551,97;0,3131615893;317.216,53;0,001713713;0,00212000
Muster konservativ cVV;20.06.2014;0,0013588953;1.767,01;0,3149125071;318.983,54;-0,000912025;0,00212000
Muster konservativ cVV;21.06.2014;0,0000707779;92,16;0,3150034905;319.075,70;0;0,00212000
Muster konservativ cVV;22.06.2014;0,0000707729;92,16;0,3150944739;319.167,86;0;0,00212000
Muster konservativ cVV;23.06.2014;-0,0001054155;-137,28;0,3149654334;319.030,58;0,000889514;0,00211000
Muster konservativ cVV;24.06.2014;0,0003776927;491,81;0,3154574653;319.522,38;-0,000241681;0,00211000
Muster konservativ cVV;25.06.2014;0,0012314355;1.604,11;0,3170476804;321.126,49;0,001530209;0,00208000
Muster konservativ cVV;26.06.2014;-0,0002912739;-379,89;0,3166791114;320.746,60;0,000371846;0,00209000
Muster konservativ cVV;27.06.2014;0,0000990749;129,18;0,3168131429;320.875,78;-0,000933298;0,00207000
Muster konservativ cVV;28.06.2014;0,0000706752;92,16;0,3169041356;320.967,94;0;0,00207000
Muster konservativ cVV;29.06.2014;0,0000706702;92,16;0,3169951284;321.060,10;0;0,00207000
Muster konservativ cVV;30.06.2014;-0,0004978643;-649,30;0,3163605207;320.410,80;0,000745544;0,00207000
Muster konservativ cVV;01.07.2014;0,0015287730;1.992,79;0,3183346229;322.403,59;0,000453619;0,00206000
Muster konservativ cVV;02.07.2014;-0,0010138837;-1.323,64;0,3170341557;321.079,95;-0,001015690;0,00205000
Muster konservativ cVV;03.07.2014;-0,0002820908;-367,90;0,3166773428;320.712,05;-0,000107428;0,00206000
Muster konservativ cVV;04.07.2014;0,0002812341;366,68;0,3170458597;321.078,73;0,000784348;0,00204000
Muster konservativ cVV;05.07.2014;0,0000706642;92,16;0,3171368618;321.170,89;0;0,00204000
Muster konservativ cVV;06.07.2014;0,0000706592;92,16;0,3172278638;321.263,05;0;0,00204000
Muster konservativ cVV;07.07.2014;0,0005645768;736,42;0,3179614938;321.999,47;0,000573528;0,00203000
Muster konservativ cVV;08.07.2014;0,0012373121;1.614,83;0,3195625567;323.614,30;0,000946685;0,00203000
Muster konservativ cVV;09.07.2014;0,0000915491;119,63;0,3196871659;323.733,93;-0,000502139;0,00203000
Muster konservativ cVV;10.07.2014;-0,0000842414;-110,09;0,3195849182;323.623,84;0,000282950;0,00202000
Muster konservativ cVV;11.07.2014;-0,0003008187;-393,09;0,3192031837;323.230,75;0,000135406;0,00203000
Muster konservativ cVV;12.07.2014;0,0000705478;92,16;0,3192941949;323.322,91;0;0,00203000
Muster konservativ cVV;13.07.2014;0,0000705428;92,16;0,3193852061;323.415,07;0;0,00203000
Muster konservativ cVV;14.07.2014;-0,0002780582;-363,29;0,3190328802;323.051,78;-0,000004515;0,00203000
Muster konservativ cVV;15.07.2014;-0,0002744224;-358,44;0,3186853209;322.693,34;-0,000284932;0,00202000
Muster konservativ cVV;16.07.2014;0,0005982591;781,21;0,3194632563;323.474,55;0,000396479;0,00201000
Muster konservativ cVV;17.07.2014;0,0015679485;2.048,66;0,3214929721;325.523,20;0,000444863;0,00201000
Muster konservativ cVV;18.07.2014;-0,0001266973;-165,80;0,3213356734;325.357,40;-0,000348740;0,00202000
Muster konservativ cVV;19.07.2014;0,0000704331;92,16;0,3214266938;325.449,56;0;0,00202000
Muster konservativ cVV;20.07.2014;0,0000704282;92,16;0,3215177142;325.541,72;0;0,00202000
Muster konservativ cVV;21.07.2014;-0,0001755854;-229,78;0,3212972135;325.311,94;0,000523685;0,00204000
Muster konservativ cVV;22.07.2014;-0,0000252903;-33,09;0,3212709616;325.278,85;-0,000778962;0,00206000
Muster konservativ cVV;23.07.2014;0,0009039425;1.182,71;0,3224455434;326.461,56;0,000910335;0,00208000
Muster konservativ cVV;24.07.2014;-0,0002503873;-327,90;0,3221281065;326.133,66;-0,000917735;0,00209000
Muster konservativ cVV;25.07.2014;0,0005031293;658,72;0,3227851699;326.792,38;0,001131992;0,00209000
Muster konservativ cVV;26.07.2014;0,0000703560;92,16;0,3228761993;326.884,54;0;0,00209000
Muster konservativ cVV;27.07.2014;0,0000703510;92,16;0,3229672288;326.976,70;0;0,00209000
Muster konservativ cVV;28.07.2014;0,0008502173;1.113,86;0,3240738811;328.090,56;-0,003114722;0,00209000
Muster konservativ cVV;29.07.2014;0,0003535379;463,56;0,3245382171;328.554,12;0,003801348;0,00209000
Muster konservativ cVV;30.07.2014;-0,0002525647;-331,28;0,3242174224;328.222,84;-0,001233061;0,00209000
Muster konservativ cVV;31.07.2014;-0,0005362394;-703,19;0,3235292287;327.519,65;0,000387545;0,00209000
Muster konservativ cVV;01.08.2014;-0,0008542453;-1.119,60;0,3224296529;326.400,05;0,000640566;0,00208000
Muster konservativ cVV;02.08.2014;0,0000703771;92,16;0,3225206915;326.492,21;0;0,00208000
Muster konservativ cVV;03.08.2014;0,0000703721;92,16;0,3226117300;326.584,37;0;0,00208000
Muster konservativ cVV;04.08.2014;0,0002338937;306,33;0,3229207181;326.890,70;0,000165746;0,00208000
Muster konservativ cVV;05.08.2014;-0,0006105032;-799,76;0,3221370312;326.090,94;-0,001002873;0,00207000
Muster konservativ cVV;06.08.2014;0,0006312695;826,46;0,3229598381;326.917,40;0,001587040;0,00206000
Muster konservativ cVV;07.08.2014;-0,0000684263;-89,64;0,3228776410;326.827,76;0,000865398;0,00205000
Muster konservativ cVV;08.08.2014;-0,0012317064;-1.613,46;0,3212899995;325.214,30;-0,000187643;0,00203000
Muster konservativ cVV;09.08.2014;0,0000704408;92,16;0,3213810470;325.306,46;0;0,00203000
Muster konservativ cVV;10.08.2014;0,0000704359;92,16;0,3214720945;325.398,62;0;0,00203000
Muster konservativ cVV;11.08.2014;0,0006139652;803,38;0,3222721090;326.202,00;0,000374002;0,00202000
Muster konservativ cVV;12.08.2014;0,0013864821;1.815,34;0,3240719343;328.017,34;0,000569257;0,00201000
Muster konservativ cVV;13.08.2014;-0,0002353090;-308,52;0,3237734663;327.708,81;0,001167972;0,00199000
Muster konservativ cVV;14.08.2014;0,0011350809;1.487,89;0,3252498476;329.196,70;0,000345228;0,00198000
Muster konservativ cVV;15.08.2014;0,0006511527;854,51;0,3261004855;330.051,21;0,001023227;0,00197000
Muster konservativ cVV;16.08.2014;0,0000669475;87,91;0,3261873462;330.139,13;0;0,00197000
Muster konservativ cVV;17.08.2014;0,0000669430;87,91;0,3262742068;330.227,04;0;0,00197000
Muster konservativ cVV;18.08.2014;-0,0002156663;-283,24;0,3260007138;329.943,80;-0,000881131;0,00196000
Muster konservativ cVV;19.08.2014;0,0011623199;1.526,19;0,3275150453;331.469,99;0,000792557;0,00191000
Muster konservativ cVV;20.08.2014;-0,0000822253;-108,09;0,3274146131;331.361,90;0,000339405;0,00187000
Muster konservativ cVV;21.08.2014;-0,0005512412;-724,59;0,3267050005;330.637,30;-0,000100583;0,00186000
Muster konservativ cVV;22.08.2014;0,0004718621;619,91;0,3273238872;331.257,21;0,000055987;0,00183000
Muster konservativ cVV;23.08.2014;0,0000537583;70,66;0,3273937064;331.327,87;0;0,00183000
Muster konservativ cVV;24.08.2014;0,0000537554;70,66;0,3274635256;331.398,53;0;0,00183000
Muster konservativ cVV;25.08.2014;0,0004545482;597,51;0,3280602959;331.996,04;0,001593552;0,00175000
Muster konservativ cVV;26.08.2014;0,0013165907;1.731,46;0,3297776097;333.727,50;0,000086690;0,00171000
Muster konservativ cVV;27.08.2014;0,0007309233;962,51;0,3307351175;334.690,00;0,001164979;0,00170000
Muster konservativ cVV;28.08.2014;0,0004071237;536,51;0,3312716795;335.226,51;0,000135516;0,00167000
Muster konservativ cVV;29.08.2014;-0,0001674334;-220,73;0,3310599306;335.005,78;0,000100043;0,00163000
Muster konservativ cVV;30.08.2014;0,0000542619;71,52;0,3311306117;335.077,30;0;0,00163000
Muster konservativ cVV;31.08.2014;0,0000462566;60,97;0,3311908684;335.138,28;0;0,00163000
Muster konservativ cVV;01.09.2014;0,0001307986;171,61;0,3313682129;335.309,89;0,000661532;0,00159000
Muster konservativ cVV;02.09.2014;-0,0011643714;-1.527,91;0,3298659743;333.781,98;-0,000614259;0,00152000
Muster konservativ cVV;03.09.2014;0,0004488434;588,29;0,3304550762;334.370,28;-0,000654783;0,00150000
Muster konservativ cVV;04.09.2014;0,0015343859;2.012,00;0,3324512674;336.382,28;0,001832135;0,00149000
Muster konservativ cVV;05.09.2014;0,0006352555;834,27;0,3332835473;337.216,55;0,000604044;0,00104000
Muster konservativ cVV;06.09.2014;0,0000544268;71,52;0,3333542366;337.288,08;0;0,00104000
Muster konservativ cVV;07.09.2014;0,0000544239;71,52;0,3334249260;337.359,60;0;0,00104000
Muster konservativ cVV;08.09.2014;-0,0003819750;-502,02;0,3329365020;336.857,58;-0,000019627;0,00094000
Muster konservativ cVV;09.09.2014;-0,0006514363;-855,83;0,3320983386;336.001,75;-0,001288508;0,00089000
Muster konservativ cVV;10.09.2014;-0,0003247316;-426,34;0,3316846369;335.575,41;-0,000225117;0,00087000
Muster konservativ cVV;11.09.2014;-0,0002422940;-318,01;0,3313779883;335.257,40;0,000248348;0,00084000
Muster konservativ cVV;12.09.2014;-0,0009743982;-1.278,57;0,3301218452;333.978,83;-0,001395617;0,00082000
Muster konservativ cVV;13.09.2014;0,0000542844;71,16;0,3301921840;334.049,99;0;0,00082000
Muster konservativ cVV;14.09.2014;0,0000542814;71,16;0,3302625227;334.121,15;0;0,00082000
Muster konservativ cVV;15.09.2014;0,0001089608;142,85;0,3304113516;334.264,00;0,001052585;0,00081000
Muster konservativ cVV;16.09.2014;0,0000194716;25,53;0,3304442067;334.289,54;-0,000338540;0,00081000
Muster konservativ cVV;17.09.2014;0,0003449452;452,29;0,3308989137;334.741,83;0,000749778;0,00082000
Muster konservativ cVV;18.09.2014;-0,0004570888;-599,54;0,3303138529;334.142,29;-0,001762915;0,00082000
Muster konservativ cVV;19.09.2014;0,0002058832;269,92;0,3305882750;334.412,21;0,001954682;0,00083000
Muster konservativ cVV;20.09.2014;0,0000496700;65,13;0,3306526633;334.477,34;0;0,00083000
Muster konservativ cVV;21.09.2014;0,0017226893;2.259,11;0,3328859367;336.736,45;0;0,00083000
Muster konservativ cVV;22.09.2014;-0,0018029943;-2.368,49;0,3305521116;334.367,96;0,000357613;0,00082000
Muster konservativ cVV;23.09.2014;0,0003357530;440,26;0,3309949328;334.808,22;-0,000253803;0,00082000
Muster konservativ cVV;24.09.2014;0,0001879481;246,53;0,3312462361;335.054,76;0,000128164;0,00083000
Muster konservativ cVV;25.09.2014;0,0014387888;1.887,63;0,3331200238;336.942,39;0,001180713;0,00082000
Muster konservativ cVV;26.09.2014;-0,0008473551;-1.113,30;0,3320269325;335.829,09;0,000013210;0,00082000
Muster konservativ cVV;27.09.2014;0,0000556427;73,04;0,3320991497;335.902,14;0;0,00082000
Muster konservativ cVV;28.09.2014;0,0000556396;73,04;0,3321713668;335.975,18;0;0,00082000
Muster konservativ cVV;29.09.2014;-0,0007173201;-941,76;0,3312478206;335.033,43;-0,000064857;0,00083000
Muster konservativ cVV;30.09.2014;0,0005888169;772,49;0,3320191392;335.805,92;0,000764321;0,00083000
Muster konservativ cVV;01.10.2014;0,0007440523;976,73;0,3329924184;336.782,65;0,000985469;0,00082000
Muster konservativ cVV;02.10.2014;-0,0000286566;-37,65;0,3329627529;336.745,00;-0,000566123;0,00081000
Muster konservativ cVV;03.10.2014;0,0000268824;35,31;0,3330052181;336.780,31;0;0,00081000
Muster konservativ cVV;04.10.2014;0,0000556024;73,04;0,3330774435;336.853,36;0;0,00081000
Muster konservativ cVV;05.10.2014;0,0000555993;73,04;0,3331496688;336.926,40;0;0,00081000
Muster konservativ cVV;06.10.2014;-0,0002137761;-280,87;0,3328794863;336.645,54;0,000117363;0,00079000
Muster konservativ cVV;07.10.2014;0,0005003185;657,19;0,3335368685;337.302,73;-0,000100147;0,00079000
Muster konservativ cVV;08.10.2014;-0,0004276611;-562,04;0,3329886254;336.740,69;0,000157494;0,00080000
Muster konservativ cVV;09.10.2014;0,0005203790;683,59;0,3336721262;337.424,29;0,000129885;0,00079000
Muster konservativ cVV;10.10.2014;-0,0003727343;-489,90;0,3331951809;336.934,39;0,000090938;0,00079000
Muster konservativ cVV;11.10.2014;0,0000555959;73,04;0,3332674143;337.007,44;0;0,00079000
Muster konservativ cVV;12.10.2014;0,0000555928;73,04;0,3333396478;337.080,48;0;0,00079000
Muster konservativ cVV;13.10.2014;0,0002662997;349,91;0,3336931830;337.430,39;-0,000405665;0,00082000
Muster konservativ cVV;14.10.2014;0,0005015262;659,17;0,3343525658;338.089,57;0,001157559;0,00082000
Muster konservativ cVV;15.10.2014;0,0004206966;553,21;0,3349071772;338.642,78;0,001684397;0,00081000
Muster konservativ cVV;16.10.2014;-0,0022953435;-3.019,64;0,3319282868;335.623,15;-0,002628610;0,00081000
Muster konservativ cVV;17.10.2014;-0,0000634545;-83,29;0,3318533420;335.539,86;-0,000868388;0,00081000
Muster konservativ cVV;18.10.2014;0,0000556549;73,04;0,3319255836;335.612,90;0;0,00081000
Muster konservativ cVV;19.10.2014;0,0000556519;73,04;0,3319978252;335.685,95;0;0,00081000
Muster konservativ cVV;20.10.2014;0,0011149555;1.463,48;0,3334526778;337.149,43;0,001043285;0,00081000
Muster konservativ cVV;21.10.2014;0,0011552459;1.518,06;0,3349615639;338.667,49;-0,000530790;0,00082000
Muster konservativ cVV;22.10.2014;-0,0000599327;-78,85;0,3348910439;338.588,64;0,000337444;0,00084000
Muster konservativ cVV;23.10.2014;-0,0007661195;-1.007,83;0,3339016554;337.580,82;-0,000764496;0,00085000
Muster konservativ cVV;24.10.2014;0,0000691936;90,95;0,3339990421;337.671,77;0,000033955;0,00085000
Muster konservativ cVV;25.10.2014;0,0000555647;73,04;0,3340712918;337.744,81;0;0,00085000
Muster konservativ cVV;26.10.2014;0,0000555616;73,04;0,3341435414;337.817,86;0;0,00085000
Muster konservativ cVV;27.10.2014;0,0006884368;905,10;0,3350462386;338.722,96;0,000739119;0,00088000
Muster konservativ cVV;28.10.2014;0,0003463774;455,70;0,3355044342;339.178,67;-0,000026425;0,00088000
Muster konservativ cVV;29.10.2014;-0,0010291330;-1.354,43;0,3341720794;337.824,24;-0,000327070;0,00088000
Muster konservativ cVV;30.10.2014;0,0000934386;122,85;0,3343009902;337.947,09;0,001226035;0,00086000
Muster konservativ cVV;31.10.2014;0,0003176853;417,71;0,3347215851;338.364,80;0,000781422;0,00086000
Muster konservativ cVV;01.11.2014;0,0000502977;66,16;0,3347870279;338.430,95;0;0,00086000
Muster konservativ cVV;02.11.2014;0,0000559451;73,59;0,3348598221;338.504,54;0;0,00086000
Muster konservativ cVV;03.11.2014;0,0004148490;545,70;0,3354070407;339.050,23;-0,000336205;0,00085000
Muster konservativ cVV;04.11.2014;0,0007180077;944,87;0,3363491633;339.995,10;0,001518767;0,00084000
Muster konservativ cVV;05.11.2014;-0,0005107851;-672,65;0,3356911078;339.322,45;-0,000118631;0,00081000
Muster konservativ cVV;06.11.2014;0,0006794312;894,29;0,3365832189;340.216,73;0,000081652;0,00081000
Muster konservativ cVV;07.11.2014;0,0012172646;1.603,29;0,3381768027;341.820,02;0,000384576;0,00080000
Muster konservativ cVV;08.11.2014;0,0000558013;73,59;0,3382496050;341.893,61;0;0,00080000
Muster konservativ cVV;09.11.2014;0,0000557982;73,59;0,3383224073;341.967,19;0;0,00080000
Muster konservativ cVV;10.11.2014;0,0010283754;1.356,30;0,3396716916;343.323,49;0,000048346;0,00080000
Muster konservativ cVV;11.11.2014;0,0013234872;1.747,31;0,3414078847;345.070,80;0,000041330;0,00079000
Muster konservativ cVV;12.11.2014;0,0011687398;1.545,05;0,3429440267;346.615,84;0,000564373;0,00079000
Muster konservativ cVV;13.11.2014;-0,0000460993;-61,01;0,3428911447;346.554,83;0,000146325;0,00078000
Muster konservativ cVV;14.11.2014;-0,0003896779;-515,72;0,3423883380;346.039,11;-0,000078693;0,00079000
Muster konservativ cVV;15.11.2014;0,0000556233;73,59;0,3424611483;346.112,69;0;0,00079000
Muster konservativ cVV;16.11.2014;0,0000556202;73,59;0,3425339585;346.186,28;0;0,00079000
Muster konservativ cVV;17.11.2014;0,0007191840;951,55;0,3434829450;347.137,83;-0,000366872;0,00080000
Muster konservativ cVV;18.11.2014;-0,0003462600;-458,46;0,3430367682;346.679,36;-0,000426429;0,00081000
Muster konservativ cVV;19.11.2014;-0,0008300663;-1.098,66;0,3419570751;345.580,70;-0,001766371;0,00081000
Muster konservativ cVV;20.11.2014;0,0009881890;1.306,87;0,3432576837;346.887,57;0,001030686;0,00081000
Muster konservativ cVV;21.11.2014;0,0018180606;2.406,74;0,3456467234;349.294,30;0,000878236;0,00081000
Muster konservativ cVV;22.11.2014;0,0000554868;73,59;0,3457195415;349.367,89;0;0,00081000
Muster konservativ cVV;23.11.2014;0,0000554837;73,59;0,3457923597;349.441,48;0;0,00081000
Muster konservativ cVV;24.11.2014;-0,0007959932;-1.055,76;0,3447550800;348.385,71;0,000138196;0,00081000
Muster konservativ cVV;25.11.2014;0,0008051637;1.067,08;0,3458185083;349.452,79;0,000657712;0,00081000
Muster konservativ cVV;26.11.2014;-0,0000545052;-72,29;0,3457544280;349.380,50;0,000393222;0,00082000
Muster konservativ cVV;27.11.2014;0,0000178443;23,67;0,3457853013;349.404,16;0,000081405;0,00082000
Muster konservativ cVV;28.11.2014;0,0001682914;223,21;0,3460136438;349.627,37;-0,000169426;0,00082000
Muster konservativ cVV;29.11.2014;0,0000554729;73,59;0,3460864699;349.700,96;0;0,00082000
Muster konservativ cVV;30.11.2014;0,0000554698;73,59;0,3461592959;349.774,54;0;0,00082000
Muster konservativ cVV;01.12.2014;-0,0004820554;-639,53;0,3455338006;349.135,01;-0,000998565;0,00082000
Muster konservativ cVV;02.12.2014;0,0000505012;66,97;0,3456074965;349.201,98;-0,000738147;0,00081000
Muster konservativ cVV;03.12.2014;0,0017056054;2.261,82;0,3478534901;351.463,79;0,000393052;0,00081000
Muster konservativ cVV;04.12.2014;-0,0028133311;-3.737,14;0,3441621056;347.726,65;-0,000323775;0,00082000
Muster konservativ cVV;05.12.2014;0,0004029847;533,81;0,3446978125;348.260,46;-0,000458781;0,00082000
Muster konservativ cVV;06.12.2014;0,0000555301;73,59;0,3447706463;348.334,04;0;0,00082000
Muster konservativ cVV;07.12.2014;0,0000555270;73,59;0,3448434802;348.407,63;0;0,00082000
Muster konservativ cVV;08.12.2014;0,0000670231;88,83;0,3449387662;348.496,46;0,001648763;0,00082000
Muster konservativ cVV;09.12.2014;0,0007977384;1.057,32;0,3459926779;349.553,78;0,000068239;0,00082000
Muster konservativ cVV;10.12.2014;-0,0003632781;-481,87;0,3455230752;349.071,91;-0,000188537;0,00083000
Muster konservativ cVV;11.12.2014;0,0014689133;1.947,75;0,3474584135;351.019,65;-0,000228077;0,00082000
Muster konservativ cVV;12.12.2014;-0,0012057934;-1.601,20;0,3458808055;349.418,45;0,000522259;0,00082000
Muster konservativ cVV;13.12.2014;0,0000554512;73,55;0,3459536071;349.491,99;0;0,00082000
Muster konservativ cVV;14.12.2014;0,0000554481;73,55;0,3460264088;349.565,54;0;0,00082000
Muster konservativ cVV;15.12.2014;-0,0008958005;-1.188,25;0,3448575052;348.377,29;-0,000352990;0,00082000
Muster konservativ cVV;16.12.2014;-0,0019620365;-2.600,25;0,3422907790;345.777,03;-0,000008902;0,00082000
Muster konservativ cVV;17.12.2014;0,0009373874;1.239,87;0,3435254176;347.016,90;0,000300198;0,00081000
Muster konservativ cVV;18.12.2014;0,0017685370;2.341,41;0,3458505791;349.358,31;0,000576297;0,00079000
Muster konservativ cVV;19.12.2014;0,0012994066;1.723,36;0,3475639721;351.081,66;0,000839792;0,00081000
Muster konservativ cVV;20.12.2014;0,0000553817;73,55;0,3476367815;351.155,21;0;0,00081000
Muster konservativ cVV;21.12.2014;0,0000553787;73,55;0,3477095908;351.228,75;0;0,00081000
Muster konservativ cVV;22.12.2014;-0,0010488047;-1.392,95;0,3463378988;349.835,80;0,000372908;0,00081000
Muster konservativ cVV;23.12.2014;0,0005566391;738,52;0,3470763422;350.574,32;-0,000265266;0,00079000
Muster konservativ cVV;24.12.2014;0,0000596064;79,13;0,3471619828;350.653,44;0;0,00080000
Muster konservativ cVV;25.12.2014;0,0000553996;73,55;0,3472420932;350.726,99;0;0,00080000
Muster konservativ cVV;26.12.2014;0,0000252677;33,55;0,3472825941;350.760,54;0;0,00080000
Muster konservativ cVV;27.12.2014;0,0000553951;73,55;0,3473554112;350.834,08;0;0,00080000
Muster konservativ cVV;28.12.2014;0,0000553921;73,55;0,3474282282;350.907,63;0;0,00080000
Muster konservativ cVV;29.12.2014;0,0004143928;550,24;0,3479803021;351.457,86;0,001850125;0,00079000
Muster konservativ cVV;30.12.2014;0,0000443525;58,92;0,3480459211;351.516,78;0,000119853;0,00078000
Muster konservativ cVV;31.12.2014;0,0000459174;61,00;0,3481135944;351.577,78;0;0,00078000
Muster konservativ cVV;01.01.2015;0,0000553611;73,55;0,3481936865;351.651,32;0;0,00078000
Muster konservativ cVV;02.01.2015;0,0014354643;1.907,10;0,3500893320;353.558,42;0,000579457;0,00076000
Muster konservativ cVV;03.01.2015;0,0000552786;73,55;0,3501621566;353.631,97;0;0,00076000
Muster konservativ cVV;04.01.2015;0,0000552756;73,55;0,3502349813;353.705,51;0;0,00076000
Muster konservativ cVV;05.01.2015;0,0007245739;964,13;0,3511969624;354.669,64;-0,000285208;0,00075000
Muster konservativ cVV;06.01.2015;0,0003665104;488,04;0,3516875360;355.157,68;0,000112271;0,00073000
Muster konservativ cVV;07.01.2015;0,0016984973;2.262,51;0,3539352894;357.420,18;-0,000033242;0,00070000
Muster konservativ cVV;08.01.2015;0,0003770565;503,12;0,3544408549;357.923,30;-0,000213856;0,00070000
Muster konservativ cVV;09.01.2015;0,0000078259;10,45;0,3544585454;357.933,74;0,000637450;0,00070000
Muster konservativ cVV;10.01.2015;0,0000550975;73,55;0,3545313776;358.007,29;0;0,00070000
Muster konservativ cVV;11.01.2015;0,0000550944;73,55;0,3546042098;358.080,84;0;0,00070000
Muster konservativ cVV;12.01.2015;0,0003320998;443,35;0,3550506030;358.524,19;-0,000089088;0,00071000
Muster konservativ cVV;13.01.2015;0,0006758937;902,61;0,3559518251;359.426,80;-0,000017752;0,00071000
Muster konservativ cVV;14.01.2015;0,0002847860;380,57;0,3563360716;359.807,36;0,000710374;0,00069000
Muster konservativ cVV;15.01.2015;0,0024580507;3.285,71;0,3595974963;363.093,07;0,000720526;0,00069000
Muster konservativ cVV;16.01.2015;0,0013485002;1.806,99;0,3613945317;364.900,06;-0,000027931;0,00060000
Muster konservativ cVV;17.01.2015;0,0000547984;73,53;0,3614673541;364.973,59;0;0,00060000
Muster konservativ cVV;18.01.2015;0,0000547954;73,53;0,3615401765;365.047,12;0;0,00060000
Muster konservativ cVV;19.01.2015;0,0000977447;131,17;0,3616775246;365.178,29;0,000601917;0,00056000
Muster konservativ cVV;20.01.2015;0,0010213285;1.370,71;0,3630425514;366.549,00;-0,000456648;0,00055000
Muster konservativ cVV;21.01.2015;-0,0011424361;-1.534,81;0,3615298403;365.014,19;-0,001709558;0,00055000
Muster konservativ cVV;22.01.2015;0,0014377078;1.929,29;0,3634481606;366.943,47;0,001493737;0,00055000
Muster konservativ cVV;23.01.2015;0,0024700454;3.319,37;0,3667434170;370.262,84;0,002043291;0,00053000
Muster konservativ cVV;24.01.2015;0,0000545802;73,53;0,3668162469;370.336,37;0;0,00053000
Muster konservativ cVV;25.01.2015;0,0000545772;73,53;0,3668890767;370.409,90;0;0,00053000
Muster konservativ cVV;26.01.2015;-0,0004626839;-623,38;0,3662791083;369.786,52;-0,001376383;0,00054000
Muster konservativ cVV;27.01.2015;0,0003678559;495,39;0,3667772866;370.281,91;0,000199669;0,00055000
Muster konservativ cVV;28.01.2015;-0,0002952308;-397,73;0,3663907909;369.884,18;0,000875877;0,00053000
Muster konservativ cVV;29.01.2015;-0,0006109128;-822,77;0,3655832358;369.061,41;0,000163856;0,00052000
Muster konservativ cVV;30.01.2015;0,0013415474;1.805,68;0,3673793699;370.867,08;0,000650541;0,00054000
Muster konservativ cVV;31.01.2015;0,0000467291;62,98;0,3674417578;370.930,06;0;0,00054000
Muster konservativ cVV;01.02.2015;0,0000545532;73,53;0,3675145950;371.003,59;0;0,00054000
Muster konservativ cVV;02.02.2015;-0,0001881961;-253,67;0,3672707707;370.749,92;0,000293341;0,00055000
Muster konservativ cVV;03.02.2015;-0,0011248431;-1.515,90;0,3657765165;369.234,02;-0,000331710;0,00055000
Muster konservativ cVV;04.02.2015;0,0008588623;1.156,15;0,3669292750;370.390,17;0,000031033;0,00055000
Muster konservativ cVV;05.02.2015;-0,0003386348;-456,24;0,3664847145;369.933,93;-0,000110569;0,00051000
Muster konservativ cVV;06.02.2015;-0,0004962367;-668,35;0,3658299902;369.265,58;0,000160996;0,00053000
Muster konservativ cVV;07.02.2015;0,0000546207;73,53;0,3659028349;369.339,11;0;0,00053000
Muster konservativ cVV;08.02.2015;0,0000546177;73,53;0,3659756795;369.412,63;0;0,00053000
Muster konservativ cVV;09.02.2015;0,0008446359;1.137,15;0,3671096606;370.549,78;0,000914233;0,00051000
Muster konservativ cVV;10.02.2015;-0,0002813461;-379,10;0,3667414742;370.170,68;-0,000409804;0,00050000
Muster konservativ cVV;11.02.2015;-0,0000565307;-76,15;0,3666734134;370.094,53;0,000343429;0,00049000
Muster konservativ cVV;12.02.2015;0,0002582915;347,92;0,3670254990;370.442,45;0,000918985;0,00048000
Muster konservativ cVV;13.02.2015;0,0005052359;680,73;0,3677073362;371.123,18;-0,000070000;0,00048000
Muster konservativ cVV;14.02.2015;0,0000545454;73,53;0,3677801882;371.196,71;0;0,00048000
Muster konservativ cVV;15.02.2015;0,0000545424;73,53;0,3678530402;371.270,24;0;0,00048000
Muster konservativ cVV;16.02.2015;0,0007141343;962,78;0,3688143582;372.233,01;0,000190706;0,00048000
Muster konservativ cVV;17.02.2015;-0,0006082630;-820,63;0,3680086392;371.412,38;-0,000620169;0,00047000
Muster konservativ cVV;18.02.2015;-0,0006460131;-871,03;0,3671529396;370.541,35;0,000477486;0,00048000
Muster konservativ cVV;19.02.2015;0,0011142023;1.501,33;0,3686479096;372.042,68;0,000343538;0,00048000
Muster konservativ cVV;20.02.2015;-0,0002551521;-342,83;0,3683167708;371.699,85;0,000373497;0,00048000
Muster konservativ cVV;21.02.2015;0,0000547377;73,53;0,3683896303;371.773,38;0;0,00048000
Muster konservativ cVV;22.02.2015;0,0000547348;73,53;0,3684624899;371.846,91;0;0,00048000
Muster konservativ cVV;23.02.2015;0,0001059808;142,38;0,3686121334;371.989,29;0,000195936;0,00045000
Muster konservativ cVV;24.02.2015;0,0002410980;323,93;0,3689416850;372.313,22;0,000047690;0,00044000
Muster konservativ cVV;25.02.2015;0,0010758697;1.445,87;0,3703830393;373.759,09;0,000980471;0,00042000
Muster konservativ cVV;26.02.2015;0,0010900700;1.466,53;0,3718449235;375.225,61;0,000501746;0,00040000
Muster konservativ cVV;27.02.2015;0,0011091204;1.493,78;0,3733338756;376.719,40;-0,000544744;0,00039000
Muster konservativ cVV;28.02.2015;0,0000578793;78,04;0,3734112137;376.797,44;0;0,00039000
Muster konservativ cVV;01.03.2015;0,0000735222;99,14;0,3735094593;376.896,57;0;0,00039000
Muster konservativ cVV;02.03.2015;-0,0000335417;-45,23;0,3734732559;376.851,34;-0,000909166;0,00039000
Muster konservativ cVV;03.03.2015;-0,0013141975;-1.772,12;0,3717255904;375.079,22;-0,000110399;0,00038000
Muster konservativ cVV;04.03.2015;0,0003969654;534,58;0,3722639643;375.613,80;-0,000650350;0,00038000
Muster konservativ cVV;05.03.2015;0,0006166741;830,79;0,3730959225;376.444,59;0,000390160;0,00036000
Muster konservativ cVV;06.03.2015;-0,0007960457;-1.073,10;0,3720409155;375.371,49;-0,000653740;0,00036000
Muster konservativ cVV;07.03.2015;0,0000579239;78,02;0,3721182445;375.449,51;0;0,00036000
Muster konservativ cVV;08.03.2015;0,0000579205;78,02;0,3721955736;375.527,53;0;0,00036000
Muster konservativ cVV;09.03.2015;0,0003423612;461,20;0,3726612326;375.988,74;0,001760547;0,00035000
Muster konservativ cVV;10.03.2015;0,0005995199;807,90;0,3734705418;376.796,64;0,001483528;0,00032000
Muster konservativ cVV;11.03.2015;0,0000195132;26,31;0,3735051692;376.822,95;0,000171296;0,00029000
Muster konservativ cVV;12.03.2015;-0,0003993939;-538,55;0,3729798881;376.284,40;-0,001230965;0,00027000
Muster konservativ cVV;13.03.2015;-0,0010534043;-1.419,86;0,3715809821;374.864,54;-0,000611912;0,00025000
Muster konservativ cVV;14.03.2015;0,0000579457;78,02;0,3716583201;374.942,56;0;0,00025000
Muster konservativ cVV;15.03.2015;0,0000579423;78,02;0,3717356580;375.020,58;0;0,00025000
Muster konservativ cVV;16.03.2015;-0,0021075467;-2.838,05;0,3689308816;372.182,53;-0,001045010;0,00025000
Muster konservativ cVV;17.03.2015;-0,0019255529;-2.587,51;0,3663743237;369.595,03;-0,000891338;0,00025000
Muster konservativ cVV;18.03.2015;-0,0001573149;-210,99;0,3661735034;369.384,04;0,001912490;0,00025000
Muster konservativ cVV;19.03.2015;0,0013189132;1.768,63;0,3679351217;371.152,67;-0,000231498;0,00024000
Muster konservativ cVV;20.03.2015;0,0001750650;235,07;0,3681765066;371.387,74;0,000204219;0,00021000
Muster konservativ cVV;21.03.2015;0,0000549762;73,83;0,3682497001;371.461,57;0;0,00021000
Muster konservativ cVV;22.03.2015;0,0000549732;73,83;0,3683228937;371.535,40;0;0,00021000
Muster konservativ cVV;23.03.2015;-0,0010850335;-1.457,34;0,3668864724;370.078,06;-0,001116967;0,00022000
Muster konservativ cVV;24.03.2015;-0,0007229217;-969,92;0,3659331990;369.108,14;-0,000741333;0,00021000
Muster konservativ cVV;25.03.2015;0,0013215244;1.771,77;0,3676980406;370.879,91;0,000406457;0,00021000
Muster konservativ cVV;26.03.2015;0,0000829423;111,35;0,3678167397;370.991,26;0,000509915;0,00021000
Muster konservativ cVV;27.03.2015;0,0001058540;142,12;0,3679659414;371.133,37;0,000263986;0,00021000
Muster konservativ cVV;28.03.2015;0,0000612692;82,27;0,3680475071;371.215,64;0;0,00021000
Muster konservativ cVV;29.03.2015;0,0000612655;82,27;0,3681290727;371.297,91;0;0,00021000
Muster konservativ cVV;30.03.2015;0,0001982648;266,25;0,3684013480;371.564,16;0,000041764;0,00018000
Muster konservativ cVV;31.03.2015;0,0007891556;1.059,96;0,3694605983;372.624,12;0,000479280;0,00019000
Muster konservativ cVV;01.04.2015;0,0010629525;1.428,84;0,3708856411;374.052,95;-0,000012235;0,00018000
Muster konservativ cVV;02.04.2015;-0,0004717681;-634,83;0,3702644961;373.418,12;-0,000180502;0,00018000
Muster konservativ cVV;03.04.2015;0,0000611652;82,27;0,3703543728;373.500,39;0;0,00018000
Muster konservativ cVV;04.04.2015;0,0000611614;82,27;0,3704359476;373.582,66;0;0,00018000
Muster konservativ cVV;05.04.2015;0,0000611577;82,27;0,3705175224;373.664,92;0;0,00018000
Muster konservativ cVV;06.04.2015;-0,0000307488;-41,36;0,3704848025;373.623,56;0;0,00018000
Muster konservativ cVV;07.04.2015;0,0014523878;1.953,77;0,3724304938;375.577,33;0,000737372;0,00016000
Muster konservativ cVV;08.04.2015;0,0006726582;906,18;0,3733374261;376.483,52;0,001099143;0,00014000
Muster konservativ cVV;09.04.2015;0,0009848185;1.327,61;0,3746623016;377.811,13;0,000077120;0,00012000
Muster konservativ cVV;10.04.2015;0,0013456689;1.815,85;0,3764714075;379.626,98;0,000063856;0,00012000
Muster konservativ cVV;11.04.2015;0,0000602934;81,47;0,3765522000;379.708,45;0;0,00012000
Muster konservativ cVV;12.04.2015;0,0000602898;81,47;0,3766329924;379.789,92;0;0,00012000
Muster konservativ cVV;13.04.2015;-0,0002145067;-289,88;0,3763538992;379.500,04;0,000157766;0,00011000
Muster konservativ cVV;14.04.2015;-0,0003254408;-439,70;0,3759262022;379.060,34;0,000395747;0,00008000
Muster konservativ cVV;15.04.2015;0,0003369777;455,14;0,3763859370;379.515,48;0,000431587;0,00004000
Muster konservativ cVV;16.04.2015;-0,0008438267;-1.140,10;0,3752635614;378.375,38;-0,000198465;0,00002000
Muster konservativ cVV;17.04.2015;-0,0005479766;-739,75;0,3745381923;377.635,62;0,000069292;0,00001000
Muster konservativ cVV;18.04.2015;0,0000603824;81,47;0,3746189937;377.717,09;0;0,00001000
Muster konservativ cVV;19.04.2015;0,0000603788;81,47;0,3746997951;377.798,56;0;0,00001000
Muster konservativ cVV;20.04.2015;-0,0004476786;-604,09;0,3741089348;377.194,47;-0,000107510;0,00001000
Muster konservativ cVV;21.04.2015;-0,0000945944;-127,59;0,3739906564;377.066,88;-0,000368727;-0,00001000
Muster konservativ cVV;22.04.2015;-0,0002950490;-397,92;0,3736042295;376.668,96;-0,001741938;-0,00002000
Muster konservativ cVV;23.04.2015;0,0001496221;201,73;0,3738125597;376.870,69;0,000223027;-0,00002000
Muster konservativ cVV;24.04.2015;-0,0010928618;-1.473,68;0,3723590347;375.397,01;0,000059765;-0,00001000
Muster konservativ cVV;25.04.2015;0,0000542588;73,09;0,3724315293;375.470,10;0;-0,00001000
Muster konservativ cVV;26.04.2015;0,0000542559;73,09;0,3725040239;375.543,18;0;-0,00001000
Muster konservativ cVV;27.04.2015;0,0010245867;1.380,26;0,3738813344;376.923,44;0,000186283;-0,00002000
Muster konservativ cVV;28.04.2015;0,0005103218;688,18;0,3745721861;377.611,61;0,000527877;-0,00005000
Muster konservativ cVV;29.04.2015;-0,0031169452;-4.205,39;0,3704087704;373.406,22;-0,003702922;-0,00005000
Muster konservativ cVV;30.04.2015;-0,0025295302;-3.402,21;0,3670419123;370.004,01;-0,002186469;-0,00005000
Muster konservativ cVV;01.05.2015;0,0000025691;3,45;0,3670533667;370.007,45;0;-0,00005000
Muster konservativ cVV;02.05.2015;0,0000607087;81,45;0,3671341632;370.088,90;0;-0,00005000
Muster konservativ cVV;03.05.2015;0,0000607050;81,45;0,3672149596;370.170,35;0;-0,00005000
Muster konservativ cVV;04.05.2015;-0,0007062751;-947,65;0,3662828811;369.222,69;-0,001298668;-0,00007000
Muster konservativ cVV;05.05.2015;-0,0005790907;-776,45;0,3655205928;368.446,24;-0,001010585;-0,00008000
Muster konservativ cVV;06.05.2015;-0,0025705935;-3.444,69;0,3621111510;365.001,55;-0,001541701;-0,00008000
Muster konservativ cVV;07.05.2015;-0,0017294289;-2.311,54;0,3598257522;362.690,00;-0,000416997;-0,00009000
Muster konservativ cVV;08.05.2015;0,0019527483;2.605,52;0,3624185794;365.295,52;0,002185016;-0,00009000
Muster konservativ cVV;09.05.2015;0,0000609226;81,45;0,3624993847;365.376,97;0;-0,00009000
Muster konservativ cVV;10.05.2015;0,0000609189;81,45;0,3625801899;365.458,42;0;-0,00009000
Muster konservativ cVV;11.05.2015;0,0003804241;508,65;0,3630927224;365.967,06;-0,000880262;-0,00009000
Muster konservativ cVV;12.05.2015;-0,0017156931;-2.294,84;0,3608237392;363.672,22;-0,001795843;-0,00009000
Muster konservativ cVV;13.05.2015;0,0008807317;1.176,01;0,3619983872;364.848,23;-0,000421968;-0,00009000
Muster konservativ cVV;14.05.2015;-0,0001965076;-262,62;0,3617456530;364.585,61;-0,000336085;-0,00009000
Muster konservativ cVV;15.05.2015;0,0010157329;1.357,20;0,3631001355;365.942,81;0,001658523;-0,00010000
Muster konservativ cVV;16.05.2015;0,0000631157;84,42;0,3631838991;366.027,23;0;-0,00010000
Muster konservativ cVV;17.05.2015;0,0000631117;84,42;0,3632676627;366.111,65;0;-0,00010000
Muster konservativ cVV;18.05.2015;0,0006177074;826,31;0,3640954206;366.937,96;0,000345717;-0,00011000
Muster konservativ cVV;19.05.2015;0,0013419644;1.796,26;0,3658856617;368.734,22;0,000814423;-0,00012000
Muster konservativ cVV;20.05.2015;0,0002405007;322,35;0,3662134153;369.056,57;-0,000039904;-0,00012000
Muster konservativ cVV;21.05.2015;-0,0004302997;-576,88;0,3656488519;368.479,69;-0,000143854;-0,00012000
Muster konservativ cVV;22.05.2015;0,0006396594;857,19;0,3665073381;369.336,87;0,000518331;-0,00012000
Muster konservativ cVV;23.05.2015;0,0000629559;84,42;0,3665911108;369.421,29;0;-0,00012000
Muster konservativ cVV;24.05.2015;0,0000629519;84,42;0,3666748834;369.505,71;0;-0,00012000
Muster konservativ cVV;25.05.2015;0,0000629480;84,42;0,3667665345;369.590,13;0;-0,00012000
Muster konservativ cVV;26.05.2015;0,0001892654;253,84;0,3670263094;369.843,97;0,001753993;-0,00013000
Muster konservativ cVV;27.05.2015;-0,0005949823;-798,13;0,3662421081;369.045,84;-0,000043381;-0,00013000
Muster konservativ cVV;28.05.2015;-0,0002655308;-355,98;0,3658966640;368.689,86;-0,000209634;-0,00013000
Muster konservativ cVV;29.05.2015;-0,0003238951;-434,11;0,3654736561;368.255,75;0,000938293;-0,00012000
Muster konservativ cVV;30.05.2015;0,0000630067;84,42;0,3655574377;368.340,17;0;-0,00012000
Muster konservativ cVV;31.05.2015;0,0000551302;73,87;0,3656307504;368.414,04;0;-0,00012000
Muster konservativ cVV;01.06.2015;0,0006406534;858,48;0,3664905706;369.272,52;-0,000257087;-0,00013000
Muster konservativ cVV;02.06.2015;-0,0040751031;-5.464,16;0,3610752765;363.808,36;-0,003964153;-0,00013000
Muster konservativ cVV;03.06.2015;-0,0048946679;-6.536,34;0,3545955943;357.272,02;-0,004015978;-0,00014000
Muster konservativ cVV;04.06.2015;-0,0017144725;-2.278,30;0,3523418589;354.993,72;0,000467668;-0,00013000
Muster konservativ cVV;05.06.2015;0,0005658205;750,61;0,3530943661;355.744,33;-0,000343126;-0,00013000
Muster konservativ cVV;06.06.2015;0,0000636006;84,42;0,3531781567;355.828,75;0;-0,00013000
Muster konservativ cVV;07.06.2015;0,0000635966;84,42;0,3532619472;355.913,17;0;-0,00013000
Muster konservativ cVV;08.06.2015;-0,0015476707;-2.054,54;0,3512301677;353.858,63;-0,001117609;-0,00013000
Muster konservativ cVV;09.06.2015;-0,0019242368;-2.550,48;0,3487060265;351.308,14;-0,002299718;-0,00013000
Muster konservativ cVV;10.06.2015;-0,0011222017;-1.484,56;0,3472398167;349.823,58;-0,000375395;-0,00014000
Muster konservativ cVV;11.06.2015;0,0011625257;1.536,18;0,3487720285;351.359,76;0,002088329;-0,00014000
Muster konservativ cVV;12.06.2015;-0,0000388530;-51,40;0,3487283755;351.308,36;0,001221610;-0,00014000
Muster konservativ cVV;13.06.2015;0,0000638139;84,42;0,3488121749;351.392,78;0;-0,00014000
Muster konservativ cVV;14.06.2015;0,0000638098;84,42;0,3488959744;351.477,20;0;-0,00014000
Muster konservativ cVV;15.06.2015;-0,0009855348;-1.303,93;0,3476089566;350.173,27;-0,000181301;-0,00014000
Muster konservativ cVV;16.06.2015;-0,0012947539;-1.711,36;0,3459174208;348.461,91;-0,000042151;-0,00014000
Muster konservativ cVV;17.06.2015;-0,0004513078;-595,75;0,3453332922;347.866,16;0,000007667;-0,00014000
Muster konservativ cVV;18.06.2015;-0,0008385948;-1.106,49;0,3442420985;346.759,67;-0,000694060;-0,00014000
Muster konservativ cVV;19.06.2015;0,0000927593;122,29;0,3443707347;346.881,96;0,001118564;-0,00014000
Muster konservativ cVV;20.06.2015;0,0000640281;84,42;0,3444545430;346.966,38;0;-0,00014000
Muster konservativ cVV;21.06.2015;0,0000640240;84,42;0,3445383512;347.050,80;0;-0,00014000
Muster konservativ cVV;22.06.2015;-0,0002044607;-269,61;0,3442779167;346.781,19;-0,002409986;-0,00014000
Muster konservativ cVV;23.06.2015;0,0021129296;2.785,63;0,3470507118;349.566,82;0,001178867;-0,00014000
Muster konservativ cVV;24.06.2015;-0,0017712336;-2.340,08;0,3447346917;347.226,74;0,000606776;-0,00014000
Muster konservativ cVV;25.06.2015;0,0000136026;17,94;0,3447597116;347.244,67;-0,000283960;-0,00015000
Muster konservativ cVV;26.06.2015;-0,0004254133;-561,05;0,3442098653;346.683,62;-0,001463026;-0,00015000
Muster konservativ cVV;27.06.2015;0,0000640377;84,42;0,3442936823;346.768,04;0;-0,00015000
Muster konservativ cVV;28.06.2015;0,0000640336;84,42;0,3443774993;346.852,46;0;-0,00015000
Muster konservativ cVV;29.06.2015;-0,0029716618;-3.917,97;0,3404945889;342.934,49;0,002162802;-0,00016000
Muster konservativ cVV;30.06.2015;0,0012059928;1.585,31;0,3420757474;344.519,80;0,000614974;-0,00014000
Muster konservativ cVV;01.07.2015;0,0000536120;70,56;0,3421529279;344.590,36;0,000121422;-0,00014000
Muster konservativ cVV;02.07.2015;0,0000917573;120,77;0,3422799590;344.711,13;-0,000196782;-0,00015000
Muster konservativ cVV;03.07.2015;0,0013782764;1.814,23;0,3440885383;346.525,36;0,001443221;-0,00015000
Muster konservativ cVV;04.07.2015;0,0000640454;84,42;0,3441723641;346.609,78;0;-0,00015000
Muster konservativ cVV;05.07.2015;0,0000640413;84,42;0,3442561898;346.694,20;0;-0,00015000
Muster konservativ cVV;06.07.2015;-0,0012815888;-1.689,50;0,3425856759;345.004,70;0,000185605;-0,00016000
Muster konservativ cVV;07.07.2015;0,0009243222;1.216,96;0,3438012253;346.221,66;0,002264160;-0,00018000
Muster konservativ cVV;08.07.2015;-0,0016472062;-2.170,71;0,3416527603;344.050,95;-0,001861212;-0,00018000
Muster konservativ cVV;09.07.2015;0,0007257740;954,86;0,3426080457;345.005,81;-0,000568876;-0,00018000
Muster konservativ cVV;10.07.2015;-0,0005281876;-695,41;0,3419245276;344.310,40;-0,004024507;-0,00018000
Muster konservativ cVV;11.07.2015;0,0000641532;84,42;0,3420083620;344.394,81;0;-0,00018000
Muster konservativ cVV;12.07.2015;0,0000641491;84,42;0,3420921964;344.479,23;0;-0,00018000
Muster konservativ cVV;13.07.2015;0,0020948788;2.757,01;0,3448372127;347.236,24;0,002116564;-0,00019000
Muster konservativ cVV;14.07.2015;0,0006456041;851,44;0,3456898917;348.087,68;0,000659467;-0,00019000
Muster konservativ cVV;15.07.2015;0,0016231956;2.142,10;0,3478243904;350.229,78;0,001659998;-0,00019000
Muster konservativ cVV;16.07.2015;0,0014955341;1.976,83;0,3497948316;352.206,61;-0,000337142;-0,00019000
Muster konservativ cVV;17.07.2015;0,0011124649;1.472,68;0,3512646372;353.679,29;0,001463911;-0,00019000
Muster konservativ cVV;18.07.2015;0,0000636997;84,42;0,3513484802;353.763,71;0;-0,00019000
Muster konservativ cVV;19.07.2015;0,0000636956;84,42;0,3514323233;353.848,13;0;-0,00019000
Muster konservativ cVV;20.07.2015;0,0001395532;184,97;0,3516232395;354.033,10;0,000785699;-0,00019000
Muster konservativ cVV;21.07.2015;-0,0005607775;-743,38;0,3508921054;353.289,72;-0,000083292;-0,00019000
Muster konservativ cVV;22.07.2015;-0,0002605822;-345,24;0,3505563791;352.944,48;0,000818827;-0,00019000
Muster konservativ cVV;23.07.2015;0,0001514941;200,66;0,3507628481;353.145,14;0,000074351;-0,00019000
Muster konservativ cVV;24.07.2015;-0,0001903477;-252,16;0,3505195427;352.892,98;0,001116982;-0,00019000
Muster konservativ cVV;25.07.2015;0,0000637375;84,42;0,3506033943;352.977,40;0;-0,00019000
Muster konservativ cVV;26.07.2015;0,0000637335;84,42;0,3506872459;353.061,82;0;-0,00019000
Muster konservativ cVV;27.07.2015;-0,0006309201;-835,75;0,3498642488;352.226,07;-0,000105548;-0,00020000
Muster konservativ cVV;28.07.2015;-0,0001094562;-144,21;0,3497294027;352.081,85;0,000286372;-0,00021000
Muster konservativ cVV;29.07.2015;-0,0003646575;-480,39;0,3492605986;351.601,46;-0,000064742;-0,00022000
Muster konservativ cVV;30.07.2015;0,0014228775;1.873,78;0,3511303148;353.475,24;0,001108608;-0,00023000
Muster konservativ cVV;31.07.2015;-0,0001266631;-167,04;0,3509727823;353.308,20;-0,000084796;-0,00023000
Muster konservativ cVV;01.08.2015;0,0000640219;84,42;0,3510566436;353.392,62;0;-0,00023000
Muster konservativ cVV;02.08.2015;0,0000640178;84,42;0,3511405050;353.477,04;0;-0,00023000
Muster konservativ cVV;03.08.2015;0,0009537444;1.257,77;0,3523983834;354.734,81;0,000626301;-0,00023000
Muster konservativ cVV;04.08.2015;-0,0003023123;-399,06;0,3520103554;354.335,75;0,000260312;-0,00023000
Muster konservativ cVV;05.08.2015;-0,0007078663;-934,12;0,3510907379;353.401,63;-0,001954807;-0,00024000
Muster konservativ cVV;06.08.2015;0,0005755309;758,95;0,3518531058;354.160,58;0,000487258;-0,00024000
Muster konservativ cVV;07.08.2015;0,0006424777;847,72;0,3527036941;355.008,30;0,001798503;-0,00024000
Muster konservativ cVV;08.08.2015;0,0000639395;84,42;0,3527875655;355.092,72;0;-0,00024000
Muster konservativ cVV;09.08.2015;0,0000639354;84,42;0,3528714368;355.177,14;0;-0,00024000
Muster konservativ cVV;10.08.2015;0,0003362283;443,98;0,3533209312;355.621,12;-0,000649697;-0,00024000
Muster konservativ cVV;11.08.2015;0,0008357769;1.103,99;0,3544261938;356.725,11;0,001980090;-0,00024000
Muster konservativ cVV;12.08.2015;0,0007416460;980,47;0,3554087723;357.705,58;0,000220860;-0,00024000
Muster konservativ cVV;13.08.2015;-0,0004357455;-576,49;0,3548443880;357.129,09;-0,000792261;-0,00024000
Muster konservativ cVV;14.08.2015;-0,0000550585;-72,81;0,3547804369;357.056,28;-0,001116389;-0,00025000
Muster konservativ cVV;15.08.2015;0,0000638405;84,42;0,3548643182;357.140,69;0;-0,00025000
Muster konservativ cVV;16.08.2015;0,0000638364;84,42;0,3549481995;357.225,11;0;-0,00025000
Muster konservativ cVV;17.08.2015;0,0004037521;533,97;0,3554871663;357.759,08;0,000556853;-0,00027000
Muster konservativ cVV;18.08.2015;0,0005844059;773,20;0,3562638652;358.532,28;-0,000578215;-0,00028000
Muster konservativ cVV;19.08.2015;-0,0000950206;-125,79;0,3561472679;358.406,49;0,000096111;-0,00029000
Muster konservativ cVV;20.08.2015;0,0002754926;364,67;0,3565180353;358.771,16;0,001063650;-0,00030000
Muster konservativ cVV;21.08.2015;-0,0005523907;-731,40;0,3557995982;358.039,76;-0,000201962;-0,00031000
Muster konservativ cVV;22.08.2015;0,0000637930;84,42;0,3558834894;358.124,18;0;-0,00031000
Muster konservativ cVV;23.08.2015;0,0000637889;84,42;0,3559673806;358.208,60;0;-0,00031000
Muster konservativ cVV;24.08.2015;-0,0047445134;-6.279,37;0,3497355167;351.929,23;-0,000651270;-0,00032000
Muster konservativ cVV;25.08.2015;-0,0011383810;-1.499,50;0,3482535373;350.429,73;-0,004189716;-0,00033000
Muster konservativ cVV;26.08.2015;-0,0000489394;-64,39;0,3481977103;350.365,34;0,001265630;-0,00033000
Muster konservativ cVV;27.08.2015;0,0023450994;3.085,35;0,3512721978;353.450,69;-0,000829581;-0,00033000
Muster konservativ cVV;28.08.2015;0,0010586587;1.396,10;0,3526679423;354.846,79;-0,000231114;-0,00033000
Muster konservativ cVV;29.08.2015;0,0000639473;84,42;0,3527518433;354.931,21;0;-0,00033000
Muster konservativ cVV;30.08.2015;0,0000639432;84,42;0,3528357443;355.015,63;0;-0,00033000
Muster konservativ cVV;31.08.2015;-0,0024012791;-3.170,43;0,3496929534;351.845,20;-0,001399595;-0,00033000
Muster konservativ cVV;01.09.2015;0,0012124161;1.596,92;0,3512883035;353.442,12;-0,000698172;-0,00033000
Muster konservativ cVV;02.09.2015;-0,0004263864;-562,29;0,3507376164;352.879,82;0,000388354;-0,00033000
Muster konservativ cVV;03.09.2015;0,0010549447;1.390,60;0,3521279742;354.270,42;0,002285354;-0,00033000
Muster konservativ cVV;04.09.2015;0,0006937366;915,43;0,3530460799;355.185,85;0,001183622;-0,00034000
Muster konservativ cVV;05.09.2015;0,0000639309;84,42;0,3531299907;355.270,27;0;-0,00034000
Muster konservativ cVV;06.09.2015;0,0000639268;84,42;0,3532139015;355.354,69;0;-0,00034000
Muster konservativ cVV;07.09.2015;-0,0001326172;-175,14;0,3530480192;355.179,55;0,000462159;-0,00034000
Muster konservativ cVV;08.09.2015;0,0001820707;240,42;0,3532951954;355.419,97;-0,000384438;-0,00035000
Muster konservativ cVV;09.09.2015;-0,0001381986;-182,52;0,3531219524;355.237,45;-0,000139670;-0,00035000
Muster konservativ cVV;10.09.2015;-0,0002563975;-338,58;0,3527935578;354.898,87;0,000227239;-0,00036000
Muster konservativ cVV;11.09.2015;-0,0009586491;-1.265,60;0,3515435966;353.633,27;0,000758828;-0,00038000
Muster konservativ cVV;12.09.2015;0,0000639978;84,41;0,3516275062;353.717,68;0;-0,00038000
Muster konservativ cVV;13.09.2015;0,0000639938;84,41;0,3517114159;353.802,09;0;-0,00038000
Muster konservativ cVV;14.09.2015;0,0006760078;891,72;0,3526060121;354.693,80;0,000069039;-0,00038000
Muster konservativ cVV;15.09.2015;-0,0023854722;-3.148,79;0,3494838208;351.545,01;-0,002700346;-0,00036000
Muster konservativ cVV;16.09.2015;0,0001128829;148,65;0,3496396581;351.693,66;-0,000715601;-0,00037000
Muster konservativ cVV;17.09.2015;-0,0001641562;-216,19;0,3494327758;351.477,47;-0,000917240;-0,00037000
Muster konservativ cVV;18.09.2015;0,0013391921;1.763,41;0,3511940039;353.240,88;0,002940320;-0,00037000
Muster konservativ cVV;19.09.2015;0,0000640169;84,41;0,3512779233;353.325,29;0;-0,00037000
Muster konservativ cVV;20.09.2015;0,0000640128;84,41;0,3513618426;353.409,70;0;-0,00037000
Muster konservativ cVV;21.09.2015;0,0015634901;2.061,78;0,3534197942;355.471,47;-0,000392854;-0,00038000
Muster konservativ cVV;22.09.2015;-0,0013458052;-1.777,49;0,3516606327;353.693,98;0,002029050;-0,00039000
Muster konservativ cVV;23.09.2015;-0,0010432425;-1.376,02;0,3503005508;352.317,96;-0,000690192;-0,00039000
Muster konservativ cVV;24.09.2015;-0,0004981996;-656,43;0,3496558834;351.661,53;-0,000307364;-0,00040000
Muster konservativ cVV;25.09.2015;-0,0012394758;-1.632,33;0,3480408210;350.029,19;-0,001531550;-0,00041000
Muster konservativ cVV;26.09.2015;0,0000641568;84,39;0,3481247285;350.113,58;0;-0,00041000
Muster konservativ cVV;27.09.2015;0,0000641527;84,39;0,3482086359;350.197,97;0;-0,00041000
Muster konservativ cVV;28.09.2015;-0,0033362324;-4.388,78;0,3438526401;345.809,18;0,000294045;-0,00041000
Muster konservativ cVV;29.09.2015;-0,0022544378;-2.955,80;0,3409213464;342.853,38;-0,001054389;-0,00041000
Muster konservativ cVV;30.09.2015;0,0017137865;2.241,88;0,3431584197;345.095,27;0,000502220;-0,00040000
Muster konservativ cVV;01.10.2015;0,0010833026;1.419,55;0,3445778462;346.514,82;0,001630334;-0,00043000
Muster konservativ cVV;02.10.2015;0,0014425742;1.892,38;0,3464675291;348.407,20;0,000836047;-0,00044000
Muster konservativ cVV;03.10.2015;0,0000650909;85,51;0,3465525629;348.492,71;0;-0,00044000
Muster konservativ cVV;04.10.2015;0,0000650867;85,51;0,3466375968;348.578,22;0;-0,00044000
Muster konservativ cVV;05.10.2015;-0,0024429946;-3.209,78;0,3434534902;345.368,43;-0,000955808;-0,00046000
Muster konservativ cVV;06.10.2015;0,0018008542;2.360,31;0,3458085617;347.728,74;-0,000466965;-0,00046000
Muster konservativ cVV;07.10.2015;0,0020444750;2.684,44;0,3484860786;350.413,18;0,000473583;-0,00046000
Muster konservativ cVV;08.10.2015;0,0002267679;298,36;0,3487906964;350.711,54;0,000237529;-0,00048000
Muster konservativ cVV;09.10.2015;0,0007886599;1.037,88;0,3498308054;351.749,42;-0,000211349;-0,00049000
Muster konservativ cVV;10.10.2015;0,0000649257;85,51;0,3499158489;351.834,93;0;-0,00049000
Muster konservativ cVV;11.10.2015;0,0000649215;85,51;0,3500008924;351.920,44;0;-0,00049000
Muster konservativ cVV;12.10.2015;-0,0004697493;-618,76;0,3493934022;351.301,68;0,001474970;-0,00049000
Muster konservativ cVV;13.10.2015;0,0001084239;142,75;0,3495432667;351.444,43;-0,000611998;-0,00049000
Muster konservativ cVV;14.10.2015;0,0010162774;1.338,17;0,3508821091;352.782,61;0,001476766;-0,00049000
Muster konservativ cVV;15.10.2015;0,0005581701;735,71;0,3516217750;353.518,32;-0,000629193;-0,00052000
Muster konservativ cVV;16.10.2015;0,0012044866;1.588,49;0,3532096893;355.106,81;0,000467021;-0,00051000
Muster konservativ cVV;17.10.2015;0,0000647458;85,49;0,3532947230;355.192,30;0;-0,00051000
Muster konservativ cVV;18.10.2015;0,0000647416;85,49;0,3533797566;355.277,79;0;-0,00051000
Muster konservativ cVV;19.10.2015;0,0000537725;71,01;0,3534583303;355.348,80;-0,000178024;-0,00054000
Muster konservativ cVV;20.10.2015;-0,0016827423;-2.222,30;0,3512557378;353.126,50;-0,001797588;-0,00053000
Muster konservativ cVV;21.10.2015;0,0013042514;1.719,55;0,3529740928;354.846,05;0,001781680;-0,00053000
Muster konservativ cVV;22.10.2015;0,0034371385;4.537,50;0,3574956628;359.383,55;0,002902177;-0,00053000
Muster konservativ cVV;23.10.2015;0,0028916649;3.830,52;0,3613141444;363.214,07;0,000627311;-0,00061000
Muster konservativ cVV;24.10.2015;0,0000643507;85,49;0,3613991876;363.299,56;0;-0,00061000
Muster konservativ cVV;25.10.2015;0,0000643466;85,49;0,3614842308;363.385,05;0;-0,00061000
Muster konservativ cVV;26.10.2015;0,0016642636;2.211,27;0,3636920619;365.596,32;0,000742268;-0,00064000
Muster konservativ cVV;27.10.2015;0,0005639240;750,52;0,3644468087;366.346,84;0,001578422;-0,00066000
Muster konservativ cVV;28.10.2015;0,0025280790;3.366,49;0,3678040406;369.713,33;0,000356167;-0,00067000
Muster konservativ cVV;29.10.2015;-0,0017482583;-2.333,94;0,3654902988;367.379,39;-0,002977468;-0,00068000
Muster konservativ cVV;30.10.2015;-0,0014723692;-1.962,19;0,3635462916;365.417,21;0,000007621;-0,00068000
Muster konservativ cVV;31.10.2015;0,0000535171;71,22;0,3636171427;365.488,42;0;-0,00068000
Muster konservativ cVV;01.11.2015;0,0000614409;81,76;0,3636984884;365.570,19;0;-0,00068000
Muster konservativ cVV;02.11.2015;0,0007528829;1.001,98;0,3647034478;366.572,17;-0,000689150;-0,00066000
Muster konservativ cVV;03.11.2015;-0,0003369155;-448,73;0,3642650963;366.123,45;0,000544078;-0,00069000
Muster konservativ cVV;04.11.2015;0,0004372141;582,11;0,3648523467;366.705,56;0,000028798;-0,00069000
Muster konservativ cVV;05.11.2015;0,0008067382;1.074,57;0,3659295962;367.780,14;-0,000155461;-0,00071000
Muster konservativ cVV;06.11.2015;-0,0017204729;-2.293,52;0,3636556672;365.486,62;-0,002646600;-0,00073000
Muster konservativ cVV;07.11.2015;0,0000614257;81,74;0,3637370017;365.568,36;0;-0,00073000
Muster konservativ cVV;08.11.2015;0,0000614219;81,74;0,3638183363;365.650,11;0;-0,00073000
Muster konservativ cVV;09.11.2015;0,0001291821;171,93;0,3639974545;365.822,04;0,001675911;-0,00073000
Muster konservativ cVV;10.11.2015;0,0009739009;1.296,37;0,3652954281;367.118,42;0,001715320;-0,00077000
Muster konservativ cVV;11.11.2015;-0,0003895464;-519,04;0,3647870149;366.599,38;0,000646023;-0,00079000
Muster konservativ cVV;12.11.2015;-0,0003496847;-465,74;0,3643316016;366.133,64;-0,000428899;-0,00081000
Muster konservativ cVV;13.11.2015;0,0006245306;831,52;0,3651670618;366.965,15;0,001180491;-0,00083000
Muster konservativ cVV;14.11.2015;0,0000627931;83,66;0,3652503085;367.048,81;0;-0,00083000
Muster konservativ cVV;15.11.2015;0,0000627891;83,66;0,3653335551;367.132,47;0;-0,00083000
Muster konservativ cVV;16.11.2015;-0,0000005129;-0,68;0,3653409063;367.131,78;0,000750526;-0,00086000
Muster konservativ cVV;17.11.2015;0,0010844490;1.444,95;0,3667868585;368.576,73;0,000629907;-0,00091000
Muster konservativ cVV;18.11.2015;0,0014563242;1.942,55;0,3687280597;370.519,28;0,000386737;-0,00092000
Muster konservativ cVV;19.11.2015;-0,0003379992;-451,50;0,3682868085;370.067,77;0,000676529;-0,00092000
Muster konservativ cVV;20.11.2015;-0,0000106214;-14,18;0,3682807539;370.053,59;0,000308599;-0,00095000
Muster konservativ cVV;21.11.2015;0,0000626479;83,66;0,3683640097;370.137,25;0;-0,00095000
Muster konservativ cVV;22.11.2015;0,0000626439;83,66;0,3684472655;370.220,90;0;-0,00095000
Muster konservativ cVV;23.11.2015;0,0003142361;419,67;0,3688729863;370.640,57;-0,000717564;-0,00099000
Muster konservativ cVV;24.11.2015;-0,0006690329;-893,78;0,3679915020;369.746,79;0,000614492;-0,00104000
Muster konservativ cVV;25.11.2015;0,0007809930;1.042,66;0,3690372595;370.789,44;0,001473229;-0,00104000
Muster konservativ cVV;26.11.2015;0,0003163552;422,68;0,3694659901;371.212,12;0,000285675;-0,00109000
Muster konservativ cVV;27.11.2015;0,0007900805;1.055,95;0,3705250352;372.268,07;0,000589638;-0,00113000
Muster konservativ cVV;28.11.2015;0,0000625441;83,66;0,3706083001;372.351,72;0;-0,00113000
Muster konservativ cVV;29.11.2015;0,0000625402;83,66;0,3706915650;372.435,38;0;-0,00113000
Muster konservativ cVV;30.11.2015;-0,0000917103;-122,68;0,3705775140;372.312,70;-0,000546440;-0,00114000
Muster konservativ cVV;01.12.2015;0,0002648887;354,32;0,3709382364;372.667,01;0,000914059;-0,00116000
Muster konservativ cVV;02.12.2015;0,0001075859;143,95;0,3710895658;372.810,96;0,000343354;-0,00118000
Muster konservativ cVV;03.12.2015;-0,0035329652;-4.727,47;0,3663918608;368.083,48;-0,007332021;-0,00124000
Muster konservativ cVV;04.12.2015;-0,0011293768;-1.505,88;0,3649007972;366.577,60;-0,001879705;-0,00113000
Muster konservativ cVV;05.12.2015;0,0000631601;84,12;0,3649845335;366.661,72;0;-0,00113000
Muster konservativ cVV;06.12.2015;0,0000631561;84,12;0,3650682698;366.745,84;0;-0,00113000
Muster konservativ cVV;07.12.2015;0,0009944238;1.324,61;0,3663947457;368.070,45;0,002747812;-0,00113000
Muster konservativ cVV;08.12.2015;-0,0002011297;-268,18;0,3661356974;367.802,27;-0,000021008;-0,00116000
Muster konservativ cVV;09.12.2015;-0,0005756820;-767,44;0,3653796207;367.034,83;-0,000470634;-0,00119000
Muster konservativ cVV;10.12.2015;-0,0001033822;-137,74;0,3652503765;366.897,10;0,001023200;-0,00125000
Muster konservativ cVV;11.12.2015;-0,0001907903;-254,17;0,3650052080;366.642,93;0,000708835;-0,00128000
Muster konservativ cVV;12.12.2015;0,0000631570;84,12;0,3650889533;366.727,05;0;-0,00128000
Muster konservativ cVV;13.12.2015;0,0000631530;84,12;0,3651726987;366.811,17;0;-0,00128000
Muster konservativ cVV;14.12.2015;-0,0019463787;-2.592,78;0,3625993006;364.218,39;-0,001170702;-0,00129000
Muster konservativ cVV;15.12.2015;-0,0011544685;-1.534,88;0,3610790032;362.683,51;-0,002453600;-0,00132000
Muster konservativ cVV;16.12.2015;0,0006040401;802,15;0,3618853727;363.485,66;-0,000353648;-0,00133000
Muster konservativ cVV;17.12.2015;0,0014055826;1.867,71;0,3637526569;365.353,37;0,001821737;-0,00133000
Muster konservativ cVV;18.12.2015;0,0002286994;304,32;0,3640634388;365.657,69;0,001130183;-0,00131000
Muster konservativ cVV;19.12.2015;0,0000702040;93,44;0,3641564695;365.751,13;0;-0,00131000
Muster konservativ cVV;20.12.2015;0,0000701990;93,44;0,3642495001;365.844,56;0;-0,00131000
Muster konservativ cVV;21.12.2015;0,0001697331;225,94;0,3644822508;366.070,50;0,000151011;-0,00130000
Muster konservativ cVV;22.12.2015;-0,0008924926;-1.188,23;0,3633069383;364.882,27;-0,001621198;-0,00131000
Muster konservativ cVV;23.12.2015;-0,0001218877;-162,13;0,3631532589;364.720,14;-0,001284566;-0,00131000
Muster konservativ cVV;24.12.2015;0,0000101037;13,44;0,3631743839;364.733,58;0;-0,00131000
Muster konservativ cVV;25.12.2015;0,0000702528;93,44;0,3632751610;364.827,01;0;-0,00131000
Muster konservativ cVV;26.12.2015;0,0000702478;93,44;0,3633682016;364.920,45;0;-0,00131000
Muster konservativ cVV;27.12.2015;0,0000702429;93,44;0,3634612421;365.013,89;0;-0,00131000
Muster konservativ cVV;28.12.2015;-0,0006525653;-868,11;0,3626045387;364.145,78;0,001780931;-0,00131000
Muster konservativ cVV;29.12.2015;0,0004620808;614,31;0,3632239675;364.760,09;-0,001370350;-0,00132000
Muster konservativ cVV;30.12.2015;-0,0009159500;-1.218,26;0,3620185229;363.541,82;-0,000032612;-0,00132000
Muster konservativ cVV;31.12.2015;0,0000924791;122,89;0,3621485788;363.664,71;0;-0,00131000
Muster konservativ cVV;01.01.2016;0,0000706448;93,44;0,3622505480;363.758,15;0;-0,00131000
Muster konservativ cVV;02.01.2016;0,0000706398;93,44;0,3623435988;363.851,59;0;-0,00131000
Muster konservativ cVV;03.01.2016;0,0000706348;93,44;0,3624366496;363.945,03;0;-0,00131000
Muster konservativ cVV;04.01.2016;0,0023100661;3.056,05;0,3654890227;367.001,08;0,001770419;-0,00132000
Muster konservativ cVV;05.01.2016;0,0014038027;1.861,42;0,3673517987;368.862,49;0,001265206;-0,00133000
Muster konservativ cVV;06.01.2016;0,0001741003;231,18;0,3675910533;369.093,67;0,000937403;-0,00136000
Muster konservativ cVV;07.01.2016;-0,0022035588;-2.926,49;0,3646854178;366.167,18;-0,001489479;-0,00142000
Muster konservativ cVV;08.01.2016;-0,0012918791;-1.711,93;0,3629893048;364.455,25;0,000687471;-0,00143000
Muster konservativ cVV;09.01.2016;0,0000706026;93,44;0,3630823670;364.548,69;0;-0,00143000
Muster konservativ cVV;10.01.2016;0,0000705976;93,44;0,3631754292;364.642,12;0;-0,00143000
Muster konservativ cVV;11.01.2016;-0,0013156246;-1.741,39;0,3614498858;362.900,73;-0,000760190;-0,00143000
Muster konservativ cVV;12.01.2016;-0,0006051461;-799,93;0,3606619675;362.100,80;-0,000614906;-0,00144000
Muster konservativ cVV;13.01.2016;-0,0001527020;-201,73;0,3604698385;361.899,07;0,000462101;-0,00144000
Muster konservativ cVV;14.01.2016;-0,0039472316;-5.213,82;0,3552852729;356.685,25;-0,000645482;-0,00143000
Muster konservativ cVV;15.01.2016;-0,0019985698;-2.629,45;0,3526747342;354.055,79;0,000971964;-0,00142000
Muster konservativ cVV;16.01.2016;0,0000711617;93,44;0,3527678078;354.149,23;0;-0,00142000
Muster konservativ cVV;17.01.2016;0,0000711567;93,44;0,3528608813;354.242,67;0;-0,00142000
Muster konservativ cVV;18.01.2016;0,0001433327;188,23;0,3530569681;354.430,90;-0,000677822;-0,00142000
Muster konservativ cVV;19.01.2016;-0,0008675279;-1.139,42;0,3519305195;353.291,48;-0,000142969;-0,00143000
Muster konservativ cVV;20.01.2016;-0,0004701780;-617,00;0,3513244270;352.674,47;0,000581673;-0,00144000
Muster konservativ cVV;21.01.2016;0,0005952307;780,74;0,3521107190;353.455,21;0,001617614;-0,00146000
Muster konservativ cVV;22.01.2016;0,0035448853;4.652,44;0,3567541060;358.107,65;0,000642930;-0,00152000
Muster konservativ cVV;23.01.2016;0,0000709428;93,44;0,3568471908;358.201,09;0;-0,00152000
Muster konservativ cVV;24.01.2016;0,0000709378;93,44;0,3569402757;358.294,53;0;-0,00152000
Muster konservativ cVV;25.01.2016;0,0003910175;515,08;0,3574620610;358.809,60;0,000296131;-0,00155000
Muster konservativ cVV;26.01.2016;0,0007915427;1.043,09;0,3585099019;359.852,69;0,000763747;-0,00158000
Muster konservativ cVV;27.01.2016;0,0015546745;2.050,36;0,3605613197;361.903,05;0,000125954;-0,00159000
Muster konservativ cVV;28.01.2016;0,0016903959;2.232,82;0,3627946150;364.135,87;0,001078256;-0,00160000
Muster konservativ cVV;29.01.2016;0,0006489129;858,59;0,3636588074;364.994,46;0,002584277;-0,00162000
Muster konservativ cVV;30.01.2016;0,0000705738;93,44;0,3637519035;365.087,89;0;-0,00162000
Muster konservativ cVV;31.01.2016;0,0000626020;82,89;0,3638344896;365.170,78;0;-0,00162000
Muster konservativ cVV;01.02.2016;0,0007961606;1.054,24;0,3648936572;366.225,02;-0,000841173;-0,00162000
Muster konservativ cVV;02.02.2016;-0,0001710842;-226,72;0,3646765323;365.998,30;0,000526069;-0,00161000
Muster konservativ cVV;03.02.2016;-0,0020862520;-2.764,24;0,3619309707;363.234,06;0,000847695;-0,00162000
Muster konservativ cVV;04.02.2016;-0,0005862523;-775,15;0,3611672696;362.458,91;-0,001299196;-0,00166000
Muster konservativ cVV;05.02.2016;-0,0014108028;-1.864,29;0,3593182378;360.594,61;-0,000043326;-0,00167000
Muster konservativ cVV;06.02.2016;0,0000708091;93,44;0,3594113450;360.688,05;0;-0,00167000
Muster konservativ cVV;07.02.2016;0,0000708041;93,44;0,3595044523;360.781,49;0;-0,00167000
Muster konservativ cVV;08.02.2016;-0,0019282188;-2.544,79;0,3569772194;358.236,70;0,001313999;-0,00169000
Muster konservativ cVV;09.02.2016;-0,0015732031;-2.072,25;0,3549207462;356.164,45;-0,000329737;-0,00171000
Muster konservativ cVV;10.02.2016;0,0016293308;2.142,81;0,3570646073;358.307,25;-0,000386246;-0,00175000
Muster konservativ cVV;11.02.2016;-0,0012669386;-1.668,92;0,3554099582;356.638,33;0,001300176;-0,00179000
Muster konservativ cVV;12.02.2016;0,0000716141;94,22;0,3555123311;356.732,55;-0,002291565;-0,00183000
Muster konservativ cVV;13.02.2016;0,0000745559;98,09;0,3556100899;356.830,64;0;-0,00183000
Muster konservativ cVV;14.02.2016;0,0000745504;98,09;0,3557078487;356.928,74;0;-0,00183000
Muster konservativ cVV;15.02.2016;0,0007272869;957,04;0,3566701186;357.885,78;0,001188967;-0,00183000
Muster konservativ cVV;16.02.2016;0,0021505251;2.831,96;0,3595010130;360.717,74;-0,000582981;-0,00187000
Muster konservativ cVV;17.02.2016;-0,0000327906;-43,27;0,3594664331;360.674,46;0,000100746;-0,00189000
Muster konservativ cVV;18.02.2016;0,0024358708;3.214,51;0,3626787934;363.888,97;0,001812000;-0,00195000
Muster konservativ cVV;19.02.2016;0,0014940779;1.976,47;0,3646573451;365.865,45;0,000211144;-0,00198000
Muster konservativ cVV;20.02.2016;0,0000740174;98,06;0,3647550830;365.963,51;0;-0,00198000
Muster konservativ cVV;21.02.2016;0,0000740119;98,06;0,3648528209;366.061,57;0;-0,00198000
Muster konservativ cVV;22.02.2016;0,0008338156;1.104,84;0,3659626893;367.166,41;0,000973965;-0,00199000
Muster konservativ cVV;23.02.2016;0,0002111089;279,96;0,3662504058;367.446,37;-0,000300256;-0,00200000
Muster konservativ cVV;24.02.2016;0,0007102581;942,11;0,3671981316;368.388,48;0,000378093;-0,00201000
Muster konservativ cVV;25.02.2016;-0,0004226574;-561,02;0,3666475855;367.827,46;0,000873928;-0,00201000
Muster konservativ cVV;26.02.2016;0,0013213496;1.753,18;0,3684038367;369.580,63;0,000492481;-0,00202000
Muster konservativ cVV;27.02.2016;0,0000738005;98,05;0,3685015731;369.678,68;0;-0,00202000
Muster konservativ cVV;28.02.2016;0,0000737951;98,05;0,3685993095;369.776,73;0;-0,00202000
Muster konservativ cVV;29.02.2016;0,0017004812;2.259,53;0,3708603885;372.036,26;0,001853383;-0,00205000
Muster konservativ cVV;01.03.2016;0,0006258122;832,97;0,3716994787;372.869,23;-0,000426322;-0,00207000
Muster konservativ cVV;02.03.2016;0,0017251471;2.297,64;0,3739987099;375.166,87;-0,000821234;-0,00208000
Muster konservativ cVV;03.03.2016;0,0004417039;589,30;0,3745949791;375.756,17;0,001409424;-0,00213000
Muster konservativ cVV;04.03.2016;0,0006436194;859,06;0,3754602040;376.615,23;-0,001662134;-0,00215000
Muster konservativ cVV;05.03.2016;0,0000684893;91,47;0,3755513976;376.706,70;0;-0,00215000
Muster konservativ cVV;06.03.2016;0,0000734203;98,07;0,3756491635;376.804,77;0;-0,00215000
Muster konservativ cVV;07.03.2016;0,0015205101;2.031,08;0,3776828706;378.835,85;0,001112225;-0,00216000
Muster konservativ cVV;08.03.2016;0,0005008431;670,04;0,3783597342;379.505,88;0,001104204;-0,00221000
Muster konservativ cVV;09.03.2016;-0,0009461750;-1.266,44;0,3771059431;378.239,44;-0,002337018;-0,00224000
Muster konservativ cVV;10.03.2016;0,0013578433;1.815,74;0,3789250993;380.055,18;-0,003898995;-0,00229000
Muster konservativ cVV;11.03.2016;0,0045264826;6.061,13;0,3849771965;386.116,30;0,003648896;-0,00225000
Muster konservativ cVV;12.03.2016;0,0000729067;98,07;0,3850749738;386.214,37;0;-0,00225000
Muster konservativ cVV;13.03.2016;0,0000729014;98,07;0,3851727511;386.312,44;0;-0,00225000
Muster konservativ cVV;14.03.2016;0,0023551480;3.168,37;0,3883408327;389.480,80;0,001042369;-0,00226000
Muster konservativ cVV;15.03.2016;-0,0035021172;-4.722,47;0,3836411246;384.758,33;-0,001343740;-0,00227000
Muster konservativ cVV;16.03.2016;-0,0005596569;-752,03;0,3829001915;384.006,30;0,000456955;-0,00230000
Muster konservativ cVV;17.03.2016;0,0011358082;1.525,38;0,3844301173;385.531,67;0,001225697;-0,00234000
Muster konservativ cVV;18.03.2016;0,0011225822;1.509,33;0,3859441003;387.041,00;0,000408789;-0,00235000
Muster konservativ cVV;19.03.2016;0,0000728566;98,07;0,3860418890;387.139,07;0;-0,00235000
Muster konservativ cVV;20.03.2016;0,0000728513;98,07;0,3861396777;387.237,13;0;-0,00235000
Muster konservativ cVV;21.03.2016;0,0004864192;654,83;0,3868016279;387.891,96;0,000552933;-0,00238000
Muster konservativ cVV;22.03.2016;0,0012708167;1.711,63;0,3885174559;389.603,59;0,000274888;-0,00239000
Muster konservativ cVV;23.03.2016;-0,0016211628;-2.186,28;0,3863462249;387.417,31;0,000317575;-0,00241000
Muster konservativ cVV;24.03.2016;0,0004253236;572,66;0,3869262514;387.989,97;0,000148549;-0,00242000
Muster konservativ cVV;25.03.2016;0,0000728414;98,12;0,3870330452;388.088,08;0;-0,00242000
Muster konservativ cVV;26.03.2016;0,0000728361;98,12;0,3871308938;388.186,20;0;-0,00242000
Muster konservativ cVV;27.03.2016;0,0000728308;98,12;0,3872287423;388.284,31;0;-0,00242000
Muster konservativ cVV;28.03.2016;0,0001025152;138,12;0,3873754283;388.422,43;0;-0,00242000
Muster konservativ cVV;29.03.2016;0,0003053540;411,44;0,3877947012;388.833,86;0,001694738;-0,00242000
Muster konservativ cVV;30.03.2016;-0,0004193933;-565,26;0,3872398717;388.268,60;-0,000393760;-0,00243000
Muster konservativ cVV;31.03.2016;0,0004097507;552,04;0,3877993740;388.820,64;-0,000037810;-0,00244000
Muster konservativ cVV;01.04.2016;-0,0000574749;-77,46;0,3877310302;388.743,17;0,000226613;-0,00245000
Muster konservativ cVV;02.04.2016;0,0000728007;98,12;0,3878288900;388.841,29;0;-0,00245000
Muster konservativ cVV;03.04.2016;0,0000727954;98,12;0,3879267498;388.939,40;0;-0,00245000
Muster konservativ cVV;04.04.2016;0,0011069085;1.492,03;0,3894238375;390.431,43;0,000783423;-0,00246000
Muster konservativ cVV;05.04.2016;0,0009906939;1.336,86;0,3907662114;391.768,28;0,001176321;-0,00248000
Muster konservativ cVV;06.04.2016;-0,0002437718;-329,27;0,3904467310;391.439,01;-0,000010515;-0,00248000
Muster konservativ cVV;07.04.2016;0,0016960571;2.290,39;0,3927403108;393.729,40;0,001120095;-0,00247000
Muster konservativ cVV;08.04.2016;-0,0015764859;-2.132,53;0,3906220758;391.596,87;-0,000129348;-0,00248000
Muster konservativ cVV;09.04.2016;0,0000726546;98,13;0,3907199572;391.694,99;0;-0,00248000
Muster konservativ cVV;10.04.2016;0,0000726493;98,13;0,3908178387;391.793,12;0;-0,00248000
Muster konservativ cVV;11.04.2016;0,0008957051;1.209,90;0,3920336834;393.003,01;-0,000004633;-0,00251000
Muster konservativ cVV;12.04.2016;-0,0002376020;-321,23;0,3917221859;392.681,78;-0,001031962;-0,00249000
Muster konservativ cVV;13.04.2016;0,0013433195;1.815,72;0,3935424413;394.497,50;0,000464512;-0,00249000
Muster konservativ cVV;14.04.2016;0,0000984468;133,25;0,3936843352;394.630,74;-0,000662001;-0,00251000
Muster konservativ cVV;15.04.2016;0,0014277173;1.932,58;0,3956212818;396.563,32;0,001120625;-0,00249000
Muster konservativ cVV;16.04.2016;0,0000723884;98,13;0,3957191744;396.661,44;0;-0,00249000
Muster konservativ cVV;17.04.2016;0,0000723832;98,13;0,3958170671;396.759,57;0;-0,00249000
Muster konservativ cVV;18.04.2016;-0,0000947189;-128,41;0,3956979559;396.631,15;-0,000698477;-0,00249000
Muster konservativ cVV;19.04.2016;0,0016125960;2.186,06;0,3978879068;398.817,21;0,000051410;-0,00250000
Muster konservativ cVV;20.04.2016;0,0002483085;337,15;0,3982333113;399.154,36;0,000714511;-0,00249000
Muster konservativ cVV;21.04.2016;-0,0002350880;-319,28;0,3979237874;398.835,08;-0,002098828;-0,00249000
Muster konservativ cVV;22.04.2016;0,0009909848;1.345,58;0,3992753309;400.180,66;0,000910006;-0,00249000
Muster konservativ cVV;23.04.2016;0,0000721958;98,13;0,3993732346;400.278,78;0;-0,00249000
Muster konservativ cVV;24.04.2016;0,0000721905;98,13;0,3994711384;400.376,91;0;-0,00249000
Muster konservativ cVV;25.04.2016;-0,0003157035;-429,15;0,3990519829;399.947,75;-0,000454512;-0,00250000
Muster konservativ cVV;26.04.2016;-0,0007606534;-1.033,67;0,3980296193;398.914,08;-0,001337284;-0,00252000
Muster konservativ cVV;27.04.2016;0,0007342012;996,97;0,3990333864;399.911,05;0,000478241;-0,00251000
Muster konservativ cVV;28.04.2016;0,0011993211;1.629,75;0,4006685950;401.540,80;0,000693156;-0,00252000
Muster konservativ cVV;29.04.2016;-0,0007775920;-1.057,93;0,3996219654;400.482,87;-0,001605757;-0,00251000
Muster konservativ cVV;30.04.2016;0,0000721966;98,15;0,3997199031;400.581,02;0;-0,00251000
Muster konservativ cVV;01.05.2016;0,0000721913;98,15;0,3998178407;400.679,16;0;-0,00251000
Muster konservativ cVV;02.05.2016;0,0000708181;96,29;0,3999229238;400.775,45;0,000077822;-0,00250000
Muster konservativ cVV;03.05.2016;0,0006271846;852,82;0,4007829398;401.628,27;0,002454044;-0,00251000
Muster konservativ cVV;04.05.2016;-0,0026208919;-3.566,01;0,3972333567;398.062,26;-0,000214617;-0,00253000
Muster konservativ cVV;05.05.2016;0,0008200388;1.112,83;0,3983528066;399.175,09;0,001097990;-0,00255000
Muster konservativ cVV;06.05.2016;0,0003972065;539,47;0,3989001057;399.714,56;0,000587116;-0,00256000
Muster konservativ cVV;07.05.2016;0,0000722374;98,15;0,3989980544;399.812,71;0;-0,00256000
Muster konservativ cVV;08.05.2016;0,0000722322;98,15;0,3990960030;399.910,85;0;-0,00256000
Muster konservativ cVV;09.05.2016;-0,0000801987;-108,98;0,3989961785;399.801,87;0,000361745;-0,00258000
Muster konservativ cVV;10.05.2016;-0,0012111211;-1.645,65;0,3973627326;398.156,22;-0,000022219;-0,00260000
Muster konservativ cVV;11.05.2016;0,0000374528;50,83;0,3974223414;398.207,05;-0,000070911;-0,00259000
Muster konservativ cVV;12.05.2016;-0,0001381911;-187,55;0,3972440280;398.019,50;-0,000862249;-0,00258000
Muster konservativ cVV;13.05.2016;0,0013549795;1.838,71;0,3990880547;399.858,21;0,000285664;-0,00257000
Muster konservativ cVV;14.05.2016;0,0000722297;98,15;0,3991860143;399.956,36;0;-0,00257000
Muster konservativ cVV;15.05.2016;0,0000722245;98,15;0,3992839739;400.054,50;0;-0,00257000
Muster konservativ cVV;16.05.2016;0,0001016519;138,15;0,3994307555;400.192,65;0;-0,00257000
Muster konservativ cVV;17.05.2016;-0,0005655797;-768,72;0,3986723708;399.423,93;-0,000003669;-0,00257000
Muster konservativ cVV;18.05.2016;-0,0006104446;-829,23;0,3978535457;398.594,70;-0,000895252;-0,00257000
Muster konservativ cVV;19.05.2016;-0,0018159652;-2.465,31;0,3954016008;396.129,39;-0,000531556;-0,00258000
Muster konservativ cVV;20.05.2016;-0,0000317180;-42,98;0,3953674712;396.086,41;-0,000154744;-0,00258000
Muster konservativ cVV;21.05.2016;0,0000724308;98,15;0,3954654417;396.184,56;0;-0,00258000
Muster konservativ cVV;22.05.2016;0,0000724255;98,15;0,3955634122;396.282,71;0;-0,00258000
Muster konservativ cVV;23.05.2016;-0,0005735865;-777,36;0,3947962131;395.505,34;-0,000161520;-0,00258000
Muster konservativ cVV;24.05.2016;-0,0004443464;-601,86;0,3942041601;394.903,48;0,000291041;-0,00258000
Muster konservativ cVV;25.05.2016;0,0001798666;243,52;0,3944559735;395.147,00;0,000973966;-0,00258000
Muster konservativ cVV;26.05.2016;0,0003618110;489,94;0,3949537834;395.636,94;0,000582232;-0,00258000
Muster konservativ cVV;27.05.2016;0,0009942789;1.346,87;0,3963070756;396.983,81;-0,000005678;-0,00260000
Muster konservativ cVV;28.05.2016;0,0000723829;98,15;0,3964050569;397.081,96;0;-0,00260000
Muster konservativ cVV;29.05.2016;0,0000723776;98,15;0,3965030382;397.180,11;0;-0,00260000
Muster konservativ cVV;30.05.2016;-0,0014216456;-1.927,98;0,3945870459;395.252,12;-0,000521081;-0,00261000
Muster konservativ cVV;31.05.2016;0,0006935214;939,19;0,3955333700;396.191,31;0,000467328;-0,00261000
Muster konservativ cVV;01.06.2016;-0,0004603334;-623,83;0,3949192667;395.567,48;0,000478365;-0,00261000
Muster konservativ cVV;02.06.2016;0,0012644419;1.712,75;0,3966379297;397.280,23;0,000211471;-0,00262000
Muster konservativ cVV;03.06.2016;0,0006412911;869,76;0,3975150138;398.149,99;0,001413947;-0,00261000
Muster konservativ cVV;04.06.2016;0,0000723207;98,15;0,3976130059;398.248,14;0;-0,00261000
Muster konservativ cVV;05.06.2016;0,0000723154;98,15;0,3977109980;398.346,29;0;-0,00261000
Muster konservativ cVV;06.06.2016;0,0004110419;557,92;0,3982767663;398.904,21;0,000104501;-0,00262000
Muster konservativ cVV;07.06.2016;-0,0000896330;-121,71;0,3981639746;398.782,50;0,000923688;-0,00261000
Muster konservativ cVV;08.06.2016;0,0008813819;1.196,71;0,3993675728;399.979,20;0,000077128;-0,00264000
Muster konservativ cVV;09.06.2016;0,0013379773;1.818,26;0,4011918279;401.797,46;0,000352649;-0,00262000
Muster konservativ cVV;10.06.2016;-0,0002002760;-272,53;0,4009284695;401.524,93;0,000223226;-0,00263000
Muster konservativ cVV;11.06.2016;0,0000721413;98,15;0,4010264724;401.623,08;0;-0,00263000
Muster konservativ cVV;12.06.2016;0,0000721360;98,15;0,4011244752;401.721,23;0;-0,00263000
Muster konservativ cVV;13.06.2016;-0,0009406913;-1.280,00;0,3998551052;400.441,23;-0,000206310;-0,00263000
Muster konservativ cVV;14.06.2016;-0,0011075740;-1.505,66;0,3983603363;398.935,57;0,001060845;-0,00262000
Muster konservativ cVV;15.06.2016;0,0001419296;192,73;0,3985614712;399.128,29;0,000393860;-0,00262000
Muster konservativ cVV;16.06.2016;0,0015016595;2.039,42;0,4006067136;401.167,71;0,000234438;-0,00264000
Muster konservativ cVV;17.06.2016;-0,0015232444;-2.071,84;0,3985464375;399.095,87;-0,000189121;-0,00265000
Muster konservativ cVV;18.06.2016;0,0000730080;99,15;0,3986454515;399.195,02;0;-0,00265000
Muster konservativ cVV;19.06.2016;0,0000730027;99,15;0,3987444655;399.294,17;0;-0,00265000
Muster konservativ cVV;20.06.2016;0,0004653330;632,05;0,3993843218;399.926,22;-0,000865389;-0,00266000
Muster konservativ cVV;21.06.2016;0,0002295671;311,96;0,3997045337;400.238,19;0,000284221;-0,00266000
Muster konservativ cVV;22.06.2016;-0,0004173641;-567,29;0,3991466540;399.670,90;-0,000365065;-0,00268000
Muster konservativ cVV;23.06.2016;0,0000623489;84,71;0,3992399001;399.755,61;-0,000295523;-0,00269000
Muster konservativ cVV;24.06.2016;-0,0005551695;-754,33;0,3984951656;399.001,28;0,002075501;-0,00281000
Muster konservativ cVV;25.06.2016;0,0000730131;99,15;0,3985941904;399.100,43;0;-0,00281000
Muster konservativ cVV;26.06.2016;0,0000730077;99,15;0,3986932151;399.199,58;0;-0,00281000
Muster konservativ cVV;27.06.2016;0,0006097717;828,18;0,3995289807;400.027,76;0,000113778;-0,00283000
Muster konservativ cVV;28.06.2016;-0,0002823229;-383,68;0,3991543985;399.644,08;0,000953848;-0,00281000
Muster konservativ cVV;29.06.2016;0,0022921254;3.114,14;0,4022734008;402.758,22;0,000620382;-0,00282000
Muster konservativ cVV;30.06.2016;0,0010457728;1.424,07;0,4037044568;404.182,29;0,000355940;-0,00286000
Muster konservativ cVV;01.07.2016;0,0012987584;1.770,42;0,4054815136;405.952,71;0,000643470;-0,00290000
Muster konservativ cVV;02.07.2016;0,0000726412;99,15;0,4055805490;406.051,86;0;-0,00290000
Muster konservativ cVV;03.07.2016;0,0000726359;99,15;0,4056795844;406.151,01;0;-0,00290000
Muster konservativ cVV;04.07.2016;0,0020183684;2.755,34;0,4084405109;408.906,35;0,001220924;-0,00291000
Muster konservativ cVV;05.07.2016;0,0001726461;236,16;0,4086851830;409.142,51;0,001495092;-0,00292000
Muster konservativ cVV;06.07.2016;-0,0002703260;-369,84;0,4083245211;408.772,67;-0,000220498;-0,00293000
Muster konservativ cVV;07.07.2016;-0,0003609782;-493,73;0,4078400779;408.278,94;-0,000027689;-0,00293000
Muster konservativ cVV;08.07.2016;0,0001152358;157,56;0,4080062057;408.436,50;0,000854925;-0,00293000
Muster konservativ cVV;09.07.2016;0,0000694122;94,92;0,4081010213;408.531,42;0;-0,00293000
Muster konservativ cVV;10.07.2016;0,0000694074;94,92;0,4081958368;408.626,33;0;-0,00293000
Muster konservativ cVV;11.07.2016;0,0007478426;1.022,76;0,4092262721;409.649,09;0,000240180;-0,00292000
Muster konservativ cVV;12.07.2016;0,0008048669;1.101,57;0,4103354729;410.750,65;-0,000895299;-0,00291000
Muster konservativ cVV;13.07.2016;0,0019630811;2.688,90;0,4130304716;413.439,55;0,001356583;-0,00295000
Muster konservativ cVV;14.07.2016;0,0003645360;500,30;0,4135390966;413.939,84;-0,000860996;-0,00295000
Muster konservativ cVV;15.07.2016;0,0001285683;176,51;0,4137242582;414.116,36;-0,000879683;-0,00293000
Muster konservativ cVV;16.07.2016;0,0000691251;94,92;0,4138190838;414.211,27;0;-0,00293000
Muster konservativ cVV;17.07.2016;0,0000691203;94,92;0,4139139095;414.306,19;0;-0,00293000
Muster konservativ cVV;18.07.2016;0,0006510329;894,06;0,4148159513;415.200,25;0,000894191;-0,00295000
Muster konservativ cVV;19.07.2016;0,0009438311;1.297,00;0,4161205981;416.497,24;0,000051346;-0,00295000
Muster konservativ cVV;20.07.2016;-0,0006313107;-868,35;0,4152618536;415.628,89;-0,000346703;-0,00297000
Muster konservativ cVV;21.07.2016;0,0015287425;2.101,43;0,4173702841;417.730,31;-0,000361555;-0,00297000
Muster konservativ cVV;22.07.2016;0,0003558228;489,87;0,4178685899;418.220,18;-0,000106978;-0,00297000
Muster konservativ cVV;23.07.2016;0,0000689191;94,92;0,4179634256;418.315,09;0;-0,00297000
Muster konservativ cVV;24.07.2016;0,0000689144;94,92;0,4180582614;418.410,01;0;-0,00297000
Muster konservativ cVV;25.07.2016;0,0006647242;915,59;0,4189819545;419.325,59;0,000745475;-0,00297000
Muster konservativ cVV;26.07.2016;-0,0002995301;-412,84;0,4185783082;418.912,75;-0,000448065;-0,00298000
Muster konservativ cVV;27.07.2016;0,0008594023;1.184,17;0,4197704047;420.096,92;0,001550176;-0,00298000
Muster konservativ cVV;28.07.2016;-0,0002129570;-293,68;0,4194858101;419.803,23;-0,000564020;-0,00296000
Muster konservativ cVV;29.07.2016;0,0011759670;1.621,41;0,4211148768;421.424,64;0,000884646;-0,00297000
Muster konservativ cVV;30.07.2016;0,0000687591;94,92;0,4212097226;421.519,55;0;-0,00297000
Muster konservativ cVV;31.07.2016;0,0000611133;84,37;0,4212940275;421.603,92;0;-0,00297000
Muster konservativ cVV;01.08.2016;0,0001592770;219,90;0,4215226483;421.823,81;-0,000506489;-0,00297000
Muster konservativ cVV;02.08.2016;0,0007465972;1.030,91;0,4225617179;422.854,72;-0,001665961;-0,00298000
Muster konservativ cVV;03.08.2016;-0,0005016835;-693,24;0,4218778306;422.161,48;0,000005113;-0,00299000
Muster konservativ cVV;04.08.2016;0,0018971644;2.620,26;0,4245052490;424.781,73;0,002072752;-0,00298000
Muster konservativ cVV;05.08.2016;0,0001287977;178,23;0,4246922770;424.959,96;-0,000434947;-0,00298000
Muster konservativ cVV;06.08.2016;0,0000685835;94,92;0,4247871327;425.054,87;0;-0,00298000
Muster konservativ cVV;07.08.2016;0,0000685788;94,92;0,4248819884;425.149,79;0;-0,00298000
Muster konservativ cVV;08.08.2016;0,0008095370;1.120,51;0,4260107255;426.270,29;0,000532361;-0,00298000
Muster konservativ cVV;09.08.2016;-0,0005292499;-733,14;0,4252869408;425.537,15;0,000607252;-0,00298000
Muster konservativ cVV;10.08.2016;0,0007111897;984,66;0,4262799426;426.521,80;0,000996272;-0,00297000
Muster konservativ cVV;11.08.2016;0,0003111544;431,11;0,4267197294;426.952,91;-0,000395747;-0,00299000
Muster konservativ cVV;12.08.2016;0,0005447772;755,03;0,4274832755;427.707,94;0,000130644;-0,00299000
Muster konservativ cVV;13.08.2016;0,0000684476;94,92;0,4275781411;427.802,85;0;-0,00299000
Muster konservativ cVV;14.08.2016;0,0000684429;94,92;0,4276730068;427.897,77;0;-0,00299000
Muster konservativ cVV;15.08.2016;-0,0013553049;-1.879,64;0,4258032387;426.018,12;-0,001128842;-0,00298000
Muster konservativ cVV;16.08.2016;0,0008891594;1.231,49;0,4270430092;427.249,61;-0,000847865;-0,00299000
Muster konservativ cVV;17.08.2016;-0,0005288760;-733,14;0,4263191015;426.516,46;0,000357040;-0,00298000
Muster konservativ cVV;18.08.2016;-0,0005021981;-695,79;0,4256324882;425.820,67;0,000748601;-0,00299000
Muster konservativ cVV;19.08.2016;-0,0001302745;-180,40;0,4254610105;425.640,26;-0,000885517;-0,00298000
Muster konservativ cVV;20.08.2016;0,0000685498;94,92;0,4255558860;425.735,18;0;-0,00298000
Muster konservativ cVV;21.08.2016;0,0000685451;94,92;0,4256507616;425.830,09;0;-0,00298000
Muster konservativ cVV;22.08.2016;-0,0000499884;-69,22;0,4255904072;425.760,87;0,000950921;-0,00299000
Muster konservativ cVV;23.08.2016;0,0008085587;1.119,65;0,4267184602;426.880,52;0,000195835;-0,00298000
Muster konservativ cVV;24.08.2016;0,0000832374;115,36;0,4268426215;426.995,87;-0,000361568;-0,00298000
Muster konservativ cVV;25.08.2016;-0,0003924266;-543,89;0,4263077521;426.451,98;-0,000400126;-0,00298000
Muster konservativ cVV;26.08.2016;0,0003276920;454,00;0,4267704248;426.905,97;0,000495377;-0,00298000
Muster konservativ cVV;27.08.2016;0,0000684872;94,92;0,4268653102;427.000,89;0;-0,00298000
Muster konservativ cVV;28.08.2016;0,0000684825;94,92;0,4269601956;427.095,80;0;-0,00298000
Muster konservativ cVV;29.08.2016;-0,0001980080;-274,45;0,4266946488;426.821,35;0,000033907;-0,00297000
Muster konservativ cVV;30.08.2016;-0,0000264716;-36,68;0,4266667866;426.784,66;0,000150024;-0,00299000
Muster konservativ cVV;31.08.2016;-0,0002655160;-367,94;0,4263077404;426.416,72;-0,000423034;-0,00299000
Muster konservativ cVV;01.09.2016;0,0001329910;184,25;0,4265007295;426.600,97;-0,000026302;-0,00299000
Muster konservativ cVV;02.09.2016;0,0005115000;708,73;0,4272180853;427.309,69;-0,000564080;-0,00301000
Muster konservativ cVV;03.09.2016;0,0000684672;94,92;0,4273129805;427.404,61;0;-0,00301000
Muster konservativ cVV;04.09.2016;0,0000684625;94,92;0,4274078757;427.499,52;0;-0,00301000
Muster konservativ cVV;05.09.2016;0,0014911963;2.067,52;0,4294837828;429.567,04;0,000767532;-0,00301000
Muster konservativ cVV;06.09.2016;0,0012100876;1.680,27;0,4311725836;431.247,30;0,001956084;-0,00303000
Muster konservativ cVV;07.09.2016;0,0001464547;203,61;0,4313850105;431.450,91;0,000503481;-0,00303000
Muster konservativ cVV;08.09.2016;0,0000449828;62,55;0,4314563959;431.513,46;-0,001965497;-0,00304000
Muster konservativ cVV;09.09.2016;-0,0015022367;-2.088,85;0,4293766177;429.424,60;-0,001909796;-0,00301000
Muster konservativ cVV;10.09.2016;0,0000654849;90,92;0,4294675271;429.515,52;0;-0,00301000
Muster konservativ cVV;11.09.2016;0,0000654806;90,92;0,4295584366;429.606,44;0;-0,00301000
Muster konservativ cVV;12.09.2016;-0,0032265534;-4.480,35;0,4250872855;425.126,09;-0,000890127;-0,00303000
Muster konservativ cVV;13.09.2016;-0,0001679736;-232,49;0,4248635020;424.893,60;-0,000243365;-0,00302000
Muster konservativ cVV;14.09.2016;-0,0004271653;-591,14;0,4242810687;424.302,45;0,000777019;-0,00303000
Muster konservativ cVV;15.09.2016;-0,0002053544;-284,06;0,4240056739;424.018,39;-0,000227107;-0,00301000
Muster konservativ cVV;16.09.2016;-0,0011379274;-1.573,75;0,4224405815;422.444,63;0,000931145;-0,00301000
Muster konservativ cVV;17.09.2016;0,0000687163;94,93;0,4225355071;422.539,56;0;-0,00301000
Muster konservativ cVV;18.09.2016;0,0000687116;94,93;0,4226304327;422.634,49;0;-0,00301000
Muster konservativ cVV;19.09.2016;-0,0003696928;-510,77;0,4221282633;422.123,71;-0,000392625;-0,00301000
Muster konservativ cVV;20.09.2016;-0,0002056567;-284,03;0,4218528120;421.839,68;0,000288723;-0,00301000
Muster konservativ cVV;21.09.2016;0,0023335797;3.222,26;0,4250838114;425.061,94;-0,000639788;-0,00301000
Muster konservativ cVV;22.09.2016;-0,0007469733;-1.033,84;0,4240585281;424.028,09;0,002479132;-0,00301000
Muster konservativ cVV;23.09.2016;0,0000201503;27,87;0,4240950040;424.055,96;-0,000117539;-0,00302000
Muster konservativ cVV;24.09.2016;0,0000686519;94,95;0,4241899608;424.150,91;0;-0,00302000
Muster konservativ cVV;25.09.2016;0,0000686471;94,95;0,4242849177;424.245,86;0;-0,00302000
Muster konservativ cVV;26.09.2016;-0,0014978152;-2.071,82;0,4222214672;422.174,04;0,000885749;-0,00303000
Muster konservativ cVV;27.09.2016;-0,0004324749;-597,32;0,4216326241;421.576,72;0,001181294;-0,00301000
Muster konservativ cVV;28.09.2016;0,0004766828;658,09;0,4222993442;422.234,81;0,000194146;-0,00302000
Muster konservativ cVV;29.09.2016;-0,0006063800;-837,54;0,4214701936;421.397,27;-0,001239116;-0,00301000
Muster konservativ cVV;30.09.2016;0,0008859002;1.222,88;0,4227018192;422.620,15;-0,000530381;-0,00301000
Muster konservativ cVV;01.10.2016;0,0000642862;88,82;0,4227906543;422.708,97;0;-0,00301000
Muster konservativ cVV;02.10.2016;0,0000642821;88,82;0,4228794894;422.797,78;0;-0,00301000
Muster konservativ cVV;03.10.2016;0,0000328692;45,42;0,4229334486;422.843,20;0;-0,00301000
Muster konservativ cVV;04.10.2016;-0,0009011143;-1.245,18;0,4216965001;421.598,02;-0,000064356;-0,00301000
Muster konservativ cVV;05.10.2016;-0,0014517628;-2.004,27;0,4197002086;419.593,75;-0,002212840;-0,00302000
Muster konservativ cVV;06.10.2016;-0,0006678589;-920,69;0,4187877055;418.673,05;-0,000380795;-0,00304000
Muster konservativ cVV;07.10.2016;-0,0011290158;-1.555,39;0,4172402708;417.117,66;-0,000419670;-0,00304000
Muster konservativ cVV;08.10.2016;0,0000645493;88,83;0,4173291231;417.206,48;0;-0,00304000
Muster konservativ cVV;09.10.2016;0,0000645451;88,83;0,4174179754;417.295,31;0;-0,00304000
Muster konservativ cVV;10.10.2016;0,0003577232;492,33;0,4179188369;417.787,64;-0,000756620;-0,00305000
Muster konservativ cVV;11.10.2016;-0,0002569609;-353,78;0,4175733255;417.433,86;0,000246035;-0,00306000
Muster konservativ cVV;12.10.2016;-0,0000060750;-8,36;0,4175733285;417.425,50;-0,000933808;-0,00309000
Muster konservativ cVV;13.10.2016;-0,0000254679;-35,05;0,4175466207;417.390,44;0,000735955;-0,00311000
Muster konservativ cVV;14.10.2016;-0,0005934046;-816,75;0,4167379042;416.573,70;-0,000390002;-0,00311000
Muster konservativ cVV;15.10.2016;0,0000638317;87,80;0,4168257429;416.661,50;0;-0,00311000
Muster konservativ cVV;16.10.2016;0,0000638277;87,80;0,4169135816;416.749,31;0;-0,00311000
Muster konservativ cVV;17.10.2016;0,0005974526;821,93;0,4177441864;417.571,24;0,000400654;-0,00311000
Muster konservativ cVV;18.10.2016;0,0016048524;2.209,16;0,4199626484;419.780,41;0,000756987;-0,00312000
Muster konservativ cVV;19.10.2016;0,0010281354;1.417,55;0,4213892213;421.197,96;0,000235513;-0,00313000
Muster konservativ cVV;20.10.2016;0,0004192290;578,61;0,4219765023;421.776,57;0,000225129;-0,00313000
Muster konservativ cVV;21.10.2016;0,0012635427;1.744,65;0,4237304100;423.521,22;-0,000166703;-0,00312000
Muster konservativ cVV;22.10.2016;0,0000635110;87,80;0,4238182575;423.609,02;0;-0,00312000
Muster konservativ cVV;23.10.2016;0,0000635069;87,80;0,4239061049;423.696,83;0;-0,00312000
Muster konservativ cVV;24.10.2016;-0,0006494467;-897,98;0,4230160969;422.798,85;-0,000303471;-0,00311000
Muster konservativ cVV;25.10.2016;-0,0001182792;-163,44;0,4228609774;422.635,41;-0,000115009;-0,00312000
Muster konservativ cVV;26.10.2016;-0,0008620015;-1.190,96;0,4216777546;421.444,46;-0,002186870;-0,00313000
Muster konservativ cVV;27.10.2016;-0,0009379756;-1.294,81;0,4203905672;420.149,65;-0,002142389;-0,00312000
Muster konservativ cVV;28.10.2016;0,0006182182;852,60;0,4212520045;421.002,26;-0,000159913;-0,00313000
Muster konservativ cVV;29.10.2016;0,0000636269;87,80;0,4213398607;421.090,06;0;-0,00313000
Muster konservativ cVV;30.10.2016;0,0000636228;87,80;0,4214277168;421.177,86;0;-0,00313000
Muster konservativ cVV;31.10.2016;-0,0004696809;-648,23;0,4207874249;420.529,63;0,000356065;-0,00313000
Muster konservativ cVV;01.11.2016;-0,0001518262;-209,45;0,4205861657;420.320,18;-0,000639008;-0,00313000
Muster konservativ cVV;02.11.2016;0,0006083542;839,10;0,4214341247;421.159,29;0,001640881;-0,00313000
Muster konservativ cVV;03.11.2016;-0,0004679783;-645,88;0,4207961307;420.513,41;-0,000887931;-0,00313000
Muster konservativ cVV;04.11.2016;0,0000665853;91,85;0,4208963440;420.605,27;0,000866320;-0,00312000
Muster konservativ cVV;05.11.2016;0,0000636452;87,80;0,4209842088;420.693,07;0;-0,00312000
Muster konservativ cVV;06.11.2016;0,0000636411;87,80;0,4210720736;420.780,87;0;-0,00312000
Muster konservativ cVV;07.11.2016;0,0000975270;134,56;0,4212150266;420.915,44;-0,000258928;-0,00312000
Muster konservativ cVV;08.11.2016;-0,0006419652;-885,85;0,4203368207;420.029,59;-0,000705587;-0,00312000
Muster konservativ cVV;09.11.2016;0,0008332957;1.149,12;0,4214950708;421.178,72;0,000176578;-0,00312000
Muster konservativ cVV;10.11.2016;-0,0019355910;-2.671,43;0,4188298634;418.507,29;-0,003045493;-0,00312000
Muster konservativ cVV;11.11.2016;-0,0023266800;-3.204,98;0,4156305718;415.302,31;-0,001496520;-0,00312000
Muster konservativ cVV;12.11.2016;0,0000638908;87,80;0,4157184452;415.390,12;0;-0,00312000
Muster konservativ cVV;13.11.2016;0,0000638867;87,80;0,4158063187;415.477,92;0;-0,00312000
Muster konservativ cVV;14.11.2016;-0,0022003456;-3.024,29;0,4127877334;412.453,64;-0,001264551;-0,00312000
Muster konservativ cVV;15.11.2016;0,0008717685;1.195,57;0,4139923829;413.649,21;0,001021409;-0,00312000
Muster konservativ cVV;16.11.2016;-0,0003789263;-520,13;0,4134799146;413.129,08;-0,001055116;-0,00311000
Muster konservativ cVV;17.11.2016;-0,0002245999;-308,18;0,4131795526;412.820,91;0,000701339;-0,00312000
Muster konservativ cVV;18.11.2016;-0,0009126940;-1.252,04;0,4119344725;411.568,87;0,000036829;-0,00313000
Muster konservativ cVV;19.11.2016;0,0000640648;87,80;0,4120223546;411.656,68;0;-0,00313000
Muster konservativ cVV;20.11.2016;0,0000640607;87,80;0,4121102366;411.744,48;0;-0,00313000
Muster konservativ cVV;21.11.2016;-0,0009137390;-1.252,49;0,4108646532;410.492,00;0,000216298;-0,00312000
Muster konservativ cVV;22.11.2016;0,0012315711;1.686,60;0,4125608289;412.178,60;0,002498424;-0,00313000
Muster konservativ cVV;23.11.2016;-0,0010811544;-1.482,44;0,4110850224;410.696,16;-0,001702891;-0,00313000
Muster konservativ cVV;24.11.2016;0,0005349244;732,67;0,4118264011;411.428,84;0,001485601;-0,00314000
Muster konservativ cVV;25.11.2016;0,0003617602;495,76;0,4123306531;411.924,60;0,000703824;-0,00314000
Muster konservativ cVV;26.11.2016;0,0000550877;75,52;0,4124062476;412.000,12;0;-0,00314000
Muster konservativ cVV;27.11.2016;0,0000578824;79,36;0,4124856815;412.079,47;0;-0,00314000
Muster konservativ cVV;28.11.2016;0,0007170765;983,16;0,4134778341;413.062,63;0,001436431;-0,00314000
Muster konservativ cVV;29.11.2016;-0,0006194293;-849,88;0,4126350992;412.212,74;-0,001113146;-0,00314000
Muster konservativ cVV;30.11.2016;-0,0011021053;-1.511,20;0,4111303174;410.701,54;-0,000831451;-0,00314000
Muster konservativ cVV;01.12.2016;-0,0008125460;-1.112,93;0,4100241631;409.588,61;-0,001319263;-0,00313000
Muster konservativ cVV;02.12.2016;0,0003216346;440,18;0,4104727499;410.028,79;0,000225318;-0,00313000
Muster konservativ cVV;03.12.2016;0,0000591665;81,00;0,4105538371;410.109,79;0;-0,00313000
Muster konservativ cVV;04.12.2016;0,0000591630;81,00;0,4106349243;410.190,79;0;-0,00313000
Muster konservativ cVV;05.12.2016;-0,0012274718;-1.680,62;0,4089603865;408.510,17;-0,001783141;-0,00313000
Muster konservativ cVV;06.12.2016;0,0002852372;390,06;0,4093587786;408.900,23;-0,000991962;-0,00315000
Muster konservativ cVV;07.12.2016;0,0009435826;1.290,71;0,4106588558;410.190,94;0,000658170;-0,00316000
Muster konservativ cVV;08.12.2016;0,0008899970;1.218,56;0,4118867418;411.409,50;0,001256397;-0,00318000
Muster konservativ cVV;09.12.2016;0,0010659289;1.460,74;0,4133571331;412.870,24;0,001819826;-0,00316000
Muster konservativ cVV;10.12.2016;0,0000590439;81,00;0,4134382281;412.951,24;0;-0,00316000
Muster konservativ cVV;11.12.2016;0,0000590404;81,00;0,4135193231;413.032,24;0;-0,00316000
Muster konservativ cVV;12.12.2016;-0,0010715712;-1.470,21;0,4120553035;411.562,03;-0,001391198;-0,00316000
Muster konservativ cVV;13.12.2016;0,0007920284;1.085,51;0,4131500522;412.647,54;0,001460890;-0,00316000
Muster konservativ cVV;14.12.2016;0,0015045754;2.063,72;0,4152242555;414.711,26;0,001432966;-0,00316000
Muster konservativ cVV;15.12.2016;-0,0017128359;-2.352,91;0,4128763524;412.358,35;-0,001416709;-0,00316000
Muster konservativ cVV;16.12.2016;0,0013615147;1.867,10;0,4147537439;414.225,45;0,001234681;-0,00314000
Muster konservativ cVV;17.12.2016;0,0000589856;81,00;0,4148348467;414.306,45;0;-0,00314000
Muster konservativ cVV;18.12.2016;0,0000589822;81,00;0,4149159495;414.387,44;0;-0,00314000
Muster konservativ cVV;19.12.2016;0,0006001442;824,22;0,4157491783;415.211,66;0,001875997;-0,00313000
Muster konservativ cVV;20.12.2016;-0,0004185441;-575,16;0,4151812129;414.636,50;-0,000542495;-0,00313000
Muster konservativ cVV;21.12.2016;0,0005632785;773,73;0,4159639061;415.410,23;0,000324553;-0,00315000
Muster konservativ cVV;22.12.2016;-0,0000221702;-30,47;0,4159413342;415.379,76;-0,000542747;-0,00316000
Muster konservativ cVV;23.12.2016;0,0010870136;1.493,95;0,4174452640;416.873,71;0,000354869;-0,00317000
Muster konservativ cVV;24.12.2016;0,0000588721;81,00;0,4175263745;416.954,71;0;-0,00317000
Muster konservativ cVV;25.12.2016;0,0000588686;81,00;0,4176074850;417.035,71;0;-0,00317000
Muster konservativ cVV;26.12.2016;0,0000588652;81,00;0,4176965534;417.116,71;0;-0,00317000
Muster konservativ cVV;27.12.2016;0,0007368002;1.013,91;0,4187198421;418.130,62;0,002634405;-0,00318000
Muster konservativ cVV;28.12.2016;0,0006319670;870,29;0,4195993370;419.000,91;-0,000447196;-0,00319000
Muster konservativ cVV;29.12.2016;0,0001263728;174,14;0,4197817002;419.175,05;-0,000032462;-0,00319000
Muster konservativ cVV;30.12.2016;-0,0003152693;-434,49;0,4193545403;418.740,56;-0,000490848;-0,00319000
Muster konservativ cVV;31.12.2016;0,0000511358;70,45;0,4194250945;418.811,01;0;-0,00319000
Muster konservativ cVV;01.01.2017;0,0000587893;81,00;0,4195062127;418.892,01;0;-0,00319000
Muster konservativ cVV;02.01.2017;0,0010685447;1.458,24;0,4209772324;420.350,25;0,000598116;-0,00318000
Muster konservativ cVV;03.01.2017;0,0002172370;296,78;0,4212850944;420.647,03;-0,001686536;-0,00319000
Muster konservativ cVV;04.01.2017;0,0000618386;84,50;0,4213803544;420.731,53;0,000151599;-0,00320000
Muster konservativ cVV;05.01.2017;0,0002906249;397,15;0,4217887491;421.128,68;-0,000723672;-0,00321000
Muster konservativ cVV;06.01.2017;-0,0016077816;-2.197,73;0,4195981416;418.930,95;-0,001058039;-0,00321000
Muster konservativ cVV;07.01.2017;0,0000593518;81,00;0,4196792701;419.011,95;0;-0,00321000
Muster konservativ cVV;08.01.2017;0,0000593483;81,00;0,4197603986;419.092,95;0;-0,00321000
Muster konservativ cVV;09.01.2017;0,0014806600;2.020,95;0,4217951798;421.113,89;0,000309206;-0,00322000
Muster konservativ cVV;10.01.2017;-0,0007514569;-1.027,18;0,4207769152;420.086,71;0,000047473;-0,00324000
Muster konservativ cVV;11.01.2017;0,0007669200;1.047,53;0,4218367602;421.134,24;0,000099953;-0,00326000
Muster konservativ cVV;12.01.2017;0,0000032874;4,49;0,4218518464;421.138,74;0,000548171;-0,00327000
Muster konservativ cVV;13.01.2017;-0,0005093055;-696,19;0,4211650336;420.442,55;-0,000431823;-0,00327000
Muster konservativ cVV;14.01.2017;0,0000556620;76,05;0,4212412124;420.518,59;0;-0,00327000
Muster konservativ cVV;15.01.2017;0,0000556589;76,05;0,4213173912;420.594,64;0;-0,00327000
Muster konservativ cVV;16.01.2017;0,0020176736;2.756,95;0,4240896982;423.351,59;0,001112934;-0,00328000
Muster konservativ cVV;17.01.2017;0,0001207664;165,35;0,4242659506;423.516,94;0,000400169;-0,00329000
Muster konservativ cVV;18.01.2017;-0,0002085937;-285,63;0,4239904128;423.231,31;-0,001378842;-0,00329000
Muster konservativ cVV;19.01.2017;-0,0003918903;-536,51;0,4234635149;422.694,79;-0,001027507;-0,00329000
Muster konservativ cVV;20.01.2017;-0,0006089822;-833,39;0,4226391533;421.861,40;-0,001540473;-0,00328000
Muster konservativ cVV;21.01.2017;0,0000556043;76,05;0,4227153416;421.937,45;0;-0,00328000
Muster konservativ cVV;22.01.2017;0,0000556012;76,05;0,4227915299;422.013,50;0;-0,00328000
Muster konservativ cVV;23.01.2017;0,0013877487;1.898,19;0,4247038051;423.911,69;0,001564228;-0,00327000
Muster konservativ cVV;24.01.2017;-0,0007296487;-999,41;0,4237130789;422.912,27;-0,000836615;-0,00328000
Muster konservativ cVV;25.01.2017;-0,0013057862;-1.787,25;0,4219329418;421.125,02;-0,002012099;-0,00328000
Muster konservativ cVV;26.01.2017;-0,0000741457;-101,35;0,4218418826;421.023,67;-0,001098141;-0,00328000
Muster konservativ cVV;27.01.2017;-0,0002021921;-276,36;0,4215754545;420.747,31;0,000382396;-0,00328000
Muster konservativ cVV;28.01.2017;0,0000556496;76,05;0,4216516522;420.823,36;0;-0,00328000
Muster konservativ cVV;29.01.2017;0,0000556465;76,05;0,4217278500;420.899,40;0;-0,00328000
Muster konservativ cVV;30.01.2017;0,0007365003;1.006,58;0,4227468996;421.905,98;0,000465059;-0,00328000
Muster konservativ cVV;31.01.2017;0,0006229205;851,98;0,4236110747;422.757,96;0,000448842;-0,00327000
Muster konservativ cVV;01.02.2017;0,0000507776;69,49;0,4236912015;422.827,45;-0,000401221;-0,00328000
Muster konservativ cVV;02.02.2017;0,0007295849;998,53;0,4247022843;423.825,98;0,001895782;-0,00328000
Muster konservativ cVV;03.02.2017;0,0010165758;1.392,33;0,4261080312;425.218,32;0,000662690;-0,00328000
Muster konservativ cVV;04.02.2017;0,0000584406;80,12;0,4261883223;425.298,44;0;-0,00328000
Muster konservativ cVV;05.02.2017;0,0000584372;80,12;0,4262686134;425.378,56;0;-0,00328000
Muster konservativ cVV;06.02.2017;0,0022281655;3.055,22;0,4293408343;428.433,79;0,002128520;-0,00328000
Muster konservativ cVV;07.02.2017;0,0011156603;1.533,18;0,4308878969;429.966,97;0,000392189;-0,00328000
Muster konservativ cVV;08.02.2017;0,0007175997;987,25;0,4318879130;430.954,22;0,001866839;-0,00328000
Muster konservativ cVV;09.02.2017;-0,0002684323;-369,57;0,4315281752;430.584,66;-0,000246977;-0,00328000
Muster konservativ cVV;10.02.2017;0,0004713807;648,80;0,4321890362;431.233,46;-0,000264380;-0,00329000
Muster konservativ cVV;11.02.2017;0,0000581853;80,12;0,4322693372;431.313,58;0;-0,00329000
Muster konservativ cVV;12.02.2017;0,0000581820;80,12;0,4323496382;431.393,71;0;-0,00329000
Muster konservativ cVV;13.02.2017;-0,0010050233;-1.384,12;0,4309730508;430.009,59;-0,000166804;-0,00329000
Muster konservativ cVV;14.02.2017;0,0007409776;1.019,45;0,4320053944;431.029,04;-0,000344093;-0,00328000
Muster konservativ cVV;15.02.2017;-0,0000031382;-4,32;0,4320116661;431.024,72;-0,000231723;-0,00328000
Muster konservativ cVV;16.02.2017;0,0010059498;1.385,02;0,4334104858;432.409,74;0,000421272;-0,00328000
Muster konservativ cVV;17.02.2017;0,0012443646;1.715,00;0,4351401158;434.124,74;0,001581077;-0,00329000
Muster konservativ cVV;18.02.2017;0,0000580871;80,16;0,4352204593;434.204,90;0;-0,00329000
Muster konservativ cVV;19.02.2017;0,0000580837;80,16;0,4353008028;434.285,05;0;-0,00329000
Muster konservativ cVV;20.02.2017;0,0004889363;674,78;0,4359878275;434.959,83;0,001157277;-0,00329000
Muster konservativ cVV;21.02.2017;0,0006201463;856,28;0,4368568092;435.816,11;-0,000070847;-0,00329000
Muster konservativ cVV;22.02.2017;0,0011897302;1.643,76;0,4385152031;437.459,86;0,001954666;-0,00330000
Muster konservativ cVV;23.02.2017;0,0020509857;2.837,06;0,4413698758;440.296,92;0,001256093;-0,00329000
Muster konservativ cVV;24.02.2017;0,0017022470;2.359,49;0,4437459336;442.656,41;0,001567164;-0,00329000
Muster konservativ cVV;25.02.2017;0,0000542864;75,37;0,4438214938;442.731,78;0;-0,00329000
Muster konservativ cVV;26.02.2017;0,0000577364;80,17;0,4439018602;442.811,95;0;-0,00329000
Muster konservativ cVV;27.02.2017;-0,0000642660;-89,24;0,4438232123;442.722,71;-0,000528814;-0,00329000
Muster konservativ cVV;28.02.2017;-0,0001468828;-203,95;0,4436295524;442.518,76;-0,000591533;-0,00330000
Muster konservativ cVV;01.03.2017;-0,0024143194;-3.351,86;0,4402799888;439.166,90;-0,003431802;-0,00329000
Muster konservativ cVV;02.03.2017;0,0000647155;89,63;0,4403805444;439.256,53;-0,000644806;-0,00329000
Muster konservativ cVV;03.03.2017;-0,0007045796;-975,89;0,4394128273;438.280,64;-0,002332950;-0,00329000
Muster konservativ cVV;04.03.2017;0,0000531591;73,58;0,4394865940;438.354,22;0;-0,00329000
Muster konservativ cVV;05.03.2017;0,0000531562;73,58;0,4395603608;438.427,80;0;-0,00329000
Muster konservativ cVV;06.03.2017;0,0015275678;2.114,51;0,4416910437;440.542,31;0,000383715;-0,00329000
Muster konservativ cVV;07.03.2017;-0,0005814351;-806,07;0,4408935534;439.736,24;0,002104206;-0,00328000
Muster konservativ cVV;08.03.2017;-0,0011858118;-1.642,99;0,4392568715;438.093,24;-0,002566993;-0,00329000
Muster konservativ cVV;09.03.2017;-0,0012830648;-1.775,63;0,4374871049;436.317,61;-0,001136649;-0,00329000
Muster konservativ cVV;10.03.2017;-0,0027225054;-3.762,84;0,4337246635;432.554,78;-0,003696298;-0,00329000
Muster konservativ cVV;11.03.2017;0,0000573428;79,04;0,4338039163;432.633,82;0;-0,00329000
Muster konservativ cVV;12.03.2017;0,0000573395;79,04;0,4338831691;432.712,86;0;-0,00329000
Muster konservativ cVV;13.03.2017;0,0008330535;1.148,38;0,4350451563;433.861,24;0,000311939;-0,00330000
Muster konservativ cVV;14.03.2017;0,0000822221;113,44;0,4351694006;433.974,67;0,001233838;-0,00330000
Muster konservativ cVV;15.03.2017;0,0000580955;80,16;0,4352602687;434.054,83;0,001396705;-0,00329000
Muster konservativ cVV;16.03.2017;0,0005370249;741,02;0,4360138427;434.795,85;-0,001324343;-0,00329000
Muster konservativ cVV;17.03.2017;0,0000526992;72,76;0,4360972925;434.868,61;-0,000214435;-0,00329000
Muster konservativ cVV;18.03.2017;0,0000520180;71,82;0,4361693153;434.940,43;0;-0,00329000
Muster konservativ cVV;19.03.2017;0,0000520153;71,82;0,4362413380;435.012,25;0;-0,00329000
Muster konservativ cVV;20.03.2017;0,0007968904;1.100,36;0,4373553170;436.112,61;0,000350131;-0,00329000
Muster konservativ cVV;21.03.2017;-0,0003490520;-482,36;0,4368820708;435.630,25;-0,001549847;-0,00329000
Muster konservativ cVV;22.03.2017;0,0010532374;1.454,98;0,4383517458;437.085,23;0,001565565;-0,00330000
Muster konservativ cVV;23.03.2017;0,0003469683;479,82;0,4388434724;437.565,05;-0,000855783;-0,00330000
Muster konservativ cVV;24.03.2017;-0,0001025490;-141,86;0,4387116992;437.423,18;0,000152086;-0,00330000
Muster konservativ cVV;25.03.2017;0,0000585275;80,96;0,4387928945;437.504,14;0;-0,00330000
Muster konservativ cVV;26.03.2017;0,0000585240;80,96;0,4388740898;437.585,10;0;-0,00330000
Muster konservativ cVV;27.03.2017;-0,0000443427;-61,34;0,4388230636;437.523,75;-0,000732328;-0,00330000
Muster konservativ cVV;28.03.2017;0,0005398261;746,76;0,4395825444;438.270,51;0,001133083;-0,00330000
Muster konservativ cVV;29.03.2017;0,0017019499;2.355,63;0,4419557766;440.626,14;0,002386057;-0,00330000
Muster konservativ cVV;30.03.2017;-0,0001480154;-205,21;0,4417604835;440.420,92;0,000212006;-0,00330000
Muster konservativ cVV;31.03.2017;-0,0000455196;-63,10;0,4417077196;440.357,82;0,000256663;-0,00329000
Muster konservativ cVV;01.04.2017;0,0000584035;80,96;0,4417889246;440.438,78;0;-0,00329000
Muster konservativ cVV;02.04.2017;0,0000584001;80,96;0,4418701295;440.519,74;0;-0,00329000
Muster konservativ cVV;03.04.2017;0,0019593081;2.716,24;0,4446052808;443.235,97;0,003052184;-0,00330000
Muster konservativ cVV;04.04.2017;0,0005736226;796,79;0,4454151251;444.032,76;0,000611463;-0,00330000
Muster konservativ cVV;05.04.2017;-0,0004825145;-670,62;0,4447529929;443.362,14;0,000233887;-0,00329000
Muster konservativ cVV;06.04.2017;-0,0003425987;-475,93;0,4442861249;442.886,21;-0,000656858;-0,00330000
Muster konservativ cVV;07.04.2017;0,0019823048;2.752,81;0,4470582429;445.639,02;0,001287788;-0,00330000
Muster konservativ cVV;08.04.2017;0,0000494002;68,74;0,4471271995;445.707,76;0;-0,00330000
Muster konservativ cVV;09.04.2017;0,0000521542;72,57;0,4472000039;445.780,33;0;-0,00330000
Muster konservativ cVV;10.04.2017;-0,0010489382;-1.459,69;0,4457462357;444.320,65;0,000892330;-0,00332000
Muster konservativ cVV;11.04.2017;0,0007013923;975,02;0,4467349684;445.295,67;0,000431543;-0,00332000
Muster konservativ cVV;12.04.2017;0,0002600123;361,70;0,4471084212;445.657,37;-0,000387836;-0,00332000
Muster konservativ cVV;13.04.2017;0,0001417669;197,26;0,4473169026;445.854,64;0,000775640;-0,00331000
Muster konservativ cVV;14.04.2017;0,0000535858;74,57;0,4474022887;445.929,21;0;-0,00331000
Muster konservativ cVV;15.04.2017;0,0000535830;74,57;0,4474771083;446.003,78;0;-0,00331000
Muster konservativ cVV;16.04.2017;0,0000535801;74,57;0,4475519279;446.078,36;0;-0,00331000
Muster konservativ cVV;17.04.2017;0,0000535772;74,57;0,4476373118;446.152,93;0;-0,00331000
Muster konservativ cVV;18.04.2017;0,0003957687;550,89;0,4482006060;446.703,82;0,000208849;-0,00331000
Muster konservativ cVV;19.04.2017;-0,0016141493;-2.247,72;0,4459558635;444.456,11;-0,002276070;-0,00332000
Muster konservativ cVV;20.04.2017;-0,0009212204;-1.280,74;0,4446812714;443.175,37;-0,000962648;-0,00332000
Muster konservativ cVV;21.04.2017;0,0001889827;262,49;0,4449551198;443.437,86;-0,000127606;-0,00331000
Muster konservativ cVV;22.04.2017;0,0000536791;74,57;0,4450299483;443.512,44;0;-0,00331000
Muster konservativ cVV;23.04.2017;0,0000536762;74,57;0,4451047767;443.587,01;0;-0,00331000
Muster konservativ cVV;24.04.2017;-0,0022589069;-3.138,51;0,4419659149;440.448,50;-0,004099174;-0,00329000
Muster konservativ cVV;25.04.2017;-0,0013105879;-1.816,81;0,4401531808;438.631,70;-0,000727980;-0,00329000
Muster konservativ cVV;26.04.2017;0,0010970335;1.518,77;0,4416875807;440.150,47;0,001183544;-0,00329000
Muster konservativ cVV;27.04.2017;0,0024217317;3.356,41;0,4450661422;443.506,88;0,002388502;-0,00329000
Muster konservativ cVV;28.04.2017;0,0006310126;876,67;0,4459563374;444.383,55;-0,000273326;-0,00329000
Muster konservativ cVV;29.04.2017;0,0000502568;69,87;0,4460264511;444.453,42;0;-0,00329000
Muster konservativ cVV;30.04.2017;0,0000502543;69,87;0,4460965648;444.523,29;0;-0,00329000
Muster konservativ cVV;01.05.2017;0,0000502518;69,87;0,4461771142;444.593,15;0;-0,00329000
Muster konservativ cVV;02.05.2017;0,0000417193;58,01;0,4462457552;444.651,16;-0,000345088;-0,00329000
Muster konservativ cVV;03.05.2017;0,0004650895;646,69;0,4469051947;445.297,85;0,000121004;-0,00329000
Muster konservativ cVV;04.05.2017;-0,0020184518;-2.807,87;0,4440975450;442.489,97;-0,001637416;-0,00329000
Muster konservativ cVV;05.05.2017;-0,0009489005;-1.317,35;0,4427857247;441.172,62;-0,001308485;-0,00329000
Muster konservativ cVV;06.05.2017;0,0000503732;69,87;0,4428558466;441.242,49;0;-0,00329000
Muster konservativ cVV;07.05.2017;0,0000503706;69,87;0,4429259685;441.312,35;0;-0,00329000
Muster konservativ cVV;08.05.2017;0,0004746149;658,35;0,4435970511;441.970,70;0,000348105;-0,00329000
Muster konservativ cVV;09.05.2017;0,0001723236;239,15;0,4438474031;442.209,85;0,000052470;-0,00329000
Muster konservativ cVV;10.05.2017;0,0010981487;1.524,25;0,4453876461;443.734,09;0,000233874;-0,00329000
Muster konservativ cVV;11.05.2017;-0,0001354864;-188,26;0,4452090197;443.545,83;-0,000441324;-0,00329000
Muster konservativ cVV;12.05.2017;0,0007891935;1.096,47;0,4463199528;444.642,29;0,001068565;-0,00329000
Muster konservativ cVV;13.05.2017;0,0000502475;69,87;0,4463900829;444.712,16;0;-0,00329000
Muster konservativ cVV;14.05.2017;0,0000502449;69,87;0,4464602129;444.782,03;0;-0,00329000
Muster konservativ cVV;15.05.2017;-0,0004571046;-635,64;0,4458325058;444.146,38;-0,000524816;-0,00330000
Muster konservativ cVV;16.05.2017;-0,0004887032;-679,27;0,4451609634;443.467,11;-0,000279849;-0,00331000
Muster konservativ cVV;17.05.2017;0,0011931332;1.657,59;0,4468352206;445.124,70;0,001443276;-0,00331000
Muster konservativ cVV;18.05.2017;-0,0002812605;-391,21;0,4464528251;444.733,48;0,000438158;-0,00331000
Muster konservativ cVV;19.05.2017;-0,0004097176;-569,73;0,4458911938;444.163,76;-0,000495205;-0,00331000
Muster konservativ cVV;20.05.2017;0,0000465789;64,74;0,4459561888;444.228,50;0;-0,00331000
Muster konservativ cVV;21.05.2017;0,0000465767;64,74;0,4460211837;444.293,24;0;-0,00331000
Muster konservativ cVV;22.05.2017;-0,0008600882;-1.195,61;0,4448311926;443.097,63;-0,000382796;-0,00329000
Muster konservativ cVV;23.05.2017;-0,0001542418;-214,23;0,4446263793;442.883,41;-0,000135482;-0,00330000
Muster konservativ cVV;24.05.2017;0,0005683444;789,25;0,4454289997;443.672,66;-0,000002223;-0,00329000
Muster konservativ cVV;25.05.2017;0,0010002704;1.389,85;0,4468346392;445.062,51;0,001267169;-0,00329000
Muster konservativ cVV;26.05.2017;0,0015900964;2.211,61;0,4490653849;447.274,13;0,001210349;-0,00329000
Muster konservativ cVV;27.05.2017;0,0000464749;64,74;0,4491303873;447.338,87;0;-0,00329000
Muster konservativ cVV;28.05.2017;0,0000464727;64,74;0,4491953898;447.403,61;0;-0,00329000
Muster konservativ cVV;29.05.2017;0,0012421136;1.730,52;0,4509432039;449.134,14;0,002012455;-0,00329000
Muster konservativ cVV;30.05.2017;-0,0006673675;-930,94;0,4500188473;448.203,20;-0,000276263;-0,00329000
Muster konservativ cVV;31.05.2017;0,0004385650;611,36;0,4506430223;448.814,56;0,000218165;-0,00329000
Muster konservativ cVV;01.06.2017;-0,0001514943;-211,28;0,4504412061;448.603,29;-0,000504226;-0,00329000
Muster konservativ cVV;02.06.2017;0,0013763712;1.919,22;0,4523786489;450.522,51;0,000984667;-0,00329000
Muster konservativ cVV;03.06.2017;0,0000463667;64,74;0,4524436588;450.587,25;0;-0,00329000
Muster konservativ cVV;04.06.2017;0,0000463646;64,74;0,4525086687;450.652,00;0;-0,00329000
Muster konservativ cVV;05.06.2017;0,0000463624;64,74;0,4525840307;450.716,74;0;-0,00329000
Muster konservativ cVV;06.06.2017;0,0009594647;1.339,91;0,4539398689;452.056,65;0,000587287;-0,00329000
Muster konservativ cVV;07.06.2017;-0,0002237896;-312,83;0,4536360967;451.743,83;-0,000083717;-0,00329000
Muster konservativ cVV;08.06.2017;0,0000346916;48,48;0,4536951329;451.792,31;-0,000382354;-0,00330000
Muster konservativ cVV;09.06.2017;-0,0003112606;-435,02;0,4532686150;451.357,29;-0,000075239;-0,00331000
Muster konservativ cVV;10.06.2017;0,0000463390;64,74;0,4533336323;451.422,03;0;-0,00331000
Muster konservativ cVV;11.06.2017;0,0000463369;64,74;0,4533986496;451.486,78;0;-0,00331000
Muster konservativ cVV;12.06.2017;0,0005288826;739,00;0,4541511242;452.225,78;0,000259592;-0,00331000
Muster konservativ cVV;13.06.2017;-0,0011562958;-1.616,54;0,4525380012;450.609,24;-0,000531940;-0,00331000
Muster konservativ cVV;14.06.2017;0,0014356796;2.004,80;0,4545617187;452.614,05;0,001017926;-0,00331000
Muster konservativ cVV;15.06.2017;-0,0023006676;-3.217,30;0,4513408281;449.396,75;-0,002909142;-0,00329000
Muster konservativ cVV;16.06.2017;0,0006962744;971,44;0,4523267378;450.368,19;0,000748870;-0,00329000
Muster konservativ cVV;17.06.2017;0,0000463719;64,74;0,4523917626;450.432,94;0;-0,00329000
Muster konservativ cVV;18.06.2017;0,0000463697;64,74;0,4524567873;450.497,68;0;-0,00329000
Muster konservativ cVV;19.06.2017;0,0002828779;394,98;0,4528637554;450.892,66;0,000065542;-0,00329000
Muster konservativ cVV;20.06.2017;0,0008608759;1.202,38;0,4540816806;452.095,05;0,000332827;-0,00329000
Muster konservativ cVV;21.06.2017;0,0001711447;239,24;0,4543322574;452.334,29;-0,000338893;-0,00329000
Muster konservativ cVV;22.06.2017;0,0004459593;623,51;0,4549688123;452.957,80;-0,000037010;-0,00330000
Muster konservativ cVV;23.06.2017;0,0001979200;276,84;0,4552571698;453.234,65;0,000050277;-0,00331000
Muster konservativ cVV;24.06.2017;0,0000462769;64,74;0,4553222018;453.299,39;0;-0,00331000
Muster konservativ cVV;25.06.2017;0,0000462747;64,74;0,4553872339;453.364,13;0;-0,00331000
Muster konservativ cVV;26.06.2017;-0,0001454341;-203,49;0,4551931137;453.160,65;0,000103112;-0,00331000
Muster konservativ cVV;27.06.2017;-0,0035113712;-4.912,29;0,4502689493;448.248,36;-0,003658839;-0,00331000
Muster konservativ cVV;28.06.2017;-0,0005787920;-806,87;0,4494685729;447.441,49;-0,000317066;-0,00331000
Muster konservativ cVV;29.06.2017;-0,0024995558;-3.482,50;0,4459803392;443.958,99;-0,002862536;-0,00331000
Muster konservativ cVV;30.06.2017;-0,0006235425;-866,58;0,4451198288;443.092,42;-0,000334325;-0,00331000
Muster konservativ cVV;01.07.2017;0,0000466148;64,74;0,4451848682;443.157,16;0;-0,00331000
Muster konservativ cVV;02.07.2017;0,0000466126;64,74;0,4452499076;443.221,90;0;-0,00331000
Muster konservativ cVV;03.07.2017;-0,0006185244;-859,15;0,4443968165;442.362,76;0,000173831;-0,00331000
Muster konservativ cVV;04.07.2017;0,0006825063;947,43;0,4453586059;443.310,19;0,001027703;-0,00329000
Muster konservativ cVV;05.07.2017;0,0016892217;2.346,52;0,4477260158;445.656,71;0,000346642;-0,00331000
Muster konservativ cVV;06.07.2017;-0,0034747903;-4.835,04;0,4428784552;440.821,68;-0,003367678;-0,00330000
Muster konservativ cVV;07.07.2017;-0,0003634987;-504,04;0,4423819734;440.317,64;0,000783356;-0,00331000
Muster konservativ cVV;08.07.2017;0,0000467081;64,74;0,4424470201;440.382,38;0;-0,00331000
Muster konservativ cVV;09.07.2017;0,0000467059;64,74;0,4425120668;440.447,13;0;-0,00331000
Muster konservativ cVV;10.07.2017;0,0012237409;1.696,41;0,4442263726;442.143,54;0,000852389;-0,00331000
Muster konservativ cVV;11.07.2017;-0,0012279973;-1.704,40;0,4425238393;440.439,14;-0,000900096;-0,00331000
Muster konservativ cVV;12.07.2017;0,0019940453;2.764,23;0,4453111024;443.203,38;0,001884072;-0,00331000
Muster konservativ cVV;13.07.2017;0,0002502384;347,58;0,4456702840;443.550,96;-0,000601513;-0,00331000
Muster konservativ cVV;14.07.2017;0,0004189950;582,13;0,4462651487;444.133,09;-0,000289201;-0,00331000
Muster konservativ cVV;15.07.2017;0,0000465799;64,74;0,4463302026;444.197,83;0;-0,00331000
Muster konservativ cVV;16.07.2017;0,0000465777;64,74;0,4463952566;444.262,58;0;-0,00331000
Muster konservativ cVV;17.07.2017;0,0008087904;1.124,27;0,4475348964;445.386,85;0,000857181;-0,00330000
Muster konservativ cVV;18.07.2017;0,0004992074;694,49;0,4482427157;446.081,34;0,000868802;-0,00331000
Muster konservativ cVV;19.07.2017;0,0007385038;1.027,91;0,4492856004;447.109,26;0,000723316;-0,00332000
Muster konservativ cVV;20.07.2017;0,0005273141;734,50;0,4500336779;447.843,76;0,000102559;-0,00332000
Muster konservativ cVV;21.07.2017;0,0005429225;756,64;0,4508040283;448.600,40;0,001496866;-0,00331000
Muster konservativ cVV;22.07.2017;0,0000464307;64,74;0,4508690895;448.665,15;0;-0,00331000
Muster konservativ cVV;23.07.2017;0,0000464285;64,74;0,4509341507;448.729,89;0;-0,00331000
Muster konservativ cVV;24.07.2017;0,0006487491;904,70;0,4518533199;449.634,59;0,000560864;-0,00329000
Muster konservativ cVV;25.07.2017;-0,0013679540;-1.908,90;0,4499449744;447.725,70;-0,001940303;-0,00329000
Muster konservativ cVV;26.07.2017;0,0004238753;590,68;0,4505485610;448.316,38;0,000571657;-0,00330000
Muster konservativ cVV;27.07.2017;0,0012827028;1.788,24;0,4523557147;450.104,62;0,001151314;-0,00329000
Muster konservativ cVV;28.07.2017;-0,0002613972;-364,89;0,4519989932;449.739,74;-0,000072927;-0,00329000
Muster konservativ cVV;29.07.2017;0,0000463928;64,74;0,4520640616;449.804,48;0;-0,00329000
Muster konservativ cVV;30.07.2017;0,0000463906;64,74;0,4521291300;449.869,22;0;-0,00329000
Muster konservativ cVV;31.07.2017;-0,0001805987;-252,06;0,4518857860;449.617,17;-0,000105991;-0,00330000
Muster konservativ cVV;01.08.2017;0,0021253021;2.965,69;0,4548764793;452.582,86;0,001905033;-0,00331000
Muster konservativ cVV;02.08.2017;0,0000248809;34,79;0,4549214774;452.617,65;0,000341571;-0,00331000
Muster konservativ cVV;03.08.2017;0,0007534298;1.053,61;0,4559904968;453.671,26;0,000476538;-0,00329000
Muster konservativ cVV;04.08.2017;0,0000942304;131,87;0,4561330819;453.803,14;-0,000237764;-0,00329000
Muster konservativ cVV;05.08.2017;0,0000462581;64,74;0,4561981575;453.867,88;0;-0,00329000
Muster konservativ cVV;06.08.2017;0,0000462559;64,74;0,4562632331;453.932,62;0;-0,00329000
Muster konservativ cVV;07.08.2017;-0,0000489641;-68,54;0,4562043750;453.864,09;0,000609635;-0,00328000
Muster konservativ cVV;08.08.2017;-0,0004412021;-617,54;0,4555936624;453.246,55;-0,000725869;-0,00328000
Muster konservativ cVV;09.08.2017;0,0010406217;1.455,88;0,4570671169;454.702,43;0,001643291;-0,00328000
Muster konservativ cVV;10.08.2017;0,0000939611;131,59;0,4572094210;454.834,03;0,000142736;-0,00329000
Muster konservativ cVV;11.08.2017;-0,0004937653;-691,59;0,4565242251;454.142,44;0,001041599;-0,00329000
Muster konservativ cVV;12.08.2017;0,0000462469;64,74;0,4565893078;454.207,18;0;-0,00329000
Muster konservativ cVV;13.08.2017;0,0000462447;64,74;0,4566543905;454.271,93;0;-0,00329000
Muster konservativ cVV;14.08.2017;-0,0003355008;-469,73;0,4561921871;453.802,20;-0,000452999;-0,00329000
Muster konservativ cVV;15.08.2017;-0,0009747214;-1.364,23;0,4548307239;452.437,97;-0,000943920;-0,00329000
Muster konservativ cVV;16.08.2017;0,0003336496;466,52;0,4553096646;452.904,50;-0,000311824;-0,00329000
Muster konservativ cVV;17.08.2017;0,0001937738;271,03;0,4555920850;453.175,53;0,000181319;-0,00329000
Muster konservativ cVV;18.08.2017;0,0008206285;1.148,04;0,4567562147;454.323,57;0,000561429;-0,00329000
Muster konservativ cVV;19.08.2017;0,0000462409;64,74;0,4568213045;454.388,32;0;-0,00329000
Muster konservativ cVV;20.08.2017;0,0000462387;64,74;0,4568863943;454.453,06;0;-0,00329000
Muster konservativ cVV;21.08.2017;-0,0006810580;-953,66;0,4559375694;453.499,40;0,000524660;-0,00329000
Muster konservativ cVV;22.08.2017;0,0006657331;931,56;0,4568840911;454.430,96;0,000176881;-0,00328000
Muster konservativ cVV;23.08.2017;-0,0002346797;-328,61;0,4565636450;454.102,36;0,000861039;-0,00329000
Muster konservativ cVV;24.08.2017;0,0003147446;440,61;0,4570165822;454.542,97;-0,000054056;-0,00329000
Muster konservativ cVV;25.08.2017;-0,0006343616;-888,33;0,4561333292;453.654,64;-0,000126657;-0,00329000
Muster konservativ cVV;26.08.2017;0,0000462630;64,74;0,4561984261;453.719,39;0;-0,00329000
Muster konservativ cVV;27.08.2017;0,0000462608;64,74;0,4562635230;453.784,13;0;-0,00329000
Muster konservativ cVV;28.08.2017;0,0010498891;1.469,41;0,4577508994;455.253,54;0,001133080;-0,00329000
Muster konservativ cVV;29.08.2017;-0,0000371340;-52,03;0,4577085123;455.201,52;0,000781543;-0,00330000
Muster konservativ cVV;30.08.2017;-0,0002422379;-339,38;0,4573771758;454.862,14;-0,000778307;-0,00330000
Muster konservativ cVV;31.08.2017;0,0011927622;1.670,66;0,4590670133;456.532,80;-0,000326512;-0,00329000
Muster konservativ cVV;01.09.2017;-0,0000856930;-120,17;0,4589561022;456.412,63;-0,000441519;-0,00329000
Muster konservativ cVV;02.09.2017;0,0000440227;61,73;0,4590181756;456.474,36;0;-0,00329000
Muster konservativ cVV;03.09.2017;0,0000440208;61,73;0,4590802491;456.536,09;0;-0,00329000
Muster konservativ cVV;04.09.2017;0,0009910140;1.389,74;0,4604876842;457.925,83;0,000790519;-0,00329000
Muster konservativ cVV;05.09.2017;0,0010557506;1.481,99;0,4619879395;459.407,82;0,000707498;-0,00329000
Muster konservativ cVV;06.09.2017;-0,0001520913;-213,72;0,4617829805;459.194,10;-0,000405745;-0,00329000
Muster konservativ cVV;07.09.2017;0,0007580216;1.065,02;0,4628639809;460.259,12;0,001447619;-0,00330000
Muster konservativ cVV;08.09.2017;-0,0003995685;-561,82;0,4623089384;459.697,30;-0,000524711;-0,00331000
Muster konservativ cVV;09.09.2017;0,0000453867;63,79;0,4623730919;459.761,09;0;-0,00331000
Muster konservativ cVV;10.09.2017;0,0000453846;63,79;0,4624372454;459.824,88;0;-0,00331000
Muster konservativ cVV;11.09.2017;-0,0004206506;-591,28;0,4618525450;459.233,60;-0,000173345;-0,00331000
Muster konservativ cVV;12.09.2017;-0,0016291647;-2.289,04;0,4595603318;456.944,56;-0,002170066;-0,00330000
Muster konservativ cVV;13.09.2017;-0,0001481654;-207,84;0,4593611702;456.736,73;-0,000337033;-0,00329000
Muster konservativ cVV;14.09.2017;0,0007204928;1.010,52;0,4603873785;457.747,25;-0,000562504;-0,00329000
Muster konservativ cVV;15.09.2017;-0,0011090568;-1.556,62;0,4588316203;456.190,63;-0,001267189;-0,00329000
Muster konservativ cVV;16.09.2017;0,0000455002;63,79;0,4588957807;456.254,42;0;-0,00329000
Muster konservativ cVV;17.09.2017;0,0000454981;63,79;0,4589599411;456.318,21;0;-0,00329000
Muster konservativ cVV;18.09.2017;-0,0013444248;-1.885,05;0,4570737718;454.433,16;-0,000190208;-0,00329000
Muster konservativ cVV;19.09.2017;0,0006126252;857,82;0,4579463805;455.290,98;0,000236115;-0,00330000
Muster konservativ cVV;20.09.2017;-0,0006327040;-886,48;0,4570645070;454.404,50;0,000580384;-0,00329000
Muster konservativ cVV;21.09.2017;-0,0003610524;-505,55;0,4565657554;453.898,95;-0,000950121;-0,00330000
Muster konservativ cVV;22.09.2017;0,0001266704;177,30;0,4567538505;454.076,26;-0,000244347;-0,00329000
Muster konservativ cVV;23.09.2017;0,0000455689;63,79;0,4568180177;454.140,05;0;-0,00329000
Muster konservativ cVV;24.09.2017;0,0000455669;63,79;0,4568821850;454.203,84;0;-0,00329000
Muster konservativ cVV;25.09.2017;0,0021775302;3.048,56;0,4599585351;457.252,40;0,002433252;-0,00329000
Muster konservativ cVV;26.09.2017;0,0003426240;480,72;0,4604519157;457.733,12;-0,000390082;-0,00329000
Muster konservativ cVV;27.09.2017;-0,0020377639;-2.860,08;0,4575845938;454.873,04;-0,001287051;-0,00329000
Muster konservativ cVV;28.09.2017;-0,0000902769;-126,45;0,4574671252;454.746,59;-0,000609725;-0,00329000
Muster konservativ cVV;29.09.2017;0,0008658384;1.212,65;0,4586967830;455.959,24;0,000259736;-0,00329000
Muster konservativ cVV;30.09.2017;0,0000455077;63,79;0,4587609571;456.023,03;0;-0,00329000
Muster konservativ cVV;01.10.2017;0,0000455057;63,79;0,4588251312;456.086,82;0;-0,00329000
Muster konservativ cVV;02.10.2017;-0,0000280256;-39,29;0,4587953521;456.047,54;0,000831585;-0,00329000
Muster konservativ cVV;03.10.2017;0,0000455049;63,79;0,4588692665;456.111,33;0;-0,00330000
Muster konservativ cVV;04.10.2017;-0,0002563555;-359,39;0,4585174277;455.751,94;0,000082757;-0,00329000
Muster konservativ cVV;05.10.2017;0,0007194579;1.008,36;0,4595416441;456.760,30;-0,000663027;-0,00329000
Muster konservativ cVV;06.10.2017;-0,0004374603;-613,57;0,4589340568;456.146,73;-0,000310570;-0,00329000
Muster konservativ cVV;07.10.2017;0,0000440311;61,73;0,4589961635;456.208,46;0;-0,00329000
Muster konservativ cVV;08.10.2017;0,0000454996;63,79;0,4590603444;456.272,25;0;-0,00329000
Muster konservativ cVV;09.10.2017;0,0005155003;722,77;0,4597972574;456.995,02;0,000860728;-0,00329000
Muster konservativ cVV;10.10.2017;0,0002540855;356,43;0,4601655990;457.351,46;0,000110628;-0,00329000
Muster konservativ cVV;11.10.2017;-0,0007992063;-1.121,41;0,4590469804;456.230,04;-0,000397927;-0,00329000
Muster konservativ cVV;12.10.2017;0,0012084818;1.694,33;0,4607614964;457.924,38;0,000753395;-0,00329000
Muster konservativ cVV;13.10.2017;0,0023471558;3.294,77;0,4640864633;461.219,15;0,001524632;-0,00329000
Muster konservativ cVV;14.10.2017;0,0000453376;63,79;0,4641506510;461.282,94;0;-0,00329000
Muster konservativ cVV;15.10.2017;0,0000453356;63,79;0,4642148386;461.346,73;0;-0,00329000
Muster konservativ cVV;16.10.2017;0,0010641861;1.497,47;0,4657314283;462.844,20;0,001456110;-0,00329000
Muster konservativ cVV;17.10.2017;0,0003639594;512,69;0,4662571293;463.356,89;0,000075438;-0,00329000
Muster konservativ cVV;18.10.2017;-0,0005581183;-786,48;0,4654755147;462.570,41;-0,001085193;-0,00329000
Muster konservativ cVV;19.10.2017;0,0003592303;505,93;0,4659944128;463.076,35;0,000181935;-0,00329000
Muster konservativ cVV;20.10.2017;-0,0013667221;-1.925,55;0,4640664709;461.150,80;-0,001738697;-0,00329000
Muster konservativ cVV;21.10.2017;0,0000453398;63,79;0,4641306653;461.214,59;0;-0,00329000
Muster konservativ cVV;22.10.2017;0,0000453378;63,79;0,4641948597;461.278,38;0;-0,00329000
Muster konservativ cVV;23.10.2017;0,0005734353;806,87;0,4650165848;462.085,25;0,000774936;-0,00329000
Muster konservativ cVV;24.10.2017;-0,0005735241;-807,46;0,4642137310;461.277,79;-0,001558374;-0,00330000
Muster konservativ cVV;25.10.2017;-0,0004460640;-627,65;0,4635917933;460.650,14;-0,000271876;-0,00331000
Muster konservativ cVV;26.10.2017;0,0021615133;3.040,07;0,4666610399;463.690,21;0,001762635;-0,00331000
Muster konservativ cVV;27.10.2017;0,0025769379;3.632,18;0,4703263225;467.322,39;0,002537378;-0,00331000
Muster konservativ cVV;28.10.2017;0,0000451418;63,79;0,4703905237;467.386,19;0;-0,00331000
Muster konservativ cVV;29.10.2017;0,0000451398;63,79;0,4704547248;467.449,98;0;-0,00331000
Muster konservativ cVV;30.10.2017;0,0013535289;1.912,88;0,4723897670;469.362,86;0,000692679;-0,00331000
Muster konservativ cVV;31.10.2017;-0,0001389298;-196,61;0,4722017431;469.166,25;0;-0,00331000
Muster konservativ cVV;01.11.2017;0,0012361745;1.749,15;0,4739720926;470.915,40;0,000156539;-0,00329000
Muster konservativ cVV;02.11.2017;0,0001310311;185,63;0,4741688091;471.101,03;0,000169083;-0,00329000
Muster konservativ cVV;03.11.2017;0,0000037960;5,38;0,4741840919;471.106,41;0,000048132;-0,00329000
Muster konservativ cVV;04.11.2017;0,0000423094;59,95;0,4742444322;471.166,36;0;-0,00329000
Muster konservativ cVV;05.11.2017;0,0000423076;59,95;0,4743047724;471.226,31;0;-0,00329000
Muster konservativ cVV;06.11.2017;0,0020156076;2.856,18;0,4771895334;474.082,49;0,001113272;-0,00329000
Muster konservativ cVV;07.11.2017;0,0000396008;56,23;0,4772560469;474.138,72;0,000326513;-0,00329000
Muster konservativ cVV;08.11.2017;0,0005378092;763,66;0,4780346504;474.902,38;0,000064833;-0,00329000
Muster konservativ cVV;09.11.2017;-0,0027830024;-3.953,83;0,4740645745;470.948,54;-0,001948485;-0,00329000
Muster konservativ cVV;10.11.2017;-0,0019551684;-2.769,99;0,4712860229;468.178,55;-0,000996092;-0,00329000
Muster konservativ cVV;11.11.2017;0,0000423970;59,95;0,4713463695;468.238,50;0;-0,00329000
Muster konservativ cVV;12.11.2017;0,0000423952;59,95;0,4714067160;468.298,45;0;-0,00329000
Muster konservativ cVV;13.11.2017;-0,0001846339;-261,09;0,4711536482;468.037,36;-0,000126815;-0,00329000
Muster konservativ cVV;14.11.2017;-0,0006596574;-932,65;0,4702245161;467.104,71;0,000192556;-0,00329000
Muster konservativ cVV;15.11.2017;-0,0004299719;-607,51;0,4696226555;466.497,20;0,000265353;-0,00329000
Muster konservativ cVV;16.11.2017;0,0006391541;902,68;0,4705411011;467.399,87;-0,000138653;-0,00329000
Muster konservativ cVV;17.11.2017;0,0006052688;855,37;0,4714119474;468.255,24;0,000295627;-0,00329000
Muster konservativ cVV;18.11.2017;0,0000423947;59,95;0,4714723001;468.315,19;0;-0,00329000
Muster konservativ cVV;19.11.2017;0,0000423929;59,95;0,4715326529;468.375,14;0;-0,00329000
Muster konservativ cVV;20.11.2017;-0,0002332457;-329,85;0,4712102945;468.045,29;0,000159146;-0,00329000
Muster konservativ cVV;21.11.2017;-0,0000295515;-41,78;0,4711779384;468.003,51;0,000144197;-0,00329000
Muster konservativ cVV;22.11.2017;0,0002657918;375,78;0,4715659735;468.379,29;-0,000834983;-0,00329000
Muster konservativ cVV;23.11.2017;-0,0001132111;-160,10;0,4714144792;468.219,19;-0,000079559;-0,00329000
Muster konservativ cVV;24.11.2017;-0,0006361854;-899,58;0,4705184286;467.319,60;-0,000219133;-0,00329000
Muster konservativ cVV;25.11.2017;0,0000424228;59,95;0,4705787875;467.379,55;0;-0,00329000
Muster konservativ cVV;26.11.2017;0,0000424210;59,95;0,4706391465;467.439,50;0;-0,00329000
Muster konservativ cVV;27.11.2017;0,0009444430;1.334,73;0,4719927034;468.774,23;0,000882587;-0,00329000
Muster konservativ cVV;28.11.2017;0,0001642882;232,40;0,4722363864;469.006,63;0,000134628;-0,00329000
Muster konservativ cVV;29.11.2017;-0,0015460657;-2.187,39;0,4700435675;466.819,24;-0,001999355;-0,00329000
Muster konservativ cVV;30.11.2017;-0,0006994865;-988,11;0,4690582386;465.831,13;0,000312985;-0,00329000
Muster konservativ cVV;01.12.2017;0,0021318235;3.009,36;0,4720981066;468.840,48;0,002014569;-0,00326000
Muster konservativ cVV;02.12.2017;0,0000423771;59,95;0,4721584718;468.900,43;0;-0,00326000
Muster konservativ cVV;03.12.2017;0,0000423754;59,95;0,4722188370;468.960,38;0;-0,00326000
Muster konservativ cVV;04.12.2017;-0,0010932354;-1.546,67;0,4706710432;467.413,71;-0,000279889;-0,00326000
Muster konservativ cVV;05.12.2017;-0,0001109251;-156,76;0,4705228026;467.256,95;0,000585948;-0,00326000
Muster konservativ cVV;06.12.2017;0,0009143257;1.292,00;0,4718334635;468.548,95;0,001225896;-0,00326000
Muster konservativ cVV;07.12.2017;-0,0008781264;-1.241,98;0,4705923744;467.306,97;0,000401113;-0,00325000
Muster konservativ cVV;08.12.2017;-0,0009331190;-1.318,60;0,4692740662;465.988,36;-0,000684288;-0,00326000
Muster konservativ cVV;09.12.2017;0,0000424628;59,95;0,4693344376;466.048,31;0;-0,00326000
Muster konservativ cVV;10.12.2017;0,0000424610;59,95;0,4693948089;466.108,26;0;-0,00326000
Muster konservativ cVV;11.12.2017;-0,0001159642;-163,73;0,4692394780;465.944,53;-0,000180586;-0,00327000
Muster konservativ cVV;12.12.2017;-0,0004329744;-611,25;0,4686334387;465.333,28;-0,000564054;-0,00327000
Muster konservativ cVV;13.12.2017;0,0000290182;40,95;0,4686842055;465.374,23;0,000201563;-0,00329000
Muster konservativ cVV;14.12.2017;0,0003043686;429,52;0,4691263077;465.803,75;-0,000752906;-0,00331000
Muster konservativ cVV;15.12.2017;0,0002707682;382,22;0,4695207815;466.185,97;0,000051112;-0,00329000
Muster konservativ cVV;16.12.2017;0,0000424568;59,95;0,4695811589;466.245,91;0;-0,00329000
Muster konservativ cVV;17.12.2017;0,0000424550;59,95;0,4696415364;466.305,86;0;-0,00329000
Muster konservativ cVV;18.12.2017;0,0000630253;89,00;0,4697406969;466.394,86;-0,000448047;-0,00329000
Muster konservativ cVV;19.12.2017;-0,0014668757;-2.071,52;0,4676637901;464.323,34;-0,002102165;-0,00329000
Muster konservativ cVV;20.12.2017;-0,0016308315;-2.299,68;0,4653569849;462.023,66;-0,001778338;-0,00329000
Muster konservativ cVV;21.12.2017;-0,0016561900;-2.331,63;0,4630178971;459.692,03;-0,000644992;-0,00329000
Muster konservativ cVV;22.12.2017;0,0007273077;1.022,23;0,4640569002;460.714,26;-0,000359518;-0,00329000
Muster konservativ cVV;23.12.2017;0,0000426220;59,95;0,4641172838;460.774,20;0;-0,00329000
Muster konservativ cVV;24.12.2017;0,0000426202;59,95;0,4641776674;460.834,15;0;-0,00329000
Muster konservativ cVV;25.12.2017;0,0000426183;59,95;0,4642474256;460.894,10;0;-0,00329000
Muster konservativ cVV;26.12.2017;0,0000426165;59,95;0,4643171787;460.954,05;0;-0,00329000
Muster konservativ cVV;27.12.2017;0,0021286581;2.994,51;0,4673429568;463.948,56;0,000816840;-0,00329000
Muster konservativ cVV;28.12.2017;-0,0012430908;-1.752,45;0,4655870622;462.196,11;-0,001302147;-0,00329000
Muster konservativ cVV;29.12.2017;-0,0008330402;-1.172,92;0,4644148824;461.023,19;-0,000009183;-0,00329000
Muster konservativ cVV;30.12.2017;0,0000426126;59,95;0,4644752721;461.083,13;0;-0,00329000
Muster konservativ cVV;31.12.2017;0,0000426108;59,95;0,4645356618;461.143,08;0;-0,00329000
Muster konservativ cVV;01.01.2018;0,0011997610;1.671,69;0,4662317430;462.814,77;0;-0,00329000
Muster konservativ cVV;02.01.2018;0,0010561608;1.473,37;0,4677281125;464.288,14;-0,000204234;-0,00329000
Muster konservativ cVV;03.01.2018;0,0005184121;723,96;0,4684695692;465.012,10;0,000591792;-0,00329000
Muster konservativ cVV;04.01.2018;0,0004579110;639,80;0,4691262680;465.651,90;-0,000261713;-0,00329000
Muster konservativ cVV;05.01.2018;0,0002187519;305,78;0,4694464716;465.957,69;0,000466345;-0,00329000
Muster konservativ cVV;06.01.2018;0,0000428766;59,95;0,4695068691;466.017,64;0;-0,00329000
Muster konservativ cVV;07.01.2018;0,0000428748;59,95;0,4695672666;466.077,59;0;-0,00329000
Muster konservativ cVV;08.01.2018;0,0005857991;819,11;0,4704046664;466.896,70;0,000665658;-0,00329000
Muster konservativ cVV;09.01.2018;-0,0006057339;-847,49;0,4695629340;466.049,21;-0,000762024;-0,00329000
Muster konservativ cVV;10.01.2018;-0,0003218458;-450,02;0,4691216168;465.599,19;-0,000610024;-0,00329000
Muster konservativ cVV;11.01.2018;-0,0022778354;-3.183,98;0,4659255603;462.415,22;-0,002972433;-0,00329000
Muster konservativ cVV;12.01.2018;0,0002568225;358,17;0,4662984564;462.773,39;-0,000469132;-0,00329000
Muster konservativ cVV;13.01.2018;0,0000429745;59,95;0,4663588617;462.833,34;0;-0,00329000
Muster konservativ cVV;14.01.2018;0,0000429726;59,95;0,4664192670;462.893,28;0;-0,00329000
Muster konservativ cVV;15.01.2018;0,0001608188;224,36;0,4666573404;463.117,64;0,000577497;-0,00329000
Muster konservativ cVV;16.01.2018;0,0004616618;644,17;0,4673184456;463.761,81;0,000753039;-0,00329000
Muster konservativ cVV;17.01.2018;-0,0000754496;-105,33;0,4672243131;463.656,49;0,000113712;-0,00328000
Muster konservativ cVV;18.01.2018;-0,0000187263;-26,14;0,4672099631;463.630,35;-0,000404492;-0,00328000
Muster konservativ cVV;19.01.2018;0,0008762178;1.223,06;0,4684544773;464.853,41;0,000696824;-0,00328000
Muster konservativ cVV;20.01.2018;0,0000429678;60,03;0,4685149710;464.913,43;0;-0,00328000
Muster konservativ cVV;21.01.2018;0,0000429087;59,95;0,4685753840;464.973,38;0;-0,00328000
Muster konservativ cVV;22.01.2018;0,0006616209;924,40;0,4695189797;465.897,79;0,000557959;-0,00328000
Muster konservativ cVV;23.01.2018;0,0006523515;912,06;0,4704501692;466.809,84;0,000010614;-0,00328000
Muster konservativ cVV;24.01.2018;-0,0002464967;-344,85;0,4701146521;466.464,99;-0,000704838;-0,00328000
Muster konservativ cVV;25.01.2018;-0,0014142455;-1.978,07;0,4681330731;464.486,92;-0,001897608;-0,00327000
Muster konservativ cVV;26.01.2018;-0,0001240080;-173,20;0,4679704632;464.313,72;-0,001307880;-0,00328000
Muster konservativ cVV;27.01.2018;0,0000429271;59,95;0,4680308839;464.373,67;0;-0,00328000
Muster konservativ cVV;28.01.2018;0,0000429252;59,95;0,4680913047;464.433,62;0;-0,00328000
Muster konservativ cVV;29.01.2018;-0,0018026320;-2.517,63;0,4655657254;461.915,99;-0,002084108;-0,00328000
Muster konservativ cVV;30.01.2018;-0,0002074631;-289,23;0,4652860738;461.626,76;0,000743465;-0,00328000
Muster konservativ cVV;31.01.2018;-0,0001390390;-193,80;0,4651025888;461.432,96;-0,000248783;-0,00328000
Muster konservativ cVV;01.02.2018;-0,0002325662;-324,11;0,4647877284;461.108,85;0,000349373;-0,00328000
Muster konservativ cVV;02.02.2018;-0,0015827347;-2.205,25;0,4625766479;458.903,60;-0,001443170;-0,00329000
Muster konservativ cVV;03.02.2018;0,0000430940;59,95;0,4626370763;458.963,54;0;-0,00329000
Muster konservativ cVV;04.02.2018;0,0000430922;59,95;0,4626975048;459.023,49;0;-0,00329000
Muster konservativ cVV;05.02.2018;0,0007900198;1.099,10;0,4638171895;460.122,59;0,001046055;-0,00329000
Muster konservativ cVV;06.02.2018;-0,0005495701;-765,18;0,4630576201;459.357,41;0,001246209;-0,00329000
Muster konservativ cVV;07.02.2018;-0,0000388378;-54,05;0,4630148868;459.303,36;-0,001257182;-0,00329000
Muster konservativ cVV;08.02.2018;-0,0015623609;-2.174,04;0,4608349580;457.129,32;-0,001370652;-0,00329000
Muster konservativ cVV;09.02.2018;-0,0009996025;-1.388,79;0,4594465525;455.740,54;0,000411744;-0,00329000
Muster konservativ cVV;10.02.2018;0,0000431922;59,95;0,4595069886;455.800,48;0;-0,00329000
Muster konservativ cVV;11.02.2018;0,0000431904;59,95;0,4595674247;455.860,43;0;-0,00329000
Muster konservativ cVV;12.02.2018;0,0007056831;979,54;0,4605665835;456.839,97;0,000363068;-0,00329000
Muster konservativ cVV;13.02.2018;-0,0015034779;-2.088,40;0,4584727384;454.751,57;0,000009547;-0,00329000
Muster konservativ cVV;14.02.2018;0,0005037771;698,72;0,4591887775;455.450,29;-0,000455984;-0,00328000
Muster konservativ cVV;15.02.2018;0,0001245484;172,83;0,4593746249;455.623,12;-0,000256080;-0,00328000
Muster konservativ cVV;16.02.2018;0,0022323388;3.098,11;0,4625099118;458.721,23;0,001681792;-0,00328000
Muster konservativ cVV;17.02.2018;0,0000392538;54,60;0,4625649621;458.775,82;0;-0,00328000
Muster konservativ cVV;18.02.2018;0,0000430980;59,95;0,4626254058;458.835,77;0;-0,00328000
Muster konservativ cVV;19.02.2018;-0,0001974440;-274,65;0,4623601385;458.561,12;-0,000508204;-0,00329000
Muster konservativ cVV;20.02.2018;-0,0008142539;-1.132,44;0,4612299338;457.428,68;0,000369443;-0,00329000
Muster konservativ cVV;21.02.2018;0,0001216106;168,99;0,4614119445;457.597,68;0,000017451;-0,00329000
Muster konservativ cVV;22.02.2018;-0,0002564109;-356,36;0,4610642062;457.241,31;0,000400322;-0,00328000
Muster konservativ cVV;23.02.2018;0,0010492267;1.457,85;0,4625458639;458.699,16;0,001335898;-0,00328000
Muster konservativ cVV;24.02.2018;0,0000396533;55,15;0,4626014806;458.754,32;0;-0,00328000
Muster konservativ cVV;25.02.2018;0,0000396518;55,15;0,4626570972;458.809,47;0;-0,00328000
Muster konservativ cVV;26.02.2018;0,0008183221;1.138,30;0,4638165875;459.947,77;0,000250522;-0,00328000
Muster konservativ cVV;27.02.2018;-0,0016218005;-2.257,80;0,4615513743;457.689,97;-0,000814701;-0,00328000
Muster konservativ cVV;28.02.2018;0,0008984302;1.248,73;0,4628222361;458.938,70;0,000863124;-0,00327000
Muster konservativ cVV;01.03.2018;0,0000347516;48,34;0,4628825819;458.987,04;0,000346514;-0,00327000
Muster konservativ cVV;02.03.2018;-0,0008684829;-1.208,23;0,4616756504;457.778,81;-0,000098378;-0,00327000
Muster konservativ cVV;03.03.2018;0,0000431289;59,95;0,4617361094;457.838,76;0;-0,00327000
Muster konservativ cVV;04.03.2018;0,0000431271;59,95;0,4617965683;457.898,71;0;-0,00327000
Muster konservativ cVV;05.03.2018;-0,0000804423;-111,82;0,4616953366;457.786,89;0,000149453;-0,00327000
Muster konservativ cVV;06.03.2018;-0,0000940761;-130,77;0,4615749861;457.656,12;-0,001561610;-0,00327000
Muster konservativ cVV;07.03.2018;-0,0001880495;-261,36;0,4613229003;457.394,76;0,000287907;-0,00327000
Muster konservativ cVV;08.03.2018;0,0008053283;1.119,09;0,4624631324;458.513,84;0,000994293;-0,00327000
Muster konservativ cVV;09.03.2018;0,0003958250;550,48;0,4630298960;459.064,33;-0,000364769;-0,00327000
Muster konservativ cVV;10.03.2018;0,0000430891;59,95;0,4630903625;459.124,28;0;-0,00327000
Muster konservativ cVV;11.03.2018;0,0000430872;59,95;0,4631508290;459.184,22;0;-0,00327000
Muster konservativ cVV;12.03.2018;0,0004134668;575,29;0,4637426412;459.759,52;0,001193255;-0,00327000
Muster konservativ cVV;13.03.2018;0,0001266111;176,24;0,4639319500;459.935,76;0,000223669;-0,00327000
Muster konservativ cVV;14.03.2018;0,0001541253;214,56;0,4641599185;460.150,32;0,000598852;-0,00327000
Muster konservativ cVV;15.03.2018;-0,0010787590;-1.502,02;0,4626563040;458.648,30;-0,000161884;-0,00328000
Muster konservativ cVV;16.03.2018;0,0001926688;267,97;0,4629381111;458.916,28;0,000106934;-0,00328000
Muster konservativ cVV;17.03.2018;0,0000430936;59,95;0,4629985851;458.976,23;0;-0,00328000
Muster konservativ cVV;18.03.2018;0,0000430918;59,95;0,4630590591;459.036,18;0;-0,00328000
Muster konservativ cVV;19.03.2018;-0,0006345336;-882,79;0,4621799938;458.153,38;-0,000306557;-0,00329000
Muster konservativ cVV;20.03.2018;-0,0004102842;-570,44;0,4616159763;457.582,94;-0,000535854;-0,00329000
Muster konservativ cVV;21.03.2018;-0,0002053774;-285,43;0,4613394521;457.297,51;-0,000243352;-0,00329000
Muster konservativ cVV;22.03.2018;0,0009379053;1.303,22;0,4626656427;458.600,73;0,002279805;-0,00329000
Muster konservativ cVV;23.03.2018;0,0006996581;973,09;0,4636588210;459.573,82;-0,000552783;-0,00329000
Muster konservativ cVV;24.03.2018;0,0000444512;61,87;0,4637212374;459.635,69;0;-0,00329000
Muster konservativ cVV;25.03.2018;0,0000444493;61,87;0,4637836537;459.697,56;0;-0,00329000
Muster konservativ cVV;26.03.2018;-0,0000279412;-38,89;0,4637558719;459.658,67;-0,000115265;-0,00329000
Muster konservativ cVV;27.03.2018;0,0000445606;62,02;0,4638298951;459.720,69;0,001006255;-0,00329000
Muster konservativ cVV;28.03.2018;-0,0001195144;-166,36;0,4636734876;459.554,33;0,000121514;-0,00329000
Muster konservativ cVV;29.03.2018;0,0000336698;46,86;0,4637321952;459.601,19;0,000366945;-0,00328000
Muster konservativ cVV;30.03.2018;0,0000444504;61,87;0,4638060375;459.663,06;0;-0,00328000
Muster konservativ cVV;31.03.2018;0,0000444484;61,87;0,4638684616;459.724,93;0;-0,00328000
Muster konservativ cVV;01.04.2018;0,0000444464;61,87;0,4639308856;459.786,79;0;-0,00328000
Muster konservativ cVV;02.04.2018;0,0000444444;61,87;0,4640047252;459.848,66;0;-0,00328000
Muster konservativ cVV;03.04.2018;0,0003516626;489,53;0,4645101028;460.338,19;-0,000541542;-0,00328000
Muster konservativ cVV;04.04.2018;-0,0000726551;-101,18;0,4644194176;460.237,02;0,000444355;-0,00328000
Muster konservativ cVV;05.04.2018;-0,0002676439;-372,68;0,4640547406;459.864,34;-0,000876532;-0,00328000
Muster konservativ cVV;06.04.2018;0,0008875373;1.235,52;0,4653129264;461.099,85;0,001088944;-0,00329000
Muster konservativ cVV;07.04.2018;0,0000444026;61,87;0,4653753581;461.161,72;0;-0,00329000
Muster konservativ cVV;08.04.2018;0,0000444006;61,87;0,4654377898;461.223,59;0;-0,00329000
Muster konservativ cVV;09.04.2018;-0,0003832104;-533,98;0,4649103252;460.689,61;-0,000529560;-0,00329000
Muster konservativ cVV;10.04.2018;0,0000011806;1,64;0,4649233679;460.691,25;-0,000881893;-0,00329000
Muster konservativ cVV;11.04.2018;0,0016706032;2.326,98;0,4672831588;463.018,24;0,001100361;-0,00329000
Muster konservativ cVV;12.04.2018;-0,0013256081;-1.849,52;0,4654279762;461.168,71;-0,000088205;-0,00329000
Muster konservativ cVV;13.04.2018;0,0009825513;1.369,06;0,4668210872;462.537,78;0,000361851;-0,00329000
Muster konservativ cVV;14.04.2018;0,0000443568;61,87;0,4668835266;462.599,64;0;-0,00329000
Muster konservativ cVV;15.04.2018;0,0000443548;61,87;0,4669459659;462.661,51;0;-0,00329000
Muster konservativ cVV;16.04.2018;0,0011615840;1.620,26;0,4685926650;464.281,77;-0,000181767;-0,00329000
Muster konservativ cVV;17.04.2018;0,0003749546;523,62;0,4691325875;464.805,39;0,000611742;-0,00328000
Muster konservativ cVV;18.04.2018;-0,0007359094;-1.028,08;0,4681063470;463.777,31;-0,001095066;-0,00328000
Muster konservativ cVV;19.04.2018;-0,0020702703;-2.890,07;0,4652006289;460.887,25;-0,002029840;-0,00328000
Muster konservativ cVV;20.04.2018;0,0002564048;357,20;0,4655724946;461.244,44;0,000120713;-0,00328000
Muster konservativ cVV;21.04.2018;0,0000443979;61,87;0,4656349415;461.306,31;0;-0,00328000
Muster konservativ cVV;22.04.2018;0,0000443960;61,87;0,4656973885;461.368,18;0;-0,00328000
Muster konservativ cVV;23.04.2018;-0,0010744409;-1.497,32;0,4641973067;459.870,86;-0,000867975;-0,00328000
Muster konservativ cVV;24.04.2018;0,0001731887;241,09;0,4644519483;460.111,95;-0,000170122;-0,00328000
Muster konservativ cVV;25.04.2018;-0,0011075365;-1.542,05;0,4629065918;458.569,91;-0,000046665;-0,00328000
Muster konservativ cVV;26.04.2018;0,0014436137;2.007,75;0,4649446004;460.577,65;0,001155892;-0,00328000
Muster konservativ cVV;27.04.2018;0,0012243995;1.705,33;0,4666774036;462.282,98;0,000916995;-0,00329000
Muster konservativ cVV;28.04.2018;0,0000443649;61,87;0,4667398582;462.344,85;0;-0,00329000
Muster konservativ cVV;29.04.2018;0,0000443629;61,87;0,4668023127;462.406,71;0;-0,00329000
Muster konservativ cVV;30.04.2018;0,0003017682;420,85;0,4672384762;462.827,56;0,000381884;-0,00329000
Muster konservativ cVV;01.05.2018;0,0000443476;61,87;0,4673122374;462.889,43;0;-0,00329000
Muster konservativ cVV;02.05.2018;-0,0002367014;-330,22;0,4669901490;462.559,21;-0,000294715;-0,00329000
Muster konservativ cVV;03.05.2018;0,0013699103;1.910,71;0,4689304848;464.469,91;0,001522201;-0,00328000
Muster konservativ cVV;04.05.2018;-0,0007216290;-1.007,88;0,4679242149;463.462,03;-0,000775861;-0,00328000
Muster konservativ cVV;05.05.2018;0,0000443274;61,87;0,4679866770;463.523,90;0;-0,00328000
Muster konservativ cVV;06.05.2018;0,0000443254;61,87;0,4680491391;463.585,76;0;-0,00328000
Muster konservativ cVV;07.05.2018;0,0005281398;737,17;0,4688047162;464.322,94;0,000514704;-0,00328000
Muster konservativ cVV;08.05.2018;-0,0006129355;-855,98;0,4679517461;463.466,95;-0,000801463;-0,00328000
Muster konservativ cVV;09.05.2018;0,0002935872;409,75;0,4683767405;463.876,71;-0,000087041;-0,00327000
Muster konservativ cVV;10.05.2018;0,0003587392;500,83;0,4688937099;464.377,54;0,000512879;-0,00326000
Muster konservativ cVV;11.05.2018;0,0001151010;160,75;0,4690672972;464.538,29;-0,000670757;-0,00327000
Muster konservativ cVV;12.05.2018;0,0000442932;61,87;0,4691297669;464.600,15;0;-0,00327000
Muster konservativ cVV;13.05.2018;0,0000442913;61,87;0,4691922365;464.662,02;0;-0,00327000
Muster konservativ cVV;14.05.2018;-0,0018450314;-2.577,27;0,4666010473;462.084,75;-0,001899833;-0,00326000
Muster konservativ cVV;15.05.2018;-0,0016963231;-2.365,17;0,4642239006;459.719,58;-0,000812847;-0,00326000
Muster konservativ cVV;16.05.2018;0,0002370341;329,93;0,4645682086;460.049,51;0,000898452;-0,00326000
Muster konservativ cVV;17.05.2018;-0,0006477763;-901,87;0,4636685892;459.147,64;-0,000714315;-0,00326000
Muster konservativ cVV;18.05.2018;0,0010045024;1.397,62;0,4650911069;460.545,26;0,001712329;-0,00326000
Muster konservativ cVV;19.05.2018;0,0000444202;61,87;0,4651535840;460.607,13;0;-0,00326000
Muster konservativ cVV;20.05.2018;0,0000444183;61,87;0,4652160611;460.668,99;0;-0,00326000
Muster konservativ cVV;21.05.2018;0,0000444163;61,87;0,4652896698;460.730,86;0;-0,00325000
Muster konservativ cVV;22.05.2018;-0,0004195571;-584,42;0,4647105786;460.146,44;0,000498274;-0,00324000
Muster konservativ cVV;23.05.2018;-0,0000137203;-19,10;0,4647023856;460.127,34;0,001638874;-0,00323000
Muster konservativ cVV;24.05.2018;0,0013205098;1.838,59;0,4665703953;461.965,93;0,001090805;-0,00324000
Muster konservativ cVV;25.05.2018;0,0004664826;650,36;0,4672383785;462.616,29;0,001703868;-0,00323000
Muster konservativ cVV;26.05.2018;0,0000443543;61,87;0,4673008630;462.678,16;0;-0,00323000
Muster konservativ cVV;27.05.2018;0,0000443523;61,87;0,4673633476;462.740,02;0;-0,00323000
Muster konservativ cVV;28.05.2018;0,0017669704;2.464,83;0,4698640033;465.204,86;0,003023667;-0,00322000
Muster konservativ cVV;29.05.2018;-0,0006174778;-862,87;0,4690036572;464.341,98;0,001243971;-0,00321000
Muster konservativ cVV;30.05.2018;-0,0022566474;-3.151,52;0,4658315796;461.190,46;-0,002314116;-0,00321000
Muster konservativ cVV;31.05.2018;-0,0013205649;-1.840,07;0,4639840191;459.350,39;0,000020413;-0,00321000
Muster konservativ cVV;01.06.2018;0,0008589149;1.195,23;0,4652023568;460.545,62;-0,002297597;-0,00321000
Muster konservativ cVV;02.06.2018;0,0000444202;61,87;0,4652648488;460.607,49;0;-0,00321000
Muster konservativ cVV;03.06.2018;0,0000444182;61,87;0,4653273408;460.669,35;0;-0,00321000
Muster konservativ cVV;04.06.2018;0,0000372182;51,84;0,4653907517;460.721,19;-0,000293936;-0,00321000
Muster konservativ cVV;05.06.2018;0,0018611053;2.592,39;0,4680205148;463.313,58;0,001538154;-0,00322000
Muster konservativ cVV;06.06.2018;-0,0030587335;-4.268,53;0,4637196094;459.045,05;-0,003820115;-0,00321000
Muster konservativ cVV;07.06.2018;-0,0013320576;-1.853,23;0,4618584445;457.191,82;-0,001150491;-0,00321000
Muster konservativ cVV;08.06.2018;0,0008507804;1.182,07;0,4630635410;458.373,90;0,001924081;-0,00321000
Muster konservativ cVV;09.06.2018;0,0000444896;61,87;0,4631260404;458.435,76;0;-0,00321000
Muster konservativ cVV;10.06.2018;0,0000444876;61,87;0,4631885398;458.497,63;0;-0,00321000
Muster konservativ cVV;11.06.2018;-0,0010191569;-1.417,35;0,4617676084;457.080,28;-0,001856412;-0,00321000
Muster konservativ cVV;12.06.2018;0,0002663064;369,98;0,4621522966;457.450,26;0,000005600;-0,00321000
Muster konservativ cVV;13.06.2018;0,0011650678;1.619,05;0,4637989329;459.069,30;0,000565424;-0,00321000
Muster konservativ cVV;14.06.2018;0,0032455812;4.515,50;0,4683720061;463.584,81;0,002497881;-0,00321000
Muster konservativ cVV;15.06.2018;-0,0012802715;-1.786,99;0,4665775548;461.797,81;0,001349832;-0,00321000
Muster konservativ cVV;16.06.2018;0,0000407444;56,80;0,4666349407;461.854,61;0;-0,00321000
Muster konservativ cVV;17.06.2018;0,0000437398;60,98;0,4666965478;461.915,59;0;-0,00321000
Muster konservativ cVV;18.06.2018;-0,0003519974;-490,73;0,4662117196;461.424,86;0,000378139;-0,00323000
Muster konservativ cVV;19.06.2018;-0,0002341283;-326,29;0,4658930085;461.098,57;0,000779756;-0,00323000
Muster konservativ cVV;20.06.2018;0,0000371727;51,79;0,4659562957;461.150,36;0,000403236;-0,00323000
Muster konservativ cVV;21.06.2018;-0,0003528230;-491,61;0,4654704990;460.658,76;0,001492703;-0,00323000
Muster konservativ cVV;22.06.2018;0,0001433683;199,69;0,4656832100;460.858,45;-0,000279851;-0,00323000
Muster konservativ cVV;23.06.2018;0,0000437711;60,98;0,4657448244;460.919,42;0;-0,00323000
Muster konservativ cVV;24.06.2018;0,0000437692;60,98;0,4658064388;460.980,40;0;-0,00323000
Muster konservativ cVV;25.06.2018;-0,0013944127;-1.942,68;0,4638543013;459.037,72;-0,000069395;-0,00324000
Muster konservativ cVV;26.06.2018;-0,0013950271;-1.940,83;0,4619039370;457.096,89;-0,000726779;-0,00323000
Muster konservativ cVV;27.06.2018;-0,0010819897;-1.503,21;0,4603956971;455.593,68;-0,000144646;-0,00324000
Muster konservativ cVV;28.06.2018;-0,0007687393;-1.066,86;0,4593283433;454.526,82;0,000021160;-0,00324000
Muster konservativ cVV;29.06.2018;-0,0001078692;-149,59;0,4591879146;454.377,24;-0,000129698;-0,00321000
Muster konservativ cVV;30.06.2018;0,0000439757;60,98;0,4592495362;454.438,21;0;-0,00321000
Muster konservativ cVV;01.07.2018;0,0000439737;60,98;0,4593111578;454.499,19;0;-0,00321000
Muster konservativ cVV;02.07.2018;-0,0000350687;-48,63;0,4592727439;454.450,56;0,000526386;-0,00321000
Muster konservativ cVV;03.07.2018;0,0005532197;767,13;0,4600587518;455.217,69;-0,000115583;-0,00321000
Muster konservativ cVV;04.07.2018;-0,0000330309;-45,83;0,4600231681;455.171,86;-0,000420758;-0,00321000
Muster konservativ cVV;05.07.2018;-0,0003084886;-427,99;0,4596013289;454.743,87;0,000113130;-0,00321000
Muster konservativ cVV;06.07.2018;0,0012784796;1.773,19;0,4614042068;456.517,06;0,000713244;-0,00321000
Muster konservativ cVV;07.07.2018;0,0000439079;60,98;0,4614658356;456.578,03;0;-0,00321000
Muster konservativ cVV;08.07.2018;0,0000439060;60,98;0,4615274644;456.639,01;0;-0,00321000
Muster konservativ cVV;09.07.2018;0,0008569711;1.190,20;0,4627411776;457.829,21;-0,000255416;-0,00321000
Muster konservativ cVV;10.07.2018;-0,0002401352;-333,80;0,4624145531;457.495,41;-0,000316841;-0,00321000
Muster konservativ cVV;11.07.2018;-0,0009847281;-1.368,48;0,4610420719;456.126,93;-0,000063842;-0,00321000
Muster konservativ cVV;12.07.2018;0,0003085652;428,39;0,4614857955;456.555,33;0,000674067;-0,00321000
Muster konservativ cVV;13.07.2018;0,0007546223;1.047,99;0,4625558368;457.603,32;0,000660143;-0,00321000
Muster konservativ cVV;14.07.2018;0,0000423064;58,80;0,4626152711;457.662,12;0;-0,00321000
Muster konservativ cVV;15.07.2018;0,0000423046;58,80;0,4626747054;457.720,91;0;-0,00321000
Muster konservativ cVV;16.07.2018;0,0000232716;32,35;0,4627181287;457.753,26;-0,000986143;-0,00321000
Muster konservativ cVV;17.07.2018;0,0006836131;950,20;0,4636893720;458.703,46;0,000697725;-0,00321000
Muster konservativ cVV;18.07.2018;-0,0005856588;-814,60;0,4628766321;457.888,86;0,000306360;-0,00321000
Muster konservativ cVV;19.07.2018;-0,0005533767;-769,25;0,4621096933;457.119,61;-0,000040445;-0,00321000
Muster konservativ cVV;20.07.2018;-0,0003594986;-499,46;0,4616154479;456.620,15;-0,001418182;-0,00321000
Muster konservativ cVV;21.07.2018;0,0000428394;59,50;0,4616755954;456.679,64;0;-0,00321000
Muster konservativ cVV;22.07.2018;0,0000428376;59,50;0,4617357428;456.739,14;0;-0,00321000
Muster konservativ cVV;23.07.2018;-0,0010120292;-1.405,66;0,4603253402;455.333,48;-0,000844195;-0,00321000
Muster konservativ cVV;24.07.2018;0,0015223762;2.112,36;0,4624715302;457.445,85;0,000606533;-0,00321000
Muster konservativ cVV;25.07.2018;0,0004368271;607,04;0,4630959155;458.052,88;0,000054620;-0,00321000
Muster konservativ cVV;26.07.2018;0,0001245310;173,13;0,4632816257;458.226,01;-0,000052456;-0,00320000
Muster konservativ cVV;27.07.2018;0,0001938967;269,60;0,4635648726;458.495,62;-0,000097629;-0,00320000
Muster konservativ cVV;28.07.2018;0,0000427816;59,50;0,4636250269;458.555,11;0;-0,00320000
Muster konservativ cVV;29.07.2018;0,0000427798;59,50;0,4636851813;458.614,61;0;-0,00320000
Muster konservativ cVV;30.07.2018;-0,0006381196;-887,51;0,4627985032;457.727,10;-0,001425550;-0,00319000
Muster konservativ cVV;31.07.2018;-0,0003115004;-432,97;0,4623713684;457.294,13;0,000137192;-0,00319000
Muster konservativ cVV;01.08.2018;-0,0002745295;-381,46;0,4619962846;456.912,67;-0,001351772;-0,00319000
Muster konservativ cVV;02.08.2018;0,0004683167;650,55;0,4626646892;457.563,22;0,000842206;-0,00319000
Muster konservativ cVV;03.08.2018;0,0013471168;1.872,18;0,4645684005;459.435,41;0,001847264;-0,00319000
Muster konservativ cVV;04.08.2018;0,0000427527;59,50;0,4646285618;459.494,90;0;-0,00319000
Muster konservativ cVV;05.08.2018;0,0000427509;59,50;0,4646887231;459.554,40;0;-0,00319000
Muster konservativ cVV;06.08.2018;0,0007082749;985,75;0,4656961579;460.540,15;0,000709153;-0,00319000
Muster konservativ cVV;07.08.2018;0,0002972917;414,05;0,4661255185;460.954,20;-0,000541129;-0,00319000
Muster konservativ cVV;08.08.2018;-0,0002810896;-391,60;0,4657401772;460.562,60;0,000571268;-0,00319000
Muster konservativ cVV;09.08.2018;0,0004261365;593,51;0,4663510211;461.156,11;0,001184769;-0,00319000
Muster konservativ cVV;10.08.2018;0,0015405120;2.146,49;0,4685323986;463.302,60;0,001655911;-0,00319000
Muster konservativ cVV;11.08.2018;0,0000426343;59,50;0,4685925668;463.362,10;0;-0,00319000
Muster konservativ cVV;12.08.2018;0,0000426324;59,50;0,4686527350;463.421,60;0;-0,00319000
Muster konservativ cVV;13.08.2018;-0,0012596430;-1.758,00;0,4668855520;461.663,60;0,000078945;-0,00319000
Muster konservativ cVV;14.08.2018;0,0006140439;855,90;0,4677618003;462.519,50;-0,000221781;-0,00319000
Muster konservativ cVV;15.08.2018;-0,0005722948;-798,20;0,4669652002;461.721,30;0,001122884;-0,00319000
Muster konservativ cVV;16.08.2018;-0,0006831776;-952,30;0,4660126954;460.769,00;-0,000794803;-0,00319000
Muster konservativ cVV;17.08.2018;0,0003781257;526,72;0,4665560266;461.295,72;0,000575202;-0,00319000
Muster konservativ cVV;18.08.2018;0,0000426957;59,50;0,4666162017;461.355,22;0;-0,00319000
Muster konservativ cVV;19.08.2018;0,0000426938;59,50;0,4666763767;461.414,72;0;-0,00319000
Muster konservativ cVV;20.08.2018;0,0004538175;632,45;0,4673266650;462.047,17;0,000126924;-0,00319000
Muster konservativ cVV;21.08.2018;-0,0012437530;-1.734,11;0,4655833190;460.313,06;-0,001261783;-0,00319000
Muster konservativ cVV;22.08.2018;-0,0002391902;-333,08;0,4652569904;459.979,98;-0,001024539;-0,00319000
Muster konservativ cVV;23.08.2018;-0,0008100610;-1.127,76;0,4641268236;458.852,22;-0,000195869;-0,00319000
Muster konservativ cVV;24.08.2018;0,0008034191;1.117,60;0,4652678216;459.969,83;-0,000141227;-0,00319000
Muster konservativ cVV;25.08.2018;0,0000427363;59,50;0,4653280034;460.029,32;0;-0,00319000
Muster konservativ cVV;26.08.2018;0,0000427345;59,50;0,4653881853;460.088,82;0;-0,00319000
Muster konservativ cVV;27.08.2018;0,0005837063;812,69;0,4662207983;460.901,51;-0,000922125;-0,00319000
Muster konservativ cVV;28.08.2018;-0,0007081821;-986,58;0,4652333660;459.914,94;-0,000437562;-0,00319000
Muster konservativ cVV;29.08.2018;-0,0012864920;-1.790,96;0,4634321805;458.123,98;-0,000890866;-0,00319000
Muster konservativ cVV;30.08.2018;0,0006045509;840,53;0,4642929378;458.964,51;0,001902296;-0,00319000
Muster konservativ cVV;31.08.2018;0,0002240272;311,66;0,4646187077;459.276,17;0,000203762;-0,00319000
Muster konservativ cVV;01.09.2018;0,0000427576;59,50;0,4646788964;459.335,67;0;-0,00319000
Muster konservativ cVV;02.09.2018;0,0000427558;59,50;0,4647390851;459.395,16;0;-0,00319000
Muster konservativ cVV;03.09.2018;0,0001458494;202,96;0,4649549012;459.598,13;-0,000131368;-0,00319000
Muster konservativ cVV;04.09.2018;-0,0007773333;-1.081,90;0,4638708519;458.516,23;-0,001057374;-0,00319000
Muster konservativ cVV;05.09.2018;-0,0010774250;-1.498,40;0,4623653680;457.017,83;-0,001591754;-0,00319000
Muster konservativ cVV;06.09.2018;0,0003372241;468,48;0,4628497492;457.486,31;0,001364144;-0,00319000
Muster konservativ cVV;07.09.2018;-0,0003884346;-539,81;0,4623140141;456.946,50;-0,001006337;-0,00319000
Muster konservativ cVV;08.09.2018;0,0000428293;59,50;0,4623742096;457.006,00;0;-0,00319000
Muster konservativ cVV;09.09.2018;0,0000428275;59,50;0,4624344050;457.065,50;0;-0,00319000
Muster konservativ cVV;10.09.2018;0,0001800096;250,08;0,4626978248;457.315,58;-0,000498117;-0,00319000
Muster konservativ cVV;11.09.2018;-0,0005125161;-712,15;0,4619876655;456.603,43;-0,000721366;-0,00319000
Muster konservativ cVV;12.09.2018;0,0009615980;1.335,48;0,4633492901;457.938,90;0,000786440;-0,00319000
Muster konservativ cVV;13.09.2018;0,0001277092;177,53;0,4635393167;458.116,44;-0,000231531;-0,00319000
Muster konservativ cVV;14.09.2018;-0,0005283797;-734,62;0,4628063714;457.381,82;-0,000626178;-0,00319000
Muster konservativ cVV;15.09.2018;0,0000428159;59,50;0,4628665736;457.441,32;0;-0,00319000
Muster konservativ cVV;16.09.2018;0,0000428141;59,50;0,4629267758;457.500,81;0;-0,00319000
Muster konservativ cVV;17.09.2018;0,0003969497;551,64;0,4634953405;458.052,46;-0,000463705;-0,00319000
Muster konservativ cVV;18.09.2018;-0,0007531863;-1.047,13;0,4624461185;457.005,33;-0,000612492;-0,00319000
Muster konservativ cVV;19.09.2018;-0,0001111618;-154,43;0,4623001875;456.850,90;-0,000080905;-0,00318000
Muster konservativ cVV;20.09.2018;-0,0004420945;-614,10;0,4616890806;456.236,81;0,000306002;-0,00319000
Muster konservativ cVV;21.09.2018;0,0003529477;490,05;0,4621953023;456.726,86;0,000873489;-0,00319000
Muster konservativ cVV;22.09.2018;0,0000428361;59,50;0,4622555112;456.786,35;0;-0,00319000
Muster konservativ cVV;23.09.2018;0,0000428343;59,50;0,4623157202;456.845,85;0;-0,00319000
Muster konservativ cVV;24.09.2018;-0,0004540640;-630,72;0,4616877466;456.215,13;-0,002348276;-0,00319000
Muster konservativ cVV;25.09.2018;-0,0013563884;-1.883,24;0,4597921618;454.331,89;-0,001360150;-0,00319000
Muster konservativ cVV;26.09.2018;-0,0000641348;-88,93;0,4597124055;454.242,96;0,000350298;-0,00319000
Muster konservativ cVV;27.09.2018;-0,0000982836;-136,27;0,4595847265;454.106,70;-0,000472356;-0,00318000
Muster konservativ cVV;28.09.2018;0,0014571166;2.020,02;0,4616393822;456.126,72;0,002020953;-0,00318000
Muster konservativ cVV;29.09.2018;0,0000428546;59,50;0,4616995979;456.186,22;0;-0,00318000
Muster konservativ cVV;30.09.2018;0,0000428528;59,50;0,4617598135;456.245,71;0;-0,00318000
Muster konservativ cVV;01.10.2018;0,0005788543;803,71;0,4625835177;457.049,43;0,000499199;-0,00317000
Muster konservativ cVV;02.10.2018;0,0016947572;2.354,45;0,4649768042;459.403,88;0,001800949;-0,00318000
Muster konservativ cVV;03.10.2018;0,0000427537;59,50;0,4650473396;459.463,38;0;-0,00318000
Muster konservativ cVV;04.10.2018;-0,0027909265;-3.884,05;0,4611263048;455.579,32;-0,004028070;-0,00318000
Muster konservativ cVV;05.10.2018;-0,0007407402;-1.027,99;0,4600959899;454.551,33;-0,000807563;-0,00318000
Muster konservativ cVV;06.10.2018;0,0000414166;57,43;0,4601541254;454.608,77;0;-0,00318000
Muster konservativ cVV;07.10.2018;0,0000414149;57,43;0,4602122609;454.666,20;0;-0,00318000
Muster konservativ cVV;08.10.2018;-0,0005969894;-827,95;0,4593843803;453.838,26;0,001184617;-0,00318000
Muster konservativ cVV;09.10.2018;0,0004978740;690,08;0,4600930661;454.528,33;0,000158844;-0,00318000
Muster konservativ cVV;10.10.2018;-0,0014168267;-1.964,77;0,4581143709;452.563,57;-0,000673376;-0,00318000
Muster konservativ cVV;11.10.2018;0,0008451906;1.170,40;0,4593092655;453.733,96;0,000885257;-0,00318000
Muster konservativ cVV;12.10.2018;0,0009032649;1.251,87;0,4605866849;454.985,84;0,000843474;-0,00318000
Muster konservativ cVV;13.10.2018;0,0000428899;59,50;0,4606469138;455.045,33;0;-0,00318000
Muster konservativ cVV;14.10.2018;0,0000428880;59,50;0,4607071428;455.104,83;0;-0,00318000
Muster konservativ cVV;15.10.2018;-0,0000662442;-91,90;0,4606242669;455.012,93;0,000287993;-0,00318000
Muster konservativ cVV;16.10.2018;0,0003561123;494,01;0,4611345261;455.506,93;0,000234708;-0,00318000
Muster konservativ cVV;17.10.2018;0,0010162435;1.410,26;0,4625723901;456.917,19;0,001235712;-0,00318000
Muster konservativ cVV;18.10.2018;0,0008148397;1.131,91;0,4637285163;458.049,10;0,001022639;-0,00317000
Muster konservativ cVV;19.10.2018;-0,0012859801;-1.787,84;0,4619286598;456.261,26;-0,000730447;-0,00317000
Muster konservativ cVV;20.10.2018;0,0000428505;59,50;0,4619888954;456.320,76;0;-0,00317000
Muster konservativ cVV;21.10.2018;0,0000428486;59,50;0,4620491310;456.380,25;0;-0,00317000
Muster konservativ cVV;22.10.2018;-0,0003075306;-427,03;0,4616269336;455.953,22;-0,000522276;-0,00317000
Muster konservativ cVV;23.10.2018;0,0002549707;353,94;0,4619954192;456.307,16;0,000792254;-0,00317000
Muster konservativ cVV;24.10.2018;0,0005725327;794,97;0,4628104507;457.102,13;0,001251448;-0,00317000
Muster konservativ cVV;25.10.2018;-0,0002280739;-316,87;0,4624997646;456.785,27;-0,000610685;-0,00317000
Muster konservativ cVV;26.10.2018;0,0007231197;1.004,41;0,4635268898;457.789,68;0,001624744;-0,00318000
Muster konservativ cVV;27.10.2018;0,0000428034;59,50;0,4635871320;457.849,17;0;-0,00318000
Muster konservativ cVV;28.10.2018;0,0000428015;59,50;0,4636473742;457.908,67;0;-0,00318000
Muster konservativ cVV;29.10.2018;-0,0014657583;-2.037,58;0,4615943643;455.871,09;-0,001362239;-0,00318000
Muster konservativ cVV;30.10.2018;0,0002157345;299,46;0,4619076808;456.170,55;0,000170749;-0,00318000
Muster konservativ cVV;31.10.2018;-0,0005709259;-792,66;0,4611151258;455.377,89;-0,000388777;-0,00318000
Muster konservativ cVV;01.11.2018;-0,0000678714;-94,18;0,4610298278;455.283,71;-0,000551478;-0,00318000
Muster konservativ cVV;02.11.2018;0,0003165658;439,23;0,4614846721;455.722,94;-0,000383065;-0,00318000
Muster konservativ cVV;03.11.2018;0,0000428671;59,50;0,4615449209;455.782,44;0;-0,00318000
Muster konservativ cVV;04.11.2018;0,0000428653;59,50;0,4616051697;455.841,94;0;-0,00318000
Muster konservativ cVV;05.11.2018;-0,0012126689;-1.683,25;0,4599106693;454.158,69;0,000197805;-0,00318000
Muster konservativ cVV;06.11.2018;0,0001541674;213,73;0,4601371325;454.372,42;-0,000089529;-0,00317000
Muster konservativ cVV;07.11.2018;0,0003135285;434,73;0,4605874065;454.807,16;-0,000555274;-0,00317000
Muster konservativ cVV;08.11.2018;-0,0000237672;-32,97;0,4605640399;454.774,19;-0,000341061;-0,00316000
Muster konservativ cVV;09.11.2018;-0,0001546273;-214,47;0,4603568498;454.559,73;0,001458062;-0,00316000
Muster konservativ cVV;10.11.2018;0,0000429030;59,50;0,4604171052;454.619,22;0;-0,00316000
Muster konservativ cVV;11.11.2018;0,0000429012;59,50;0,4604773605;454.678,72;0;-0,00316000
Muster konservativ cVV;12.11.2018;-0,0003097234;-429,55;0,4600523225;454.249,17;0,000639174;-0,00316000
Muster konservativ cVV;13.11.2018;-0,0010664456;-1.478,58;0,4585648035;452.770,59;-0,000878598;-0,00316000
Muster konservativ cVV;14.11.2018;-0,0008212785;-1.137,45;0,4574227133;451.633,13;-0,000262718;-0,00316000
Muster konservativ cVV;15.11.2018;0,0005506300;761,98;0,4582043948;452.395,12;0,001157113;-0,00316000
Muster konservativ cVV;16.11.2018;-0,0024524997;-3.395,74;0,4547748973;448.999,38;-0,001060847;-0,00316000
Muster konservativ cVV;17.11.2018;0,0000430758;59,50;0,4548351592;449.058,87;0;-0,00316000
Muster konservativ cVV;18.11.2018;0,0000430739;59,50;0,4548954211;449.118,37;0;-0,00316000
Muster konservativ cVV;19.11.2018;-0,0021041362;-2.906,50;0,4519613140;446.211,87;-0,000799223;-0,00316000
Muster konservativ cVV;20.11.2018;-0,0027299567;-3.763,03;0,4481594893;442.448,84;-0,000318499;-0,00316000
Muster konservativ cVV;21.11.2018;0,0002470467;339,60;0,4485131667;442.788,45;-0,000530932;-0,00316000
Muster konservativ cVV;22.11.2018;-0,0015374883;-2.114,04;0,4463814296;440.674,41;0,000153734;-0,00316000
Muster konservativ cVV;23.11.2018;0,0011726693;1.609,94;0,4480218813;442.284,34;0,001066514;-0,00316000
Muster konservativ cVV;24.11.2018;0,0000404956;55,66;0,4480782643;442.340,01;0;-0,00316000
Muster konservativ cVV;25.11.2018;0,0000404940;55,66;0,4481346473;442.395,67;0;-0,00316000
Muster konservativ cVV;26.11.2018;0,0001552123;213,36;0,4483604350;442.609,02;-0,000537474;-0,00316000
Muster konservativ cVV;27.11.2018;-0,0003390106;-466,08;0,4478979482;442.142,94;0,000600061;-0,00316000
Muster konservativ cVV;28.11.2018;-0,0010705601;-1.471,33;0,4464170797;440.671,62;-0,000489083;-0,00316000
Muster konservativ cVV;29.11.2018;-0,0003789695;-520,28;0,4458996065;440.151,34;0,000950840;-0,00316000
Muster konservativ cVV;30.11.2018;-0,0013591857;-1.865,29;0,4440194967;438.286,05;0,000049133;-0,00316000
Muster konservativ cVV;01.12.2018;0,0000435524;59,69;0,4440799659;438.345,74;0;-0,00316000
Muster konservativ cVV;02.12.2018;0,0000435505;59,69;0,4441404351;438.405,42;0;-0,00316000
Muster konservativ cVV;03.12.2018;0,0009984056;1.368,43;0,4455363322;439.773,85;0,000093593;-0,00316000
Muster konservativ cVV;04.12.2018;-0,0003607085;-494,89;0,4450445117;439.278,97;0,000815062;-0,00316000
Muster konservativ cVV;05.12.2018;-0,0010995681;-1.508,04;0,4435261851;437.770,92;-0,000842536;-0,00316000
Muster konservativ cVV;06.12.2018;0,0008576162;1.174,92;0,4447260765;438.945,84;0,001255238;-0,00315000
Muster konservativ cVV;07.12.2018;-0,0020014684;-2.744,32;0,4419550786;436.201,52;-0,001209495;-0,00315000
Muster konservativ cVV;08.12.2018;0,0000436188;59,69;0,4420155543;436.261,21;0;-0,00315000
Muster konservativ cVV;09.12.2018;0,0000436169;59,69;0,4420760299;436.320,89;0;-0,00315000
Muster konservativ cVV;10.12.2018;0,0000715705;97,95;0,4421847283;436.418,84;-0,000765664;-0,00314000
Muster konservativ cVV;11.12.2018;-0,0008110285;-1.110,00;0,4410694967;435.308,85;0,000848675;-0,00312000
Muster konservativ cVV;12.12.2018;0,0024139488;3.301,12;0,4444237920;438.609,96;-0,001084152;-0,00312000
Muster konservativ cVV;13.12.2018;0,0016882488;2.314,28;0,4467782873;440.924,24;0,000910174;-0,00311000
Muster konservativ cVV;14.12.2018;0,0013260572;1.820,85;0,4486328840;442.745,10;0,001061544;-0,00311000
Muster konservativ cVV;15.12.2018;0,0000434112;59,69;0,4486933661;442.804,78;0;-0,00311000
Muster konservativ cVV;16.12.2018;0,0000434093;59,69;0,4487538482;442.864,47;0;-0,00311000
Muster konservativ cVV;17.12.2018;-0,0015304613;-2.104,50;0,4466308856;440.759,98;-0,000109427;-0,00311000
Muster konservativ cVV;18.12.2018;0,0008591155;1.179,54;0,4478356734;441.939,52;0,000001091;-0,00311000
Muster konservativ cVV;19.12.2018;0,0005862967;805,66;0,4486616289;442.745,17;-0,000019274;-0,00309000
Muster konservativ cVV;20.12.2018;-0,0010046694;-1.381,37;0,4472713076;441.363,80;0,000012737;-0,00310000
Muster konservativ cVV;21.12.2018;-0,0001417950;-194,77;0,4470834357;441.169,03;-0,000227065;-0,00310000
Muster konservativ cVV;22.12.2018;0,0000434610;59,69;0,4471439242;441.228,72;0;-0,00310000
Muster konservativ cVV;23.12.2018;0,0000434591;59,69;0,4472044128;441.288,41;0;-0,00310000
Muster konservativ cVV;24.12.2018;0,0000434572;59,69;0,4472743989;441.348,10;0;-0,00309000
Muster konservativ cVV;25.12.2018;0,0000434553;59,69;0,4473443807;441.407,79;0;-0,00309000
Muster konservativ cVV;26.12.2018;0,0000434534;59,69;0,4474143582;441.467,48;0;-0,00309000
Muster konservativ cVV;27.12.2018;0,0011537572;1.584,89;0,4490301097;443.052,36;0,001260758;-0,00309000
Muster konservativ cVV;28.12.2018;0,0010342231;1.422,33;0,4504811635;444.474,69;-0,000622733;-0,00310000
Muster konservativ cVV;29.12.2018;0,0000433566;59,69;0,4505416585;444.534,38;0;-0,00310000
Muster konservativ cVV;30.12.2018;0,0000433548;59,69;0,4506021535;444.594,07;0;-0,00310000
Muster konservativ cVV;31.12.2018;0,0000433529;59,69;0,4506721825;444.653,76;0;-0,00309000
Muster konservativ cVV;01.01.2019;0,0000433510;59,69;0,4507422073;444.713,44;0;-0,00309000
Muster konservativ cVV;02.01.2019;0,0011105398;1.529,13;0,4523016176;446.242,57;0,002183826;-0,00310000
Muster konservativ cVV;03.01.2019;-0,0013861572;-1.910,75;0,4503744304;444.331,82;0,000107683;-0,00309000
Muster konservativ cVV;04.01.2019;-0,0024071363;-3.313,52;0,4470252780;441.018,30;-0,002307079;-0,00309000
Muster konservativ cVV;05.01.2019;0,0000434658;59,69;0,4470857794;441.077,99;0;-0,00309000
Muster konservativ cVV;06.01.2019;0,0000434639;59,69;0,4471462807;441.137,68;0;-0,00309000
Muster konservativ cVV;07.01.2019;-0,0003390986;-465,70;0,4466836525;440.671,98;-0,000690342;-0,00310000
Muster konservativ cVV;08.01.2019;-0,0002926706;-401,80;0,4462857687;440.270,18;-0,000786694;-0,00308000
Muster konservativ cVV;09.01.2019;0,0001456739;199,93;0,4464978315;440.470,11;0,000878332;-0,00308000
Muster konservativ cVV;10.01.2019;0,0003094770;424,81;0,4469378563;440.894,92;0,000508080;-0,00308000
Muster konservativ cVV;11.01.2019;0,0013584240;1.865,26;0,4488381098;442.760,18;0,000379555;-0,00308000
Muster konservativ cVV;12.01.2019;0,0000434107;59,69;0,4488986176;442.819,87;0;-0,00308000
Muster konservativ cVV;13.01.2019;0,0000434088;59,69;0,4489591253;442.879,56;0;-0,00308000
Muster konservativ cVV;14.01.2019;0,0004146763;570,22;0,4495466090;443.449,77;0,000785808;-0,00308000
Muster konservativ cVV;15.01.2019;0,0021191097;2.915,17;0,4525113540;446.364,94;0,001494818;-0,00308000
Muster konservativ cVV;16.01.2019;0,0021186791;2.920,75;0,4554818771;449.285,70;-0,000364439;-0,00308000
Muster konservativ cVV;17.01.2019;0,0014785358;2.042,59;0,4575622219;451.328,29;-0,000699846;-0,00308000
Muster konservativ cVV;18.01.2019;0,0005591138;773,55;0,4583560571;452.101,84;-0,000108507;-0,00308000
Muster konservativ cVV;19.01.2019;0,0000431178;59,69;0,4584165712;452.161,53;0;-0,00308000
Muster konservativ cVV;20.01.2019;0,0000431159;59,69;0,4584770853;452.221,22;0;-0,00308000
Muster konservativ cVV;21.01.2019;0,0005288289;732,13;0,4592289470;452.953,34;0,000374578;-0,00308000
Muster konservativ cVV;22.01.2019;0,0015026523;2.081,42;0,4613488456;455.034,76;0,000647281;-0,00308000
Muster konservativ cVV;23.01.2019;0,0002224270;308,56;0,4616713318;455.343,32;0,000000696;-0,00308000
Muster konservativ cVV;24.01.2019;0,0013153819;1.825,16;0,4635315327;457.168,48;0,001542450;-0,00306000
Muster konservativ cVV;25.01.2019;0,0007050315;979,55;0,4645344105;458.148,04;-0,000519548;-0,00307000
Muster konservativ cVV;26.01.2019;0,0000429303;59,69;0,4645949308;458.207,72;0;-0,00307000
Muster konservativ cVV;27.01.2019;0,0000429284;59,69;0,4646554512;458.267,41;0;-0,00307000
Muster konservativ cVV;28.01.2019;0,0010351481;1.439,35;0,4661245790;459.706,76;0,000012347;-0,00307000
Muster konservativ cVV;29.01.2019;0,0012233680;1.702,82;0,4678609206;461.409,58;0,000290875;-0,00306000
Muster konservativ cVV;30.01.2019;0,0008077396;1.125,68;0,4690121013;462.535,26;0,000054795;-0,00308000
Muster konservativ cVV;31.01.2019;0,0027539144;3.841,00;0,4729167262;466.376,27;0,001619540;-0,00308000
Muster konservativ cVV;01.02.2019;-0,0003800554;-531,54;0,4723875493;465.844,73;0,000384692;-0,00308000
Muster konservativ cVV;02.02.2019;0,0000426939;59,69;0,4724480759;465.904,42;0;-0,00308000
Muster konservativ cVV;03.02.2019;0,0000426921;59,69;0,4725086026;465.964,11;0;-0,00308000
Muster konservativ cVV;04.02.2019;-0,0003592716;-502,32;0,4720090258;465.461,78;-0,000438532;-0,00307000
Muster konservativ cVV;05.02.2019;0,0015754722;2.201,99;0,4742518308;467.663,77;0,000622471;-0,00308000
Muster konservativ cVV;06.02.2019;0,0014081103;1.971,17;0,4762606491;469.634,95;0,000238324;-0,00308000
Muster konservativ cVV;07.02.2019;-0,0000477940;-67,00;0,4762025713;469.567,95;0,002096755;-0,00308000
Muster konservativ cVV;08.02.2019;0,0002400157;336,45;0,4765536406;469.904,40;0,000505747;-0,00308000
Muster konservativ cVV;09.02.2019;0,0000425703;59,69;0,4766141735;469.964,08;0;-0,00308000
Muster konservativ cVV;10.02.2019;0,0000425685;59,69;0,4766747065;470.023,77;0;-0,00308000
Muster konservativ cVV;11.02.2019;-0,0003664441;-513,84;0,4761634477;469.509,93;-0,000545579;-0,00308000
Muster konservativ cVV;12.02.2019;-0,0004696305;-658,29;0,4755056603;468.851,64;-0,000593512;-0,00308000
Muster konservativ cVV;13.02.2019;0,0004982430;698,07;0,4762234742;469.549,71;0,000224187;-0,00308000
Muster konservativ cVV;14.02.2019;0,0014340281;2.010,16;0,4782720788;471.559,87;0,000578782;-0,00308000
Muster konservativ cVV;15.02.2019;0,0002958629;415,32;0,4787031887;471.975,20;0,000115121;-0,00308000
Muster konservativ cVV;16.02.2019;0,0000386980;54,34;0,4787583023;472.029,53;0;-0,00308000
Muster konservativ cVV;17.02.2019;0,0000386965;54,34;0,4788134160;472.083,87;0;-0,00308000
Muster konservativ cVV;18.02.2019;0,0009316995;1.308,38;0,4801503430;473.392,25;0,000377285;-0,00308000
Muster konservativ cVV;19.02.2019;0,0001961228;275,67;0,4804398452;473.667,92;0,000256706;-0,00308000
Muster konservativ cVV;20.02.2019;-0,0017563905;-2.469,27;0,4779451129;471.198,65;0,000068695;-0,00308000
Muster konservativ cVV;21.02.2019;-0,0015583859;-2.187,05;0,4757365350;469.011,60;-0,001236683;-0,00310000
Muster konservativ cVV;22.02.2019;0,0008187040;1.147,18;0,4769099703;470.158,79;0,001180882;-0,00310000
Muster konservativ cVV;23.02.2019;0,0000425626;59,69;0,4769705158;470.218,48;0;-0,00310000
Muster konservativ cVV;24.02.2019;0,0000425608;59,69;0,4770310612;470.278,17;0;-0,00310000
Muster konservativ cVV;25.02.2019;-0,0004787437;-665,16;0,4763685294;469.613,01;-0,000245593;-0,00309000
Muster konservativ cVV;26.02.2019;0,0011154019;1.548,97;0,4779519907;471.161,98;-0,000058752;-0,00310000
Muster konservativ cVV;27.02.2019;0,0005216964;725,29;0,4786999542;471.887,28;-0,000932853;-0,00310000
Muster konservativ cVV;28.02.2019;-0,0012587754;-1.750,94;0,4769358990;470.136,34;-0,000647354;-0,00309000
Muster konservativ cVV;01.03.2019;-0,0003479393;-483,37;0,4764576802;469.652,97;-0,000195267;-0,00310000
Muster konservativ cVV;02.03.2019;0,0000429798;59,69;0,4765182334;469.712,66;0;-0,00310000
Muster konservativ cVV;03.03.2019;0,0000429780;59,69;0,4765787865;469.772,34;0;-0,00310000
Muster konservativ cVV;04.03.2019;0,0004957783;688,57;0,4772894896;470.460,92;0,000900893;-0,00309000
Muster konservativ cVV;05.03.2019;-0,0000975069;-135,49;0,4771641735;470.325,42;-0,000232000;-0,00308000
Muster konservativ cVV;06.03.2019;0,0004361261;605,96;0,4777910981;470.931,39;0,001261922;-0,00308000
Muster konservativ cVV;07.03.2019;0,0019929721;2.770,29;0,4806139554;473.701,68;0,002412570;-0,00308000
Muster konservativ cVV;08.03.2019;-0,0000909876;-126,73;0,4804975789;473.574,95;-0,001114478;-0,00308000
Muster konservativ cVV;09.03.2019;0,0000428588;59,69;0,4805581397;473.634,64;0;-0,00308000
Muster konservativ cVV;10.03.2019;0,0000428570;59,69;0,4806187006;473.694,33;0;-0,00308000
Muster konservativ cVV;11.03.2019;0,0016056782;2.236,38;0,4829000223;475.930,71;0,000702873;-0,00308000
Muster konservativ cVV;12.03.2019;-0,0005227498;-729,25;0,4821723168;475.201,46;0,000445125;-0,00309000
Muster konservativ cVV;13.03.2019;0,0011865305;1.654,38;0,4838632247;476.855,84;0,000105860;-0,00310000
Muster konservativ cVV;14.03.2019;-0,0004637425;-647,36;0,4832185819;476.208,47;-0,000282515;-0,00309000
Muster konservativ cVV;15.03.2019;0,0013745945;1.917,98;0,4851770727;478.126,46;0,000207234;-0,00309000
Muster konservativ cVV;16.03.2019;0,0000427192;59,69;0,4852376412;478.186,14;0;-0,00309000
Muster konservativ cVV;17.03.2019;0,0000427174;59,69;0,4852982098;478.245,83;0;-0,00309000
Muster konservativ cVV;18.03.2019;0,0016097272;2.249,34;0,4875930503;480.495,18;0,000629290;-0,00310000
Muster konservativ cVV;19.03.2019;-0,0005855479;-819,53;0,4867737116;479.675,65;-0,000534371;-0,00310000
Muster konservativ cVV;20.03.2019;-0,0014994547;-2.097,40;0,4846575100;477.578,25;0,000412026;-0,00309000
Muster konservativ cVV;21.03.2019;0,0006599035;921,67;0,4856050943;478.499,92;0,001278442;-0,00309000
Muster konservativ cVV;22.03.2019;0,0011611855;1.622,87;0,4872643467;480.122,79;0,001717440;-0,00309000
Muster konservativ cVV;23.03.2019;0,0000399170;55,85;0,4873210302;480.178,65;0;-0,00309000
Muster konservativ cVV;24.03.2019;0,0000426491;59,68;0,4873815957;480.238,32;0;-0,00309000
Muster konservativ cVV;25.03.2019;0,0001683124;235,53;0,4876329079;480.473,85;-0,000493967;-0,00310000
Muster konservativ cVV;26.03.2019;0,0000171080;23,94;0,4876694836;480.497,79;-0,000203311;-0,00309000
Muster konservativ cVV;27.03.2019;0,0018655840;2.611,07;0,4903318542;483.108,86;0,003502089;-0,00309000
Muster konservativ cVV;28.03.2019;-0,0008876272;-1.244,64;0,4890809002;481.864,22;-0,000973610;-0,00311000
Muster konservativ cVV;29.03.2019;0,0006241675;874,44;0,4899807386;482.738,66;0,000418241;-0,00311000
Muster konservativ cVV;30.03.2019;0,0000425712;59,68;0,4900413118;482.798,33;0;-0,00311000
Muster konservativ cVV;31.03.2019;0,0000425694;59,68;0,4901018850;482.858,01;0;-0,00311000
Muster konservativ cVV;01.04.2019;0,0003699655;518,68;0,4906406562;483.376,69;-0,000745855;-0,00310000
Muster konservativ cVV;02.04.2019;0,0007014793;983,81;0,4916515789;484.360,50;0,001321158;-0,00311000
Muster konservativ cVV;03.04.2019;0,0003902013;547,63;0,4922197902;484.908,13;-0,001416776;-0,00310000
Muster konservativ cVV;04.04.2019;-0,0006759096;-948,98;0,4912688021;483.959,15;-0,000012756;-0,00310000
Muster konservativ cVV;05.04.2019;0,0000655986;92,04;0,4913745279;484.051,18;-0,000218147;-0,00310000
Muster konservativ cVV;06.04.2019;0,0000392511;55,08;0,4914304363;484.106,26;0;-0,00310000
Muster konservativ cVV;07.04.2019;0,0000425207;59,67;0,4914910043;484.165,92;0;-0,00310000
Muster konservativ cVV;08.04.2019;0,0004997226;701,24;0,4922151660;484.867,17;0,000146482;-0,00310000
Muster konservativ cVV;09.04.2019;0,0002355746;330,74;0,4925632260;485.197,91;0,000192991;-0,00310000
Muster konservativ cVV;10.04.2019;0,0019062908;2.677,00;0,4952932300;487.874,91;0,001487114;-0,00310000
Muster konservativ cVV;11.04.2019;-0,0018094470;-2.545,85;0,4927209694;485.329,06;-0,000610278;-0,00310000
Muster konservativ cVV;12.04.2019;-0,0010634599;-1.493,55;0,4912169171;483.835,51;-0,002051553;-0,00310000
Muster konservativ cVV;13.04.2019;0,0000425215;59,65;0,4912774821;483.895,16;0;-0,00310000
Muster konservativ cVV;14.04.2019;0,0000425196;59,65;0,4913380470;483.954,82;0;-0,00310000
Muster konservativ cVV;15.04.2019;0,0013838674;1.941,64;0,4933216019;485.896,46;0,000511403;-0,00310000
Muster konservativ cVV;16.04.2019;-0,0001635344;-229,77;0,4931006037;485.666,69;0,000212900;-0,00310000
Muster konservativ cVV;17.04.2019;0,0015644249;2.197,65;0,4953442181;487.864,34;-0,000536382;-0,00311000
Muster konservativ cVV;18.04.2019;0,0009906133;1.393,76;0,4967716955;489.258,10;0,001752152;-0,00311000
Muster konservativ cVV;19.04.2019;0,0000423577;59,65;0,4968446111;489.317,76;0;-0,00311000
Muster konservativ cVV;20.04.2019;0,0000423559;59,65;0,4969051835;489.377,41;0;-0,00311000
Muster konservativ cVV;21.04.2019;0,0000423541;59,65;0,4969657560;489.437,06;0;-0,00311000
Muster konservativ cVV;22.04.2019;0,0000423523;59,65;0,4970386690;489.496,72;0;-0,00311000
Muster konservativ cVV;23.04.2019;0,0004262704;600,44;0,4976607103;490.097,16;-0,000266371;-0,00311000
Muster konservativ cVV;24.04.2019;0,0016995891;2.395,05;0,5001051262;492.492,22;0,001995432;-0,00312000
Muster konservativ cVV;25.04.2019;0,0010291326;1.452,71;0,5015927238;493.944,93;0,000130474;-0,00312000
Muster konservativ cVV;26.04.2019;0,0004391234;620,50;0,5022352656;494.565,43;0,000334034;-0,00310000
Muster konservativ cVV;27.04.2019;0,0000421987;59,65;0,5022958456;494.625,09;0;-0,00310000
Muster konservativ cVV;28.04.2019;0,0000421969;59,65;0,5023564255;494.684,74;0;-0,00310000
Muster konservativ cVV;29.04.2019;-0,0000049620;-7,02;0,5023617296;494.677,73;-0,000350383;-0,00311000
Muster konservativ cVV;30.04.2019;-0,0001687396;-238,56;0,5021318772;494.439,17;-0,000350995;-0,00310000
Muster konservativ cVV;01.05.2019;0,0000402255;56,86;0,5022020283;494.496,03;0;-0,00310000
Muster konservativ cVV;02.05.2019;-0,0010511026;-1.485,83;0,5007054004;493.010,19;0,000226507;-0,00309000
Muster konservativ cVV;03.05.2019;0,0002293301;323,84;0,5010466542;493.334,03;0,000085245;-0,00309000
Muster konservativ cVV;04.05.2019;0,0000422301;59,65;0,5011072339;493.393,68;0;-0,00309000
Muster konservativ cVV;05.05.2019;0,0000422283;59,65;0,5011678136;493.453,33;0;-0,00309000
Muster konservativ cVV;06.05.2019;0,0002982326;421,27;0,5016080337;493.874,60;0,000333975;-0,00308000
Muster konservativ cVV;07.05.2019;0,0004757166;672,18;0,5023031075;494.546,77;0,001239015;-0,00308000
Muster konservativ cVV;08.05.2019;-0,0022557364;-3.188,81;0,4990765671;491.357,96;-0,000341326;-0,00308000
Muster konservativ cVV;09.05.2019;-0,0010384979;-1.464,76;0,4976010406;489.893,20;-0,000285351;-0,00308000
Muster konservativ cVV;10.05.2019;0,0014476225;2.039,69;0,4996851040;491.932,89;-0,000071803;-0,00309000
Muster konservativ cVV;11.05.2019;0,0000422720;59,65;0,4997456911;491.992,54;0;-0,00309000
Muster konservativ cVV;12.05.2019;0,0000422702;59,65;0,4998062783;492.052,19;0;-0,00309000
Muster konservativ cVV;13.05.2019;-0,0002146806;-302,95;0,4995108266;491.749,24;0,000146131;-0,00311000
Muster konservativ cVV;14.05.2019;-0,0009484894;-1.338,17;0,4981637580;490.411,06;0,000203184;-0,00311000
Muster konservativ cVV;15.05.2019;0,0005488198;773,57;0,4989617924;491.184,63;0,000794560;-0,00311000
Muster konservativ cVV;16.05.2019;0,0001155662;162,98;0,4991395879;491.347,61;-0,000047217;-0,00312000
Muster konservativ cVV;17.05.2019;0,0000356562;50,29;0,4992029033;491.397,90;0,000270686;-0,00313000
Muster konservativ cVV;18.05.2019;0,0000422881;59,65;0,4992634979;491.457,55;0;-0,00313000
Muster konservativ cVV;19.05.2019;0,0000422863;59,65;0,4993240925;491.517,20;0;-0,00313000
Muster konservativ cVV;20.05.2019;-0,0001844504;-260,19;0,4990719857;491.257,01;-0,000456670;-0,00314000
Muster konservativ cVV;21.05.2019;-0,0007842818;-1.106,12;0,4979604515;490.150,89;-0,000894772;-0,00313000
Muster konservativ cVV;22.05.2019;0,0001197269;168,73;0,4981440396;490.319,62;0,000262750;-0,00311000
Muster konservativ cVV;23.05.2019;-0,0001902591;-268,15;0,4978837652;490.051,46;0,000193904;-0,00310000
Muster konservativ cVV;24.05.2019;-0,0005284508;-744,67;0,4971393295;489.306,80;-0,000033136;-0,00311000
Muster konservativ cVV;25.05.2019;0,0000423508;59,65;0,4971999314;489.366,44;0;-0,00311000
Muster konservativ cVV;26.05.2019;0,0000423491;59,65;0,4972605334;489.426,09;0;-0,00311000
Muster konservativ cVV;27.05.2019;0,0007712443;1.086,32;0,4983763940;490.512,41;0,000885890;-0,00311000
Muster konservativ cVV;28.05.2019;0,0004178039;588,94;0,4989869377;491.101,35;0,000349865;-0,00315000
Muster konservativ cVV;29.05.2019;-0,0006127574;-864,11;0,4981210827;490.237,24;0,000173116;-0,00317000
Muster konservativ cVV;30.05.2019;0,0003805274;536,29;0,4986781340;490.773,53;0,000012882;-0,00320000
Muster konservativ cVV;31.05.2019;0,0012159942;1.714,40;0,5004323137;492.487,93;0,000763309;-0,00322000
Muster konservativ cVV;01.06.2019;0,0000422554;59,65;0,5004929230;492.547,57;0;-0,00322000
Muster konservativ cVV;02.06.2019;0,0000422536;59,65;0,5005535324;492.607,22;0;-0,00322000
Muster konservativ cVV;03.06.2019;0,0000435439;61,47;0,5006281610;492.668,69;-0,000424586;-0,00323000
Muster konservativ cVV;04.06.2019;-0,0001895601;-267,61;0,5003683735;492.401,08;0,000422522;-0,00322000
Muster konservativ cVV;05.06.2019;0,0016983313;2.397,20;0,5028165581;494.798,27;0,001607725;-0,00320000
Muster konservativ cVV;06.06.2019;0,0007478584;1.057,40;0,5039033078;495.855,67;-0,000243423;-0,00323000
Muster konservativ cVV;07.06.2019;0,0007679871;1.086,67;0,5050198491;496.942,33;0,001015547;-0,00319000
Muster konservativ cVV;08.06.2019;0,0000421225;59,65;0,5050804658;497.001,98;0;-0,00319000
Muster konservativ cVV;09.06.2019;0,0000421207;59,65;0,5051410825;497.061,63;0;-0,00319000
Muster konservativ cVV;10.06.2019;0,0000421189;59,65;0,5052139329;497.121,28;0;-0,00318000
Muster konservativ cVV;11.06.2019;-0,0008473686;-1.200,06;0,5040065321;495.921,22;0,000172390;-0,00319000
Muster konservativ cVV;12.06.2019;0,0006402290;905,94;0,5049394490;496.827,15;0,000123210;-0,00318000
Muster konservativ cVV;13.06.2019;0,0007700126;1.090,28;0,5060597607;497.917,43;-0,000144929;-0,00318000
Muster konservativ cVV;14.06.2019;0,0009855278;1.396,51;0,5074913608;499.313,94;0,000414702;-0,00318000
Muster konservativ cVV;15.06.2019;0,0000391064;55,47;0,5075477383;499.369,41;0;-0,00318000
Muster konservativ cVV;16.06.2019;0,0000391049;55,47;0,5076041159;499.424,88;0;-0,00318000
Muster konservativ cVV;17.06.2019;-0,0002561495;-363,35;0,5072470503;499.061,53;0,000001229;-0,00320000
Muster konservativ cVV;18.06.2019;0,0027165042;3.852,44;0,5111750026;502.913,97;0,004152156;-0,00322000
Muster konservativ cVV;19.06.2019;0,0015094682;2.146,48;0,5133691149;505.060,45;-0,001487398;-0,00336000
Muster konservativ cVV;20.06.2019;0,0038649091;5.504,25;0,5189764079;510.564,70;0,001683641;-0,00338000
Muster konservativ cVV;21.06.2019;0,0003515482;502,60;0,5194997837;511.067,29;-0,001246441;-0,00344000
Muster konservativ cVV;22.06.2019;0,0000416985;59,64;0,5195604035;511.126,93;0;-0,00344000
Muster konservativ cVV;23.06.2019;0,0000416967;59,64;0,5196210232;511.186,57;0;-0,00344000
Muster konservativ cVV;24.06.2019;0,0009580503;1.370,29;0,5210264458;512.556,85;0,000958744;-0,00343000
Muster konservativ cVV;25.06.2019;0,0017271506;2.472,69;0,5235525701;515.029,54;0,000675460;-0,00345000
Muster konservativ cVV;26.06.2019;-0,0016284020;-2.335,34;0,5211910989;512.694,20;-0,000937621;-0,00343000
Muster konservativ cVV;27.06.2019;0,0003917603;560,92;0,5217738337;513.255,12;0,000243217;-0,00344000
Muster konservativ cVV;28.06.2019;0,0011189185;1.602,69;0,5234156713;514.857,81;0,000621937;-0,00345000
Muster konservativ cVV;29.06.2019;0,0000415883;59,64;0,5234762983;514.917,44;0;-0,00345000
Muster konservativ cVV;30.06.2019;0,0000415865;59,64;0,5235369254;514.977,08;0;-0,00345000
Muster konservativ cVV;01.07.2019;0,0002737398;392,56;0,5239485675;515.369,64;0,001534857;-0,00346000
Muster konservativ cVV;02.07.2019;0,0017161862;2.461,82;0,5264639677;517.831,46;0,000322320;-0,00351000
Muster konservativ cVV;03.07.2019;0,0020245414;2.909,13;0,5294342569;520.740,58;0,000482747;-0,00353000
Muster konservativ cVV;04.07.2019;0,0012105122;1.742,94;0,5312189993;522.483,53;0,000289473;-0,00354000
Muster konservativ cVV;05.07.2019;-0,0001837954;-264,96;0,5309622987;522.218,57;-0,000885908;-0,00360000
Muster konservativ cVV;06.07.2019;0,0000413759;59,64;0,5310229330;522.278,21;0;-0,00360000
Muster konservativ cVV;07.07.2019;0,0000413742;59,64;0,5310835673;522.337,84;0;-0,00360000
Muster konservativ cVV;08.07.2019;0,0000736194;106,12;0,5312041441;522.443,96;0,000245814;-0,00356000
Muster konservativ cVV;09.07.2019;-0,0012508374;-1.803,14;0,5293834033;520.640,82;-0,000783524;-0,00358000
Muster konservativ cVV;10.07.2019;-0,0000721896;-103,93;0,5292903426;520.536,89;-0,000970708;-0,00358000
Muster konservativ cVV;11.07.2019;-0,0002423656;-348,92;0,5289481586;520.187,97;-0,000900067;-0,00364000
Muster konservativ cVV;12.07.2019;-0,0000077748;-11,19;0,5289493729;520.176,78;-0,000295832;-0,00363000
Muster konservativ cVV;13.07.2019;0,0000414346;59,64;0,5290100144;520.236,42;0;-0,00363000
Muster konservativ cVV;14.07.2019;0,0000414328;59,64;0,5290706559;520.296,05;0;-0,00363000
Muster konservativ cVV;15.07.2019;0,0010555014;1.519,28;0,5306281858;521.815,34;0,001165990;-0,00363000
Muster konservativ cVV;16.07.2019;0,0006379516;919,23;0,5315755820;522.734,57;0,000376558;-0,00367000
Muster konservativ cVV;17.07.2019;0,0014140893;2.038,88;0,5336616257;524.773,45;0,001214063;-0,00369000
Muster konservativ cVV;18.07.2019;0,0003083054;445,15;0,5341269995;525.218,61;0,000547100;-0,00370000
Muster konservativ cVV;19.07.2019;0,0004953825;715,49;0,5348673140;525.934,10;0,000709278;-0,00375000
Muster konservativ cVV;20.07.2019;0,0000412695;59,64;0,5349279627;525.993,73;0;-0,00375000
Muster konservativ cVV;21.07.2019;0,0000412678;59,64;0,5349886114;526.053,37;0;-0,00375000
Muster konservativ cVV;22.07.2019;0,0003811748;550,86;0,5355615203;526.604,22;0,000893062;-0,00374000
Muster konservativ cVV;23.07.2019;0,0003202439;462,98;0,5360450723;527.067,20;0,000544521;-0,00373000
Muster konservativ cVV;24.07.2019;0,0012657656;1.830,51;0,5379194949;528.897,71;0,000784565;-0,00376000
Muster konservativ cVV;25.07.2019;0,0001575734;228,17;0,5381642841;529.125,87;-0,000007451;-0,00378000
Muster konservativ cVV;26.07.2019;0,0005345466;774,14;0,5389643931;529.900,02;-0,000132688;-0,00368000
Muster konservativ cVV;27.07.2019;0,0000411565;59,64;0,5390250490;529.959,65;0;-0,00368000
Muster konservativ cVV;28.07.2019;0,0000411548;59,64;0,5390857049;530.019,29;0;-0,00368000
Muster konservativ cVV;29.07.2019;0,0010135263;1.468,72;0,5405923193;531.488,01;0,000580388;-0,00367000
Muster konservativ cVV;30.07.2019;0,0002969361;430,73;0,5410432021;531.918,74;-0,000194453;-0,00374000
Muster konservativ cVV;31.07.2019;0,0001423509;206,55;0,5412660681;532.125,29;0,001229814;-0,00375000
Muster konservativ cVV;01.08.2019;-0,0000947422;-137,49;0,5411389711;531.987,80;0,000123837;-0,00377000
Muster konservativ cVV;02.08.2019;0,0004374815;634,82;0,5417974786;532.622,63;-0,000029112;-0,00380000
Muster konservativ cVV;03.08.2019;0,0000410793;59,64;0,5418581417;532.682,26;0;-0,00380000
Muster konservativ cVV;04.08.2019;0,0000410776;59,64;0,5419188047;532.741,90;0;-0,00380000
Muster konservativ cVV;05.08.2019;-0,0002175915;-315,91;0,5416102050;532.425,99;0,000353713;-0,00384000
Muster konservativ cVV;06.08.2019;0,0004848209;703,73;0,5423388324;533.129,72;0,000893563;-0,00389000
Muster konservativ cVV;07.08.2019;0,0025792074;3.745,60;0,5461619719;536.875,32;0,002234475;-0,00390000
Muster konservativ cVV;08.08.2019;-0,0001890680;-275,28;0,5458947562;536.600,04;-0,000415168;-0,00398000
Muster konservativ cVV;09.08.2019;0,0004374171;636,75;0,5465553642;537.236,79;0,000500226;-0,00404000
Muster konservativ cVV;10.08.2019;0,0000409492;59,64;0,5466160343;537.296,42;0;-0,00404000
Muster konservativ cVV;11.08.2019;0,0000409475;59,64;0,5466767045;537.356,06;0;-0,00404000
Muster konservativ cVV;12.08.2019;0,0012305834;1.792,29;0,5485129499;539.148,35;0,000568049;-0,00400000
Muster konservativ cVV;13.08.2019;-0,0002764045;-403,07;0,5481157321;538.745,28;0,000007556;-0,00402000
Muster konservativ cVV;14.08.2019;0,0008694259;1.267,49;0,5494181364;540.012,77;0,000861605;-0,00406000
Muster konservativ cVV;15.08.2019;0,0012355472;1.802,80;0,5512652426;541.815,57;0,001238893;-0,00404000
Muster konservativ cVV;16.08.2019;-0,0010184031;-1.487,80;0,5497643551;540.327,77;-0,000563749;-0,00420000
Muster konservativ cVV;17.08.2019;0,0000408625;59,64;0,5498250324;540.387,41;0;-0,00420000
Muster konservativ cVV;18.08.2019;0,0000408608;59,64;0,5498857096;540.447,04;0;-0,00420000
Muster konservativ cVV;19.08.2019;-0,0014900714;-2.174,83;0,5476857025;538.272,22;-0,000084875;-0,00422000
Muster konservativ cVV;20.08.2019;0,0014610796;2.129,34;0,5498651223;540.401,55;0,001305528;-0,00421000
Muster konservativ cVV;21.08.2019;-0,0002245016;-327,66;0,5495445531;540.073,89;-0,000683718;-0,00423000
Muster konservativ cVV;22.08.2019;0,0009827564;1.434,01;0,5510165660;541.507,90;-0,001332908;-0,00418000
Muster konservativ cVV;23.08.2019;0,0003198625;464,87;0,5515039246;541.972,78;0,001333869;-0,00412000
Muster konservativ cVV;24.08.2019;0,0000410201;59,64;0,5515646091;542.032,41;0;-0,00412000
Muster konservativ cVV;25.08.2019;0,0000410184;59,64;0,5516252937;542.092,05;0;-0,00412000
Muster konservativ cVV;26.08.2019;0,0019680727;2.861,46;0,5545514641;544.953,51;-0,000273960;-0,00418000
Muster konservativ cVV;27.08.2019;0,0001819245;265,03;0,5548355481;545.218,53;0,000480956;-0,00418000
Muster konservativ cVV;28.08.2019;0,0001662285;242,21;0,5550964113;545.460,74;0,000272324;-0,00422000
Muster konservativ cVV;29.08.2019;-0,0001770129;-257,96;0,5548482610;545.202,78;0,000160672;-0,00428000
Muster konservativ cVV;30.08.2019;0,0005848735;852,19;0,5557299090;546.054,97;0,000520255;-0,00433000
Muster konservativ cVV;31.08.2019;0,0000409052;59,64;0,5557906014;546.114,60;0;-0,00433000
Muster konservativ cVV;01.09.2019;0,0000409035;59,64;0,5558512938;546.174,24;0;-0,00433000
Muster konservativ cVV;02.09.2019;-0,0010407381;-1.517,42;0,5543213254;544.656,82;-0,000082578;-0,00436000
Muster konservativ cVV;03.09.2019;0,0006248578;910,11;0,5552619320;545.566,93;-0,000322364;-0,00448000
Muster konservativ cVV;04.09.2019;-0,0012871828;-1.875,96;0,5533669278;543.690,97;-0,001475297;-0,00443000
Muster konservativ cVV;05.09.2019;-0,0026116475;-3.801,35;0,5495121051;539.889,62;-0,001999758;-0,00441000
Muster konservativ cVV;06.09.2019;0,0003830459;556,08;0,5500922846;540.445,70;0,000957794;-0,00437000
Muster konservativ cVV;07.09.2019;0,0000410632;59,64;0,5501529848;540.505,34;0;-0,00437000
Muster konservativ cVV;08.09.2019;0,0000410615;59,64;0,5502136850;540.564,97;0;-0,00437000
Muster konservativ cVV;09.09.2019;-0,0009801807;-1.423,63;0,5487787910;539.141,35;-0,001742731;-0,00433000
Muster konservativ cVV;10.09.2019;-0,0011047202;-1.602,94;0,5471612929;537.538,41;-0,000854319;-0,00435000
Muster konservativ cVV;11.09.2019;-0,0007296363;-1.057,52;0,5460988916;536.480,89;-0,000206897;-0,00430000
Muster konservativ cVV;12.09.2019;-0,0003191765;-462,27;0,5456423647;536.018,61;-0,001955808;-0,00433000
Muster konservativ cVV;13.09.2019;0,0014200487;2.056,04;0,5477493963;538.074,65;-0,002514675;-0,00400000
Muster konservativ cVV;14.09.2019;0,0000411303;59,64;0,5478101044;538.134,29;0;-0,00400000
Muster konservativ cVV;15.09.2019;0,0000411286;59,64;0,5478708124;538.193,92;0;-0,00400000
Muster konservativ cVV;16.09.2019;0,0003757823;544,90;0,5484395951;538.738,82;0,000694860;-0,00394000
Muster konservativ cVV;17.09.2019;-0,0001713254;-248,52;0,5482006675;538.490,30;-0,000879048;-0,00398000
Muster konservativ cVV;18.09.2019;-0,0007005710;-1.016,06;0,5471803147;537.474,24;0,000595557;-0,00396000
Muster konservativ cVV;19.09.2019;-0,0006771751;-981,44;0,5461951457;536.492,79;-0,000714102;-0,00396000
Muster konservativ cVV;20.09.2019;0,0007109670;1.029,72;0,5472575061;537.522,52;0,000251040;-0,00393000
Muster konservativ cVV;21.09.2019;0,0000411460;59,64;0,5473182220;537.582,15;0;-0,00393000
Muster konservativ cVV;22.09.2019;0,0000411443;59,64;0,5473789378;537.641,79;0;-0,00393000
Muster konservativ cVV;23.09.2019;0,0019963754;2.893,72;0,5503391550;540.535,51;0,002045872;-0,00400000
Muster konservativ cVV;24.09.2019;0,0002215833;321,82;0,5506809002;540.857,33;0,000208698;-0,00403000
Muster konservativ cVV;25.09.2019;-0,0013908847;-2.020,54;0,5486376797;538.836,79;-0,000622396;-0,00410000
Muster konservativ cVV;26.09.2019;-0,0003436560;-498,54;0,5481440760;538.338,25;0,000168326;-0,00413000
Muster konservativ cVV;27.09.2019;-0,0005556974;-805,86;0,5473375032;537.532,39;0,000337630;-0,00412000
Muster konservativ cVV;28.09.2019;0,0000411457;59,64;0,5473982268;537.592,03;0;-0,00412000
Muster konservativ cVV;29.09.2019;0,0000411440;59,64;0,5474589504;537.651,66;0;-0,00412000
Muster konservativ cVV;30.09.2019;-0,0016163300;-2.342,87;0,5450872492;535.308,79;0,000477103;-0,00418000
Muster konservativ cVV;01.10.2019;0,0012717164;1.840,37;0,5469751807;537.149,16;0,000239379;-0,00428000
Muster konservativ cVV;02.10.2019;0,0008314251;1.204,73;0,5482159143;538.353,90;-0,000813751;-0,00425000
Muster konservativ cVV;03.10.2019;0,0000411224;59,64;0,5482905987;538.413,53;0;-0,00425000
Muster konservativ cVV;04.10.2019;0,0004029054;584,32;0,5488995976;538.997,85;0,001182381;-0,00423000
Muster konservativ cVV;05.10.2019;0,0000411042;59,64;0,5489603289;539.057,49;0;-0,00423000
Muster konservativ cVV;06.10.2019;0,0000411025;59,64;0,5490210603;539.117,12;0;-0,00423000
Muster konservativ cVV;07.10.2019;-0,0001701050;-246,82;0,5487836593;538.870,31;-0,000404006;-0,00423000
Muster konservativ cVV;08.10.2019;0,0001099030;159,44;0,5489599750;539.029,74;0,000780699;-0,00417000
Muster konservativ cVV;09.10.2019;-0,0001279088;-185,58;0,5487849067;538.844,16;-0,001525038;-0,00418000
Muster konservativ cVV;10.10.2019;-0,0035321079;-5.124,00;0,5435801687;533.720,17;-0,002683811;-0,00418000
Muster konservativ cVV;11.10.2019;-0,0008452612;-1.221,88;0,5423494618;532.498,28;-0,000620647;-0,00418000
Muster konservativ cVV;12.10.2019;0,0000412852;59,63;0,5424101951;532.557,91;0;-0,00418000
Muster konservativ cVV;13.10.2019;0,0000412700;59,61;0,5424709085;532.617,52;0;-0,00418000
Muster konservativ cVV;14.10.2019;0,0009059126;1.308,56;0,5438174512;533.926,08;0,000052665;-0,00416000
Muster konservativ cVV;15.10.2019;-0,0008672339;-1.253,82;0,5425541343;532.672,26;-0,001439884;-0,00418000
Muster konservativ cVV;16.10.2019;0,0002394974;345,96;0,5429202453;533.018,22;-0,000550276;-0,00410000
Muster konservativ cVV;17.10.2019;-0,0007526525;-1.087,48;0,5418262587;531.930,74;-0,000200920;-0,00410000
Muster konservativ cVV;18.10.2019;-0,0009372851;-1.353,23;0,5404615065;530.577,51;-0,000233950;-0,00407000
Muster konservativ cVV;19.10.2019;0,0000413267;59,61;0,5405222276;530.637,12;0;-0,00407000
Muster konservativ cVV;20.10.2019;0,0000413249;59,61;0,5405829486;530.696,73;0;-0,00407000
Muster konservativ cVV;21.10.2019;-0,0005415374;-781,19;0,5398008320;529.915,54;-0,000996206;-0,00408000
Muster konservativ cVV;22.10.2019;0,0003391963;489,04;0,5403126264;530.404,58;0,000675912;-0,00404000
Muster konservativ cVV;23.10.2019;0,0013184417;1.901,52;0,5422633426;532.306,10;0,000490726;-0,00402000
Muster konservativ cVV;24.10.2019;0,0016443994;2.374,76;0,5446962520;534.680,86;0,000684121;-0,00404000
Muster konservativ cVV;25.10.2019;-0,0001034819;-149,69;0,5445574686;534.531,18;-0,000841116;-0,00413000
Muster konservativ cVV;26.10.2019;0,0000412137;59,61;0,5446181973;534.590,79;0;-0,00413000
Muster konservativ cVV;27.10.2019;0,0000412120;59,61;0,5446789261;534.650,40;0;-0,00413000
Muster konservativ cVV;28.10.2019;-0,0019234444;-2.782,26;0,5418581140;531.868,14;-0,001236139;-0,00409000
Muster konservativ cVV;29.10.2019;-0,0000198733;-28,69;0,5418425067;531.839,45;0,000173771;-0,00405000
Muster konservativ cVV;30.10.2019;0,0003262083;470,94;0,5423359330;532.310,39;-0,000158802;-0,00401000
Muster konservativ cVV;31.10.2019;0,0011277237;1.628,61;0,5440088756;533.939,00;0,001783267;-0,00394000
Muster konservativ cVV;01.11.2019;-0,0003796201;-548,85;0,5434633109;533.390,15;-0,000417727;-0,00399000
Muster konservativ cVV;02.11.2019;0,0000412462;59,61;0,5435240472;533.449,76;0;-0,00399000
Muster konservativ cVV;03.11.2019;0,0000412445;59,61;0,5435847835;533.509,37;0;-0,00399000
Muster konservativ cVV;04.11.2019;0,0008793738;1.271,01;0,5448934576;534.780,38;-0,000457621;-0,00398000
Muster konservativ cVV;05.11.2019;-0,0022037917;-3.188,07;0,5416586756;531.592,32;-0,000866093;-0,00403000
Muster konservativ cVV;06.11.2019;0,0006925380;999,64;0,5426908301;532.591,95;0,000001125;-0,00406000
Muster konservativ cVV;07.11.2019;-0,0023392400;-3.378,89;0,5392613645;529.213,06;-0,002646652;-0,00400000
Muster konservativ cVV;08.11.2019;0,0001149366;165,63;0,5394436288;529.378,69;0,000134668;-0,00395000
Muster konservativ cVV;09.11.2019;0,0000413610;59,61;0,5395043727;529.438,30;0;-0,00395000
Muster konservativ cVV;10.11.2019;0,0000413593;59,61;0,5395651167;529.497,91;0;-0,00395000
Muster konservativ cVV;11.11.2019;-0,0011517808;-1.660,11;0,5378868807;527.837,80;-0,000375021;-0,00394000
Muster konservativ cVV;12.11.2019;0,0004533760;652,72;0,5385654745;528.490,52;0,000160452;-0,00398000
Muster konservativ cVV;13.11.2019;0,0011336083;1.632,78;0,5402428610;530.123,30;0,001387231;-0,00402000
Muster konservativ cVV;14.11.2019;0,0003293345;474,89;0,5407403014;530.598,19;0,001310210;-0,00399000
Muster konservativ cVV;15.11.2019;-0,0010579698;-1.526,06;0,5391985049;529.072,13;-0,000524757;-0,00404000
Muster konservativ cVV;16.11.2019;0,0000413698;59,61;0,5392592565;529.131,74;0;-0,00404000
Muster konservativ cVV;17.11.2019;0,0000413681;59,61;0,5393200080;529.191,35;0;-0,00404000
Muster konservativ cVV;18.11.2019;-0,0001252565;-180,50;0,5391494804;529.010,85;-0,000187531;-0,00403000
Muster konservativ cVV;19.11.2019;-0,0000166244;-23,95;0,5391384851;528.986,89;-0,000079951;-0,00408000
Muster konservativ cVV;20.11.2019;-0,0003751837;-540,58;0,5386009284;528.446,32;0,000049222;-0,00406000
Muster konservativ cVV;21.11.2019;-0,0018389292;-2.648,60;0,5359147544;525.797,72;-0,001289048;-0,00408000
Muster konservativ cVV;22.11.2019;0,0006839566;983,29;0,5369302957;526.781,01;0,001174978;-0,00403000
Muster konservativ cVV;23.11.2019;0,0000414357;59,61;0,5369910548;526.840,62;0;-0,00403000
Muster konservativ cVV;24.11.2019;0,0000414340;59,61;0,5370518139;526.900,23;0;-0,00403000
Muster konservativ cVV;25.11.2019;0,0001659267;238,73;0,5373084753;527.138,95;-0,000104828;-0,00404000
Muster konservativ cVV;26.11.2019;0,0005781311;831,92;0,5381697949;527.970,88;0,000964805;-0,00399000
Muster konservativ cVV;27.11.2019;0,0005071814;730,25;0,5389275076;528.701,12;-0,000148407;-0,00400000
Muster konservativ cVV;28.11.2019;-0,0006661883;-959,68;0,5379625932;527.741,45;-0,000142749;-0,00397000
Muster konservativ cVV;29.11.2019;0,0007624038;1.097,55;0,5390947413;528.839,00;-0,000527690;-0,00401000
Muster konservativ cVV;30.11.2019;0,0000392918;56,61;0,5391524463;528.895,60;0;-0,00401000
Muster konservativ cVV;01.12.2019;0,0000392903;56,61;0,5392101512;528.952,21;0;-0,00401000
Muster konservativ cVV;02.12.2019;-0,0013554094;-1.952,87;0,5372326948;526.999,34;-0,002270487;-0,00400000
Muster konservativ cVV;03.12.2019;0,0019939872;2.869,04;0,5401707995;529.868,38;0,002817084;-0,00397000
Muster konservativ cVV;04.12.2019;0,0010786312;1.555,08;0,5417694971;531.423,46;-0,000535421;-0,00393000
Muster konservativ cVV;05.12.2019;-0,0012350941;-1.782,57;0,5399655470;529.640,88;-0,001037682;-0,00395000
Muster konservativ cVV;06.12.2019;-0,0001638590;-236,20;0,5397380560;529.404,68;-0,000150158;-0,00393000
Muster konservativ cVV;07.12.2019;0,0000392764;56,61;0,5397957681;529.461,29;0;-0,00393000
Muster konservativ cVV;08.12.2019;0,0000392749;56,61;0,5398534801;529.517,90;0;-0,00393000
Muster konservativ cVV;09.12.2019;0,0022182926;3.197,37;0,5431266471;532.715,27;0,001095121;-0,00392000
Muster konservativ cVV;10.12.2019;-0,0020198276;-2.917,77;0,5401651622;529.797,50;-0,000088028;-0,00393000
Muster konservativ cVV;11.12.2019;0,0019243989;2.774,30;0,5430071197;532.571,80;0,000722395;-0,00393000
Muster konservativ cVV;12.12.2019;-0,0010341826;-1.493,79;0,5414973787;531.078,01;-0,001845857;-0,00395000
Muster konservativ cVV;13.12.2019;0,0023639185;3.410,96;0,5449886549;534.488,96;0,000708333;-0,00400000
Muster konservativ cVV;14.12.2019;0,0000391383;56,61;0,5450463741;534.545,57;0;-0,00400000
Muster konservativ cVV;15.12.2019;0,0000391368;56,61;0,5451040932;534.602,18;0;-0,00400000
Muster konservativ cVV;16.12.2019;0,0011641841;1.683,93;0,5468345409;536.286,11;0,000302424;-0,00396000
Muster konservativ cVV;17.12.2019;-0,0002015428;-291,86;0,5465503580;535.994,25;0,000337560;-0,00400000
Muster konservativ cVV;18.12.2019;0,0002025548;293,27;0,5468628182;536.287,52;-0,001070341;-0,00403000
Muster konservativ cVV;19.12.2019;-0,0011043897;-1.599,30;0,5452453445;534.688,21;-0,000547752;-0,00398000
Muster konservativ cVV;20.12.2019;0,0003150612;455,75;0,5457234615;535.143,96;0,000521129;-0,00388000
Muster konservativ cVV;21.12.2019;0,0000391206;56,61;0,5457811878;535.200,57;0;-0,00388000
Muster konservativ cVV;22.12.2019;0,0000391191;56,61;0,5458389140;535.257,17;0;-0,00388000
Muster konservativ cVV;23.12.2019;0,0017087983;2.472,81;0,5483740365;537.729,98;-0,000205450;-0,00399000
Muster konservativ cVV;24.12.2019;0,0000390508;56,61;0,5484451840;537.786,59;0;-0,00398000
Muster konservativ cVV;25.12.2019;0,0000390493;56,61;0,5485163257;537.843,20;0;-0,00398000
Muster konservativ cVV;26.12.2019;0,0000390478;56,61;0,5485874615;537.899,80;0;-0,00398000
Muster konservativ cVV;27.12.2019;0,0002903522;420,94;0,5490301694;538.320,74;0,000188750;-0,00390000
Muster konservativ cVV;28.12.2019;0,0000390349;56,61;0,5490879027;538.377,35;0;-0,00390000
Muster konservativ cVV;29.12.2019;0,0000390334;56,61;0,5491456360;538.433,96;0;-0,00390000
Muster konservativ cVV;30.12.2019;-0,0014523646;-2.106,34;0,5470107442;536.327,62;-0,002446570;-0,00388000
Muster konservativ cVV;31.12.2019;0,0000390886;56,61;0,5470818205;536.384,23;0;-0,00383000
Muster konservativ cVV;01.01.2020;0,0000390871;56,61;0,5471528909;536.440,83;0;-0,00383000
Muster konservativ cVV;02.01.2020;0,0016652388;2.411,75;0,5496261812;538.852,58;0,001884643;-0,00379000
Muster konservativ cVV;03.01.2020;0,0031522482;4.572,97;0,5543040669;543.425,54;0,001824401;-0,00384000
Muster konservativ cVV;04.01.2020;0,0000388980;56,61;0,5543618072;543.482,15;0;-0,00384000
Muster konservativ cVV;05.01.2020;0,0000388965;56,61;0,5544195476;543.538,76;0;-0,00384000
Muster konservativ cVV;06.01.2020;0,0004130006;601,08;0,5550461547;544.139,83;0,000187217;-0,00385000
Muster konservativ cVV;07.01.2020;0,0005851187;851,93;0,5559286671;544.991,76;-0,000193362;-0,00387000
Muster konservativ cVV;08.01.2020;-0,0005504568;-801,93;0,5551241303;544.189,83;-0,001009843;-0,00390000
Muster konservativ cVV;09.01.2020;-0,0007529554;-1.096,33;0,5540192185;543.093,50;-0,001666521;-0,00393000
Muster konservativ cVV;10.01.2020;0,0006185113;899,90;0,5549506803;543.993,40;0,000401683;-0,00395000
Muster konservativ cVV;11.01.2020;0,0000388828;56,61;0,5550084277;544.050,00;0;-0,00395000
Muster konservativ cVV;12.01.2020;0,0000388813;56,61;0,5550661750;544.106,61;0;-0,00395000
Muster konservativ cVV;13.01.2020;-0,0004119972;-599,85;0,5544676840;543.506,76;-0,001079069;-0,00389000
Muster konservativ cVV;14.01.2020;-0,0005166516;-751,91;0,5537140223;542.754,85;0,000355627;-0,00391000
Muster konservativ cVV;15.01.2020;0,0000265909;38,68;0,5537668877;542.793,53;0,000952354;-0,00393000
Muster konservativ cVV;16.01.2020;-0,0000208786;-30,37;0,5537492986;542.763,16;0,000596130;-0,00393000
Muster konservativ cVV;17.01.2020;0,0017618023;2.562,27;0,5563769335;545.325,43;-0,000131554;-0,00391000
Muster konservativ cVV;18.01.2020;0,0000369668;53,86;0,5564318821;545.379,29;0;-0,00391000
Muster konservativ cVV;19.01.2020;0,0000369654;53,86;0,5564868308;545.433,14;0;-0,00391000
Muster konservativ cVV;20.01.2020;0,0002019424;294,23;0,5568005305;545.727,38;0,000162951;-0,00392000
Muster konservativ cVV;21.01.2020;-0,0002121816;-309,21;0,5564985294;545.418,16;0,001022016;-0,00392000
Muster konservativ cVV;22.01.2020;-0,0000863667;-125,84;0,5563836122;545.292,33;0,000358947;-0,00390000
Muster konservativ cVV;23.01.2020;0,0015943470;2.322,76;0,5587671453;547.615,09;0,001497485;-0,00386000
Muster konservativ cVV;24.01.2020;0,0008208291;1.197,75;0,5600028339;548.812,84;0,000626076;-0,00386000
Muster konservativ cVV;25.01.2020;0,0000387564;56,60;0,5600605876;548.869,44;0;-0,00386000
Muster konservativ cVV;26.01.2020;0,0000387549;56,60;0,5601183413;548.926,04;0;-0,00386000
Muster konservativ cVV;27.01.2020;0,0006748045;985,56;0,5611375574;549.911,60;0,001791798;-0,00398000
Muster konservativ cVV;28.01.2020;-0,0016106152;-2.353,90;0,5587490969;547.557,69;-0,000976466;-0,00401000
Muster konservativ cVV;29.01.2020;0,0007899692;1.152,68;0,5599388483;548.710,37;0,000680164;-0,00400000
Muster konservativ cVV;30.01.2020;0,0009128456;1.333,02;0,5613126886;550.043,39;0,001084095;-0,00398000
Muster konservativ cVV;31.01.2020;-0,0003520165;-514,52;0,5608011500;549.528,88;0,001192576;-0,00393000
Muster konservativ cVV;01.02.2020;0,0000387374;56,60;0,5608589107;549.585,48;0;-0,00393000
Muster konservativ cVV;02.02.2020;0,0000387359;56,60;0,5609166713;549.642,07;0;-0,00393000
Muster konservativ cVV;03.02.2020;0,0001414674;206,72;0,5611411456;549.848,79;-0,000358725;-0,00393000
Muster konservativ cVV;04.02.2020;-0,0013242064;-1.935,24;0,5591796270;547.913,55;-0,000675683;-0,00396000
Muster konservativ cVV;05.02.2020;0,0012425782;1.813,54;0,5610439522;549.727,09;-0,001045827;-0,00400000
Muster konservativ cVV;06.02.2020;0,0001980276;289,38;0,5613527856;550.016,47;-0,000360127;-0,00399000
Muster konservativ cVV;07.02.2020;0,0006279382;917,79;0,5623030060;550.934,27;0,000700776;-0,00400000
Muster konservativ cVV;08.02.2020;0,0000387002;56,60;0,5623607736;550.990,86;0;-0,00400000
Muster konservativ cVV;09.02.2020;0,0000386987;56,60;0,5624185412;551.047,46;0;-0,00400000
Muster konservativ cVV;10.02.2020;0,0010017919;1.465,25;0,5639275681;552.512,72;0,000617365;-0,00397000
Muster konservativ cVV;11.02.2020;-0,0006585460;-964,17;0,5629569825;551.548,54;-0,000405503;-0,00409000
Muster konservativ cVV;12.02.2020;0,0003874911;566,95;0,5635491728;552.115,49;-0,000319115;-0,00413000
Muster konservativ cVV;13.02.2020;0,0014520280;2.125,33;0,5657320726;554.240,82;0,000347627;-0,00411000
Muster konservativ cVV;14.02.2020;-0,0001950638;-285,71;0,5654542131;553.955,12;0,000643243;-0,00413000
Muster konservativ cVV;15.02.2020;0,0000256985;37,63;0,5654926269;553.992,75;0;-0,00413000
Muster konservativ cVV;16.02.2020;0,0000256979;37,63;0,5655310408;554.030,38;0;-0,00413000
Muster konservativ cVV;17.02.2020;-0,0000795096;-116,44;0,5654259441;553.913,94;0,000160448;-0,00413000
Muster konservativ cVV;18.02.2020;0,0005795092;848,60;0,5663059552;554.762,55;-0,000083383;-0,00403000
Muster konservativ cVV;19.02.2020;-0,0009282251;-1.360,03;0,5649313530;553.402,51;0,000285807;-0,00402000
Muster konservativ cVV;20.02.2020;0,0008026598;1.174,96;0,5661445425;554.577,48;0,000271886;-0,00410000
Muster konservativ cVV;21.02.2020;0,0003199624;468,75;0,5666368201;555.046,22;-0,000310685;-0,00415000
Muster konservativ cVV;22.02.2020;0,0000275162;40,32;0,5666779866;555.086,55;0;-0,00415000
Muster konservativ cVV;23.02.2020;0,0000275155;40,32;0,5667191531;555.126,87;0;-0,00415000
Muster konservativ cVV;24.02.2020;0,0011580855;1.697,24;0,5684656273;556.824,12;0,001157450;-0,00414000
Muster konservativ cVV;25.02.2020;-0,0033595320;-4.929,30;0,5634469277;551.894,82;0,000622891;-0,00417000
Muster konservativ cVV;26.02.2020;-0,0030121683;-4.404,78;0,5589634876;547.490,04;-0,000684837;-0,00423000
Muster konservativ cVV;27.02.2020;-0,0013102136;-1.910,19;0,5570267484;545.579,85;0,000862503;-0,00425000
Muster konservativ cVV;28.02.2020;-0,0071958861;-10.477,31;0,5463428305;535.102,54;-0,000142348;-0,00424000
Muster konservativ cVV;29.02.2020;0,0000278958;40,32;0,5463840020;535.142,86;0;-0,00424000
Muster konservativ cVV;01.03.2020;0,0000278951;40,32;0,5464251735;535.183,19;0;-0,00424000
Muster konservativ cVV;02.03.2020;-0,0014174071;-2.049,03;0,5443462632;533.134,16;0,001127898;-0,00434000
Muster konservativ cVV;03.03.2020;0,0036507203;5.270,06;0,5497404384;538.404,22;0,000174613;-0,00463000
Muster konservativ cVV;04.03.2020;0,0020358913;2.949,68;0,5527655655;541.353,90;0,001197078;-0,00468000
Muster konservativ cVV;05.03.2020;-0,0008783527;-1.275,18;0,5514768081;540.078,72;0,001135226;-0,00469000
Muster konservativ cVV;06.03.2020;-0,0033009753;-4.788,11;0,5466008303;535.290,61;-0,000993946;-0,00473000
Muster konservativ cVV;07.03.2020;0,0000278922;40,32;0,5466420068;535.330,94;0;-0,00473000
Muster konservativ cVV;08.03.2020;0,0000278914;40,32;0,5466831833;535.371,26;0;-0,00473000
Muster konservativ cVV;09.03.2020;-0,0126623614;-18.307,30;0,5280017830;517.063,96;-0,000123139;-0,00468000
Muster konservativ cVV;10.03.2020;-0,0080420684;-11.480,03;0,5162913351;505.583,92;-0,001915754;-0,00482000
Muster konservativ cVV;11.03.2020;-0,0012845178;-1.818,90;0,5144462927;503.765,02;-0,001514279;-0,00473000
Muster konservativ cVV;12.03.2020;-0,0176111228;-24.905,63;0,4890243537;478.859,40;-0,004795200;-0,00489000
Muster konservativ cVV;13.03.2020;-0,0062151046;-8.634,60;0,4802180011;470.224,80;-0,005371216;-0,00428000
Muster konservativ cVV;14.03.2020;0,0000324991;44,87;0,4802638249;470.269,67;0;-0,00428000
Muster konservativ cVV;15.03.2020;0,0000324981;44,87;0,4803096487;470.314,54;0;-0,00428000
Muster konservativ cVV;16.03.2020;-0,0291818503;-40.292,79;0,4391711060;430.021,75;-0,008142171;-0,00410000
Muster konservativ cVV;17.03.2020;-0,0191666423;-25.692,03;0,4129423497;404.329,72;-0,005129383;-0,00408000
Muster konservativ cVV;18.03.2020;-0,0204644743;-26.905,94;0,3854725288;377.423,78;-0,013808537;-0,00408000
Muster konservativ cVV;19.03.2020;-0,0088750503;-11.429,80;0,3738079417;365.993,98;-0,005442284;-0,00393000
Muster konservativ cVV;20.03.2020;0,0118246167;15.088,90;0,3892283637;381.082,88;0,005480229;-0,00371000
Muster konservativ cVV;21.03.2020;0,0000317896;41,05;0,3892702861;381.123,92;0;-0,00371000
Muster konservativ cVV;22.03.2020;0,0000317886;41,05;0,3893122085;381.164,97;0;-0,00371000
Muster konservativ cVV;23.03.2020;0,0003728533;481,44;0,3898133186;381.646,41;-0,000397538;-0,00369000
Muster konservativ cVV;24.03.2020;0,0142638431;18.424,76;0,4086421807;400.071,17;-0,003210684;-0,00373000
Muster konservativ cVV;25.03.2020;0,0136601072;17.896,59;0,4269324452;417.967,76;-0,001299085;-0,00369000
Muster konservativ cVV;26.03.2020;0,0054079929;7.181,99;0,4342789049;425.149,75;0,004738045;-0,00349000
Muster konservativ cVV;27.03.2020;0,0064183940;8.569,93;0,4430434894;433.719,68;0,004785954;-0,00353000
Muster konservativ cVV;28.03.2020;0,0000333987;44,88;0,4430893349;433.764,56;0;-0,00353000
Muster konservativ cVV;29.03.2020;0,0000333976;44,88;0,4431351804;433.809,44;0;-0,00353000
Muster konservativ cVV;30.03.2020;-0,0011359077;-1.526,47;0,4415864934;432.282,97;0,002200447;-0,00353000
Muster konservativ cVV;31.03.2020;0,0009563041;1.283,65;0,4429083953;433.566,62;-0,001001427;-0,00363000
Muster konservativ cVV;01.04.2020;-0,0024864011;-3.340,70;0,4395062463;430.225,92;-0,000888394;-0,00343000
Muster konservativ cVV;02.04.2020;0,0029290518;3.925,66;0,4435272082;434.151,58;-0,001273041;-0,00336000
Muster konservativ cVV;03.04.2020;-0,0031292592;-4.204,88;0,4392420994;429.946,70;0,000197807;-0,00341000
Muster konservativ cVV;04.04.2020;0,0000284464;38,10;0,4392810279;429.984,80;0;-0,00341000
Muster konservativ cVV;05.04.2020;0,0000284456;38,10;0,4393199565;430.022,91;0;-0,00341000
Muster konservativ cVV;06.04.2020;0,0024987469;3.347,33;0,4427503131;433.370,23;0,000597329;-0,00318000
Muster konservativ cVV;07.04.2020;0,0040759109;5.472,24;0,4483518419;438.842,47;-0,001501096;-0,00293000
Muster konservativ cVV;08.04.2020;0,0014128836;1.904,64;0,4503086408;440.747,12;0,001241118;-0,00254000
Muster konservativ cVV;09.04.2020;0,0081012836;10.936,39;0,4614934333;451.683,51;0,004688861;-0,00220000
Muster konservativ cVV;10.04.2020;0,0000313896;42,72;0,4615482206;451.726,23;0;-0,00220000
Muster konservativ cVV;11.04.2020;0,0000313886;42,72;0,4615918673;451.768,94;0;-0,00220000
Muster konservativ cVV;12.04.2020;0,0000313877;42,72;0,4616355141;451.811,66;0;-0,00220000
Muster konservativ cVV;13.04.2020;0,0000313867;42,72;0,4616902986;451.854,38;0;-0,00220000
Muster konservativ cVV;14.04.2020;0,0101682242;13.839,62;0,4758426453;465.694,00;0,004400593;-0,00248000
Muster konservativ cVV;15.04.2020;0,0009104361;1.251,76;0,4771331825;466.945,76;0,002617464;-0,00250000
Muster konservativ cVV;16.04.2020;0,0044195393;6.081,98;0,4833594894;473.027,74;-0,000960183;-0,00224000
Muster konservativ cVV;17.04.2020;-0,0004058468;-560,98;0,4827978760;472.466,76;0,000565898;-0,00243000
Muster konservativ cVV;18.04.2020;0,0000309175;42,72;0,4828415280;472.509,48;0;-0,00243000
Muster konservativ cVV;19.04.2020;0,0000309165;42,72;0,4828851801;472.552,20;0;-0,00243000
Muster konservativ cVV;20.04.2020;-0,0032075486;-4.432,07;0,4783676971;468.120,12;-0,001579737;-0,00246000
Muster konservativ cVV;21.04.2020;-0,0003500016;-482,07;0,4778865593;467.638,06;0,000357903;-0,00233000
Muster konservativ cVV;22.04.2020;0,0052836547;7.274,79;0,4853324382;474.912,85;-0,001687532;-0,00190000
Muster konservativ cVV;23.04.2020;0,0082032504;11.354,31;0,4969477904;486.267,16;0,001416766;-0,00161000
Muster konservativ cVV;24.04.2020;0,0021689722;3.026,75;0,5000530168;489.293,92;0,002268128;-0,00192000
Muster konservativ cVV;25.04.2020;0,0000305455;42,72;0,5000966741;489.336,63;0;-0,00192000
Muster konservativ cVV;26.04.2020;0,0000305445;42,72;0,5001403314;489.379,35;0;-0,00192000
Muster konservativ cVV;27.04.2020;0,0022277098;3.115,65;0,5033365577;492.495,01;-0,000041676;-0,00223000
Muster konservativ cVV;28.04.2020;-0,0000469015;-65,74;0,5032814224;492.429,26;0,001592307;-0,00232000
Muster konservativ cVV;29.04.2020;0,0034461208;4.829,46;0,5082295202;497.258,73;0,000809543;-0,00261000
Muster konservativ cVV;30.04.2020;0,0013662577;1.920,93;0,5102051226;499.179,66;0,003569408;-0,00273000
Muster konservativ cVV;01.05.2020;0,0000283621;39,93;0,5102582189;499.219,59;0;-0,00273000
Muster konservativ cVV;02.05.2020;0,0000283613;39,93;0,5102990330;499.259,52;0;-0,00273000
Muster konservativ cVV;03.05.2020;0,0000303453;42,73;0,5103427033;499.302,25;0;-0,00273000
Muster konservativ cVV;04.05.2020;-0,0012854428;-1.809,93;0,5085049812;497.492,31;-0,001323344;-0,00286000
Muster konservativ cVV;05.05.2020;-0,0000458567;-64,48;0,5084512932;497.427,83;0,001563063;-0,00297000
Muster konservativ cVV;06.05.2020;-0,0029479468;-4.145,25;0,5042262904;493.282,57;-0,002929675;-0,00266000
Muster konservativ cVV;07.05.2020;-0,0021228923;-2.976,30;0,5011959890;490.306,27;0,000812486;-0,00258000
Muster konservativ cVV;08.05.2020;0,0024922198;3.486,69;0,5047722257;493.792,95;0,000439604;-0,00246000
Muster konservativ cVV;09.05.2020;0,0000304636;42,73;0,5048159013;493.835,68;0;-0,00246000
Muster konservativ cVV;10.05.2020;0,0000304626;42,73;0,5048595769;493.878,40;0;-0,00246000
Muster konservativ cVV;11.05.2020;-0,0043546652;-6.107,85;0,4986278734;487.770,55;-0,000945455;-0,00258000
Muster konservativ cVV;12.05.2020;0,0003422973;478,02;0,4991284899;488.248,57;-0,001232032;-0,00245000
Muster konservativ cVV;13.05.2020;-0,0009639749;-1.346,64;0,4977637577;486.901,92;0,000315023;-0,00253000
Muster konservativ cVV;14.05.2020;-0,0033615109;-4.691,40;0,4929794952;482.210,52;-0,000997875;-0,00262000
Muster konservativ cVV;15.05.2020;-0,0009178983;-1.276,73;0,4916860075;480.933,78;-0,000056735;-0,00266000
Muster konservativ cVV;16.05.2020;0,0000307455;42,73;0,4917296883;480.976,51;0;-0,00266000
Muster konservativ cVV;17.05.2020;0,0000307445;42,73;0,4917733691;481.019,23;0;-0,00266000
Muster konservativ cVV;18.05.2020;-0,0009909647;-1.377,18;0,4903771155;479.642,05;-0,001380728;-0,00276000
Muster konservativ cVV;19.05.2020;0,0029157382;4.048,11;0,4945276354;483.690,16;-0,000820535;-0,00259000
Muster konservativ cVV;20.05.2020;0,0015526479;2.161,93;0,4967498582;485.852,08;0,000696742;-0,00280000
Muster konservativ cVV;21.05.2020;-0,0001785523;-249,00;0,4965071124;485.603,08;0,002177171;-0,00282000
Muster konservativ cVV;22.05.2020;0,0036183357;5.045,14;0,5016774941;490.648,21;-0,000188852;-0,00279000
Muster konservativ cVV;23.05.2020;0,0000305320;42,73;0,5017211801;490.690,94;0;-0,00279000
Muster konservativ cVV;24.05.2020;0,0000305311;42,73;0,5017648662;490.733,66;0;-0,00279000
Muster konservativ cVV;25.05.2020;0,0012003423;1.679,83;0,5034944475;492.413,49;0,000089211;-0,00275000
Muster konservativ cVV;26.05.2020;0,0009250681;1.296,15;0,5048317798;493.709,63;-0,001133393;-0,00274000
Muster konservativ cVV;27.05.2020;0,0026359389;3.696,72;0,5086238836;497.406,36;0,000762912;-0,00280000
Muster konservativ cVV;28.05.2020;-0,0005341564;-751,09;0,5078679282;496.655,27;0,001161970;-0,00290000
Muster konservativ cVV;29.05.2020;0,0036519562;5.132,38;0,5131283669;501.787,64;0,000949687;-0,00307000
Muster konservativ cVV;30.05.2020;0,0000302909;42,73;0,5131720582;501.830,37;0;-0,00307000
Muster konservativ cVV;31.05.2020;0,0000302900;42,73;0,5132157494;501.873,09;0;-0,00307000
Muster konservativ cVV;01.06.2020;0,0000302891;42,73;0,5132716289;501.915,82;0;-0,00325000
Muster konservativ cVV;02.06.2020;-0,0001650023;-232,76;0,5130457795;501.683,06;0,000139908;-0,00330000
Muster konservativ cVV;03.06.2020;0,0012963693;1.828,41;0,5149278089;503.511,47;-0,000502442;-0,00342000
Muster konservativ cVV;04.06.2020;0,0034717335;4.902,90;0,5199541951;508.414,36;0,001073387;-0,00352000
Muster konservativ cVV;05.06.2020;0,0037375374;5.296,60;0,5253834590;513.710,96;0,001206347;-0,00353000
Muster konservativ cVV;06.06.2020;0,0000300370;42,73;0,5254271554;513.753,69;0;-0,00353000
Muster konservativ cVV;07.06.2020;0,0000300361;42,73;0,5254708518;513.796,41;0;-0,00353000
Muster konservativ cVV;08.06.2020;0,0033709498;4.795,24;0,5303876005;518.591,65;0,002534488;-0,00365000
Muster konservativ cVV;09.06.2020;-0,0015524119;-2.215,78;0,5281339144;516.375,87;-0,001161648;-0,00364000
Muster konservativ cVV;10.06.2020;-0,0030659192;-4.369,23;0,5236775704;512.006,64;-0,000428524;-0,00351000
Muster konservativ cVV;11.06.2020;-0,0001717136;-243,96;0,5234404167;511.762,68;0,001666212;-0,00358000
Muster konservativ cVV;12.06.2020;0,0018473469;2.624,13;0,5261368447;514.386,81;0,000842735;-0,00366000
Muster konservativ cVV;13.06.2020;0,0000300227;42,73;0,5261805463;514.429,53;0;-0,00366000
Muster konservativ cVV;14.06.2020;0,0000300218;42,73;0,5262242479;514.472,26;0;-0,00366000
Muster konservativ cVV;15.06.2020;-0,0030568728;-4.349,29;0,5217879866;510.122,97;-0,000565703;-0,00355000
Muster konservativ cVV;16.06.2020;0,0053886234;7.643,45;0,5296187832;517.766,42;0,001594897;-0,00372000
Muster konservativ cVV;17.06.2020;0,0009257892;1.320,26;0,5309818451;519.086,67;-0,000086110;-0,00396000
Muster konservativ cVV;18.06.2020;-0,0029919841;-4.270,78;0,5266256739;514.815,90;-0,000826575;-0,00389000
Muster konservativ cVV;19.06.2020;0,0019625798;2.793,02;0,5294952953;517.608,91;0,000356084;-0,00407000
Muster konservativ cVV;20.06.2020;0,0000299714;42,74;0,5295390137;517.651,65;0;-0,00407000
Muster konservativ cVV;21.06.2020;0,0000299705;42,74;0,5295827321;517.694,39;0;-0,00407000
Muster konservativ cVV;22.06.2020;-0,0013031169;-1.858,26;0,5276942783;515.836,12;0,000982350;-0,00400000
Muster konservativ cVV;23.06.2020;0,0010411270;1.482,73;0,5292236010;517.318,85;-0,001075204;-0,00409000
Muster konservativ cVV;24.06.2020;0,0004042449;576,31;0,5298256869;517.895,16;0,000533210;-0,00398000
Muster konservativ cVV;25.06.2020;-0,0003771893;-537,95;0,5292878372;517.357,21;0,001051332;-0,00402000
Muster konservativ cVV;26.06.2020;-0,0016855243;-2.403,01;0,5268418392;514.954,19;0,000112805;-0,00403000
Muster konservativ cVV;27.06.2020;0,0000300273;42,74;0,5268855627;514.996,93;0;-0,00403000
Muster konservativ cVV;28.06.2020;0,0000300264;42,74;0,5269292863;515.039,67;0;-0,00403000
Muster konservativ cVV;29.06.2020;0,0016624529;2.366,22;0,5293626142;517.405,88;-0,000356380;-0,00413000
Muster konservativ cVV;30.06.2020;0,0008839808;1.260,29;0,5306645350;518.666,17;0,000022011;-0,00422000
Muster konservativ cVV;01.07.2020;-0,0035022842;-4.997,60;0,5255637034;513.668,57;-0,002587156;-0,00417000
Muster konservativ cVV;02.07.2020;0,0049577052;7.049,65;0,5327891443;520.718,21;0,002163741;-0,00429000
Muster konservativ cVV;03.07.2020;0,0002286473;326,68;0,5331359879;521.044,90;0,000441231;-0,00435000
Muster konservativ cVV;04.07.2020;0,0000280913;40,14;0,5331770643;521.085,04;0;-0,00435000
Muster konservativ cVV;05.07.2020;0,0000280905;40,14;0,5332181407;521.125,19;0;-0,00435000
Muster konservativ cVV;06.07.2020;0,0012718023;1.817,61;0,5350905607;522.942,80;0,000225268;-0,00441000
Muster konservativ cVV;07.07.2020;0,0006639387;950,08;0,5360753573;523.892,88;-0,000622094;-0,00436000
Muster konservativ cVV;08.07.2020;0,0011958280;1.712,34;0,5378401957;525.605,23;0,000285453;-0,00433000
Muster konservativ cVV;09.07.2020;0,0002726369;390,86;0,5382528360;525.996,09;0,000918103;-0,00438000
Muster konservativ cVV;10.07.2020;0,0000318585;45,69;0,5383122575;526.041,78;0,000391727;-0,00440000
Muster konservativ cVV;11.07.2020;0,0000305918;43,87;0,5383571520;526.085,65;0;-0,00440000
Muster konservativ cVV;12.07.2020;0,0000305909;43,87;0,5384020465;526.129,52;0;-0,00440000
Muster konservativ cVV;13.07.2020;-0,0004762647;-683,04;0,5377157185;525.446,48;-0,002150753;-0,00435000
Muster konservativ cVV;14.07.2020;0,0012973562;1.859,74;0,5396315704;527.306,22;0,001053007;-0,00433000
Muster konservativ cVV;15.07.2020;0,0020804203;2.986,12;0,5427002392;530.292,34;0,000816575;-0,00443000
Muster konservativ cVV;16.07.2020;0,0005944014;854,95;0,5435879517;531.147,29;0,001351103;-0,00449000
Muster konservativ cVV;17.07.2020;0,0004878494;702,11;0,5443192739;531.849,39;-0,000433787;-0,00443000
Muster konservativ cVV;18.07.2020;0,0000304684;43,87;0,5443641737;531.893,26;0;-0,00443000
Muster konservativ cVV;19.07.2020;0,0000304675;43,87;0,5444090735;531.937,13;0;-0,00443000
Muster konservativ cVV;20.07.2020;0,0018205485;2.621,55;0,5471049134;534.558,68;0,000651253;-0,00443000
Muster konservativ cVV;21.07.2020;0,0033995178;4.904,14;0,5521370889;539.462,82;0,000890836;-0,00452000
Muster konservativ cVV;22.07.2020;0,0025626402;3.709,43;0,5559466842;543.172,24;0,001721699;-0,00454000
Muster konservativ cVV;23.07.2020;0,0010077969;1.462,53;0,5574566523;544.634,77;-0,000527063;-0,00453000
Muster konservativ cVV;24.07.2020;0,0000018044;2,62;0,5574723731;544.637,39;-0,001514164;-0,00448000
Muster konservativ cVV;25.07.2020;0,0000302002;43,87;0,5575172782;544.681,26;0;-0,00448000
Muster konservativ cVV;26.07.2020;0,0000301993;43,87;0,5575621832;544.725,13;0;-0,00448000
Muster konservativ cVV;27.07.2020;0,0013192343;1.916,54;0,5595369626;546.641,67;0,001724504;-0,00457000
Muster konservativ cVV;28.07.2020;0,0022696847;3.301,67;0,5629296639;549.943,33;0,001065623;-0,00454000
Muster konservativ cVV;29.07.2020;-0,0010616411;-1.547,85;0,5613583628;548.395,48;-0,000513271;-0,00458000
Muster konservativ cVV;30.07.2020;-0,0007419344;-1.080,58;0,5602653113;547.314,90;0,001262559;-0,00461000
Muster konservativ cVV;31.07.2020;0,0001685715;245,33;0,5605295151;547.560,23;-0,000219069;-0,00463000
Muster konservativ cVV;01.08.2020;0,0000301396;43,87;0,5605744253;547.604,10;0;-0,00463000
Muster konservativ cVV;02.08.2020;0,0000301387;43,87;0,5606193356;547.647,97;0;-0,00463000
Muster konservativ cVV;03.08.2020;0,0000876261;127,56;0,5607629778;547.775,53;-0,000711490;-0,00469000
Muster konservativ cVV;04.08.2020;0,0020612250;3.000,76;0,5638480135;550.776,29;0,001263299;-0,00472000
Muster konservativ cVV;05.08.2020;0,0009860167;1.438,42;0,5653337225;552.214,71;-0,001339975;-0,00467000
Muster konservativ cVV;06.08.2020;0,0015096769;2.204,51;0,5676038052;554.419,22;0,001374526;-0,00474000
Muster konservativ cVV;07.08.2020;-0,0012883239;-1.883,85;0,5656883390;552.535,37;-0,000729803;-0,00478000
Muster konservativ cVV;08.08.2020;0,0000285678;41,72;0,5657310516;552.577,09;0;-0,00478000
Muster konservativ cVV;09.08.2020;0,0000300444;43,88;0,5657759732;552.620,96;0;-0,00478000
Muster konservativ cVV;10.08.2020;0,0023706610;3.462,24;0,5693338901;556.083,20;0,001189256;-0,00478000
Muster konservativ cVV;11.08.2020;-0,0052519962;-7.688,47;0,5614752824;548.394,73;-0,001078892;-0,00482000
Muster konservativ cVV;12.08.2020;-0,0002725559;-396,90;0,5610819656;547.997,83;-0,000701019;-0,00486000
Muster konservativ cVV;13.08.2020;-0,0000254068;-36,99;0,5610571390;547.960,84;-0,001424853;-0,00481000
Muster konservativ cVV;14.08.2020;-0,0008025892;-1.168,40;0,5598738197;546.792,43;0,000248771;-0,00482000
Muster konservativ cVV;15.08.2020;0,0000301639;43,88;0,5599187465;546.836,31;0;-0,00482000
Muster konservativ cVV;16.08.2020;0,0000301629;43,88;0,5599636733;546.880,19;0;-0,00482000
Muster konservativ cVV;17.08.2020;0,0017430447;2.535,63;0,5625730254;549.415,82;0,001032462;-0,00480000
Muster konservativ cVV;18.08.2020;0,0004185235;609,89;0,5632105924;550.025,71;0,000562300;-0,00483000
Muster konservativ cVV;19.08.2020;-0,0013317719;-1.941,53;0,5612355336;548.084,17;0,000617301;-0,00488000
Muster konservativ cVV;20.08.2020;0,0008193828;1.192,95;0,5624701465;549.277,13;0,000658861;-0,00491000
Muster konservativ cVV;21.08.2020;0,0004681924;682,21;0,5631817834;549.959,33;0,000377948;-0,00487000
Muster konservativ cVV;22.08.2020;0,0000300983;43,88;0,5632267153;550.003,21;0;-0,00487000
Muster konservativ cVV;23.08.2020;0,0000300974;43,88;0,5632716473;550.047,09;0;-0,00487000
Muster konservativ cVV;24.08.2020;-0,0001706233;-248,75;0,5630299510;549.798,34;-0,000210659;-0,00488000
Muster konservativ cVV;25.08.2020;-0,0030096007;-4.386,88;0,5585504123;545.411,46;-0,002270934;-0,00481000
Muster konservativ cVV;26.08.2020;0,0007044674;1.023,76;0,5596117734;546.435,22;-0,000617339;-0,00476000
Muster konservativ cVV;27.08.2020;-0,0009843849;-1.431,56;0,5581585902;545.003,66;0,000028375;-0,00477000
Muster konservativ cVV;28.08.2020;0,0026693722;3.878,16;0,5621433342;548.881,82;0,000553234;-0,00477000
Muster konservativ cVV;29.08.2020;0,0000301206;43,88;0,5621882714;548.925,70;0;-0,00477000
Muster konservativ cVV;30.08.2020;0,0000301197;43,88;0,5622332085;548.969,57;0;-0,00477000
Muster konservativ cVV;31.08.2020;-0,0004528299;-659,68;0,5615705442;548.309,89;-0,000438066;-0,00477000
Muster konservativ cVV;01.09.2020;-0,0002918178;-424,93;0,5611482788;547.884,96;0,000735081;-0,00478000
Muster konservativ cVV;02.09.2020;0,0030716910;4.470,85;0,5657404398;552.355,81;0,002317786;-0,00478000
Muster konservativ cVV;03.09.2020;-0,0012640770;-1.845,52;0,5638632276;550.510,30;0,000968936;-0,00480000
Muster konservativ cVV;04.09.2020;0,0000510059;74,37;0,5639524245;550.584,67;-0,000852959;-0,00483000
Muster konservativ cVV;05.09.2020;0,0000300940;43,88;0,5639973731;550.628,55;0;-0,00483000
Muster konservativ cVV;06.09.2020;0,0000300931;43,88;0,5640423217;550.672,43;0;-0,00483000
Muster konservativ cVV;07.09.2020;0,0011960405;1.744,17;0,5658418971;552.416,61;-0,000330206;-0,00487000
Muster konservativ cVV;08.09.2020;-0,0014971484;-2.185,89;0,5636158826;550.230,72;0,000739285;-0,00488000
Muster konservativ cVV;09.09.2020;0,0009561172;1.393,87;0,5650566843;551.624,59;-0,001382898;-0,00493000
Muster konservativ cVV;10.09.2020;-0,0000570892;-83,31;0,5649843595;551.541,29;-0,001662978;-0,00488000
Muster konservativ cVV;11.09.2020;0,0008792248;1.282,93;0,5663115903;552.824,22;0,002062415;-0,00484000
Muster konservativ cVV;12.09.2020;0,0000300479;43,88;0,5663565441;552.868,10;0;-0,00484000
Muster konservativ cVV;13.09.2020;0,0000300470;43,88;0,5664014978;552.911,98;0;-0,00484000
Muster konservativ cVV;14.09.2020;0,0010459965;1.527,71;0,5679795409;554.439,69;0,000247243;-0,00484000
Muster konservativ cVV;15.09.2020;-0,0074261467;-10.857,45;0,5568697462;543.582,24;-0,000046377;-0,00485000
Muster konservativ cVV;16.09.2020;-0,0172515642;-25.035,46;0,5312345182;518.546,79;-0,000228738;-0,00487000
Muster konservativ cVV;17.09.2020;-0,0008354636;-1.191,51;0,5300260238;517.355,28;0,000937003;-0,00501000
Muster konservativ cVV;18.09.2020;0,0002014896;287,12;0,5303323394;517.642,40;-0,000182016;-0,00504000
Muster konservativ cVV;19.09.2020;0,0000293470;41,83;0,5303751919;517.684,22;0;-0,00504000
Muster konservativ cVV;20.09.2020;0,0000293462;41,83;0,5304180444;517.726,05;0;-0,00504000
Muster konservativ cVV;21.09.2020;-0,0024252358;-3.456,79;0,5268885885;514.269,26;0,001157660;-0,00508000
Muster konservativ cVV;22.09.2020;0,0002545472;361,94;0,5272714880;514.631,20;-0,001039013;-0,00508000
Muster konservativ cVV;23.09.2020;-0,0013273372;-1.887,80;0,5253493465;512.743,39;-0,000259147;-0,00498000
Muster konservativ cVV;24.09.2020;-0,0015010754;-2.132,07;0,5231768332;510.611,32;-0,000267108;-0,00493000
Muster konservativ cVV;25.09.2020;0,0005402178;766,15;0,5239738221;511.377,48;0,000111132;-0,00498000
Muster konservativ cVV;26.09.2020;0,0000294766;41,83;0,5240166796;511.419,30;0;-0,00498000
Muster konservativ cVV;27.09.2020;0,0000294757;41,83;0,5240595370;511.461,13;0;-0,00498000
Muster konservativ cVV;28.09.2020;0,0006899882;979,15;0,5250748030;512.440,28;0,000137128;-0,00493000
Muster konservativ cVV;29.09.2020;0,0004636764;658,43;0,5257614831;513.098,71;0,000658134;-0,00494000
Muster konservativ cVV;30.09.2020;0,0005399207;767,06;0,5265594942;513.865,77;-0,000512678;-0,00498000
Muster konservativ cVV;01.10.2020;0,0017714473;2.518,02;0,5291517953;516.383,79;0,000495702;-0,00498000
Muster konservativ cVV;02.10.2020;0,0003381864;481,57;0,5296573495;516.865,36;0,000505819;-0,00505000
Muster konservativ cVV;03.10.2020;0,0000293637;41,83;0,5297002118;516.907,18;0;-0,00505000
Muster konservativ cVV;04.10.2020;0,0000293629;41,83;0,5297430741;516.949,01;0;-0,00505000
Muster konservativ cVV;05.10.2020;0,0010574559;1.506,38;0,5312988468;518.455,39;-0,000330956;-0,00509000
Muster konservativ cVV;06.10.2020;0,0010931927;1.558,94;0,5329085407;520.014,33;0,000273185;-0,00505000
Muster konservativ cVV;07.10.2020;-0,0008476989;-1.210,17;0,5316804637;518.804,15;-0,000282230;-0,00508000
Muster konservativ cVV;08.10.2020;0,0018537412;2.644,15;0,5344024019;521.448,31;0,001076759;-0,00506000
Muster konservativ cVV;09.10.2020;0,0011335177;1.619,83;0,5360746645;523.068,14;0,000722721;-0,00509000
Muster konservativ cVV;10.10.2020;0,0000292364;41,83;0,5361175317;523.109,97;0;-0,00509000
Muster konservativ cVV;11.10.2020;0,0000292356;41,83;0,5361603989;523.151,79;0;-0,00509000
Muster konservativ cVV;12.10.2020;0,0017793700;2.545,81;0,5387817532;525.697,60;0,000507437;-0,00511000
Muster konservativ cVV;13.10.2020;-0,0008343369;-1.195,84;0,5375683572;524.501,76;0,000568677;-0,00508000
Muster konservativ cVV;14.10.2020;0,0015819306;2.265,46;0,5399025079;526.767,22;0,000641879;-0,00511000
Muster konservativ cVV;15.10.2020;-0,0016883591;-2.421,70;0,5374326101;524.345,52;0,000911223;-0,00507000
Muster konservativ cVV;16.10.2020;0,0011157693;1.597,70;0,5390824084;525.943,23;0,000523437;-0,00509000
Muster konservativ cVV;17.10.2020;0,0000291778;41,83;0,5391252804;525.985,05;0;-0,00509000
Muster konservativ cVV;18.10.2020;0,0000291769;41,83;0,5391681525;526.026,88;0;-0,00509000
Muster konservativ cVV;19.10.2020;-0,0002892572;-414,68;0,5387553140;525.612,20;0,000441712;-0,00509000
Muster konservativ cVV;20.10.2020;-0,0005913095;-847,46;0,5378988366;524.764,74;-0,000484087;-0,00507000
Muster konservativ cVV;21.10.2020;0,0004394841;629,49;0,5385562700;525.394,23;-0,000136272;-0,00507000
Muster konservativ cVV;22.10.2020;-0,0018829606;-2.698,24;0,5358025466;522.695,99;-0,001153048;-0,00511000
Muster konservativ cVV;23.10.2020;0,0001133352;162,10;0,5359808226;522.858,09;0,000013946;-0,00512000
Muster konservativ cVV;24.10.2020;0,0000292407;41,83;0,5360236995;522.899,92;0;-0,00512000
Muster konservativ cVV;25.10.2020;0,0000292398;41,83;0,5360665764;522.941,74;0;-0,00512000
Muster konservativ cVV;26.10.2020;0,0001415654;202,51;0,5362862815;523.144,26;-0,000130493;-0,00509000
Muster konservativ cVV;27.10.2020;0,0015171894;2.170,21;0,5385232190;525.314,47;0,001453151;-0,00510000
Muster konservativ cVV;28.10.2020;-0,0024548279;-3.516,75;0,5349301606;521.797,72;-0,000245112;-0,00512000
Muster konservativ cVV;29.10.2020;-0,0006236509;-891,24;0,5340285815;520.906,48;0,000547414;-0,00515000
Muster konservativ cVV;30.10.2020;0,0002871643;410,12;0,5344611280;521.316,60;-0,000647636;-0,00523000
Muster konservativ cVV;31.10.2020;0,0000292787;41,83;0,5345040098;521.358,43;0;-0,00523000
Muster konservativ cVV;01.11.2020;0,0000292778;41,83;0,5345468915;521.400,25;0;-0,00523000
Muster konservativ cVV;02.11.2020;0,0015936309;2.276,77;0,5368932141;523.677,03;0,000163089;-0,00520000
Muster konservativ cVV;03.11.2020;-0,0002580899;-369,31;0,5365267056;523.307,71;0,000082603;-0,00520000
Muster konservativ cVV;04.11.2020;0,0023782428;3.402,26;0,5400271085;526.709,98;0,000682946;-0,00517000
Muster konservativ cVV;05.11.2020;0,0049568083;7.107,97;0,5473271463;533.817,95;0,000441384;-0,00517000
Muster konservativ cVV;06.11.2020;-0,0010172883;-1.466,00;0,5458363560;532.351,94;-0,000251638;-0,00513000
Muster konservativ cVV;07.11.2020;0,0000290542;41,83;0,5458792426;532.393,77;0;-0,00513000
Muster konservativ cVV;08.11.2020;0,0000290534;41,83;0,5459221292;532.435,60;0;-0,00513000
Muster konservativ cVV;09.11.2020;-0,0045221735;-6.510,60;0,5392587698;525.925,00;-0,002328584;-0,00516000
Muster konservativ cVV;10.11.2020;0,0019473874;2.790,99;0,5421327313;528.715,98;-0,000616520;-0,00510000
Muster konservativ cVV;11.11.2020;0,0003691594;530,11;0,5426885101;529.246,09;0,000667781;-0,00518000
Muster konservativ cVV;12.11.2020;0,0012577461;1.806,77;0,5445534273;531.052,87;0,000620625;-0,00513000
Muster konservativ cVV;13.11.2020;0,0019217647;2.764,12;0,5474001269;533.816,99;0,000410821;-0,00514000
Muster konservativ cVV;14.11.2020;0,0000290247;41,83;0,5474430183;533.858,81;0;-0,00514000
Muster konservativ cVV;15.11.2020;0,0000290238;41,83;0,5474859097;533.900,64;0;-0,00514000
Muster konservativ cVV;16.11.2020;0,0004856291;699,87;0,5482159131;534.600,51;0,000287652;-0,00522000
Muster konservativ cVV;17.11.2020;0,0009415125;1.357,54;0,5496203714;535.958,05;0,000502599;-0,00522000
Muster konservativ cVV;18.11.2020;-0,0004807587;-693,84;0,5489211598;535.264,21;0,000021605;-0,00527000
Muster konservativ cVV;19.11.2020;0,0002548952;367,70;0,5493105582;535.631,90;0,000259672;-0,00527000
Muster konservativ cVV;20.11.2020;0,0021932302;3.164,62;0,5525683795;538.796,52;0,000761638;-0,00528000
Muster konservativ cVV;21.11.2020;0,0000289247;41,83;0,5526112758;538.838,35;0;-0,00528000
Muster konservativ cVV;22.11.2020;0,0000289239;41,83;0,5526541720;538.880,18;0;-0,00528000
Muster konservativ cVV;23.11.2020;-0,0017473906;-2.526,99;0,5500749133;536.353,19;-0,000019060;-0,00523000
Muster konservativ cVV;24.11.2020;-0,0015840316;-2.286,75;0,5477419277;534.066,44;-0,000024427;-0,00523000
Muster konservativ cVV;25.11.2020;0,0000881922;127,11;0,5478845588;534.193,55;0,000191559;-0,00526000
Muster konservativ cVV;26.11.2020;-0,0003366579;-485,15;0,5473992902;533.708,41;0,000242157;-0,00528000
Muster konservativ cVV;27.11.2020;-0,0011684454;-1.683,24;0,5456851351;532.025,16;0,000021989;-0,00528000
Muster konservativ cVV;28.11.2020;0,0000290761;41,84;0,5457280469;532.067,00;0;-0,00528000
Muster konservativ cVV;29.11.2020;0,0000290753;41,84;0,5457709587;532.108,84;0;-0,00528000
Muster konservativ cVV;30.11.2020;0,0001243842;178,99;0,5459668058;532.287,83;-0,000593200;-0,00526000
Muster konservativ cVV;01.12.2020;-0,0006135918;-883,06;0,5450732917;531.404,77;-0,001548459;-0,00526000
Muster konservativ cVV;02.12.2020;0,0000036201;5,21;0,5450908622;531.409,97;-0,000007001;-0,00524000
Muster konservativ cVV;03.12.2020;0,0006108287;878,55;0,5460042679;532.288,52;0,001287340;-0,00527000
Muster konservativ cVV;04.12.2020;0,0007600573;1.093,85;0,5471385602;533.382,37;0,000175402;-0,00532000
Muster konservativ cVV;05.12.2020;0,0000290518;41,84;0,5471814815;533.424,21;0;-0,00532000
Muster konservativ cVV;06.12.2020;0,0000290510;41,84;0,5472244027;533.466,05;0;-0,00532000
Muster konservativ cVV;07.12.2020;0,0036264306;5.223,29;0,5525947828;538.689,34;0,001455885;-0,00534000
Muster konservativ cVV;08.12.2020;0,0006870323;993,15;0,5536259589;539.682,49;0,001003961;-0,00536000
Muster konservativ cVV;09.12.2020;-0,0014720151;-2.129,35;0,5514539252;537.553,14;-0,000132979;-0,00545000
Muster konservativ cVV;10.12.2020;-0,0005028749;-726,37;0,5507210860;536.826,77;-0,000461631;-0,00546000
Muster konservativ cVV;11.12.2020;0,0013326471;1.923,94;0,5527071729;538.750,72;0,001249667;-0,00543000
Muster konservativ cVV;12.12.2020;0,0000289440;41,84;0,5527500989;538.792,56;0;-0,00543000
Muster konservativ cVV;13.12.2020;0,0000289431;41,84;0,5527930250;538.834,40;0;-0,00543000
Muster konservativ cVV;14.12.2020;-0,0022229980;-3.213,81;0,5495082316;535.620,59;-0,000622541;-0,00543000
Muster konservativ cVV;15.12.2020;0,0008043216;1.160,23;0,5507108311;536.780,82;-0,000496255;-0,00544000
Muster konservativ cVV;16.12.2020;-0,0009101834;-1.313,99;0,5493749907;535.466,83;-0,001869053;-0,00540000
Muster konservativ cVV;17.12.2020;0,0015034328;2.168,46;0,5516120689;537.635,29;0,000305663;-0,00541000
Muster konservativ cVV;18.12.2020;-0,0001844464;-266,43;0,5513509867;537.368,86;-0,000144925;-0,00537000
Muster konservativ cVV;19.12.2020;0,0000289716;41,84;0,5513939176;537.410,70;0;-0,00537000
Muster konservativ cVV;20.12.2020;0,0000289708;41,84;0,5514368484;537.452,54;0;-0,00537000
Muster konservativ cVV;21.12.2020;-0,0018306023;-2.643,99;0,5487362782;534.808,56;0,000274325;-0,00532000
Muster konservativ cVV;22.12.2020;0,0007966455;1.148,51;0,5499269301;535.957,07;-0,000030488;-0,00539000
Muster konservativ cVV;23.12.2020;-0,0008920349;-1.287,06;0,5486185222;534.670,01;-0,002031128;-0,00541000
Muster konservativ cVV;24.12.2020;0,0000555497;80,08;0,5487128784;534.750,09;0;-0,00542000
Muster konservativ cVV;25.12.2020;0,0000290243;41,84;0,5487679965;534.791,93;0;-0,00542000
Muster konservativ cVV;26.12.2020;0,0000290234;41,84;0,5488109321;534.833,77;0;-0,00542000
Muster konservativ cVV;27.12.2020;0,0000290226;41,84;0,5488538677;534.875,61;0;-0,00542000
Muster konservativ cVV;28.12.2020;0,0009404243;1.355,86;0,5502573667;536.231,47;0,000587234;-0,00542000
Muster konservativ cVV;29.12.2020;0,0018023961;2.601,05;0,5529387096;538.832,52;0,001058527;-0,00538000
Muster konservativ cVV;30.12.2020;-0,0007584062;-1.096,43;0,5518258018;537.736,09;-0,000323951;-0,00541000
Muster konservativ cVV;31.12.2020;0,0001662577;240,18;0,5520844994;537.976,26;0;-0,00545000
Muster konservativ cVV;01.01.2021;0,0000289595;41,84;0,5521396594;538.018,11;0;-0,00545000
Muster konservativ cVV;02.01.2021;0,0000289586;41,84;0,5521825997;538.059,95;0;-0,00545000
Muster konservativ cVV;03.01.2021;0,0000289578;41,84;0,5522255401;538.101,79;0;-0,00545000
Muster konservativ cVV;04.01.2021;0,0053588227;7.743,37;0,5601845436;545.845,16;0,001168509;-0,00546000
Muster konservativ cVV;05.01.2021;-0,0021342999;-3.100,54;0,5570148672;542.744,62;-0,000123544;-0,00552000
Muster konservativ cVV;06.01.2021;-0,0027507603;-3.987,55;0,5529346855;538.757,07;-0,000969774;-0,00556000
Muster konservativ cVV;07.01.2021;0,0008986561;1.299,13;0,5542802356;540.056,19;0,000039563;-0,00554000
Muster konservativ cVV;08.01.2021;-0,0016305460;-2.359,29;0,5518709872;537.696,91;0,000218191;-0,00550000
Muster konservativ cVV;09.01.2021;0,0000289651;41,84;0,5519139323;537.738,75;0;-0,00550000
Muster konservativ cVV;10.01.2021;0,0000289642;41,84;0,5519568774;537.780,59;0;-0,00550000
Muster konservativ cVV;11.01.2021;-0,0011962431;-1.728,16;0,5501952964;536.052,43;-0,000740209;-0,00545000
Muster konservativ cVV;12.01.2021;-0,0011517973;-1.661,96;0,5485015775;534.390,47;-0,001467342;-0,00549000
Muster konservativ cVV;13.01.2021;0,0023300610;3.358,23;0,5519606459;537.748,71;0,001487480;-0,00545000
Muster konservativ cVV;14.01.2021;0,0009160309;1.323,32;0,5533311178;539.072,03;0,001323877;-0,00550000
Muster konservativ cVV;15.01.2021;-0,0012133246;-1.754,40;0,5515424424;537.317,62;-0,000455636;-0,00552000
Muster konservativ cVV;16.01.2021;0,0000323628;46,74;0,5515904179;537.364,36;0;-0,00552000
Muster konservativ cVV;17.01.2021;0,0000323618;46,74;0,5516383934;537.411,10;0;-0,00552000
Muster konservativ cVV;18.01.2021;0,0006190530;894,09;0,5525683000;538.305,19;-0,000685952;-0,00553000
Muster konservativ cVV;19.01.2021;-0,0003356372;-485,06;0,5520825215;537.820,13;-0,000039485;-0,00548000
Muster konservativ cVV;20.01.2021;0,0018383459;2.655,85;0,5548209814;540.475,98;0,000442772;-0,00543000
Muster konservativ cVV;21.01.2021;-0,0012031042;-1.741,31;0,5530455873;538.734,67;-0,001214321;-0,00543000
Muster konservativ cVV;22.01.2021;-0,0005485327;-792,96;0,5522436701;537.941,71;0,000732732;-0,00540000
Muster konservativ cVV;23.01.2021;0,0000323541;46,75;0,5522916585;537.988,45;0;-0,00540000
Muster konservativ cVV;24.01.2021;0,0000323530;46,75;0,5523396470;538.035,20;0;-0,00540000
Muster konservativ cVV;25.01.2021;0,0016562060;2.393,07;0,5548084970;540.428,26;0,001302502;-0,00543000
Muster konservativ cVV;26.01.2021;-0,0008099689;-1.172,27;0,5536171603;539.255,99;-0,000566454;-0,00539000
Muster konservativ cVV;27.01.2021;-0,0000626354;-90,58;0,5535362859;539.165,42;0,000435774;-0,00543000
Muster konservativ cVV;28.01.2021;-0,0018515513;-2.677,42;0,5507995553;536.488,00;-0,000201395;-0,00544000
Muster konservativ cVV;29.01.2021;-0,0003464366;-500,03;0,5502982140;535.987,97;-0,000925573;-0,00548000
Muster konservativ cVV;30.01.2021;0,0000323979;46,75;0,5503462077;536.034,71;0;-0,00548000
Muster konservativ cVV;31.01.2021;0,0000323968;46,75;0,5503942014;536.081,46;0;-0,00548000
Muster konservativ cVV;01.02.2021;0,0008940455;1.290,07;0,5517307676;537.371,52;0,000064442;-0,00543000
Muster konservativ cVV;02.02.2021;-0,0011875514;-1.715,12;0,5499818312;535.656,41;-0,000667687;-0,00540000
Muster konservativ cVV;03.02.2021;0,0000085472;12,33;0,5500064932;535.668,74;-0,000200614;-0,00545000
Muster konservativ cVV;04.02.2021;-0,0025605825;-3.693,75;0,5462257889;531.974,99;-0,000446145;-0,00543000
Muster konservativ cVV;05.02.2021;0,0006575940;946,18;0,5472092411;532.921,17;-0,000012582;-0,00535000
Muster konservativ cVV;06.02.2021;0,0000324669;46,75;0,5472572400;532.967,91;0;-0,00535000
Muster konservativ cVV;07.02.2021;0,0000324658;46,75;0,5473052390;533.014,66;0;-0,00535000
Muster konservativ cVV;08.02.2021;0,0017116160;2.464,54;0,5498478291;535.479,19;0,000115650;-0,00536000
Muster konservativ cVV;09.02.2021;0,0002462049;355,11;0,5502244505;535.834,31;0,000217038;-0,00540000
Muster konservativ cVV;10.02.2021;0,0003089172;445,68;0,5506940779;536.279,99;-0,000000401;-0,00541000
Muster konservativ cVV;11.02.2021;0,0000692657;99,96;0,5508087019;536.379,95;0,000677814;-0,00541000
Muster konservativ cVV;12.02.2021;-0,0013529740;-1.952,69;0,5488154146;534.427,26;-0,001061172;-0,00547000
Muster konservativ cVV;13.02.2021;0,0000295341;42,57;0,5488591282;534.469,83;0;-0,00547000
Muster konservativ cVV;14.02.2021;0,0000295333;42,57;0,5489028418;534.512,40;0;-0,00547000
Muster konservativ cVV;15.02.2021;-0,0016893154;-2.434,96;0,5464141963;532.077,44;-0,001465064;-0,00547000
Muster konservativ cVV;16.02.2021;-0,0020348557;-2.928,06;0,5434190353;529.149,38;-0,000685026;-0,00543000
Muster konservativ cVV;17.02.2021;-0,0003000010;-430,81;0,5429883866;528.718,57;0,000437144;-0,00545000
Muster konservativ cVV;18.02.2021;-0,0025638363;-3.680,62;0,5392201125;525.037,95;-0,000911961;-0,00543000
Muster konservativ cVV;19.02.2021;-0,0010122639;-1.449,47;0,5377431363;523.588,48;-0,000649604;-0,00543000
Muster konservativ cVV;20.02.2021;0,0000297681;42,58;0,5377868697;523.631,06;0;-0,00543000
Muster konservativ cVV;21.02.2021;0,0000297672;42,58;0,5378306030;523.673,64;0;-0,00543000
Muster konservativ cVV;22.02.2021;0,0009234970;1.321,11;0,5391990980;524.994,75;0,000883988;-0,00543000
Muster konservativ cVV;23.02.2021;-0,0013975975;-1.991,18;0,5371669098;523.003,57;-0,000844316;-0,00540000
Muster konservativ cVV;24.02.2021;-0,0009738025;-1.385,45;0,5357567618;521.618,11;-0,000543816;-0,00539000
Muster konservativ cVV;25.02.2021;-0,0043157898;-6.134,21;0,5294689504;515.483,90;-0,002825858;-0,00538000
Muster konservativ cVV;26.02.2021;-0,0019529686;-2.763,85;0,5266427051;512.720,05;0,000411895;-0,00530000
Muster konservativ cVV;27.02.2021;0,0000301479;42,58;0,5266864436;512.762,63;0;-0,00530000
Muster konservativ cVV;28.02.2021;0,0000301470;42,58;0,5267301820;512.805,21;0;-0,00530000
Muster konservativ cVV;01.03.2021;0,0040453421;5.714,16;0,5326122337;518.519,37;0,003358781;-0,00533000
Muster konservativ cVV;02.03.2021;0,0005932308;841,34;0,5334891862;519.360,72;0,000351548;-0,00540000
Muster konservativ cVV;03.03.2021;-0,0026871194;-3.813,25;0,5295848448;515.547,47;-0,001145129;-0,00546000
Muster konservativ cVV;04.03.2021;0,0001704615;241,25;0,5298453007;515.788,72;0,000417511;-0,00541000
Muster konservativ cVV;05.03.2021;-0,0005725168;-810,40;0,5290254220;514.978,31;-0,000667398;-0,00537000
Muster konservativ cVV;06.03.2021;0,0000300998;42,58;0,5290691657;515.020,90;0;-0,00537000
Muster konservativ cVV;07.03.2021;0,0000300989;42,58;0,5291129094;515.063,48;0;-0,00537000
Muster konservativ cVV;08.03.2021;-0,0016964850;-2.400,16;0,5266598231;512.663,32;-0,000556466;-0,00537000
Muster konservativ cVV;09.03.2021;0,0032037043;4.524,87;0,5313208770;517.188,18;0,000628656;-0,00540000
Muster konservativ cVV;10.03.2021;0,0004206594;596,04;0,5319458588;517.784,22;0,000068788;-0,00543000
Muster konservativ cVV;11.03.2021;0,0003125589;443,05;0,5324136919;518.227,27;0,000818568;-0,00542000
Muster konservativ cVV;12.03.2021;-0,0023682735;-3.358,09;0,5289762424;514.869,18;-0,000752186;-0,00539000
Muster konservativ cVV;13.03.2021;0,0000340967;48,23;0,5290257969;514.917,41;0;-0,00539000
Muster konservativ cVV;14.03.2021;0,0000340955;48,23;0,5290753513;514.965,65;0;-0,00539000
Muster konservativ cVV;15.03.2021;0,0030277260;4.283,29;0,5334886709;519.248,94;0,001549813;-0,00538000
Muster konservativ cVV;16.03.2021;0,0002262423;321,03;0,5338311779;519.569,97;-0,000054938;-0,00542000
Muster konservativ cVV;17.03.2021;-0,0014795055;-2.099,85;0,5316863025;517.470,12;-0,001341273;-0,00543000
Muster konservativ cVV;18.03.2021;-0,0010128653;-1.435,43;0,5302240132;516.034,69;-0,000664018;-0,00540000
Muster konservativ cVV;19.03.2021;0,0013614387;1.927,47;0,5322170901;517.962,16;0,001232438;-0,00539000
Muster konservativ cVV;20.03.2021;0,0000305727;43,34;0,5322616254;518.005,50;0;-0,00539000
Muster konservativ cVV;21.03.2021;0,0000305718;43,34;0,5323061607;518.048,84;0;-0,00539000
Muster konservativ cVV;22.03.2021;0,0005525798;783,43;0,5331237782;518.832,27;0,000657491;-0,00538000
Muster konservativ cVV;23.03.2021;0,0007044270;999,27;0,5341632134;519.831,54;0,000865984;-0,00538000
Muster konservativ cVV;24.03.2021;0,0012457030;1.768,34;0,5359929865;521.599,89;0,000490792;-0,00535000
Muster konservativ cVV;25.03.2021;0,0006496534;923,37;0,5369545254;522.523,25;0,000578741;-0,00538000
Muster konservativ cVV;26.03.2021;-0,0000684488;-97,35;0,5368671680;522.425,90;-0,000635707;-0,00537000
Muster konservativ cVV;27.03.2021;0,0000290271;41,28;0,5369095900;522.467,18;0;-0,00537000
Muster konservativ cVV;28.03.2021;0,0000290262;41,28;0,5369520119;522.508,46;0;-0,00537000
Muster konservativ cVV;29.03.2021;-0,0026577183;-3.779,89;0,5330802207;518.728,57;-0,000945740;-0,00536000
Muster konservativ cVV;30.03.2021;-0,0023228006;-3.294,78;0,5297067825;515.433,79;-0,001793863;-0,00540000
Muster konservativ cVV;31.03.2021;0,0032460252;4.593,63;0,5344402222;520.027,43;0,000614328;-0,00538000
Muster konservativ cVV;01.04.2021;0,0024241974;3.441,75;0,5379900453;523.469,18;0,001610640;-0,00538000
Muster konservativ cVV;02.04.2021;0,0000264551;37,65;0,5380414123;523.506,83;0;-0,00538000
Muster konservativ cVV;03.04.2021;0,0000264544;37,65;0,5380801083;523.544,48;0;-0,00538000
Muster konservativ cVV;04.04.2021;0,0000264537;37,65;0,5381188043;523.582,13;0;-0,00538000
Muster konservativ cVV;05.04.2021;-0,0000217306;-30,93;0,5380996820;523.551,21;0;-0,00538000
Muster konservativ cVV;06.04.2021;0,0011725777;1.668,90;0,5398276555;525.220,10;0,000073537;-0,00538000
Muster konservativ cVV;07.04.2021;-0,0000066757;-9,51;0,5398305695;525.210,59;0,000113213;-0,00543000
Muster konservativ cVV;08.04.2021;0,0012956280;1.846,18;0,5417408728;527.056,78;0,000442104;-0,00545000
Muster konservativ cVV;09.04.2021;-0,0015493610;-2.210,60;0,5394813552;524.846,18;-0,001480541;-0,00544000
Muster konservativ cVV;10.04.2021;0,0000296605;42,25;0,5395247869;524.888,43;0;-0,00544000
Muster konservativ cVV;11.04.2021;0,0000296596;42,25;0,5395682185;524.930,69;0;-0,00544000
Muster konservativ cVV;12.04.2021;-0,0007761631;-1.105,76;0,5384442569;523.824,92;0,000193553;-0,00538000
Muster konservativ cVV;13.04.2021;0,0006864782;977,23;0,5394614169;524.802,16;-0,000214209;-0,00538000
Muster konservativ cVV;14.04.2021;-0,0015114969;-2.153,17;0,5372607003;522.648,99;-0,001030451;-0,00538000
Muster konservativ cVV;15.04.2021;0,0023764991;3.380,27;0,5407481348;526.029,26;0,001061689;-0,00537000
Muster konservativ cVV;16.04.2021;-0,0000888370;-126,66;0,5406305879;525.902,60;-0,000743842;-0,00538000
Muster konservativ cVV;17.04.2021;0,0000296385;42,25;0,5406740246;525.944,85;0;-0,00538000
Muster konservativ cVV;18.04.2021;0,0000296376;42,25;0,5407174614;525.987,10;0;-0,00538000
Muster konservativ cVV;19.04.2021;-0,0012668810;-1.806,20;0,5388732813;524.180,90;-0,001025559;-0,00537000
Muster konservativ cVV;20.04.2021;0,0005009447;713,30;0,5396191893;524.894,20;0,000625731;-0,00538000
Muster konservativ cVV;21.04.2021;0,0010081182;1.436,18;0,5411083063;526.330,38;0,000334326;-0,00535000
Muster konservativ cVV;22.04.2021;-0,0003193625;-455,43;0,5406527181;525.874,95;-0,000095436;-0,00539000
Muster konservativ cVV;23.04.2021;-0,0005097411;-726,69;0,5399182136;525.148,27;-0,000126131;-0,00539000
Muster konservativ cVV;24.04.2021;0,0000296542;42,25;0,5399616554;525.190,52;0;-0,00539000
Muster konservativ cVV;25.04.2021;0,0000296533;42,25;0,5400050972;525.232,77;0;-0,00539000
Muster konservativ cVV;26.04.2021;0,0006810541;970,47;0,5410154840;526.203,24;0,000028650;-0,00538000
Muster konservativ cVV;27.04.2021;-0,0005446207;-776,59;0,5402296289;525.426,66;-0,000113552;-0,00535000
Muster konservativ cVV;28.04.2021;-0,0015805521;-2.252,52;0,5379261780;523.174,13;-0,000604015;-0,00534000
Muster konservativ cVV;29.04.2021;-0,0012624167;-1.796,29;0,5360917215;521.377,84;-0,001181613;-0,00536000
Muster konservativ cVV;30.04.2021;0,0009797348;1.392,30;0,5375358247;522.770,15;0,000548771;-0,00535000
Muster konservativ cVV;01.05.2021;0,0000277393;39,46;0,5375763982;522.809,60;0;-0,00535000
Muster konservativ cVV;02.05.2021;0,0000277385;39,46;0,5376169716;522.849,06;0;-0,00535000
Muster konservativ cVV;03.05.2021;0,0008804744;1.252,54;0,5389174214;524.101,60;0,000327729;-0,00535000
Muster konservativ cVV;04.05.2021;0,0013389389;1.906,41;0,5408902998;526.008,02;0,001177727;-0,00535000
Muster konservativ cVV;05.05.2021;0,0010963387;1.563,08;0,5425102099;527.571,10;-0,000226436;-0,00531000
Muster konservativ cVV;06.05.2021;0,0015032250;2.145,54;0,5447291549;529.716,64;0,000094580;-0,00532000
Muster konservativ cVV;07.05.2021;0,0001356620;193,92;0,5449412148;529.910,56;-0,000402882;-0,00529000
Muster konservativ cVV;08.05.2021;0,0000295554;42,25;0,5449846668;529.952,82;0;-0,00529000
Muster konservativ cVV;09.05.2021;0,0000295546;42,25;0,5450281187;529.995,07;0;-0,00529000
Muster konservativ cVV;10.05.2021;-0,0002390675;-341,80;0,5446892547;529.653,27;-0,000220131;-0,00533000
Muster konservativ cVV;11.05.2021;-0,0022815153;-3.261,14;0,5413480777;526.392,13;-0,002027407;-0,00533000
Muster konservativ cVV;12.05.2021;-0,0007906890;-1.127,61;0,5402009373;525.264,51;-0,001423353;-0,00539000
Muster konservativ cVV;13.05.2021;-0,0012606908;-1.796,47;0,5383658456;523.468,05;-0,000494412;-0,00541000
Muster konservativ cVV;14.05.2021;0,0013255340;1.886,49;0,5403185214;525.354,53;0,000083841;-0,00549000
Muster konservativ cVV;15.05.2021;0,0000296499;42,25;0,5403619783;525.396,79;0;-0,00549000
Muster konservativ cVV;16.05.2021;0,0000296490;42,25;0,5404054353;525.439,04;0;-0,00549000
Muster konservativ cVV;17.05.2021;0,0010417127;1.484,61;0,5419448606;526.923,65;-0,000098664;-0,00548000
Muster konservativ cVV;18.05.2021;-0,0005154926;-735,43;0,5412009741;526.188,22;-0,000049916;-0,00553000
Muster konservativ cVV;19.05.2021;0,0002525191;360,07;0,5415838228;526.548,29;-0,000094476;-0,00552000
Muster konservativ cVV;20.05.2021;-0,0003425401;-488,56;0,5410938041;526.059,74;-0,000523997;-0,00545000
Muster konservativ cVV;21.05.2021;0,0001749308;249,41;0,5413628309;526.309,15;0,001031418;-0,00543000
Muster konservativ cVV;22.05.2021;0,0000296301;42,25;0,5414062929;526.351,41;0;-0,00543000
Muster konservativ cVV;23.05.2021;0,0000296292;42,25;0,5414497549;526.393,66;0;-0,00543000
Muster konservativ cVV;24.05.2021;0,0002969801;423,53;0,5418978876;526.817,19;0;-0,00542000
Muster konservativ cVV;25.05.2021;0,0022613496;3.225,91;0,5452286982;530.043,09;0,001567045;-0,00538000
Muster konservativ cVV;26.05.2021;0,0017846429;2.551,62;0,5478660363;532.594,71;0,001175489;-0,00537000
Muster konservativ cVV;27.05.2021;-0,0011941184;-1.710,36;0,5461192032;530.884,36;-0,001035741;-0,00540000
Muster konservativ cVV;28.05.2021;0,0003903479;558,43;0,5467062347;531.442,79;0,000511434;-0,00543000
Muster konservativ cVV;29.05.2021;0,0000295238;42,25;0,5467497017;531.485,05;0;-0,00543000
Muster konservativ cVV;30.05.2021;0,0000295229;42,25;0,5467931686;531.527,30;0;-0,00543000
Muster konservativ cVV;31.05.2021;0,0003884803;556,01;0,5473777296;532.083,31;-0,000144999;-0,00544000
Muster konservativ cVV;01.06.2021;-0,0006645987;-951,58;0,5464113503;531.131,74;0,000098559;-0,00545000
Muster konservativ cVV;02.06.2021;0,0020657647;2.955,81;0,5494648045;534.087,54;0,000757998;-0,00543000
Muster konservativ cVV;03.06.2021;-0,0018714230;-2.683,27;0,5467168249;531.404,28;-0,000163970;-0,00542000
Muster konservativ cVV;04.06.2021;0,0023473862;3.359,41;0,5501856492;534.763,69;0,000988706;-0,00546000
Muster konservativ cVV;05.06.2021;0,0000294554;42,25;0,5502291212;534.805,94;0;-0,00546000
Muster konservativ cVV;06.06.2021;0,0000294546;42,25;0,5502725931;534.848,19;0;-0,00546000
Muster konservativ cVV;07.06.2021;-0,0002946239;-422,66;0,5498503439;534.425,53;-0,000393686;-0,00546000
Muster konservativ cVV;08.06.2021;0,0009994211;1.433,32;0,5513376564;535.858,85;0,000546604;-0,00543000
Muster konservativ cVV;09.06.2021;0,0009025759;1.295,72;0,5526834548;537.154,57;0,001194422;-0,00542000
Muster konservativ cVV;10.06.2021;0,0005261425;756,00;0,5534739720;537.910,58;-0,000062164;-0,00545000
Muster konservativ cVV;11.06.2021;0,0006056089;870,64;0,5543824785;538.781,22;0,000652964;-0,00548000
Muster konservativ cVV;12.06.2021;0,0000293732;42,25;0,5544259554;538.823,47;0;-0,00548000
Muster konservativ cVV;13.06.2021;0,0000293723;42,25;0,5544694324;538.865,73;0;-0,00548000
Muster konservativ cVV;14.06.2021;-0,0011104077;-1.597,42;0,5528383865;537.268,31;-0,000355162;-0,00546000
Muster konservativ cVV;15.06.2021;-0,0004935164;-709,18;0,5521212616;536.559,13;-0,000565008;-0,00542000
Muster konservativ cVV;16.06.2021;-0,0001115254;-160,18;0,5519690288;536.398,95;0,000306838;-0,00547000
Muster konservativ cVV;17.06.2021;-0,0031705496;-4.553,30;0,5472960456;531.845,65;-0,000866167;-0,00543000
Muster konservativ cVV;18.06.2021;0,0014740046;2.110,14;0,5494800080;533.955,79;-0,000035278;-0,00544000
Muster konservativ cVV;19.06.2021;0,0000294720;42,25;0,5495234899;533.998,04;0;-0,00544000
Muster konservativ cVV;20.06.2021;0,0000294712;42,25;0,5495669718;534.040,30;0;-0,00544000
Muster konservativ cVV;21.06.2021;-0,0008228988;-1.179,84;0,5483653176;532.860,45;-0,001346590;-0,00542000
Muster konservativ cVV;22.06.2021;-0,0008436188;-1.208,55;0,5471340527;531.651,90;-0,000407780;-0,00540000
Muster konservativ cVV;23.06.2021;0,0011623948;1.663,82;0,5488588142;533.315,72;0,000656353;-0,00538000
Muster konservativ cVV;24.06.2021;-0,0000261779;-37,51;0,5488326860;533.278,21;0,000124867;-0,00538000
Muster konservativ cVV;25.06.2021;-0,0008003898;-1.146,96;0,5476647176;532.131,25;-0,000905105;-0,00538000
Muster konservativ cVV;26.06.2021;0,0000255632;36,60;0,5477023888;532.167,85;0;-0,00538000
Muster konservativ cVV;27.06.2021;0,0000295088;42,25;0,5477458756;532.210,11;0;-0,00538000
Muster konservativ cVV;28.06.2021;0,0009944785;1.424,03;0,5492239441;533.634,13;0,000870325;-0,00543000
Muster konservativ cVV;29.06.2021;-0,0008187870;-1.173,61;0,5480284822;532.460,52;-0,000250038;-0,00541000
Muster konservativ cVV;30.06.2021;0,0013841227;1.982,32;0,5500812361;534.442,84;0,000899215;-0,00542000
Muster konservativ cVV;01.07.2021;0,0003475699;498,47;0,5506067771;534.941,31;0,000031208;-0,00540000
Muster konservativ cVV;02.07.2021;0,0019086959;2.738,34;0,5534378447;537.679,65;0,000852704;-0,00546000
Muster konservativ cVV;03.07.2021;0,0000243852;35,05;0,5534739233;537.714,70;0;-0,00546000
Muster konservativ cVV;04.07.2021;0,0000243846;35,05;0,5535100020;537.749,75;0;-0,00546000
Muster konservativ cVV;05.07.2021;-0,0002601772;-374,00;0,5531375683;537.375,75;-0,000675209;-0,00542000
Muster konservativ cVV;06.07.2021;0,0030649115;4.404,58;0,5576839600;541.780,33;0,001729136;-0,00539000
Muster konservativ cVV;07.07.2021;0,0011489741;1.656,25;0,5594014799;543.436,58;0,000804020;-0,00547000
Muster konservativ cVV;08.07.2021;-0,0002344106;-338,29;0,5590658867;543.098,29;0,000670790;-0,00546000
Muster konservativ cVV;09.07.2021;-0,0007206647;-1.039,79;0,5580081310;542.058,50;-0,000668586;-0,00543000
Muster konservativ cVV;10.07.2021;0,0000261140;37,65;0,5580468896;542.096,15;0;-0,00543000
Muster konservativ cVV;11.07.2021;0,0000261133;37,65;0,5580856481;542.133,80;0;-0,00543000
Muster konservativ cVV;12.07.2021;0,0003933932;567,22;0,5586821678;542.701,02;0,000288672;-0,00543000
Muster konservativ cVV;13.07.2021;0,0006944400;1.001,68;0,5597259708;543.702,69;0,000054564;-0,00546000
Muster konservativ cVV;14.07.2021;0,0011589705;1.672,89;0,5614608205;545.375,58;0,000508152;-0,00546000
Muster konservativ cVV;15.07.2021;0,0007538502;1.089,39;0,5625950177;546.464,97;0,000277755;-0,00548000
Muster konservativ cVV;16.07.2021;-0,0002266941;-327,84;0,5622701630;546.137,13;0,000510222;-0,00548000
Muster konservativ cVV;17.07.2021;0,0000260403;37,65;0,5623089258;546.174,78;0;-0,00548000
Muster konservativ cVV;18.07.2021;0,0000260397;37,65;0,5623476887;546.212,43;0;-0,00548000
Muster konservativ cVV;19.07.2021;0,0010721058;1.550,20;0,5639563724;547.762,62;0,001022411;-0,00548000
Muster konservativ cVV;20.07.2021;0,0008514382;1.232,44;0,5652379683;548.995,07;0,001161667;-0,00543000
Muster konservativ cVV;21.07.2021;-0,0008352221;-1.210,00;0,5640048484;547.785,07;-0,000239963;-0,00546000
Muster konservativ cVV;22.07.2021;0,0011980691;1.734,21;0,5658031265;549.519,28;0,000582703;-0,00549000
Muster konservativ cVV;23.07.2021;0,0001434232;207,85;0,5660298524;549.727,14;0,000095286;-0,00544000
Muster konservativ cVV;24.07.2021;0,0000259758;37,65;0,5660686196;549.764,79;0;-0,00544000
Muster konservativ cVV;25.07.2021;0,0000259752;37,65;0,5661073869;549.802,44;0;-0,00544000
Muster konservativ cVV;26.07.2021;-0,0003727751;-540,35;0,5655637091;549.262,09;0,000155012;-0,00544000
Muster konservativ cVV;27.07.2021;0,0008123227;1.177,04;0,5667883998;550.439,13;0,000908746;-0,00543000
Muster konservativ cVV;28.07.2021;0,0004894086;709,72;0,5675319248;551.148,86;0,000639696;-0,00547000
Muster konservativ cVV;29.07.2021;0,0009760646;1.416,14;0,5690029132;552.565,00;0,000004167;-0,00544000
Muster konservativ cVV;30.07.2021;0,0002730765;396,59;0,5694240470;552.961,59;0,000276051;-0,00544000
Muster konservativ cVV;31.07.2021;0,0000259180;37,65;0,5694628186;552.999,24;0;-0,00544000
Muster konservativ cVV;01.08.2021;0,0000259173;37,65;0,5695015902;553.036,89;0;-0,00544000
Muster konservativ cVV;02.08.2021;0,0004767614;692,62;0,5702275911;553.729,51;0,000559682;-0,00543000
Muster konservativ cVV;03.08.2021;0,0001776690;258,23;0,5705062780;553.987,74;0,000272319;-0,00545000
Muster konservativ cVV;04.08.2021;0,0002210823;321,39;0,5708500106;554.309,13;0,000154342;-0,00543000
Muster konservativ cVV;05.08.2021;-0,0003581996;-520,83;0,5703263756;553.788,30;0,000418618;-0,00540000
Muster konservativ cVV;06.08.2021;-0,0033032667;-4.801,33;0,5653942789;548.986,96;-0,001611323;-0,00541000
Muster konservativ cVV;07.08.2021;0,0000244998;35,49;0,5654308328;549.022,46;0;-0,00541000
Muster konservativ cVV;08.08.2021;0,0000244992;35,49;0,5654673867;549.057,95;0;-0,00541000
Muster konservativ cVV;09.08.2021;-0,0014812707;-2.146,04;0,5632697809;546.911,91;-0,000241090;-0,00543000
Muster konservativ cVV;10.08.2021;-0,0003066985;-443,68;0,5628253809;546.468,23;0,000051245;-0,00547000
Muster konservativ cVV;11.08.2021;0,0006400037;925,57;0,5637912181;547.393,80;-0,000191222;-0,00549000
Muster konservativ cVV;12.08.2021;0,0001134700;164,20;0,5639729032;547.558,00;-0,000208756;-0,00553000
Muster konservativ cVV;13.08.2021;0,0012650949;1.830,95;0,5658713364;549.388,95;-0,000063014;-0,00552000
Muster konservativ cVV;14.08.2021;0,0000259819;37,65;0,5659101166;549.426,60;0;-0,00552000
Muster konservativ cVV;15.08.2021;0,0000259812;37,65;0,5659488969;549.464,25;0;-0,00552000
Muster konservativ cVV;16.08.2021;0,0008686311;1.258,81;0,5672580920;550.723,06;0,000298738;-0,00550000
Muster konservativ cVV;17.08.2021;0,0000258067;37,43;0,5673092611;550.760,49;0,000021899;-0,00550000
Muster konservativ cVV;18.08.2021;0,0006002861;870,70;0,5682187551;551.631,20;0,000309115;-0,00548000
Muster konservativ cVV;19.08.2021;0,0001175419;170,59;0,5684071035;551.801,79;0,000036991;-0,00550000
Muster konservativ cVV;20.08.2021;0,0002313847;335,86;0,5687656953;552.137,65;0,000194671;-0,00548000
Muster konservativ cVV;21.08.2021;0,0000259327;37,65;0,5688044799;552.175,30;0;-0,00548000
Muster konservativ cVV;22.08.2021;0,0000259320;37,65;0,5688432645;552.212,95;0;-0,00548000
Muster konservativ cVV;23.08.2021;0,0002397339;348,08;0,5692144521;552.561,03;-0,000344531;-0,00549000
Muster konservativ cVV;24.08.2021;-0,0002392576;-347,47;0,5688691216;552.213,56;-0,000112573;-0,00549000
Muster konservativ cVV;25.08.2021;-0,0029157770;-4.233,52;0,5645204177;547.980,04;-0,001523840;-0,00550000
Muster konservativ cVV;26.08.2021;0,0000738781;106,95;0,5646431031;548.086,99;-0,000263182;-0,00550000
Muster konservativ cVV;27.08.2021;0,0011558139;1.673,40;0,5663795849;549.760,39;-0,000044316;-0,00550000
Muster konservativ cVV;28.08.2021;0,0000259752;37,65;0,5664183737;549.798,04;0;-0,00550000
Muster konservativ cVV;29.08.2021;0,0000259746;37,65;0,5664571626;549.835,69;0;-0,00550000
Muster konservativ cVV;30.08.2021;-0,0000158259;-22,94;0,5664460574;549.812,75;0,000507839;-0,00549000
Muster konservativ cVV;31.08.2021;-0,0010002281;-1.449,87;0,5649648175;548.362,89;-0,001516602;-0,00548000
Muster konservativ cVV;01.09.2021;-0,0007085339;-1.026,02;0,5639201948;547.336,87;-0,000232010;-0,00550000
Muster konservativ cVV;02.09.2021;0,0005600953;810,49;0,5647677123;548.147,36;0,000484487;-0,00551000
Muster konservativ cVV;03.09.2021;-0,0004220969;-611,14;0,5641504894;547.536,22;-0,000708368;-0,00548000
Muster konservativ cVV;04.09.2021;0,0000260152;37,65;0,5641892825;547.573,87;0;-0,00548000
Muster konservativ cVV;05.09.2021;0,0000260145;37,65;0,5642280756;547.611,52;0;-0,00548000
Muster konservativ cVV;06.09.2021;0,0001776481;257,12;0,5645054432;547.868,64;-0,000003565;-0,00549000
Muster konservativ cVV;07.09.2021;-0,0028530928;-4.130,11;0,5602622623;543.738,52;-0,001727298;-0,00543000
Muster konservativ cVV;08.09.2021;0,0005030211;726,09;0,5610227775;544.464,61;-0,000067865;-0,00541000
Muster konservativ cVV;09.09.2021;0,0016022388;2.313,93;0,5634194855;546.778,55;0,001149907;-0,00543000
Muster konservativ cVV;10.09.2021;-0,0004304445;-622,64;0,5627902801;546.155,91;-0,000638829;-0,00544000
Muster konservativ cVV;11.09.2021;0,0000260400;37,65;0,5628290776;546.193,56;0;-0,00544000
Muster konservativ cVV;12.09.2021;0,0000260393;37,65;0,5628678750;546.231,21;0;-0,00544000
Muster konservativ cVV;13.09.2021;0,0005543724;801,60;0,5637062822;547.032,81;-0,000071395;-0,00544000
Muster konservativ cVV;14.09.2021;0,0010057422;1.455,06;0,5652181173;548.487,87;0,000162102;-0,00548000
Muster konservativ cVV;15.09.2021;-0,0012925389;-1.871,87;0,5633015244;546.616,00;-0,000483408;-0,00543000
Muster konservativ cVV;16.09.2021;-0,0018408216;-2.662,45;0,5605701062;543.953,55;-0,000336867;-0,00545000
Muster konservativ cVV;17.09.2021;-0,0008311032;-1.199,84;0,5593458809;542.753,71;-0,000756273;-0,00548000
Muster konservativ cVV;18.09.2021;0,0000261014;37,65;0,5593846826;542.791,36;0;-0,00548000
Muster konservativ cVV;19.09.2021;0,0000261007;37,65;0,5594234843;542.829,01;0;-0,00548000
Muster konservativ cVV;20.09.2021;0,0012950771;1.868,22;0,5613611206;544.697,22;0,001054412;-0,00545000
Muster konservativ cVV;21.09.2021;0,0014624673;2.112,42;0,5635505120;546.809,64;0,000250579;-0,00546000
Muster konservativ cVV;22.09.2021;-0,0005524666;-799,16;0,5627392086;546.010,48;-0,000260937;-0,00544000
Muster konservativ cVV;23.09.2021;-0,0039588845;-5.723,49;0,5568525486;540.286,99;-0,002335649;-0,00543000
Muster konservativ cVV;24.09.2021;-0,0007032958;-1.012,75;0,5558209027;539.274,24;-0,000720818;-0,00543000
Muster konservativ cVV;25.09.2021;0,0000261645;37,65;0,5558597087;539.311,89;0;-0,00543000
Muster konservativ cVV;26.09.2021;0,0000261638;37,65;0,5558985146;539.349,54;0;-0,00543000
Muster konservativ cVV;27.09.2021;0,0004157004;598,22;0,5565272600;539.947,76;-0,000454310;-0,00542000
Muster konservativ cVV;28.09.2021;-0,0020843332;-3.000,75;0,5534464590;536.947,01;-0,000816685;-0,00543000
Muster konservativ cVV;29.09.2021;0,0001134335;162,97;0,5536265228;537.109,97;0,000797546;-0,00543000
Muster konservativ cVV;30.09.2021;0,0010529395;1.512,90;0,5551980606;538.622,87;-0,000632807;-0,00545000
Muster konservativ cVV;01.10.2021;0,0009832994;1.414,32;0,5566680504;540.037,20;0,000999924;-0,00547000
Muster konservativ cVV;02.10.2021;0,0000261507;37,65;0,5567068605;540.074,85;0;-0,00547000
Muster konservativ cVV;03.10.2021;0,0000261500;37,65;0,5567456707;540.112,50;0;-0,00547000
Muster konservativ cVV;04.10.2021;0,0001757292;253,02;0,5570186263;540.365,52;-0,000091968;-0,00548000
Muster konservativ cVV;05.10.2021;-0,0010101716;-1.454,74;0,5555311607;538.910,78;-0,000839016;-0,00551000
Muster konservativ cVV;06.10.2021;0,0000262609;37,78;0,5555822029;538.948,56;-0,000466235;-0,00551000
Muster konservativ cVV;07.10.2021;-0,0003679722;-529,39;0,5550485517;538.419,17;0,000403404;-0,00547000
Muster konservativ cVV;08.10.2021;-0,0014072731;-2.023,86;0,5529742116;536.395,31;-0,001233489;-0,00548000
Muster konservativ cVV;09.10.2021;0,0000262170;37,65;0,5530130260;536.432,96;0;-0,00548000
Muster konservativ cVV;10.10.2021;0,0000262163;37,65;0,5530518404;536.470,61;0;-0,00548000
Muster konservativ cVV;11.10.2021;-0,0006974954;-1.001,74;0,5520311394;535.468,87;-0,001314544;-0,00551000
Muster konservativ cVV;12.10.2021;-0,0005866002;-841,88;0,5511751893;534.626,99;-0,001455224;-0,00552000
Muster konservativ cVV;13.10.2021;0,0023631902;3.389,64;0,5546817925;538.016,63;0,000507438;-0,00548000
Muster konservativ cVV;14.10.2021;0,0019841690;2.852,72;0,5576349739;540.869,35;0,001777910;-0,00551000
Muster konservativ cVV;15.10.2021;-0,0018431422;-2.655,22;0,5549094861;538.214,13;-0,000048499;-0,00548000
Muster konservativ cVV;16.10.2021;0,0000281487;40,48;0,5549512177;538.254,61;0;-0,00548000
Muster konservativ cVV;17.10.2021;0,0000281479;40,48;0,5549929493;538.295,09;0;-0,00548000
Muster konservativ cVV;18.10.2021;-0,0013272377;-1.908,59;0,5530371395;536.386,49;-0,002175529;-0,00548000
Muster konservativ cVV;19.10.2021;-0,0009623759;-1.382,08;0,5516241085;535.004,42;-0,001203375;-0,00548000
Muster konservativ cVV;20.10.2021;0,0010005807;1.435,56;0,5531162382;536.439,98;0,000956070;-0,00547000
Muster konservativ cVV;21.10.2021;-0,0007342955;-1.054,57;0,5520408309;535.385,41;-0,001583539;-0,00548000
Muster konservativ cVV;22.10.2021;0,0008517500;1.222,35;0,5533131754;536.607,76;-0,000518780;-0,00549000
Muster konservativ cVV;23.10.2021;0,0000281802;40,48;0,5533549115;536.648,24;0;-0,00549000
Muster konservativ cVV;24.10.2021;0,0000281794;40,48;0,5533966476;536.688,72;0;-0,00549000
Muster konservativ cVV;25.10.2021;0,0019064530;2.738,45;0,5562323717;539.427,17;0,001438818;-0,00548000
Muster konservativ cVV;26.10.2021;-0,0002740829;-394,45;0,5558376422;539.032,72;0,000103212;-0,00550000
Muster konservativ cVV;27.10.2021;0,0025465929;3.663,92;0,5596278739;542.696,64;0,001077134;-0,00556000
Muster konservativ cVV;28.10.2021;-0,0012804844;-1.847,00;0,5577352874;540.849,65;-0,001340338;-0,00557000
Muster konservativ cVV;29.10.2021;-0,0026279750;-3.785,79;0,5538432460;537.063,86;-0,003114499;-0,00553000
Muster konservativ cVV;30.10.2021;0,0000322385;46,32;0,5538910130;537.110,18;0;-0,00553000
Muster konservativ cVV;31.10.2021;0,0000322375;46,32;0,5539387800;537.156,50;0;-0,00553000
Muster konservativ cVV;01.11.2021;0,0004616524;663,34;0,5546347952;537.819,84;0,000771898;-0,00558000
Muster konservativ cVV;02.11.2021;0,0022460916;3.228,85;0,5579766148;541.048,69;0,004126950;-0,00567000
Muster konservativ cVV;03.11.2021;-0,0011090207;-1.597,85;0,5563407518;539.450,85;-0,000166050;-0,00573000
Muster konservativ cVV;04.11.2021;0,0045764815;6.586,35;0,5631454329;546.037,20;0,003445888;-0,00568000
Muster konservativ cVV;05.11.2021;0,0036318853;5.250,83;0,5685730089;551.288,03;0,001690438;-0,00567000
Muster konservativ cVV;06.11.2021;0,0000319225;46,32;0,5686207810;551.334,35;0;-0,00567000
Muster konservativ cVV;07.11.2021;0,0000319215;46,32;0,5686685532;551.380,67;0;-0,00567000
Muster konservativ cVV;08.11.2021;-0,0003344822;-485,37;0,5681801753;550.895,30;-0,000484888;-0,00572000
Muster konservativ cVV;09.11.2021;0,0021287034;3.087,94;0,5713772683;553.983,24;0,000835071;-0,00565000
Muster konservativ cVV;10.11.2021;-0,0005491688;-798,33;0,5705661179;553.184,91;-0,001737901;-0,00569000
Muster konservativ cVV;11.11.2021;0,0001598222;232,21;0,5708178649;553.417,12;-0,001036987;-0,00563000
Muster konservativ cVV;12.11.2021;0,0007303964;1.061,37;0,5719248657;554.478,49;0,001176855;-0,00562000
Muster konservativ cVV;13.11.2021;0,0000318524;46,32;0,5719726430;554.524,81;0;-0,00562000
Muster konservativ cVV;14.11.2021;0,0000318514;46,32;0,5720204203;554.571,13;0;-0,00562000
Muster konservativ cVV;15.11.2021;-0,0013217537;-1.922,22;0,5700499338;552.648,91;-0,000729554;-0,00561000
Muster konservativ cVV;16.11.2021;-0,0011498901;-1.670,07;0,5683394510;550.978,84;-0,000091269;-0,00558000
Muster konservativ cVV;17.11.2021;-0,0000482760;-70,03;0,5682793719;550.908,80;-0,000755104;-0,00567000
Muster konservativ cVV;18.11.2021;0,0008724020;1.265,53;0,5695969919;552.174,34;0,000872211;-0,00564000
Muster konservativ cVV;19.11.2021;0,0019457463;2.825,02;0,5725233913;554.999,36;0,002550820;-0,00559000
Muster konservativ cVV;20.11.2021;0,0000318410;46,32;0,5725711737;555.045,68;0;-0,00559000
Muster konservativ cVV;21.11.2021;0,0000318400;46,32;0,5726189561;555.092,00;0;-0,00559000
Muster konservativ cVV;22.11.2021;-0,0038850269;-5.651,99;0,5668006095;549.440,01;-0,001104498;-0,00564000
Muster konservativ cVV;23.11.2021;-0,0043681474;-6.330,16;0,5602824021;543.109,85;-0,002385307;-0,00572000
Muster konservativ cVV;24.11.2021;-0,0000233211;-33,65;0,5602596454;543.076,20;-0,000566901;-0,00583000
Muster konservativ cVV;25.11.2021;-0,0001033390;-149,10;0,5601177762;542.927,10;0,000195756;-0,00575000
Muster konservativ cVV;26.11.2021;-0,0007903324;-1.140,17;0,5589534161;541.786,93;0,001715600;-0,00572000
Muster konservativ cVV;27.11.2021;0,0000283317;40,84;0,5589955505;541.827,77;0;-0,00572000
Muster konservativ cVV;28.11.2021;0,0000283309;40,84;0,5590376849;541.868,61;0;-0,00572000
Muster konservativ cVV;29.11.2021;-0,0009959405;-1.435,74;0,5575683322;540.432,87;-0,000627903;-0,00570000
Muster konservativ cVV;30.11.2021;0,0005822724;838,56;0,5584453731;541.271,44;0,000409441;-0,00573000
Muster konservativ cVV;01.12.2021;0,0011436030;1.647,93;0,5601575047;542.919,36;-0,000958095;-0,00572000
Muster konservativ cVV;02.12.2021;0,0013685264;1.974,29;0,5622064402;544.893,66;0,002108545;-0,00565000
Muster konservativ cVV;03.12.2021;0,0016561278;2.392,47;0,5646869272;547.286,12;-0,000055834;-0,00563000
Muster konservativ cVV;04.12.2021;0,0000293600;42,48;0,5647307622;547.328,61;0;-0,00563000
Muster konservativ cVV;05.12.2021;0,0000293592;42,48;0,5647745973;547.371,09;0;-0,00563000
Muster konservativ cVV;06.12.2021;0,0007611289;1.101,43;0,5659230632;548.472,52;0,000626126;-0,00562000
Muster konservativ cVV;07.12.2021;0,0008680553;1.257,11;0,5672322163;549.729,63;-0,000451648;-0,00565000
Muster konservativ cVV;08.12.2021;-0,0025795065;-3.738,87;0,5633862578;545.990,76;-0,002101189;-0,00574000
Muster konservativ cVV;09.12.2021;0,0011686544;1.689,54;0,5651416111;547.680,30;0,001664587;-0,00585000
Muster konservativ cVV;10.12.2021;0,0005869725;849,59;0,5660302799;548.529,89;-0,000092488;-0,00588000
Muster konservativ cVV;11.12.2021;0,0000293348;42,48;0,5660741196;548.572,37;0;-0,00588000
Muster konservativ cVV;12.12.2021;0,0000293340;42,48;0,5661179593;548.614,85;0;-0,00588000
Muster konservativ cVV;13.12.2021;0,0015199497;2.201,40;0,5684016332;550.816,25;0,000937577;-0,00603000
Muster konservativ cVV;14.12.2021;-0,0020830236;-3.021,51;0,5652956282;547.794,75;-0,000709060;-0,00605000
Muster konservativ cVV;15.12.2021;-0,0006810851;-985,88;0,5642901876;546.808,86;-0,000233080;-0,00602000
Muster konservativ cVV;16.12.2021;0,0013568559;1.962,74;0,5663276459;548.771,60;-0,000202686;-0,00589000
Muster konservativ cVV;17.12.2021;0,0014658789;2.123,32;0,5685309065;550.894,92;0,001233374;-0,00581000
Muster konservativ cVV;18.12.2021;0,0000292870;42,48;0,5685747508;550.937,40;0;-0,00581000
Muster konservativ cVV;19.12.2021;0,0000292861;42,48;0,5686185951;550.979,89;0;-0,00581000
Muster konservativ cVV;20.12.2021;-0,0013266606;-1.924,59;0,5666443605;549.055,30;0,000499128;-0,00588000
Muster konservativ cVV;21.12.2021;-0,0018533233;-2.685,05;0,5638851932;546.370,24;-0,002164529;-0,00588000
Muster konservativ cVV;22.12.2021;-0,0001286578;-186,05;0,5637050704;546.184,19;-0,000904210;-0,00591000
Muster konservativ cVV;23.12.2021;-0,0005101763;-737,67;0,5629556094;545.446,52;-0,001605752;-0,00588000
Muster konservativ cVV;24.12.2021;0,0000293974;42,48;0,5630113218;545.489,01;0;-0,00587000
Muster konservativ cVV;25.12.2021;0,0000293966;42,48;0,5630551707;545.531,49;0;-0,00587000
Muster konservativ cVV;26.12.2021;0,0000293957;42,48;0,5630990196;545.573,98;0;-0,00587000
Muster konservativ cVV;27.12.2021;0,0002444674;353,33;0,5634755647;545.927,30;0,000045290;-0,00590000
Muster konservativ cVV;28.12.2021;0,0007791936;1.126,44;0,5646500997;547.053,74;-0,001078369;-0,00583000
Muster konservativ cVV;29.12.2021;-0,0037094133;-5.366,69;0,5591225464;541.687,05;-0,000985782;-0,00571000
Muster konservativ cVV;30.12.2021;0,0005498376;792,54;0,5599523706;542.479,59;-0,000743757;-0,00573000
Muster konservativ cVV;31.12.2021;0,0000945183;136,31;0,5601048454;542.615,91;0;-0,00572000
Muster konservativ cVV;01.01.2022;0,0000294551;42,48;0,5601486989;542.658,39;0;-0,00572000
Muster konservativ cVV;02.01.2022;0,0000294542;42,48;0,5601925525;542.700,88;0;-0,00572000
Muster konservativ cVV;03.01.2022;-0,0013684570;-1.973,89;0,5581667596;540.726,98;-0,001643109;-0,00570000
Muster konservativ cVV;04.01.2022;0,0008244085;1.187,52;0,5594043207;541.914,50;0,000168397;-0,00565000
Muster konservativ cVV;05.01.2022;0,0000753711;108,66;0,5595282228;542.023,16;0,000162148;-0,00576000
Muster konservativ cVV;06.01.2022;-0,0032101171;-4.628,17;0,5547622096;537.394,98;-0,001492268;-0,00574000
Muster konservativ cVV;07.01.2022;-0,0012306877;-1.768,64;0,5529479946;535.626,34;-0,000963433;-0,00576000
Muster konservativ cVV;08.01.2022;0,0000295985;42,48;0,5529918528;535.668,83;0;-0,00576000
Muster konservativ cVV;09.01.2022;0,0000295977;42,48;0,5530357109;535.711,31;0;-0,00576000
Muster konservativ cVV;10.01.2022;0,0000875848;125,72;0,5531770834;535.837,03;-0,000302781;-0,00570000
Muster konservativ cVV;11.01.2022;0,0009953328;1.428,86;0,5546637911;537.265,89;-0,000784473;-0,00564000
Muster konservativ cVV;12.01.2022;0,0004757500;683,65;0,5553811941;537.949,54;0,001076270;-0,00563000
Muster konservativ cVV;13.01.2022;0,0001812666;260,60;0,5556618574;538.210,14;0,000744082;-0,00563000
Muster konservativ cVV;14.01.2022;-0,0014887460;-2.140,72;0,5534632909;536.069,42;-0,001629501;-0,00568000
Muster konservativ cVV;15.01.2022;0,0000295894;42,48;0,5535071536;536.111,91;0;-0,00568000
Muster konservativ cVV;16.01.2022;0,0000295885;42,48;0,5535510164;536.154,39;0;-0,00568000
Muster konservativ cVV;17.01.2022;-0,0014150565;-2.031,85;0,5514647574;534.122,55;-0,001344831;-0,00560000
Muster konservativ cVV;18.01.2022;-0,0011915459;-1.708,49;0,5497122653;532.414,05;-0,000200772;-0,00558000
Muster konservativ cVV;19.01.2022;0,0014395505;2.061,63;0,5518523924;534.475,69;-0,000372281;-0,00557000
Muster konservativ cVV;20.01.2022;0,0007759952;1.112,93;0,5530130355;535.588,62;0,000805103;-0,00553000
Muster konservativ cVV;21.01.2022;0,0006627481;951,25;0,5540067755;536.539,87;0,001390554;-0,00552000
Muster konservativ cVV;22.01.2022;0,0000295797;42,48;0,5540506428;536.582,35;0;-0,00552000
Muster konservativ cVV;23.01.2022;0,0000295788;42,48;0,5540945101;536.624,84;0;-0,00552000
Muster konservativ cVV;24.01.2022;0,0007352228;1.056,04;0,5551964857;537.680,87;0,001298743;-0,00543000
Muster konservativ cVV;25.01.2022;0,0002015086;289,65;0,5555071316;537.970,52;-0,000484732;-0,00548000
Muster konservativ cVV;26.01.2022;-0,0018945718;-2.723,81;0,5527060243;535.246,71;-0,000241756;-0,00554000
Muster konservativ cVV;27.01.2022;-0,0010690714;-1.534,08;0,5511333559;533.712,62;-0,001737001;-0,00547000
Muster konservativ cVV;28.01.2022;-0,0016325190;-2.340,11;0,5487282629;531.372,51;-0,001216543;-0,00550000
Muster konservativ cVV;29.01.2022;0,0000314121;44,95;0,5487746850;531.417,47;0;-0,00550000
Muster konservativ cVV;30.01.2022;0,0000314111;44,95;0,5488211070;531.462,42;0;-0,00550000
Muster konservativ cVV;31.01.2022;-0,0031762730;-4.545,84;0,5441380941;526.916,58;-0,003207982;-0,00552000
Muster konservativ cVV;01.02.2022;0,0015435891;2.202,15;0,5464235530;529.118,73;-0,001103283;-0,00547000
Muster konservativ cVV;02.02.2022;0,0002790061;398,66;0,5468465887;529.517,39;-0,000663437;-0,00547000
Muster konservativ cVV;03.02.2022;-0,0067265846;-9.613,91;0,5369291848;519.903,48;-0,006763371;-0,00551000
Muster konservativ cVV;04.02.2022;-0,0081225830;-11.531,03;0,5250314133;508.372,45;-0,005697393;-0,00548000
Muster konservativ cVV;05.02.2022;0,0000299259;42,14;0,5250749327;508.414,59;0;-0,00548000
Muster konservativ cVV;06.02.2022;0,0000299250;42,14;0,5251184520;508.456,72;0;-0,00548000
Muster konservativ cVV;07.02.2022;-0,0016382123;-2.306,90;0,5227467836;506.149,83;-0,002263962;-0,00530000
Muster konservativ cVV;08.02.2022;0,0016286221;2.289,64;0,5251223645;508.439,46;-0,000122863;-0,00538000
Muster konservativ cVV;09.02.2022;0,0013910439;1.958,82;0,5271563557;510.398,28;0,002640642;-0,00523000
Muster konservativ cVV;10.02.2022;-0,0017503457;-2.468,20;0,5246179614;507.930,08;-0,002683228;-0,00528000
Muster konservativ cVV;11.02.2022;-0,0000664317;-93,51;0,5245322128;507.836,57;-0,000235076;-0,00523000
Muster konservativ cVV;12.02.2022;0,0000299377;42,14;0,5245757372;507.878,70;0;-0,00523000
Muster konservativ cVV;13.02.2022;0,0000299368;42,14;0,5246192617;507.920,84;0;-0,00523000
Muster konservativ cVV;14.02.2022;0,0005215654;734,18;0,5253884249;508.655,02;0,000672281;-0,00516000
Muster konservativ cVV;15.02.2022;-0,0016709595;-2.353,34;0,5229684557;506.301,68;-0,001491557;-0,00523000
Muster konservativ cVV;16.02.2022;0,0022073060;3.103,53;0,5261849984;509.405,21;0,001862205;-0,00524000
Muster konservativ cVV;17.02.2022;0,0028597520;4.029,76;0,5303584275;513.434,96;0,001743156;-0,00529000
Muster konservativ cVV;18.02.2022;0,0008414439;1.189,09;0,5315976661;514.624,06;0,001861011;-0,00528000
Muster konservativ cVV;19.02.2022;0,0000297751;42,11;0,5316411673;514.666,17;0;-0,00528000
Muster konservativ cVV;20.02.2022;0,0000297742;42,11;0,5316846686;514.708,28;0;-0,00528000
Muster konservativ cVV;21.02.2022;-0,0008635957;-1.221,50;0,5304338053;513.486,78;-0,000885599;-0,00527000
Muster konservativ cVV;22.02.2022;-0,0017246911;-2.437,35;0,5279268770;511.049,43;-0,003342003;-0,00528000
Muster konservativ cVV;23.02.2022;0,0006766253;954,56;0,5289238439;512.004,00;-0,000267699;-0,00529000
Muster konservativ cVV;24.02.2022;-0,0005219656;-736,87;0,5281734767;511.267,12;0,000667622;-0,00530000
Muster konservativ cVV;25.02.2022;-0,0022499408;-3.174,64;0,5249046383;508.092,48;-0,001567772;-0,00528000
Muster konservativ cVV;26.02.2022;0,0000299514;42,17;0,5249481995;508.134,65;0;-0,00528000
Muster konservativ cVV;27.02.2022;0,0000299505;42,17;0,5249917608;508.176,81;0;-0,00528000
Muster konservativ cVV;28.02.2022;0,0034934030;4.918,36;0,5300837479;513.095,17;0,003282669;-0,00533000
Muster konservativ cVV;01.03.2022;0,0103847318;14.671,74;0,5452524540;527.766,91;0,011319464;-0,00534000
Muster konservativ cVV;02.03.2022;-0,0046558880;-6.646,23;0,5383970658;521.120,68;-0,004520797;-0,00532000
Muster konservativ cVV;03.03.2022;0,0003291712;467,70;0,5388913177;521.588,38;-0,000876644;-0,00526000
Muster konservativ cVV;04.03.2022;0,0058445172;8.306,88;0,5474849801;529.895,26;0,005495704;-0,00520000
Muster konservativ cVV;05.03.2022;0,0000295254;42,21;0,5475285913;529.937,47;0;-0,00520000
Muster konservativ cVV;06.03.2022;0,0000295245;42,21;0,5475722025;529.979,68;0;-0,00520000
Muster konservativ cVV;07.03.2022;-0,0067479028;-9.647,49;0,5376154701;520.332,18;-0,005720679;-0,00498000
Muster konservativ cVV;08.03.2022;-0,0020390179;-2.895,52;0,5346347153;517.436,66;-0,005290588;-0,00499000
Muster konservativ cVV;09.03.2022;-0,0049560763;-7.023,55;0,5273885085;510.413,11;-0,003204613;-0,00491000
Muster konservativ cVV;10.03.2022;-0,0013804089;-1.946,56;0,5253879440;508.466,55;-0,004633580;-0,00505000
Muster konservativ cVV;11.03.2022;-0,0007680820;-1.081,60;0,5242810543;507.384,94;-0,001347583;-0,00502000
Muster konservativ cVV;12.03.2022;0,0000299906;42,20;0,5243246596;507.427,14;0;-0,00502000
Muster konservativ cVV;13.03.2022;0,0000299897;42,20;0,5243682649;507.469,34;0;-0,00502000
Muster konservativ cVV;14.03.2022;-0,0025924483;-3.648,07;0,5206093389;503.821,27;-0,003307924;-0,00500000
Muster konservativ cVV;15.03.2022;-0,0031056098;-4.337,57;0,5161388265;499.483,70;0,003979782;-0,00502000
Muster konservativ cVV;16.03.2022;-0,0004334676;-603,54;0,5155267355;498.880,16;-0,003478508;-0,00488000
Muster konservativ cVV;17.03.2022;0,0022776229;3.169,88;0,5188140252;502.050,04;-0,000629708;-0,00493000
Muster konservativ cVV;18.03.2022;0,0013733719;1.915,74;0,5208054135;503.965,78;0,001796176;-0,00487000
Muster konservativ cVV;19.03.2022;0,0000302426;42,24;0,5208490689;504.008,02;0;-0,00487000
Muster konservativ cVV;20.03.2022;0,0000302417;42,24;0,5208927242;504.050,27;0;-0,00487000
Muster konservativ cVV;21.03.2022;-0,0012609486;-1.761,44;0,5190840585;502.288,82;-0,002456409;-0,00494000
Muster konservativ cVV;22.03.2022;-0,0031902939;-4.450,96;0,5144957943;497.837,86;-0,003489608;-0,00499000
Muster konservativ cVV;23.03.2022;0,0051017955;7.095,10;0,5218399786;504.932,96;0,001070435;-0,00493000
Muster konservativ cVV;24.03.2022;0,0000694492;97,08;0,5219519834;505.030,04;-0,002198316;-0,00483000
Muster konservativ cVV;25.03.2022;-0,0012963257;-1.812,13;0,5200907639;503.217,91;-0,002159949;-0,00477000
Muster konservativ cVV;26.03.2022;0,0000302961;42,30;0,5201344781;503.260,20;0;-0,00477000
Muster konservativ cVV;27.03.2022;0,0000302952;42,30;0,5201781922;503.302,50;0;-0,00477000
Muster konservativ cVV;28.03.2022;-0,0024656626;-3.442,49;0,5166318272;499.860,01;-0,001767657;-0,00477000
Muster konservativ cVV;29.03.2022;-0,0043271312;-6.026,52;0,5104145041;493.833,50;-0,002578702;-0,00473000
Muster konservativ cVV;30.03.2022;0,0015959623;2.213,12;0,5127133812;496.046,62;-0,001957159;-0,00464000
Muster konservativ cVV;31.03.2022;0,0039791857;5.526,75;0,5184373915;501.573,37;0,005276768;-0,00458000
Muster konservativ cVV;01.04.2022;-0,0003696943;-515,52;0,5179160910;501.057,85;-0,001195180;-0,00461000
Muster konservativ cVV;02.04.2022;0,0000303023;42,24;0,5179597513;501.100,09;0;-0,00461000
Muster konservativ cVV;03.04.2022;0,0000303013;42,24;0,5180034115;501.142,33;0;-0,00461000
Muster konservativ cVV;04.04.2022;0,0036718531;5.118,60;0,5233058921;506.260,93;0,002472318;-0,00447000
Muster konservativ cVV;05.04.2022;-0,0029719826;-4.158,19;0,5190192674;502.102,74;-0,004049553;-0,00467000
Muster konservativ cVV;06.04.2022;-0,0013051515;-1.820,65;0,5171487923;500.282,10;-0,001026443;-0,00463000
Muster konservativ cVV;07.04.2022;-0,0015896264;-2.214,59;0,5148709968;498.067,51;-0,001886907;-0,00465000
Muster konservativ cVV;08.04.2022;0,0022828428;3.175,29;0,5181649322;501.242,79;-0,001275056;-0,00449000
Muster konservativ cVV;09.04.2022;0,0000275869;38,46;0,5182046898;501.281,25;0;-0,00449000
Muster konservativ cVV;10.04.2022;0,0000275862;38,46;0,5182444474;501.319,71;0;-0,00449000
Muster konservativ cVV;11.04.2022;-0,0033238743;-4.634,10;0,5134653061;496.685,61;-0,004702919;-0,00435000
Muster konservativ cVV;12.04.2022;0,0020658037;2.870,54;0,5164442991;499.556,15;0,001757187;-0,00433000
Muster konservativ cVV;13.04.2022;0,0006242414;869,21;0,5173543783;500.425,36;0,000814552;-0,00448000
Muster konservativ cVV;14.04.2022;-0,0006090143;-848,54;0,5164885975;499.576,83;-0,001141349;-0,00452000
Muster konservativ cVV;15.04.2022;0,0000501955;69,89;0,5165723135;499.646,72;0;-0,00452000
Muster konservativ cVV;16.04.2022;0,0000302381;42,11;0,5166158469;499.688,83;0;-0,00452000
Muster konservativ cVV;17.04.2022;0,0000302372;42,11;0,5166593802;499.730,94;0;-0,00452000
Muster konservativ cVV;18.04.2022;-0,0000052856;-7,36;0,5166632214;499.723,57;0;-0,00452000
Muster konservativ cVV;19.04.2022;-0,0030413452;-4.235,35;0,5122956481;495.488,22;-0,002675092;-0,00468000
Muster konservativ cVV;20.04.2022;0,0008230971;1.142,75;0,5134885313;496.630,98;0,001445801;-0,00475000
Muster konservativ cVV;21.04.2022;-0,0029094112;-4.042,62;0,5093199555;492.588,35;-0,004154658;-0,00463000
Muster konservativ cVV;22.04.2022;-0,0026562108;-3.680,06;0,5055260716;488.908,29;-0,003067053;-0,00427000
Muster konservativ cVV;23.04.2022;0,0000304474;42,07;0,5055695731;488.950,36;0;-0,00427000
Muster konservativ cVV;24.04.2022;0,0000304465;42,07;0,5056130746;488.992,43;0;-0,00427000
Muster konservativ cVV;25.04.2022;-0,0002059371;-284,58;0,5053299946;488.707,85;0,004763254;-0,00415000
Muster konservativ cVV;26.04.2022;0,0013772824;1.902,82;0,5073087407;490.610,67;0,001582281;-0,00430000
Muster konservativ cVV;27.04.2022;-0,0017201006;-2.379,72;0,5048591702;488.230,95;0,000026275;-0,00445000
Muster konservativ cVV;28.04.2022;-0,0008827351;-1.219,14;0,5036096166;487.011,81;-0,004167578;-0,00438000
Muster konservativ cVV;29.04.2022;-0,0005464723;-754,07;0,5028409407;486.257,74;-0,002427752;-0,00429000
Muster konservativ cVV;30.04.2022;0,0000305320;42,11;0,5028844843;486.299,85;0;-0,00429000
Muster konservativ cVV;01.05.2022;0,0000305311;42,11;0,5029280278;486.341,96;0;-0,00429000
Muster konservativ cVV;02.05.2022;-0,0031048941;-4.282,30;0,4985106729;482.059,66;0,000666463;-0,00416000
Muster konservativ cVV;03.05.2022;-0,0008638670;-1.187,75;0,4972933395;480.871,90;-0,000598692;-0,00425000
Muster konservativ cVV;04.05.2022;-0,0017911489;-2.460,57;0,4947596333;478.411,33;-0,002422749;-0,00427000
Muster konservativ cVV;05.05.2022;0,0002335514;320,26;0,4951017362;478.731,59;-0,000685811;-0,00421000
Muster konservativ cVV;06.05.2022;-0,0054174029;-7.430,51;0,4874278643;471.301,09;-0,006596924;-0,00426000
Muster konservativ cVV;07.05.2022;0,0000308385;42,07;0,4874713727;471.343,16;0;-0,00426000
Muster konservativ cVV;08.05.2022;0,0000308375;42,07;0,4875148811;471.385,22;0;-0,00426000
Muster konservativ cVV;09.05.2022;-0,0037062626;-5.056,28;0,4822961885;466.328,94;0,002203485;-0,00402000
Muster konservativ cVV;10.05.2022;0,0009885338;1.343,61;0,4836964322;467.672,56;0,003846008;-0,00417000
Muster konservativ cVV;11.05.2022;0,0018103767;2.463,09;0,4862545922;470.135,65;0,000498348;-0,00414000
Muster konservativ cVV;12.05.2022;0,0048615508;6.626,31;0,4931189121;476.761,96;0,006039415;-0,00406000
Muster konservativ cVV;13.05.2022;-0,0024499598;-3.355,54;0,4896589901;473.406,42;-0,002245253;-0,00403000
Muster konservativ cVV;14.05.2022;0,0000307999;42,08;0,4897025159;473.448,50;0;-0,00403000
Muster konservativ cVV;15.05.2022;0,0000307989;42,08;0,4897460417;473.490,58;0;-0,00403000
Muster konservativ cVV;16.05.2022;0,0000682637;93,27;0,4898532542;473.583,85;0,000361828;-0,00403000
Muster konservativ cVV;17.05.2022;-0,0027443798;-3.750,06;0,4859850098;469.833,79;-0,004673262;-0,00380000
Muster konservativ cVV;18.05.2022;-0,0006033422;-822,18;0,4851451936;469.011,62;-0,000107220;-0,00368000
Muster konservativ cVV;19.05.2022;0,0016187085;2.204,49;0,4874361787;471.216,10;0,001433593;-0,00348000
Muster konservativ cVV;20.05.2022;-0,0003224734;-439,88;0,4869918079;470.776,22;0,000678991;-0,00348000
Muster konservativ cVV;21.05.2022;0,0000308005;42,00;0,4870352555;470.818,22;0;-0,00348000
Muster konservativ cVV;22.05.2022;0,0000307995;42,00;0,4870787031;470.860,22;0;-0,00348000
Muster konservativ cVV;23.05.2022;-0,0040923938;-5.580,91;0,4813160811;465.279,31;-0,002492399;-0,00363000
Muster konservativ cVV;24.05.2022;0,0012821398;1.741,33;0,4831279895;467.020,65;0,002233400;-0,00356000
Muster konservativ cVV;25.05.2022;0,0000584498;79,49;0,4832207676;467.100,13;0,000452817;-0,00351000
Muster konservativ cVV;26.05.2022;-0,0011888489;-1.616,80;0,4815586813;465.483,33;-0,000551084;-0,00352000
Muster konservativ cVV;27.05.2022;0,0027315819;3.710,45;0,4854078558;469.193,78;0,000939847;-0,00368000
Muster konservativ cVV;28.05.2022;0,0000308165;41,97;0,4854512802;469.235,76;0;-0,00368000
Muster konservativ cVV;29.05.2022;0,0000308155;41,97;0,4854947047;469.277,73;0;-0,00368000
Muster konservativ cVV;30.05.2022;-0,0015001779;-2.043,46;0,4833911652;467.234,27;-0,003408808;-0,00354000
Muster konservativ cVV;31.05.2022;-0,0022295387;-3.032,40;0,4802643688;464.201,87;-0,003306572;-0,00338000
Muster konservativ cVV;01.06.2022;-0,0002187018;-296,79;0,4799677570;463.905,08;-0,001830077;-0,00335000
Muster konservativ cVV;02.06.2022;-0,0021379693;-2.900,74;0,4769769611;461.004,34;-0,003099890;-0,00327000
Muster konservativ cVV;03.06.2022;-0,0018809048;-2.546,50;0,4743525446;458.457,83;-0,002125622;-0,00328000
Muster konservativ cVV;04.06.2022;0,0000336558;45,48;0,4743996013;458.503,31;0;-0,00328000
Muster konservativ cVV;05.06.2022;0,0000336547;45,48;0,4744466580;458.548,79;0;-0,00328000
Muster konservativ cVV;06.06.2022;-0,0008023040;-1.084,25;0,4733351105;457.464,54;-0,001878808;-0,00314000
Muster konservativ cVV;07.06.2022;0,0008983749;1.213,10;0,4746006128;458.677,65;0,001361513;-0,00298000
Muster konservativ cVV;08.06.2022;-0,0022174435;-2.996,98;0,4715098365;455.680,67;-0,002655470;-0,00302000
Muster konservativ cVV;09.06.2022;-0,0041334601;-5.574,17;0,4657521414;450.106,50;-0,006026087;-0,00282000
Muster konservativ cVV;10.06.2022;-0,0030714805;-4.124,92;0,4614938509;445.981,58;-0,005781083;-0,00298000
Muster konservativ cVV;11.06.2022;0,0000340046;45,53;0,4615409616;446.027,11;0;-0,00298000
Muster konservativ cVV;12.06.2022;0,0000340035;45,53;0,4615880722;446.072,64;0;-0,00298000
Muster konservativ cVV;13.06.2022;-0,0125363301;-16.785,40;0,4442284682;429.287,24;-0,009876947;-0,00281000
Muster konservativ cVV;14.06.2022;-0,0071319326;-9.429,52;0,4344801695;419.857,72;-0,005120175;-0,00243000
Muster konservativ cVV;15.06.2022;0,0038063597;4.996,71;0,4396604178;424.854,42;0,005606809;-0,00182000
Muster konservativ cVV;16.06.2022;-0,0059339417;-7.819,29;0,4315779731;417.035,13;-0,005537563;-0,00172000
Muster konservativ cVV;17.06.2022;0,0009974262;1.306,53;0,4329394317;418.341,67;0,001614039;-0,00169000
Muster konservativ cVV;18.06.2022;0,0000346761;45,47;0,4329864859;418.387,13;0;-0,00169000
Muster konservativ cVV;19.06.2022;0,0000346749;45,47;0,4330335401;418.432,60;0;-0,00169000
Muster konservativ cVV;20.06.2022;-0,0006035693;-791,46;0,4322238071;417.641,14;-0,001690332;-0,00178000
Muster konservativ cVV;21.06.2022;-0,0009808448;-1.285,41;0,4309028305;416.355,73;-0,000940895;-0,00163000
Muster konservativ cVV;22.06.2022;0,0016424384;2.150,32;0,4331376344;418.506,05;0,005513575;-0,00172000
Muster konservativ cVV;23.06.2022;0,0049990116;6.555,57;0,4399318964;425.061,63;0,010680008;-0,00186000
Muster konservativ cVV;24.06.2022;-0,0003432539;-452,38;0,4394731669;424.609,24;0,000114291;-0,00218000
Muster konservativ cVV;25.06.2022;0,0000310238;40,87;0,4395154709;424.650,12;0;-0,00218000
Muster konservativ cVV;26.06.2022;0,0000310228;40,87;0,4395577749;424.690,99;0;-0,00218000
Muster konservativ cVV;27.06.2022;-0,0033789352;-4.451,95;0,4349593621;420.239,04;-0,005008124;-0,00218000
Muster konservativ cVV;28.06.2022;-0,0046569296;-6.115,05;0,4286393523;414.124,00;-0,004653524;-0,00211000
Muster konservativ cVV;29.06.2022;0,0031189059;4.076,38;0,4328679405;418.200,38;0,005446570;-0,00191000
Muster konservativ cVV;30.06.2022;0,0020785869;2.725,17;0,4356980689;420.925,55;0,005651081;-0,00195000
Muster konservativ cVV;01.07.2022;0,0053814098;7.070,06;0,4430257874;427.995,61;0,009224441;-0,00176000
Muster konservativ cVV;02.07.2022;0,0000352583;46,57;0,4430739942;428.042,18;0;-0,00176000
Muster konservativ cVV;03.07.2022;0,0000352571;46,57;0,4431222011;428.088,75;0;-0,00176000
Muster konservativ cVV;04.07.2022;0,0001300476;171,79;0,4433095536;428.260,54;-0,006689451;-0,00165000
Muster konservativ cVV;05.07.2022;0,0029393703;3.883,29;0,4473389112;432.143,83;0,008596708;-0,00145000
Muster konservativ cVV;06.07.2022;0,0020106553;2.664,14;0,4501063979;434.807,97;0,003274446;-0,00152000
Muster konservativ cVV;07.07.2022;-0,0002473796;-328,44;0,4497760577;434.479,53;-0,005173077;-0,00141000
Muster konservativ cVV;08.07.2022;0,0010971753;1.456,33;0,4512933459;435.935,86;0,000823953;-0,00087000
Muster konservativ cVV;09.07.2022;0,0000307409;40,85;0,4513356336;435.976,71;0;-0,00087000
Muster konservativ cVV;10.07.2022;0,0000351377;46,69;0,4513839711;436.023,40;0;-0,00087000
Muster konservativ cVV;11.07.2022;0,0016772611;2.228,90;0,4537011194;438.252,30;0,005052652;-0,00070000
Muster konservativ cVV;12.07.2022;0,0025735348;3.425,68;0,4572573625;441.677,98;0,004802801;-0,00058000
Muster konservativ cVV;13.07.2022;-0,0004112326;-548,81;0,4566989785;441.129,18;-0,003561719;-0,00052000
Muster konservativ cVV;14.07.2022;-0,0036248966;-4.835,60;0,4517023736;436.293,57;-0,002620817;0,00002000
Muster konservativ cVV;15.07.2022;0,0011340672;1.507,36;0,4532726671;437.800,93;0,003107127;0,00072000
Muster konservativ cVV;16.07.2022;0,0000358918;47,76;0,4533221150;437.848,69;0;0,00072000
Muster konservativ cVV;17.07.2022;0,0000358905;47,76;0,4533715629;437.896,45;0;0,00072000
Muster konservativ cVV;18.07.2022;-0,0017196211;-2.288,41;0,4510119263;435.608,04;-0,003419198;0,00047000
Muster konservativ cVV;19.07.2022;-0,0007523176;-999,44;0,4499867669;434.608,61;-0,003763852;0,00042000
Muster konservativ cVV;20.07.2022;0,0033139079;4.399,13;0,4545512709;439.007,74;0,001945143;0,00125000
Muster konservativ cVV;21.07.2022;0,0027622570;3.678,98;0,4583702986;442.686,72;0,000549791;0,00145000
Muster konservativ cVV;22.07.2022;0,0102813959;13.731,37;0,4725982261;456.418,09;0,011086074;0,00200000
Muster konservativ cVV;23.07.2022;0,0000353896;47,75;0,4726476697;456.465,84;0;0,00200000
Muster konservativ cVV;24.07.2022;0,0000353884;47,75;0,4726971132;456.513,59;0;0,00200000
Muster konservativ cVV;25.07.2022;0,0011703581;1.579,26;0,4743424746;458.092,85;0,001630917;0,00233000
Muster konservativ cVV;26.07.2022;0,0069648722;9.409,27;0,4840958313;467.502,12;0,003362500;0,00212000
Muster konservativ cVV;27.07.2022;-0,0028208734;-3.837,43;0,4801324216;463.664,69;-0,000253958;0,00238000
Muster konservativ cVV;28.07.2022;0,0077756192;10.547,88;0,4910653820;474.212,57;0,007486062;0,00267000
Muster konservativ cVV;29.07.2022;0,0036182465;4.946,43;0,4961981648;479.159,00;-0,000922205;0,00232000
Muster konservativ cVV;30.07.2022;0,0000348454;47,81;0,4962476737;479.206,81;0;0,00232000
Muster konservativ cVV;31.07.2022;0,0000348442;47,81;0,4962971826;479.254,62;0;0,00232000
Muster konservativ cVV;01.08.2022;0,0048339056;6.632,71;0,5031764587;485.887,33;0,002913565;0,00246000
Muster konservativ cVV;02.08.2022;-0,0027633326;-3.809,96;0,4992415446;482.077,37;-0,001234270;0,00260000
Muster konservativ cVV;03.08.2022;-0,0046090322;-6.337,17;0,4926892135;475.740,20;-0,004306773;0,00252000
Muster konservativ cVV;04.08.2022;0,0039117018;5.353,59;0,4982441108;481.093,79;0,002955410;0,00269000
Muster konservativ cVV;05.08.2022;-0,0071452094;-9.817,24;0,4880872552;471.276,55;-0,005864518;0,00277000
Muster konservativ cVV;06.08.2022;0,0000334542;45,64;0,4881345194;471.322,18;0;0,00277000
Muster konservativ cVV;07.08.2022;0,0000334530;45,64;0,4881817836;471.367,82;0;0,00277000
Muster konservativ cVV;08.08.2022;0,0075173357;10.255,42;0,4988135989;481.623,24;0,001814244;0,00301000
Muster konservativ cVV;09.08.2022;-0,0004959981;-681,75;0,4981180812;480.941,49;-0,001849538;0,00321000
Muster konservativ cVV;10.08.2022;-0,0004512645;-619,95;0,4974865300;480.321,54;0,002551523;0,00325000
Muster konservativ cVV;11.08.2022;-0,0021858192;-3.001,54;0,4943881919;477.320,00;-0,002846631;0,00321000
Muster konservativ cVV;12.08.2022;0,0013080814;1.792,32;0,4962551036;479.112,31;-0,001031546;0,00333000
Muster konservativ cVV;13.08.2022;0,0000348501;47,81;0,4963046280;479.160,13;0;0,00333000
Muster konservativ cVV;14.08.2022;0,0000348488;47,81;0,4963541524;479.207,94;0;0,00333000
Muster konservativ cVV;15.08.2022;0,0030888577;4.238,15;0,5007545350;483.446,09;0,003684146;0,00339000
Muster konservativ cVV;16.08.2022;-0,0008642434;-1.189,47;0,4995330410;482.256,62;-0,003052082;0,00333000
Muster konservativ cVV;17.08.2022;-0,0070371514;-9.676,96;0,4895197578;472.579,66;-0,006778709;0,00351000
Muster konservativ cVV;18.08.2022;-0,0008279824;-1.130,57;0,4883589795;471.449,09;-0,001535880;0,00391000
Muster konservativ cVV;19.08.2022;-0,0042264214;-5.766,18;0,4823961635;465.682,91;-0,006415892;0,00430000
Muster konservativ cVV;20.08.2022;0,0000352386;47,87;0,4824457551;465.730,79;0;0,00430000
Muster konservativ cVV;21.08.2022;0,0000352374;47,87;0,4824953468;465.778,66;0;0,00430000
Muster konservativ cVV;22.08.2022;-0,0025954312;-3.526,27;0,4788526189;462.252,39;-0,003964689;0,00453000
Muster konservativ cVV;23.08.2022;-0,0000438469;-59,42;0,4788011635;462.192,97;-0,001046135;0,00468000
Muster konservativ cVV;24.08.2022;-0,0050328001;-6.819,75;0,4717462980;455.373,22;-0,002006226;0,00493000
Muster konservativ cVV;25.08.2022;0,0037701202;5.083,03;0,4770221387;460.456,25;0,002828294;0,00518000
Muster konservativ cVV;26.08.2022;-0,0012646380;-1.711,47;0,4752591054;458.744,79;-0,004353973;0,00542000
Muster konservativ cVV;27.08.2022;0,0000354699;47,94;0,4753087728;458.792,73;0;0,00542000
Muster konservativ cVV;28.08.2022;0,0000354686;47,94;0,4753584402;458.840,67;0;0,00542000
Muster konservativ cVV;29.08.2022;-0,0044881382;-6.066,65;0,4690832624;452.774,01;-0,005323342;0,00582000
Muster konservativ cVV;30.08.2022;-0,0065561376;-8.822,21;0,4599529392;443.951,80;-0,002114063;0,00620000
Muster konservativ cVV;31.08.2022;-0,0033503219;-4.478,78;0,4553223066;439.473,02;-0,003039780;0,00654000
Muster konservativ cVV;01.09.2022;-0,0028740227;-3.829,18;0,4513645138;435.643,85;-0,001365218;0,00712000
Muster konservativ cVV;02.09.2022;0,0009215926;1.224,35;0,4526425457;436.868,19;0,004630350;0,00763000
Muster konservativ cVV;03.09.2022;0,0000343385;45,66;0,4526898556;436.913,85;0;0,00763000
Muster konservativ cVV;04.09.2022;0,0000360113;47,89;0,4527394718;436.961,74;0;0,00763000
Muster konservativ cVV;05.09.2022;-0,0016807036;-2.235,05;0,4504331716;434.726,69;-0,002779705;0,00783000
Muster konservativ cVV;06.09.2022;-0,0013432464;-1.783,29;0,4485948640;432.943,41;-0,000689529;0,00816000
Muster konservativ cVV;07.09.2022;0,0001218042;161,49;0,4487715984;433.104,89;0,001336717;0,00822000
Muster konservativ cVV;08.09.2022;-0,0033106666;-4.389,85;0,4442322573;428.715,04;-0,006838984;0,00836000
Muster konservativ cVV;09.09.2022;0,0026364380;3.484,27;0,4478520185;432.199,31;0,001145189;0,00934000
Muster konservativ cVV;10.09.2022;0,0000361110;47,85;0,4479016008;432.247,16;0;0,00934000
Muster konservativ cVV;11.09.2022;0,0000361097;47,85;0,4479511832;432.295,01;0;0,00934000
Muster konservativ cVV;12.09.2022;0,0024886721;3.297,90;0,4513779634;435.592,91;0,003111263;0,00988000
Muster konservativ cVV;13.09.2022;-0,0024974684;-3.317,79;0,4479493137;432.275,12;-0,004613832;0,01000000
Muster konservativ cVV;14.09.2022;0,0022784848;3.019,32;0,4510875417;435.294,44;-0,000382981;0,01013000
Muster konservativ cVV;15.09.2022;-0,0054206220;-7.199,47;0,4436361383;428.094,97;-0,002378559;0,01030000
Muster konservativ cVV;16.09.2022;-0,0021593511;-2.852,42;0,4406893668;425.242,55;-0,003324402;0,01063000
Muster konservativ cVV;17.09.2022;0,0000396291;52,24;0,4407434998;425.294,78;0;0,01063000
Muster konservativ cVV;18.09.2022;0,0000396275;52,24;0,4407976328;425.347,02;0;0,01063000
Muster konservativ cVV;19.09.2022;-0,0031099205;-4.099,54;0,4365582861;421.247,48;-0,000497161;0,01066000
Muster konservativ cVV;20.09.2022;-0,0055200594;-7.253,99;0,4290495852;413.993,48;-0,006693468;0,01100000
Muster konservativ cVV;21.09.2022;0,0007450055;966,80;0,4300616498;414.960,28;-0,000149312;0,01118000
Muster konservativ cVV;22.09.2022;-0,0035039435;-4.550,48;0,4253555604;410.409,80;-0,005091532;0,01120000
Muster konservativ cVV;23.09.2022;0,0007201534;931,97;0,4263314738;411.341,77;-0,002865307;0,01153000
Muster konservativ cVV;24.09.2022;0,0000404507;52,39;0,4263857687;411.394,16;0;0,01153000
Muster konservativ cVV;25.09.2022;0,0000404491;52,39;0,4264400636;411.446,54;0;0,01153000
Muster konservativ cVV;26.09.2022;-0,0084787903;-10.981,38;0,4150682450;400.465,16;-0,003230625;0,01168000
Muster konservativ cVV;27.09.2022;-0,0027262047;-3.500,93;0,4114492984;396.964,23;-0,003982227;0,01228000
Muster konservativ cVV;28.09.2022;0,0011873358;1.520,59;0,4130350577;398.484,82;0,002473998;0,01193000
Muster konservativ cVV;29.09.2022;-0,0045314594;-5.810,23;0,4070222112;392.674,59;-0,001715435;0,01160000
Muster konservativ cVV;30.09.2022;0,0019620016;2.504,27;0,4096275765;395.178,87;0,003886453;0,01173000
Muster konservativ cVV;01.10.2022;0,0000400871;51,27;0,4096807180;395.230,13;0;0,01173000
Muster konservativ cVV;02.10.2022;0,0000408460;52,24;0,4097348677;395.282,37;0;0,01173000
Muster konservativ cVV;03.10.2022;0,0089651375;11.466,37;0,4216303388;406.748,74;0,008856458;0,01185000
Muster konservativ cVV;04.10.2022;0,0015298767;1.974,25;0,4236867252;408.722,99;0,003623631;0,01173000
Muster konservativ cVV;05.10.2022;-0,0048504966;-6.268,96;0,4171980090;402.454,03;-0,006332088;0,01200000
Muster konservativ cVV;06.10.2022;-0,0011928887;-1.534,25;0,4156172567;400.919,78;-0,004384822;0,01248000
Muster konservativ cVV;07.10.2022;-0,0034249355;-4.399,78;0,4110657774;396.520,00;-0,004003116;0,01288000
Muster konservativ cVV;08.10.2022;0,0000440276;56,37;0,4111242107;396.576,36;0;0,01288000
Muster konservativ cVV;09.10.2022;0,0000440257;56,37;0,4111826440;396.632,73;0;0,01288000
Muster konservativ cVV;10.10.2022;-0,0047325227;-6.059,26;0,4049105534;390.573,46;-0,004142086;0,01319000
Muster konservativ cVV;11.10.2022;-0,0015960220;-2.033,79;0,4028115037;388.539,67;0,001622440;0,01340000
Muster konservativ cVV;12.10.2022;-0,0028159297;-3.582,57;0,3991066389;384.957,10;-0,001583796;0,01363000
Muster konservativ cVV;13.10.2022;0,0014881558;1.887,98;0,4010733566;386.845,08;-0,001407326;0,01378000
Muster konservativ cVV;14.10.2022;0,0029501030;3.748,28;0,4049689260;390.593,35;0,000129058;0,01403000
Muster konservativ cVV;15.10.2022;0,0000442110;56,34;0,4050273379;390.649,69;0;0,01403000
Muster konservativ cVV;16.10.2022;0,0000442091;56,34;0,4050857498;390.706,03;0;0,01403000
Muster konservativ cVV;17.10.2022;-0,0020732082;-2.642,14;0,4023557364;388.063,90;0,001496524;0,01458000
Muster konservativ cVV;18.10.2022;-0,0008994366;-1.143,88;0,4011790585;386.920,01;0,001261237;0,01456000
Muster konservativ cVV;19.10.2022;-0,0013783936;-1.751,43;0,3993723664;385.168,58;-0,005475418;0,01462000
Muster konservativ cVV;20.10.2022;-0,0017776373;-2.255,61;0,3970428020;382.912,97;-0,001585382;0,01502000
Muster konservativ cVV;21.10.2022;-0,0007975836;-1.010,24;0,3960044803;381.902,73;-0,000578031;0,01543000
Muster konservativ cVV;22.10.2022;0,0000466119;58,99;0,3960656513;381.961,72;0;0,01543000
Muster konservativ cVV;23.10.2022;0,0000466097;58,99;0,3961268223;382.020,72;0;0,01543000
Muster konservativ cVV;24.10.2022;0,0042812981;5.418,98;0,4017552258;387.439,70;0,003458932;0,01558000
Muster konservativ cVV;25.10.2022;0,0047762653;6.071,36;0,4080603850;393.511,06;0,005779342;0,01577000
Muster konservativ cVV;26.10.2022;0,0041963859;5.359,72;0,4136278656;398.870,78;0,001955588;0,01578000
Muster konservativ cVV;27.10.2022;0,0040649355;5.213,62;0,4190440853;404.084,40;0,006853368;0,01605000
Muster konservativ cVV;28.10.2022;-0,0028901632;-3.721,94;0,4151939676;400.362,46;-0,004461766;0,01641000
Muster konservativ cVV;29.10.2022;0,0000457635;58,76;0,4152549083;400.421,22;0;0,01641000
Muster konservativ cVV;30.10.2022;0,0000457614;58,76;0,4153158491;400.479,99;0;0,01641000
Muster konservativ cVV;31.10.2022;-0,0003748490;-481,38;0,4148262414;399.998,61;-0,001558022;0,01704000
Muster konservativ cVV;01.11.2022;0,0022740936;2.919,28;0,4178634051;402.917,89;0,002165588;0,01737000
Muster konservativ cVV;02.11.2022;0,0014858134;1.911,69;0,4198557185;404.829,58;-0,000966313;0,01726000
Muster konservativ cVV;03.11.2022;-0,0040032057;-5.158,30;0,4145155379;399.671,28;-0,005395259;0,01732000
Muster konservativ cVV;04.11.2022;0,0007174597;920,78;0,4154801111;400.592,06;-0,001035010;0,01734000
Muster konservativ cVV;05.11.2022;0,0000461949;59,33;0,4155416443;400.651,39;0;0,01734000
Muster konservativ cVV;06.11.2022;0,0000461927;59,33;0,4156031775;400.710,71;0;0,01734000
Muster konservativ cVV;07.11.2022;-0,0009255498;-1.188,80;0,4143797655;399.521,92;-0,000700835;0,01742000
Muster konservativ cVV;08.11.2022;0,0032320781;4.147,51;0,4186911845;403.669,43;0,001107524;0,01791000
Muster konservativ cVV;09.11.2022;0,0017241709;2.219,67;0,4210031621;405.889,10;0,003831957;0,01802000
Muster konservativ cVV;10.11.2022;0,0065387064;8.432,33;0,4297593909;414.321,43;0,008756681;0,01798000
Muster konservativ cVV;11.11.2022;-0,0017841567;-2.315,90;0,4273670489;412.005,53;-0,005379092;0,01762000
Muster konservativ cVV;12.11.2022;0,0000456599;59,16;0,4274284171;412.064,69;0;0,01762000
Muster konservativ cVV;13.11.2022;0,0000456578;59,16;0,4274897853;412.123,85;0;0,01762000
Muster konservativ cVV;14.11.2022;0,0003949730;511,82;0,4280305456;412.635,67;0,000787632;0,01791000
Muster konservativ cVV;15.11.2022;0,0044772085;5.804,02;0,4340610981;418.439,70;0,002310832;0,01795000
Muster konservativ cVV;16.11.2022;-0,0001691271;-220,23;0,4338426271;418.219,47;0,003157786;0,01803000
Muster konservativ cVV;17.11.2022;-0,0023171309;-3.016,75;0,4307230880;415.202,72;-0,000980466;0,01802000
Muster konservativ cVV;18.11.2022;0,0005762973;748,56;0,4315095466;415.951,28;0,001406666;0,01821000
Muster konservativ cVV;19.11.2022;0,0000454852;59,12;0,4315708733;416.010,40;0;0,01821000
Muster konservativ cVV;20.11.2022;0,0000454832;59,12;0,4316322000;416.069,51;0;0,01821000
Muster konservativ cVV;21.11.2022;0,0042431835;5.515,21;0,4373637509;421.584,73;0,001326209;0,01817000
Muster konservativ cVV;22.11.2022;0,0007864982;1.026,61;0,4384388534;422.611,34;0,000450190;0,01863000
Muster konservativ cVV;23.11.2022;0,0028672300;3.745,53;0,4423348099;426.356,87;0,001119338;0,01898000
Muster konservativ cVV;24.11.2022;0,0049509582;6.486,10;0,4490742772;432.842,97;0,004218483;0,01908000
Muster konservativ cVV;25.11.2022;-0,0060855378;-8.011,95;0,4407719870;424.831,02;-0,005081595;0,01922000
Muster konservativ cVV;26.11.2022;0,0000443913;58,09;0,4408322546;424.889,11;0;0,01922000
Muster konservativ cVV;27.11.2022;0,0000451954;59,14;0,4408936166;424.948,25;0;0,01922000
Muster konservativ cVV;28.11.2022;-0,0015321923;-2.005,12;0,4388233099;422.943,13;0,000335695;0,01954000
Muster konservativ cVV;29.11.2022;0,0033721351;4.406,22;0,4434051212;427.349,35;0,004198734;0,01984000
Muster konservativ cVV;30.11.2022;0,0004637997;608,07;0,4440461978;427.957,42;-0,001901159;0,01973000
Muster konservativ cVV;01.12.2022;0,0051087056;6.700,94;0,4510093664;434.658,36;0,007584917;0,01972000
Muster konservativ cVV;02.12.2022;-0,0004697101;-619,25;0,4503771139;434.039,11;-0,002123817;0,01975000
Muster konservativ cVV;03.12.2022;0,0000446897;58,89;0,4504382206;434.098,00;0;0,01975000
Muster konservativ cVV;04.12.2022;0,0000446877;58,89;0,4504993273;434.156,89;0;0,01975000
Muster konservativ cVV;05.12.2022;-0,0019916896;-2.624,79;0,4477859686;431.532,10;-0,000043028;0,01975000
Muster konservativ cVV;06.12.2022;0,0035135827;4.621,22;0,4525915852;436.153,32;0,003223898;0,01993000
Muster konservativ cVV;07.12.2022;0,0007564878;998,46;0,4536380319;437.151,79;0,001145027;0,01977000
Muster konservativ cVV;08.12.2022;-0,0036747853;-4.853,89;0,4486113170;432.297,89;-0,000763204;0,01990000
Muster konservativ cVV;09.12.2022;-0,0018579842;-2.445,13;0,4460840892;429.852,76;-0,005034735;0,02005000
Muster konservativ cVV;10.12.2022;0,0000447970;58,84;0,4461451550;429.911,61;0;0,02005000
Muster konservativ cVV;11.12.2022;0,0000447950;58,84;0,4462062208;429.970,45;0;0,02005000
Muster konservativ cVV;12.12.2022;0,0002489886;327,09;0,4465558392;430.297,54;-0,000688084;0,02052000
Muster konservativ cVV;13.12.2022;0,0028053145;3.686,21;0,4503915878;433.983,76;0,002123079;0,02046000
Muster konservativ cVV;14.12.2022;-0,0013823206;-1.821,48;0,4485114524;432.162,28;0,000362649;0,02081000
Muster konservativ cVV;15.12.2022;-0,0060153221;-7.915,41;0,4403066085;424.246,87;-0,009296058;0,02062000
Muster konservativ cVV;16.12.2022;-0,0043881100;-5.739,47;0,4343597482;418.507,40;-0,004610580;0,02047000
Muster konservativ cVV;17.12.2022;0,0000451760;58,83;0,4344208056;418.566,22;0;0,02047000
Muster konservativ cVV;18.12.2022;0,0000451739;58,83;0,4344818630;418.625,05;0;0,02047000
Muster konservativ cVV;19.12.2022;0,0012941234;1.685,39;0,4362410025;420.310,44;-0,000029317;0,02063000
Muster konservativ cVV;20.12.2022;-0,0024582180;-3.205,57;0,4329237653;417.104,87;-0,004232513;0,02081000
Muster konservativ cVV;21.12.2022;0,0016384373;2.131,31;0,4351457830;419.236,17;-0,000074211;0,02102000
Muster konservativ cVV;22.12.2022;-0,0023515782;-3.063,99;0,4319753231;416.172,19;-0,001885743;0,02125000
Muster konservativ cVV;23.12.2022;-0,0017649306;-2.294,21;0,4296037421;413.877,98;-0,001847100;0,02141000
Muster konservativ cVV;24.12.2022;0,0000456785;59,27;0,4296652661;413.937,25;0;0,02141000
Muster konservativ cVV;25.12.2022;0,0000456764;59,27;0,4297267902;413.996,52;0;0,02141000
Muster konservativ cVV;26.12.2022;0,0000694295;90,10;0,4298300556;414.086,62;0;0,02141000
Muster konservativ cVV;27.12.2022;0,0006846653;888,56;0,4307621552;414.975,18;-0,004554804;0,02128000
Muster konservativ cVV;28.12.2022;-0,0023549274;-3.058,32;0,4275971733;411.916,87;0,000943793;0,02202000
Muster konservativ cVV;29.12.2022;0,0010691859;1.385,27;0,4290448843;413.302,14;0,001947869;0,02184000
Muster konservativ cVV;30.12.2022;-0,0002318192;-300,67;0,4287424563;413.001,46;-0,003151170;0,02132000
Muster konservativ cVV;31.12.2022;0,0000444590;57,65;0,4288023042;413.059,11;0;0,02132000
Muster konservativ cVV;01.01.2023;0,0000456847;59,24;0,4288638048;413.118,36;0;0,02132000
Muster konservativ cVV;02.01.2023;0,0017426336;2.259,90;0,4312195879;415.378,26;0,003826420;0,02162000
Muster konservativ cVV;03.01.2023;0,0002555650;332,00;0,4315740031;415.710,26;0,002043996;0,02172000
Muster konservativ cVV;04.01.2023;0,0041813367;5.433,33;0,4372245410;421.143,58;0,005112807;0,02170000
Muster konservativ cVV;05.01.2023;-0,0018436481;-2.405,70;0,4347367986;418.737,89;-0,001853065;0,02178000
Muster konservativ cVV;06.01.2023;0,0050127329;6.528,84;0,4415250466;425.266,73;0,004640974;0,02254000
Muster konservativ cVV;07.01.2023;0,0000452474;59,23;0,4415865388;425.325,95;0;0,02254000
Muster konservativ cVV;08.01.2023;0,0000452453;59,23;0,4416480310;425.385,18;0;0,02254000
Muster konservativ cVV;09.01.2023;-0,0010914750;-1.428,85;0,4401744822;423.956,33;-0,000392515;0,02270000
Muster konservativ cVV;10.01.2023;-0,0010122539;-1.323,69;0,4388100412;422.632,64;-0,002942571;0,02284000
Muster konservativ cVV;11.01.2023;0,0031777586;4.151,25;0,4431301729;426.783,89;0,004379210;0,02298000
Muster konservativ cVV;12.01.2023;0,0058362193;7.648,35;0,4510816133;434.432,24;0,003078787;0,02288000
Muster konservativ cVV;13.01.2023;-0,0021180151;-2.791,85;0,4481928508;431.640,39;0,001156797;0,02328000
Muster konservativ cVV;14.01.2023;0,0000449604;59,14;0,4482542575;431.699,52;0;0,02328000
Muster konservativ cVV;15.01.2023;0,0000449584;59,14;0,4483156642;431.758,66;0;0,02328000
Muster konservativ cVV;16.01.2023;0,0009158245;1.204,74;0,4495767147;432.963,40;0,000201947;0,02334000
Muster konservativ cVV;17.01.2023;0,0018328727;2.413,30;0,4520927773;435.376,70;0,004857103;0,02335000
Muster konservativ cVV;18.01.2023;0,0035954588;4.742,73;0,4570278712;440.119,44;0,002544925;0,02342000
Muster konservativ cVV;19.01.2023;-0,0011108472;-1.470,58;0,4555110274;438.648,86;-0,002766707;0,02393000
Muster konservativ cVV;20.01.2023;-0,0043921745;-5.808,04;0,4494898040;432.840,82;-0,003924485;0,02417000
Muster konservativ cVV;21.01.2023;0,0000449610;59,19;0,4495512744;432.900,01;0;0,02417000
Muster konservativ cVV;22.01.2023;0,0000449589;59,19;0,4496127448;432.959,21;0;0,02417000
Muster konservativ cVV;23.01.2023;-0,0011837278;-1.558,58;0,4480042623;431.400,62;-0,000677686;0,02449000
Muster konservativ cVV;24.01.2023;0,0018486641;2.431,20;0,4505391369;433.831,83;0,001569658;0,02501000
Muster konservativ cVV;25.01.2023;0,0000130472;17,19;0,4505670849;433.849,02;0,001194789;0,02458000
Muster konservativ cVV;26.01.2023;-0,0002794423;-368,18;0,4501947969;433.480,83;-0,001622449;0,02468000
Muster konservativ cVV;27.01.2023;0,0011966465;1.576,22;0,4518419006;435.057,05;-0,000936032;0,02492000
Muster konservativ cVV;28.01.2023;0,0000448746;59,18;0,4519033630;435.116,23;0;0,02492000
Muster konservativ cVV;29.01.2023;0,0000448726;59,18;0,4519648255;435.175,41;0;0,02492000
Muster konservativ cVV;30.01.2023;-0,0028931678;-3.815,76;0,4480118683;431.359,64;-0,003272789;0,02482000
Muster konservativ cVV;31.01.2023;-0,0000722803;-95,05;0,4479231605;431.264,59;0,001157729;0,02512000
Muster konservativ cVV;01.02.2023;-0,0008497726;-1.117,43;0,4467725501;430.147,16;-0,000340835;0,02483000
Muster konservativ cVV;02.02.2023;0,0081075443;10.652,18;0,4578466658;440.799,34;0,012941485;0,02540000
Muster konservativ cVV;03.02.2023;-0,0042700051;-5.655,67;0,4519823573;435.143,66;-0,004877400;0,02545000
Muster konservativ cVV;04.02.2023;0,0000443781;58,53;0,4520431505;435.202,19;0;0,02545000
Muster konservativ cVV;05.02.2023;0,0000448581;59,16;0,4521046039;435.261,35;0;0,02545000
Muster konservativ cVV;06.02.2023;0,0003111655;410,42;0,4525410028;435.671,77;-0,003967950;0,02565000
Muster konservativ cVV;07.02.2023;-0,0017100083;-2.256,16;0,4502075261;433.415,62;-0,000771105;0,02602000
Muster konservativ cVV;08.02.2023;-0,0005684971;-748,78;0,4494397502;432.666,83;-0,002854933;0,02608000
Muster konservativ cVV;09.02.2023;0,0008676479;1.142,15;0,4506362207;433.808,99;0,002092642;0,02607000
Muster konservativ cVV;10.02.2023;0,0007532655;992,44;0,4516772182;434.801,43;-0,003475781;0,02621000
Muster konservativ cVV;11.02.2023;0,0000453028;59,73;0,4517392689;434.861,16;0;0,02621000
Muster konservativ cVV;12.02.2023;0,0000453008;59,73;0,4518013197;434.920,89;0;0,02621000
Muster konservativ cVV;13.02.2023;-0,0036298387;-4.786,43;0,4468390629;430.134,47;-0,001021158;0,02654000
Muster konservativ cVV;14.02.2023;-0,0047266540;-6.210,10;0,4403975839;423.924,37;-0,002903856;0,02660000
Muster konservativ cVV;15.02.2023;-0,0003271556;-427,80;0,4399629404;423.496,56;-0,001388137;0,02682000
Muster konservativ cVV;16.02.2023;-0,0008248229;-1.078,22;0,4388525526;422.418,35;-0,000824123;0,02703000
Muster konservativ cVV;17.02.2023;0,0015687828;2.049,04;0,4409911003;424.467,38;0,000680534;0,02667000
Muster konservativ cVV;18.02.2023;0,0000457553;59,86;0,4410532866;424.527,24;0;0,02667000
Muster konservativ cVV;19.02.2023;0,0000457532;59,86;0,4411154728;424.587,10;0;0,02667000
Muster konservativ cVV;20.02.2023;-0,0007653577;-1.001,32;0,4400849447;423.585,78;-0,000165540;0,02654000
Muster konservativ cVV;21.02.2023;-0,0036674802;-4.794,49;0,4351133555;418.791,29;-0,003769261;0,02682000
Muster konservativ cVV;22.02.2023;0,0014706921;1.915,58;0,4371132888;420.706,87;0,000907304;0,02683000
Muster konservativ cVV;23.02.2023;-0,0001321993;-172,44;0,4369438045;420.534,43;0,001273046;0,02693000
Muster konservativ cVV;24.02.2023;-0,0012595254;-1.642,73;0,4352466135;418.891,69;-0,003655214;0,02698000
Muster konservativ cVV;25.02.2023;0,0000459983;59,92;0,4353088704;418.951,61;0;0,02698000
Muster konservativ cVV;26.02.2023;0,0000459962;59,92;0,4353711274;419.011,53;0;0,02698000
Muster konservativ cVV;27.02.2023;-0,0015876830;-2.068,31;0,4332316521;416.943,22;-0,001318468;0,02716000
Muster konservativ cVV;28.02.2023;-0,0020605818;-2.680,11;0,4304563674;414.263,11;-0,003328682;0,02744000
Muster konservativ cVV;01.03.2023;-0,0041217293;-5.349,91;0,4249067358;408.913,20;-0,003654355;0,02783000
Muster konservativ cVV;02.03.2023;0,0005837841;754,61;0,4257002752;409.667,82;-0,000430871;0,02801000
Muster konservativ cVV;03.03.2023;0,0016353776;2.115,17;0,4279076726;411.782,98;-0,000720319;0,02849000
Muster konservativ cVV;04.03.2023;0,0000475747;61,63;0,4279717188;411.844,62;0;0,02849000
Muster konservativ cVV;05.03.2023;0,0000475724;61,63;0,4280357651;411.906,25;0;0,02849000
Muster konservativ cVV;06.03.2023;-0,0005947737;-770,60;0,4272444242;411.135,65;-0,000307027;0,02875000
Muster konservativ cVV;07.03.2023;0,0011793664;1.514,88;0,4288293761;412.650,53;0,000964245;0,02920000
Muster konservativ cVV;08.03.2023;0,0010018427;1.288,38;0,4301790050;413.938,91;0,001315704;0,02944000
Muster konservativ cVV;09.03.2023;0,0000357663;46,04;0,4302375894;413.984,95;0,000536704;0,02948000
Muster konservativ cVV;10.03.2023;0,0059372630;7.643,27;0,4381918602;421.628,22;0,008870062;0,02978000
Muster konservativ cVV;11.03.2023;0,0000470501;60,93;0,4382551829;421.689,15;0;0,02978000
Muster konservativ cVV;12.03.2023;0,0000470479;60,93;0,4383185057;421.750,08;0;0,02978000
Muster konservativ cVV;13.03.2023;0,0018553928;2.402,93;0,4408268219;424.153,01;0,010213758;0,02957000
Muster konservativ cVV;14.03.2023;-0,0047274296;-6.133,88;0,4344626425;418.019,13;-0,010463901;0,02753000
Muster konservativ cVV;15.03.2023;0,0100893244;13.029,09;0,4480154112;431.048,22;0,015489021;0,02815000
Muster konservativ cVV;16.03.2023;-0,0042505684;-5.544,45;0,4422637210;425.503,77;-0,005799537;0,02646000
Muster konservativ cVV;17.03.2023;0,0025369576;3.295,15;0,4456997487;428.798,92;0,006012136;0,02750000
Muster konservativ cVV;18.03.2023;0,0000467679;60,90;0,4457630481;428.859,82;0;0,02750000
Muster konservativ cVV;19.03.2023;0,0000467657;60,90;0,4458263474;428.920,72;0;0,02750000
Muster konservativ cVV;20.03.2023;0,0010821216;1.409,22;0,4473022332;430.329,94;-0,000847271;0,02892000
Muster konservativ cVV;21.03.2023;-0,0035526446;-4.631,53;0,4424990334;425.698,41;-0,005130462;0,02908000
Muster konservativ cVV;22.03.2023;0,0008975205;1.165,93;0,4437219963;426.864,34;-0,002471217;0,03002000
Muster konservativ cVV;23.03.2023;0,0049888647;6.486,62;0,4504759654;433.350,95;0,007427860;0,02990000
Muster konservativ cVV;24.03.2023;-0,0015212771;-1.987,86;0,4484206752;431.363,09;0,003565600;0,03025000
Muster konservativ cVV;25.03.2023;0,0000474373;61,89;0,4484850150;431.424,98;0;0,03025000
Muster konservativ cVV;26.03.2023;0,0000474351;61,89;0,4485493548;431.486,88;0;0,03025000
Muster konservativ cVV;27.03.2023;-0,0025771658;-3.362,79;0,4450646231;428.124,08;-0,004321036;0,03012000
Muster konservativ cVV;28.03.2023;-0,0009831670;-1.279,57;0,4437454200;426.844,51;-0,003573102;0,02990000
Muster konservativ cVV;29.03.2023;0,0017163237;2.231,56;0,4460763931;429.076,08;-0,000628907;0,03015000
Muster konservativ cVV;30.03.2023;-0,0010224078;-1.331,62;0,4447030301;427.744,46;-0,002073106;0,03052000
Muster konservativ cVV;31.03.2023;0,0020170697;2.624,41;0,4474425605;430.368,87;0,002608181;0,03038000
Muster konservativ cVV;01.04.2023;0,0000474967;61,92;0,4475069397;430.430,79;0;0,03038000
Muster konservativ cVV;02.04.2023;0,0000474945;61,92;0,4475713189;430.492,71;0;0,03038000
Muster konservativ cVV;03.04.2023;0,0033625965;4.384,31;0,4521407519;434.877,03;0,003749171;0,03053000
Muster konservativ cVV;04.04.2023;0,0000135746;17,76;0,4521703953;434.894,78;0,000477581;0,03052000
Muster konservativ cVV;05.04.2023;0,0029640607;3.877,73;0,4562134378;438.772,52;0,004209274;0,03055000
Muster konservativ cVV;06.04.2023;0,0002975327;390,40;0,4566306351;439.162,92;-0,000187968;0,03075000
Muster konservativ cVV;07.04.2023;-0,0000654745;-85,94;0,4565525512;439.076,98;0;0,03075000
Muster konservativ cVV;08.04.2023;0,0000471526;61,88;0,4566168988;439.138,86;0;0,03075000
Muster konservativ cVV;09.04.2023;0,0000471504;61,88;0,4566812465;439.200,75;0;0,03075000
Muster konservativ cVV;10.04.2023;0,0001178897;154,74;0,4568534143;439.355,49;0;0,03075000
Muster konservativ cVV;11.04.2023;-0,0044205444;-5.802,89;0,4508305303;433.552,59;-0,005938891;0,03108000
Muster konservativ cVV;12.04.2023;-0,0020469432;-2.675,17;0,4480597985;430.877,43;-0,002961018;0,03126000
Muster konservativ cVV;13.04.2023;0,0008149909;1.062,94;0,4491761891;431.940,36;0,000658202;0,03177000
Muster konservativ cVV;14.04.2023;-0,0009361091;-1.221,90;0,4479165620;430.718,47;-0,002526368;0,03175000
Muster konservativ cVV;15.04.2023;0,0000474332;61,86;0,4479808882;430.780,32;0;0,03175000
Muster konservativ cVV;16.04.2023;0,0000474310;61,86;0,4480452145;430.842,18;0;0,03175000
Muster konservativ cVV;17.04.2023;-0,0009040292;-1.179,03;0,4468301018;429.663,15;-0,001618827;0,03219000
Muster konservativ cVV;18.04.2023;0,0003323961;433,12;0,4472915273;430.096,26;0,001210302;0,03200000
Muster konservativ cVV;19.04.2023;-0,0012857891;-1.675,96;0,4455595136;428.420,30;-0,002499342;0,03205000
Muster konservativ cVV;20.04.2023;0,0011407501;1.485,00;0,4471149088;429.905,30;0,002332617;0,03211000
Muster konservativ cVV;21.04.2023;-0,0016067203;-2.093,97;0,4449480383;427.811,33;-0,001268204;0,03261000
Muster konservativ cVV;22.04.2023;0,0000475112;61,82;0,4450123345;427.873,15;0;0,03261000
Muster konservativ cVV;23.04.2023;0,0000475089;61,82;0,4450766308;427.934,97;0;0,03261000
Muster konservativ cVV;24.04.2023;-0,0004444043;-578,30;0,4444860785;427.356,67;0,000120116;0,03288000
Muster konservativ cVV;25.04.2023;0,0025881751;3.366,47;0,4479984747;430.723,14;0,005341756;0,03268000
Muster konservativ cVV;26.04.2023;-0,0013530881;-1.764,53;0,4461741124;428.958,60;0,000752688;0,03242000
Muster konservativ cVV;27.04.2023;-0,0010922043;-1.422,39;0,4447055347;427.536,21;-0,003309470;0,03250000
Muster konservativ cVV;28.04.2023;0,0035682591;4.641,92;0,4495448771;432.178,13;0,005648126;0,03265000
Muster konservativ cVV;29.04.2023;0,0000473335;61,80;0,4496091557;432.239,92;0;0,03265000
Muster konservativ cVV;30.04.2023;0,0000473313;61,80;0,4496734344;432.301,72;0;0,03265000
Muster konservativ cVV;01.05.2023;-0,0002118110;-276,55;0,4493967726;432.025,17;0;0,03265000
Muster konservativ cVV;02.05.2023;0,0026079783;3.404,40;0,4529491499;435.429,57;0,003415799;0,03274000
Muster konservativ cVV;03.05.2023;-0,0006646773;-869,92;0,4520552867;434.559,65;-0,000233071;0,03275000
Muster konservativ cVV;04.05.2023;0,0030386442;3.974,29;0,4562007334;438.533,94;0,004133514;0,03281000
Muster konservativ cVV;05.05.2023;-0,0024673928;-3.236,94;0,4528444504;435.296,99;-0,003510362;0,03280000
Muster konservativ cVV;06.05.2023;0,0000509163;66,63;0,4529137681;435.363,62;0;0,03280000
Muster konservativ cVV;07.05.2023;0,0000509137;66,63;0,4529830858;435.430,26;0;0,03280000
Muster konservativ cVV;08.05.2023;0,0008653057;1.132,50;0,4541723298;436.562,75;-0,001548138;0,03312000
Muster konservativ cVV;09.05.2023;-0,0015278529;-2.001,36;0,4521012759;434.561,39;-0,000380715;0,03270000
Muster konservativ cVV;10.05.2023;0,0010860581;1.420,47;0,4535901490;435.981,87;0,002043339;0,03301000
Muster konservativ cVV;11.05.2023;0,0016471437;2.156,67;0,4558450333;438.138,53;0,002840217;0,03323000
Muster konservativ cVV;12.05.2023;-0,0007962637;-1.044,29;0,4547696198;437.094,24;-0,001776399;0,03348000
Muster konservativ cVV;13.05.2023;0,0000527730;69,16;0,4548415726;437.163,39;0;0,03348000
Muster konservativ cVV;14.05.2023;0,0000527702;69,16;0,4549135255;437.232,55;0;0,03348000
Muster konservativ cVV;15.05.2023;-0,0010191077;-1.335,63;0,4535349336;435.896,92;-0,001328055;0,03358000
Muster konservativ cVV;16.05.2023;-0,0036865090;-4.826,57;0,4485239854;431.070,35;-0,002051402;0,03382000
Muster konservativ cVV;17.05.2023;-0,0014542432;-1.896,95;0,4465610957;429.173,40;-0,001153848;0,03388000
Muster konservativ cVV;18.05.2023;-0,0025499445;-3.321,37;0,4431159360;425.852,03;-0,004354685;0,03383000
Muster konservativ cVV;19.05.2023;0,0016277381;2.114,77;0,4453272628;427.966,79;0,000569553;0,03415000
Muster konservativ cVV;20.05.2023;0,0000531276;69,14;0,4453992035;428.035,93;0;0,03415000
Muster konservativ cVV;21.05.2023;0,0000531248;69,14;0,4454711441;428.105,07;0;0,03415000
Muster konservativ cVV;22.05.2023;-0,0006920888;-900,73;0,4445446824;427.204,34;-0,000384066;0,03412000
Muster konservativ cVV;23.05.2023;-0,0007083271;-921,22;0,4435968419;426.283,12;-0,000624415;0,03422000
Muster konservativ cVV;24.05.2023;0,0003057326;397,34;0,4440211000;426.680,46;0,000034397;0,03415000
Muster konservativ cVV;25.05.2023;-0,0008777874;-1.141,15;0,4428443122;425.539,31;-0,001751242;0,03457000
Muster konservativ cVV;26.05.2023;-0,0011300546;-1.467,82;0,4413275024;424.071,49;-0,002452979;0,03462000
Muster konservativ cVV;27.05.2023;0,0000533635;69,24;0,4413995549;424.140,72;0;0,03462000
Muster konservativ cVV;28.05.2023;0,0000533607;69,24;0,4414716074;424.209,96;0;0,03462000
Muster konservativ cVV;29.05.2023;0,0012578871;1.632,19;0,4431809546;425.842,15;0,004029079;0,03483000
Muster konservativ cVV;30.05.2023;0,0032520570;4.225,06;0,4475888896;430.067,21;0,004264209;0,03474000
Muster konservativ cVV;31.05.2023;0,0034166730;4.453,37;0,4522346438;434.520,58;0,004199547;0,03463000
Muster konservativ cVV;01.06.2023;0,0004065859;531,76;0,4527990437;435.052,34;0,000772267;0,03462000
Muster konservativ cVV;02.06.2023;-0,0009706864;-1.270,05;0,4514881031;433.782,29;-0,002530955;0,03490000
Muster konservativ cVV;03.06.2023;0,0000529887;69,26;0,4515601937;433.851,55;0;0,03490000
Muster konservativ cVV;04.06.2023;0,0000529859;69,26;0,4516322843;433.920,81;0;0,03490000
Muster konservativ cVV;05.06.2023;-0,0011498993;-1.503,24;0,4500785721;432.417,58;-0,002858589;0,03493000
Muster konservativ cVV;06.06.2023;0,0012131457;1.584,09;0,4517382779;434.001,67;0,000554283;0,03476000
Muster konservativ cVV;07.06.2023;-0,0021057618;-2.752,98;0,4488836301;431.248,69;-0,002491817;0,03459000
Muster konservativ cVV;08.06.2023;0,0004141747;540,33;0,4494569090;431.789,02;0,001068519;0,03486000
Muster konservativ cVV;09.06.2023;0,0018849071;2.460,07;0,4520285508;434.249,10;0,001296728;0,03469000
Muster konservativ cVV;10.06.2023;0,0000529887;69,29;0,4521006759;434.318,39;0;0,03469000
Muster konservativ cVV;11.06.2023;0,0000529859;69,29;0,4521728011;434.387,67;0;0,03469000
Muster konservativ cVV;12.06.2023;0,0005053255;660,84;0,4528716140;435.048,51;0,000876055;0,03478000
Muster konservativ cVV;13.06.2023;-0,0011184666;-1.463,41;0,4513591346;433.585,10;-0,002370851;0,03526000
Muster konservativ cVV;14.06.2023;-0,0008232382;-1.075,92;0,4502499529;432.509,18;-0,001529679;0,03522000
Muster konservativ cVV;15.06.2023;-0,0032428857;-4.234,77;0,4458522179;428.274,41;-0,004016511;0,03547000
Muster konservativ cVV;16.06.2023;0,0021240070;2.764,67;0,4487411578;431.039,08;0,001329254;0,03572000
Muster konservativ cVV;17.06.2023;0,0000530721;69,23;0,4488132277;431.108,31;0;0,03572000
Muster konservativ cVV;18.06.2023;0,0000530692;69,23;0,4488852976;431.177,54;0;0,03572000
Muster konservativ cVV;19.06.2023;-0,0024893125;-3.247,39;0,4455152603;427.930,15;-0,001844608;0,03551000
Muster konservativ cVV;20.06.2023;0,0023205798;3.019,74;0,4486698736;430.949,88;0,004223287;0,03587000
Muster konservativ cVV;21.06.2023;-0,0009110374;-1.188,27;0,4474434951;429.761,61;-0,001333978;0,03568000
Muster konservativ cVV;22.06.2023;-0,0014548133;-1.895,79;0,4454804039;427.865,82;-0,003438871;0,03600000
Muster konservativ cVV;23.06.2023;0,0024270786;3.158,16;0,4487793581;431.023,99;0,006090339;0,03610000
Muster konservativ cVV;24.06.2023;0,0000490593;63,99;0,4488459861;431.087,98;0;0,03610000
Muster konservativ cVV;25.06.2023;0,0000490569;63,99;0,4489126142;431.151,97;0;0,03610000
Muster konservativ cVV;26.06.2023;0,0017257262;2.251,22;0,4512673983;433.403,19;0,001717347;0,03577000
Muster konservativ cVV;27.06.2023;-0,0030021963;-3.923,14;0,4471932726;429.480,05;-0,003097358;0,03554000
Muster konservativ cVV;28.06.2023;0,0017733171;2.310,34;0,4496096745;431.790,39;0,001855938;0,03598000
Muster konservativ cVV;29.06.2023;-0,0018493981;-2.413,73;0,4471070419;429.376,65;-0,003474129;0,03587000
Muster konservativ cVV;30.06.2023;0,0003957418;515,55;0,4476545946;429.892,20;0,000036790;0,03577000
Muster konservativ cVV;01.07.2023;0,0000535771;69,82;0,4477273038;429.962,02;0;0,03577000
Muster konservativ cVV;02.07.2023;0,0000535742;69,82;0,4478000130;430.031,85;0;0,03577000
Muster konservativ cVV;03.07.2023;-0,0001277150;-166,46;0,4476373861;429.865,39;-0,001706169;0,03597000
Muster konservativ cVV;04.07.2023;0,0012517770;1.631,34;0,4493469204;431.496,73;0,000576251;0,03613000
Muster konservativ cVV;05.07.2023;-0,0005010161;-653,75;0,4486768514;430.842,98;0,000529216;0,03589000
Muster konservativ cVV;06.07.2023;-0,0053542920;-6.983,06;0,4414152945;423.859,92;-0,006496212;0,03612000
Muster konservativ cVV;07.07.2023;0,0014608280;1.895,01;0,4433993793;425.754,93;0,001111730;0,03640000
Muster konservativ cVV;08.07.2023;0,0000493001;64,05;0,4434660798;425.818,97;0;0,03640000
Muster konservativ cVV;09.07.2023;0,0000492977;64,05;0,4435327803;425.883,02;0;0,03640000
Muster konservativ cVV;10.07.2023;0,0002919580;379,32;0,4439384211;426.262,34;-0,000328699;0,03661000
Muster konservativ cVV;11.07.2023;-0,0000134110;-17,43;0,4439308613;426.244,91;-0,000129673;0,03672000
Muster konservativ cVV;12.07.2023;0,0035012619;4.550,24;0,4486806007;430.795,15;0,004708587;0,03657000
Muster konservativ cVV;13.07.2023;0,0026832480;3.499,36;0,4523360240;434.294,51;0,004212214;0,03663000
Muster konservativ cVV;14.07.2023;-0,0008557688;-1.119,05;0,4511812399;433.175,46;-0,000558745;0,03660000
Muster konservativ cVV;15.07.2023;0,0000536172;70,05;0,4512542043;433.245,52;0;0,03660000
Muster konservativ cVV;16.07.2023;0,0000536143;70,05;0,4513271686;433.315,57;0;0,03660000
Muster konservativ cVV;17.07.2023;-0,0002695464;-352,21;0,4509710587;432.963,36;0,000664498;0,03685000
Muster konservativ cVV;18.07.2023;0,0044453449;5.807,03;0,4570304952;438.770,40;0,005207952;0,03705000
Muster konservativ cVV;19.07.2023;-0,0010964003;-1.438,61;0,4555428471;437.331,78;-0,001012125;0,03646000
Muster konservativ cVV;20.07.2023;-0,0002661087;-348,79;0,4551903607;436.983,00;-0,002978060;0,03698000
Muster konservativ cVV;21.07.2023;0,0005234527;685,90;0,4559156737;437.668,90;0,001107399;0,03721000
Muster konservativ cVV;22.07.2023;0,0000534692;70,10;0,4559886956;437.739,00;0;0,03721000
Muster konservativ cVV;23.07.2023;0,0000534663;70,10;0,4560617174;437.809,10;0;0,03721000
Muster konservativ cVV;24.07.2023;0,0017338701;2.273,39;0,4584407735;440.082,48;0,002519479;0,03716000
Muster konservativ cVV;25.07.2023;0,0002345478;308,06;0,4587725798;440.390,55;-0,000752268;0,03705000
Muster konservativ cVV;26.07.2023;-0,0019283531;-2.533,36;0,4561442950;437.857,18;-0,002587713;0,03714000
Muster konservativ cVV;27.07.2023;0,0019867386;2.605,04;0,4588690124;440.462,22;0,001488552;0,03714000
Muster konservativ cVV;28.07.2023;0,0002919877;383,62;0,4592795491;440.845,84;0,000839667;0,03725000
Muster konservativ cVV;29.07.2023;0,0000533627;70,13;0,4593526108;440.915,97;0;0,03725000
Muster konservativ cVV;30.07.2023;0,0000533599;70,13;0,4594256726;440.986,09;0;0,03725000
Muster konservativ cVV;31.07.2023;0,0011309726;1.486,48;0,4609852344;442.472,58;0,000851769;0,03715000
Muster konservativ cVV;01.08.2023;-0,0012778495;-1.681,43;0,4592443308;440.791,15;-0,001922646;0,03723000
Muster konservativ cVV;02.08.2023;0,0003766216;494,94;0,4597708687;441.286,08;0,001384742;0,03733000
Muster konservativ cVV;03.08.2023;-0,0006904803;-907,73;0,4588359661;440.378,35;-0,001120306;0,03722000
Muster konservativ cVV;04.08.2023;-0,0005670392;-744,94;0,4580706364;439.633,41;-0,000072819;0,03743000
Muster konservativ cVV;05.08.2023;0,0000537904;70,63;0,4581442245;439.704,04;0;0,03743000
Muster konservativ cVV;06.08.2023;0,0000537875;70,63;0,4582178125;439.774,66;0;0,03743000
Muster konservativ cVV;07.08.2023;0,0008492435;1.115,17;0,4593906036;440.889,83;0,000248087;0,03754000
Muster konservativ cVV;08.08.2023;0,0014784331;1.929,34;0,4614129728;442.819,17;0,004490222;0,03765000
Muster konservativ cVV;09.08.2023;0,0000554902;72,52;0,4615006022;442.891,70;-0,001289102;0,03759000
Muster konservativ cVV;10.08.2023;-0,0024761895;-3.236,36;0,4581402264;439.655,33;-0,001431387;0,03788000
Muster konservativ cVV;11.08.2023;-0,0014285719;-1.862,51;0,4562113211;437.792,82;-0,003487479;0,03781000
Muster konservativ cVV;12.08.2023;0,0000535923;69,77;0,4562840280;437.862,59;0;0,03781000
Muster konservativ cVV;13.08.2023;0,0000535894;69,77;0,4563567349;437.932,36;0;0,03781000
Muster konservativ cVV;14.08.2023;-0,0001624360;-211,50;0,4561482450;437.720,87;-0,000941482;0,03799000
Muster konservativ cVV;15.08.2023;-0,0024086523;-3.135,64;0,4528924160;434.585,23;-0,002004532;0,03787000
Muster konservativ cVV;16.08.2023;0,0012364092;1.605,71;0,4545776186;436.190,94;0,001331283;0,03798000
Muster konservativ cVV;17.08.2023;-0,0021008055;-2.731,66;0,4517425821;433.459,28;-0,001591626;0,03815000
Muster konservativ cVV;18.08.2023;0,0014416977;1.870,69;0,4537039965;435.329,97;0,002727418;0,03816000
Muster konservativ cVV;19.08.2023;0,0000598934;77,83;0,4537851088;435.407,79;0;0,03816000
Muster konservativ cVV;20.08.2023;0,0000598898;77,83;0,4538662210;435.485,62;0;0,03816000
Muster konservativ cVV;21.08.2023;-0,0019457750;-2.528,70;0,4512425352;432.956,92;-0,003130100;0,03806000
Muster konservativ cVV;22.08.2023;0,0017214385;2.232,81;0,4535814458;435.189,72;0,001640197;0,03808000
Muster konservativ cVV;23.08.2023;0,0046281208;6.013,28;0,4598608136;441.203,00;0,005735340;0,03826000
Muster konservativ cVV;24.08.2023;0,0006558294;856,06;0,4607650502;442.059,06;0,000401780;0,03784000
Muster konservativ cVV;25.08.2023;-0,0019412995;-2.535,65;0,4581340072;439.523,41;-0,002282768;0,03788000
Muster konservativ cVV;26.08.2023;0,0000597220;77,86;0,4582151588;439.601,26;0;0,03788000
Muster konservativ cVV;27.08.2023;0,0000597184;77,86;0,4582963104;439.679,12;0;0,03788000
Muster konservativ cVV;28.08.2023;0,0007000120;912,66;0,4592595443;440.591,78;-0,000834800;0,03771000
Muster konservativ cVV;29.08.2023;0,0019765842;2.578,84;0,4619596367;443.170,62;0,002519204;0,03783000
Muster konservativ cVV;30.08.2023;-0,0012137697;-1.586,73;0,4603175795;441.583,89;-0,000796014;0,03803000
Muster konservativ cVV;31.08.2023;0,0027359070;3.572,23;0,4640533955;445.156,12;0,004302832;0,03795000
Muster konservativ cVV;01.09.2023;-0,0008406738;-1.100,66;0,4629180110;444.055,47;-0,002066766;0,03770000
Muster konservativ cVV;02.09.2023;0,0000608632;79,62;0,4630010116;444.135,08;0;0,03770000
Muster konservativ cVV;03.09.2023;0,0000608595;79,62;0,4630840122;444.214,70;0;0,03770000
Muster konservativ cVV;04.09.2023;-0,0008655802;-1.132,45;0,4619154214;443.082,25;-0,002037982;0,03798000
Muster konservativ cVV;05.09.2023;-0,0003586098;-468,77;0,4614386754;442.613,48;-0,000851798;0,03802000
Muster konservativ cVV;06.09.2023;-0,0028198333;-3.684,72;0,4576090812;438.928,76;-0,002695345;0,03795000
Muster konservativ cVV;07.09.2023;0,0013823050;1.801,19;0,4594988091;440.729,95;0,001243279;0,03799000
Muster konservativ cVV;08.09.2023;0,0014963335;1.952,46;0,4615463527;442.682,41;0,001363814;0,03800000
Muster konservativ cVV;09.09.2023;0,0000630803;82,43;0,4616322978;442.764,84;0;0,03800000
Muster konservativ cVV;10.09.2023;0,0000630763;82,43;0,4617182428;442.847,28;0;0,03800000
Muster konservativ cVV;11.09.2023;-0,0005057031;-660,93;0,4610410645;442.186,35;-0,000996970;0,03822000
Muster konservativ cVV;12.09.2023;-0,0002485030;-324,62;0,4607145062;441.861,73;-0,000376718;0,03824000
Muster konservativ cVV;13.09.2023;-0,0004756317;-621,16;0,4600787232;441.240,57;-0,001560549;0,03845000
Muster konservativ cVV;14.09.2023;0,0036751099;4.797,28;0,4650928134;446.037,85;0,003203644;0,03867000
Muster konservativ cVV;15.09.2023;-0,0006337090;-830,25;0,4642390705;445.207,60;-0,002359007;0,03878000
Muster konservativ cVV;16.09.2023;0,0000629693;82,45;0,4643250411;445.290,05;0;0,03878000
Muster konservativ cVV;17.09.2023;0,0000629653;82,45;0,4644110117;445.372,50;0;0,03878000
Muster konservativ cVV;18.09.2023;-0,0022249642;-2.913,53;0,4613848259;442.458,96;-0,002155986;0,03903000
Muster konservativ cVV;19.09.2023;-0,0009873098;-1.289,98;0,4600515208;441.168,98;-0,000917685;0,03934000
Muster konservativ cVV;20.09.2023;0,0013333371;1.740,37;0,4618782706;442.909,35;0,001344424;0,03934000
Muster konservativ cVV;21.09.2023;-0,0019416397;-2.537,74;0,4592436602;440.371,60;-0,001014864;0,03955000
Muster konservativ cVV;22.09.2023;-0,0003925919;-512,13;0,4587213887;439.859,48;0,000486533;0,03958000
Muster konservativ cVV;23.09.2023;0,0000632299;82,45;0,4588073737;439.941,93;0;0,03958000
Muster konservativ cVV;24.09.2023;0,0000632259;82,45;0,4588933586;440.024,38;0;0,03958000
Muster konservativ cVV;25.09.2023;0,0006638120;865,69;0,4598079991;440.890,07;-0,000637849;0,03977000
Muster konservativ cVV;26.09.2023;-0,0018627866;-2.430,92;0,4572845235;438.459,15;-0,000588158;0,03941000
Muster konservativ cVV;27.09.2023;-0,0013612214;-1.773,07;0,4554470220;436.686,08;-0,001076884;0,03972000
Muster konservativ cVV;28.09.2023;-0,0064158007;-8.345,60;0,4467543533;428.340,48;-0,005754014;0,03955000
Muster konservativ cVV;29.09.2023;0,0057796581;7.469,87;0,4545570141;435.810,35;0,006973196;0,03952000
Muster konservativ cVV;30.09.2023;0,0000629939;81,89;0,4546424230;435.892,24;0;0,03952000
Muster konservativ cVV;01.10.2023;0,0000629899;81,89;0,4547278319;435.974,13;0;0,03952000
Muster konservativ cVV;02.10.2023;-0,0016040960;-2.085,45;0,4525642870;433.888,68;-0,002419101;0,03951000
Muster konservativ cVV;03.10.2023;-0,0010437339;-1.354,76;0,4511627852;432.533,92;-0,000981612;0,03964000
Muster konservativ cVV;04.10.2023;-0,0023528856;-3.050,84;0,4479920328;429.483,09;-0,000904517;0,03962000
Muster konservativ cVV;05.10.2023;0,0017504989;2.264,42;0,4503655737;431.747,51;0,003046700;0,03972000
Muster konservativ cVV;06.10.2023;0,0006725942;871,58;0,4512862920;432.619,09;-0,000333320;0,03983000
Muster konservativ cVV;07.10.2023;0,0000639209;82,89;0,4513727561;432.701,98;0;0,03983000
Muster konservativ cVV;08.10.2023;0,0000639168;82,89;0,4514592202;432.784,86;0;0,03983000
Muster konservativ cVV;09.10.2023;0,0035718234;4.632,25;0,4563030238;437.417,11;0,005053206;0,03980000
Muster konservativ cVV;10.10.2023;0,0010901385;1.418,84;0,4577948271;438.835,95;-0,000362054;0,03988000
Muster konservativ cVV;11.10.2023;0,0009283952;1.209,64;0,4590684625;440.045,59;0,001172482;0,03952000
Muster konservativ cVV;12.10.2023;-0,0004197192;-547,38;0,4585091388;439.498,21;-0,002024877;0,03965000
Muster konservativ cVV;13.10.2023;0,0031828313;4.149,14;0,4628495721;443.647,35;0,001389088;0,03985000
Muster konservativ cVV;14.10.2023;0,0000634029;82,92;0,4629360759;443.730,27;0;0,03985000
Muster konservativ cVV;15.10.2023;0,0000633988;82,92;0,4630225798;443.813,18;0;0,03985000
Muster konservativ cVV;16.10.2023;-0,0006499977;-850,14;0,4621474376;442.963,04;-0,001465274;0,03975000
Muster konservativ cVV;17.10.2023;-0,0037732982;-4.931,95;0,4570135527;438.031,10;-0,003997376;0,03972000
Muster konservativ cVV;18.10.2023;0,0002335514;304,11;0,4573425085;438.335,21;-0,001606758;0,03993000
Muster konservativ cVV;19.10.2023;-0,0003219223;-419,28;0,4569166890;437.915,93;-0,000891213;0,04002000
Muster konservativ cVV;20.10.2023;0,0009369374;1.219,91;0,4582012010;439.135,84;0,003068667;0,03969000
Muster konservativ cVV;21.10.2023;0,0000635991;82,88;0,4582876842;439.218,72;0;0,03969000
Muster konservativ cVV;22.10.2023;0,0000635951;82,88;0,4583741675;439.301,61;0;0,03969000
Muster konservativ cVV;23.10.2023;-0,0000435454;-56,76;0,4583266157;439.244,85;-0,000030100;0,03956000
Muster konservativ cVV;24.10.2023;0,0024320214;3.169,77;0,4616458326;442.414,62;0,002755639;0,03941000
Muster konservativ cVV;25.10.2023;0,0011002458;1.437,49;0,4631575886;443.852,10;-0,001192281;0,03938000
Muster konservativ cVV;26.10.2023;0,0018555950;2.427,03;0,4657020256;446.279,14;0,002138727;0,03952000
Muster konservativ cVV;27.10.2023;0,0007839730;1.027,30;0,4667859006;447.306,44;0,001362670;0,03948000
Muster konservativ cVV;28.10.2023;0,0000632110;82,90;0,4668724060;447.389,34;0;0,03948000
Muster konservativ cVV;29.10.2023;0,0000632070;82,90;0,4669589114;447.472,23;0;0,03948000
Muster konservativ cVV;30.10.2023;0,0008705252;1.141,76;0,4681622820;448.613,99;0,001105081;0,03968000
Muster konservativ cVV;31.10.2023;0,0004734895;621,56;0,4688228251;449.235,55;0,001430920;0,03972000
Muster konservativ cVV;01.11.2023;0,0019133843;2.512,92;0,4714572733;451.748,47;0,002122733;0,03953000
Muster konservativ cVV;02.11.2023;0,0025516142;3.357,54;0,4749733437;455.106,01;0,001810344;0,03974000
Muster konservativ cVV;03.11.2023;0,0010706037;1.412,35;0,4764594252;456.518,36;0,002050452;0,03956000
Muster konservativ cVV;04.11.2023;0,0000628298;82,97;0,4765460238;456.601,33;0;0,03956000
Muster konservativ cVV;05.11.2023;0,0000628258;82,97;0,4766326225;456.684,31;0;0,03956000
Muster konservativ cVV;06.11.2023;-0,0025807647;-3.408,64;0,4730870791;453.275,67;-0,002599494;0,03963000
Muster konservativ cVV;07.11.2023;0,0020839153;2.745,30;0,4759644248;456.020,97;0,001718248;0,03966000
Muster konservativ cVV;08.11.2023;0,0001447473;191,08;0,4761759186;456.212,05;0,000926657;0,03973000
Muster konservativ cVV;09.11.2023;0,0000156267;20,63;0,4762095013;456.232,69;-0,000273941;0,03987000
Muster konservativ cVV;10.11.2023;-0,0016022053;-2.115,45;0,4740134128;454.117,24;-0,002515720;0,03992000
Muster konservativ cVV;11.11.2023;0,0000629557;82,99;0,4741000382;454.200,23;0;0,03992000
Muster konservativ cVV;12.11.2023;0,0000629517;82,99;0,4741866636;454.283,22;0;0,03992000
Muster konservativ cVV;13.11.2023;-0,0007026883;-926,41;0,4732316218;453.356,80;-0,000317907;0,04002000
Muster konservativ cVV;14.11.2023;0,0047896161;6.310,12;0,4798304947;459.666,93;0,005464155;0,03997000
Muster konservativ cVV;15.11.2023;-0,0007976726;-1.055,93;0,4787403295;458.610,99;0,000295400;0,03994000
Muster konservativ cVV;16.11.2023;0,0021555903;2.851,23;0,4817288597;461.462,22;0,002518265;0,04002000
Muster konservativ cVV;17.11.2023;-0,0014774944;-1.958,51;0,4796964321;459.503,70;-0,000533404;0,03984000
Muster konservativ cVV;18.11.2023;0,0000626410;82,91;0,4797829877;459.586,62;0;0,03984000
Muster konservativ cVV;19.11.2023;0,0000626371;82,91;0,4798695432;459.669,53;0;0,03984000
Muster konservativ cVV;20.11.2023;-0,0010217907;-1.352,62;0,4784695492;458.316,91;-0,001875724;0,03962000
Muster konservativ cVV;21.11.2023;0,0018245678;2.412,84;0,4810006081;460.729,75;0,002214737;0,03973000
Muster konservativ cVV;22.11.2023;0,0000241697;32,02;0,4810461542;460.761,77;-0,000376967;0,03962000
Muster konservativ cVV;23.11.2023;-0,0015106238;-2.001,37;0,4789687347;458.760,40;-0,002153621;0,03956000
Muster konservativ cVV;24.11.2023;-0,0006542640;-865,50;0,4780771384;457.894,90;-0,000972352;0,03935000
Muster konservativ cVV;25.11.2023;0,0000621056;82,10;0,4781628606;457.977,01;0;0,03935000
Muster konservativ cVV;26.11.2023;0,0000621017;82,10;0,4782485828;458.059,11;0;0,03935000
Muster konservativ cVV;27.11.2023;0,0031840920;4.209,88;0,4826561590;462.268,99;0,004542328;0,03951000
Muster konservativ cVV;28.11.2023;0,0028431059;3.771,01;0,4866057148;466.040,00;0,003273721;0,03955000
Muster konservativ cVV;29.11.2023;0,0038674795;5.144,30;0,4919893833;471.184,30;0,004507552;0,03975000
Muster konservativ cVV;30.11.2023;-0,0005301091;-707,85;0,4912626187;470.476,45;-0,001054773;0,03964000
Muster konservativ cVV;01.12.2023;0,0049351485;6.586,34;0,4981524565;477.062,79;0,005523906;0,03960000
Muster konservativ cVV;02.12.2023;0,0000646155;86,66;0,4982429476;477.149,45;0;0,03960000
Muster konservativ cVV;03.12.2023;0,0000646113;86,66;0,4983334386;477.236,11;0;0,03960000
Muster konservativ cVV;04.12.2023;0,0012296898;1.649,43;0,5000683314;478.885,54;0,001472280;0,03962000
Muster konservativ cVV;05.12.2023;0,0027718736;3.722,59;0,5039682237;482.608,13;0,003547720;0,03958000
Muster konservativ cVV;06.12.2023;0,0023272839;3.134,18;0,5072538320;485.742,31;0,001446359;0,03950000
Muster konservativ cVV;07.12.2023;0,0002992214;403,90;0,5076883404;486.146,21;0,001059008;0,03969000
Muster konservativ cVV;08.12.2023;-0,0032669008;-4.411,13;0,5030943461;481.735,09;-0,003975418;0,03950000
Muster konservativ cVV;09.12.2023;0,0000644200;86,70;0,5031848891;481.821,79;0;0,03950000
Muster konservativ cVV;10.12.2023;0,0000644159;86,70;0,5032754320;481.908,48;0;0,03950000
Muster konservativ cVV;11.12.2023;-0,0003251469;-437,65;0,5028309613;481.470,83;0,000211813;0,03958000
Muster konservativ cVV;12.12.2023;0,0007760550;1.044,24;0,5039341330;482.515,07;0,000965198;0,03928000
Muster konservativ cVV;13.12.2023;0,0020580640;2.771,42;0,5068412543;485.286,50;0,002506357;0,03925000
Muster konservativ cVV;14.12.2023;0,0047724105;6.439,83;0,5135799593;491.726,33;0,005019587;0,03932000
Muster konservativ cVV;15.12.2023;0,0037265945;5.052,62;0,5188700938;496.778,95;0,003739560;0,03920000
Muster konservativ cVV;16.12.2023;0,0000636769;86,66;0,5189606039;496.865,61;0;0,03920000
Muster konservativ cVV;17.12.2023;0,0000636728;86,66;0,5190511141;496.952,26;0;0,03920000
Muster konservativ cVV;18.12.2023;-0,0019178051;-2.610,24;0,5163376955;494.342,03;-0,001505023;0,03938000
Muster konservativ cVV;19.12.2023;0,0018920503;2.570,24;0,5190352546;496.912,27;0,002136158;0,03923000
Muster konservativ cVV;20.12.2023;0,0023175439;3.154,21;0,5223429214;500.066,48;0,002056406;0,03916000
Muster konservativ cVV;21.12.2023;0,0010148887;1.384,48;0,5238021335;501.450,96;0,001434762;0,03916000
Muster konservativ cVV;22.12.2023;0,0019939369;2.722,83;0,5266594477;504.173,79;0,000463451;0,03931000
Muster konservativ cVV;23.12.2023;0,0000633052;86,62;0,5267499298;504.260,41;0;0,03931000
Muster konservativ cVV;24.12.2023;0,0000633012;86,62;0,5268404120;504.347,02;0;0,03931000
Muster konservativ cVV;25.12.2023;0,0000524169;71,73;0,5269284649;504.418,75;0;0,03931000
Muster konservativ cVV;26.12.2023;-0,0000455472;-62,33;0,5268764674;504.356,42;0;0,03931000
Muster konservativ cVV;27.12.2023;0,0005572064;762,51;0,5276861582;505.118,94;0,002698493;0,03925000
Muster konservativ cVV;28.12.2023;-0,0006227270;-852,65;0,5268085155;504.266,29;-0,000076468;0,03893000
Muster konservativ cVV;29.12.2023;-0,0021725790;-2.972,89;0,5237157495;501.293,40;-0,003004693;0,03909000
Muster konservativ cVV;30.12.2023;0,0000634331;86,61;0,5238062347;501.380,01;0;0,03909000
Muster konservativ cVV;31.12.2023;0,0000601925;82,19;0,5238921028;501.462,20;0;0,03909000
Muster konservativ cVV;01.01.2024;0,0000163686;22,35;0,5239284726;501.484,55;0;0,03909000
Muster konservativ cVV;02.01.2024;-0,0014513424;-1.981,93;0,5218707981;499.502,62;-0,001764148;0,03905000
Muster konservativ cVV;03.01.2024;-0,0016575856;-2.260,29;0,5195221849;497.242,33;-0,000011622;0,03929000
Muster konservativ cVV;04.01.2024;-0,0032020033;-4.359,03;0,5149806191;492.883,30;-0,003918027;0,03922000
Muster konservativ cVV;05.01.2024;-0,0020531471;-2.786,09;0,5120823197;490.097,21;-0,001856039;0,03936000
Muster konservativ cVV;06.01.2024;0,0000639788;86,64;0,5121728463;490.183,85;0;0,03936000
Muster konservativ cVV;07.01.2024;0,0000639747;86,64;0,5122633729;490.270,49;0;0,03936000
Muster konservativ cVV;08.01.2024;0,0000082695;11,20;0,5122877728;490.281,69;0,000151544;0,03925000
Muster konservativ cVV;09.01.2024;-0,0007781157;-1.053,87;0,5111992678;489.227,82;-0,001879244;0,03928000
Muster konservativ cVV;10.01.2024;-0,0006003785;-812,51;0,5103629051;488.415,31;-0,001055594;0,03936000
Muster konservativ cVV;11.01.2024;0,0006709667;907,49;0,5113238336;489.322,81;0,000628314;0,03942000
Muster konservativ cVV;12.01.2024;0,0047892217;6.481,85;0,5181099388;495.804,66;0,003394543;0,03932000
Muster konservativ cVV;13.01.2024;0,0000638521;86,83;0,5182006781;495.891,49;0;0,03932000
Muster konservativ cVV;14.01.2024;0,0000638480;86,83;0,5182914174;495.978,32;0;0,03932000
Muster konservativ cVV;15.01.2024;-0,0012237444;-1.664,39;0,5165649220;494.313,93;-0,001636693;0,03928000
Muster konservativ cVV;16.01.2024;-0,0001673002;-227,26;0,5163401895;494.086,67;-0,001074150;0,03894000
Muster konservativ cVV;17.01.2024;-0,0044824267;-6.087,98;0,5099906065;487.998,69;-0,004186460;0,03903000
Muster konservativ cVV;18.01.2024;0,0006576847;889,26;0,5109325518;488.887,95;-0,000003518;0,03970000
Muster konservativ cVV;19.01.2024;0,0006444353;871,91;0,5118564135;489.759,86;-0,000403661;0,03958000
Muster konservativ cVV;20.01.2024;0,0000621189;84,10;0,5119443083;489.843,96;0;0,03958000
Muster konservativ cVV;21.01.2024;0,0000641406;86,84;0,5120350694;489.930,80;0;0,03958000
Muster konservativ cVV;22.01.2024;0,0017120832;2.318,22;0,5144705669;492.249,02;0,002498820;0,03945000
Muster konservativ cVV;23.01.2024;-0,0005032519;-682,59;0,5137698334;491.566,43;-0,001307119;0,03948000
Muster konservativ cVV;24.01.2024;-0,0001036929;-140,57;0,5136355677;491.425,86;0,000271291;0,03929000
Muster konservativ cVV;25.01.2024;0,0028278244;3.833,19;0,5176547505;495.259,05;0,003539643;0,03925000
Muster konservativ cVV;26.01.2024;0,0001967187;267,41;0,5179470056;495.526,47;-0,000237167;0,03887000
Muster konservativ cVV;27.01.2024;0,0000639613;86,96;0,5180379039;495.613,43;0;0,03887000
Muster konservativ cVV;28.01.2024;0,0000639572;86,96;0,5181288022;495.700,39;0;0,03887000
Muster konservativ cVV;29.01.2024;0,0030621893;4.163,97;0,5224940331;499.864,37;0,003478754;0,03912000
Muster konservativ cVV;30.01.2024;0,0004333560;591,08;0,5231247412;500.455,45;-0,001948779;0,03897000
Muster konservativ cVV;31.01.2024;0,0032003782;4.367,10;0,5277026304;504.822,55;0,005497801;0,03905000
Muster konservativ cVV;01.02.2024;-0,0003655788;-500,45;0,5271924523;504.322,10;0,000305271;0,03884000
Muster konservativ cVV;02.02.2024;-0,0024021905;-3.287,21;0,5237690298;501.034,88;-0,005607372;0,03900000
Muster konservativ cVV;03.02.2024;0,0000629630;85,95;0,5238588829;501.120,84;0;0,03900000
Muster konservativ cVV;04.02.2024;0,0000637120;86,98;0,5239498107;501.207,82;0;0,03900000
Muster konservativ cVV;05.02.2024;-0,0032233643;-4.400,89;0,5193619818;496.806,93;-0,003715930;0,03922000
Muster konservativ cVV;06.02.2024;0,0011479868;1.562,31;0,5210079985;498.369,23;0,001189823;0,03932000
Muster konservativ cVV;07.02.2024;-0,0003403539;-463,72;0,5205359765;497.905,51;0,000211599;0,03895000
Muster konservativ cVV;08.02.2024;-0,0019077844;-2.598,42;0,5178321516;495.307,09;-0,002774588;0,03898000
Muster konservativ cVV;09.02.2024;-0,0020294329;-2.758,83;0,5149604758;492.548,26;-0,001976028;0,03891000
Muster konservativ cVV;10.02.2024;0,0000641449;87,02;0,5150514577;492.635,29;0;0,03891000
Muster konservativ cVV;11.02.2024;0,0000641408;87,02;0,5151424395;492.722,31;0;0,03891000
Muster konservativ cVV;12.02.2024;0,0014066173;1.908,53;0,5171504787;494.630,84;0,000998369;0,03912000
Muster konservativ cVV;13.02.2024;-0,0019481484;-2.647,01;0,5143955426;491.983,83;-0,001497980;0,03901000
Muster konservativ cVV;14.02.2024;0,0017231228;2.336,70;0,5168513345;494.320,53;0,001498840;0,03922000
Muster konservativ cVV;15.02.2024;0,0003726802;506,26;0,5173933178;494.826,79;0,000610376;0,03915000
Muster konservativ cVV;16.02.2024;-0,0008474292;-1.151,60;0,5162018199;493.675,19;-0,002744379;0,03933000
Muster konservativ cVV;17.02.2024;0,0000601538;81,68;0,5162872222;493.756,87;0;0,03933000
Muster konservativ cVV;18.02.2024;0,0000640789;87,01;0,5163782026;493.843,88;0;0,03933000
Muster konservativ cVV;19.02.2024;0,0004441981;603,20;0,5170215537;494.447,07;0,000138938;0,03932000
Muster konservativ cVV;20.02.2024;0,0013489437;1.832,61;0,5189505002;496.279,68;0,001773144;0,03943000
Muster konservativ cVV;21.02.2024;-0,0012443972;-1.692,85;0,5171929354;494.586,82;-0,002148358;0,03946000
Muster konservativ cVV;22.02.2024;-0,0002174201;-295,41;0,5168966359;494.291,42;-0,000623249;0,03945000
Muster konservativ cVV;23.02.2024;0,0031883748;4.331,07;0,5214384868;498.622,49;0,002541240;0,03933000
Muster konservativ cVV;24.02.2024;0,0000640400;87,27;0,5215297489;498.709,75;0;0,03933000
Muster konservativ cVV;25.02.2024;0,0000640359;87,27;0,5216210109;498.797,02;0;0,03933000
Muster konservativ cVV;26.02.2024;-0,0020643285;-2.813,47;0,5186914417;495.983,55;-0,001997168;0,03952000
Muster konservativ cVV;27.02.2024;-0,0015091294;-2.052,54;0,5165575067;493.931,01;-0,000666832;0,03952000
Muster konservativ cVV;28.02.2024;-0,0006712148;-911,53;0,5156167721;493.019,48;-0,000638154;0,03942000
Muster konservativ cVV;29.02.2024;0,0010969866;1.488,74;0,5171863373;494.508,22;0,001417977;0,03937000
Muster konservativ cVV;01.03.2024;0,0009412216;1.278,75;0,5185363462;495.786,97;0,000987089;0,03938000
Muster konservativ cVV;02.03.2024;0,0000641685;87,26;0,5186276124;495.874,23;0;0,03938000
Muster konservativ cVV;03.03.2024;0,0000641644;87,26;0,5187188785;495.961,50;0;0,03938000
Muster konservativ cVV;04.03.2024;0,0017088055;2.324,08;0,5211622736;498.285,58;0,000050992;0,03932000
Muster konservativ cVV;05.03.2024;0,0022532385;3.069,78;0,5243857358;501.355,36;0,003503458;0,03926000
Muster konservativ cVV;06.03.2024;-0,0004826446;-659,03;0,5237091517;500.696,33;-0,000891876;0,03942000
Muster konservativ cVV;07.03.2024;0,0023799379;3.248,13;0,5271193724;503.944,47;0,001790134;0,03929000
Muster konservativ cVV;08.03.2024;0,0022991022;3.145,28;0,5304221629;507.089,75;0,003188307;0,03940000
Muster konservativ cVV;09.03.2024;0,0000636131;87,23;0,5305134020;507.176,97;0;0,03940000
Muster konservativ cVV;10.03.2024;0,0000636090;87,23;0,5306046412;507.264,20;0;0,03940000
Muster konservativ cVV;11.03.2024;-0,0001857284;-254,70;0,5303510828;507.009,50;-0,001238176;0,03928000
Muster konservativ cVV;12.03.2024;-0,0010922233;-1.497,56;0,5287973977;505.511,94;-0,001111263;0,03929000
Muster konservativ cVV;13.03.2024;0,0003396195;465,15;0,5292967961;505.977,08;-0,000868510;0,03940000
Muster konservativ cVV;14.03.2024;-0,0021029924;-2.881,27;0,5262954835;503.095,82;-0,002356136;0,03928000
Muster konservativ cVV;15.03.2024;-0,0006815695;-931,84;0,5253333891;502.163,98;-0,000979142;0,03928000
Muster konservativ cVV;16.03.2024;0,0000638575;87,25;0,5254246609;502.251,22;0;0,03928000
Muster konservativ cVV;17.03.2024;0,0000638534;87,25;0,5255159327;502.338,47;0;0,03928000
Muster konservativ cVV;18.03.2024;-0,0006692516;-914,49;0,5245719384;501.423,98;-0,000427651;0,03928000
Muster konservativ cVV;19.03.2024;0,0009395651;1.283,00;0,5259268863;502.706,98;0,001483266;0,03935000
Muster konservativ cVV;20.03.2024;-0,0003155391;-431,28;0,5254883859;502.275,70;-0,000212377;0,03922000
Muster konservativ cVV;21.03.2024;0,0028397140;3.880,12;0,5295606212;506.155,82;0,002070311;0,03926000
Muster konservativ cVV;22.03.2024;0,0035471190;4.860,47;0,5346587484;511.016,29;0,003168210;0,03903000
Muster konservativ cVV;23.03.2024;0,0000666567;91,66;0,5347546500;511.107,95;0;0,03903000
Muster konservativ cVV;24.03.2024;0,0000666522;91,66;0,5348505515;511.199,61;0;0,03903000
Muster konservativ cVV;25.03.2024;-0,0021074040;-2.898,32;0,5318309805;508.301,29;-0,002370342;0,03886000
Muster konservativ cVV;26.03.2024;0,0009071913;1.245,03;0,5331465085;509.546,32;0,000867547;0,03902000
Muster konservativ cVV;27.03.2024;0,0026460042;3.634,68;0,5369624793;513.181,00;0,002771713;0,03908000
Muster konservativ cVV;28.03.2024;0,0021835868;3.007,42;0,5401222814;516.188,42;0,000003799;0,03892000
Muster konservativ cVV;29.03.2024;0,0000591364;81,63;0,5402207058;516.270,04;0;0,03892000
Muster konservativ cVV;30.03.2024;0,0000645611;89,12;0,5403139585;516.359,16;0;0,03892000
Muster konservativ cVV;31.03.2024;0,0000607066;83,80;0,5404016493;516.442,96;0;0,03892000
Muster konservativ cVV;01.04.2024;0,0002480395;342,43;0,5407729861;516.785,39;0;0,03892000
Muster konservativ cVV;02.04.2024;-0,0018312623;-2.528,77;0,5381397939;514.256,63;-0,002660247;0,03883000
Muster konservativ cVV;03.04.2024;0,0010352006;1.426,88;0,5396459202;515.683,51;0,000355215;0,03857000
Muster konservativ cVV;04.04.2024;0,0025982130;3.584,98;0,5434105463;519.268,48;0,002044450;0,03891000
Muster konservativ cVV;05.04.2024;-0,0001199396;-165,92;0,5432499674;519.102,56;-0,001529872;0,03885000
Muster konservativ cVV;06.04.2024;0,0000665379;92,04;0,5433462842;519.194,60;0;0,03885000
Muster konservativ cVV;07.04.2024;0,0000665335;92,04;0,5434426010;519.286,63;0;0,03885000
Muster konservativ cVV;08.04.2024;-0,0014964635;-2.070,19;0,5412891132;517.216,44;-0,001904561;0,03902000
Muster konservativ cVV;09.04.2024;0,0020313328;2.805,92;0,5442386925;520.022,36;0,002624141;0,03916000
Muster konservativ cVV;10.04.2024;-0,0009362334;-1.295,86;0,5428955124;518.726,49;-0,002804472;0,03912000
Muster konservativ cVV;11.04.2024;-0,0022350149;-3.090,64;0,5396738139;515.635,85;-0,001848488;0,03906000
Muster konservativ cVV;12.04.2024;0,0049640240;6.849,05;0,5468552653;522.484,90;0,005523238;0,03923000
Muster konservativ cVV;13.04.2024;0,0000664241;92,10;0,5469516640;522.577,01;0;0,03923000
Muster konservativ cVV;14.04.2024;0,0000664197;92,10;0,5470480628;522.669,11;0;0,03923000
Muster konservativ cVV;15.04.2024;-0,0044442689;-6.163,18;0,5406103653;516.505,93;-0,003618307;0,03888000
Muster konservativ cVV;16.04.2024;-0,0018017168;-2.487,46;0,5380197028;514.018,46;-0,002647428;0,03904000
Muster konservativ cVV;17.04.2024;0,0017475635;2.408,35;0,5405534509;516.426,82;0,000456878;0,03895000
Muster konservativ cVV;18.04.2024;-0,0005659401;-781,30;0,5397485697;515.645,52;-0,000971593;0,03897000
Muster konservativ cVV;19.04.2024;-0,0007520774;-1.037,68;0,5386752728;514.607,84;-0,001283470;0,03892000
Muster konservativ cVV;20.04.2024;0,0000668000;92,10;0,5387716779;514.699,94;0;0,03892000
Muster konservativ cVV;21.04.2024;0,0000667955;92,10;0,5388680829;514.792,04;0;0,03892000
Muster konservativ cVV;22.04.2024;0,0004845611;668,16;0,5395803898;515.460,20;0,001728001;0,03891000
Muster konservativ cVV;23.04.2024;-0,0006453139;-890,25;0,5386613531;514.569,95;0,000184449;0,03882000
Muster konservativ cVV;24.04.2024;-0,0029681187;-4.092,06;0,5343904713;510.477,88;-0,002990676;0,03879000
Muster konservativ cVV;25.04.2024;-0,0018403891;-2.529,76;0,5317549017;507.948,12;-0,002191018;0,03864000
Muster konservativ cVV;26.04.2024;0,0025013566;3.431,99;0,5353605143;511.380,11;0,001986989;0,03865000
Muster konservativ cVV;27.04.2024;0,0000669471;92,08;0,5354569169;511.472,19;0;0,03865000
Muster konservativ cVV;28.04.2024;0,0000669426;92,08;0,5355533196;511.564,28;0;0,03865000
Muster konservativ cVV;29.04.2024;0,0015756603;2.167,58;0,5378353750;513.731,86;0,002581402;0,03835000
Muster konservativ cVV;30.04.2024;-0,0026352328;-3.630,91;0,5340468370;510.100,95;-0,003385535;0,03825000
Muster konservativ cVV;01.05.2024;-0,0001449998;-199,26;0,5338509444;509.901,69;0;0,03825000
Muster konservativ cVV;02.05.2024;0,0009798244;1.346,28;0,5352732075;511.247,97;0,001442138;0,03853000
Muster konservativ cVV;03.05.2024;0,0010645560;1.458,28;0,5368135664;512.706,25;0,003012324;0,03827000
Muster konservativ cVV;04.05.2024;0,0000671339;92,06;0,5369099562;512.798,31;0;0,03827000
Muster konservativ cVV;05.05.2024;0,0000671294;92,06;0,5370063460;512.890,37;0;0,03827000
Muster konservativ cVV;06.05.2024;0,0022798064;3.126,73;0,5402937257;516.017,10;0,001595093;0,03824000
Muster konservativ cVV;07.05.2024;0,0017150519;2.357,54;0,5427758647;518.374,64;0,002005117;0,03788000
Muster konservativ cVV;08.05.2024;-0,0008110642;-1.116,81;0,5416201333;517.257,82;-0,001598128;0,03814000
Muster konservativ cVV;09.05.2024;-0,0010062180;-1.384,41;0,5401841285;515.873,41;-0,000853784;0,03806000
Muster konservativ cVV;10.05.2024;0,0003483806;478,84;0,5406991507;516.352,25;-0,001058082;0,03818000
Muster konservativ cVV;11.05.2024;0,0000665367;91,48;0,5407949490;516.443,74;0;0,03818000
Muster konservativ cVV;12.05.2024;0,0000665323;91,48;0,5408907473;516.535,22;0;0,03818000
Muster konservativ cVV;13.05.2024;-0,0007255278;-997,70;0,5398595962;515.537,52;0,000782484;0,03828000
Muster konservativ cVV;14.05.2024;-0,0005482725;-753,40;0,5390842150;514.784,12;-0,001426162;0,03824000
Muster konservativ cVV;15.05.2024;0,0038213578;5.248,19;0,5445938344;520.032,31;0,004918827;0,03816000
Muster konservativ cVV;16.05.2024;-0,0005858035;-807,61;0,5437617524;519.224,70;-0,000540477;0,03826000
Muster konservativ cVV;17.05.2024;-0,0013587856;-1.872,17;0,5418147262;517.352,54;-0,003054908;0,03830000
Muster konservativ cVV;18.05.2024;0,0000664639;91,45;0,5419105013;517.443,99;0;0,03830000
Muster konservativ cVV;19.05.2024;0,0000664595;91,45;0,5420062765;517.535,44;0;0,03830000
Muster konservativ cVV;20.05.2024;-0,0001978180;-272,22;0,5417347854;517.263,21;-0,000792623;0,03822000
Muster konservativ cVV;21.05.2024;0,0011563144;1.590,93;0,5434146208;518.854,14;0,001368704;0,03823000
Muster konservativ cVV;22.05.2024;-0,0016623306;-2.289,78;0,5410300244;516.564,36;-0,001185231;0,03819000
Muster konservativ cVV;23.05.2024;-0,0037902941;-5.212,27;0,5355843192;511.352,09;-0,003767176;0,03801000
Muster konservativ cVV;24.05.2024;0,0000121852;16,69;0,5356152290;511.368,78;0,001226430;0,03808000
Muster konservativ cVV;25.05.2024;0,0000608679;83,39;0,5357025698;511.452,17;0;0,03808000
Muster konservativ cVV;26.05.2024;0,0000608642;83,39;0,5357899106;511.535,56;0;0,03808000
Muster konservativ cVV;27.05.2024;0,0022683163;3.107,90;0,5390586736;514.643,45;0,001612558;0,03800000
Muster konservativ cVV;28.05.2024;-0,0006812191;-935,48;0,5380922899;513.707,98;-0,000508317;0,03785000
Muster konservativ cVV;29.05.2024;-0,0027621306;-3.790,49;0,5341352459;509.917,49;-0,003176062;0,03794000
Muster konservativ cVV;30.05.2024;0,0001283342;175,63;0,5343325825;510.093,11;0,000244801;0,03788000
Muster konservativ cVV;31.05.2024;0,0002757823;377,46;0,5347413523;510.470,57;0,000694504;0,03785000
Muster konservativ cVV;01.06.2024;0,0000673397;92,19;0,5348379284;510.562,77;0;0,03785000
Muster konservativ cVV;02.06.2024;0,0000673352;92,19;0,5349345045;510.654,96;0;0,03785000
Muster konservativ cVV;03.06.2024;0,0021633429;2.962,16;0,5380509562;513.617,12;0,002898237;0,03782000
Muster konservativ cVV;04.06.2024;0,0014340060;1.967,77;0,5401258261;515.584,89;0,002109549;0,03772000
Muster konservativ cVV;05.06.2024;0,0019433764;2.670,56;0,5429370530;518.255,44;0,000874010;0,03752000
Muster konservativ cVV;06.06.2024;-0,0014231244;-1.959,43;0,5408978023;516.296,01;-0,001880531;0,03755000
Muster konservativ cVV;07.06.2024;-0,0035670762;-4.904,35;0,5357731203;511.391,66;-0,003186091;0,03759000
Muster konservativ cVV;08.06.2024;0,0000656335;89,92;0,5358673246;511.481,57;0;0,03759000
Muster konservativ cVV;09.06.2024;0,0000656292;89,92;0,5359615288;511.571,49;0;0,03759000
Muster konservativ cVV;10.06.2024;-0,0008350053;-1.144,10;0,5347762179;510.427,39;-0,001316881;0,03743000
Muster konservativ cVV;11.06.2024;0,0019456516;2.663,65;0,5375803272;513.091,04;0,002386992;0,03739000
Muster konservativ cVV;12.06.2024;0,0026034311;3.571,10;0,5413353567;516.662,14;0,003714712;0,03720000
Muster konservativ cVV;13.06.2024;0,0012610840;1.734,32;0,5431660233;518.396,46;0,001375004;0,03719000
Muster konservativ cVV;14.06.2024;0,0020845804;2.870,46;0,5461872274;521.266,91;0,005810382;0,03715000
Muster konservativ cVV;15.06.2024;0,0000691837;95,46;0,5462872555;521.362,38;0;0,03715000
Muster konservativ cVV;16.06.2024;0,0000691789;95,46;0,5463872836;521.457,84;0;0,03715000
Muster konservativ cVV;17.06.2024;-0,0030642677;-4.228,86;0,5419697346;517.228,98;-0,002456435;0,03711000
Muster konservativ cVV;18.06.2024;0,0018312201;2.519,44;0,5446232328;519.748,42;0,000652397;0,03717000
Muster konservativ cVV;19.06.2024;-0,0000365111;-50,32;0,5445840343;519.698,10;0,000233801;0,03712000
Muster konservativ cVV;20.06.2024;0,0004471654;616,33;0,5452434188;520.314,43;-0,001312168;0,03700000
Muster konservativ cVV;21.06.2024;0,0005276845;727,63;0,5460194694;521.042,06;0,002060403;0,03686000
Muster konservativ cVV;22.06.2024;0,0000691985;95,47;0,5461195150;521.137,53;0;0,03686000
Muster konservativ cVV;23.06.2024;0,0000691937;95,47;0,5462195606;521.232,99;0;0,03686000
Muster konservativ cVV;24.06.2024;-0,0003229747;-445,65;0,5457660919;520.787,34;-0,000495268;0,03682000
Muster konservativ cVV;25.06.2024;0,0013060400;1.801,53;0,5476676184;522.588,88;0,000341776;0,03698000
Muster konservativ cVV;26.06.2024;-0,0011555935;-1.596,09;0,5460084704;520.992,79;-0,001102747;0,03722000
Muster konservativ cVV;27.06.2024;0,0006158144;849,57;0,5469123896;521.842,36;0,000393572;0,03695000
Muster konservativ cVV;28.06.2024;-0,0002355813;-325,21;0,5465851003;521.517,15;-0,000904887;0,03711000
Muster konservativ cVV;29.06.2024;0,0000760589;104,97;0,5466951160;521.622,12;0;0,03711000
Muster konservativ cVV;30.06.2024;0,0000760531;104,97;0,5468051316;521.727,09;0;0,03711000
Muster konservativ cVV;01.07.2024;-0,0006018861;-830,80;0,5459479165;520.896,29;-0,003866562;0,03709000
Muster konservativ cVV;02.07.2024;-0,0004538831;-626,13;0,5453051702;520.270,16;0,000295550;0,03714000
Muster konservativ cVV;03.07.2024;0,0037047017;5.108,30;0,5506728962;525.378,46;0,002243526;0,03705000
Muster konservativ cVV;04.07.2024;-0,0006564760;-908,55;0,5497341989;524.469,91;-0,001199918;0,03708000
Muster konservativ cVV;05.07.2024;0,0026629449;3.683,03;0,5536083311;528.152,95;0,002179816;0,03712000
Muster konservativ cVV;06.07.2024;0,0000708971;98,32;0,5537113864;528.251,26;0;0,03712000
Muster konservativ cVV;07.07.2024;0,0000709132;98,35;0,5538144723;528.349,61;0;0,03712000
Muster konservativ cVV;08.07.2024;0,0010165639;1.409,92;0,5553060649;529.759,53;0,000987107;0,03699000
Muster konservativ cVV;09.07.2024;-0,0024232253;-3.364,30;0,5517931486;526.395,23;-0,001295855;0,03708000
Muster konservativ cVV;10.07.2024;0,0021474086;2.974,15;0,5549244899;529.369,37;0,001385841;0,03704000
Muster konservativ cVV;11.07.2024;0,0028185491;3.912,06;0,5590391883;533.281,43;0,003513130;0,03685000
Muster konservativ cVV;12.07.2024;-0,0017027693;-2.370,05;0,5565683863;530.911,38;-0,000742125;0,03664000
Muster konservativ cVV;13.07.2024;0,0000709915;98,64;0,5566717968;531.010,02;0;0,03664000
Muster konservativ cVV;14.07.2024;0,0000709865;98,64;0,5567752074;531.108,67;0;0,03664000
Muster konservativ cVV;15.07.2024;0,0013404613;1.862,85;0,5587418505;532.971,51;0,001127698;0,03662000
Muster konservativ cVV;16.07.2024;0,0016712803;2.325,70;0,5611938305;535.297,22;0,001562178;0,03674000
Muster konservativ cVV;17.07.2024;-0,0003930688;-547,90;0,5606332310;534.749,32;0,000127026;0,03678000
Muster konservativ cVV;18.07.2024;0,0020718114;2.886,75;0,5636735865;537.636,08;0,001234024;0,03688000
Muster konservativ cVV;19.07.2024;-0,0027727948;-3.871,47;0,5596283868;533.764,60;-0,001562596;0,03698000
Muster konservativ cVV;20.07.2024;0,0000708799;98,69;0,5597318594;533.863,29;0;0,03698000
Muster konservativ cVV;21.07.2024;0,0000708749;98,69;0,5598353321;533.961,98;0;0,03698000
Muster konservativ cVV;22.07.2024;-0,0013411582;-1.867,64;0,5578909076;532.094,34;-0,001096165;0,03705000
Muster konservativ cVV;23.07.2024;0,0030745764;4.275,79;0,5623878149;536.370,13;0,001969761;0,03685000
Muster konservativ cVV;24.07.2024;0,0011301982;1.576,59;0,5640547366;537.946,72;0,001491874;0,03698000
Muster konservativ cVV;25.07.2024;-0,0009860611;-1.377,08;0,5626246382;536.569,64;0,001547306;0,03686000
Muster konservativ cVV;26.07.2024;0,0010477121;1.461,73;0,5641711973;538.031,38;0,000658247;0,03655000
Muster konservativ cVV;27.07.2024;0,0000706701;98,70;0,5642746925;538.130,08;0;0,03655000
Muster konservativ cVV;28.07.2024;0,0000706651;98,70;0,5643781877;538.228,78;0;0,03655000
Muster konservativ cVV;29.07.2024;0,0017337547;2.421,76;0,5669315088;540.650,53;0,001410205;0,03636000
Muster konservativ cVV;30.07.2024;0,0011654606;1.630,77;0,5686554921;542.281,30;0,001357779;0,03631000
Muster konservativ cVV;31.07.2024;0,0025299968;3.544,22;0,5723861157;545.825,52;0,001697051;0,03647000
Muster konservativ cVV;01.08.2024;0,0019849404;2.787,70;0,5753235591;548.613,22;0,002733210;0,03638000
Muster konservativ cVV;02.08.2024;-0,0008289061;-1.166,45;0,5741143784;547.446,78;0,003537403;0,03623000
Muster konservativ cVV;03.08.2024;0,0000701835;98,68;0,5742178666;547.545,46;0;0,03623000
Muster konservativ cVV;04.08.2024;0,0000701786;98,68;0,5743213549;547.644,14;0;0,03623000
Muster konservativ cVV;05.08.2024;-0,0065780345;-9.250,31;0,5646342534;538.393,83;-0,001367041;0,03584000
Muster konservativ cVV;06.08.2024;0,0011203664;1.565,14;0,5662895309;539.958,97;-0,000909539;0,03523000
Muster konservativ cVV;07.08.2024;-0,0008268233;-1.156,36;0,5650905984;538.802,61;-0,002298713;0,03569000
Muster konservativ cVV;08.08.2024;0,0011294372;1.578,28;0,5667597291;540.380,89;0,000393732;0,03577000
Muster konservativ cVV;09.08.2024;0,0017523219;2.451,46;0,5693447669;542.832,35;0,001486244;0,03557000
Muster konservativ cVV;10.08.2024;0,0000704727;98,76;0,5694483532;542.931,11;0;0,03557000
Muster konservativ cVV;11.08.2024;0,0000704678;98,76;0,5695519395;543.029,87;0;0,03557000
Muster konservativ cVV;12.08.2024;0,0009915587;1.389,80;0,5710235567;544.419,67;-0,000502272;0,03548000
Muster konservativ cVV;13.08.2024;0,0010839694;1.515,42;0,5726277417;545.935,09;0,002619000;0,03542000
Muster konservativ cVV;14.08.2024;-0,0006828849;-955,73;0,5716399612;544.979,36;0,000183585;0,03542000
Muster konservativ cVV;15.08.2024;0,0015484733;2.165,68;0,5739263156;547.145,04;-0,003708375;0,03549000
Muster konservativ cVV;16.08.2024;-0,0000995325;-139,42;0,5737947894;547.005,62;0,000742530;0,03560000
Muster konservativ cVV;17.08.2024;0,0000715215;100,17;0,5738998695;547.105,80;0;0,03560000
Muster konservativ cVV;18.08.2024;0,0000715164;100,17;0,5740049496;547.205,97;0;0,03560000
Muster konservativ cVV;19.08.2024;0,0006067704;849,97;0,5749112911;548.055,95;-0,000236453;0,03551000
Muster konservativ cVV;20.08.2024;0,0013013393;1.824,04;0,5768394986;549.879,99;0,001858051;0,03538000
Muster konservativ cVV;21.08.2024;0,0002654055;372,49;0,5772450420;550.252,48;0,001104782;0,03542000
Muster konservativ cVV;22.08.2024;-0,0015271542;-2.143,92;0,5750106793;548.108,57;-0,001486088;0,03541000
Muster konservativ cVV;23.08.2024;0,0013987636;1.960,67;0,5770823554;550.069,24;0,001384026;0,03525000
Muster konservativ cVV;24.08.2024;0,0000713654;100,17;0,5771874490;550.169,42;0;0,03525000
Muster konservativ cVV;25.08.2024;0,0000713603;100,17;0,5772925426;550.269,59;0;0,03525000
Muster konservativ cVV;26.08.2024;-0,0003118897;-437,86;0,5768479402;549.831,73;-0,000736485;0,03523000
Muster konservativ cVV;27.08.2024;-0,0009133867;-1.281,89;0,5755177834;548.549,85;-0,001106852;0,03515000
Muster konservativ cVV;28.08.2024;0,0001639357;229,86;0,5757736629;548.779,71;0,000820644;0,03505000
Muster konservativ cVV;29.08.2024;0,0002344740;328,82;0,5761333787;549.108,54;0,000053505;0,03505000
Muster konservativ cVV;30.08.2024;-0,0003626711;-508,73;0,5756143126;548.599,81;-0,000314478;0,03490000
Muster konservativ cVV;31.08.2024;0,0000647671;90,82;0,5757096017;548.690,63;0;0,03490000
Muster konservativ cVV;01.09.2024;0,0000714355;100,17;0,5758147087;548.790,80;0;0,03490000
Muster konservativ cVV;02.09.2024;-0,0020439122;-2.866,39;0,5728217934;545.924,42;-0,001909498;0,03469000
Muster konservativ cVV;03.09.2024;0,0017211529;2.408,81;0,5753639655;548.333,23;0,002405113;0,03458000
Muster konservativ cVV;04.09.2024;0,0018196797;2.551,09;0,5780555526;550.884,32;0,002693289;0,03449000
Muster konservativ cVV;05.09.2024;0,0008968270;1.259,59;0,5793920345;552.143,91;0,000505508;0,03470000
Muster konservativ cVV;06.09.2024;0,0015025873;2.112,27;0,5816233597;554.256,18;0,002390757;0,03468000
Muster konservativ cVV;07.09.2024;0,0000712136;100,26;0,5817285694;554.356,44;0;0,03468000
Muster konservativ cVV;08.09.2024;0,0000712085;100,26;0,5818337790;554.456,70;0;0,03468000
Muster konservativ cVV;09.09.2024;0,0001865317;262,65;0,5821242189;554.719,35;0,000388026;0,03462000
Muster konservativ cVV;10.09.2024;0,0012893846;1.815,88;0,5840446723;556.535,23;0,000994310;0,03460000
Muster konservativ cVV;11.09.2024;-0,0002007741;-283,12;0,5837624068;556.252,10;0,002304711;0,03467000
Muster konservativ cVV;12.09.2024;0,0001735128;244,63;0,5840339846;556.496,73;-0,002733862;0,03481000
Muster konservativ cVV;13.09.2024;0,0008807053;1.241,89;0,5853522031;557.738,62;0,000212572;0,03472000
Muster konservativ cVV;14.09.2024;0,0000710379;100,26;0,5854574262;557.838,88;0;0,03472000
Muster konservativ cVV;15.09.2024;0,0000710328;100,26;0,5855626492;557.939,14;0;0,03472000
Muster konservativ cVV;16.09.2024;0,0009632668;1.359,70;0,5870045787;559.298,84;0,001532695;0,03488000
Muster konservativ cVV;17.09.2024;-0,0010814143;-1.527,94;0,5854158135;557.770,90;-0,000852944;0,03480000
Muster konservativ cVV;18.09.2024;-0,0008909643;-1.257,49;0,5841108219;556.513,41;-0,001688860;0,03458000
Muster konservativ cVV;19.09.2024;0,0009817257;1.384,36;0,5855786820;557.897,76;0,001522727;0,03455000
Muster konservativ cVV;20.09.2024;-0,0003767138;-531,73;0,5850353986;557.366,03;-0,001391605;0,03436000
Muster konservativ cVV;21.09.2024;0,0000705789;99,59;0,5851399276;557.465,62;0;0,03436000
Muster konservativ cVV;22.09.2024;0,0000705739;99,59;0,5852444565;557.565,20;0;0,03436000
Muster konservativ cVV;23.09.2024;0,0028263342;3.988,46;0,5894458501;561.553,66;0,003203403;0,03431000
Muster konservativ cVV;24.09.2024;0,0021680626;3.068,17;0,5926814244;564.621,82;0,002054431;0,03402000
Muster konservativ cVV;25.09.2024;-0,0013792622;-1.956,11;0,5906430536;562.665,71;-0,001465397;0,03352000
Muster konservativ cVV;26.09.2024;0,0010031368;1.420,72;0,5921494019;564.086,43;0,000663196;0,03345000
Muster konservativ cVV;27.09.2024;0,0006296205;892,61;0,5931014241;564.979,04;0,001205061;0,03326000
Muster konservativ cVV;28.09.2024;0,0000703935;99,86;0,5932062542;565.078,90;0;0,03326000
Muster konservativ cVV;29.09.2024;0,0000703885;99,86;0,5933110843;565.178,76;0;0,03326000
Muster konservativ cVV;30.09.2024;-0,0000624128;-88,55;0,5932331264;565.090,20;0,000677012;0,03279000
Muster konservativ cVV;01.10.2024;0,0044091629;6.255,28;0,5998150994;571.345,49;0,003615631;0,03252000
Muster konservativ cVV;02.10.2024;-0,0016616367;-2.367,76;0,5973444469;568.977,73;-0,002131026;0,03246000
Muster konservativ cVV;03.10.2024;-0,0003775831;-537,15;0,5967955913;568.440,58;-0,001119164;0,03238000
Muster konservativ cVV;04.10.2024;-0,0013329303;-1.895,50;0,5948205574;566.545,09;-0,004050499;0,03250000
Muster konservativ cVV;05.10.2024;0,0000704852;100,10;0,5949256533;566.645,19;0;0,03250000
Muster konservativ cVV;06.10.2024;0,0000704803;100,10;0,5950307492;566.745,29;0;0,03250000
Muster konservativ cVV;07.10.2024;-0,0007948006;-1.128,90;0,5938604891;565.616,39;-0,001818924;0,03268000
Muster konservativ cVV;08.10.2024;-0,0017006438;-2.413,60;0,5913412771;563.202,79;0,000247580;0,03265000
Muster konservativ cVV;09.10.2024;0,0006603621;935,61;0,5923385612;564.138,40;-0,000151680;0,03223000
Muster konservativ cVV;10.10.2024;0,0008009174;1.135,50;0,5935457757;565.273,90;-0,000077453;0,03184000
Muster konservativ cVV;11.10.2024;0,0004377100;621,06;0,5942128607;565.894,96;-0,000271013;0,03179000
Muster konservativ cVV;12.10.2024;0,0000705175;100,10;0,5943179698;565.995,06;0;0,03179000
Muster konservativ cVV;13.10.2024;0,0000705125;100,10;0,5944230789;566.095,16;0;0,03179000
Muster konservativ cVV;14.10.2024;-0,0002196018;-311,77;0,5941106612;565.783,39;0,000265600;0,03205000
Muster konservativ cVV;15.10.2024;0,0028880630;4.099,30;0,5984302576;569.882,69;0,002668383;0,03215000
Muster konservativ cVV;16.10.2024;0,0023227924;3.306,48;0,6019175078;573.189,17;0,002101697;0,03208000
Muster konservativ cVV;17.10.2024;0,0009640174;1.375,46;0,6033770719;574.564,63;-0,000146232;0,03219000
Muster konservativ cVV;18.10.2024;0,0018598695;2.656,22;0,6061817215;577.220,85;0,001867151;0,03201000
Muster konservativ cVV;19.10.2024;0,0000699593;100,10;0,6062868439;577.320,95;0;0,03201000
Muster konservativ cVV;20.10.2024;0,0000699544;100,10;0,6063919662;577.421,05;0;0,03201000
Muster konservativ cVV;21.10.2024;-0,0026637421;-3.811,90;0,6024039394;573.609,15;-0,003616076;0,03138000
Muster konservativ cVV;22.10.2024;-0,0003934712;-561,57;0,6018292850;573.047,58;-0,001023700;0,03098000
Muster konservativ cVV;23.10.2024;-0,0001134890;-161,91;0,6016743382;572.885,67;0,000532519;0,03086000
Muster konservativ cVV;24.10.2024;0,0028699193;4.093,93;0,6059891930;576.979,60;0,003033317;0,03072000
Muster konservativ cVV;25.10.2024;-0,0009412197;-1.346,50;0,6045901477;575.633,10;-0,001804541;0,03059000
Muster konservativ cVV;26.10.2024;0,0000700370;100,10;0,6046952832;575.733,20;0;0,03059000
Muster konservativ cVV;27.10.2024;0,0000700321;100,10;0,6048004187;575.833,30;0;0,03059000
Muster konservativ cVV;28.10.2024;0,0004955423;708,35;0,6055595738;576.541,65;0,000248655;0,03052000
Muster konservativ cVV;29.10.2024;-0,0008608522;-1.231,15;0,6042815916;575.310,50;-0,002067856;0,03056000
Muster konservativ cVV;30.10.2024;-0,0040971673;-5.854,53;0,5981472155;569.455,97;-0,003196319;0,03056000
Muster konservativ cVV;31.10.2024;-0,0024069317;-3.425,22;0,5945642914;566.030,74;-0,002012113;0,03062000
Muster konservativ cVV;01.11.2024;0,0009893625;1.404,54;0,5960545406;567.435,28;0,000831435;0,03085000
Muster konservativ cVV;02.11.2024;0,0000705388;100,24;0,5961598351;567.535,52;0;0,03085000
Muster konservativ cVV;03.11.2024;0,0000705338;100,24;0,5962651296;567.635,76;0;0,03085000
Muster konservativ cVV;04.11.2024;-0,0001008630;-143,35;0,5961294496;567.492,41;0,000303916;0,03075000
Muster konservativ cVV;05.11.2024;-0,0011030311;-1.567,52;0,5944976812;565.924,89;-0,000914812;0,03057000
Muster konservativ cVV;06.11.2024;0,0031650339;4.492,88;0,5992323646;570.417,77;0,003457816;0,03049000
Muster konservativ cVV;07.11.2024;-0,0015245980;-2.171,07;0,5969665236;568.246,70;-0,000949756;0,03032000
Muster konservativ cVV;08.11.2024;0,0025439178;3.617,09;0,6007814142;571.863,79;0,001772103;0,03032000
Muster konservativ cVV;09.11.2024;0,0000703196;100,24;0,6008867219;571.964,03;0;0,03032000
Muster konservativ cVV;10.11.2024;0,0000703147;100,24;0,6009920295;572.064,26;0;0,03032000
Muster konservativ cVV;11.11.2024;0,0007398522;1.054,79;0,6021151726;573.119,05;0,002592571;0,03040000
Muster konservativ cVV;12.11.2024;-0,0011059214;-1.577,85;0,6004724610;571.541,20;-0,000355813;0,03034000
Muster konservativ cVV;13.11.2024;-0,0013733700;-1.957,26;0,5984310346;569.583,94;-0,001667196;0,03023000
Muster konservativ cVV;14.11.2024;0,0010712510;1.524,60;0,6000477925;571.108,54;0,001653870;0,03005000
Muster konservativ cVV;15.11.2024;-0,0002734511;-389,59;0,5996533875;570.718,95;0,000050812;0,02998000
Muster konservativ cVV;16.11.2024;0,0000703761;100,24;0,5997587083;570.819,19;0;0,02998000
Muster konservativ cVV;17.11.2024;0,0000703712;100,24;0,5998640291;570.919,43;0;0,02998000
Muster konservativ cVV;18.11.2024;0,0000701978;100,00;0,5999840267;571.019,42;-0,001511318;0,03004000
Muster konservativ cVV;19.11.2024;-0,0002047627;-291,71;0,5996924336;570.727,71;0,001514051;0,03013000
Muster konservativ cVV;20.11.2024;0,0011418134;1.626,33;0,6014162505;572.354,04;-0,000827286;0,03000000
Muster konservativ cVV;21.11.2024;0,0006277992;895,22;0,6023718943;573.249,26;0,001468341;0,03005000
Muster konservativ cVV;22.11.2024;0,0034283795;4.891,82;0,6075273191;578.141,08;0,002650073;0,03022000
Muster konservativ cVV;23.11.2024;0,0000701910;100,50;0,6076329233;578.241,58;0;0,03022000
Muster konservativ cVV;24.11.2024;0,0000701861;100,50;0,6077385276;578.342,07;0;0,03022000
Muster konservativ cVV;25.11.2024;-0,0000645845;-92,48;0,6076564303;578.249,59;0,001635253;0,02985000
Muster konservativ cVV;26.11.2024;-0,0003116056;-446,18;0,6072026315;577.803,41;-0,000469653;0,02898000
Muster konservativ cVV;27.11.2024;0,0008966892;1.283,53;0,6085665669;579.086,95;0,001131489;0,02912000
Muster konservativ cVV;28.11.2024;0,0024977310;3.578,49;0,6123424122;582.665,44;0,001970544;0,02939000
Muster konservativ cVV;29.11.2024;0,0026080941;3.745,94;0,6162944205;586.411,39;0,002083163;0,02934000
Muster konservativ cVV;30.11.2024;0,0000698140;100,53;0,6164000774;586.511,92;0;0,02934000
Muster konservativ cVV;01.12.2024;0,0000698092;100,53;0,6165057343;586.612,45;0;0,02934000
Muster konservativ cVV;02.12.2024;0,0024132461;3.475,61;0,6201738230;590.088,07;0,002967762;0,02924000
Muster konservativ cVV;03.12.2024;0,0001467365;211,84;0,6204118272;590.299,91;-0,000855550;0,02879000
Muster konservativ cVV;04.12.2024;0,0007523826;1.086,37;0,6215689993;591.386,28;-0,000287997;0,02877000
Muster konservativ cVV;05.12.2024;-0,0009323732;-1.347,28;0,6201683012;590.039,01;-0,001986448;0,02881000
Muster konservativ cVV;06.12.2024;0,0005394960;778,84;0,6210022683;590.817,85;0,000376240;0,02868000
Muster konservativ cVV;07.12.2024;0,0000693585;100,18;0,6211075700;590.918,03;0;0,02868000
Muster konservativ cVV;08.12.2024;0,0000693537;100,18;0,6212128717;591.018,22;0;0,02868000
Muster konservativ cVV;09.12.2024;0,0012182597;1.759,93;0,6230781165;592.778,15;0,000773871;0,02862000
Muster konservativ cVV;10.12.2024;0,0011857414;1.715,04;0,6248962602;594.493,19;0,000624499;0,02872000
Muster konservativ cVV;11.12.2024;0,0002009409;290,98;0,6252175614;594.784,18;0,000385151;0,02888000
Muster konservativ cVV;12.12.2024;-0,0023713949;-3.434,72;0,6216224410;591.349,46;-0,002053320;0,02886000
Muster konservativ cVV;13.12.2024;-0,0026204433;-3.786,44;0,6176574012;587.563,02;-0,002709272;0,02843000
Muster konservativ cVV;14.12.2024;0,0000695151;100,18;0,6177627159;587.663,21;0;0,02843000
Muster konservativ cVV;15.12.2024;0,0000695103;100,18;0,6178680305;587.763,39;0;0,02843000
Muster konservativ cVV;16.12.2024;-0,0007980416;-1.150,28;0,6166740427;586.613,11;0,000564646;0,02863000
Muster konservativ cVV;17.12.2024;-0,0003599000;-518,34;0,6161443288;586.094,78;0,000021287;0,02865000
Muster konservativ cVV;18.12.2024;0,0001419272;204,33;0,6163743221;586.299,11;-0,000501919;0,02852000
Muster konservativ cVV;19.12.2024;-0,0038684686;-5.570,25;0,6105333730;580.728,86;-0,002607941;0,02839000
Muster konservativ cVV;20.12.2024;0,0014115090;2.024,58;0,6126769420;582.753,45;0,001468473;0,02772000
Muster konservativ cVV;21.12.2024;0,0000697479;100,18;0,6127822697;582.853,63;0;0,02772000
Muster konservativ cVV;22.12.2024;0,0000697430;100,18;0,6128875973;582.953,81;0;0,02772000
Muster konservativ cVV;23.12.2024;-0,0014846784;-2.132,84;0,6106602651;580.820,98;-0,001496421;0,02731000
Muster konservativ cVV;24.12.2024;0,0000698419;100,18;0,6107806137;580.921,16;0;0,02715000
Muster konservativ cVV;25.12.2024;0,0000698370;100,18;0,6109009611;581.021,34;0;0,02715000
Muster konservativ cVV;26.12.2024;0,0000698321;100,18;0,6110213071;581.121,53;0;0,02715000
Muster konservativ cVV;27.12.2024;-0,0007685033;-1.102,60;0,6098769556;580.018,93;-0,002069799;0,02683000
Muster konservativ cVV;28.12.2024;0,0000698809;100,18;0,6099822962;580.119,11;0;0,02683000
Muster konservativ cVV;29.12.2024;0,0000698761;100,18;0,6100876368;580.219,30;0;0,02683000
Muster konservativ cVV;30.12.2024;-0,0006089749;-873,17;0,6091844735;579.346,13;0,001735267;0,02678000
Muster konservativ cVV;31.12.2024;0,0000669795;95,98;0,6093003434;579.442,11;0;0,02714000
Muster konservativ cVV;01.01.2025;0,0000699091;100,18;0,6094206333;579.542,29;0;0,02714000
Muster konservativ cVV;02.01.2025;0,0039438935;5.652,20;0,6153793198;585.194,50;-0,000021165;0,02736000
Muster konservativ cVV;03.01.2025;-0,0026379778;-3.795,54;0,6114029853;581.398,96;-0,003162042;0,02731000
Muster konservativ cVV;04.01.2025;0,0000698137;100,18;0,6115083388;581.499,14;0;0,02731000
Muster konservativ cVV;05.01.2025;0,0000698089;100,18;0,6116136923;581.599,33;0;0,02731000
Muster konservativ cVV;06.01.2025;-0,0025651271;-3.681,50;0,6077570892;577.917,83;-0,001912677;0,02757000
Muster konservativ cVV;07.01.2025;0,0000778632;111,46;0,6078891872;578.029,29;-0,000011694;0,02785000
Muster konservativ cVV;08.01.2025;-0,0000348807;-49,94;0,6078515428;577.979,36;-0,000725260;0,02782000
Muster konservativ cVV;09.01.2025;-0,0002591849;-371,05;0,6074761750;577.608,31;-0,001113886;0,02789000
Muster konservativ cVV;10.01.2025;-0,0003133662;-448,50;0,6070193258;577.159,82;-0,002049621;0,02766000
Muster konservativ cVV;11.01.2025;0,0000661727;94,68;0,6071189019;577.254,49;0;0,02766000
Muster konservativ cVV;12.01.2025;0,0000661683;94,68;0,6072184780;577.349,17;0;0,02766000
Muster konservativ cVV;13.01.2025;-0,0015607365;-2.233,35;0,6048843626;575.115,82;-0,001334414;0,02785000
Muster konservativ cVV;14.01.2025;-0,0009854534;-1.407,94;0,6034182790;573.707,88;-0,001098504;0,02761000
Muster konservativ cVV;15.01.2025;0,0042092815;6.007,99;0,6097522834;579.715,86;0,003922805;0,02748000
Muster konservativ cVV;16.01.2025;0,0022637033;3.244,63;0,6131799828;582.960,49;0,000775676;0,02744000
Muster konservativ cVV;17.01.2025;0,0014547860;2.089,90;0,6153932316;585.050,39;0,001096363;0,02704000
Muster konservativ cVV;18.01.2025;0,0000678575;97,62;0,6154959187;585.148,02;0;0,02704000
Muster konservativ cVV;19.01.2025;0,0000678529;97,62;0,6155986057;585.245,64;0;0,02704000
Muster konservativ cVV;20.01.2025;-0,0000371726;-53,49;0,6155573514;585.192,15;0,000602980;0,02677000
Muster konservativ cVV;21.01.2025;0,0006410221;922,30;0,6165425367;586.114,46;0,000377515;0,02681000
Muster konservativ cVV;22.01.2025;0,0006227400;896,57;0,6175006964;587.011,03;-0,000144245;0,02671000
Muster konservativ cVV;23.01.2025;-0,0006667922;-960,60;0,6165052156;586.050,44;-0,000971565;0,02673000
Muster konservativ cVV;24.01.2025;-0,0010280998;-1.480,12;0,6149631484;584.570,32;-0,001550614;0,02641000
Muster konservativ cVV;25.01.2025;0,0000722263;103,87;0,6150724235;584.674,20;0;0,02641000
Muster konservativ cVV;26.01.2025;0,0000722211;103,87;0,6151816987;584.778,07;0;0,02641000
Muster konservativ cVV;27.01.2025;0,0002864621;412,04;0,6156301392;585.190,12;0,001700627;0,02641000
Muster konservativ cVV;28.01.2025;0,0009705415;1.396,42;0,6171141960;586.586,53;-0,000556315;0,02615000
Muster konservativ cVV;29.01.2025;0,0006006371;865,04;0,6180392697;587.451,57;0,000089889;0,02612000
Muster konservativ cVV;30.01.2025;0,0041838841;6.029,24;0,6243976074;593.480,81;0,002927381;0,02606000
Muster konservativ cVV;31.01.2025;0,0047935504;6.936,71;0,6317110122;600.417,51;0,003625340;0,02589000
Muster konservativ cVV;01.02.2025;0,0000717251;104,29;0,6318207381;600.521,80;0;0,02589000
Muster konservativ cVV;02.02.2025;0,0000717199;104,29;0,6319304640;600.626,09;0;0,02589000
Muster konservativ cVV;03.02.2025;0,0014394630;2.093,32;0,6341482764;602.719,41;0,003065875;0,02562000
Muster konservativ cVV;04.02.2025;0,0011081500;1.613,83;0,6358616861;604.333,25;-0,000292756;0,02541000
Muster konservativ cVV;05.02.2025;0,0020550393;2.996,13;0,6390296223;607.329,38;0,001463451;0,02529000
Muster konservativ cVV;06.02.2025;-0,0009448541;-1.380,38;0,6375926486;605.949,00;-0,000391064;0,02535000
Muster konservativ cVV;07.02.2025;0,0001403537;204,85;0,6378236515;606.153,86;-0,000378209;0,02527000
Muster konservativ cVV;08.02.2025;0,0000716380;104,57;0,6379336899;606.258,43;0;0,02527000
Muster konservativ cVV;09.02.2025;0,0000716329;104,57;0,6380437283;606.363,01;0;0,02527000
Muster konservativ cVV;10.02.2025;0,0018283099;2.669,28;0,6408679926;609.032,29;0,001430192;0,02526000
Muster konservativ cVV;11.02.2025;-0,0027417387;-4.010,19;0,6366635929;605.022,11;-0,002984673;0,02539000
Muster konservativ cVV;12.02.2025;-0,0019596741;-2.858,45;0,6336709855;602.163,66;-0,002405211;0,02553000
Muster konservativ cVV;13.02.2025;0,0032874216;4.785,74;0,6387225815;606.949,41;0,002952100;0,02556000
Muster konservativ cVV;14.02.2025;-0,0010715733;-1.554,15;0,6371040978;605.395,25;0,000096383;0,02522000
Muster konservativ cVV;15.02.2025;0,0000680088;98,53;0,6372077891;605.493,79;0;0,02522000
Muster konservativ cVV;16.02.2025;0,0000680042;98,53;0,6373114805;605.592,32;0;0,02522000
Muster konservativ cVV;17.02.2025;-0,0007109960;-1.030,22;0,6362442907;604.562,09;-0,001606643;0,02510000
Muster konservativ cVV;18.02.2025;0,0019718797;2.855,20;0,6392661851;607.417,29;-0,000122080;0,02516000
Muster konservativ cVV;19.02.2025;-0,0018472062;-2.679,95;0,6364627011;604.737,34;-0,002073900;0,02529000
Muster konservativ cVV;20.02.2025;0,0004179767;605,29;0,6371167368;605.342,62;0,000675810;0,02534000
Muster konservativ cVV;21.02.2025;0,0027037771;3.917,07;0,6412565058;609.259,69;0,002973161;0,02521000
Muster konservativ cVV;22.02.2025;0,0000715627;103,96;0,6413659212;609.363,65;0;0,02521000
Muster konservativ cVV;23.02.2025;0,0000715576;103,96;0,6414753366;609.467,60;0;0,02521000
Muster konservativ cVV;24.02.2025;-0,0002575838;-374,23;0,6410985352;609.093,37;0,000713432;0,02521000
Muster konservativ cVV;25.02.2025;-0,0009264124;-1.345,60;0,6396992671;607.747,76;0,000280599;0,02530000
Muster konservativ cVV;26.02.2025;0,0011247859;1.632,23;0,6414343852;609.379,99;0,000715653;0,02499000
Muster konservativ cVV;27.02.2025;0,0003072366;446,35;0,6419212951;609.826,34;0,001398199;0,02485000
Muster konservativ cVV;28.02.2025;-0,0006545620;-951,22;0,6409370600;608.875,11;0,001024637;0,02464000
Muster konservativ cVV;01.03.2025;0,0000774659;112,50;0,6410554855;608.987,61;0;0,02464000
Muster konservativ cVV;02.03.2025;0,0000715761;103,96;0,6411649155;609.091,57;0;0,02464000
Muster konservativ cVV;03.03.2025;-0,0024370222;-3.539,74;0,6374557282;605.551,83;-0,003512103;0,02464000
Muster konservativ cVV;04.03.2025;0,0008840457;1.280,94;0,6388211312;606.832,76;0,002084412;0,02491000
Muster konservativ cVV;05.03.2025;-0,0099583222;-14.441,84;0,6236345738;592.390,92;-0,012148786;0,02504000
Muster konservativ cVV;06.03.2025;-0,0047929707;-6.881,68;0,6164063083;585.509,23;-0,004685018;0,02511000
Muster konservativ cVV;07.03.2025;0,0026803081;3.829,91;0,6204547865;589.339,14;0,003269320;0,02529000
Muster konservativ cVV;08.03.2025;0,0000725577;103,96;0,6205642310;589.443,10;0;0,02529000
Muster konservativ cVV;09.03.2025;0,0000725524;103,96;0,6206736756;589.547,05;0;0,02529000
Muster konservativ cVV;10.03.2025;0,0012929796;1.852,77;0,6226407834;591.399,82;0,001241177;0,02547000
Muster konservativ cVV;11.03.2025;-0,0029818211;-4.278,30;0,6181528700;587.121,51;-0,001996684;0,02553000
Muster konservativ cVV;12.03.2025;-0,0004180125;-597,97;0,6175396615;586.523,54;-0,000760927;0,02527000
Muster konservativ cVV;13.03.2025;-0,0002650947;-379,06;0,6171569050;586.144,47;0,001054464;0,02501000
Muster konservativ cVV;14.03.2025;-0,0001858528;-265,68;0,6168935025;585.878,79;-0,000715205;0,02478000
Muster konservativ cVV;15.03.2025;0,0000727333;103,96;0,6170029616;585.982,75;0;0,02478000
Muster konservativ cVV;16.03.2025;0,0000727281;103,96;0,6171124206;586.086,70;0;0,02478000
Muster konservativ cVV;17.03.2025;0,0024926263;3.563,17;0,6208806471;589.649,87;0,002464317;0,02456000
Muster konservativ cVV;18.03.2025;0,0006345128;909,29;0,6218545488;590.559,15;-0,000133065;0,02426000
Muster konservativ cVV;19.03.2025;0,0008912664;1.278,04;0,6232167955;591.837,19;0,000598234;0,02411000
Muster konservativ cVV;20.03.2025;0,0021904428;3.143,80;0,6265438424;594.980,99;0,000838671;0,02387000
Muster konservativ cVV;21.03.2025;0,0001802142;259,22;0,6268333743;595.240,20;0,001449058;0,02386000
Muster konservativ cVV;22.03.2025;0,0000722601;103,96;0,6269428478;595.344,16;0;0,02386000
Muster konservativ cVV;23.03.2025;0,0000722548;103,96;0,6270523213;595.448,11;0;0,02386000
Muster konservativ cVV;24.03.2025;-0,0003694870;-531,63;0,6265090191;594.916,48;-0,000450666;0,02367000
Muster konservativ cVV;25.03.2025;0,0000503061;72,36;0,6266017615;594.988,84;-0,000450423;0,02365000
Muster konservativ cVV;26.03.2025;0,0003330513;479,06;0,6271228211;595.467,89;0,000346530;0,02369000
Muster konservativ cVV;27.03.2025;0,0008350867;1.201,58;0,6284048494;596.669,47;0,001437797;0,02355000
Muster konservativ cVV;28.03.2025;0,0019828418;2.855,42;0,6314287934;599.524,89;0,002040079;0,02328000
Muster konservativ cVV;29.03.2025;0,0000670850;96,80;0,6315307429;599.621,69;0;0,02328000
Muster konservativ cVV;30.03.2025;0,0000670805;96,80;0,6316326925;599.718,49;0;0,02328000
Muster konservativ cVV;31.03.2025;0,0005713585;824,54;0,6325177766;600.543,02;-0,000109422;0,02336000
Muster konservativ cVV;01.04.2025;0,0018747233;2.706,99;0,6353856294;603.250,01;0,001177466;0,02324000
Muster konservativ cVV;02.04.2025;-0,0016229116;-2.347,78;0,6329294496;600.902,23;-0,000315952;0,02356000
Muster konservativ cVV;03.04.2025;-0,0008003253;-1.155,91;0,6317285605;599.746,32;0,002922157;0,02349000
Muster konservativ cVV;04.04.2025;-0,0041788733;-6.030,71;0,6253927104;593.715,61;0,001734264;0,02323000
Muster konservativ cVV;05.04.2025;0,0000721459;103,68;0,6255019238;593.819,29;0;0,02323000
Muster konservativ cVV;06.04.2025;0,0000721407;103,68;0,6256111373;593.922,98;0;0,02323000
Muster konservativ cVV;07.04.2025;-0,0048782136;-7.011,55;0,6182417529;586.911,43;-0,000936767;0,02362000
Muster konservativ cVV;08.04.2025;0,0029495002;4.218,69;0,6227020136;591.130,12;-0,001208527;0,02293000
Muster konservativ cVV;09.04.2025;-0,0008075548;-1.158,46;0,6214980118;589.971,66;0,001926484;0,02301000
Muster konservativ cVV;10.04.2025;0,0053076350;7.607,79;0,6295288743;597.579,45;-0,000302893;0,02265000
Muster konservativ cVV;11.04.2025;0,0008493425;1.223,88;0,6308347502;598.803,33;0,001529371;0,02279000
Muster konservativ cVV;12.04.2025;0,0000718913;103,68;0,6309439780;598.907,02;0;0,02279000
Muster konservativ cVV;13.04.2025;0,0000718862;103,68;0,6310532058;599.010,70;0;0,02279000
Muster konservativ cVV;14.04.2025;0,0005771338;832,46;0,6319467794;599.843,16;0,000192487;0,02252000
Muster konservativ cVV;15.04.2025;0,0030780290;4.442,33;0,6366435621;604.285,49;0,000665931;0,02263000
Muster konservativ cVV;16.04.2025;0,0042253508;6.116,96;0,6431049320;610.402,45;0,001908386;0,02236000
Muster konservativ cVV;17.04.2025;0,0030835031;4.482,79;0,6478448665;614.885,24;0,002852999;0,02183000
Muster konservativ cVV;18.04.2025;0,0000710985;103,68;0,6479710777;614.988,93;0;0,02183000
Muster konservativ cVV;19.04.2025;0,0000710935;103,68;0,6480803198;615.092,61;0;0,02183000
Muster konservativ cVV;20.04.2025;0,0000710884;103,68;0,6481895619;615.196,29;0;0,02183000
Muster konservativ cVV;21.04.2025;0,0000710834;103,68;0,6483157774;615.299,97;0;0,02183000
Muster konservativ cVV;22.04.2025;0,0034127345;4.978,14;0,6535781400;620.278,11;0,001471091;0,02191000
Muster konservativ cVV;23.04.2025;-0,0034535753;-5.054,91;0,6482688127;615.223,20;-0,002123451;0,02158000
Muster konservativ cVV;24.04.2025;0,0037836826;5.518,95;0,6541013069;620.742,16;0,003099873;0,02161000
Muster konservativ cVV;25.04.2025;-0,0021387726;-3.131,46;0,6508185702;617.610,70;-0,001231119;0,02174000
Muster konservativ cVV;26.04.2025;0,0000709659;103,68;0,6509278267;617.714,38;0;0,02174000
Muster konservativ cVV;27.04.2025;0,0000709609;103,68;0,6510370831;617.818,06;0;0,02174000
Muster konservativ cVV;28.04.2025;0,0001072749;156,75;0,6512192745;617.974,81;-0,000523368;0,02186000
Muster konservativ cVV;29.04.2025;-0,0014158682;-2.069,11;0,6490558043;615.905,70;0,000142405;0,02176000
Muster konservativ cVV;30.04.2025;0,0005490172;801,18;0,6499170707;616.706,89;0,001361960;0,02156000
Muster konservativ cVV;01.05.2025;0,0000710098;103,68;0,6500432940;616.810,57;0;0,02156000
Muster konservativ cVV;02.05.2025;-0,0037611618;-5.492,07;0,6442721178;611.318,49;-0,002842468;0,02142000
Muster konservativ cVV;03.05.2025;0,0000709675;103,24;0,6443809203;611.421,73;0;0,02142000
Muster konservativ cVV;04.05.2025;0,0000709624;103,24;0,6444897228;611.524,97;0;0,02142000
Muster konservativ cVV;05.05.2025;0,0019310242;2.809,49;0,6474675340;614.334,46;0,000292758;0,02151000
Muster konservativ cVV;06.05.2025;0,0021302413;3.105,32;0,6507572856;617.439,77;0,000064306;0,02143000
Muster konservativ cVV;07.05.2025;0,0021345984;3.118,30;0,6540608815;620.558,07;0,002096532;0,02150000
Muster konservativ cVV;08.05.2025;-0,0010332242;-1.512,59;0,6524836110;619.045,48;0;0,02138000
Muster konservativ cVV;09.05.2025;0,0001081598;158,18;0,6526673139;619.203,66;-0,002163678;0,02124000
Muster konservativ cVV;10.05.2025;0,0000705849;103,24;0,6527761306;619.306,89;0;0,02124000
Muster konservativ cVV;11.05.2025;0,0000705799;103,24;0,6528849472;619.410,13;0;0,02124000
Muster konservativ cVV;12.05.2025;-0,0024177182;-3.536,65;0,6491740462;615.873,48;-0,004451906;0,02139000
Muster konservativ cVV;13.05.2025;-0,0006820143;-995,24;0,6481418392;614.878,24;-0,000408228;0,02143000
Muster konservativ cVV;14.05.2025;-0,0028549589;-4.163,31;0,6437700280;610.714,92;-0,000504349;0,02142000
Muster konservativ cVV;15.05.2025;0,0019284482;2.804,18;0,6467427798;613.519,10;0,002029715;0,02127000
Muster konservativ cVV;16.05.2025;0,0013332400;1.942,42;0,6488072280;615.461,52;0,002136322;0,02101000
Muster konservativ cVV;17.05.2025;0,0000707659;103,24;0,6489160588;615.564,76;0;0,02101000
Muster konservativ cVV;18.05.2025;0,0000707609;103,24;0,6490248896;615.667,99;0;0,02101000
Muster konservativ cVV;19.05.2025;0,0004670991;681,53;0,6497602031;616.349,52;0,000778016;0,02075000
Muster konservativ cVV;20.05.2025;0,0014456339;2.110,26;0,6520017638;618.459,78;-0,000367748;0,02060000
Muster konservativ cVV;21.05.2025;-0,0014165438;-2.070,78;0,6498355210;616.388,99;-0,001239155;0,02046000
Muster konservativ cVV;22.05.2025;0,0005818579;849,39;0,6507478622;617.238,38;0,000321210;0,02049000
Muster konservativ cVV;23.05.2025;0,0020583794;3.006,54;0,6539345641;620.244,92;0,003013184;0,02040000
Muster konservativ cVV;24.05.2025;0,0000625207;91,51;0,6540310425;620.336,43;0;0,02040000
Muster konservativ cVV;25.05.2025;0,0000649033;95,00;0,6541312037;620.431,43;0;0,02040000
Muster konservativ cVV;26.05.2025;-0,0000975466;-142,79;0,6539975899;620.288,64;0,000166100;0,02039000
Muster konservativ cVV;27.05.2025;0,0009128659;1.336,15;0,6554233122;621.624,79;0,000846194;0,02021000
Muster konservativ cVV;28.05.2025;0,0003212840;470,69;0,6559365605;622.095,47;-0,000328046;0,02011000
Muster konservativ cVV;29.05.2025;0,0016205308;2.374,87;0,6584576505;624.470,35;0;0,01996000
Muster konservativ cVV;30.05.2025;-0,0004382409;-643,28;0,6577963624;623.827,07;0,001643233;0,01995000
Muster konservativ cVV;31.05.2025;0,0000673098;98,76;0,6579004986;623.925,83;0;0,01995000
Muster konservativ cVV;01.06.2025;0,0000735652;107,94;0,6580143203;624.033,77;0;0,01995000
Muster konservativ cVV;02.06.2025;0,0015579581;2.286,19;0,6604420672;626.319,97;0,000052119;0,01979000
Muster konservativ cVV;03.06.2025;0,0008718630;1.281,39;0,6618103592;627.601,36;0,000837940;0,01971000
Muster konservativ cVV;04.06.2025;-0,0001128140;-165,95;0,6616524436;627.435,41;-0,000857866;0,01960000
Muster konservativ cVV;05.06.2025;-0,0029776557;-4.379,63;0,6570509252;623.055,78;-0,003277948;0,01954000
Muster konservativ cVV;06.06.2025;0,0005376590;788,45;0,6578993627;623.844,23;0,000450611;0,01959000
Muster konservativ cVV;07.06.2025;0,0000736559;108,07;0,6580133331;623.952,30;0;0,01959000
Muster konservativ cVV;08.06.2025;0,0000736505;108,07;0,6581273035;624.060,37;0;0,01959000
Muster konservativ cVV;09.06.2025;0,0001325361;194,49;0,6583493828;624.254,86;0;0,01955000
Muster konservativ cVV;10.06.2025;0,0014111129;2.071,02;0,6605505358;626.325,88;0,002455581;0,01954000
Muster konservativ cVV;11.06.2025;-0,0000391156;-57,49;0,6605069172;626.268,39;0,000308841;0,01953000
Muster konservativ cVV;12.06.2025;0,0019145667;2.813,77;0,6634915994;629.082,16;0,001853964;0,01975000
Muster konservativ cVV;13.06.2025;-0,0018331070;-2.699,21;0,6606617496;626.382,95;-0,002305424;0,02004000
Muster konservativ cVV;14.06.2025;0,0000732697;107,69;0,6607753332;626.490,64;0;0,02004000
Muster konservativ cVV;15.06.2025;0,0000732643;107,69;0,6608889168;626.598,33;0;0,02004000
Muster konservativ cVV;16.06.2025;0,0005017913;737,63;0,6616839335;627.335,96;0,000760134;0,02001000
Muster konservativ cVV;17.06.2025;-0,0003111918;-457,68;0,6612181951;626.878,29;-0,000586260;0,02023000
Muster konservativ cVV;18.06.2025;0,0008378575;1.231,88;0,6625345834;628.110,17;0,001294316;0,02014000
Muster konservativ cVV;19.06.2025;-0,0009890613;-1.455,41;0,6610163880;626.654,76;-0,000512143;0,02036000
Muster konservativ cVV;20.06.2025;-0,0000892485;-131,20;0,6608949637;626.523,56;0,000019763;0,02034000
Muster konservativ cVV;21.06.2025;0,0000732627;107,69;0,6610085619;626.631,25;0;0,02034000
Muster konservativ cVV;22.06.2025;0,0000732573;107,69;0,6611221601;626.738,94;0;0,02034000
Muster konservativ cVV;23.06.2025;0,0004481700;658,87;0,6618341624;627.397,81;0,000622094;0,02031000
Muster konservativ cVV;24.06.2025;-0,0013404054;-1.971,46;0,6597714198;625.426,35;0,000132632;0,01997000
Muster konservativ cVV;25.06.2025;-0,0000438989;-64,48;0,6597203162;625.361,87;-0,000889969;0,01993000
Muster konservativ cVV;26.06.2025;-0,0002018847;-296,52;0,6594244072;625.065,35;0,000838329;0,01980000
Muster konservativ cVV;27.06.2025;-0,0016534313;-2.428,00;0,6568797727;622.637,35;-0,001506026;0,01939000
Muster konservativ cVV;28.06.2025;0,0000734569;107,69;0,6569933855;622.745,04;0;0,01939000
Muster konservativ cVV;29.06.2025;0,0000734515;107,69;0,6571069982;622.852,73;0;0,01939000
Muster konservativ cVV;30.06.2025;0,0011345145;1.663,48;0,6588788361;624.516,21;0,000578067;0,01944000
Muster konservativ cVV;01.07.2025;0,0018998210;2.788,77;0,6618379938;627.304,98;0,001260917;0,01961000
Muster konservativ cVV;02.07.2025;-0,0004198405;-617,46;0,6612034609;626.687,52;-0,001072230;0,01958000
Muster konservativ cVV;03.07.2025;0,0022542873;3.313,99;0,6647169754;630.001,51;0,001838498;0,01937000
Muster konservativ cVV;04.07.2025;0,0000729024;107,41;0,6648473047;630.108,92;0,001252510;0,01979000
Muster konservativ cVV;05.07.2025;0,0000640504;94,38;0,6649468865;630.203,30;0;0,01979000
Muster konservativ cVV;06.07.2025;0,0000658102;96,98;0,6650492109;630.300,28;0;0,01979000
Muster konservativ cVV;07.07.2025;-0,0006706876;-988,39;0,6640232982;629.311,89;-0,001321008;0,01944000
Muster konservativ cVV;08.07.2025;-0,0015005513;-2.209,87;0,6617084341;627.102,02;-0,001568075;0,01948000
Muster konservativ cVV;09.07.2025;0,0012716485;1.869,96;0,6636985280;628.971,97;0,000771664;0,01969000
Muster konservativ cVV;10.07.2025;-0,0000274314;-40,39;0,6636728453;628.931,58;-0,001036251;0,02001000
Muster konservativ cVV;11.07.2025;0,0004771982;702,59;0,6644311958;629.634,18;-0,001202819;0,02026000
Muster konservativ cVV;12.07.2025;0,0000733697;108,08;0,6645452444;629.742,25;0;0,02026000
Muster konservativ cVV;13.07.2025;0,0000733643;108,08;0,6646592930;629.850,33;0;0,02026000
Muster konservativ cVV;14.07.2025;-0,0000876868;-129,18;0,6645399130;629.721,14;0,000759737;0,02041000
Muster konservativ cVV;15.07.2025;0,0007434343;1.095,17;0,6657125992;630.816,31;0,001079521;0,02042000
Muster konservativ cVV;16.07.2025;0,0002397455;353,44;0,6661025554;631.169,74;0,000717311;0,02021000
Muster konservativ cVV;17.07.2025;0,0001116910;164,70;0,6662933325;631.334,44;0,000726552;0,02024000
Muster konservativ cVV;18.07.2025;-0,0003124261;-460,74;0,6658240222;630.873,70;-0,000761814;0,01995000
Muster konservativ cVV;19.07.2025;0,0000733080;108,08;0,6659380853;630.981,77;0;0,01995000
Muster konservativ cVV;20.07.2025;0,0000733026;108,08;0,6660521484;631.089,85;0;0,01995000
Muster konservativ cVV;21.07.2025;0,0032950375;4.858,49;0,6711968697;635.948,33;0,003150637;0,01971000
Muster konservativ cVV;22.07.2025;0,0009334310;1.380,87;0,6726713783;637.329,20;0,001020760;0,01944000
Muster konservativ cVV;23.07.2025;-0,0012594602;-1.864,91;0,6707200968;635.464,29;0,000026670;0,01939000
Muster konservativ cVV;24.07.2025;-0,0024778098;-3.664,33;0,6668694075;631.799,95;-0,004076215;0,01948000
Muster konservativ cVV;25.07.2025;-0,0011763552;-1.735,35;0,6650546187;630.064,60;-0,001322299;0,01971000
Muster konservativ cVV;26.07.2025;0,0000733482;108,08;0,6651686963;630.172,67;0;0,01971000
Muster konservativ cVV;27.07.2025;0,0000733429;108,08;0,6652827739;630.280,75;0;0,01971000
Muster konservativ cVV;28.07.2025;0,0023222841;3.422,30;0,6689121042;633.703,04;0,002043659;0,02016000
Muster konservativ cVV;29.07.2025;0,0007135512;1.053,99;0,6700416522;634.757,03;-0,000348453;0,02026000
Muster konservativ cVV;30.07.2025;-0,0006453285;-953,89;0,6690517026;633.803,14;-0,000569974;0,02017000
Muster konservativ cVV;31.07.2025;0,0005123180;756,80;0,6698675696;634.559,93;0,000044204;0,02008000
Muster konservativ cVV;01.08.2025;-0,0007072703;-1.045,31;0,6687810406;633.514,62;0,000769229;0,01994000
Muster konservativ cVV;02.08.2025;0,0000731769;108,08;0,6688951326;633.622,69;0;0,01994000
Muster konservativ cVV;03.08.2025;0,0000731716;108,08;0,6690092247;633.730,77;0;0,01994000
Muster konservativ cVV;04.08.2025;0,0026367785;3.894,86;0,6731379496;637.625,62;0,001682499;0,01994000
Muster konservativ cVV;05.08.2025;0,0003283111;486,24;0,6736683227;638.111,86;0,000495538;0,01973000
Muster konservativ cVV;06.08.2025;-0,0007823073;-1.158,99;0,6724617663;636.952,87;-0,000274200;0,01984000
Muster konservativ cVV;07.08.2025;0,0010887068;1.611,67;0,6741803341;638.564,53;-0,000086683;0,02003000
Muster konservativ cVV;08.08.2025;-0,0016239329;-2.406,60;0,6716564854;636.157,93;-0,001723327;0,02019000
Muster konservativ cVV;09.08.2025;0,0000730462;108,08;0,6717705919;636.266,00;0;0,02019000
Muster konservativ cVV;10.08.2025;0,0000730408;108,08;0,6718846985;636.374,08;0;0,02019000
Muster konservativ cVV;11.08.2025;-0,0006712829;-993,34;0,6708528799;635.380,73;-0,000153664;0,02029000
Muster konservativ cVV;12.08.2025;-0,0013004594;-1.909,69;0,6688551467;633.471,04;-0,001196145;0,02029000
Muster konservativ cVV;13.08.2025;0,0023007036;3.374,14;0,6724364203;636.845,18;0,002968775;0,02036000
Muster konservativ cVV;14.08.2025;-0,0002805380;-412,37;0,6720196473;636.432,80;-0,000819333;0,02034000
Muster konservativ cVV;15.08.2025;-0,0024767295;-3.639,62;0,6681950420;632.793,18;-0,001998919;0,02026000
Muster konservativ cVV;16.08.2025;0,0000733855;107,58;0,6683086354;632.900,75;0;0,02026000
Muster konservativ cVV;17.08.2025;0,0000733801;107,58;0,6684222288;633.008,33;0;0,02026000
Muster konservativ cVV;18.08.2025;0,0006844909;1.003,54;0,6695004685;634.011,86;0,000221263;0,02028000
Muster konservativ cVV;19.08.2025;0,0005806152;851,83;0,6704185531;634.863,69;0,000957766;0,02034000
Muster konservativ cVV;20.08.2025;0,0008588622;1.260,78;0,6717685448;636.124,46;0,001149044;0,02034000
Muster konservativ cVV;21.08.2025;-0,0014979135;-2.200,76;0,6694630003;633.923,70;-0,001841969;0,02026000
Muster konservativ cVV;22.08.2025;0,0009242788;1.355,94;0,6709135209;635.279,63;0,001354669;0,02017000
Muster konservativ cVV;23.08.2025;0,0000732613;107,58;0,6710271300;635.387,21;0;0,02017000
Muster konservativ cVV;24.08.2025;0,0000732559;107,58;0,6711407391;635.494,78;0;0,02017000
Muster konservativ cVV;25.08.2025;-0,0007131905;-1.047,38;0,6700531413;634.447,40;-0,001522604;0,02021000
Muster konservativ cVV;26.08.2025;0,0016785229;2.463,31;0,6726732902;636.910,70;0,001914989;0,02022000
Muster konservativ cVV;27.08.2025;0,0012071749;1.774,56;0,6745661321;638.685,26;0,001518689;0,02032000
Muster konservativ cVV;28.08.2025;-0,0000786428;-115,74;0,6744625191;638.569,51;-0,000579081;0,02047000
Muster konservativ cVV;29.08.2025;-0,0002341870;-344,64;0,6741171190;638.224,87;-0,000369616;0,02061000
Muster konservativ cVV;30.08.2025;0,0000731146;107,58;0,6742307438;638.332,44;0;0,02061000
Muster konservativ cVV;31.08.2025;0,0000713766;105,03;0,6743416758;638.437,47;0;0,02061000
Muster konservativ cVV;01.09.2025;-0,0000107405;-15,80;0,6743435971;638.421,66;-0,001248638;0,02074000
Muster konservativ cVV;02.09.2025;-0,0003927571;-577,95;0,6737517195;637.843,71;-0,001635417;0,02075000
Muster konservativ cVV;03.09.2025;0,0025431221;3.740,78;0,6777217813;641.584,49;0,001559324;0,02076000
Muster konservativ cVV;04.09.2025;0,0004842772;714,15;0,6784948655;642.298,65;0,000948997;0,02078000
Muster konservativ cVV;05.09.2025;0,0023932609;3.531,00;0,6822436570;645.829,65;0,002520321;0,02053000
Muster konservativ cVV;06.09.2025;0,0000727921;107,65;0,6823573809;645.937,30;0;0,02053000
Muster konservativ cVV;07.09.2025;0,0000727868;107,65;0,6824711049;646.044,96;0;0,02053000
Muster konservativ cVV;08.09.2025;0,0027525669;4.071,43;0,6867910175;650.116,39;0,000981548;0,02034000
Muster konservativ cVV;09.09.2025;-0,0007562535;-1.121,68;0,6856249336;648.994,71;-0,000784716;0,02029000
Muster konservativ cVV;10.09.2025;0,0005587327;828,09;0,6865186589;649.822,80;0,000177989;0,02029000
Muster konservativ cVV;11.09.2025;-0,0010772297;-1.597,44;0,6848498460;648.225,36;-0,000801852;0,02014000
Muster konservativ cVV;12.09.2025;-0,0009761921;-1.446,05;0,6833408807;646.779,30;-0,001811325;0,02000000
Muster konservativ cVV;13.09.2025;0,0000728345;107,79;0,6834547596;646.887,09;0;0,02000000
Muster konservativ cVV;14.09.2025;0,0000728291;107,79;0,6835686384;646.994,87;0;0,02000000
Muster konservativ cVV;15.09.2025;0,0011944983;1.767,97;0,6854553854;648.762,84;0,000857809;0,02033000
Muster konservativ cVV;16.09.2025;-0,0001216608;-180,28;0,6852837322;648.582,56;0,000087266;0,02015000
Muster konservativ cVV;17.09.2025;-0,0001991823;-295,12;0,6849907192;648.287,43;0,000395423;0,02024000
Muster konservativ cVV;18.09.2025;-0,0012569496;-1.862,02;0,6830420249;646.425,41;-0,000571162;0,02029000
Muster konservativ cVV;19.09.2025;0,0005684041;840,97;0,6839493935;647.266,37;-0,000979731;0,02016000
Muster konservativ cVV;20.09.2025;0,0000728105;107,79;0,6840632881;647.374,16;0;0,02016000
Muster konservativ cVV;21.09.2025;0,0000728052;107,79;0,6841771826;647.481,95;0;0,02016000
Muster konservativ cVV;22.09.2025;0,0009864499;1.460,52;0,6857392789;648.942,46;0,000660538;0,02004000
Muster konservativ cVV;23.09.2025;0,0007734927;1.146,35;0,6869694588;650.088,81;-0,000479969;0,01996000
Muster konservativ cVV;24.09.2025;-0,0004608961;-683,59;0,6862658890;649.405,21;0,000145764;0,01993000
Muster konservativ cVV;25.09.2025;-0,0012474420;-1.849,33;0,6843303300;647.555,88;-0,001179228;0,01980000
Muster konservativ cVV;26.09.2025;0,0011940288;1.767,94;0,6862174597;649.323,82;0,000853340;0,02000000
Muster konservativ cVV;27.09.2025;0,0000675254;100,10;0,6863232482;649.423,92;0;0,02000000
Muster konservativ cVV;28.09.2025;0,0000727045;107,79;0,6864371584;649.531,71;0;0,02000000
Muster konservativ cVV;29.09.2025;0,0019020901;2.820,09;0,6894363513;652.351,80;0,001223121;0,02016000
Muster konservativ cVV;30.09.2025;0,0001851964;275,10;0,6897459581;652.626,90;0,000178338;0,02032000
Muster konservativ cVV;01.10.2025;0,0011095796;1.648,53;0,6915071566;654.275,43;0,000417060;0,02017000
Muster konservativ cVV;02.10.2025;0,0005359668;797,18;0,6923686260;655.072,61;0,000324422;0,02000000
Muster konservativ cVV;03.10.2025;0,0013116534;1.951,96;0,6944506933;657.024,57;0;0,02020000
Muster konservativ cVV;04.10.2025;0,0000725990;108,18;0,6945650369;657.132,75;0;0,02020000
Muster konservativ cVV;05.10.2025;0,0000725937;108,18;0,6946793804;657.240,93;0;0,02020000
Muster konservativ cVV;06.10.2025;0,0018485159;2.754,91;0,6976102707;659.995,84;0,000384793;0,02026000
Muster konservativ cVV;07.10.2025;0,0012946701;1.933,06;0,6996725997;661.928,90;-0,000053094;0,02029000
Muster konservativ cVV;08.10.2025;0,0030720436;4.592,78;0,7045464886;666.521,68;0,001526200;0,02019000
Muster konservativ cVV;09.10.2025;-0,0010039818;-1.505,59;0,7029741792;665.016,10;-0,000838923;0,02025000
Muster konservativ cVV;10.10.2025;0,0004204701;629,91;0,7036592278;665.646,01;0,001780425;0,02009000
Muster konservativ cVV;11.10.2025;0,0000721814;108,18;0,7037735870;665.754,19;0;0,02009000
Muster konservativ cVV;12.10.2025;0,0000721762;108,18;0,7038879462;665.862,37;0;0,02009000
Muster konservativ cVV;13.10.2025;0,0026880610;4.029,29;0,7081666368;669.891,66;0,001030160;0,02026000
Muster konservativ cVV;14.10.2025;0,0009066018;1.362,61;0,7096264314;671.254,27;0,000675797;0,02021000
Muster konservativ cVV;15.10.2025;0,0032541036;4.895,31;0,7148210447;676.149,58;0,002296623;0,02016000
Muster konservativ cVV;16.10.2025;0,0019380222;2.924,95;0,7179328231;679.074,53;-0,000175499;0,02004000
Muster konservativ cVV;17.10.2025;-0,0007950617;-1.202,27;0,7166812537;677.872,27;-0,000163042;0,02010000
Muster konservativ cVV;18.10.2025;0,0000715973;108,18;0,7167956285;677.980,45;0;0,02010000
Muster konservativ cVV;19.10.2025;0,0000715922;108,18;0,7169100032;678.088,63;0;0,02010000
Muster konservativ cVV;20.10.2025;0,0022118088;3.342,45;0,7204634043;681.431,08;-0,000026072;0,02015000
Muster konservativ cVV;21.10.2025;-0,0038677943;-5.857,88;0,7142894011;675.573,20;0,000952017;0,02038000
Muster konservativ cVV;22.10.2025;-0,0023054087;-3.478,10;0,7106312838;672.095,10;-0,000252220;0,02066000
Muster konservativ cVV;23.10.2025;0,0021296243;3.205,49;0,7140399606;675.300,59;-0,000373054;0,02065000
Muster konservativ cVV;24.10.2025;-0,0011925570;-1.798,85;0,7121572504;673.501,74;-0,001882769;0,02072000
Muster konservativ cVV;25.10.2025;0,0000718050;108,18;0,7122716407;673.609,93;0;0,02072000
Muster konservativ cVV;26.10.2025;0,0000717998;108,18;0,7123860309;673.718,11;0;0,02072000
Muster konservativ cVV;27.10.2025;-0,0022413508;-3.377,30;0,7088341259;670.340,81;0,000570401;0,02084000
Muster konservativ cVV;28.10.2025;-0,0011067901;-1.663,99;0,7070937627;668.676,82;0,000222244;0,02074000
Muster konservativ cVV;29.10.2025;0,0010990020;1.650,45;0,7088582533;670.327,27;0,000172271;0,02066000
Muster konservativ cVV;30.10.2025;-0,0002463836;-370,42;0,7084857415;669.956,85;-0,000930912;0,02050000
Muster konservativ cVV;31.10.2025;0,0004208608;632,58;0,7091739060;670.589,43;0,000602425;0,02040000
Muster konservativ cVV;01.11.2025;0,0000693568;104,29;0,7092841976;670.693,72;0;0,02040000
Muster konservativ cVV;02.11.2025;0,0000719391;108,18;0,7093986033;670.801,90;0;0,02040000
Muster konservativ cVV;03.11.2025;-0,0010199156;-1.533,85;0,7077956636;669.268,05;-0,001045311;0,02023000
Muster konservativ cVV;04.11.2025;-0,0011438106;-1.718,42;0,7059974269;667.549,63;0,000190898;0,02014000
Muster konservativ cVV;05.11.2025;0,0004986789;748,34;0,7068079889;668.297,97;-0,000623301;0,01990000
Muster konservativ cVV;06.11.2025;-0,0005371141;-806,42;0,7059741900;667.491,55;0,000193948;0,01998000
Muster konservativ cVV;07.11.2025;-0,0006839187;-1.026,28;0,7049077956;666.465,27;-0,000284460;0,02009000
Muster konservativ cVV;08.11.2025;0,0000721880;108,25;0,7050222898;666.573,52;0;0,02009000
Muster konservativ cVV;09.11.2025;0,0000721827;108,25;0,7051367841;666.681,77;0;0,02009000
Muster konservativ cVV;10.11.2025;0,0022494536;3.373,68;0,7087242103;670.055,45;0,000157131;0,02005000
Muster konservativ cVV;11.11.2025;0,0006359375;955,91;0,7097544535;671.011,36;0,000464042;0,02032000
Muster konservativ cVV;12.11.2025;0,0023129137;3.478,87;0,7134534473;674.490,23;0,000288150;0,02048000
Muster konservativ cVV;13.11.2025;-0,0010784855;-1.625,91;0,7117528190;672.864,32;-0,001611820;0,02064000
Muster konservativ cVV;14.11.2025;-0,0030995373;-4.667,78;0,7068343271;668.196,54;-0,000865928;0,02069000
Muster konservativ cVV;15.11.2025;0,0000721047;108,25;0,7069488368;668.304,79;0;0,02069000
Muster konservativ cVV;16.11.2025;0,0000720995;108,25;0,7070633465;668.413,04;0;0,02069000
Muster konservativ cVV;17.11.2025;-0,0002414436;-362,53;0,7066989064;668.050,51;0,000095374;0,02048000
Muster konservativ cVV;18.11.2025;-0,0001183893;-177,72;0,7065299449;667.872,79;0,000417643;0,02051000
Muster konservativ cVV;19.11.2025;0,0012608459;1.892,49;0,7085510605;669.765,29;0,000174039;0,02066000
Muster konservativ cVV;20.11.2025;-0,0002155487;-323,94;0,7082274309;669.441,35;0,000060095;0,02054000
Muster konservativ cVV;21.11.2025;0,0001102654;165,68;0,7084217741;669.607,02;0,000612545;0,02047000
Muster konservativ cVV;22.11.2025;0,0000672833;101,11;0,7085287417;669.708,13;0;0,02047000
Muster konservativ cVV;23.11.2025;0,0000720768;108,32;0,7086433378;669.816,45;0;0,02047000
Muster konservativ cVV;24.11.2025;0,0014403950;2.164,79;0,7109527365;671.981,23;-0,000171214;0,02059000
Muster konservativ cVV;25.11.2025;0,0016423611;2.471,88;0,7135871621;674.453,11;0,000966188;0,02066000
Muster konservativ cVV;26.11.2025;0,0005327525;803,15;0,7144561182;675.256,27;-0,000014843;0,02069000
Muster konservativ cVV;27.11.2025;0,0000921960;139,06;0,7146224555;675.395,33;0,000126386;0,02061000
Muster konservativ cVV;28.11.2025;0,0010793261;1.628,15;0,7163644121;677.023,48;-0,000480837;0,02060000
Muster konservativ cVV;29.11.2025;0,0000718248;108,46;0,7164791788;677.131,95;0;0,02060000
Muster konservativ cVV;30.11.2025;0,0000718196;108,46;0,7165939455;677.240,41;0;0,02060000
Muster konservativ cVV;01.12.2025;-0,0002824113;-426,54;0,7161618494;676.813,88;-0,001734150;0,02060000
Muster konservativ cVV;02.12.2025;-0,0006818726;-1.029,57;0,7150916159;675.784,31;0,000043995;0,02043000
Muster konservativ cVV;03.12.2025;0,0005792004;873,94;0,7160355989;676.658,25;0,000532533;0,02029000
Muster konservativ cVV;04.12.2025;-0,0001865046;-281,58;0,7157568269;676.376,68;-0,000763338;0,02055000
Muster konservativ cVV;05.12.2025;-0,0005336010;-805,46;0,7149236349;675.571,22;-0,001038656;0,02075000
Muster konservativ cVV;06.12.2025;0,0000718939;108,46;0,7150384169;675.679,69;0;0,02075000
Muster konservativ cVV;07.12.2025;0,0000718887;108,46;0,7151531990;675.788,15;0;0,02075000
Muster konservativ cVV;08.12.2025;-0,0030377126;-4.583,56;0,7103216762;671.204,59;-0,003830891;0,02069000
Muster konservativ cVV;09.12.2025;0,0000092694;13,94;0,7103554537;671.218,54;0,000834538;0,02088000
Muster konservativ cVV;10.12.2025;-0,0009623627;-1.447,70;0,7088423187;669.770,84;-0,000710382;0,02082000
Muster konservativ cVV;11.12.2025;0,0010915765;1.640,49;0,7105975230;671.411,33;0,000832540;0,02100000
Muster konservativ cVV;12.12.2025;0,0005557062;836,06;0,7115014102;672.247,40;-0,000106493;0,02082000
Muster konservativ cVV;13.12.2025;0,0000720527;108,46;0,7116162076;672.355,86;0;0,02082000
Muster konservativ cVV;14.12.2025;0,0000720475;108,46;0,7117310050;672.464,33;0;0,02082000
Muster konservativ cVV;15.12.2025;0,0003193057;480,73;0,7122588495;672.945,06;0,000712269;0,02072000
Muster konservativ cVV;16.12.2025;0,0006724014;1.012,66;0,7133497343;673.957,72;0,000245329;0,02057000
Muster konservativ cVV;17.12.2025;0,0001750263;263,77;0,7136479858;674.221,50;-0,000260748;0,02049000
Muster konservativ cVV;18.12.2025;0,0015938209;2.402,39;0,7162099853;676.623,89;0,000618166;0,02035000
Muster konservativ cVV;19.12.2025;-0,0013138306;-1.983,52;0,7141294800;674.640,38;-0,001295132;0,02002000
Muster konservativ cVV;20.12.2025;0,0000719383;108,46;0,7142442927;674.748,84;0;0,02002000
Muster konservativ cVV;21.12.2025;0,0000719331;108,46;0,7143591055;674.857,30;0;0,02002000
Muster konservativ cVV;22.12.2025;0,0017908142;2.700,46;0,7172367689;677.557,77;-0,000602872;0,02022000
Muster konservativ cVV;23.12.2025;0,0012910795;1.950,37;0,7193205395;679.508,14;0,001478880;0,02018000
Muster konservativ cVV;24.12.2025;0,0000717068;108,46;0,7194545330;679.616,61;0;0,02018000
Muster konservativ cVV;25.12.2025;0,0000717016;108,46;0,7195885249;679.725,07;0;0,02018000
Muster konservativ cVV;26.12.2025;0,0000716965;108,46;0,7197225153;679.833,53;0;0,02018000
Muster konservativ cVV;27.12.2025;0,0000716914;108,46;0,7198373434;679.942,00;0;0,02018000
Muster konservativ cVV;28.12.2025;0,0000716862;108,46;0,7199521715;680.050,46;0;0,02018000
Muster konservativ cVV;29.12.2025;-0,0018964432;-2.869,60;0,7169332860;677.180,87;0,002032415;0,02020000
Muster konservativ cVV;30.12.2025;0,0011216381;1.693,98;0,7187458348;678.874,85;-0,000533727;0,02016000
Muster konservativ cVV;31.12.2025;0,0000694627;105,03;0,7188761472;678.979,88;0;0,02026000
Muster konservativ cVV;01.01.2026;0,0000717318;108,46;0,7190100984;679.088,34;0;0,02026000
Muster konservativ cVV;02.01.2026;-0,0025879493;-3.913,46;0,7148855773;675.174,88;-0,001119405;0,02029000
Muster konservativ cVV;03.01.2026;0,0000719128;108,46;0,7150004206;675.283,35;0;0,02029000
Muster konservativ cVV;04.01.2026;0,0000719076;108,46;0,7151152639;675.391,81;0;0,02029000
Muster konservativ cVV;05.01.2026;0,0042781416;6.453,52;0,7219675309;681.845,34;0,001024748;0,02034000
Muster konservativ cVV;06.01.2026;0,0029586389;4.482,16;0,7267327361;686.327,50;0,001531718;0,02026000
Muster konservativ cVV;07.01.2026;0,0005046283;766,74;0,7275639281;687.094,24;0,001420974;0,02032000
Muster konservativ cVV;08.01.2026;-0,0001366777;-207,78;0,7273632092;686.886,47;-0,000742497;0,02031000
Muster konservativ cVV;09.01.2026;0,0013940791;2.118,98;0,7296263985;689.005,44;0,000226922;0,02019000
Muster konservativ cVV;10.01.2026;0,0000676324;102,94;0,7297354110;689.108,39;0;0,02019000
Muster konservativ cVV;11.01.2026;0,0000676279;102,94;0,7298444236;689.211,33;0;0,02019000
Muster konservativ cVV;12.01.2026;0,0027430425;4.175,75;0,7342858247;693.387,08;0,000825274;0,02020000
Muster konservativ cVV;13.01.2026;0,0001269991;193,86;0,7345105813;693.580,95;0,000012198;0,02016000
Muster konservativ cVV;14.01.2026;0,0015292444;2.334,66;0,7370025341;695.915,61;0,001078038;0,02016000
Muster konservativ cVV;15.01.2026;-0,0005771756;-882,51;0,7360874079;695.033,10;-0,000117621;0,02026000
Muster konservativ cVV;16.01.2026;-0,0007894151;-1.206,33;0,7348292680;693.826,77;-0,000981308;0,02033000
Muster konservativ cVV;17.01.2026;0,0000710985;108,56;0,7349442455;693.935,33;0;0,02033000
Muster konservativ cVV;18.01.2026;0,0000710935;108,56;0,7350592230;694.043,90;0;0,02033000
Muster konservativ cVV;19.01.2026;0,0013934166;2.127,94;0,7373324198;696.171,84;0,000972902;0,02029000
Muster konservativ cVV;20.01.2026;0,0005368791;821,03;0,7382215115;696.992,87;-0,000411225;0,02027000
Muster konservativ cVV;21.01.2026;0,0021194600;3.242,96;0,7416759016;700.235,83;-0,000375119;0,02034000
Muster konservativ cVV;22.01.2026;0,0011128850;1.706,42;0,7435029498;701.942,25;-0,000149361;0,02030000
Muster konservativ cVV;23.01.2026;0,0017952335;2.755,75;0,7464415739;704.698,01;-0,000811178;0,02038000
Muster konservativ cVV;24.01.2026;0,0000705959;108,56;0,7465565667;704.806,57;0;0,02038000
Muster konservativ cVV;25.01.2026;0,0000705909;108,56;0,7466715594;704.915,13;0;0,02038000
Muster konservativ cVV;26.01.2026;0,0021941403;3.374,61;0,7502658720;708.289,74;0,001575616;0,02038000
Muster konservativ cVV;27.01.2026;0,0000435854;67,18;0,7503568313;708.356,92;0,000485957;0,02039000
Muster konservativ cVV;28.01.2026;0,0054957128;8.471,38;0,7593505232;716.828,30;0,000963868;0,02026000
Muster konservativ cVV;29.01.2026;0,0000056660;8,78;0,7593798430;716.837,09;0,001262358;0,02020000
Muster konservativ cVV;30.01.2026;-0,0056916449;-8.821,67;0,7500543905;708.015,42;-0,000349398;0,02031000
Muster konservativ cVV;31.01.2026;0,0000681493;105,03;0,7501656521;708.120,44;0;0,02031000
Muster konservativ cVV;01.02.2026;0,0000704391;108,56;0,7502806600;708.229,01;0;0,02031000
Muster konservativ cVV;02.02.2026;-0,0061468788;-9.474,34;0,7402632731;698.754,67;-0,000933982;0,02022000
Muster konservativ cVV;03.02.2026;0,0063188279;9.679,50;0,7505375300;708.434,17;-0,000561573;0,02029000
Muster konservativ cVV;04.02.2026;-0,0002578585;-397,50;0,7501361495;708.036,67;0,001274761;0,02040000
Muster konservativ cVV;05.02.2026;-0,0016432698;-2.532,50;0,7474727335;705.504,18;0,000785129;0,02020000
Muster konservativ cVV;06.02.2026;0,0017359508;2.670,93;0,7503222824;708.175,11;0,000001492;0,01999000
Muster konservativ cVV;07.02.2026;0,0000724558;111,67;0,7504406027;708.286,78;0;0,01999000
Muster konservativ cVV;08.02.2026;0,0000724505;111,67;0,7505589229;708.398,46;0;0,01999000
Muster konservativ cVV;09.02.2026;0,0026863115;4.140,93;0,7549661472;712.539,39;0,000929793;0,01982000
Muster konservativ cVV;10.02.2026;-0,0005686956;-879,00;0,7540546227;711.660,40;0,001011853;0,01981000
Muster konservativ cVV;11.02.2026;0,0014633985;2.260,59;0,7564697469;713.920,99;-0,000111365;0,01994000
Muster konservativ cVV;12.02.2026;-0,0024562303;-3.782,78;0,7524825133;710.138,21;0,000709790;0,01984000
Muster konservativ cVV;13.02.2026;0,0019653463;3.019,34;0,7557029674;713.157,56;0,001228235;0,01999000
Muster konservativ cVV;14.02.2026;0,0000725480;111,67;0,7558213035;713.269,23;0;0,01999000
Muster konservativ cVV;15.02.2026;0,0000725428;111,67;0,7559396397;713.380,91;0;0,01999000
Muster konservativ cVV;16.02.2026;-0,0005044943;-776,69;0,7551376656;712.604,22;0,000065386;0,01999000
Muster konservativ cVV;17.02.2026;-0,0023423343;-3.604,28;0,7513391846;708.999,94;0,000274137;0,02011000
Muster konservativ cVV;18.02.2026;0,0028023246;4.302,00;0,7559191342;713.301,93;-0,000159692;0,02006000
Muster konservativ cVV;19.02.2026;0,0003603266;554,71;0,7565280419;713.856,64;-0,000116173;0,02024000
Muster konservativ cVV;20.02.2026;0,0015899035;2.448,47;0,7591439911;716.305,11;0,000179730;0,02024000
Muster konservativ cVV;21.02.2026;0,0000721812;111,34;0,7592619861;716.416,44;0;0,02024000
Muster konservativ cVV;22.02.2026;0,0000721760;111,34;0,7593799810;716.527,78;0;0,02024000
Muster konservativ cVV;23.02.2026;0,0037974395;5.858,24;0,7656098659;722.386,01;0,001318709;0,02034000
Muster konservativ cVV;24.02.2026;-0,0014455327;-2.238,46;0,7632586845;720.147,55;-0,000074615;0,02041000
Muster konservativ cVV;25.02.2026;0,0013394140;2.071,14;0,7654750810;722.218,69;0,000000557;0,02011000
Muster konservativ cVV;26.02.2026;-0,0002093706;-324,18;0,7651527359;721.894,50;0,000407829;0,02013000
Muster konservativ cVV;27.02.2026;0,0020892619;3.234,28;0,7686021624;725.128,78;0,001511712;0,02013000
Muster konservativ cVV;28.02.2026;0,0000717706;111,34;0,7687201738;725.240,12;0;0,02013000
Muster konservativ cVV;01.03.2026;0,0000747666;115,99;0,7688431202;725.356,11;0;0,02013000
Muster konservativ cVV;02.03.2026;-0,0008474740;-1.314,86;0,7674707287;724.041,25;-0,003307292;0,02026000
Muster konservativ cVV;03.03.2026;-0,0055668793;-8.629,74;0,7583443948;715.411,50;-0,004149430;0,02035000
Muster konservativ cVV;04.03.2026;0,0021179501;3.264,96;0,7618264133;718.676,46;0,002606841;0,02056000
Muster konservativ cVV;05.03.2026;-0,0047617257;-7.356,05;0,7540495987;711.320,40;-0,004854594;0,02046000
Muster konservativ cVV;06.03.2026;-0,0006679619;-1.026,97;0,7529817991;710.293,43;-0,002326325;0,02049000
Muster konservativ cVV;07.03.2026;0,0000724636;111,34;0,7530998268;710.404,77;0;0,02049000
Muster konservativ cVV;08.03.2026;0,0000724584;111,34;0,7532178546;710.516,10;0;0,02049000
Muster konservativ cVV;09.03.2026;-0,0016003340;-2.459,18;0,7506316656;708.056,92;-0,001122083;0,02078000
Muster konservativ cVV;10.03.2026;0,0049426398;7.583,05;0,7586916781;715.639,97;0,003390483;0,02138000
Muster konservativ cVV;11.03.2026;-0,0050634841;-7.806,84;0,7504359556;707.833,12;-0,005369218;0,02122000
Muster konservativ cVV;12.03.2026;-0,0021867433;-3.354,43;0,7469002878;704.478,69;-0,001305388;0,02150000
Muster konservativ cVV;13.03.2026;-0,0026703706;-4.087,35;0,7425873395;700.391,34;-0,001192556;0,02157000
Muster konservativ cVV;14.03.2026;0,0000729337;111,34;0,7427053836;700.502,67;0;0,02157000
Muster konservativ cVV;15.03.2026;0,0000729283;111,34;0,7428234277;700.614,01;0;0,02157000
Muster konservativ cVV;16.03.2026;-0,0007193459;-1.098,27;0,7416794869;699.515,74;0,001383430;0,02157000
Muster konservativ cVV;17.03.2026;0,0016127988;2.460,60;0,7443089613;701.976,33;0,001335168;0,02148000
Muster konservativ cVV;18.03.2026;-0,0040222015;-6.146,44;0,7378122327;695.829,89;-0,001900957;0,02121000
Muster konservativ cVV;19.03.2026;-0,0098756398;-15.030,55;0,7218947506;680.799,34;-0,002756308;0,02108000
Muster konservativ cVV;20.03.2026;-0,0040051460;-6.035,56;0,7155146030;674.763,77;-0,003801756;0,02111000
Muster konservativ cVV;21.03.2026;0,0000741790;111,34;0,7156326634;674.875,11;0;0,02111000
Muster konservativ cVV;22.03.2026;0,0000741735;111,34;0,7157507238;674.986,44;0;0,02111000
Muster konservativ cVV;23.03.2026;-0,0031019396;-4.656,44;0,7108326710;670.330,00;0,001377828;0,02129000
Muster konservativ cVV;24.03.2026;-0,0002772848;-414,95;0,7104122333;669.915,05;-0,001029883;0,02178000
Muster konservativ cVV;25.03.2026;0,0060802056;9.096,40;0,7200783670;679.011,45;0,002846772;0,02135000
Muster konservativ cVV;26.03.2026;-0,0064181095;-9.660,31;0,7098533524;669.351,14;-0,004309233;0,02135000
Muster konservativ cVV;27.03.2026;0,0009534983;1.425,96;0,7113851860;670.777,10;-0,002156111;0,02127000
Muster konservativ cVV;28.03.2026;0,0000766639;114,76;0,7115068940;670.891,86;0;0,02127000
Muster konservativ cVV;29.03.2026;0,0000766581;114,76;0,7116286020;671.006,62;0;0,02127000
Muster konservativ cVV;30.03.2026;0,0028866851;4.321,83;0,7162317826;675.328,45;0,002851997;0,02122000
Muster konservativ cVV;31.03.2026;0,0026938420;4.044,75;0,7205413432;679.373,20;0,000894086;0,02079000
Muster konservativ cVV;01.04.2026;0,0061693900;9.288,18;0,7304124461;688.661,38;0,002731704;0,02075000
Muster konservativ cVV;02.04.2026;-0,0023123115;-3.502,72;0,7267173437;685.158,66;-0,000147072;0,02103000
Muster konservativ cVV;03.04.2026;0,0000760184;114,89;0,7268591729;685.273,55;0;0,02103000
Muster konservativ cVV;04.04.2026;0,0000760127;114,89;0,7269810324;685.388,43;0;0,02103000
Muster konservativ cVV;05.04.2026;0,0000760069;114,89;0,7271028918;685.503,32;0;0,02103000
Muster konservativ cVV;06.04.2026;0,0000760011;114,89;0,7272447267;685.618,21;0;0,02103000
Muster konservativ cVV;07.04.2026;-0,0039052556;-5.903,85;0,7210022243;679.714,36;-0,004077300;0,02170000
Muster konservativ cVV;08.04.2026;0,0100093735;15.072,79;0,7370108045;694.787,14;0,009999016;0,02162000
Muster konservativ cVV;09.04.2026;-0,0014326091;-2.178,91;0,7347196305;692.608,23;-0,003427773;0,02150000
Muster konservativ cVV;10.04.2026;-0,0026921037;-4.088,66;0,7304024012;688.519,57;-0,000528167;0,02198000
Muster konservativ cVV;11.04.2026;0,0000758498;114,89;0,7305242774;688.634,46;0;0,02198000
Muster konservativ cVV;12.04.2026;0,0000758440;114,89;0,7306461536;688.749,34;0;0,02198000
Muster konservativ cVV;13.04.2026;-0,0024198740;-3.665,87;0,7267772061;685.083,47;-0,002217656;0,02204000
Muster konservativ cVV;14.04.2026;0,0046003840;6.952,27;0,7341726995;692.035,74;0,003523920;0,02243000
Muster konservativ cVV;15.04.2026;-0,0005327944;-808,88;0,7333346495;691.226,86;0,000383309;0,02240000
Muster konservativ cVV;16.04.2026;0,0013206039;2.003,86;0,7354807114;693.230,71;0,000852956;0,02238000
Muster konservativ cVV;17.04.2026;0,0047254213;7.179,73;0,7431183534;700.410,44;0,004078635;0,02204000
Muster konservativ cVV;18.04.2026;0,0000752589;114,89;0,7432402463;700.525,33;0;0,02204000
Muster konservativ cVV;19.04.2026;0,0000752533;114,89;0,7433621392;700.640,22;0;0,02204000
Muster konservativ cVV;20.04.2026;-0,0022299239;-3.404,63;0,7397701424;697.235,58;-0,001125664;0,02194000
Muster konservativ cVV;21.04.2026;-0,0022699414;-3.458,00;0,7361213128;693.777,58;-0,001383568;0,02168000
Muster konservativ cVV;22.04.2026;-0,0009219385;-1.401,28;0,7346545835;692.376,30;-0,000446585;0,02161000
Muster konservativ cVV;23.04.2026;-0,0002016836;-306,26;0,7343496816;692.070,04;-0,000790235;0,02165000
Muster konservativ cVV;24.04.2026;-0,0000019315;-2,93;0,7343666238;692.067,10;-0,000030163;0,02163000
Muster konservativ cVV;25.04.2026;0,0000756725;114,89;0,7344885333;692.181,99;0;0,02163000
Muster konservativ cVV;26.04.2026;0,0000756668;114,89;0,7346104429;692.296,88;0;0,02163000
Muster konservativ cVV;27.04.2026;-0,0018184549;-2.761,23;0,7317004151;689.535,65;-0,000616914;0,02170000
Muster konservativ cVV;28.04.2026;-0,0038200081;-5.789,94;0,7255762179;683.745,70;-0,001857885;0,02150000
Muster konservativ cVV;29.04.2026;-0,0027370331;-4.132,64;0,7212104168;679.613,06;-0,002183960;0,02149000
Muster konservativ cVV;30.04.2026;0,0044369828;6.681,06;0,7283202603;686.294,12;0,002924876;0,02199000
Muster konservativ cVV;01.05.2026;0,0000759614;114,89;0,7284620345;686.409,01;0;0,02199000
Muster konservativ cVV;02.05.2026;0,0000759556;114,89;0,7285839606;686.523,89;0;0,02199000
Muster konservativ cVV;03.05.2026;0,0000759498;114,89;0,7287058868;686.638,78;0;0,02199000
Muster konservativ cVV;04.05.2026;-0,0032454915;-4.909,75;0,7235150454;681.729,03;-0,001282528;0,02200000
Muster konservativ cVV;05.05.2026;0,0018802782;2.835,24;0,7265438492;684.564,27;-0,000269102;0,02218000
Muster konservativ cVV;06.05.2026;0,0051590316;7.793,84;0,7348356289;692.358,10;0,004971248;0,02240000
Muster konservativ cVV;07.05.2026;0,0005134422;779,67;0,7356831455;693.137,77;0,000445538;0,02248000
Muster konservativ cVV;08.05.2026;-0,0007817941;-1.187,77;0,7344424394;691.950,00;-0,000718883;0,02234000
Muster konservativ cVV;09.05.2026;0,0000756784;114,89;0,7345643822;692.064,89;0;0,02234000
Muster konservativ cVV;10.05.2026;0,0000756726;114,89;0,7346863249;692.179,77;0;0,02234000
Muster konservativ cVV;11.05.2026;-0,0010784478;-1.637,44;0,7329682521;690.542,33;-0,002043557;0,02254000
Muster konservativ cVV;12.05.2026;-0,0031123540;-4.720,49;0,7279775201;685.821,84;-0,002392946;0,02252000
Muster konservativ cVV;13.05.2026;0,0008951721;1.353,48;0,7294340044;687.175,32;-0,000358648;0,02283000
Muster konservativ cVV;14.05.2026;0,0024889496;3.766,60;0,7334521464;690.941,92;0;0,02239000
Muster konservativ cVV;15.05.2026;-0,0060188806;-9.131,21;0,7237787778;681.810,70;-0,001101463;0,02232000
Muster konservativ cVV;16.05.2026;0,0000761872;114,89;0,7239007372;681.925,59;0;0,02232000
Muster konservativ cVV;17.05.2026;0,0000761814;114,89;0,7240226965;682.040,48;0;0,02232000
Muster konservativ cVV;18.05.2026;0,0007517322;1.133,76;0,7252459150;683.174,24;-0,000048821;0,02219000
Muster konservativ cVV;19.05.2026;-0,0020974661;-3.165,76;0,7219047715;680.008,47;-0,001115765;0,02201000
Muster konservativ cVV;20.05.2026;0,0038867599;5.854,09;0,7281392738;685.862,56;0,003681242;0,02181000
Muster konservativ cVV;21.05.2026;-0,0006533151;-987,82;0,7271102616;684.874,74;0,000104851;0,02195000
Muster konservativ cVV;22.05.2026;0,0023164460;3.500,21;0,7308461230;688.374,95;0,002491545;0,02204000
Muster konservativ cVV;23.05.2026;0,0000735506;111,39;0,7309643902;688.486,35;0;0,02204000
Muster konservativ cVV;24.05.2026;0,0000735452;111,39;0,7310826574;688.597,74;0;0,02204000
Muster konservativ cVV;25.05.2026;0,0037010804;5.606,21;0,7370547147;694.203,95;0;0,02204000
Muster konservativ cVV;26.05.2026;-0,0017859273;-2.715,25;0,7341917324;691.488,71;0,003111434;0,02190000
Muster konservativ cVV;27.05.2026;-0,0014291875;-2.168,99;0,7319085885;689.319,71;0,000228975;0,02229000
Muster konservativ cVV;28.05.2026;0,0016756527;2.539,41;0,7346247510;691.859,12;0,001162920;0,02231000
Muster konservativ cVV;29.05.2026;0,0030139155;4.575,16;0,7395026996;696.434,28;0,001133918;0,02268000
Muster konservativ cVV;30.05.2026;0,0000714761;108,83;0,7396182582;696.543,11;0;0,02268000
Muster konservativ cVV;31.05.2026;0,0000709819;108,08;0,7397330261;696.651,19;0;0,02268000
Muster konservativ cVV;01.06.2026;-0,0043400622;-6.609,06;0,7327350434;690.042,13;-0,003274265;0,02245000
Muster konservativ cVV;02.06.2026;0,0018051945;2.737,03;0,7356612759;692.779,15;0,001509409;0,02276000
Muster konservativ cVV;03.06.2026;-0,0029639793;-4.502,08;0,7309002488;688.277,07;-0,002229179;0,02299000
Muster konservativ cVV;04.06.2026;0,0010959020;1.659,67;0,7326824634;689.936,74;0,000577945;0,02311000
Muster konservativ cVV;05.06.2026;-0,0024797961;-3.759,59;0,7287095946;686.177,14;-0,000871820;0,02312000
Muster konservativ cVV;06.06.2026;0,0000761784;115,21;0,7288319425;686.292,35;0;0,02312000
Muster konservativ cVV;07.06.2026;0,0000761726;115,21;0,7289542904;686.407,56;0;0,02312000
Muster konservativ cVV;08.06.2026;-0,0009273766;-1.402,71;0,7274842431;685.004,84;-0,000920935;0,02351000
Muster konservativ cVV;09.06.2026;0,0000156217;23,61;0,7275289196;685.028,45;0,000673722;0,02373000
Muster konservativ cVV;10.06.2026;-0,0049935590;-7.546,17;0,7195339497;677.482,28;-0,000749350;0,02397000
Muster konservativ cVV;11.06.2026;0,0010367787;1.558,94;0,7212090699;679.041,22;0,001571234;0,02401000
Muster konservativ cVV;12.06.2026;0,0041872121;6.302,57;0,7279226125;685.343,78;0,001843866;0,02380000
Muster konservativ cVV;13.06.2026;0,0000762204;115,21;0,7280449769;685.458,99;0;0,02380000
Muster konservativ cVV;14.06.2026;0,0000762146;115,21;0,7281673413;685.574,20;0;0,02380000
Muster konservativ cVV;15.06.2026;0,0045287122;6.846,18;0,7354586420;692.420,37;0,002913543;0,02407000
Muster konservativ cVV;16.06.2026;-0,0000432993;-65,75;0,7354085791;692.354,62;0,000312046;0,02408000
Muster konservativ cVV;17.06.2026;-0,0001266132;-192,26;0,7352241241;692.162,36;-0,000113081;0,02417000
Muster konservativ cVV;18.06.2026;-0,0024561045;-3.729,14;0,7312826308;688.433,22;-0,000096496;0,02386000
Muster konservativ cVV;19.06.2026;-0,0031506237;-4.771,89;0,7262332345;683.661,32;-0,002359435;0,02330000
Muster konservativ cVV;20.06.2026;0,0000763863;115,33;0,7263557452;683.776,65;0;0,02330000
Muster konservativ cVV;21.06.2026;0,0000763805;115,33;0,7264782559;683.891,98;0;0,02330000
Muster konservativ cVV;22.06.2026;0,0026542782;4.008,08;0,7307555397;687.900,06;0,002080848;0,02313000
Muster konservativ cVV;23.06.2026;0,0004932054;746,74;0,7315684333;688.646,80;0,001442614;0,02324000
Muster konservativ cVV;24.06.2026;-0,0008742680;-1.324,34;0,7301811377;687.322,46;0,001714540;0,02303000
Muster konservativ cVV;25.06.2026;0,0006565281;993,64;0,7312563451;688.316,10;0,000467018;0,02293000
Muster konservativ cVV;26.06.2026;0,0011047431;1.673,10;0,7330534686;689.989,20;0,000735049;0,02291000
Muster konservativ cVV;27.06.2026;0,0000760675;115,33;0,7331759957;690.104,53;0;0,02291000
Muster konservativ cVV;28.06.2026;0,0000760617;115,33;0,7332985229;690.219,86;0;0,02291000
Muster konservativ cVV;29.06.2026;-0,0019215796;-2.913,83;0,7302223963;687.306,03;-0,000410468;0,02317000
Muster konservativ cVV;30.06.2026;0,0002970937;449,64;0,7307196818;687.755,67;-0,000041686;0,02324000
Muster konservativ cVV;01.07.2026;0,0013686158;2.071,96;0,7329406977;689.827,62;-0,000086643;0,02312000
Muster konservativ cVV;02.07.2026;0,0005062922;767,53;0,7337758321;690.595,15;-0,000100830;0,02335000
Muster konservativ cVV;03.07.2026;0,0000106773;16,19;0,7338126684;690.611,35;-0,001340658;0,02321000
Muster konservativ cVV;04.07.2026;0,0000672599;102,02;0,7339210676;690.713,37;0;0,02321000
Muster konservativ cVV;05.07.2026;0,0000672554;102,02;0,7340294668;690.815,38;0;0,02321000
Muster konservativ cVV;06.07.2026;0,0000419829;63,69;0,7341167665;690.879,07;0,000214668;0,02321000
Muster konservativ cVV;07.07.2026;-0,0015854056;-2.405,11;0,7315806882;688.473,96;-0,001983884;0,02313000
Muster konservativ cVV;08.07.2026;-0,0059182042;-8.963,87;0,7220748626;679.510,09;-0,004675903;0,02353000
Muster konservativ cVV;09.07.2026;0,0035992777;5.419,30;0,7278530662;684.929,39;0,001439380;0,02378000
Muster konservativ cVV;10.07.2026;0,0001592164;240,59;0,7281281695;685.169,98;0,000525433;0,02412000
Muster konservativ cVV;11.07.2026;0,0000764887;115,60;0,7282510163;685.285,58;0;0,02412000
Muster konservativ cVV;12.07.2026;0,0000764828;115,60;0,7283738631;685.401,17;0;0,02412000
Muster konservativ cVV;13.07.2026;-0,0036388980;-5.500,39;0,7225478934;679.900,78;-0,001700606;0,02431000
Muster konservativ cVV;14.07.2026;0,0002467635;371,64;0,7229621269;680.272,42;-0,000640898;0,02452000
Muster konservativ cVV;15.07.2026;-0,0007506718;-1.130,83;0,7217795756;679.141,59;-0,000295355;0,02490000
Muster konservativ cVV;16.07.2026;-0,0010497620;-1.580,20;0,7201193578;677.561,39;-0,000914493;0,02485000
Muster konservativ cVV;17.07.2026;-0,0001859269;-279,58;0,7198413925;677.281,81;0,000225072;0,02483000
Muster konservativ cVV;18.07.2026;0,0000768900;115,60;0,7199642557;677.397,41;0;0,02483000
Muster konservativ cVV;19.07.2026;0,0000768841;115,60;0,7200871189;677.513,01;0;0,02483000
Muster konservativ cVV;20.07.2026;-0,0004395132;-660,88;0,7194038657;676.852,13;-0,000618954;0,02493000
Muster konservativ cVV;21.07.2026;0,0008256520;1.240,96;0,7207420248;678.093,09;-0,000902557;0,02475000
Muster konservativ cVV;22.07.2026;0,0011475976;1.726,27;0,7225960942;679.819,35;-0,001026990;0,02456000
Muster konservativ cVV;23.07.2026;-0,0038966196;-5.868,20;0,7163776972;673.951,15;-0,001793861;0,02472000
Muster konservativ cVV;24.07.2026;0,0020914477;3.137,39;0,7197317251;677.088,54;0,001693413;0,02488000
Muster konservativ cVV;25.07.2026;0,0000768999;115,60;0,7198546046;677.204,14;0;0,02488000
Muster konservativ cVV;26.07.2026;0,0000768939;115,60;0,7199774841;677.319,74;0;0,02488000
Muster konservativ cVV;27.07.2026;0,0014803522;2.225,67;0,7223625225;679.545,41;0,002888285;0,02454000
Muster konservativ cVV;28.07.2026;0,0003529718;531,47;0,7229466824;680.076,88;0,000873569;0,02445000
Muster konservativ cVV;29.07.2026;-0,0027432209;-4.131,92;0,7185733786;675.944,96;-0,001819829;0,02459000
Muster konservativ cVV;30.07.2026;0,0022328633;3.353,98;0,7221580433;679.298,94;0,000013361;0,02472000
Muster konservativ cVV;31.07.2026;-0,0025613633;-3.856,01;0,7180777976;675.442,93;-0,000885774;0,02484000
Muster konservativ cVV;01.08.2026;0,0000769841;115,60;0,7182006934;675.558,53;0;0,02484000
Muster konservativ cVV;02.08.2026;0,0000769782;115,60;0,7183235892;675.674,13;0;0,02484000
Muster konservativ cVV;03.08.2026;0,0021997467;3.303,64;0,7218549019;678.977,77;0,002477702;0,02461000
Muster konservativ cVV;04.08.2026;0,0029435578;4.430,44;0,7265843821;683.408,20;0,001938212;0,02498000
Muster konservativ cVV;05.08.2026;0,0030918584;4.667,35;0,7315659887;688.075,55;0,000566542;0,02494000
Muster konservativ cVV;06.08.2026;-0,0007962477;-1.205,70;0,7303034241;686.869,85;-0,000665819;0,02477000
Muster konservativ cVV;07.08.2026;0,0024117146;3.648,98;0,7342025820;690.518,83;0,000011044;0,02474000
Muster konservativ cVV;08.08.2026;0,0000762189;115,60;0,7343254941;690.634,43;0;0,02474000
Muster konservativ cVV;09.08.2026;0,0000762131;115,60;0,7344484062;690.750,03;0;0,02474000
Muster konservativ cVV;10.08.2026;-0,0016368885;-2.483,00;0,7318276934;688.267,03;-0,001983981;0,02475000
Muster konservativ cVV;11.08.2026;0,0015546756;2.344,41;0,7343410032;690.611,44;0,000922007;0,02490000
Muster konservativ cVV;12.08.2026;0,0010889293;1.644,63;0,7361103336;692.256,07;0,000037405;0,02505000
Muster konservativ cVV;13.08.2026;-0,0002115866;-319,91;0,7357907025;691.936,16;0,001263309;0,02511000
Muster konservativ cVV;14.08.2026;-0,0013123006;-1.983,73;0,7337017251;689.952,43;-0,002053380;0,02508000
Muster konservativ cVV;15.08.2026;0,0000763357;115,24;0,7338242733;690.067,67;0;0,02508000
Muster konservativ cVV;16.08.2026;0,0000763299;115,24;0,7339468216;690.182,91;0;0,02508000
Muster konservativ cVV;17.08.2026;0,0004516497;681,94;0,7346925025;690.864,85;-0,000316573;0,02501000
Muster konservativ cVV;18.08.2026;-0,0028972747;-4.376,54;0,7300586820;686.488,31;-0,002239641;0,02500000
Muster konservativ cVV;19.08.2026;0,0016704357;2.516,00;0,7327547977;689.004,31;-0,000540935;0,02492000
Muster konservativ cVV;20.08.2026;0,0006876209;1.037,42;0,7338785439;690.041,73;0,000784798;0,02492000
Muster konservativ cVV;21.08.2026;0,0000763312;115,24;0,7340215525;690.156,97;0;0,02492000
